review_id,place_id,place_name,wilayah,kategori,rating,review_text,review_date,reviewer_name,reviewer_id,is_local_guide,likes_count,original_language,scraped_at
Ci9DQUlRQUNvZENodHljRjlvT21sRU1USktORUpWVUhsdFUwSkNlbWx5Um0xSWMyYxAB,ChIJtdD44Rwdby4RxKznQkcocCE,KEMARE.ID - Latte & Patisserie,cirebon,Wisata,5,Kwetiaunya mantap 🥰,2026-05-05T03:33:59.859Z,Meidyna Ayu,109075509151407645241,False,0,id,2026-05-05T05:37:00.022995
Ci9DQUlRQUNvZENodHljRjlvT25ZM2NVOVdlR3BCUlVrMWIybHVSRlJOYVUxallrRRAB,ChIJtdD44Rwdby4RxKznQkcocCE,KEMARE.ID - Latte & Patisserie,cirebon,Wisata,5,"Tempatnya nyaman dan makanannya enak, best 🥰",2026-05-05T02:57:29.635Z,Keluarga Prayogi,114081740218641362886,False,0,id,2026-05-05T05:37:00.023076
Ci9DQUlRQUNvZENodHljRjlvT2pWNE5FRlJTVzFHTVZsVE1XNTBlRTFwV0hWQ1JIYxAB,ChIJtdD44Rwdby4RxKznQkcocCE,KEMARE.ID - Latte & Patisserie,cirebon,Wisata,5,"Syahdu banget ini tempatnya, menunya variatif",2026-04-29T11:39:24.837Z,Rafly abdi Pamungkass,116265284062714136349,False,0,id,2026-05-05T05:37:00.023102
Ci9DQUlRQUNvZENodHljRjlvT2taelYwSnRlVWN4Vm1SWVFWUjRNWGQ1TTBwcVUxRRAB,ChIJtdD44Rwdby4RxKznQkcocCE,KEMARE.ID - Latte & Patisserie,cirebon,Wisata,5,"cozy tempatnya, enak makanan dan kopinya",2026-04-29T11:38:02.504Z,Tiara Nurbaity Sekar,101124858453636990267,False,0,id,2026-05-05T05:37:00.023124
Ci9DQUlRQUNvZENodHljRjlvT2pJeFNVaEJjVTE1YTJGNVprNU9aWGQwZVVWSmVGRRAB,ChIJtdD44Rwdby4RxKznQkcocCE,KEMARE.ID - Latte & Patisserie,cirebon,Wisata,5,Makanan mantap dan tempat nya nyaman,2026-04-29T10:13:27.262Z,Andek Burhanudin,114149505441580342456,False,0,id,2026-05-05T05:37:00.023141
Ci9DQUlRQUNvZENodHljRjlvT2tsR1EzZFdRbmxMZVd4M1IxZFFWM1UyTTNBM1VWRRAB,ChIJtdD44Rwdby4RxKznQkcocCE,KEMARE.ID - Latte & Patisserie,cirebon,Wisata,5,Tempatnya enak makanan recomended,2026-04-29T06:35:33.970Z,Qadrithari qasia,106741311966786634450,False,0,id,2026-05-05T05:37:00.023158
Ci9DQUlRQUNvZENodHljRjlvT2pKcE5FWXdWamh6VFd0SlowcDFjbFZYZUZoUWFsRRAB,ChIJtdD44Rwdby4RxKznQkcocCE,KEMARE.ID - Latte & Patisserie,cirebon,Wisata,5,The best tempatnya nyaman. Kopinya bikin nagih.,2026-04-28T10:41:32.467Z,Sofyan Mochamad,109969649934115751047,False,0,id,2026-05-05T05:37:00.023166
Ci9DQUlRQUNvZENodHljRjlvT20xRmFXNURkR2w2ZW5wUFNHUk9SMDloU2s0NFlsRRAB,ChIJtdD44Rwdby4RxKznQkcocCE,KEMARE.ID - Latte & Patisserie,cirebon,Wisata,5,Makanannya enak sekali,2026-04-27T08:57:08.544Z,Bella Dwi Lestari,118370986477647562948,False,0,id,2026-05-05T05:37:00.023175
Ci9DQUlRQUNvZENodHljRjlvT2xkaFFtVXlZa3BVYzJkb1VXYzJSMGhLVkdoaFozYxAB,ChIJtdD44Rwdby4RxKznQkcocCE,KEMARE.ID - Latte & Patisserie,cirebon,Wisata,5,enak banget tempatnya,2026-04-24T12:01:35.082Z,Robby Yahya,112279992923259582762,False,0,id,2026-05-05T05:37:00.023184
Ci9DQUlRQUNvZENodHljRjlvT2tsQ1pYRndWa3BDTmxVeU5HbzVhRjk0Vm1zNWRWRRAB,ChIJtdD44Rwdby4RxKznQkcocCE,KEMARE.ID - Latte & Patisserie,cirebon,Wisata,5,Nasi nya enak dan kopinya the best,2026-04-21T08:20:48.784Z,suly fatma,102999744675419623630,False,0,id,2026-05-05T05:37:00.023207
Ci9DQUlRQUNvZENodHljRjlvT25VelRsZERibUpVVWtsVU5ucElaMWRKYTI5VmFrRRAB,ChIJtdD44Rwdby4RxKznQkcocCE,KEMARE.ID - Latte & Patisserie,cirebon,Wisata,5,Nyaman buat wfc,2026-04-20T06:09:48.029Z,Nurdinsalamun,106539880670023653915,False,0,id,2026-05-05T05:37:00.023216
Ci9DQUlRQUNvZENodHljRjlvT2xGbVJVNVNiUzFtU0hwbmIyaDNVMkV4TURWdVRsRRAB,ChIJtdD44Rwdby4RxKznQkcocCE,KEMARE.ID - Latte & Patisserie,cirebon,Wisata,5,Enak semua makanannya,2026-04-17T13:45:17.677Z,Fathiyah Rizki,105853665281620668972,False,0,id,2026-05-05T05:37:00.023224
Ci9DQUlRQUNvZENodHljRjlvT2kxQ1RWZDVYM2xmY1hsTVVrczVkMEpLUkdVMlkwRRAB,ChIJtdD44Rwdby4RxKznQkcocCE,KEMARE.ID - Latte & Patisserie,cirebon,Wisata,5,TERIMAKASIH BANGET ESTEH,2026-04-14T04:45:23.862Z,Hafiyyan R,118223585541822432790,False,0,id,2026-05-05T05:37:00.023240
Ci9DQUlRQUNvZENodHljRjlvT21wWWR6ZFNja1JyVjFaVGRIVlRkbmRzZVhCTVRuYxAB,ChIJtdD44Rwdby4RxKznQkcocCE,KEMARE.ID - Latte & Patisserie,cirebon,Wisata,5,"Tempatnya nyaman,enak",2026-04-11T04:05:04.474Z,Intan Wibowo,111688804500200841583,False,0,id,2026-05-05T05:37:00.023249
Ci9DQUlRQUNvZENodHljRjlvT2xwWlJuTkRObGc1ZUY5MGQxUjJURWhhUjFoVGJYYxAB,ChIJT83JtT7jbi4R9YWZR8WbbRU,Ruang Teduh Coffee & Cheesecake,cirebon,Wisata,5,chesecake ditmpt sini enak banget best pelayanan jga ramah wajib kesini guyss:3,2026-05-03T10:25:57.444Z,riu sabe,101815887419473285027,False,0,id,2026-05-05T05:37:00.023257
Ci9DQUlRQUNvZENodHljRjlvT21SRmNHdGZiMEpLT0ZKRk1IZE5SelZoTm1kVFpYYxAB,ChIJT83JtT7jbi4R9YWZR8WbbRU,Ruang Teduh Coffee & Cheesecake,cirebon,Wisata,5,"dari dulu pengen kesini, tapi selalu ga sempet, kebetulan akhirnya sempet juga, lucu bgt disetiap sudut tempat nya, cocok sama namanya bener bener teduh bgt buat nongkrong disini",2026-04-15T19:00:56.069Z,Ilham Jaya,103175145341869448609,True,0,id,2026-05-05T05:37:00.023274
Ci9DQUlRQUNvZENodHljRjlvT25ac1FVRXljbWhIVUdwYU4yZGtXVzFXZVd4Vk5HYxAB,ChIJT83JtT7jbi4R9YWZR8WbbRU,Ruang Teduh Coffee & Cheesecake,cirebon,Wisata,5,"Americano sama cheesecake nya enak banget sihh, cuman sayang pas kesana lagi sepi",2026-04-15T12:35:41.070Z,Sri Alifia AY,108046716493810557334,True,0,id,2026-05-05T05:37:00.023283
Ci9DQUlRQUNvZENodHljRjlvT25ORmMyaFFZM0JVYldSdVkxRmZhVW95WmpSYVoxRRAB,ChIJT83JtT7jbi4R9YWZR8WbbRU,Ruang Teduh Coffee & Cheesecake,cirebon,Wisata,5,"Pertama kali kesini dan kesini pas libur lebaran, jadi penuh dan tukang parkirnya sudah info didepan, untungnya pas datang ada tamu yang baru keluar. Tempatnya tidak luas, ada indoor AC dan semi outdoor, ada musholla juga toilet. Pelayanannya oke. Pemesanan terpisah di depan dan langsung bayar, pesanan akan diantarkan. Dia ahlinya cheesecake dan banyak varian. Beli yang burnt cheese cake original dan blueberry, semuanya enak dan sangat cheesy. Untuk fries platter agak lama penyajian, dia ada 3 jenis kentang, dengan saus sambal dan saus keju (?). Untuk kopi susunya sendiri saya pesan kopi susu warga, cenderung creamy, tidak bisa atur kemanisan, tapi enak, sedikit strong. Semakin malam semakin sepi, dan memang agak berisik jadi kurang cocok buat WFC karena jarak antar meja berdekatan.",2026-03-25T06:27:20.198Z,Anggita Deska,106502328316704552761,True,0,id,2026-05-05T05:37:00.023326
Ci9DQUlRQUNvZENodHljRjlvT2tScldFRXlhMDU2T0RZMVRHODFXVXR3YldSU05XYxAB,ChIJT83JtT7jbi4R9YWZR8WbbRU,Ruang Teduh Coffee & Cheesecake,cirebon,Wisata,5,Best cheesecake in town!,2026-03-04T08:05:37.446Z,Izal Hamd,100367328006737034212,False,0,en,2026-05-05T05:37:00.023356
Ci9DQUlRQUNvZENodHljRjlvT2tSd1VUUjRSVjlEYkY5NVVGTnNRMVl5U0ROaWVXYxAB,ChIJT83JtT7jbi4R9YWZR8WbbRU,Ruang Teduh Coffee & Cheesecake,cirebon,Wisata,5,Bagus bangeut pelayanannya dan makanan nya top markotop 👍👍👍👍👍👍,2026-03-04T07:16:38.023Z,erna marno,111353012586473085020,False,0,id,2026-05-05T05:37:00.023365
Ci9DQUlRQUNvZENodHljRjlvT213NVlXRkVNa1kxTURNNVpqVjBVV1JtUjFOVWVrRRAB,ChIJT83JtT7jbi4R9YWZR8WbbRU,Ruang Teduh Coffee & Cheesecake,cirebon,Wisata,5,Nyaman harga murah,2026-02-19T04:56:16.385Z,Abdul Fatah,101878615559182947283,True,0,id,2026-05-05T05:37:00.023373
Ci9DQUlRQUNvZENodHljRjlvT21ZelFWSkJXakl5ZG1sWE5GTkpOa2xuY2tOSVJWRRAB,ChIJT83JtT7jbi4R9YWZR8WbbRU,Ruang Teduh Coffee & Cheesecake,cirebon,Wisata,5,Cheesecakenya enakk,2026-02-12T12:12:54.263Z,Naufal Agustina,101043827685196808241,False,0,id,2026-05-05T05:37:00.023396
Ci9DQUlRQUNvZENodHljRjlvT201dmJWWm1RVWxOU3pCbU4yNVJlVEJOYmpRM01uYxAB,ChIJT83JtT7jbi4R9YWZR8WbbRU,Ruang Teduh Coffee & Cheesecake,cirebon,Wisata,5,"Tempat, makanan, minuman semuanya worth it bangettttttt",2026-02-06T08:39:03.793Z,Yusni Indah Nugrahani,116314161832480302157,False,0,id,2026-05-05T05:37:00.023404
Ci9DQUlRQUNvZENodHljRjlvT2xaVk5rTjBNa0V3UlhkWVNESkxSWGxOY1VoRmFGRRAB,ChIJtdD44Rwdby4RxKznQkcocCE,KEMARE.ID - Latte & Patisserie,cirebon,Wisata,5,Small space but nyaman...,2026-04-07T06:22:36.304Z,Rie 64,109339779255999991804,True,0,id,2026-05-05T05:37:00.023433
Ci9DQUlRQUNvZENodHljRjlvT25Kc05GRkRTMWxHU2s5TWEwUjJZMVJXYkZoeVZuYxAB,ChIJtdD44Rwdby4RxKznQkcocCE,KEMARE.ID - Latte & Patisserie,cirebon,Wisata,5,tempatnya nyaman bgt,2026-04-07T05:35:04.720Z,salsacitra 998,103686533520643009731,False,0,id,2026-05-05T05:37:00.023441
Ci9DQUlRQUNvZENodHljRjlvT2twdVdFaFJkMlZoUjBjMFNEZFVjVXMwZWs1RWRWRRAB,ChIJtdD44Rwdby4RxKznQkcocCE,KEMARE.ID - Latte & Patisserie,cirebon,Wisata,5,"2x ke sini, katsu karinya enakkkk. Kopinya enakkkkkk and i love cheesecake. Tempatnya juga cantik",2026-04-06T05:04:30.282Z,NyuyorkSiti,110228706120270844676,True,0,id,2026-05-05T05:37:00.023452
Ci9DQUlRQUNvZENodHljRjlvT25FMWQwaGplbEJWTkVseE9GbDFaRzFFWjJWS2NWRRAB,ChIJtdD44Rwdby4RxKznQkcocCE,KEMARE.ID - Latte & Patisserie,cirebon,Wisata,5,"Nyaman tempat nya,makanan nya pun enak,butterscouth nya pun mantap 😍,ada photobox nya juga",2026-04-06T02:54:57.017Z,Faizal Hidayat,112760271322162085367,False,0,id,2026-05-05T05:37:00.023461
Ci9DQUlRQUNvZENodHljRjlvT25KVWRXRXdTVGxDU3pobWQxZzFhalUyVURjeGNtYxAB,ChIJtdD44Rwdby4RxKznQkcocCE,KEMARE.ID - Latte & Patisserie,cirebon,Wisata,5,Makanannya enakkkk,2026-04-04T13:27:48.900Z,Aszalia Deskaputri,102830994312877790606,False,0,id,2026-05-05T05:37:00.023470
Ci9DQUlRQUNvZENodHljRjlvT2xRMmF6ZFRXRFZxV2tORldtRnpVMVZqVmtkd09FRRAB,ChIJtdD44Rwdby4RxKznQkcocCE,KEMARE.ID - Latte & Patisserie,cirebon,Wisata,5,"kakaaknya baik, ramaah, dan makanannnya enaakkjj",2026-04-03T11:44:28.516Z,Kellyca K. Christian Angelina,103341972953200534807,False,0,ms,2026-05-05T05:37:00.023478
Ci9DQUlRQUNvZENodHljRjlvT2xadGRXeENWMk51Y0ZKRWNXTjFRMGN4ZFRNNFZrRRAB,ChIJtdD44Rwdby4RxKznQkcocCE,KEMARE.ID - Latte & Patisserie,cirebon,Wisata,5,Tempat nyaman. Harga murah. Cocok buat nongki2 cantik,2026-04-03T06:19:06.053Z,Devi Agustin,107916547678901273636,False,0,id,2026-05-05T05:37:00.023493
Ci9DQUlRQUNvZENodHljRjlvT2pKTFFrSnNWV2xGZGtVdFJUWmFWak5RVkVSWldGRRAB,ChIJtdD44Rwdby4RxKznQkcocCE,KEMARE.ID - Latte & Patisserie,cirebon,Wisata,5,"Bagus bgtt, pelayannnya ramah bgtttttt. Trus tadi dapet free foto booth juga😘😘😘",2026-04-01T13:15:21.199Z,Nndaslha 23,102375992296233714101,False,0,id,2026-05-05T05:37:00.023522
Ci9DQUlRQUNvZENodHljRjlvT2pWeGVHWk1XVzR4TFV3M2VGVklPVFpNUTBSSlkyYxAB,ChIJtdD44Rwdby4RxKznQkcocCE,KEMARE.ID - Latte & Patisserie,cirebon,Wisata,5,"enakk poulll kopinya mantapp, pelayanan baik ramahhh",2026-04-01T13:15:18.160Z,silmi frismaya,111201801736546012463,False,0,id,2026-05-05T05:37:00.023530
Ci9DQUlRQUNvZENodHljRjlvT2t3eVR6bDVVVWhIVDA5cFpHZzRXVUo1WTBSblQzYxAB,ChIJtdD44Rwdby4RxKznQkcocCE,KEMARE.ID - Latte & Patisserie,cirebon,Wisata,5,"ramah banget pelayanan nyaaa,, cozyy n nyaman banget enakk polll apalagi chiken sambal bawangnya",2026-04-01T11:49:06.106Z,Cinta Kirani,113861052172334764436,False,0,id,2026-05-05T05:37:00.023538
Ci9DQUlRQUNvZENodHljRjlvT205eFVsZHdibEJIUmxsalMzZHNjM0puUzBoR1MzYxAB,ChIJRWqkR1odby4RF5ujJnqWugc,Stone Hand Coffee,cirebon,Wisata,5,"Disini luas yaa untuk indoor dan outdoor nyaa, di lantai 1 ada studio foto sm tempat duduk semi outdoor rooftop yaaa, tersedia ruang meeting ya disini.
Untuk pelayanan hm okelahh..
Suasana cozy, cocok bgt buatt hangout bareng bestie
Parkiran luas.
Makanan, kita blm coba. Tp dr look pastry nya keknya enakk.
Minumannya uh enak bgtttt,ada macem2 coffee, non coffee sm soft drink.
Kalian bisa cobainyad, kesini cusss bareng orang tersayang kalian! Comfortable^^",2026-04-10T11:32:29.199Z,Suhati Siti,112472520457806138218,True,0,id,2026-05-05T05:37:00.023585
Ci9DQUlRQUNvZENodHljRjlvT2xwaGJFWkhjWFZ0YzJOTFRTMWhXRlZWUmpWUlZFRRAB,ChIJRWqkR1odby4RF5ujJnqWugc,Stone Hand Coffee,cirebon,Wisata,5,Salty breadnya enyakkkk....,2026-04-04T10:05:06.373Z,Mona Isabella Saragih,109282278796930873678,True,0,en,2026-05-05T05:37:00.023595
Ci9DQUlRQUNvZENodHljRjlvT2xsVk5HeHNRMjV1YUUxa09ETXpTREZYYW1OSU9WRRAB,ChIJRWqkR1odby4RF5ujJnqWugc,Stone Hand Coffee,cirebon,Wisata,5,"Cafe nya proper... cromboloni nya kurang enak, tp yg lainnya enak. Kopi nya juga enak.
Dua lantai.. bawah ada indoor dan outdoor. Diatas ada tempat poto box dan outdoor cafe.",2026-04-03T04:28:19.338Z,indria Pujia,115277422927571934813,True,0,id,2026-05-05T05:37:00.023605
Ci9DQUlRQUNvZENodHljRjlvT2sxTE16QjZaRGxCWlY5eVdVcHdSMkZzY1VKbVkyYxAB,ChIJRWqkR1odby4RF5ujJnqWugc,Stone Hand Coffee,cirebon,Wisata,5,"Tempat yg asik buat nongkrong,kopinya juga recomend",2026-04-01T03:47:05.925Z,Dessi Hepi,101162046701368375493,False,0,id,2026-05-05T05:37:00.023614
Ci9DQUlRQUNvZENodHljRjlvT25ocVUxZHhPVGhXWjB0dmJFMWZWblJJUmsxNFIyYxAB,ChIJRWqkR1odby4RF5ujJnqWugc,Stone Hand Coffee,cirebon,Wisata,5,"stone hand coffee jadi salah satu coffee shop yang lagi hype di cirebon, dan honestly… tempat ini punya paket lengkap: estetik, nyaman, dan surprisingly worth it

dari pertama masuk, vibenya langsung kerasa clean, modern, dan minimalis dengan dominasi warna putih yang bikin suasana keliatan bright dan calm hampir semua sudutnya instagramable

areanya cukup luas dengan pilihan indoor dan outdoor,  indoor cocok buat yang mau lebih fokus, sementara outdoornya enak banget buat santai—terutama sore menjelang malem

pilihan menunya variatif, dari kopi sampai non-coffee, bahkan makanan berat dan pastry juga lengkap, secara rasa, overall enak dan cukup konsisten, tapi beberapa menu ada yang sedikit miss di balance rasa

untuk harga masih tergolong affordable untuk ukuran cafe estetik

yang jadi higlight itu: banyak spot foto, cocok buat wfc, nongkrong atau quality time dan konsepnya yang self service jadi lebih cepet dan praktis",2026-03-31T05:46:52.581Z,Shifa Aulia Fadillah,107740739443140526921,True,0,id,2026-05-05T05:37:00.023622
Ci9DQUlRQUNvZENodHljRjlvT25aWmFuQlNOalZrWDNvdFYwa3paVkl4ZWxSMk5IYxAB,ChIJRWqkR1odby4RF5ujJnqWugc,Stone Hand Coffee,cirebon,Wisata,2,"Untuk pelayanan dan makanan cukup baik, yang bikin jelek di sini, bayak kucing, makan dan nongkrong gak nyaman kaya makan di kebun binatang, kebun biantang jg gk kya gini deh, untung tempatnya sepi jadi bisa pindah tempat setelah makan.",2026-03-26T12:57:28.735Z,uny umy,107764088969873044536,True,0,id,2026-05-05T05:37:00.023637
Ci9DQUlRQUNvZENodHljRjlvT2pWeU5HNUxkWFEwTUVvNVFrcHhia3gyY2xGT1JGRRAB,ChIJRWqkR1odby4RF5ujJnqWugc,Stone Hand Coffee,cirebon,Wisata,5,"Good place to go honestly, makanan nya juga enak tapi mungkin bisa dikurangi sedikit minyak nya karena berminyak sekali. Overall ok, cozy juga tempat nyaʕ⁠´⁠•⁠ ⁠ᴥ⁠•̥⁠`⁠ʔ",2026-03-24T17:39:51.168Z,Arsy,102848357961293848750,False,0,id,2026-05-05T05:37:00.023659
Ci9DQUlRQUNvZENodHljRjlvT2poQ2EyeG1VbFppTjJsb1lYTnBSakJpV0hWWWRYYxAB,ChIJRWqkR1odby4RF5ujJnqWugc,Stone Hand Coffee,cirebon,Wisata,2,"Order coffee susu
Tp yg datang lebih ke susu drpd kopinya.
And i have to pay 8k Rp for every added shoot.
Lol.",2026-03-23T14:38:52.761Z,Berkley Sitorus,115123228302362292365,False,0,id,2026-05-05T05:37:00.023667
Ci9DQUlRQUNvZENodHljRjlvT2xab1RIbHpaelJ1TmtaaFltc3dUbW93V2psdE5tYxAB,ChIJRWqkR1odby4RF5ujJnqWugc,Stone Hand Coffee,cirebon,Wisata,5,Nice place to chill,2026-03-20T07:21:42.166Z,Merry Cynthia,117550387794487107207,False,0,en,2026-05-05T05:37:00.023684
Ci9DQUlRQUNvZENodHljRjlvT2xSWGFFaFZSR3R6YW1KM2JsQjNjSEZOYUZJeFRWRRAB,ChIJRWqkR1odby4RF5ujJnqWugc,Stone Hand Coffee,cirebon,Wisata,5,"seru nongkrong di sini, apalagi pas malam minggu ada live music. suasananya nyaman, tempatnya estetik, dan cocok buat santai bareng teman ✨",2026-03-16T06:19:28.366Z,belaaprt,108387584828341242093,False,0,id,2026-05-05T05:37:00.023699
Ci9DQUlRQUNvZENodHljRjlvT2pKNlRFUkpUWGswYTJwbk5uY3pMVzVqYjNWMldGRRAB,ChIJRWqkR1odby4RF5ujJnqWugc,Stone Hand Coffee,cirebon,Wisata,5,"tempatnya nyaman, pelayanan nya best",2026-03-12T11:04:41.709Z,Shelia Pebianawati,105846318732956291807,False,0,id,2026-05-05T05:37:00.023707
Ci9DQUlRQUNvZENodHljRjlvT204MVJUWmFMV3cwVm5OSFpuVmlhbFkzY1VGemJYYxAB,ChIJRWqkR1odby4RF5ujJnqWugc,Stone Hand Coffee,cirebon,Wisata,4,"Untuk rasa makanannya kurang banget dengan harga yang cukup pricey, tidak ada live music juga",2026-03-10T05:57:51.408Z,ER Kusuma,100556892045705827304,True,0,id,2026-05-05T05:37:00.023740
Ci9DQUlRQUNvZENodHljRjlvT25sRlUzaHVkbFZoTm1GSUxYUjBZazR4T0VaTFVXYxAB,ChIJRWqkR1odby4RF5ujJnqWugc,Stone Hand Coffee,cirebon,Wisata,5,"Tempatnya enak, makanannya juga dan pelayannya ramah sekali",2026-03-10T01:58:21.052Z,Ramanda Reza Agung,104927528458109191643,True,0,id,2026-05-05T05:37:00.023748
Ci9DQUlRQUNvZENodHljRjlvT25jMmIyMW5TVmRrYVcwdFUxaFVZazVyT1VKbGFGRRAB,ChIJT83JtT7jbi4R9YWZR8WbbRU,Ruang Teduh Coffee & Cheesecake,cirebon,Wisata,5,Tempat peratama kali gw dapet fresh flower wlee🤪,2026-01-31T16:27:31.214Z,Siti Ainul,103487900642544144114,True,0,id,2026-05-05T05:37:00.023756
Ci9DQUlRQUNvZENodHljRjlvT205bk5HZG5Sa3RvVHpSRVRYcHdObDh3VlhoNmVWRRAB,ChIJT83JtT7jbi4R9YWZR8WbbRU,Ruang Teduh Coffee & Cheesecake,cirebon,Wisata,5,I enjoyed my black coffee and some other sweet cakes from this place.,2026-01-18T07:02:46.192Z,yahya karademir,100709810951980142917,True,0,en,2026-05-05T05:37:00.023765
Ci9DQUlRQUNvZENodHljRjlvT21kdlMzUmtSMFZFV0ROS2EwTmFXa2RUU3pGU05WRRAB,ChIJT83JtT7jbi4R9YWZR8WbbRU,Ruang Teduh Coffee & Cheesecake,cirebon,Wisata,5,Bisa di lihat lah dari ekspresinya se excited apaa nongkie disini 🤤,2026-01-14T10:18:37.504Z,Nikkita Dewi,116322842633188622081,True,0,id,2026-05-05T05:37:00.023782
Ci9DQUlRQUNvZENodHljRjlvT2xSVFprUk5MWFpNWWtOTVVFSlBUV1YyT0VoTE5XYxAB,ChIJT83JtT7jbi4R9YWZR8WbbRU,Ruang Teduh Coffee & Cheesecake,cirebon,Wisata,4,"Pesan cheese cake dan enak dengan harga yang cukup terjangkau. Suasana kafe sejuk. Banyak tanaman, cocok buat ngobrol santai.",2025-12-29T01:54:52.134Z,Anisa Martiana,110115203091159431840,True,0,id,2026-05-05T05:37:00.023799
Ci9DQUlRQUNvZENodHljRjlvT2tobFZrSmpVRnBQTVdad00xUkJkbEpqYkZORWVIYxAB,ChIJT83JtT7jbi4R9YWZR8WbbRU,Ruang Teduh Coffee & Cheesecake,cirebon,Wisata,5,"wow, cafenya enk bgt buat nugas! makanannya enak, coffenya enak! kita disini smpe 5 jammm mengerjakan tugas dan chilll👀🫵🏻",2025-12-27T18:13:16.282Z,Ichaa Maulida,105119052986419869515,True,0,id,2026-05-05T05:37:00.023807
Ci9DQUlRQUNvZENodHljRjlvT25wdFEzUm5PV2RoTlY4MmVuSkpjWFJwVkVsdVZYYxAB,ChIJT83JtT7jbi4R9YWZR8WbbRU,Ruang Teduh Coffee & Cheesecake,cirebon,Wisata,3,"gatau aturan dr tempatnya atau pelayanannya, ngasih surprise tp GJ kya ngasih psenan, kurg sreg aja maaf yaa, smg jdi masukan..",2025-12-23T14:21:29.003Z,Ika Nurariska,105372584973960704508,False,0,id,2026-05-05T05:37:00.023823
Ci9DQUlRQUNvZENodHljRjlvT25Oa2NuSXpZWEZwY0hKM05HZzRNa042VlZjMFRGRRAB,ChIJT83JtT7jbi4R9YWZR8WbbRU,Ruang Teduh Coffee & Cheesecake,cirebon,Wisata,5,Enak buat ngobrol,2025-12-22T08:17:58.778Z,Sophie Namira,112538592157764711443,True,0,id,2026-05-05T05:37:00.023838
Ci9DQUlRQUNvZENodHljRjlvT2tVMVNtRmxkbVZEUW05VFFVcHNhMjEyYjBVNWJHYxAB,ChIJT83JtT7jbi4R9YWZR8WbbRU,Ruang Teduh Coffee & Cheesecake,cirebon,Wisata,5,"Lokasi mudah ditemukan dipinggir jalan ada plang besar nama tempat usaha, area tempat parkir cukup untuk beberapa mobil dan motor, ada ruangan indoor dan juga outdoor, wastafel, toilet, baby chair, dan spot foto dengan desain yang menarik mata, menunya bervariatif dengan kualitas rasanya yang enak worthit dengan harganya, pelayanan ramah dan cepat, cocok untuk sendirian, duaan, ataupun banyakan bareng temen-temen atau keluarga, cocok juga untuk ngobrol santai ataupun sambil nugas, yukk mampirrr kesinii..",2025-12-21T07:11:44.576Z,Gilang Lazuardi Hibatullah,102961293722405352710,True,0,id,2026-05-05T05:37:00.023853
Ci9DQUlRQUNvZENodHljRjlvT2tKaGNqVktiMlJuUVMxdVYyTmxSekJxV0VkeFFVRRAB,ChIJT83JtT7jbi4R9YWZR8WbbRU,Ruang Teduh Coffee & Cheesecake,cirebon,Wisata,5,"Okke mantap sih di sini, dapet voucher diskon jadi pelanggan pertama pas jam buka",2025-12-17T04:55:53.164Z,Ilham Riyanto,114800342371686492233,True,0,id,2026-05-05T05:37:00.023863
Ci9DQUlRQUNvZENodHljRjlvT2xreVRFcFRVRFJUTjNCdVlVRXdWMnRUUXpWSmNrRRAB,ChIJT83JtT7jbi4R9YWZR8WbbRU,Ruang Teduh Coffee & Cheesecake,cirebon,Wisata,5,tempat yg nyaman untuk menikmati secangkir kopi,2025-12-14T17:17:45.007Z,Angga Saputra,107546181446494626742,True,0,id,2026-05-05T05:37:00.023871
Ci9DQUlRQUNvZENodHljRjlvT201UmJGRnhUMkZZVEV4Q2NWVk5kM0ZZV1hndGNIYxAB,ChIJT83JtT7jbi4R9YWZR8WbbRU,Ruang Teduh Coffee & Cheesecake,cirebon,Wisata,5,"Cookies and cheesecake-nya enak banget sampai bikin nagih. Tempatnya adem, cozy, cantik, dan elegan, perfect buat ngerayain momen simple tapi tetap classy.
Highly recommended! 🤍🌸✨",2025-12-01T08:10:28.544Z,tiara maharani,104741055710303818948,False,0,id,2026-05-05T05:37:00.023886
Ci9DQUlRQUNvZENodHljRjlvT2tkQ1VHcERUV1ZPVTB0NGFWTjVWamR5Ym1OVWEzYxAB,ChIJT83JtT7jbi4R9YWZR8WbbRU,Ruang Teduh Coffee & Cheesecake,cirebon,Wisata,4,"Coffee and Cheesecake di Cirebon

Ternyata Cirebon punya kafe spesialis cheesecake lho. Namanya Ruang Teduh Coffee & Cheesecake (rebranding Ruang Tengah) yang sekarang letaknya di Jalan Pembangunan, belakang Richeese Factory Cipto.

Kalau ke sini wajib pesan cheesecake-nya ya soalnya enak-enak. Aku paling suka Blueberry Cheesecake-nya karena perpaduan keju ketemu buah blueberry the best sih. Selain itu surprisingly kopinya juga enak, terutama si Orange Americano ini.

Tempatnya (yang gak sempat difoto) juga lumayan luas baik area indoor ataupun outdoor. Poin plusnya di sini ada toilet dan juga mushola.",2025-11-16T14:43:24.366Z,Aliyah El Wahid,110946772374459666869,True,0,id,2026-05-05T05:37:00.023909
Ci9DQUlRQUNvZENodHljRjlvT2pSRlZrTjJNemRuWVVkNk1XOTFiM0Z4VW5jd1lrRRAB,ChIJtdD44Rwdby4RxKznQkcocCE,KEMARE.ID - Latte & Patisserie,cirebon,Wisata,5,"Makanan enak, terutama tiramisunya",2026-03-29T13:40:47.017Z,amell matahari,113239977095409943398,False,0,id,2026-05-05T05:37:00.023917
Ci9DQUlRQUNvZENodHljRjlvT25aaGN6ZzROMHcyVGkxZlowaERRVUZ2TjFkZk1YYxAB,ChIJtdD44Rwdby4RxKznQkcocCE,KEMARE.ID - Latte & Patisserie,cirebon,Wisata,1,Pelayanan nya kurang,2026-03-29T13:19:11.571Z,naLog,103127033503433093655,False,0,id,2026-05-05T05:37:00.023925
Ci9DQUlRQUNvZENodHljRjlvT2xKM2NFODRVakJsYUhGNVZFWnJZamRDZFhaWGRsRRAB,ChIJtdD44Rwdby4RxKznQkcocCE,KEMARE.ID - Latte & Patisserie,cirebon,Wisata,4,"Point plus
1. Lahan parkir cukup luas 🚗🛵
2. Dekorasi nya aesthetic
3. Ada photobox (pembelian 100k ke atas bisa dapet voucher sekali bayar 2x foto)
4. Overall bersih tempatnya
5. Ada outdoor dan indoor
6. Makanan nya enakk🥐🍝
7. Staff nya GC oiii (SUKAKKK ❤️❤️)

Point minus
1. Agak expensive sikittt 🤏🏻🤏🏻
(Dah itu aja)",2026-03-28T01:51:56.386Z,Imaw,117590852851229048240,True,0,id,2026-05-05T05:37:00.023934
Ci9DQUlRQUNvZENodHljRjlvT2xSTFRYQTBTRFIxTkU5WlMyTXpaWFZDV1VwM1MzYxAB,ChIJtdD44Rwdby4RxKznQkcocCE,KEMARE.ID - Latte & Patisserie,cirebon,Wisata,5,"Good ambience, good food and good service",2026-03-23T09:18:57.240Z,Hehehe Hehehehe,102132759422629926371,False,0,en,2026-05-05T05:37:00.023955
Ci9DQUlRQUNvZENodHljRjlvT25WNmNuWTBjVkZxV0U1Wk0zRjFXVVppWDBKMVdIYxAB,ChIJtdD44Rwdby4RxKznQkcocCE,KEMARE.ID - Latte & Patisserie,cirebon,Wisata,5,Keren bangett love bgt nyaman banget,2026-03-23T08:40:41.840Z,Wanda Aulia,106885015394322752629,False,0,id,2026-05-05T05:37:00.023963
Ci9DQUlRQUNvZENodHljRjlvT2xSU1lteDFaM1kwT0Y5cU9WQnJUVFE0VmpCc1VuYxAB,ChIJtdD44Rwdby4RxKznQkcocCE,KEMARE.ID - Latte & Patisserie,cirebon,Wisata,5,"Pelayanan nya oke, makanan nya enak",2026-03-23T08:38:18.395Z,Devita Hadi,117249890554643718069,False,0,id,2026-05-05T05:37:00.023971
Ci9DQUlRQUNvZENodHljRjlvT2pNeFlXd3lOMlZxTTNSc2NHaHZaa1JGWWpaUGVFRRAB,ChIJtdD44Rwdby4RxKznQkcocCE,KEMARE.ID - Latte & Patisserie,cirebon,Wisata,5,"Enak banget, tempatnya nyaman",2026-03-23T08:38:06.204Z,hoa cirebon,114954042983500013858,False,0,id,2026-05-05T05:37:00.023981
Ci9DQUlRQUNvZENodHljRjlvT2tVMmR6SkNlRTlCVjJ0UVUyNVdVR2hzUmpWTllVRRAB,ChIJRWqkR1odby4RF5ujJnqWugc,Stone Hand Coffee,cirebon,Wisata,4,"Kopi enak, layanan ramah, tempat bagus, aesthetic, tapi suara music terlalu besar, tidak cocok utk tempat mengobrol santai",2026-03-08T10:43:39.074Z,annisa yudistirani,110563426366271184540,True,0,id,2026-05-05T05:37:00.024014
Ci9DQUlRQUNvZENodHljRjlvT2xVNVdsbFpTamcwUTBoNmQzRjZSMmgxTWxNNVdWRRAB,ChIJRWqkR1odby4RF5ujJnqWugc,Stone Hand Coffee,cirebon,Wisata,5,"tempatnya nyamann banget plisss jadi pw, makanannya juga enak bgt apalagi chilli oil noodle nyaaa🤩",2026-03-02T08:04:57.341Z,Sri Wahyuni,117770953706206698663,False,0,id,2026-05-05T05:37:00.024022
Ci9DQUlRQUNvZENodHljRjlvT21abU4ybFJWMGREUWxZelozQm5WWHBpVjFZdFJWRRAB,ChIJRWqkR1odby4RF5ujJnqWugc,Stone Hand Coffee,cirebon,Wisata,5,"Tempat nya cocok ngopi"" santai. Apalagi di suasana malam",2026-03-01T13:18:56.442Z,Rini Toamah Gusrini (neng),102436081445173614228,False,0,id,2026-05-05T05:37:00.024031
ChdDSUhNMG9nS0VJQ0FnSURIbGRPRXNnRRAB,ChIJRWqkR1odby4RF5ujJnqWugc,Stone Hand Coffee,cirebon,Wisata,5,"Cozy sih tempatnya. Pw parah, cuma berhubung dtg pas lg fomo2nya jd rame bgt. Kayanya kalo siang2 wfc disini comfort bgt deh",2026-02-25T16:13:14.068Z,Femi Tiara Febriani,108816751970223068264,True,0,id,2026-05-05T05:37:00.024038
Ci9DQUlRQUNvZENodHljRjlvT25ndFRVeDJlSEZ0T0RKMlMwOXFTSFZIUlhaTmJFRRAB,ChIJRWqkR1odby4RF5ujJnqWugc,Stone Hand Coffee,cirebon,Wisata,4,Area outdoor sayang banyak kucing jd kurang nyaman,2026-02-14T09:59:31.443Z,Barudak Baong,113724496039818031074,True,0,id,2026-05-05T05:37:00.024047
Ci9DQUlRQUNvZENodHljRjlvT25OSE9YUmZRWFp6YXpkTmJWZHNhbXh6WDA1dGRsRRAB,ChIJRWqkR1odby4RF5ujJnqWugc,Stone Hand Coffee,cirebon,Wisata,5,"Best places to go di Cirebon, especially their bake n pastry product was so good, i'd like to recommends this cafe to my friends/family, also i'd like to repeat order their ""Saltbread"" and ""Doughnut"" and the best thing on this cafe are ""Pet Friendly"" so you can bring your owns pet to enjoy the momments together^_^",2026-02-09T09:58:38.137Z,Abvellynnxz,110182664738332301389,True,0,en,2026-05-05T05:37:00.024055
Ci9DQUlRQUNvZENodHljRjlvT2xwWlFUbHFkalF6UzBSaVRsbDNlbkZQY0d0QmMzYxAB,ChIJRWqkR1odby4RF5ujJnqWugc,Stone Hand Coffee,cirebon,Wisata,5,Tempat nya nyaman..,2026-02-08T03:54:57.699Z,3B - 028 - Ayudha Putra Perdana,107588044136243906795,False,0,id,2026-05-05T05:37:00.024076
Ci9DQUlRQUNvZENodHljRjlvT2xoRGNHOTZOMEkxTkdoZk9USkdVWE5ZVTA1MVZXYxAB,ChIJRWqkR1odby4RF5ujJnqWugc,Stone Hand Coffee,cirebon,Wisata,5,"stone hand bener bener coffee shop paling cakepp bangettt di cirebon, from opening till now suka kesinii, tempatnya cozy aesthetic bangett, tema nya full white gitu sukakkk cantik buat foto fotoo!! nyaman banget buat nongkrong lama, pelayanannya juga top dari barista sampai managernya ramah dan super helpful. overall good, highly recommended! 💌",2026-02-06T15:07:03.175Z,Khoirotunnisa,117253375172097825335,False,0,id,2026-05-05T05:37:00.024085
Ci9DQUlRQUNvZENodHljRjlvT2xKcVdsOXRaV3B5TkRCaGRWWnlkMjR0VERKSFRIYxAB,ChIJRWqkR1odby4RF5ujJnqWugc,Stone Hand Coffee,cirebon,Wisata,5,tempatnya enakan banget 💕💕💕,2026-02-05T13:58:15.385Z,Noviyanti Kosasih,113161993526245783005,False,0,id,2026-05-05T05:37:00.024114
Ci9DQUlRQUNvZENodHljRjlvT2kxdVMzQlZUMGRDZEZOWWQxTnhhWGgzUlZvMlVrRRAB,ChIJRWqkR1odby4RF5ujJnqWugc,Stone Hand Coffee,cirebon,Wisata,5,"Rekomen untuk nyoree, pelayanan ramah, menu kopi beragam dan spot foto yang ciamikss!",2026-02-05T13:29:35.359Z,Arif Adji,105113376324975732730,False,0,id,2026-05-05T05:37:00.024131
Ci9DQUlRQUNvZENodHljRjlvT2xOWlRrUmZTbTE2U0dwUldFTmlNV2QxZEd4cGFGRRAB,ChIJRWqkR1odby4RF5ujJnqWugc,Stone Hand Coffee,cirebon,Wisata,5,"IS THE BEST CAFENYA,  NYAMAN JUGA",2026-02-04T09:58:06.607Z,Sendal Hilang,100850397656993387319,False,0,id,2026-05-05T05:37:00.024146
Ci9DQUlRQUNvZENodHljRjlvT210UU0zRnBjbWhXTUVSRFpWbGZVRnBoTTFkbVNtYxAB,ChIJRWqkR1odby4RF5ujJnqWugc,Stone Hand Coffee,cirebon,Wisata,5,Cocok untuk gibah,2026-02-04T09:07:27.580Z,Rizki Ovani,107933404701049142793,False,0,id,2026-05-05T05:37:00.024154
Ci9DQUlRQUNvZENodHljRjlvT25Fd01VYzNaR2RNV0d4RFYyTnRiVXhvZFRNMVgxRRAB,ChIJRWqkR1odby4RF5ujJnqWugc,Stone Hand Coffee,cirebon,Wisata,5,Nyaman untuk gibahh,2026-02-04T09:06:19.838Z,Dwi Rahma Noviana,117367556757651409176,False,0,id,2026-05-05T05:37:00.024163
Ci9DQUlRQUNvZENodHljRjlvT2s1SVVVdzVOVlJXUm5CcFVsOUxZM05sUkU1eldFRRAB,ChIJT83JtT7jbi4R9YWZR8WbbRU,Ruang Teduh Coffee & Cheesecake,cirebon,Wisata,4,Suasana cafenya enak hommy.. Brulee Cheesecake yg plg enak dr aneka cheesecake yg dipesan. Utk nasgor sm chicken salad nya jg enak cuma krg dressing nya. Spaghetti oglio tuna kyy enak Karna anak2 habis mknnya. Tropical fruit jg enak creamy seger 👍👍👍,2025-11-15T16:23:12.345Z,Praditha Nindya Chandra,114039389455708387588,False,1,id,2026-05-05T05:37:00.024179
Ci9DQUlRQUNvZENodHljRjlvT25JM05YTlRVMmRSVnpVNWNtbDJjMVo0YkZoM1MwRRAB,ChIJT83JtT7jbi4R9YWZR8WbbRU,Ruang Teduh Coffee & Cheesecake,cirebon,Wisata,5,"Enakk kakak pelayanan nya ramah,enak jugaaaa",2025-11-11T20:42:00.481Z,mutia lubna,100169028082222168650,False,0,id,2026-05-05T05:37:00.024187
Ci9DQUlRQUNvZENodHljRjlvT2poSVJUUnFNSFV5VURKNVVtVnViR1pzVkhaMlZsRRAB,ChIJT83JtT7jbi4R9YWZR8WbbRU,Ruang Teduh Coffee & Cheesecake,cirebon,Wisata,5,Excellent coffee and cake/food and such a friendly and happy staff....love this place!,2025-11-02T07:30:46.312Z,Bruce,105388580518797812493,True,0,en,2026-05-05T05:37:00.024202
Ci9DQUlRQUNvZENodHljRjlvT2tkeFFXTmFPRlJTVjBvd1dVZGtjVGw0U1U4MlJsRRAB,ChIJT83JtT7jbi4R9YWZR8WbbRU,Ruang Teduh Coffee & Cheesecake,cirebon,Wisata,5,"tempatnya estetik parahhh, pelayanannya juga bagusss bgttt mknannya juga enakk bgt buat nugas buat metime buat nongki enak bgtt wktu itu aku smbil nugas jga enak nyaman tenang",2025-10-30T14:20:55.624Z,bisnis affiliate,112835350861216589584,False,0,id,2026-05-05T05:37:00.024210
Ci9DQUlRQUNvZENodHljRjlvT21WQ2VUbFRVMmhhWjNCaGRrWTBXazl2ZG1VMFIwRRAB,ChIJT83JtT7jbi4R9YWZR8WbbRU,Ruang Teduh Coffee & Cheesecake,cirebon,Wisata,5,Anak muda banget,2025-10-29T19:40:57.072Z,Karim Pamela,101135268508103131706,True,0,id,2026-05-05T05:37:00.024218
Ci9DQUlRQUNvZENodHljRjlvT2xJNWExbHRjWGcxTTFkS1VqVklWR3RKYXpaTExXYxAB,ChIJT83JtT7jbi4R9YWZR8WbbRU,Ruang Teduh Coffee & Cheesecake,cirebon,Wisata,5,"Tempat kopi ini punya vibe yang enak dan cocok buat istirahat setelah kerja. Ruang teduh ada tempat parkir untuk mobil dan motor. Tempat kopinya ada dua bagian indoor dan outdoor. Bagian indoor enak sekali karena ada ac dingin. Kemarin saya mencoba minum kopi disini dan enak kopinya. Pas saya kesana, tempatnya lumayan rame tapi antriannya lumayan cepat karena pelayanannya sigap. Waktu menunggu kopi datang juga lumayan cepat. Satu Harga kopi disini lumayan terjangkau (kisaran 25-30an rb).",2025-09-21T11:44:34.366Z,ZatSoul,102472535435752374810,True,0,id,2026-05-05T05:37:00.024232
Ci9DQUlRQUNvZENodHljRjlvT25BMk5XVktUalprWlV4eVdIZHFVMkZNTjJObFJXYxAB,ChIJT83JtT7jbi4R9YWZR8WbbRU,Ruang Teduh Coffee & Cheesecake,cirebon,Wisata,5,"Pertama nyoba ke Ruang Teduh
Ga nyesel
Kopinya mantap...cheese cakenya jg jos...
Bakal balik lagi sih",2025-09-14T08:18:38.102Z,Septian Vr,101232464716096320778,True,0,id,2026-05-05T05:37:00.024250
Ci9DQUlRQUNvZENodHljRjlvT2xkVlJVVjNOR0l5Tms5cFdrOU5WRGhOZUcxVmMwRRAB,ChIJT83JtT7jbi4R9YWZR8WbbRU,Ruang Teduh Coffee & Cheesecake,cirebon,Wisata,5,Beverage dan dessert nya worth it,2025-08-31T02:32:17.678Z,Firda Aura,104756255121827870557,False,0,id,2026-05-05T05:37:00.024266
Ci9DQUlRQUNvZENodHljRjlvT205b2JWUjBRVEpJWkhwa1FUQXlWalZMVDNkeVFrRRAB,ChIJRWqkR1odby4RF5ujJnqWugc,Stone Hand Coffee,cirebon,Wisata,5,makanan dan kopinya enakk,2026-02-04T07:35:47.401Z,Devia Auliani,109219759629457833809,False,0,id,2026-05-05T05:37:00.024287
Ci9DQUlRQUNvZENodHljRjlvT2w5WFJsOXhOalYzVnkxU1FsUkNlRWwxTkRGUlYwRRAB,ChIJRWqkR1odby4RF5ujJnqWugc,Stone Hand Coffee,cirebon,Wisata,5,"Tempatnya nyaman banget, vibesnya tenang dan cozy. Kopinya enak, kerasa kualitasnya, dan pelayanannya ramah. Cocok buat nongkrong lama atau kerja santai. Pasti bakal balik lagi ☕🤍",2026-02-04T06:53:20.455Z,Amelia,117090963039044840025,False,0,id,2026-05-05T05:37:00.024296
Ci9DQUlRQUNvZENodHljRjlvT2xOeU1sUjROMlp5VEdsNk5FTnRUa3RzTlZoc2FuYxAB,ChIJRWqkR1odby4RF5ujJnqWugc,Stone Hand Coffee,cirebon,Wisata,5,"Tempat favorit untuk ngopi karena cozy banget apalagi outdoor atas anginnya semeriwinggg, kopinya creamy enak banget, bestttt",2026-02-04T06:33:24.417Z,Vivinia Rizka,103988889960692563151,False,0,id,2026-05-05T05:37:00.024312
Ci9DQUlRQUNvZENodHljRjlvT2xsVlRVWm1aVTlGTjBscVdESlFkVUl0WkVGcVkwRRAB,ChIJRWqkR1odby4RF5ujJnqWugc,Stone Hand Coffee,cirebon,Wisata,5,"Tempatnya nyaman, staf ramah, kopinya enak🤏🏻",2026-02-04T06:32:23.802Z,Naida Fatwa,110375620559249357023,False,0,id,2026-05-05T05:37:00.024320
Ci9DQUlRQUNvZENodHljRjlvT210V1VVdElOV2RrTkhrMlVYcEpSR2c1VG5CdExYYxAB,ChIJRWqkR1odby4RF5ujJnqWugc,Stone Hand Coffee,cirebon,Wisata,5,Tempatnya sangat cocok untuk nongkrong bareng teman atau ngopi sendirian juga nyaman. Kopinya ada espresso base n filter coffee juga ada.,2026-02-04T03:35:12.596Z,reza said,110617323024625346404,True,0,id,2026-05-05T05:37:00.024329
Ci9DQUlRQUNvZENodHljRjlvT2xSWmNuUTVjamMyWDNWblREVk5ablpsVUZSTWNFRRAB,ChIJRWqkR1odby4RF5ujJnqWugc,Stone Hand Coffee,cirebon,Wisata,5,"Tiramisu nya enak, the real tiramisu yang bukan rasa coffee gitu. pelayanannya ramah, self service, cuma makananya menurut aku agak kurang. Tempatnya cozy",2026-02-03T17:14:05.508Z,Noviati Farissa,109461531916970187013,False,0,id,2026-05-05T05:37:00.024338
Ci9DQUlRQUNvZENodHljRjlvT2toUFFXcGpaa3RwZDI1eWRXNVpUVWhEVjBJMlQwRRAB,ChIJRWqkR1odby4RF5ujJnqWugc,Stone Hand Coffee,cirebon,Wisata,5,Nice coffee store with a pleasant interior design,2026-02-01T11:20:11.182Z,Embun juni,101855365304172860424,True,0,en,2026-05-05T05:37:00.024346
Ci9DQUlRQUNvZENodHljRjlvT2trelRFNURObXRJVDNkcmJHUnhPRGRyVjFkUVozYxAB,ChIJRWqkR1odby4RF5ujJnqWugc,Stone Hand Coffee,cirebon,Wisata,5,"Kaget, ternyata gemas banget tempatnya. Makanannya juga enak. Cranberry sama chocolate sourdoughnya enak banget!!!!!",2026-01-30T08:14:33.515Z,Khairina Izzati,113617545347111136258,False,0,id,2026-05-05T05:37:00.024355
Ci9DQUlRQUNvZENodHljRjlvT21oWmVHMWpabDk2VkhSQ04yZE5Va0pET1Vwak5uYxAB,ChIJRWqkR1odby4RF5ujJnqWugc,Stone Hand Coffee,cirebon,Wisata,1,"Sebagai brand besar, pengalaman di sini cukup mengecewakan di jam malam.

Datang sekitar pukul 20.10 dengan informasi cafe tutup pukul 23.00. Pada Saat jam 21.40 kami masih minum di tempat dan bahkan melakukan tambahan order untuk take away. Namun di jam 22.00 tanpa penjelasan apa pun, suasana dibuat tidak nyaman: musik diganti lagu anak-anak dan dangdut dengan volume sangat keras dan staf mulai mengepel di depan meja pengunjung yang masih ada.

Cara seperti ini terkesan passive aggressive cues dan tidak mencerminkan standar pelayanan brand besar. Jika memang ada kebijakan last dine-in lebih awal, seharusnya disampaikan secara jelas dan sopan, bukan lewat “kode” yang membuat tamu merasa tidak diinginkan.

Jam operasional seharusnya memberi rasa aman dan nyaman bagi pengunjung, bukan sebaliknya. Kami pengunjung juga punya kesadaran untuk tidak tetap tinggal tepat atau melebihi jam operasional. Tapi ketika kami merasa di usir pada jam yg masih di jam operasional, cukup mengecewakan.",2026-01-23T18:01:00.055Z,Devi K,115744566431060150152,False,0,id,2026-05-05T05:37:00.024372
Ci9DQUlRQUNvZENodHljRjlvT2sxR2RXVXRTMkpGUVc5QlVVTTRPRmhCWjA5eU5VRRAB,ChIJvWH_SsHjbi4RY44HVBAmSJM,Kopi Nako Cirebon,cirebon,Wisata,5,The Best in Town,2026-05-04T11:47:51.542Z,Darmawan Android,106452281152846325596,True,0,en,2026-05-05T05:37:00.024388
Ci9DQUlRQUNvZENodHljRjlvT2tScVMxTnlXalpMTVhkU2FVOTRNR3hoYWpBNFJHYxAB,ChIJvWH_SsHjbi4RY44HVBAmSJM,Kopi Nako Cirebon,cirebon,Wisata,5,Recommended for group,2026-05-02T11:47:39.619Z,deruahh,113877302084884332898,True,0,en,2026-05-05T05:37:00.024398
Ci9DQUlRQUNvZENodHljRjlvT210Q1duUnNXbWhPYVhOdFkwWlRia2RoYTJoak1WRRAB,ChIJvWH_SsHjbi4RY44HVBAmSJM,Kopi Nako Cirebon,cirebon,Wisata,5,Nyamuknya aja yg ganggu,2026-04-28T16:06:19.221Z,Azmi,112439638705603362850,True,0,id,2026-05-05T05:37:00.024420
Ci9DQUlRQUNvZENodHljRjlvT2xvMWIyUjVTRUZIZGtFMWVUaGFPVEpFUVd0MVEyYxAB,ChIJvWH_SsHjbi4RY44HVBAmSJM,Kopi Nako Cirebon,cirebon,Wisata,4,Tempat cozzy cocoknya sore hari kesini... Mie jawanya enak,2026-04-23T01:53:42.109Z,halumma fadhilah,114432255165179231584,True,0,id,2026-05-05T05:37:00.024428
Ci9DQUlRQUNvZENodHljRjlvT2psUFoyOUVYelZuVW5OR1dEaG1SVkZaT1UxQ2FsRRAB,ChIJvWH_SsHjbi4RY44HVBAmSJM,Kopi Nako Cirebon,cirebon,Wisata,4,tempat untuk memesan makanan / minuman terlalu kecil,2026-04-18T13:00:54.578Z,ahli renang5,109779180981176801541,False,0,id,2026-05-05T05:37:00.024437
Ci9DQUlRQUNvZENodHljRjlvT2xKWk0xWkVXakkxYUZsNmJDMVJSM3BZVGxGWFZsRRAB,ChIJvWH_SsHjbi4RY44HVBAmSJM,Kopi Nako Cirebon,cirebon,Wisata,5,Tempat nongkrong yang wort it ..,2026-04-07T06:11:07.757Z,YUDIONO,116349828082082016883,True,0,id,2026-05-05T05:37:00.024445
Ci9DQUlRQUNvZENodHljRjlvT2pGYWRIWmtTbFoxYlZaa04ybHdjREZ1UVVOTGFVRRAB,ChIJvWH_SsHjbi4RY44HVBAmSJM,Kopi Nako Cirebon,cirebon,Wisata,5,Lebih cocok untuk anak muda,2026-03-25T00:50:02.765Z,Deni Juhana,101170823271652625019,True,0,id,2026-05-05T05:37:00.024466
Ci9DQUlRQUNvZENodHljRjlvT2xwM2RUVm9UVjg0YzBkcE1FRmFhRmRsYlZCR2RGRRAB,ChIJvWH_SsHjbi4RY44HVBAmSJM,Kopi Nako Cirebon,cirebon,Wisata,5,"enak beut dah tempatnya buat nongkrong, kopinya juga enak, ada indoor dan outdoor, harganya pun terbilang murah.",2026-03-24T06:50:41.489Z,Muhammad Bimo Winarno,105042954509157745577,True,0,id,2026-05-05T05:37:00.024474
Ci9DQUlRQUNvZENodHljRjlvT2taelZHY3dlakZKYTE5dU4wRTJTRkJ1VFdwWlJIYxAB,ChIJvWH_SsHjbi4RY44HVBAmSJM,Kopi Nako Cirebon,cirebon,Wisata,3,"Disini suasana nya enak, karna aku pecinta nako kebetulan dari Bogor .. pas liburan aku kesini, today ini yg ke 2 .. pelayanannya agak kaget beda bgt sama yg di Bogor,bsd,Pamulang .. disini agak judes pas nanya bisa nambah bangku ngga wkwkwk gapapa lah ya, mas kalo bisa lebih ramah lagi biar pengunjung nyaman ngopi disini huhh",2026-03-22T12:53:38.831Z,Citra Cindrut,102087088754964468116,True,0,id,2026-05-05T05:37:00.024491
Ci9DQUlRQUNvZENodHljRjlvT2tabFpuTldabXBQWW1WYVNsUjZlWEZwTWtwbVlXYxAB,ChIJvWH_SsHjbi4RY44HVBAmSJM,Kopi Nako Cirebon,cirebon,Wisata,3,"NAKO?!!! kok bisa sihhh ada tikus di lantai 2 indoor 😭😭😭😭😭😭😭😭😭😭disturbing bgt lagi enak2 nongkrongggg… kaget tau..!.?:)2)2?:/)/).:$ padahal kopinya enak & murah, aaaaaa pls jaga kebersihan 😭😭😭😭😭😭😭😭😭😭😭😭",2026-03-18T16:31:49.602Z,Rayna Khanza,104790565748660425699,True,0,id,2026-05-05T05:37:00.024499
Ci9DQUlRQUNvZENodHljRjlvT25GUVpYRlljVVIyUm1GSVQyY3dXa0Z5TTNsTVVVRRAB,ChIJvWH_SsHjbi4RY44HVBAmSJM,Kopi Nako Cirebon,cirebon,Wisata,3,"MINTA TIKETING PARKIR DEH, berasa dipalak gue kl kesana, tempatnya si oke buat nongkrong, ditegor tukang parkir ktnya dia juga hrs setoran, lah lahan siapa gue tanya? kl emg gt sediain bayar parkir pake etoll atoga qris",2026-03-14T21:49:52.411Z,claudea xelyne saphira,115636286448377869309,False,0,id,2026-05-05T05:37:00.024507
Ci9DQUlRQUNvZENodHljRjlvT2pGUGNTMTNUQzFOWjNwU2MxSmxXVVkzVnpneGQwRRAB,ChIJvWH_SsHjbi4RY44HVBAmSJM,Kopi Nako Cirebon,cirebon,Wisata,5,Selalu bikin nagih menuny makin banyak plus uenakkkkk..,2026-02-17T11:34:16.710Z,Nurul Azminah,103151181747977849358,False,0,id,2026-05-05T05:37:00.024529
Ci9DQUlRQUNvZENodHljRjlvT204eGJUY3hjRTkyVkZsSWRtcGZXRm93TUZKYU9IYxAB,ChIJvWH_SsHjbi4RY44HVBAmSJM,Kopi Nako Cirebon,cirebon,Wisata,5,"Tempatnya nyaman, rekomend buat yg pengen nyantai dengan kopinya yg sobat banget harganya",2026-02-15T08:57:10.497Z,Menik Trisnawati,109940730871537345584,False,0,id,2026-05-05T05:37:00.024537
Ci9DQUlRQUNvZENodHljRjlvT2xoQmFrOVpibUZFWVVKNFZ6VXhjV1JDUWkxQ04xRRAB,ChIJtaSaVBbibi4RD7I7kr9S2xg,Kopi Manao,cirebon,Wisata,5,"kopi susu kita nya bikin terngiang ngiang, enak bgt, barista nya so far ramah, udah jadi rumah kedua, kalo bingung mau kemana, pasti selalu opsi utama nya kesini hehehe",2026-04-15T18:51:18.457Z,Ilham Jaya,103175145341869448609,True,0,id,2026-05-05T05:37:00.024563
Ci9DQUlRQUNvZENodHljRjlvT213d1RtRm9NemhLWkhCRmVraFNkSGx3VFVGQ2RFRRAB,ChIJtaSaVBbibi4RD7I7kr9S2xg,Kopi Manao,cirebon,Wisata,5,Mirip2 lah tastenya sama kopi tuku dan kopi makmur jaya 😁,2026-04-13T10:40:42.052Z,Fitri Yuliati,107839991829464067895,True,0,id,2026-05-05T05:37:00.024571
Ci9DQUlRQUNvZENodHljRjlvT2xkdmNucEVUMFpsWW1wTmVHSjRWMUJQZG1wcFNFRRAB,ChIJtaSaVBbibi4RD7I7kr9S2xg,Kopi Manao,cirebon,Wisata,5,Best kopsu kita,2026-03-28T07:02:48.807Z,Rizki Setyo,118347365879043214499,False,0,et,2026-05-05T05:37:00.024586
Ci9DQUlRQUNvZENodHljRjlvT25OMVZUaFVUMUJqYUU1S1RHdGxjamczTFc0MU5uYxAB,ChIJtaSaVBbibi4RD7I7kr9S2xg,Kopi Manao,cirebon,Wisata,5,Baru kesini lg setelah lama merantau 👌👌👌,2026-03-17T17:16:27.844Z,Devadika Muhammad,100492292217304023042,False,0,id,2026-05-05T05:37:00.024600
Ci9DQUlRQUNvZENodHljRjlvT25GWFNGZGlRalZRYm0xVGEwbGlVRWN5Um01V2VFRRAB,ChIJtaSaVBbibi4RD7I7kr9S2xg,Kopi Manao,cirebon,Wisata,4,Pagi pagi ke sini udah lumayan rame.,2026-03-14T17:22:53.575Z,Amalia Tri Wahyuni,114635771148158773108,True,0,id,2026-05-05T05:37:00.024612
Ci9DQUlRQUNvZENodHljRjlvT25OQlkydENUVlJmYUZsb01sbHJjVGRoV0VORWMyYxAB,ChIJtaSaVBbibi4RD7I7kr9S2xg,Kopi Manao,cirebon,Wisata,5,Racikannya enak!,2026-02-18T22:16:14.475Z,juli prianto,101843677781813195432,True,0,id,2026-05-05T05:37:00.024627
ChdDSUhNMG9nS0VJQ0FnSURDd2JfbzZBRRAB,ChIJtaSaVBbibi4RD7I7kr9S2xg,Kopi Manao,cirebon,Wisata,5,Best coffee in town,2026-01-28T04:23:47.949Z,Fajar Rumawi,111077936275909637285,True,0,en,2026-05-05T05:37:00.024648
Ci9DQUlRQUNvZENodHljRjlvT2taa1FVaDNPV3hLU3psRlZ6TTNRbk5MTW5CRFRrRRAB,ChIJtaSaVBbibi4RD7I7kr9S2xg,Kopi Manao,cirebon,Wisata,5,Kopi dan browniesnya best ever,2026-01-21T16:17:27.537Z,Lilu,111958418432406532267,True,0,id,2026-05-05T05:37:00.024656
Ci9DQUlRQUNvZENodHljRjlvT21WUU0wUlpTRFV0ZEhBNWN6aGlkSEpNVlRnNWFuYxAB,ChIJtaSaVBbibi4RD7I7kr9S2xg,Kopi Manao,cirebon,Wisata,5,"27/11/2026
Baru diulas kemana aja. hehe. padahal udah suka kopi manao dari awal banget opening. terfavorit es kopi susu kita tanpa gula. salah satu list kopi ter enak di kota cirebon.",2026-01-11T03:40:13.514Z,tri kudo,101521229313862693694,True,0,id,2026-05-05T05:37:00.024678
Ci9DQUlRQUNvZENodHljRjlvT2xsTFVtTTBNV3N3YjNOTmNHSkZMVzlxV0ZOSFUzYxAB,ChIJtaSaVBbibi4RD7I7kr9S2xg,Kopi Manao,cirebon,Wisata,5,Mantap adem ramai,2026-01-02T15:29:58.934Z,Maulana Ashshidiqq,108324647852352485968,True,0,id,2026-05-05T05:37:00.024692
Ci9DQUlRQUNvZENodHljRjlvT2xvMWNEWkdPV3BKTnpaVFJtbDRSbGRaVldkUlIxRRAB,ChIJvWH_SsHjbi4RY44HVBAmSJM,Kopi Nako Cirebon,cirebon,Wisata,5,makanan nya enak murah pelayanan nya rambah tempat nya nyaman,2026-02-11T08:19:10.697Z,Jalur Keras,100775027247112400686,False,0,id,2026-05-05T05:37:00.024700
Ci9DQUlRQUNvZENodHljRjlvT25RMlRtVnpZbTgwZG1zMk0yRnZjR1pRTlV0Tk0zYxAB,ChIJvWH_SsHjbi4RY44HVBAmSJM,Kopi Nako Cirebon,cirebon,Wisata,1,Pelayanan nya jelek banget,2026-02-06T07:52:58.163Z,Wildan Sputra_26,108027393388554596864,False,0,id,2026-05-05T05:37:00.024734
Ci9DQUlRQUNvZENodHljRjlvT205bVFVUlFaR05pY1hKT1VrcGZXVTlYTmsxUk5XYxAB,ChIJvWH_SsHjbi4RY44HVBAmSJM,Kopi Nako Cirebon,cirebon,Wisata,1,Menyedihkan tempatnya,2026-01-31T13:19:46.251Z,Yudi Cirebon,108748362359475053067,False,0,id,2026-05-05T05:37:00.024756
ChdDSUhNMG9nS0VJQ0FnSUNCMnV2ZjJRRRAB,ChIJvWH_SsHjbi4RY44HVBAmSJM,Kopi Nako Cirebon,cirebon,Wisata,5,Lokasi di taman cipto.parkiran ada tp sempit.wifi kenceng.tempat insragramable crb bgt.tempat duduk banyak ada indoor dan outdoor.pembelian 100rb free eskrim kopi.enak tp cpt cair kopi signature nako enak pahit creamy manis ny dikit.pisang bakar enak.kentang goreng super asin lalu di ganti yg baru.es coklat kurang mantep.harga mulai 20k.ada menu food juga,2026-01-30T15:36:56.852Z,wiwik setianingrum,108644969306908755258,True,0,id,2026-05-05T05:37:00.024771
Ci9DQUlRQUNvZENodHljRjlvT25nemEzSXlZakJoVURoMWJWcGFWMW8xT1dkUUxYYxAB,ChIJvWH_SsHjbi4RY44HVBAmSJM,Kopi Nako Cirebon,cirebon,Wisata,5,"Kalo mau makan dan tenang, ya di sini tempatnya.",2026-01-24T12:01:37.099Z,Dedy Prastyo,110033484208173924017,True,0,id,2026-05-05T05:37:00.024788
Ci9DQUlRQUNvZENodHljRjlvT2tOVWJrcHJWalpvVG5SQ01VaG1OMUJ4YldaNGNGRRAB,ChIJvWH_SsHjbi4RY44HVBAmSJM,Kopi Nako Cirebon,cirebon,Wisata,5,Kopi + singkong + pisang  nya enak...tp banyak nyamuk...apa karna habis hujan ya .,2026-01-22T13:46:50.949Z,Wita anggreani Purba,107904128273343890592,True,0,id,2026-05-05T05:37:00.024795
Ci9DQUlRQUNvZENodHljRjlvT2w5dE9FOVpRbE14ZEVod2NGUkdPVEJ6VEhvM1VsRRAB,ChIJvWH_SsHjbi4RY44HVBAmSJM,Kopi Nako Cirebon,cirebon,Wisata,5,"Kalo malem jangan lupa bawa autan yaa🤭
Makanannya enak2..
Setiap malam minggu ada live music💃🏻",2026-01-14T09:23:57.281Z,Febriyanti Ibrahim,115794335978918653499,True,0,id,2026-05-05T05:37:00.024838
Ci9DQUlRQUNvZENodHljRjlvT21Vd1JHaHZhSFZRY0hWRVl6ZFpRekF3V1hKUU4xRRAB,ChIJtaSaVBbibi4RD7I7kr9S2xg,Kopi Manao,cirebon,Wisata,5,"Coffe susu nya enak, tempatnya nyaman utk nugas &nongki..",2025-11-15T10:13:16.142Z,Rini 124,101763525312121739822,False,0,id,2026-05-05T05:37:00.024901
Ci9DQUlRQUNvZENodHljRjlvT2prMVlqVXdWbWxIYTBrelpVWTBUbXRHYW1sU1FWRRAB,ChIJtaSaVBbibi4RD7I7kr9S2xg,Kopi Manao,cirebon,Wisata,5,coklat soyanya juara!!,2025-10-24T13:57:01.927Z,Ayunda Pratiwi,105937355856955506416,False,0,id,2026-05-05T05:37:00.024922
Ci9DQUlRQUNvZENodHljRjlvT2xWTWMyZFBUMVoxZEU5TFZrZEpTVEp0UzNKWldWRRAB,ChIJtaSaVBbibi4RD7I7kr9S2xg,Kopi Manao,cirebon,Wisata,5,"Jadi tempat singgah ketika nunggu futsal, pelayan ramah, ada wifi, di dalam cukup sunyi meskipun di luar ramai",2025-08-03T10:50:05.913Z,Turasih,108297249523377831766,True,0,id,2026-05-05T05:37:00.024992
Ci9DQUlRQUNvZENodHljRjlvT2w5aWEyeGtUWEU0ZW1wRUxVUkJVR2R3TVhRNFRIYxAB,ChIJdZAFI-Xjbi4RLarpZWLwxFc,"PAPER & SIP | Coffee, Croissant & Roastery",cirebon,Wisata,5,Tiramisunya enakk bestt bgtt,2026-04-22T07:43:52.331Z,Mulyawati KP,112923967045348035469,False,0,id,2026-05-05T05:37:00.025015
Ci9DQUlRQUNvZENodHljRjlvT21WMmQyVnJSMDF6WXpaS09IWjZOMWh5TUhWaVkxRRAB,ChIJdZAFI-Xjbi4RLarpZWLwxFc,"PAPER & SIP | Coffee, Croissant & Roastery",cirebon,Wisata,4,croissant-nya enak. lokasi masuk ke dalam gang.,2026-04-20T12:25:46.348Z,Amalia Tri Wahyuni,114635771148158773108,True,0,id,2026-05-05T05:37:00.025025
Ci9DQUlRQUNvZENodHljRjlvT20xb1YxZGphMk5aUTFsdVZWTnljWFU0Y2pacWNFRRAB,ChIJdZAFI-Xjbi4RLarpZWLwxFc,"PAPER & SIP | Coffee, Croissant & Roastery",cirebon,Wisata,5,Makanan dan minuman nya enak semua👍 tp sayang nya parkiran (khususnya mobil) agak susah karena di gang,2026-04-15T12:22:03.729Z,Lakspur's journey,101177394159588055880,True,0,id,2026-05-05T05:37:00.025033
Ci9DQUlRQUNvZENodHljRjlvT2tWeFFXODNiVjlNUmpoUWR6QXdPVU4zV1RaUlJHYxAB,ChIJdZAFI-Xjbi4RLarpZWLwxFc,"PAPER & SIP | Coffee, Croissant & Roastery",cirebon,Wisata,5,"Untuk buku-buku nya sangat termotivasi, dan minuman matcha itu enak banget pokoknya recommended seller deh. Thanks you",2026-04-14T15:13:33.818Z,Muhammad Yusron Rozak Amrillah,106925678378862803456,True,0,id,2026-05-05T05:37:00.025044
Ci9DQUlRQUNvZENodHljRjlvT2twM2NrbFhNbXhwYlVoalJVcFVia0Z3VlhSSVNtYxAB,ChIJdZAFI-Xjbi4RLarpZWLwxFc,"PAPER & SIP | Coffee, Croissant & Roastery",cirebon,Wisata,5,"tempat best at cirebon
enak bgt suasana nya santai
makanan nya jugak enak bgt
croissant nya uhhhhh juara beda bgt sma di kota asal ku
destinasi yg engga bikin aku kapok dateng",2026-04-12T02:21:05.942Z,SOLARIA,107220804461943957409,True,0,id,2026-05-05T05:37:00.025068
Ci9DQUlRQUNvZENodHljRjlvT2twM00wNVNXSEpYZUVaUFRtNWZTM0ZuUzJWTk0yYxAB,ChIJdZAFI-Xjbi4RLarpZWLwxFc,"PAPER & SIP | Coffee, Croissant & Roastery",cirebon,Wisata,4,Minus nya belum ada mushola,2026-04-04T13:33:33.050Z,Vinna Elfira,105010734202589759894,True,0,id,2026-05-05T05:37:00.025097
Ci9DQUlRQUNvZENodHljRjlvT20xc2JXUjRlWGx4V0Mxd2Qza3RaVFIxZDNwYVQxRRAB,ChIJdZAFI-Xjbi4RLarpZWLwxFc,"PAPER & SIP | Coffee, Croissant & Roastery",cirebon,Wisata,5,"Burgernya enak, wajib coba 👍 Kesini pagi2 sudah buka dari jam 7. Suasananya juga enak. Dari luar kelihatan kecil tapi pas masuk ternyata cukup luas juga.",2026-04-04T01:07:58.104Z,Marlinna M,112303523605406085904,True,0,id,2026-05-05T05:37:00.025111
Ci9DQUlRQUNvZENodHljRjlvT20xWlFrSlVaa3d6TWxCc1RqVnRhazU1ZVdWNGFHYxAB,ChIJdZAFI-Xjbi4RLarpZWLwxFc,"PAPER & SIP | Coffee, Croissant & Roastery",cirebon,Wisata,5,"Tempat ngopi paling enak dan nyaman yang pernah saya temui, kopinya terbaik, pastry nya juga enaaaakkkk bggttt!!! Wajib banget ngopi di sini sih!! Harus!!",2026-04-03T15:15:16.084Z,to our diari,104582028281135401978,False,0,id,2026-05-05T05:37:00.025120
Ci9DQUlRQUNvZENodHljRjlvT25sa2RFZFBRbU5HUTJObU5EVndTMk5pYzBaZmRrRRAB,ChIJdZAFI-Xjbi4RLarpZWLwxFc,"PAPER & SIP | Coffee, Croissant & Roastery",cirebon,Wisata,5,"Makanan dan minumannya enak2. Kalian harus cobain burgernya enak.
Suasana juga nyaman, tenang, bisa sambil baca buku",2026-04-02T16:24:59.028Z,Efendi Agnilinia,112479580998473221619,True,0,id,2026-05-05T05:37:00.025128
Ci9DQUlRQUNvZENodHljRjlvT2pGMWFrWnJVWEJUZEhaUlJETmtTakp6TkVkblpGRRAB,ChIJdZAFI-Xjbi4RLarpZWLwxFc,"PAPER & SIP | Coffee, Croissant & Roastery",cirebon,Wisata,5,"COCOKK UNTUK INTROVERT SIHH INI, karena ya masuk situ pembelinya ada sibuk sendiri ga akan ngurusin org lain. aku suka cafe yg homie gini, tenang ajh bawaannya. Aku suka klappertaart nya apa lg kalo dinginn beuhh
BONON APPROVED 👍🏻✔️",2026-04-01T04:10:12.801Z,Bonon,110281788362470320473,True,0,id,2026-05-05T05:37:00.025136
Ci9DQUlRQUNvZENodHljRjlvT21sb2FETTFkWE42VDBaNmVsSjNTVmQ1V0RCTE1tYxAB,ChIJdZAFI-Xjbi4RLarpZWLwxFc,"PAPER & SIP | Coffee, Croissant & Roastery",cirebon,Wisata,5,"Dari Kuningan mencoba cafe""yg ada di Cirebon,tmpt nya perumahan masuk gang depan csb mall, outdoor indoor,teteh kasir nya ramah burger nya enak bgt, tiramisu enak lembut di mulut,kopi nya jg lmyn enak",2026-03-31T11:21:24.044Z,nenk710,117645616184898662117,True,0,id,2026-05-05T05:37:00.025145
Ci9DQUlRQUNvZENodHljRjlvT2pSUVpVeFhRVkpPVG5oMlozZFRibkJ1VlhsRFMzYxAB,ChIJdZAFI-Xjbi4RLarpZWLwxFc,"PAPER & SIP | Coffee, Croissant & Roastery",cirebon,Wisata,5,"kalo ngomongin croissant di cirebon, jujur… paper n sip ini masuk salah satu yang paling proper

croissantnya flaky di luar, soft di dalem, buttery tapi engga eneg, setiap layernya kerasa—bukan yang padet atau asal manis

favorit yang wajib coba: almond croissant n butter croissant

ini tipe croissant yang dimakan tanpa topping pun udah enak, terasa ""artisan"", bukan sekadar bakery biasa

croissantnya dipadu sama kopi mereka yang smooth dan balance—langsung naik level,  simple, tapi kena banget

tempatnya cukup luas, tenang, dan ngga terlalu rame, lebih ke hidden gem daripada cafe hype

YAPP this could be one of the BEST croissant in cireby, bukan cuma enak—tapi juga konsisten dan niat",2026-03-31T08:18:04.153Z,Shifa Aulia Fadillah,107740739443140526921,True,0,id,2026-05-05T05:37:00.025153
Ci9DQUlRQUNvZENodHljRjlvT2s0dFVFVkdWRnBsUzNSSlVXNDFORVpmTW1oWVJFRRAB,ChIJdZAFI-Xjbi4RLarpZWLwxFc,"PAPER & SIP | Coffee, Croissant & Roastery",cirebon,Wisata,5,"Kalau lagi di Cirebon dan cari tempat ngopi yang cozy,
aku nemu hidden gem coffee shop ini ☕🥐

Croissant-nya buttery banget dan kopinya juga enak buat teman ngobrol santai atau work from cafe.

Tempatnya kecil tapi vibes-nya hangat banget.

📍 Paper & Sip Cafe – Cirebon

Udah pernah ke sini belum?",2026-03-29T07:33:08.349Z,Mphiiw,116297754735332119573,True,0,id,2026-05-05T05:37:00.025161
Ci9DQUlRQUNvZENodHljRjlvT2tKalVIVnhOMTkwVFhKNFRGSm9XamhEV0hOM09XYxAB,ChIJvWH_SsHjbi4RY44HVBAmSJM,Kopi Nako Cirebon,cirebon,Wisata,5,"MAKANANNYA OKEE BANGET!! 🤩
Murah, porsinya banyak, dan rasanya enak?! Komplit sih ini 😋.
Pelayanannya juga oke banget 👍. Baru sekitar 5 menit nunggu, makanan udah dianterin, dan masih panas loh. Bener-bener gercep, keren sih 🔥.
Yang kurang aku suka cuma satu aja: karena tempatnya kebanyakan outdoor, kalau udah sore atau malam kadang banyak nyamuk huhuhu 😭. Mungkin karena banyak pohon juga atau faktor alam, kurang tahu pastinya. Tapi ya masih bisa dimaklumi, namanya juga tempat outdoor 🌿.
Overall, dari segi makanan dan pelayanan recommended banget. Tinggal siapin lotion anti nyamuk aja kalau dateng malem dan niat mau duduk di outdoor atau gak bisa duduk di indoornya aja kalau malem hehe😆",2025-12-28T09:13:21.573Z,byiel,100332592323746197215,True,0,id,2026-05-05T05:37:00.025185
Ci9DQUlRQUNvZENodHljRjlvT2tvdE5VZHlUV2ROV2t0YVUxQmZTbDlsYUVkU2JFRRAB,ChIJvWH_SsHjbi4RY44HVBAmSJM,Kopi Nako Cirebon,cirebon,Wisata,5,NYAMANN BANGETTT BANGETTTTTTT BUAT WFC,2025-12-11T12:24:59.245Z,Khilwah Ainizahwaa,113435633929766409693,False,0,id,2026-05-05T05:37:00.025207
Ci9DQUlRQUNvZENodHljRjlvT21NMU56aFBVbXhxVmxkYWQxbFVjMlpTUVhCVk5uYxAB,ChIJvWH_SsHjbi4RY44HVBAmSJM,Kopi Nako Cirebon,cirebon,Wisata,5,"Rekomendasi kopi sobat rasa mantappp,harga bersahabat dan tempat nyaman buat hangout.",2025-12-10T13:20:15.122Z,asep suhendra,109325219483144082188,True,0,id,2026-05-05T05:37:00.025215
Ci9DQUlRQUNvZENodHljRjlvT2tGc2NsWkxjRTVhUVVnelVUQmthRGh2YVhreWMwRRAB,ChIJvWH_SsHjbi4RY44HVBAmSJM,Kopi Nako Cirebon,cirebon,Wisata,5,"Latte nya enak, size nya jg mayan gede tp jd gak trll strong.. bola ubi nya enak..",2025-12-07T07:36:12.629Z,Kris Mahardhika,101416530752349436950,True,0,id,2026-05-05T05:37:00.025223
Ci9DQUlRQUNvZENodHljRjlvT21Gd1VrMU9jbGhsTFRkS1IyTmxUV0ZUWjIxVk5sRRAB,ChIJvWH_SsHjbi4RY44HVBAmSJM,Kopi Nako Cirebon,cirebon,Wisata,5,"Tempatnya bagus view cakep, cocok buat santai atau sama teman rame2 tempat luas dan ngga pinggir jalan raya jadi ga berisik",2025-12-04T13:07:21.413Z,Jy.,118415007942122604893,True,0,id,2026-05-05T05:37:00.025238
Ci9DQUlRQUNvZENodHljRjlvT2tOQ04xTTRhazlmY0V4dGNXbHVjVFZqZG5Gb1lWRRAB,ChIJvWH_SsHjbi4RY44HVBAmSJM,Kopi Nako Cirebon,cirebon,Wisata,5,tempatnya asik… kasirnya ramah dan kasep,2025-12-04T08:28:15.155Z,dessy smdt,109593329574293558847,False,0,id,2026-05-05T05:37:00.025246
Ci9DQUlRQUNvZENodHljRjlvT2tGWFJWaFNWVTV3UW1SVFZVWk5WMTkyU1UwNVRGRRAB,ChIJvWH_SsHjbi4RY44HVBAmSJM,Kopi Nako Cirebon,cirebon,Wisata,5,"RAMAH SEMUAA ORANGNYA, MENUNYA ENAK ENAK",2025-12-03T04:43:17.321Z,ardy septia,115871619466764145485,False,0,id,2026-05-05T05:37:00.025254
Ci9DQUlRQUNvZENodHljRjlvT25GNVdHeFZPV05MWDNweFFVbHRVREprT0ZFNE1VRRAB,ChIJtaSaVBbibi4RD7I7kr9S2xg,Kopi Manao,cirebon,Wisata,5,Tempatnya nyaman.,2025-07-15T08:36:56.853Z,Andi Akbar,111339058338456584644,True,0,id,2026-05-05T05:37:00.025269
Ci9DQUlRQUNvZENodHljRjlvT2xwcFFtc3dVMXBRV0dSdFVXRjJUVmMwVDBONmRHYxAB,ChIJtaSaVBbibi4RD7I7kr9S2xg,Kopi Manao,cirebon,Wisata,5,"Rekomendasi bawa bocah, selain di cafe ada buku bacaan untuk anak2 dan mainan kayunya, ada juga lapangan futsal dalam satu area cafe  ini. Jd bisa edukasi ke bocah sapatau tertarik sama olahraga futsal. :)",2025-07-11T20:19:08.879Z,Sarfia Nengsih,112595456680412948954,True,0,id,2026-05-05T05:37:00.025278
Ci9DQUlRQUNvZENodHljRjlvT2pCVVZYcHNVVGh0U1dKZk0wOUpkMVZ6Tm5WRFZVRRAB,ChIJtaSaVBbibi4RD7I7kr9S2xg,Kopi Manao,cirebon,Wisata,5,"📍 Kopi Manao – Cirebon

Kopi Manao menawarkan suasana ngopi yang tenang, dengan interior minimalis dan bersih. Tersedia area indoor ber-AC yang cocok untuk kerja atau meeting kecil, serta outdoor semi-terbuka untuk yang lebih santai atau sekadar menikmati udara segar.

Saya mencoba dua menu baru mereka:
•	Es Kopi Susu Kita Kedua – creamy dan ringan, cocok untuk yang suka kopi susu manis lembut.
•	Es Kopi Susu Kita Double Shot – versi lebih bold dan mantap, rasa kopinya kuat tapi tetap balance. Keduanya recommended dan menurut saya bisa jadi signature menu Kopi Manao. Rasanya juga mirip dengan kopi susu Tuku, tapi dengan sentuhan khas sendiri.

☕ Menu tersedia dalam ukuran 500ml dan 1000ml, cocok untuk take away atau stok di rumah.

💬 Baristanya ramah dan informatif, dengan pelayanan yang cepat dan jelas saat menjelaskan perbedaan menu.

🚗 Catatan:
•	Parkiran mobil sangat terbatas karena lokasi satu area dengan beberapa toko lain dan tempat futsal.
•	Disarankan order via GrabFood/Gojek jika tidak ingin repot parkir.",2025-07-07T02:18:24.940Z,Eka Kurniawan,101898716421495373443,True,0,id,2026-05-05T05:37:00.025293
Ci9DQUlRQUNvZENodHljRjlvT2sxSVYxUlRORGhpUjE5dVl6TkthREZWWVRKeVoxRRAB,ChIJtaSaVBbibi4RD7I7kr9S2xg,Kopi Manao,cirebon,Wisata,5,love the coffe here,2025-06-26T03:41:26.153Z,Najla Tuffahati,117740033875207111773,False,0,en,2026-05-05T05:37:00.025325
Ci9DQUlRQUNvZENodHljRjlvT21aU1lWRmxUa0ZxZG13d0xWaFZWM1ZaTUdkdFZGRRAB,ChIJdZAFI-Xjbi4RLarpZWLwxFc,"PAPER & SIP | Coffee, Croissant & Roastery",cirebon,Wisata,4,Enjoy asik homey,2026-03-28T09:34:12.435Z,agung lokananta,115194587154762470633,True,0,id,2026-05-05T05:37:00.025354
Ci9DQUlRQUNvZENodHljRjlvT21aeE4wVjBVVFkzZFRWWU1IbEpjVmRoWW14V2QxRRAB,ChIJdZAFI-Xjbi4RLarpZWLwxFc,"PAPER & SIP | Coffee, Croissant & Roastery",cirebon,Wisata,5,Enak banget tempat dan makanannya,2026-03-28T07:04:51.287Z,Rizki Setyo,118347365879043214499,False,0,id,2026-05-05T05:37:00.025363
Ci9DQUlRQUNvZENodHljRjlvT2xWR1MwZEJUelpuZERCMWRtUnhhMmhwU1hWV1JsRRAB,ChIJdZAFI-Xjbi4RLarpZWLwxFc,"PAPER & SIP | Coffee, Croissant & Roastery",cirebon,Wisata,5,"Kebetulan dapet tempatnya yang di outdoor padahal dateng jam 10 pagi tapi udah rame orang hehehe
Pelayanannya ramah-ramah dan komunikatif ...
So far makanan dan minuman yang saya pesen enak 🤩 ... Next bakalan mampir lagi buay nyobain menu yang lainnya plus mau nyoba makan di tempat indoornya (masih penasaran) hehehe",2026-03-24T15:59:05.415Z,Nur Komariyah11,114441495146966440097,True,0,id,2026-05-05T05:37:00.025385
Ci9DQUlRQUNvZENodHljRjlvT2pOT2EyY3dSalJ2ZVhkV05rbFJRMDF2WnpVMVpYYxAB,ChIJdZAFI-Xjbi4RLarpZWLwxFc,"PAPER & SIP | Coffee, Croissant & Roastery",cirebon,Wisata,5,"Hidden gem cafe of Cirebon city: books, music, cozy place and nice coffee and tiramisu!",2026-03-15T05:16:47.724Z,Jimmy “Blender Sushi Guy” Gunawan,113124752505359409157,True,0,en,2026-05-05T05:37:00.025401
Ci9DQUlRQUNvZENodHljRjlvT2xKTlQxRlFUbmxXVGpkQmFTMXdiRVZwUnpsWlVXYxAB,ChIJdZAFI-Xjbi4RLarpZWLwxFc,"PAPER & SIP | Coffee, Croissant & Roastery",cirebon,Wisata,4,"Buat minumannya lumayan enak, buat yang lagi concern less sweet ini akan PR karena gak bisa request less sweet.
Untuk roti croissant mantap banget.
MINUSNYA tolong ditambah parkiran mobilnya.
Vibes menuju ke kafe ini kaya mau silaturahmi ke rumah orang haha beneran hidden gems di tengah Kota Cirebon.",2026-03-14T19:56:24.766Z,najiyah nana,117437130633623693214,True,0,id,2026-05-05T05:37:00.025409
Ci9DQUlRQUNvZENodHljRjlvT2xaUlNqa3djRFZ5WTBsblduQmtNbVZPTVhCZlowRRAB,ChIJdZAFI-Xjbi4RLarpZWLwxFc,"PAPER & SIP | Coffee, Croissant & Roastery",cirebon,Wisata,5,"tau paper & sip dari twitter, tapi belum sempat coba datang. akhirnya hari ini datang juga hihi.
tempatnya nyaman banget dan suasananya homey, asik. untuk makanan dan minumannya juga sangaaat okee! tadi pesan latte, dancing cheese, dan smoke beef & cheese croissant, rasanya ENAK!!🤩

cocok banget untuk jadi tempat wfc atau nugas👌🏻",2026-02-13T14:46:14.261Z,Afifah Rismayanti,102354701194979989220,True,0,id,2026-05-05T05:37:00.025439
Ci9DQUlRQUNvZENodHljRjlvT2xoS2IxSnRaM1pQY0hSWkxYazVYMlpDYm5GNVRFRRAB,ChIJdZAFI-Xjbi4RLarpZWLwxFc,"PAPER & SIP | Coffee, Croissant & Roastery",cirebon,Wisata,5,"kesini buat wfc and it’s a very comfortable place to do so. suasananya rame tapi terkontrol, so far nyaman dan mengganggu. banyak orang kerja dan anak kuliahan. croisasnt mereka enak (not a croissant expert tho haha).. recommended!",2026-02-09T12:53:15.974Z,Tama,107555498191001100043,True,0,id,2026-05-05T05:37:00.025461
Ci9DQUlRQUNvZENodHljRjlvT21SaVRHUm9RakpDU1RCaGEyOXVTVGxpY21sWGRIYxAB,ChIJdZAFI-Xjbi4RLarpZWLwxFc,"PAPER & SIP | Coffee, Croissant & Roastery",cirebon,Wisata,5,"Keren tempatnya.
Ada area smoking dibelakang dengan ruangan terbuka dibagian tengah.
Sedangkan area nonsmoking di bagian depan sebelum tempat memesan menu.

Untuk parkir mobil cukup luas dengan 2 area, di depan coffee shop maupun di parkir area +/- 100m dari coffee shop dengan free charge.

Saya cocok menu ""ES KOPI SIP"" dengan gula aren. Untuk burger ""ALMOST HEALTHY BURGER"" menurut saya kurang letuce dan mayonnaise nya. (IMHO).

Petugasnya ramah² dengan penjelasan menu yang cukup detail.",2026-02-07T15:23:31.816Z,Okto,109549982792385616825,True,0,id,2026-05-05T05:37:00.025469
Ci9DQUlRQUNvZENodHljRjlvT2toTmVURlVObEI0VnpaU1EyMW5NMmx5UjJVMlYyYxAB,ChIJdZAFI-Xjbi4RLarpZWLwxFc,"PAPER & SIP | Coffee, Croissant & Roastery",cirebon,Wisata,5,"makanan dan minumannya enak, tempatnya nyaman.",2026-02-07T04:16:05.277Z,Hananta Hermunanda,104992811485698666510,False,0,id,2026-05-05T05:37:00.025477
Ci9DQUlRQUNvZENodHljRjlvT25KaVkwSkZkV1ZsVTI1U1owNWtSbFZKTnpCQlIzYxAB,ChIJdZAFI-Xjbi4RLarpZWLwxFc,"PAPER & SIP | Coffee, Croissant & Roastery",cirebon,Wisata,5,"Gak nyangka tempatnya kayak rumahan gitu tapi dari segi kopi dan tempat oke sih. Kopinya cukup enak, tempatnya juga lucu buat duduk-duduk dan nongkrong cukup lama. Toiletnya cukup bersih. Ada banyak buku bacaan yang bisa dibaca selama duduk di sini.",2026-01-30T15:34:01.051Z,Amanda P. Wibisono,115195600229229423011,True,0,id,2026-05-05T05:37:00.025487
Ci9DQUlRQUNvZENodHljRjlvT2xCbFZrcHlZWEV0WW14SWMwWlZPRTQyY1V4dVdIYxAB,ChIJdZAFI-Xjbi4RLarpZWLwxFc,"PAPER & SIP | Coffee, Croissant & Roastery",cirebon,Wisata,5,Saya suka tempatnya cukup tenang dan santai sambil menikmati kopi dan klappertaart pesanan saya.,2026-01-30T14:14:28.275Z,maria goretti,108489409861082558182,True,0,id,2026-05-05T05:37:00.025496
Ci9DQUlRQUNvZENodHljRjlvT2poM1NDMWtlVWs0WDJWSGVVbDVXbmt3Yms0eGNIYxAB,ChIJTTjurlDjbi4RDYO3KOYI8lY,TETRA Coffee & Eatery - Cirebon,cirebon,Wisata,2,"dateng pagi jam 10an tapi banyak makanan yang kosong dan kasir pun tidak memberi rekomendasi pada saat pelanggan memilih menu dan terus agak siang saya ingin foto di outdor, saya nitip makanan ke kasir agak tidak diangkut oleh waiters nyatanya tetep diangkut dan katanya harus ada barang yang ditinggal sedangkan kasir pada saat dititipin jawab 'oke siap' tanpa ada omongan harus ada barang yang ditinggal. Lain kali yang jelas.",2026-05-05T05:13:38.036Z,Destari Fitriyani,116054684380746410603,False,0,id,2026-05-05T05:37:00.025511
Ci9DQUlRQUNvZENodHljRjlvT2pKMk5HbEdUeTFWZFcxVWVWRk1XRXRHVFZkeE9HYxAB,ChIJTTjurlDjbi4RDYO3KOYI8lY,TETRA Coffee & Eatery - Cirebon,cirebon,Wisata,5,"Wah wah tempat baru yg 24 jam...
Nyaman bgt nih tempat outdoor & indoor nya, bersih adem, sampe ngatuk siang2 disini. 😁",2026-04-30T05:04:37.215Z,Hendry Ganteng,112107642988386598966,False,0,id,2026-05-05T05:37:00.025520
Ci9DQUlRQUNvZENodHljRjlvT2pCTWRIVnJlbVZWTTBOTGFXSTVXRE5PVFVSVFRFRRAB,ChIJTTjurlDjbi4RDYO3KOYI8lY,TETRA Coffee & Eatery - Cirebon,cirebon,Wisata,5,"ngopi2
minimalis view nya",2026-04-28T14:47:30.294Z,beny pramono (BP),100581354662636873100,True,0,id,2026-05-05T05:37:00.025536
Ci9DQUlRQUNvZENodHljRjlvT25Oc2JXdFZlbnBNZVdsTlQxWjNiVVpYVURsSWFtYxAB,ChIJTTjurlDjbi4RDYO3KOYI8lY,TETRA Coffee & Eatery - Cirebon,cirebon,Wisata,5,"hi. Thank u yaa!
terima kasih karena kerja baik dan sangat peduli ke customor!
aku sempet pesen japanes omurice yang kupikir cuman tamago curry, aku makesure buat liat e-menu kalo pesenanku gasalah, akhirnya memberanikan diri untuk coba nanya langsung kalo japanes omurice itu ada katsunya atau engga, ternyata jawaban kasirnya ada, wkwkwkw ku tunjukin foto kalo pesenanku gada katsunya dan langsung minta maaf trs diangkut lagi buat gamti yang baru. Abis itu dikasih tanda permintaan maaf pake pancake🫰🏻🤍
Kaa jujur aku gapapa banget kalo ga diganti tinggal ditambah katsu dan gausah kasih permintaan maaf karena porsi tetra banyak bgt aku kenyangggggg, sehat"" yaaa semua. Makasih banyakkk, semoga nasi pegawainya selalu hangat, insights nya selalu ijoooooooo aaamiin",2026-04-19T15:32:21.363Z,Gitta Fitri Antasari,116843703556730880255,False,0,id,2026-05-05T05:37:00.025551
Ci9DQUlRQUNvZENodHljRjlvT25rMldqaFVaM280YURZMGNqSXdkMkZRZVRkTlEzYxAB,ChIJTTjurlDjbi4RDYO3KOYI8lY,TETRA Coffee & Eatery - Cirebon,cirebon,Wisata,5,"jam 3 pagi ga usah bingung cari tempat ngopi di cirebon, bangunan lama sedikit dipoles dan ditambahi sentuhan industrial, suasana nyaman tenang, indoor adem, outdoor luas cuma agak sedikit ditemani nyamuk kalo jam2 dinihari. tapi bonus viewnya itu jarang ditemui ditempat lain, bisa liat kereta lewat itu nilai plus banget.
untuk kopi manualnya rekomendasi 👍👍👍👍
snack ada, makanan berat juga ada. croisantnya juga rekomen sih 👍👍👍👍
RO : udah pasti",2026-04-18T23:40:02.134Z,irwan pribadi (awan),115086678214663703906,True,0,id,2026-05-05T05:37:00.025559
Ci9DQUlRQUNvZENodHljRjlvT2xJM00zaGFWRVZuYzFwa2QxRTVkWEE0ZDJocVNGRRAB,ChIJTTjurlDjbi4RDYO3KOYI8lY,TETRA Coffee & Eatery - Cirebon,cirebon,Wisata,5,"Nice coffee, wfc oke, buka 24jam",2026-04-17T10:04:18.681Z,Hasna Afifah,109039622608927650650,True,0,en,2026-05-05T05:37:00.025575
Ci9DQUlRQUNvZENodHljRjlvT2s5WFZGZG5TREJpYVVVMFdIRkpTMkZQYmpsRlNXYxAB,ChIJTTjurlDjbi4RDYO3KOYI8lY,TETRA Coffee & Eatery - Cirebon,cirebon,Wisata,5,"pelayanannya Sangatta BAIK DAN RAMAH BANGET, yang shift malam ke pagi BENER BENER LOVE BANGETT, sehat sehat kalian kakk 🫰🏻🫰🏻🫰🏻🫰🏻🤍🤍🤍",2026-04-17T03:29:29.734Z,vivi,116697753451777850828,False,0,id,2026-05-05T05:37:00.025584
Ci9DQUlRQUNvZENodHljRjlvT2pGWU0wMUJZWFF3TUZJMU4xODJaVFZmYmxjemEwRRAB,ChIJTTjurlDjbi4RDYO3KOYI8lY,TETRA Coffee & Eatery - Cirebon,cirebon,Wisata,5,Emanggg secakep iniiii..,2026-04-08T21:04:56.087Z,Nurhalimah,114851383684848039432,False,0,id,2026-05-05T05:37:00.025623
Ci9DQUlRQUNvZENodHljRjlvT25SblRHdGZVemhpTkZKb1ZpMU5SMFZ0UjFGRFNFRRAB,ChIJTTjurlDjbi4RDYO3KOYI8lY,TETRA Coffee & Eatery - Cirebon,cirebon,Wisata,1,"jam 23.00 sampe subuh (03.00) walaupun posisi nya sepi mohon kebersihan nya lebih baik lagi, tadi nongkrong tengah malem banyak sampah plastik sedotan dan kertas nota bahkan ada sampah cup minuman yang di diemin aja di tempat yang saya dudukin, dan banyak nyamuk",2026-04-01T21:25:50.160Z,Arsy Nouval,113907769233931470265,False,0,id,2026-05-05T05:37:00.025638
Ci9DQUlRQUNvZENodHljRjlvT210cVUzZ3dSbmQwVkhoNFZqSjBSRW80YUVkNE1tYxAB,ChIJTTjurlDjbi4RDYO3KOYI8lY,TETRA Coffee & Eatery - Cirebon,cirebon,Wisata,3,"ilalang ilalang yang di outdor yang buat sandaran terasa tidak nyaman bikin gatal dan risih di kepala saat sandaran, mohon untuk di rapihkan dan di potong menjadi pendek supaya rapih dan nyaman. sangat mengganggu ilalang ilalang nya",2026-04-01T13:04:53.035Z,M Zaenal Arifin,106377501944540474297,True,0,id,2026-05-05T05:37:00.025646
Ci9DQUlRQUNvZENodHljRjlvT2xWdGFtUmpURXhHVnpOV1FXNVhRa1kzZUVSVU9HYxAB,ChIJTTjurlDjbi4RDYO3KOYI8lY,TETRA Coffee & Eatery - Cirebon,cirebon,Wisata,5,"So far it's good, especially the atmosphere because the view directly sees the train passing by, but the taste is overall okay, but the cilok is lacking because literally there is no aci filling, so it's all flour.",2026-03-29T04:13:46.040Z,Dita Ditpush,100914059495006764360,True,0,en,2026-05-05T05:37:00.025654
Ci9DQUlRQUNvZENodHljRjlvT25sZlRtSkhMVFE1TTJWNmEwWnRaVzltTlZSaWIzYxAB,ChIJTTjurlDjbi4RDYO3KOYI8lY,TETRA Coffee & Eatery - Cirebon,cirebon,Wisata,4,Bawa keluar okelah,2026-03-28T12:11:48.513Z,Faulana Akbar,112981968736435480780,True,0,id,2026-05-05T05:37:00.025663
Ci9DQUlRQUNvZENodHljRjlvT2psemREaFpRMEpTU1Zob1pVWnBVR3BuV21VM04yYxAB,ChIJdZAFI-Xjbi4RLarpZWLwxFc,"PAPER & SIP | Coffee, Croissant & Roastery",cirebon,Wisata,5,"Cozy, makanan enak, ga enak kalo ga rutin beli croissant dan pure matchanya",2026-01-21T15:49:19.691Z,Lilu,111958418432406532267,True,0,id,2026-05-05T05:37:00.025671
Ci9DQUlRQUNvZENodHljRjlvT2pkeVUwbDRNbWcwV2xGNGQwVkJSazlVVWpoM1dYYxAB,ChIJdZAFI-Xjbi4RLarpZWLwxFc,"PAPER & SIP | Coffee, Croissant & Roastery",cirebon,Wisata,4,"Pesen grup order 4 kopi dengan takaran gula/es masing2, seneng banget tiap cupnya dinamain per orang dan benar. Salut banget dimana biasanya cafe lain nandain mana less ice/ normal aja males 😅.
Kopinya enak dan cenderung pahit, susunya gak creamy.",2026-01-19T04:14:50.215Z,Eatlikepanda,115126568414866410522,True,0,id,2026-05-05T05:37:00.025680
Ci9DQUlRQUNvZENodHljRjlvT2xaV1VuQTBOMWxQVFdoVWVWWnhhRVp2YlRCRVNXYxAB,ChIJdZAFI-Xjbi4RLarpZWLwxFc,"PAPER & SIP | Coffee, Croissant & Roastery",cirebon,Wisata,5,"Sudah beberapa kali kesini dan yappp di tahun 2026 aku kesini lagi bareng temen2 kantor aku sekalian perpisahan mutasian temen yg ke luar kota hehe
Suasanya masih nyaman.. ada ruangan smoking dan non smoking.. toiletnya bersih
Tempatnya bersih dan emg cocok utk orang2 introvert karna tmptnya hidden gem masuk gang deket csb di ariya jipang kalo gk salah
Harga kopi start 25rb an cemilannya juga segituan kaya kentang.. fish and chip dan ada kueh2 enaknya kaya croisant dan klapper tart start 30rb an",2026-01-18T10:22:12.251Z,Nur Laila,114719561611370643894,True,0,id,2026-05-05T05:37:00.025702
Ci9DQUlRQUNvZENodHljRjlvT2pWVk5ETnRhSFJaTWxka2NWWnJOV1Z5TkhwU1YxRRAB,ChIJdZAFI-Xjbi4RLarpZWLwxFc,"PAPER & SIP | Coffee, Croissant & Roastery",cirebon,Wisata,5,Semua menunya enak. Kalo cari croissants yang moist disini tempatnya. Earl Grey nya enak dan yang asiknya lagi bisa Refill air panasnya lagi.,2026-01-18T09:26:03.653Z,Allmas Toba,110977272778729098470,True,0,id,2026-05-05T05:37:00.025721
Ci9DQUlRQUNvZENodHljRjlvT2paM1RtNHdjbWxKZWpSRlFrWlVUSFpHUmxOSVNtYxAB,ChIJdZAFI-Xjbi4RLarpZWLwxFc,"PAPER & SIP | Coffee, Croissant & Roastery",cirebon,Wisata,5,"Setiap sudut nyaman
Menu makanan bnyk variasianya",2026-01-16T02:03:45.524Z,Ade Maria,108639512523344527457,True,0,id,2026-05-05T05:37:00.025729
ChZDSUhNMG9nS0VJQ0FnSURpeU9QcElBEAE,ChIJdZAFI-Xjbi4RLarpZWLwxFc,"PAPER & SIP | Coffee, Croissant & Roastery",cirebon,Wisata,5,Croissant nya juara,2026-01-15T17:09:08.736Z,Fajar Rumawi,111077936275909637285,True,0,id,2026-05-05T05:37:00.025739
Ci9DQUlRQUNvZENodHljRjlvT2taNlZtMDFiVUZWZUdneU5qVm9WakV5ZFROaFkzYxAB,ChIJdZAFI-Xjbi4RLarpZWLwxFc,"PAPER & SIP | Coffee, Croissant & Roastery",cirebon,Wisata,5,"Cirebon sepertinya surganya coffee shop, setiap pengkolan ada coffee shop, nyoba beberapa tempat tapi ini FAVORITE! Barnya simple dan humble, kopinya enak, servicenya oke banget! Ambiencenya? Chill banget dan bikin betah lama2.",2026-01-15T14:38:02.049Z,Nanda (Nseptember),105685549181221861270,True,0,id,2026-05-05T05:37:00.025747
Ci9DQUlRQUNvZENodHljRjlvT25oMGRFYzBYMkZpTFVoWlVYTm9WMjVEVVVaSlJrRRAB,ChIJdZAFI-Xjbi4RLarpZWLwxFc,"PAPER & SIP | Coffee, Croissant & Roastery",cirebon,Wisata,5,"matcha strawberry
aku bukan penikmat matcha, tapi rasanya ini cukup baru di lidak aku, minumannya perlu diaduk dulu biar nyatu karena kalau belum masih ada hint grassy. manisnya pas, ga berlebihan

es kopi sip
kopinya kerasa tapi ga pait, manisnya juga tipis. susunya masih kerasa, tapi nggak creamy, minumnya berasa ringan dan ga bikin eneg

nutella croissant
croissantnya flaky, nutellanya luar dalem dan cukup banyak. ada corn flakes crumbs di atas nutella bagian luarnya, aku sangattt suka❤️

choco almond
tekstur pastrynya lebih koko dari croissant, dark chocolatenya berasa, almondya bukan tipikal garing super crunchy

tempatnya nyaman, tenang, dan family-friendly. ada banyak buku bacaan, buku mewarnai, dan beberapa permainan buat anak",2026-01-10T23:21:00.248Z,cocoa pudding,114481733631638671184,True,0,id,2026-05-05T05:37:00.025763
Ci9DQUlRQUNvZENodHljRjlvT2tWT01XdzNUVkpDZUVKallYWmhjVTFXWmtjdFNFRRAB,ChIJdZAFI-Xjbi4RLarpZWLwxFc,"PAPER & SIP | Coffee, Croissant & Roastery",cirebon,Wisata,5,"Wah yg sliweran di tik tok ama ig nyobain biasa karna penasaran emang ya top lah
Tempatnya agak masuk ke gang coffee shopnya menyatu dgn perumahan suasanya adem gk bising dan mereka bikin kue/cakenya sendiri
Aq pesen americano trus ditawarin yg light atau medium pilih yg medium dan coffenya enak
Ada varian matcha series juga untuk range harga standar star from 18k- 50k
Ada smoking  area ama yg enggak bisa pilih opsional",2026-01-09T04:41:58.827Z,Anisa Gta,114868885173178296924,True,0,id,2026-05-05T05:37:00.025773
Ci9DQUlRQUNvZENodHljRjlvT2xGeFJsaExUVUpTUzJGaWFpMDVOR05CZUU1R2QyYxAB,ChIJmylKsULibi4Ry5_CmSaVvvA,Olive Bistro (Cafe & Resto),cirebon,Wisata,4,"Tempatnya luas untuk indoor berAC dan sedikit area merokok.

Makanan cukup enak

Layanan pembayaran bisa ditambah dgn dihantarkan di meja customer saja karena menjadi tidak efisien ketika bel dipencet namun yang keluar hanya invoice dan pembayaran tetap dilakukan di kasir. Fungsi bel dengan layanan kasir menjadi tidak efisien dan efektif",2026-04-12T10:44:20.639Z,Feka Angge Pramita,103443861507634291146,True,0,id,2026-05-05T05:37:00.025782
Ci9DQUlRQUNvZENodHljRjlvT2t0b01XVlhXSGh2TmpkS1RUaHlPREZyYUcxRFUzYxAB,ChIJmylKsULibi4Ry5_CmSaVvvA,Olive Bistro (Cafe & Resto),cirebon,Wisata,5,"Makanannya enak.
Tempat nyaman
Ada area merokok tersendiri
Ngopi pun ada loh...",2026-03-24T08:51:30.864Z,Rudy Adi,115220107496393892380,True,0,id,2026-05-05T05:37:00.025812
Ci9DQUlRQUNvZENodHljRjlvT25WSE5qWXljVGhUTkdob1FqaGpRMjU0TlcxU1RXYxAB,ChIJmylKsULibi4Ry5_CmSaVvvA,Olive Bistro (Cafe & Resto),cirebon,Wisata,5,"Kalau ke cirebon pasti mampir ke sini, menu favorite nasi campur balinya.",2026-03-23T13:24:31.011Z,Teddy Oktaviano,111536176464261081573,True,0,id,2026-05-05T05:37:00.025820
Ci9DQUlRQUNvZENodHljRjlvT25GS1p6TldXRkEzUTJwbmRGZzVZM1JuU1d4cGNFRRAB,ChIJmylKsULibi4Ry5_CmSaVvvA,Olive Bistro (Cafe & Resto),cirebon,Wisata,2,"Pertama kali kesini di bulan desember book vip room nyaman bgt, makanan/minumannya juga enak semua, tapi kemarin booking bukber gak banget deh, pakai kursi sprti di hajatan kurang nyaman, satpam nya pun pilih2 mobil, aku rombongan pakai mobil ayla dibilang penuh hrs parkir di hotel, setelah kami menyebrang dan ingin memasuki resto ehh ada pajero yg parkir di tengah (di tempat yg tadinya kami mau parkir) kita pengunjung, bayar juga loh pak, ko pilih2😭🤣 mentang2 kami pakai LCGC kah pakk?? Masalahnya kita bawa 2 bayi pak, Tlg sampaikan ke satpam wkwk",2026-03-18T08:37:18.663Z,Keyy Dii,115141487200151228210,False,0,id,2026-05-05T05:37:00.025829
Ci9DQUlRQUNvZENodHljRjlvT214aGRFb3lXbFV6U0c0d2FtbGlObWRyYlZsUGFrRRAB,ChIJmylKsULibi4Ry5_CmSaVvvA,Olive Bistro (Cafe & Resto),cirebon,Wisata,3,"Mungkin karna lagi puasa kali yaa, tapi udah berharap banget buka puasa disini pesen asem asem iga taunya gak ada rasanya 😔 langsung minta take away ke mas masnya dan langsung di perbaiki rasanya tapi udah unmood duluan 😔",2026-03-16T11:55:56.122Z,Nianiani,109440128075253915154,False,0,id,2026-05-05T05:37:00.025837
Ci9DQUlRQUNvZENodHljRjlvT25BNFVtSTJWMmRhYUZSSmVXbHNOalY0VDE5TlRuYxAB,ChIJmylKsULibi4Ry5_CmSaVvvA,Olive Bistro (Cafe & Resto),cirebon,Wisata,1,"Tgl 10 Maret 2026, anak saya ada acara bukber bersama teman - temannya di Olive. Karena dekat jadi mereka naik motor. Sampai di tempat saat mau parkir, mereka bertanya dimana harus parkir ? Sekuriti menjawab tidak tau dan tidak memberi solusi pdhl saat itu cuaca sedang hujan besar.

Akhirnya dia dan temannya pulang ke rumah dan ganti pakai mobil, sesampainya di tempat lgs diarahkan dengan ramah oleh juru parkir.

Pertanyaan saya apakah semua pengunjung di sini harus pake mobil utk mendapat pelayanan ramah ? Hanya seperti itukah kualitas pelayanannya ?

Parah ....!!",2026-03-11T06:21:15.229Z,Yuniarti Soembada,116318458081668669055,False,0,id,2026-05-05T05:37:00.025862
Ci9DQUlRQUNvZENodHljRjlvT205clkzaGpXbXRaUkVjNGVITm1jamxzVVVVM2RIYxAB,ChIJmylKsULibi4Ry5_CmSaVvvA,Olive Bistro (Cafe & Resto),cirebon,Wisata,1,"Saya datang saat hujan, dan membawa motor. Saya tidak dapat parkir dan security disitu tidak Memberikan solusi, malah terkesan mengusir.",2026-03-11T06:20:07.776Z,Abimanyu W.A,102616380979816970219,False,0,id,2026-05-05T05:37:00.025870
Ci9DQUlRQUNvZENodHljRjlvT25kVmFFazJXVE5TVkZaNU0yNWxiM0pIWlRaNFRWRRAB,ChIJmylKsULibi4Ry5_CmSaVvvA,Olive Bistro (Cafe & Resto),cirebon,Wisata,1,Bad service... udah nunggu lama eh taunya pesenan ada yg ga kecatet. Harusnya tiap udah selesai pesan selain diulang ditempelin juga dong kertas pesenannya di meja jadi bisa dikroscek. Jangan asal nyebut2in pesenan doang. Not recommended,2026-02-28T12:04:35.021Z,Nanda Ekarini,112313592773498978246,False,0,id,2026-05-05T05:37:00.025898
Ci9DQUlRQUNvZENodHljRjlvT2psc2VVZ3phRzAzUnpGMmFYWnpRbGgzTXpkaWFWRRAB,ChIJmylKsULibi4Ry5_CmSaVvvA,Olive Bistro (Cafe & Resto),cirebon,Wisata,4,Cobain juice kedondongnya seger banget. Banana strudel dan spicy tofunya lumayan enak.,2026-02-15T10:49:48.915Z,Didit Dwi Subagio,106837674263960202624,True,0,id,2026-05-05T05:37:00.025907
Ci9DQUlRQUNvZENodHljRjlvT2tORVowcFBWUzFsZW5aVGRsRm9hVGRPVjBsMFEzYxAB,ChIJmylKsULibi4Ry5_CmSaVvvA,Olive Bistro (Cafe & Resto),cirebon,Wisata,5,Tempat nyaman dan bisa buat santai. Menu nya enak. Recommended banget,2026-01-13T15:08:54.943Z,Iyen Cantik,101831491482418274218,True,0,id,2026-05-05T05:37:00.025922
Ci9DQUlRQUNvZENodHljRjlvT2pCMVdFeDZkM0ZRVUU1VlNGRnJRaTB5Ymt0U1VXYxAB,ChIJTTjurlDjbi4RDYO3KOYI8lY,TETRA Coffee & Eatery - Cirebon,cirebon,Wisata,5,"Tempatnya vintage-vintage gitu bagus dan aesthetic, acnya adem, luas, tempat duduknya nyaman, baristanya ramah. Namun untuk kopinya menurutku harganya di atas rata-rata coffee shop lain yang ada di cirebon alias agak pricey tapi tetep worth to buy karena ambiance tempatnya enak. Untuk makananya belum pernah coba mungkin next time cobain kali ya. Hal lainnya yang perlu di perhatikan kalo kesini siapin uang cash buat parkir karena ada tukang parkirnya",2026-03-26T17:42:01.719Z,Abdul Majid,110616738835685884228,True,0,id,2026-05-05T05:37:00.025937
Ci9DQUlRQUNvZENodHljRjlvT25oV1ZuRndhUzFVUzJseVYwdElZVUowTTFreWJWRRAB,ChIJTTjurlDjbi4RDYO3KOYI8lY,TETRA Coffee & Eatery - Cirebon,cirebon,Wisata,5,Suka banget spot outdoor dengan beberapa opsi permainan anak. Terima kasih karena ortu jadi bisa ngopi dengan tenang sambil lihatin anak main.,2026-03-25T07:27:16.056Z,nsy,103975078181388501205,True,0,id,2026-05-05T05:37:00.025960
Ci9DQUlRQUNvZENodHljRjlvT2w5ck5VcHhMVnBKUWpkWFQwOUdSRTlYU1ZKUmFGRRAB,ChIJTTjurlDjbi4RDYO3KOYI8lY,TETRA Coffee & Eatery - Cirebon,cirebon,Wisata,5,dinding mestinya tdk perlu ada niar bisalgs liat kereta yg lewat,2026-03-23T06:59:51.643Z,Hempi Rifawan,105353511350207371164,True,0,id,2026-05-05T05:37:00.025976
Ci9DQUlRQUNvZENodHljRjlvT21GRWVXZHpiRmhQVUd4T1EyZzBWV0o0WmtScVdsRRAB,ChIJTTjurlDjbi4RDYO3KOYI8lY,TETRA Coffee & Eatery - Cirebon,cirebon,Wisata,4,"kemarin order soto iga betawi , dagingngnya masih keras banget ga lepas dr tulang🥲 better ganti potongan daging aja, terus kuahnya lebih rasa empal gentong sih karna ada kunyitnya, soto betawi kan putih yaa, chiken popcorn tepung nya juga keras , semoga di evaluasi lagi resep nya yaa, nasgornya enak tapi",2026-03-20T09:38:57.630Z,Siska Sept,102750731851524355089,True,0,id,2026-05-05T05:37:00.025984
Ci9DQUlRQUNvZENodHljRjlvT2tkbFlYbFlZbnBZUkhKZllVOXhVMWs1T0ZCS2RWRRAB,ChIJTTjurlDjbi4RDYO3KOYI8lY,TETRA Coffee & Eatery - Cirebon,cirebon,Wisata,3,"Gak bisa buat dikasih bintang 5, kemarin terpaksa buka puasa di sini karna tempat makan disekitarnya full. Ternyata harga makanan mahal banget up 65ribuan utk nasi ayam, rasa & penyajian jg biasa aja cenderung pedes doang, ukuran ayamnya kecil banget. Pantes ketika tempat makan/ caffe disekitarnya full reservasi, tempat ini masih lowong. Not recomended, gak mau dateng lagi",2026-03-19T05:23:48.421Z,Diddi Didi,109820427697075485050,True,0,id,2026-05-05T05:37:00.025992
Ci9DQUlRQUNvZENodHljRjlvT21sbVYwcFJXVzluUm01QmFYRlJiakZqYzB3M2QyYxAB,ChIJTTjurlDjbi4RDYO3KOYI8lY,TETRA Coffee & Eatery - Cirebon,cirebon,Wisata,5,so far harga dan porsinya sesuai (malah ngga espek sebanyak ini karena piringnya ternyata segede ini) paling dari segi waktu penyajian makanan sama minumannya bisa dioptimalin lagi (tapi waktu itu lagi ramadhan sih mungkin jadi kendala juga soalnya),2026-03-18T15:56:58.899Z,Alif Nurrahman F,109181659276441295077,False,0,id,2026-05-05T05:37:00.026002
Ci9DQUlRQUNvZENodHljRjlvT2pGYVNERkVha293TTJOWGVEQndlR2hTUTBWWmVsRRAB,ChIJTTjurlDjbi4RDYO3KOYI8lY,TETRA Coffee & Eatery - Cirebon,cirebon,Wisata,5,Untuk makanan dan minuman rasanya standar di kelas harganya. Suasana tempatnya ramai namun masih nyaman untuk sekedar nongkrong dan berkumpul bersama teman.,2026-03-16T16:23:55.269Z,Muhammad Farhan Alibasyah,104802945814123495573,True,0,id,2026-05-05T05:37:00.026010
Ci9DQUlRQUNvZENodHljRjlvT2xFNFExcG5iMVJzU2xKeVNUaGxjekJ3TTFkMFdHYxAB,ChIJTTjurlDjbi4RDYO3KOYI8lY,TETRA Coffee & Eatery - Cirebon,cirebon,Wisata,2,"ternyata di table ada qr untuk order menu nya, knp pas awal cust dateng ga diarahin untuk taken table dan order by scan qr nya aja ? knp hrus di suruh antri lgsg ke kasir pdhl antrian lg mengular panjang, karyawan kurang informatif jdi ga efisien untuk suasa dan keada yg lg rame ini, baik nya dievalusi lg.",2026-03-14T15:41:30.052Z,Monica Ayu,111032341536800376748,False,0,id,2026-05-05T05:37:00.026019
Ci9DQUlRQUNvZENodHljRjlvT2xKVFgwaHpMV1ZqYUZGRFdFTjViM0JNZWt0ZmNrRRAB,ChIJTTjurlDjbi4RDYO3KOYI8lY,TETRA Coffee & Eatery - Cirebon,cirebon,Wisata,4,"Makanan dan minumannya worth it, pas ke sana agak sulit parkirnya, apalagi untuk mobil, harga dan rasa okee, harus ditanya dulu halal haramnya, semoga di buku menunya dicantumkan logo halal/haram tiap produknyaa biar gak harus nanya😎🤏",2026-03-13T15:08:38.770Z,Euis Fauziah,114642642337660976479,True,0,id,2026-05-05T05:37:00.026027
Ci9DQUlRQUNvZENodHljRjlvT2tkQ1dtVmlUbTk2WVdWTlltRjFiR05PT0ZKcmEyYxAB,ChIJTTjurlDjbi4RDYO3KOYI8lY,TETRA Coffee & Eatery - Cirebon,cirebon,Wisata,5,"malam malam ke cirebon bingung mau kemana, cari cafe yang 24 jam ternyata ada, ini tempatnya, ALL GOOD, bestt",2026-03-09T21:10:08.459Z,Laura Olivia,112214871806885754026,True,0,id,2026-05-05T05:37:00.026035
Ci9DQUlRQUNvZENodHljRjlvT21sbU1FRnlWRmQzYWt4YWJuaEtiVkExVVU5NWJVRRAB,ChIJTTjurlDjbi4RDYO3KOYI8lY,TETRA Coffee & Eatery - Cirebon,cirebon,Wisata,4,"Makananny enak, kopi regalnya juga enak bgt, tp sayang pas aku k sana kopiku dan lemon tea temenku masih ada 1/4 gelas udah mau di clear up sama pelayannya huhuhu, jujurly agak gmn gitu",2026-03-08T02:11:43.111Z,edita putri,106400393689273707759,False,0,id,2026-05-05T05:37:00.026050
Ci9DQUlRQUNvZENodHljRjlvT2twUlRESkpYMEpKUzJOWGRVRllja2RDTWtFdGJFRRAB,ChIJTTjurlDjbi4RDYO3KOYI8lY,TETRA Coffee & Eatery - Cirebon,cirebon,Wisata,1,"tolong tinjau ulang kursi indoornya jangan mentingin estetika doang,ngerusak baju sama kerudung gua gara gara nyender.
mana baju lebaran lagi anying",2026-03-07T18:15:06.051Z,Galuh Prasetyo,106435976192152705612,False,0,id,2026-05-05T05:37:00.026058
Ci9DQUlRQUNvZENodHljRjlvT2s5NGMwMU9NakJoTVVKWVZ6UkNUM3BZVGs5RFZtYxAB,ChIJTTjurlDjbi4RDYO3KOYI8lY,TETRA Coffee & Eatery - Cirebon,cirebon,Wisata,5,"wahh tempat sih cozy bgt tapi minus klo hujan aja karena banyak spot outdornya but oke aja sii
kopinya enak, croisant nya juga enakk tapi belum coba semua menunya hehe",2026-02-24T05:15:43.041Z,Dellyana Ramadhani,113110342108532349839,False,0,id,2026-05-05T05:37:00.026067
Ci9DQUlRQUNvZENodHljRjlvT2xaNU1XSjZWV1Z3WDB0UFlucFZaelJ3TURKUGNuYxAB,ChIJTTjurlDjbi4RDYO3KOYI8lY,TETRA Coffee & Eatery - Cirebon,cirebon,Wisata,2,"pelayan kurang ramah , tempat sudah penuh tp ga konfirmasi ke pelanggan cuman di diemin, diliatin  dr atas smpe bawah sinis lg",2026-02-16T06:14:36.919Z,Ersa amelia,117649771036089073586,False,0,id,2026-05-05T05:37:00.026082
Ci9DQUlRQUNvZENodHljRjlvT2kxV05uZFhiVGxCV1ZGd1NFWnJaRzl5VUVsVFozYxAB,ChIJ5_nyVowdby4RBae6h-7imK8,AKSA,cirebon,Wisata,5,"Gk nyangka sih ada tempat se intense ini di cirebon ! Excellent services, comfort foods and drinks, great ambiance, nice sofa 😂 Dan ingat, ada kualitas ada harga. Bakalan visit Aksa lagi sih kalo ke Cirebon !",2026-05-05T00:21:14.474Z,rossy amadita,107147805446568205755,True,0,id,2026-05-05T05:37:00.026097
Ci9DQUlRQUNvZENodHljRjlvT2tWQ1RTMW9VamxSWlRNMFJURjVSbWxRY2xoNFdtYxAB,ChIJ5_nyVowdby4RBae6h-7imK8,AKSA,cirebon,Wisata,5,"Ga pernah secinta ini sama servis dari cafe or resto tp Aksa ini besttt.

Kunci motor ku masih nyangkut di motornya dari awal dateng tapi disimpenin sama petugas parkir, helm ku di benerin kata petugas parkirnya biar gak jatoh, sumpah baik bangettt looo. Terimakasih bapak petugas parkir Aksa. Servis di dalem cafe juga semua ramah, besttt deh, sukses selalu Aksa❤️❤️❤️❤️",2026-05-04T14:22:23.255Z,Fivit Fitriyana,101281782468525271937,True,0,id,2026-05-05T05:37:00.026115
Ci9DQUlRQUNvZENodHljRjlvT2xwalRXNWxaVkJhYVd0VVlVaG1aM0prVFdKSk0wRRAB,ChIJ5_nyVowdby4RBae6h-7imK8,AKSA,cirebon,Wisata,1,Lama pelayanannya,2026-05-04T04:19:02.711Z,susy niez,102477688976144066318,False,0,id,2026-05-05T05:37:00.026123
Ci9DQUlRQUNvZENodHljRjlvT21NMWRHMWtMVVpGUlV0bVkyMVRWMUl4ZWpJMlEwRRAB,ChIJ5_nyVowdby4RBae6h-7imK8,AKSA,cirebon,Wisata,5,pelayanan sangat ramah,2026-05-03T08:54:34.416Z,Yeni aryani Rosidi,105637938751169018496,False,0,id,2026-05-05T05:37:00.026131
Ci9DQUlRQUNvZENodHljRjlvT25ocWREUkRTR3g2YkdOQ1YxOXFWWEpWZDFkWU4xRRAB,ChIJ5_nyVowdby4RBae6h-7imK8,AKSA,cirebon,Wisata,5,"pelayanannya oke bgt, kaka yg ndut badannya tinggi ramah bgt..",2026-05-01T13:32:33.583Z,Zulfa Nabila,110586437927659878620,False,0,id,2026-05-05T05:37:00.026139
Ci9DQUlRQUNvZENodHljRjlvT2pCd0xWSlRMVU13UTBacVpWSkNhVzVMTVc1b1JHYxAB,ChIJ5_nyVowdby4RBae6h-7imK8,AKSA,cirebon,Wisata,5,"Cozy place, good coffee, friendly staff. Recommended",2026-04-30T10:16:13.593Z,Ziyazii00,114211564740351755923,False,0,en,2026-05-05T05:37:00.026161
Ci9DQUlRQUNvZENodHljRjlvT2pGRVUyNTZUbFZuYmxreGNqbDZNVE4xWXpSelNWRRAB,ChIJ5_nyVowdby4RBae6h-7imK8,AKSA,cirebon,Wisata,5,aku direkomendasiin sama sepupu aku yg kerja disini dan gongggg pelayanannya bagus ramah ramah banget kakak kakaknya!!! terus enak enak banget makanannya apalagi peanut butter toast sama croissant aku sering repeat orderr 😍,2026-04-30T08:27:43.637Z,Siti Nurhidayati Maulidyna,115382609963588614716,False,0,id,2026-05-05T05:37:00.026169
Ci9DQUlRQUNvZENodHljRjlvT21sd1MweHlXbll5YUZOdlJHaHhVRU5qY1c5emRVRRAB,ChIJ5_nyVowdby4RBae6h-7imK8,AKSA,cirebon,Wisata,1,"Tolong di perbaiki pelayanannya
Istri saya mesen makanan sudah kurang lebih 30 menit menunggu
Malah bilang makanan nya soldout",2026-04-30T07:38:24.194Z,Aji Raganing,106828435379790402490,True,0,id,2026-05-05T05:37:00.026177
Ci9DQUlRQUNvZENodHljRjlvT25wU1MzbFZjM3BxVUcxamVHbHZZVmxLU1d4Qk9GRRAB,ChIJ5_nyVowdby4RBae6h-7imK8,AKSA,cirebon,Wisata,1,"Kalau tidak ada menu tolong langsung memberitahu
Ini sudah menunggu kurang lebih 30 menit malah bilang soldout",2026-04-30T07:36:15.119Z,Adhwa haniyah putri,116709311862062721633,False,0,id,2026-05-05T05:37:00.026185
Ci9DQUlRQUNvZENodHljRjlvT2tWd1ZsTkxjMHhSTkc1cWJUUlRUVUZUVTNaTWIwRRAB,ChIJ5_nyVowdby4RBae6h-7imK8,AKSA,cirebon,Wisata,1,"PELAYANAN KURANG!! Pesanan tidak keluar dan tdk ada konfirmasi pas ditanyain alasan nya soldout padahal udah 2x ganti menu. Pertama pesan rawon kosong, akhirnya pesen soto betawi oseng, ditunggu setengah jam sampe semua menu udah pada keluar soto betawi oseng nya juga ga keluar2, pas ditanyain baru konfirmasi kalau soldout!! Harus nya pelayan bisa tau menu2 apa aja yg kosong. Ini setara resto ya bukan warteg!!",2026-04-30T06:41:46.298Z,imas lestari,110170841918540384330,True,0,id,2026-05-05T05:37:00.026193
Ci9DQUlRQUNvZENodHljRjlvT2tkRU1uZFZTVFIwUkZOdFRIQm9NRWN0YkVaaFkwRRAB,ChIJ5_nyVowdby4RBae6h-7imK8,AKSA,cirebon,Wisata,5,Top smw aksa crb,2026-04-30T04:48:38.486Z,Feny yulianto,109740187018574858599,False,0,id,2026-05-05T05:37:00.026203
Ci9DQUlRQUNvZENodHljRjlvT2pSSGFTMW1OekIwV2w5c1dFMU9kMUZHVFVaa1dYYxAB,ChIJ5_nyVowdby4RBae6h-7imK8,AKSA,cirebon,Wisata,5,"Overall oke, walaupun pake waiting list. Tapi okelah",2026-04-26T04:55:12.780Z,Deffan Febrian (MrExplore),109706062553009837827,False,0,id,2026-05-05T05:37:00.026211
Ci9DQUlRQUNvZENodHljRjlvT2xjeldsTmhVbEV3YUVKdlZWUjVka2xwZUV3eWNrRRAB,ChIJ5_nyVowdby4RBae6h-7imK8,AKSA,cirebon,Wisata,5,"Makanannya enak, cuma porsinya emang besar bgt",2026-04-23T07:11:42.007Z,Tiara Rafa chanel,103623035287501474902,True,0,id,2026-05-05T05:37:00.026232
Ci9DQUlRQUNvZENodHljRjlvT2xaWE9GTnJlRVE1ZDBGWVNYaEdPR2REYzNoWlZGRRAB,ChIJ5_nyVowdby4RBae6h-7imK8,AKSA,cirebon,Wisata,5,"10/10 sukaaa bangeetttt! makanannnya beneran gaada yang gagal, semuanya enakkk. kamar mandinya bersih, tempatnya cozy, dan pelayanannya best bangeett. next ke sini lagi hihi💖",2026-04-19T16:33:32.466Z,Elza Yuniar,108042314247780628310,False,0,id,2026-05-05T05:37:00.026254
Ci9DQUlRQUNvZENodHljRjlvT2psV1QzcDRaRmRaYkhCUE9HYzNXVzFpTW5oVGFHYxAB,ChIJmylKsULibi4Ry5_CmSaVvvA,Olive Bistro (Cafe & Resto),cirebon,Wisata,5,"Makanannya enak
Tempatnya bersih
Suasana nyaman
Tdk berisik
Service by friendly
Harganya worth it",2026-01-08T11:21:19.130Z,Wawan Bagus Hartono,103438946912532678248,True,0,id,2026-05-05T05:37:00.026262
Ci9DQUlRQUNvZENodHljRjlvT2tOZmNsbG9aaTFCUWxWeGFHNVRiWGQzVlZSdGNGRRAB,ChIJmylKsULibi4Ry5_CmSaVvvA,Olive Bistro (Cafe & Resto),cirebon,Wisata,5,"Makanan enak, porsi besar, ambience nya nyaman, pelayanan ramah, betah nongki lama disini.",2026-01-07T14:25:09.028Z,Nurul Janah,118207192500131989575,True,0,id,2026-05-05T05:37:00.026270
Ci9DQUlRQUNvZENodHljRjlvT2paaFRWUlZUa3R2VVV4NmRWUTJiamRDV2xGSmNHYxAB,ChIJmylKsULibi4Ry5_CmSaVvvA,Olive Bistro (Cafe & Resto),cirebon,Wisata,5,"Apple Strudlenya okehh, bikin nagihh hehehe",2026-01-06T07:58:09.285Z,Yohanes Prananto,108305265410060238151,True,0,id,2026-05-05T05:37:00.026278
Ci9DQUlRQUNvZENodHljRjlvT25aQ1ExTTFObDlhY0ZSZlMzY3pNV2gxVVcxT1VrRRAB,ChIJmylKsULibi4Ry5_CmSaVvvA,Olive Bistro (Cafe & Resto),cirebon,Wisata,5,Nasgor kambingnya enak,2026-01-03T17:32:13.222Z,titik wilujeng,117289903914407085697,True,0,id,2026-05-05T05:37:00.026286
Ci9DQUlRQUNvZENodHljRjlvT2xkcmNraG9ZaTFOV1VNdFNrbDJNMWh2YTNJNWVFRRAB,ChIJmylKsULibi4Ry5_CmSaVvvA,Olive Bistro (Cafe & Resto),cirebon,Wisata,5,"Makanan enak, dari iga bakar sampai sitake teriyaki, salad tunanya juga enak. Agak pricely tapi sesuai dengan suasananya yang mewah",2026-01-03T02:05:49.156Z,marsudi 74,113823175327090955162,True,0,id,2026-05-05T05:37:00.026294
Ci9DQUlRQUNvZENodHljRjlvT25KU1oxUkpVVk5KUmpjd1EzbElMV0ZyVGkxaFVFRRAB,ChIJmylKsULibi4Ry5_CmSaVvvA,Olive Bistro (Cafe & Resto),cirebon,Wisata,4,"Good ambient, makanan selalu tersedia klo bs kursi bisa di rebahan sedikit biar pinggang bs rata tp scr keseluruhan sudah ok banget.",2025-11-28T20:48:29.024Z,Toosye Tapilatu,113172430396245646027,False,0,id,2026-05-05T05:37:00.026324
Ci9DQUlRQUNvZENodHljRjlvT2sxaFoxTlpjV3RtTW05SVJqUTFibE5aWHkxRVZtYxAB,ChIJmylKsULibi4Ry5_CmSaVvvA,Olive Bistro (Cafe & Resto),cirebon,Wisata,5,"Tempat nyaman buat ngafe, enak, terutama pizza keju nya....mantab!!!",2025-11-18T06:51:39.215Z,chandra kuosasih,110636135878816372010,True,0,id,2026-05-05T05:37:00.026349
Ci9DQUlRQUNvZENodHljRjlvT2tsVmVWSnhlV2ROYkZORVRHNURaa3B1ZVhJeFQzYxAB,ChIJmylKsULibi4Ry5_CmSaVvvA,Olive Bistro (Cafe & Resto),cirebon,Wisata,5,"The price is still affordable, especially with a fairly good taste.",2025-11-14T18:44:42.578Z,Zahri Anshori,109299598093887609641,True,0,en,2026-05-05T05:37:00.026357
Ci9DQUlRQUNvZENodHljRjlvT25kV1RGcEljSFpLYVZaVFJVa3hiME0zYm00eVpXYxAB,ChIJmylKsULibi4Ry5_CmSaVvvA,Olive Bistro (Cafe & Resto),cirebon,Wisata,5,"Grat food, great ambience, fast service",2025-11-14T05:05:57.423Z,Alfred Lie,106620460367830846234,True,0,en,2026-05-05T05:37:00.026368
Ci9DQUlRQUNvZENodHljRjlvT21kUWRHZG1URXhhUkhCVGRXUTNlSGRhUW5waFNVRRAB,ChIJmylKsULibi4Ry5_CmSaVvvA,Olive Bistro (Cafe & Resto),cirebon,Wisata,5,"Rawon y best bgt 😭
Kuah y lekoh isian y bnyak",2025-11-08T10:18:00.102Z,Selamet Riyadi,105806013776922692998,False,0,id,2026-05-05T05:37:00.026378
Ci9DQUlRQUNvZENodHljRjlvT205TFdVbERXSEI0YlRWamRYZEZjMGRSVjNkWmVVRRAB,ChIJmylKsULibi4Ry5_CmSaVvvA,Olive Bistro (Cafe & Resto),cirebon,Wisata,5,Nasi goreng dan spagheti nya enak. Menu yang lainnya belum di coba. Hehe .alasan kesana ikutin acara beauty class  wardah,2025-10-25T10:55:56.860Z,Nada Nadiva Chomell (Nada),105532336483763865589,True,0,id,2026-05-05T05:37:00.026400
Ci9DQUlRQUNvZENodHljRjlvT21KTWFraFpaekpLVDJOd1h6SmFPVVpUWDBaMWVVRRAB,ChIJmylKsULibi4Ry5_CmSaVvvA,Olive Bistro (Cafe & Resto),cirebon,Wisata,5,Cafe langganan saat ke cirebon hehe..,2025-09-30T13:25:49.287Z,Khilda baiti rohmah,115249204194008048855,True,0,id,2026-05-05T05:37:00.026409
Ci9DQUlRQUNvZENodHljRjlvT2pZMVkyTlZXRGt5ZUdOcVdVNUZlV3BtVEU5V1pVRRAB,ChIJHUSCN5zjbi4RfYU0UXbV2B0,Ini Kopi Ulon Signature - Tuparev,cirebon,Wisata,5,"kopi dan makanan enak, tempat nyaman.",2026-05-04T12:25:43.157Z,Wahyu Nur Hidayat,100740176067611224811,False,0,id,2026-05-05T05:37:00.026454
Ci9DQUlRQUNvZENodHljRjlvT2xnNWVtSlRNM3B5ZVV0Q2JETjZTVXBRV1dzM1VFRRAB,ChIJHUSCN5zjbi4RfYU0UXbV2B0,Ini Kopi Ulon Signature - Tuparev,cirebon,Wisata,5,Untuk kopi teman romantis mantap lebih di srong rasa kopinya,2026-05-04T12:16:20.565Z,FRizki Wahyudi,111962875463478875359,False,0,id,2026-05-05T05:37:00.026462
Ci9DQUlRQUNvZENodHljRjlvT21FeGFXeGpjazVCYjBJMVNXZFZRVzVXVFZSNFNtYxAB,ChIJHUSCN5zjbi4RfYU0UXbV2B0,Ini Kopi Ulon Signature - Tuparev,cirebon,Wisata,5,"Kopi teman romantis takaran kopinya ditambahkan lagi sedikit, untuk sirupnya sudah pas. ✍️🏻",2026-05-04T12:15:17.255Z,Ahmad Sayfur,109733341378182708732,False,0,id,2026-05-05T05:37:00.026470
Ci9DQUlRQUNvZENodHljRjlvT21OV2JFeGliVjlJVmxSb1ltazNNMnRrTFV4d1gxRRAB,ChIJHUSCN5zjbi4RfYU0UXbV2B0,Ini Kopi Ulon Signature - Tuparev,cirebon,Wisata,5,"Kopi Ulon: atmosphere nya OK bgt, cozy, bersih, & nyaman. Saya pesan Kopi Ulon Rhumantis. Enak, wangi, kopinya nikmat.",2026-05-04T08:17:09.898Z,retno damayanti,108122693551352202603,False,0,id,2026-05-05T05:37:00.026487
Ci9DQUlRQUNvZENodHljRjlvT21oQmFUSnBXRWREVFZSR05EQlJlRWd4UmkxRlJHYxAB,ChIJHUSCN5zjbi4RfYU0UXbV2B0,Ini Kopi Ulon Signature - Tuparev,cirebon,Wisata,5,Boleh nih balik lagi kesini klo pas ke Cirebon lagi... Sukses ya...,2026-05-04T08:16:43.260Z,Mercy Narulita,109517165026306899022,True,0,id,2026-05-05T05:37:00.026495
Ci9DQUlRQUNvZENodHljRjlvT2xCNlFta3hTVmxNTjJSbWJGOWtWMkl3ZUd4TlprRRAB,ChIJHUSCN5zjbi4RfYU0UXbV2B0,Ini Kopi Ulon Signature - Tuparev,cirebon,Wisata,5,"kopi nya sangat enak
layak di rekomendasi kan",2026-05-02T10:40:56.061Z,Ibnu Ziad,105868902995971553241,True,0,id,2026-05-05T05:37:00.026503
Ci9DQUlRQUNvZENodHljRjlvT210eFNFdzBla1owU1ZWcFozWk1OMEp0Vlc1VFVuYxAB,ChIJHUSCN5zjbi4RfYU0UXbV2B0,Ini Kopi Ulon Signature - Tuparev,cirebon,Wisata,5,"Minuman rasanya sudah sesuai dengan selera (manisnya pas) , pelayanan baik dam ramah. Terimakasih",2026-05-02T10:30:25.497Z,Lianita Nurindah R,109544519926003490537,False,0,id,2026-05-05T05:37:00.026510
Ci9DQUlRQUNvZENodHljRjlvT2pRd1pqSk5RbGRaUjNoM2FqZEVjSFZ0TWxSWVVuYxAB,ChIJHUSCN5zjbi4RfYU0UXbV2B0,Ini Kopi Ulon Signature - Tuparev,cirebon,Wisata,5,"pelayanan nyaaa ramah, tempat nya nyaman dan bersih. makanan & minuman nya recommend.",2026-05-02T10:30:23.390Z,Amelia Maharani,116499364224590300902,False,0,id,2026-05-05T05:37:00.026519
Ci9DQUlRQUNvZENodHljRjlvT21GVGNtVlpVelZPUm5aQk9Vd3lhVGRaWlRKb1VGRRAB,ChIJHUSCN5zjbi4RfYU0UXbV2B0,Ini Kopi Ulon Signature - Tuparev,cirebon,Wisata,5,"oke banget, tempat nongki favorit🫰🏻",2026-05-02T10:26:57.225Z,MOTS7,100889631495134614245,False,0,id,2026-05-05T05:37:00.026526
Ci9DQUlRQUNvZENodHljRjlvT2tneFZrWmpaR2hNUjI5UGFXSkJXbmRpUWpGMFJWRRAB,ChIJHUSCN5zjbi4RfYU0UXbV2B0,Ini Kopi Ulon Signature - Tuparev,cirebon,Wisata,5,"Nongrong bareng temen ✅️
Kerjaan/Bisnis ✅️
Family time ✅️

Disediakan Playground
Ada Billiard dan Refleksi jga sekitar sini. Top deh",2026-05-01T12:51:50.525Z,Robby Himura,109258415181948235332,True,0,id,2026-05-05T05:37:00.026542
Ci9DQUlRQUNvZENodHljRjlvT2pCSGJTMWhWakYxUmxKU1EwUjBNakY2YzJWT1ZsRRAB,ChIJHUSCN5zjbi4RfYU0UXbV2B0,Ini Kopi Ulon Signature - Tuparev,cirebon,Wisata,5,Tempat nyaman sama kopinya enak,2026-05-01T12:37:59.387Z,RIZAL MAHENDRA,111004632060012479736,False,0,id,2026-05-05T05:37:00.026550
Ci9DQUlRQUNvZENodHljRjlvT2pCNk1XWTFXazlSVURKemVUZEVZVlJoVTJodFoxRRAB,ChIJHUSCN5zjbi4RfYU0UXbV2B0,Ini Kopi Ulon Signature - Tuparev,cirebon,Wisata,5,"KOPINYA ENAK, GA LEBAY
TEMPATNYA COZY, COCOM UNTUK KERJA NUGASS
PELAYANAN TOPPP",2026-05-01T12:37:20.272Z,Ghifari Reyhan,107860123281563168248,False,0,id,2026-05-05T05:37:00.026557
Ci9DQUlRQUNvZENodHljRjlvT25GbVQzZzRjRU10VnpkcVgwTlVZMHRzVDFWTlZWRRAB,ChIJ5_nyVowdby4RBae6h-7imK8,AKSA,cirebon,Wisata,5,Jujur 2 kali kesini ga pernahh mengecewakan sihh pelayanan nya pun ramahhh makanan nya juga enakkk best bangett❤️,2026-04-19T01:36:16.313Z,Genies Virna,111343353643818601509,False,0,id,2026-05-05T05:37:00.026579
Ci9DQUlRQUNvZENodHljRjlvT21kU0xXNUNTakpUWDB3dFRHZHhNbFJtWjFCUk1GRRAB,ChIJ5_nyVowdby4RBae6h-7imK8,AKSA,cirebon,Wisata,5,Surprisingly makanan nya enak. Tempatnya nyaman dan luas banget. Apalagi sirkulasi udara nya juga bagus ada taman di dalem nya. Best resto / cafe in town !!,2026-04-18T15:49:02.105Z,Tri Agung Widyarizki,106345143660577728072,False,0,id,2026-05-05T05:37:00.026588
Ci9DQUlRQUNvZENodHljRjlvT25kc1IxUk1PVmRvVldsVFZsSnJaMkp0ZDI5WVRuYxAB,ChIJ5_nyVowdby4RBae6h-7imK8,AKSA,cirebon,Wisata,5,"Makan dan ngopi bareng keluarga di AKSA, tempatnya luas dan nyaman banget buat kumpul. Suasananya santai, ada area outdoor juga. Makanannya enak dengan pilihan menu yang cukup banyak, kopinya juga pas buat nemenin ngobrol. Pelayanannya ramah dan cukup cepat. Cocok banget buat makan bareng keluarga atau nongkrong santai.",2026-04-18T06:16:29.042Z,Arif Hidayat,113413694180420943845,True,0,id,2026-05-05T05:37:00.026596
Ci9DQUlRQUNvZENodHljRjlvT2pOdFZucFRhMHhFU0MxaFZ6WlVXbXhsVkY5NFduYxAB,ChIJ5_nyVowdby4RBae6h-7imK8,AKSA,cirebon,Wisata,5,"Pelayanan bagus banget, ramah-ramah dan sangat membantu untuk proses memesan menu hingga pembayaran. makanan juga enak, minuman smoothies nya seger banget terus suasananya nyaman buat disini lama-lama. yang mau foto Instagramable, banyak kok spot fotonya. bagus deh pokoknyaa👍🏽😊 btw aku dateng pas weekend jadi masuk waiting list dulu sebentar",2026-04-16T02:33:13.933Z,wen ning,108473889280205481435,True,0,id,2026-05-05T05:37:00.026618
Ci9DQUlRQUNvZENodHljRjlvT2xWc00wUTVXRzFPV1RaQlpVTkxWVE5rWmxKUlMwRRAB,ChIJ5_nyVowdby4RBae6h-7imK8,AKSA,cirebon,Wisata,5,kebetulan pas kesini lagi rame rame nya. ngajak toddler pula 😂,2026-04-15T02:19:44.640Z,Feryanto Abi F,107582986878536668393,True,0,id,2026-05-05T05:37:00.026626
Ci9DQUlRQUNvZENodHljRjlvT2xReFZWUlFWa05MT1ZJNVJHOVlabWhNYmxVNU5rRRAB,ChIJ5_nyVowdby4RBae6h-7imK8,AKSA,cirebon,Wisata,5,"makanannya enak banget! dan buat pelayanannya juga baik banget, makasihh buat perayaannyaa",2026-04-14T13:51:32.832Z,Kania Nurzakiyyah,101480024518063893123,False,0,id,2026-05-05T05:37:00.026640
Ci9DQUlRQUNvZENodHljRjlvT2pNNFdGRjVUVGRGUmtaak5VZGhaREF6Ums5TGFIYxAB,ChIJ5_nyVowdby4RBae6h-7imK8,AKSA,cirebon,Wisata,5,"Lokasi dan tempat parkir oke
Pertahankan kondisi dingin di ruangan indoor AC dan kebersihan di dalam ruangan, karena masih terlihat lalat.

Crew banyak, dapat dilatih lagi untuk mempertahankan 3S (Salam, senyum, sapa)

Untuk es kopi signature nya base nya enak dan creamy cuma terlalu manis, ada baiknya opsi yang less/half sugar dan penyajian pisah antara kopi dan gelas berisi es batu.

Makanan lain sementara aman, enak, dan porsi cukup generous untuk harga yang ditawarkan.

Setelan volume musik terlalu keras, dengan konsep kafe tersebut baiknya dikecilkan.",2026-04-13T04:14:02.779Z,Aris G,116570944828226214254,True,0,id,2026-05-05T05:37:00.026655
Ci9DQUlRQUNvZENodHljRjlvT25CVlRURjVWMk54Y2tGd1VHVllYM2wxUm5sRk9XYxAB,ChIJ5_nyVowdby4RBae6h-7imK8,AKSA,cirebon,Wisata,5,"All good, ramah bgt thx",2026-04-11T16:54:30.368Z,Nadira Fatharani Azka,102799960833860758856,False,0,en,2026-05-05T05:37:00.026663
Ci9DQUlRQUNvZENodHljRjlvT21wUlEyRkRRMVJaUjBSdlkzcEhRak5HUm5wTVNYYxAB,ChIJ5_nyVowdby4RBae6h-7imK8,AKSA,cirebon,Wisata,5,Tempatny nyaman di tambah Ada kak gita soalny jadi tempatnya makin nyaman wkwk,2026-04-11T15:41:00.143Z,Aldi Hariy,114471048562403950656,False,0,id,2026-05-05T05:37:00.026671
Ci9DQUlRQUNvZENodHljRjlvT2w4eFdWZE5aSG96YTBkRmJVNDRVMGx6YlhSeFQyYxAB,ChIJ5_nyVowdby4RBae6h-7imK8,AKSA,cirebon,Wisata,2,"Untuk makanan dan signature drinks lumayan, pilihan makanan juga bermacam, ayam laos dan salad nya recommended, tapi untuk Pelayanannya masih perlu training lagi, pelayan tau ada makanan yang jatuh di meja tapi tidak ada inisiatif untuk sekedar mengambilkan tisu atau membersihkan, padahal makanan jatuh karna kesalahan dari pelayanan itu sendiri.

Please bisa improve lagi, terutama dalam hal pelayanan",2026-04-09T13:28:33.274Z,Qurrotu'Aini Wardah,113813263416325349551,True,0,id,2026-05-05T05:37:00.026686
Ci9DQUlRQUNvZENodHljRjlvT2xrMFgxOU5URGhHVEdaRVdXUkdWbXRLYm1FMlRHYxAB,ChIJ5_nyVowdby4RBae6h-7imK8,AKSA,cirebon,Wisata,5,"The atmosphere is calm and refreshing, with an aesthetic garden that makes you want to stay longer. It’s perfect for casual chats or just sitting alone to recharge. The service is friendly, and overall it feels comfortable without being too crowded or noisy.",2026-04-09T04:41:21.737Z,Zulfikar Ali Ibadurrahman,103830550106758039598,True,0,en,2026-05-05T05:37:00.026694
Ci9DQUlRQUNvZENodHljRjlvT2xwclpUQkdVRlpqUWxaek4wOHljRkJyVDFCM2NVRRAB,ChIJ5_nyVowdby4RBae6h-7imK8,AKSA,cirebon,Wisata,5,"Hari ke-2 lebaran kumpul keluarga disini, dapat private room karena > 20 orang tanpa waitinglist, 2 ruangan dijadikan 1, ada AC, ada smart tv, anak anak bisa lihat TV. Pesanan datang cukup cepat, pelayanan ramah dan cepat, minta tambahan menu, minta tambahan kursi, bahkan penyajian makanan. Parkiran cukup luas.

Kopi susunya enak banget, tidak terlalu creamy, seperti ada rasa kacangnya, gelasnya bikin awet dinginnya. Untuk snack lain just so-so, tapi tidak zonk. Saladnya enak, sayur segar, daging ayam banyak, terlebih sausnya yang perfectly match. Restonya bagus, minimalis, ada tamannya, ada area indoor juga outdoor.",2026-04-05T10:36:31.692Z,Anggita Deska,106502328316704552761,True,0,id,2026-05-05T05:37:00.026748
Ci9DQUlRQUNvZENodHljRjlvT2xVd2QyZFlVM2RTVTNoelNWaDBjV3RWVldaeFpsRRAB,ChIJvVVj7UXjbi4RZcs6UqFIvfw,Safti Coffee & Space,cirebon,Wisata,2,Pelayanannya jelek makanan disajikan hampir 2 jam.. ruang karaoke kurang memadai.. sound kurang bagus,2026-04-28T15:12:40.248Z,Ratih Ruslan,113294161921947022721,False,0,id,2026-05-05T05:37:00.026762
Ci9DQUlRQUNvZENodHljRjlvT21aRlpYZFpiR3hoZEU5WFp6bGZVbk5DZVdKYVRrRRAB,ChIJvVVj7UXjbi4RZcs6UqFIvfw,Safti Coffee & Space,cirebon,Wisata,1,"order makanan dari sebelum maghrib sampe stgh 8 malam belum jadi jadi, pas udah diantar semua makanannya DINGIN.
even cireng nya pun keras sambel cocolannya ASEEEEEM!! nasi goreng dan ayam gorengnya DINGIN TOTALLL
servicenya bad banget, harusnya bukber dengan nikmat ini bikin jadi ga nikmat. KACAU",2026-03-11T12:29:05.159Z,Retno Yulia,115719751142711528192,False,0,id,2026-05-05T05:37:00.026828
Ci9DQUlRQUNvZENodHljRjlvT2kxMUxXNVRWSGhzUTIxT2FFUkJTelZWWVVsUWExRRAB,ChIJvVVj7UXjbi4RZcs6UqFIvfw,Safti Coffee & Space,cirebon,Wisata,5,"recomended banget buat santai ,tempat luas ada 3 lantai plus rooptop yg sangat luas dengan view kota cirebon dan gunung ciremai pastikan klo mau view cakep sore hari aslakan cuaca cerah",2025-12-07T10:54:26.754Z,Imam jason Santosa,104194824836214480046,True,0,id,2026-05-05T05:37:00.026851
Ci9DQUlRQUNvZENodHljRjlvT2pGUVdtMDNXRlJhUTJGVFpHcG1aR0l6WjJodGFsRRAB,ChIJvVVj7UXjbi4RZcs6UqFIvfw,Safti Coffee & Space,cirebon,Wisata,5,"Mantaaaap makanannya, kopinya enak yang manual brew, toilet bersih, musholanya dingin",2025-12-02T19:20:02.811Z,Fery Marendra,103806995433231970345,True,0,id,2026-05-05T05:37:00.026859
Ci9DQUlRQUNvZENodHljRjlvT25OWFRrdGtRalk1TmxKdk5uaENNbVJPYW5CNk1FRRAB,ChIJvVVj7UXjbi4RZcs6UqFIvfw,Safti Coffee & Space,cirebon,Wisata,5,"Nyobain kesini. Minggu 12 Oktober 2025.
Tersedia lantai 4,
Ada ruangan AC dan rooftop nya ada booth buat life musik.
Ada Mushollah dan toilet.
Untuk makanan standart, harus ada sentuhan sedikit lagi biyar rasanya lebih nikmat.
Pesan nasgor, pakcoy, spaghetti.
Pelayanan ramah.
Untuk lantai 3 nya langsung tempat masaknya jadi keliatan, mungkin kalau duduk di lantai 3 nantinya bau sedap makanan saat dimasak kemana2.",2025-10-12T14:54:38.824Z,Kuyong & Medon,106417672984220144579,True,0,id,2026-05-05T05:37:00.026868
Ci9DQUlRQUNvZENodHljRjlvT2sxa2RraDBjVmg0Ym1kUlJub3hZbWQ0ZDFCeWFuYxAB,ChIJvVVj7UXjbi4RZcs6UqFIvfw,Safti Coffee & Space,cirebon,Wisata,4,Halo warga cirebon jangan lupa merapat ke safti cafe karena setiap malam minggu ada live musik loh ditunggu kedatanganya nih,2025-08-29T13:40:53.824Z,Mohamad Ferry,102014932033410406648,True,0,id,2026-05-05T05:37:00.026904
Ci9DQUlRQUNvZENodHljRjlvT20xelJXZDFXazF2WjBsSFRVeGhRalJ5YWpWbU1rRRAB,ChIJvVVj7UXjbi4RZcs6UqFIvfw,Safti Coffee & Space,cirebon,Wisata,5,Sesuai ekspektasi,2025-08-24T07:24:48.336Z,Idlan Hakimi,110496811181150791297,False,0,id,2026-05-05T05:37:00.026920
Ci9DQUlRQUNvZENodHljRjlvT210MmNEUmhUM2QyYmpsaGNXczNiVXBxWlVoSlgxRRAB,ChIJmylKsULibi4Ry5_CmSaVvvA,Olive Bistro (Cafe & Resto),cirebon,Wisata,5,Makanannya enak,2025-09-04T11:10:51.905Z,Hardi Di2,101996059551533953913,False,0,id,2026-05-05T05:37:00.026950
Ci9DQUlRQUNvZENodHljRjlvT21wUU5XcHlXVTlGTjA1YWFUaDBXRmMyV2pReVRXYxAB,ChIJmylKsULibi4Ry5_CmSaVvvA,Olive Bistro (Cafe & Resto),cirebon,Wisata,4,"Enak mantab, layanan istimewa. Harga agak lumayan. Tp sebanding",2025-08-25T23:27:30.781Z,wisnu mutiara,101736971480627149858,True,0,id,2026-05-05T05:37:00.026968
Ci9DQUlRQUNvZENodHljRjlvT21wb1dXNUVhVTExVlVRdFRGSmFTRUp6UVVsNVprRRAB,ChIJmylKsULibi4Ry5_CmSaVvvA,Olive Bistro (Cafe & Resto),cirebon,Wisata,5,"Tempatnya Nyaman, serasa ada di jakarta atau di bandung, kebetulan kita Menginap di Prima dan makan sianh di sini, setelah ikut carfreeday di alun alun cirebon",2025-08-25T01:03:43.808Z,Sulistyo Budi Alanshory,101213026079736783970,True,0,id,2026-05-05T05:37:00.026977
Ci9DQUlRQUNvZENodHljRjlvT2xKalptSm9kMDlXTldOalVXTk9kV1o1VUhKbVEwRRAB,ChIJmylKsULibi4Ry5_CmSaVvvA,Olive Bistro (Cafe & Resto),cirebon,Wisata,5,"外見はすごく高そうなお店に見えますが、実際はそれほど高価ではなく、スパゲティやピザなどの料理も食べられます（私はピザやスパゲティの所しか見ていないので、他に何があったか覚えていません）
揚げ物が多いインドネシア料理があまり得意でない外国人にとってもいいお店だと思います。
料理が提供されるのに少し時間がかかりますが、その分丁寧に作られていると感じました。",2025-08-23T16:32:00.130Z,Jose,118400878069836876140,True,0,ja,2026-05-05T05:37:00.026986
Ci9DQUlRQUNvZENodHljRjlvT21ZMWREUTRhRVJYWkV0amNHNUxPWGxQWjFVMGExRRAB,ChIJmylKsULibi4Ry5_CmSaVvvA,Olive Bistro (Cafe & Resto),cirebon,Wisata,5,"Makanan nya sih emang itu² aja, biasa kaya menu cafe or resto pada umumnya,tapi rasanya itu looh enakbangettt, layanannya juga oke, suasana tenang,bersih, rapih dan indah
Wort it deh buat nongkrong with doi or with friend s 🥰",2025-08-06T08:27:54.073Z,Al Khoira As Sirbuny,103447896390746094740,True,0,id,2026-05-05T05:37:00.027024
Ci9DQUlRQUNvZENodHljRjlvT2s0eVUweE9VMVphVjJsa05GcHpOVXBpVEZNemRGRRAB,ChIJHUSCN5zjbi4RfYU0UXbV2B0,Ini Kopi Ulon Signature - Tuparev,cirebon,Wisata,5,Tempatnyaaa sangat worith buat nongkrong,2026-04-30T12:43:53.779Z,Nabilla 13,100853039383975996543,False,0,id,2026-05-05T05:37:00.027033
Ci9DQUlRQUNvZENodHljRjlvT21oNFJrTnZTR0k1UXkxdlV6aFpSMlpqVlc5YVFXYxAB,ChIJHUSCN5zjbi4RfYU0UXbV2B0,Ini Kopi Ulon Signature - Tuparev,cirebon,Wisata,5,"Tempatnya nyaman, pelayanananya ramah, penyajian cepat rasanya luar biasa,.....",2026-04-30T07:33:10.961Z,Lilik Solikha,117588417789618363518,False,0,id,2026-05-05T05:37:00.027041
Ci9DQUlRQUNvZENodHljRjlvT2pCalMxOWFNRGx0YjFWSWJqVkRWa1pMWDI1T1VsRRAB,ChIJHUSCN5zjbi4RfYU0UXbV2B0,Ini Kopi Ulon Signature - Tuparev,cirebon,Wisata,5,"Nyaman banget nongkrong disini, sbnrnya kesini krn mau nunggu jadwal travel pulang ke jakarta dan cari spot nunggu yg nyaman sekalian mau numpang sholat di musholla nya.
Dari awal datang disambut greeting yg hangat, dan pelayanannya semua aku kasih bintang tujuh pokoknya, wajib masukin tips ke kotak tips nya sih ini krn servis nya top semua.
Pesan ice matcha latte, hot americano dan dry ramen black garlic. Aduh enak2 semua rasanya.
Surprise di cirebon ada cafe asik begini dan harganya masuk akal bgt.
Aku merasa es matcha ku kurang dingin, mereka langsu kasih free es batu 1gelas penuh, thx ulon.
Bakal balik lg nongkrong disini klo ke cirebon lg dan cobain menu2 lainnya.",2026-04-30T04:47:50.455Z,happy tummy,103007183936830957464,True,0,id,2026-05-05T05:37:00.027050
Ci9DQUlRQUNvZENodHljRjlvT21sblNXeFhaRnBTWnkxeVlsTlZhakZRWWxWUVNGRRAB,ChIJHUSCN5zjbi4RfYU0UXbV2B0,Ini Kopi Ulon Signature - Tuparev,cirebon,Wisata,5,Pelayanan sangat baik,2026-04-29T15:00:43.503Z,Ajeng Ayy,115875020911194326471,False,0,id,2026-05-05T05:37:00.027058
Ci9DQUlRQUNvZENodHljRjlvT2pCc04za3liRFZNTlhOVmRHNWFRbkp5UVhaa2VIYxAB,ChIJHUSCN5zjbi4RfYU0UXbV2B0,Ini Kopi Ulon Signature - Tuparev,cirebon,Wisata,5,kopinya enak pelayannya ramah,2026-04-29T13:45:00.394Z,Gaidan Falatehan,102191563687976665357,False,0,id,2026-05-05T05:37:00.027074
Ci9DQUlRQUNvZENodHljRjlvT2toWlMwRkRVbFJDTURCSVNWUlVOWG8wTldoRVRVRRAB,ChIJHUSCN5zjbi4RfYU0UXbV2B0,Ini Kopi Ulon Signature - Tuparev,cirebon,Wisata,5,tester kopi yang dari tebu nya lebih creamy dan enak,2026-04-29T13:26:19.815Z,Ameyira Rafelina,108749127284656473917,False,0,id,2026-05-05T05:37:00.027112
Ci9DQUlRQUNvZENodHljRjlvT2tGdlMzZEZVREo2WTB0WWRFbEpZWEZTUkU1NGNWRRAB,ChIJHUSCN5zjbi4RfYU0UXbV2B0,Ini Kopi Ulon Signature - Tuparev,cirebon,Wisata,5,"pelayanannya ramah,kopinya enakkkkkkk",2026-04-29T08:37:48.831Z,Ahmad Falibi,106066961766367954843,False,0,id,2026-05-05T05:37:00.027130
Ci9DQUlRQUNvZENodHljRjlvT2pSeFdtaE9VMkl6VGpSTU0wRXlla1ptT1VKS05HYxAB,ChIJHUSCN5zjbi4RfYU0UXbV2B0,Ini Kopi Ulon Signature - Tuparev,cirebon,Wisata,5,tempat nongkrong nyaman dan banyak macam varian kopinya,2026-04-29T06:39:03.154Z,Van Tah,108103274869535314385,False,0,id,2026-05-05T05:37:00.027145
Ci9DQUlRQUNvZENodHljRjlvT2taV1QwbGFjV05LYm1obVpsVTFZVVk0T1MxRGQzYxAB,ChIJHUSCN5zjbi4RfYU0UXbV2B0,Ini Kopi Ulon Signature - Tuparev,cirebon,Wisata,5,"tempat nya bagus, rekomen banget buat nongs",2026-04-28T14:07:29.445Z,Marcello Dwi Pasha,106840458711524307437,False,0,id,2026-05-05T05:37:00.027182
Ci9DQUlRQUNvZENodHljRjlvT25GNFJtTnNhMFZVUnkxc1pqWTJOQzB5WDNNMFEwRRAB,ChIJHUSCN5zjbi4RfYU0UXbV2B0,Ini Kopi Ulon Signature - Tuparev,cirebon,Wisata,3,"Ambiance : Good
Service : Good + Friendly
Drink (iced Cafe Latte) : Nothing special

Need to be improved : quality of coffee, make it strong, the cafe latte is more like iced milk + creamer.",2026-04-28T10:31:02.028Z,Ben Lim,112516227204926694094,True,0,en,2026-05-05T05:37:00.027191
Ci9DQUlRQUNvZENodHljRjlvT2pabE5FdzNaMGRtVFcxeGJYZFZSM3BxT0U1WE9HYxAB,ChIJHUSCN5zjbi4RfYU0UXbV2B0,Ini Kopi Ulon Signature - Tuparev,cirebon,Wisata,5,Kopinya enak klo ad bintang 10 juga kasih 10🤩🤩,2026-04-27T13:48:12.714Z,Ahmad Aulady,117930398299911076195,False,0,id,2026-05-05T05:37:00.027200
Ci9DQUlRQUNvZENodHljRjlvT25sb2NteHhlakJHWW1sUmEzRnBiRTlrTUhWaFlrRRAB,ChIJHUSCN5zjbi4RfYU0UXbV2B0,Ini Kopi Ulon Signature - Tuparev,cirebon,Wisata,1,"Masa iya parkiran penuh ga diinfoin di pintu masuk, jadi ngerusak mood aja😐",2026-04-26T22:12:42.811Z,Wayan Sutayana,106806684271659637330,True,0,id,2026-05-05T05:37:00.027216
Ci9DQUlRQUNvZENodHljRjlvT2tvd2JWTkpTRlJLVVZSWGEzTmxTbkJ1YjBGSFlXYxAB,ChIJHUSCN5zjbi4RfYU0UXbV2B0,Ini Kopi Ulon Signature - Tuparev,cirebon,Wisata,5,"mantaapp enakk bgt kopinya, tempatnya juga pw",2026-04-25T10:43:52.404Z,vee,109175168436234714225,False,0,id,2026-05-05T05:37:00.027224
Ci9DQUlRQUNvZENodHljRjlvT2tweGVVbFRaVVpUVUdNMmFuUk1ja0psYm1JeFUxRRAB,ChIJvVVj7UXjbi4RZcs6UqFIvfw,Safti Coffee & Space,cirebon,Wisata,5,salah satu kafe terbaik di cirebon 👍🏼,2025-07-13T13:41:56.864Z,Jo Ardianto,114656395969399094320,True,0,id,2026-05-05T05:37:00.027264
Ci9DQUlRQUNvZENodHljRjlvT25Wb2RucGFXVTVGVEhwSVFXeFVjMmRuYjFoMlRWRRAB,ChIJvVVj7UXjbi4RZcs6UqFIvfw,Safti Coffee & Space,cirebon,Wisata,5,"Makanan dan minumannya enak, tempatnya juga strategis jd mudah diketahui.",2025-07-01T23:22:24.674Z,Marlina Nurwahyunta,107599570664372299986,True,0,id,2026-05-05T05:37:00.027300
Ci9DQUlRQUNvZENodHljRjlvT2tWWmFHdHhNbVJqTkZOc1FVRnNlbmhHUlVSQ1pVRRAB,ChIJvVVj7UXjbi4RZcs6UqFIvfw,Safti Coffee & Space,cirebon,Wisata,5,"Kesini tuh nyari suasana cafe yg nyaman santai dan bs bebas berapa lamapun tenang ngobrol, bukan soal makanan. Kalo mw makan ya carinya restaurant full 100%.
Menu² lumayan enak, kopi nya juga. Sy suka cokelatnya. Suasananya, tempat nfobrolnya indoor outdoor. Mushollahnya kekinian, tempat wudhu nyatu ma musholla nya tapi aman,g becek.",2025-06-25T16:15:37.206Z,Kang Aang,106333824122228494390,True,0,id,2026-05-05T05:37:00.027315
Ci9DQUlRQUNvZENodHljRjlvT2tReVdWOXJUR0ZIWVZkMWVEWTFWWHBXVmpkUmRrRRAB,ChIJvVVj7UXjbi4RZcs6UqFIvfw,Safti Coffee & Space,cirebon,Wisata,5,Terima kasih Findhy,2025-06-23T08:47:03.257Z,Ariyanto,111299439839320270802,True,0,id,2026-05-05T05:37:00.027331
ChdDSUhNMG9nS0VJX1FnZUtFeUl2em5RRRAB,ChIJvVVj7UXjbi4RZcs6UqFIvfw,Safti Coffee & Space,cirebon,Wisata,3,Sejuk banyak ruko,2025-06-13T08:38:27.077Z,Arif yudiyastarto Yudiyastarto,108598089123184823370,True,0,id,2026-05-05T05:37:00.027340
ChZDSUhNMG9nS0VJYkdncjNWeGJ6R0xBEAE,ChIJvVVj7UXjbi4RZcs6UqFIvfw,Safti Coffee & Space,cirebon,Wisata,5,cocok untuk dinner 🥰,2025-06-07T14:18:27.327Z,Fani Anggun Pratiwi,107242190526974535213,True,0,id,2026-05-05T05:37:00.027349
ChdDSUhNMG9nS0VQUFl5X2J3M2JXRjFRRRAB,ChIJvVVj7UXjbi4RZcs6UqFIvfw,Safti Coffee & Space,cirebon,Wisata,5,Salah satu hidden gem di cirebon.. Makanan sama kopinya enak-enak ya..,2025-05-16T01:08:41.016Z,Tri Ayu Luthfiani,101515792960110233851,True,0,id,2026-05-05T05:37:00.027373
ChdDSUhNMG9nS0VJQ0FnTURvX3RTWnRBRRAB,ChIJvVVj7UXjbi4RZcs6UqFIvfw,Safti Coffee & Space,cirebon,Wisata,5,Tempatnya nyaman dan baiknya,2025-04-25T11:42:23.382Z,Fariz kemal,109458929092120954460,False,0,id,2026-05-05T05:37:00.027403
Ci9DQUlRQUNvZENodHljRjlvT2xoNlJFMTFRV1ZEUTJsc1ZUSlZSbU5RV201bFkzYxAB,ChIJ5_nyVowdby4RBae6h-7imK8,AKSA,cirebon,Wisata,5,Resto di Cirebon yg baru buka tapi rasa makanannya enyakkkkk semua....,2026-04-05T05:11:54.299Z,Nungki H,100742849679626861319,False,0,id,2026-05-05T05:37:00.027441
Ci9DQUlRQUNvZENodHljRjlvT2taSFJtRlhNWFowT0MxSU5EbE9UUzF2VjJab2JXYxAB,ChIJ5_nyVowdby4RBae6h-7imK8,AKSA,cirebon,Wisata,2,"Came here around lunchtime. It was definitely busy, but there were still a few available seats in the outdoor area.

We ordered 3 dishes and 4 drinks. Unfortunately, by the time we had finished all the food, the only drink that had arrived was the iced americano, while the rest took an unusually long time.

We had to follow up several times with different staff members, the person who took our order, the staffs serving the food, and the supervisor (?) carrying a walkie-talkie. Each time, we were told that it had already been communicated to the bar, yet the drinks still did not arrive.

It was disappointing to have the food served, eaten, and completely finished before the drinks were even ready, especially since beverages are typically expected to be served first, or at least alongside the meal. (Nggak ada yang meriksa juga satu meja tuh pesanannya udah keluar semua atau belum)

It honestly felt like the order only started being prioritized after I had to speak up more firmly, which made the overall service experience less pleasant.

On the brighter side, the dirty latte was genuinely good for the price, and the fried rice was enjoyable as well, slightly on the sweeter side, which I personally like.

That said, because of the overall service experience, I don’t think I’ll be visiting again anytime soon.",2026-04-03T14:00:18.880Z,Grisselda Nihardja,107141333669624110279,False,0,en,2026-05-05T05:37:00.027470
Ci9DQUlRQUNvZENodHljRjlvT25RdFYwcFVWMTh3YVRST2FFRXhaM1YyVm1KdFRHYxAB,ChIJ5_nyVowdby4RBae6h-7imK8,AKSA,cirebon,Wisata,5,nasi kulitnya enakk! minumannya pesen yg dirty latte enakkk juga buat yg suka kopi pait tp masih bisa diterima. pelayanannya ramah bgtt kecuali kasirnya🤗 tp krn tempatnya enak jd so far 8.5/10🫶🏻,2026-04-03T06:03:39.617Z,Safira Nissa Salsabiela,105417191212996668269,False,0,id,2026-05-05T05:37:00.027479
Ci9DQUlRQUNvZENodHljRjlvT2tsa0xUZHRkVWQyWVc0NVpWUjZVVEJ5VmtRMVlWRRAB,ChIJ5_nyVowdby4RBae6h-7imK8,AKSA,cirebon,Wisata,5,"Makanannya enak, porsinya besar, tempatnya nyaman, pelayanannya cepat dan ramah.",2026-04-01T15:43:30.900Z,Nova,112928688348925628835,True,0,id,2026-05-05T05:37:00.027495
Ci9DQUlRQUNvZENodHljRjlvT25WMU5XZGhOMTlLVEZCZmRsZDVhWGd0TjNaa1gyYxAB,ChIJ5_nyVowdby4RBae6h-7imK8,AKSA,cirebon,Wisata,2,Beli nasi ayam sereh di takeaway di gambarnya ada telor ceploknya pas datang cuman ayam sambel sama kol goreng itu pun gosong rasanya pait banget. Dengan harga 40 ribu ngga worth it sih.,2026-03-31T15:10:22.040Z,Ayu Anggita,104616045146498633865,False,0,id,2026-05-05T05:37:00.027504
Ci9DQUlRQUNvZENodHljRjlvT2pGWVZrWnNNWFY2WkRJMlkweDNVWEZUWWpKMU4xRRAB,ChIJ5_nyVowdby4RBae6h-7imK8,AKSA,cirebon,Wisata,5,"Rekomen banget nih cafe baru di cirebon
Cozy abis",2026-03-31T12:43:20.981Z,Muh Sirojuddin,108448050346654671867,False,0,id,2026-05-05T05:37:00.027514
Ci9DQUlRQUNvZENodHljRjlvT21wTVNVZHdZVTFTUnpaNlJUbFZkM0ExTVRSSldtYxAB,ChIJ5_nyVowdby4RBae6h-7imK8,AKSA,cirebon,Wisata,2,"ambience nya ok bgt, makanannya B aja, waiters nya ramah, tapi petugas receptionist nya jutek banget, ga ramah",2026-03-31T07:53:10.539Z,Luthfi Utami Setyawati,103300986304012403750,False,0,id,2026-05-05T05:37:00.027523
Ci9DQUlRQUNvZENodHljRjlvT21sWGRHOWFObEkxVEc1amExSTVTVzUxVmpOcGRsRRAB,ChIJ5_nyVowdby4RBae6h-7imK8,AKSA,cirebon,Wisata,4,"makananannya tuh enak cuma ada beberapa yang hambar, minumannya enak banget, untuk suasana cukup ramai sekali jadi kalau yang datang sendiri sekedar untuk me time kurang pas, staff nya ramah ramah semuaaaaaa suka deh aku",2026-03-31T05:13:16.922Z,Laaa Andriyani,112916958615355881406,True,1,id,2026-05-05T05:37:00.027531
Ci9DQUlRQUNvZENodHljRjlvT2w4d1pHRkhjRWREYWtSelozazFNMWhJYVZoUGVYYxAB,ChIJHUSCN5zjbi4RfYU0UXbV2B0,Ini Kopi Ulon Signature - Tuparev,cirebon,Wisata,5,kopinya enak polll,2026-04-25T10:41:50.446Z,Inay nayyy,109364108508450102624,False,0,id,2026-05-05T05:37:00.027553
Ci9DQUlRQUNvZENodHljRjlvT201bE4zTm5aRlUyYjNwVFZEbDJNM2czWWxaaFRsRRAB,ChIJHUSCN5zjbi4RfYU0UXbV2B0,Ini Kopi Ulon Signature - Tuparev,cirebon,Wisata,5,Tempat ternyaman buat belajar,2026-04-25T07:17:51.330Z,Thalita Yetta Syahira,101015258374920836772,False,0,id,2026-05-05T05:37:00.027561
Ci9DQUlRQUNvZENodHljRjlvT21WUVRWVnFiSFE1VWt0dmQzcDVlSHBDTldGamFFRRAB,ChIJHUSCN5zjbi4RfYU0UXbV2B0,Ini Kopi Ulon Signature - Tuparev,cirebon,Wisata,5,"Tempatnya nyaman, pelayanan nya ramah dan cepat.. Makanannya enak dan harga terjangkau",2026-04-24T12:21:15.914Z,Yayah Penong,115200389950666762181,False,0,id,2026-05-05T05:37:00.027570
Ci9DQUlRQUNvZENodHljRjlvT2taTk5uZG1WSEJvWTJKRlR6UlZjMDVvVW1NNVJFRRAB,ChIJHUSCN5zjbi4RfYU0UXbV2B0,Ini Kopi Ulon Signature - Tuparev,cirebon,Wisata,5,"Nice for all
Cheers !",2026-04-24T11:32:43.441Z,wildan wahid,101597210545395611125,False,0,en,2026-05-05T05:37:00.027578
Ci9DQUlRQUNvZENodHljRjlvT2pKVE9ERk5YemxZYzBOd016UTVTeTFDU2paUVJXYxAB,ChIJHUSCN5zjbi4RfYU0UXbV2B0,Ini Kopi Ulon Signature - Tuparev,cirebon,Wisata,5,"Baru pertama kali kesini, karna rekomendasi temen..
Tempat nongki rekomendasi di Cirebon",2026-04-24T11:31:24.848Z,dave iw,108554169271558143313,True,0,id,2026-05-05T05:37:00.027586
Ci9DQUlRQUNvZENodHljRjlvT21Gc2QxbFVTMHhmVTNSd1NtcE9kVFJtZVMxNVdHYxAB,ChIJHUSCN5zjbi4RfYU0UXbV2B0,Ini Kopi Ulon Signature - Tuparev,cirebon,Wisata,5,"Kopi enak, pelayanan ramah",2026-04-24T11:30:44.707Z,doni syahrizal,118270315173787910061,True,0,id,2026-05-05T05:37:00.027595
Ci9DQUlRQUNvZENodHljRjlvT25JMlRXdHJVMGhKWjNsMVlVbDNhVWhNYkdabmEyYxAB,ChIJHUSCN5zjbi4RfYU0UXbV2B0,Ini Kopi Ulon Signature - Tuparev,cirebon,Wisata,5,Tempat dan kopinya enak,2026-04-24T11:30:29.597Z,esa muharrom,101347194555950806861,False,0,id,2026-05-05T05:37:00.027603
Ci9DQUlRQUNvZENodHljRjlvT2s4dGFHNXBRM05tTTJWUmQwSTRRWEZhZGt3NVRHYxAB,ChIJHUSCN5zjbi4RfYU0UXbV2B0,Ini Kopi Ulon Signature - Tuparev,cirebon,Wisata,5,best dehhhh enakeun tempatnya!!!!,2026-04-24T11:27:54.102Z,Azalya Ayunda,106307768922431746588,False,0,su,2026-05-05T05:37:00.027613
Ci9DQUlRQUNvZENodHljRjlvT21JMFpHbHRjRmhpVTFKT1VFMXhMWGRXT0VOME1sRRAB,ChIJHUSCN5zjbi4RfYU0UXbV2B0,Ini Kopi Ulon Signature - Tuparev,cirebon,Wisata,5,Tempatnya nyaman adem dan harganya affrodable makanannya enak bgtt,2026-04-24T11:26:57.168Z,Lely Fazriyah,108568584302623615629,False,0,id,2026-05-05T05:37:00.027629
ChdDSUhNMG9nS0VJQ0FnTURBdkpiY2dnRRAB,ChIJvVVj7UXjbi4RZcs6UqFIvfw,Safti Coffee & Space,cirebon,Wisata,1,"pelayanan bad attitude, minuman ketuker, pintu main kunci aja.. harus lebih aware sm customer.",2025-02-07T15:40:59.107Z,Erka Nurdyana,116806080810027752991,False,0,id,2026-05-05T05:37:00.027644
ChdDSUhNMG9nS0VJQ0FnSURfLWVUaW53RRAB,ChIJvVVj7UXjbi4RZcs6UqFIvfw,Safti Coffee & Space,cirebon,Wisata,4,"Tomyam lumayan enak, mie hotplate no comment (banyak tempat lain yang lebih enak). Steak daging lokal-well done, jadi agak keras, tapi saucenya enak.

Untuk pelayanan overall oke, namun ada makanan yang datangnya sangat telat.

Ambient oke, ada live music.",2025-01-25T13:41:08.732Z,Tom,115417334616375134786,True,1,id,2026-05-05T05:37:00.027659
ChZDSUhNMG9nS0VJQ0FnSUNmeGUtNVlnEAE,ChIJvVVj7UXjbi4RZcs6UqFIvfw,Safti Coffee & Space,cirebon,Wisata,4,"Interesting place, love the foods n coffee",2024-12-31T01:03:59.868Z,Nooryati Atmojo,100958348501125700792,True,0,id,2026-05-05T05:37:00.027682
ChZDSUhNMG9nS0VJQ0FnSUMzdk5yS0VBEAE,ChIJvVVj7UXjbi4RZcs6UqFIvfw,Safti Coffee & Space,cirebon,Wisata,5,pelayanan kopisop emang selalu baguss 👍👊,2024-11-03T21:03:06.593Z,Mauli,112133623992270382139,True,0,id,2026-05-05T05:37:00.027733
Ci9DQUlRQUNvZENodHljRjlvT25saFlVTlBSVVZFTUhCWVNUVTRWRTFyVlRSWFkwRRAB,ChIJTTjurlDjbi4RDYO3KOYI8lY,TETRA Coffee & Eatery - Cirebon,cirebon,Wisata,1,yang pake kacamata aneh bgt yg bagian luar,2026-02-15T15:17:34.643Z,Lulu Yustiani,115921587341794987235,False,0,id,2026-05-05T05:37:00.027758
Ci9DQUlRQUNvZENodHljRjlvT21ObFJuaGxjVE5VUkdab2NHWnpiMHQyY1ZOQ1FVRRAB,ChIJTTjurlDjbi4RDYO3KOYI8lY,TETRA Coffee & Eatery - Cirebon,cirebon,Wisata,5,"Nyaman
Bersih
Ga berisik
Makanannya enak
Minumannya pas racikannya
Waiters ny ramah2 dan kek ny Gen Z
Style ny update
KereeeeenNn",2026-02-14T09:55:22.023Z,Wawan Bagus Hartono,103438946912532678248,True,0,id,2026-05-05T05:37:00.027774
Ci9DQUlRQUNvZENodHljRjlvT2s1SFVtaGxNVWc1UldObk5EbGZZakJTVmw5a01GRRAB,ChIJTTjurlDjbi4RDYO3KOYI8lY,TETRA Coffee & Eatery - Cirebon,cirebon,Wisata,5,"Kopi manual brew nya enak.......
Bisa ngopi sambil luat kereta",2026-02-12T01:02:05.846Z,Kurniawan,109649386497460992797,True,0,id,2026-05-05T05:37:00.027783
Ci9DQUlRQUNvZENodHljRjlvT2xSd2NFdDFTVEpKYm5kME5FUllYM3A1VGpKRVpIYxAB,ChIJTTjurlDjbi4RDYO3KOYI8lY,TETRA Coffee & Eatery - Cirebon,cirebon,Wisata,5,Good coffee with many type of beans,2026-02-10T10:21:35.292Z,Dimas Nur Mauladi,104531438838528377838,True,0,en,2026-05-05T05:37:00.027791
Ci9DQUlRQUNvZENodHljRjlvT214bFdtWmhVSEZWUm1SeFNrMHlXblZ6TUhkUFdYYxAB,ChIJTTjurlDjbi4RDYO3KOYI8lY,TETRA Coffee & Eatery - Cirebon,cirebon,Wisata,5,"tetra with u, kalo ada fotobox, kita otw!😖🤏🏻",2026-02-03T03:14:44.567Z,Ichaa Maulida,105119052986419869515,True,0,id,2026-05-05T05:37:00.027818
Ci9DQUlRQUNvZENodHljRjlvT2tvMmRuWjFVMGx3ZWxaQk5XUllhVU5ZTWtsRk0xRRAB,ChIJTTjurlDjbi4RDYO3KOYI8lY,TETRA Coffee & Eatery - Cirebon,cirebon,Wisata,5,Oke lah pokoknya,2026-02-02T08:17:26.822Z,DIKI PRASETYO,112753485973314843928,True,0,id,2026-05-05T05:37:00.027826
Ci9DQUlRQUNvZENodHljRjlvT25Bd2JUTllkVUZMYWtoMFNrb3dWblZCTWxKSldVRRAB,ChIJTTjurlDjbi4RDYO3KOYI8lY,TETRA Coffee & Eatery - Cirebon,cirebon,Wisata,4,"So far minumannya mantapp. Terkhusus kopi gula aren.
Sekedar saran untuk indoornya. Sebaiknya dibuat waiting list, apabila pengunjung ramai.🙏",2026-02-01T05:05:43.561Z,Wayan Sutayana,106806684271659637330,True,0,id,2026-05-05T05:37:00.027835
Ci9DQUlRQUNvZENodHljRjlvT2tWdVZXRlJOMHB5Vm5OWWFsbzJlSEpVU2pWMFRYYxAB,ChIJTTjurlDjbi4RDYO3KOYI8lY,TETRA Coffee & Eatery - Cirebon,cirebon,Wisata,5,"Nyaman Asik, Kopinya enk mantap nyooo",2026-01-30T09:15:56.339Z,Akhmad Kamaludin,116118503888390684050,False,0,id,2026-05-05T05:37:00.027844
Ci9DQUlRQUNvZENodHljRjlvT25sa1VsVnRNVUphVURKMWRWZzFNVTF3YnpBMlVuYxAB,ChIJTTjurlDjbi4RDYO3KOYI8lY,TETRA Coffee & Eatery - Cirebon,cirebon,Wisata,5,yoi bangetttt nii tempatt!!!!!!,2026-01-30T09:15:12.616Z,Ibra Byhaqy,114114559736309115342,False,0,id,2026-05-05T05:37:00.027852
Ci9DQUlRQUNvZENodHljRjlvT2xCd05qVTVUM05WVlRkNE5tbHBiV3BuV1dGeldIYxAB,ChIJr7J7anTibi4RKYECuNe9WuY,Markas Cafe,cirebon,Wisata,5,Mantab saya sering live manggung disini klo malam minggu bareng look@me music,2026-04-13T05:51:40.016Z,Ilham ZN,112307703666220669144,True,0,id,2026-05-05T05:37:00.027879
Ci9DQUlRQUNvZENodHljRjlvT25CME5tVTJlVWRaVGtwaWFUTnpNRXAxWTFKeVdsRRAB,ChIJr7J7anTibi4RKYECuNe9WuY,Markas Cafe,cirebon,Wisata,1,Beli dimsum nya 2 porsi ama Tempe tepung dimsum nya udah keras banget smpe ga di makan Dan mentainya berserakan kemana Mana Tempe tepung nya bahkan gada rasany d buat bentuk nya asal asalan gendut2 bantet parah banget si !!! Kapok beli mahal doang ga kemakan jd nya mentang2 belinya udah malem,2026-04-11T17:41:12.707Z,Nabila Bila,104963599519887991890,False,0,id,2026-05-05T05:37:00.027894
Ci9DQUlRQUNvZENodHljRjlvT2pGTGRVOXlUVmxCZW5CWVJEaEpRemhSWkhkMlkzYxAB,ChIJr7J7anTibi4RKYECuNe9WuY,Markas Cafe,cirebon,Wisata,4,Cafe favorit warga cirebon kyknya ini. Lokasinya strategis sih. Luas bgt dan ada live musiknya. Untuk pilihan menunya byk bgt. Harganya jg murmer. Cocok buat kumpul keluarga atau bareng teman.,2026-04-05T22:52:59.962Z,INoz DM,103424318418174125374,True,0,id,2026-05-05T05:37:00.027909
Ci9DQUlRQUNvZENodHljRjlvT2w5RVVqSm5Wbmd3V2kxTWEwOXNZVzl2UzI4dE5uYxAB,ChIJr7J7anTibi4RKYECuNe9WuY,Markas Cafe,cirebon,Wisata,1,TOLONGLAH KALO MILIH LIVE MUSIC YANG BENER JANGAN YANG SUKA BIKIN JANTUNGAN LAGU NGGAK JELAS UDAH TAU PENGUNJUNG NYA BUKAN ANAK MUDA DOANG!!!! PENGUNJUNG DIBIKIN NGGAK NYAMAN SAMA LIVE MUSIC NYA YG NGGAK JELASS????,2026-04-04T15:43:20.042Z,Aulia Finn,110882978327855899779,True,0,id,2026-05-05T05:37:00.027925
Ci9DQUlRQUNvZENodHljRjlvT2xWaVozTlRWalIwVmtaWVNtZEJWVmRaUnpjd2NYYxAB,ChIJr7J7anTibi4RKYECuNe9WuY,Markas Cafe,cirebon,Wisata,5,Makanan nya enak dan murah pelayanan juga cepet suasa ramai banget,2026-04-03T03:35:24.621Z,ratu auliya,100596671009239689825,False,0,id,2026-05-05T05:37:00.027935
Ci9DQUlRQUNvZENodHljRjlvT21WeE5VUkVabFpOWW5kM1FucGxSR3A0TFZkZlpFRRAB,ChIJr7J7anTibi4RKYECuNe9WuY,Markas Cafe,cirebon,Wisata,2,"Suasana ok tapi rasa masakannya asem, capcai seaafood goreng harga 40rb blum pajak. Udangnya cuma 3 ekor kecil imut kayak di foto. Rasanya hancur asem.

Respon atas balasan admin:
Kalau memang tdk menggunakan bumbu bahan asam berarti bahan baku/pokoknya yg udh asem (kualitas buruk). Nyobain aja dulu gak usah bela diri. Gak enak banget. Porsi utk 2 org, alamakkk realitanya porsi sedikit gitu buat 2 orang. Ngarang aja adminnya ini cuma tahu balas komen tapi gak melakukan sidak rutin ke dapur.
Terus itu kenapa nama seafood tapi hy ada udang cilik2 3 biji.",2026-03-27T00:47:59.733Z,Dinas Tarigan,108780252047161805951,True,1,id,2026-05-05T05:37:00.027964
Ci9DQUlRQUNvZENodHljRjlvT2xWVk1uTnVhbGgzU210MmVIQnJXVXgxUlRGSGVFRRAB,ChIJr7J7anTibi4RKYECuNe9WuY,Markas Cafe,cirebon,Wisata,1,"Banyak kecoa, pelayanan sangat lambat",2026-03-23T10:29:24.205Z,Fira Esha,107577689589160146991,False,0,id,2026-05-05T05:37:00.027986
Ci9DQUlRQUNvZENodHljRjlvT2w5NFMwRTVibU5LV1ZCME5VeGpOMXBPTWxGUWNHYxAB,ChIJr7J7anTibi4RKYECuNe9WuY,Markas Cafe,cirebon,Wisata,1,Pelayanan lama!!,2026-03-15T11:29:57.579Z,Iim Mustaqimah,117794288803561189781,False,0,id,2026-05-05T05:37:00.028001
Ci9DQUlRQUNvZENodHljRjlvT2xGd2RFWk9TSE01V0hoclkzWjRXbUpvVkY5aFVIYxAB,ChIJr7J7anTibi4RKYECuNe9WuY,Markas Cafe,cirebon,Wisata,1,pelayanan nya lama bangetttt,2026-03-08T11:56:34.006Z,Windy Wulandari,101795919267956082705,False,0,id,2026-05-05T05:37:00.028024
Ci9DQUlRQUNvZENodHljRjlvT21KWFpVUnlRMUZOVVdVelVEazNaRzV6TTBkRk5HYxAB,ChIJr7J7anTibi4RKYECuNe9WuY,Markas Cafe,cirebon,Wisata,2,"Harga termasuk murah, makanan enak kok dan tempat nyaman. Tapi service jujur lama banget, pelayanan cuek"" banget, waktu disamperin ke kasir baru makanan dianterin padhaal sebelum nya udah minta tlong ke kaka yang lewat"". dilayanin setelah 30-40 menit menunggu, padahal makanan yang ditunggu udah dingin 😩 Service nya tolong dibenerin yaa, sisanya okee kok!",2026-02-28T13:19:14.928Z,elynjjess jejess,114264868237314791020,False,0,id,2026-05-05T05:37:00.028039
Ci9DQUlRQUNvZENodHljRjlvT2xoVlZqSTVTMjFUT1Zod2JEZGpYMHhDTWpWb1FsRRAB,ChIJr7J7anTibi4RKYECuNe9WuY,Markas Cafe,cirebon,Wisata,5,"Lokasi mudah dijangkau dan tempatnya tertata dengan rapi. Fasilitasnya lengkap, harga juga terjangkau. Pengalaman berkunjung ke sini sangat menyenangkan, pasti ingin kembali lagi lain waktu. Recommended banget!",2026-02-18T09:57:25.899Z,Suta ID,115739000847154515010,True,0,id,2026-05-05T05:37:00.028048
Ci9DQUlRQUNvZENodHljRjlvT2tFelUyWndUMmQyZDFwVmNUUjFUVTU0UlV4bVVGRRAB,ChIJr7J7anTibi4RKYECuNe9WuY,Markas Cafe,cirebon,Wisata,1,Lebih enak dari pada udang yang lain lalu banyak yg datang disana dan harganya lebih murah🍟🍟🍱🍱,2026-02-18T07:55:04.959Z,Hasna Aulia,108779641884631750984,False,0,id,2026-05-05T05:37:00.028056
Ci9DQUlRQUNvZENodHljRjlvT2tkVldXOXpibFpMTUMxNVpIY3RXVkZFTVRGS1YxRRAB,ChIJr7J7anTibi4RKYECuNe9WuY,Markas Cafe,cirebon,Wisata,5,"tempatnya enak banget, cocok untuk temen temen nongki di sini. Ada live musik juga",2026-02-16T02:51:39.978Z,Akbar Smartvacation,111735903092745049934,True,1,id,2026-05-05T05:37:00.028064
Ci9DQUlRQUNvZENodHljRjlvT2toRlJIUTBSVVZWTjBWNU0yWXRhVkZXTjJ0NVozYxAB,ChIJr7J7anTibi4RKYECuNe9WuY,Markas Cafe,cirebon,Wisata,5,Tempat makan favorit👍,2026-02-03T05:40:06.610Z,Nita Fitriani,105761803973873380690,True,0,id,2026-05-05T05:37:00.028084
Ci9DQUlRQUNvZENodHljRjlvT2xOeWIwRkpaSFZDTlZGbWVGaEtSV2N6UkZocmQwRRAB,ChIJr7J7anTibi4RKYECuNe9WuY,Markas Cafe,cirebon,Wisata,2,"Sebenarnya untuk markas nya sendiri ok, tapi yang menyebalkan parkirnya.. kaya setan... Datang ga diarahkan.. begitu pulang ga diparkiri.. tau tau minta uang aja...",2026-01-30T00:16:39.088Z,kumbara geni,102363242269285707403,False,0,id,2026-05-05T05:37:00.028093
Ci9DQUlRQUNvZENodHljRjlvT25GMVUySm1SalphWmw5S2RrWTFRVzVDZFRkUFQwRRAB,ChIJr7J7anTibi4RKYECuNe9WuY,Markas Cafe,cirebon,Wisata,5,"Makanya enak harga relatif murah tempat nongkrong paling nyaman  cocok buat anak muda dan kumpul keluarga , waiter Faizin the best good service 😂👍",2026-01-21T14:00:54.341Z,Emas Pri hadiyatna,109417676264262188374,False,0,id,2026-05-05T05:37:00.028117
Ci9DQUlRQUNvZENodHljRjlvT21aMWQyMDVhMjVsVW1oa2VtUTRYelZtTFV0Q1JsRRAB,ChIJr7J7anTibi4RKYECuNe9WuY,Markas Cafe,cirebon,Wisata,5,Nyaman bngt sih bwt ajak kluarga kecil juga. Menu nya juga bnyk. Tmpt hangout dari dulu sih,2026-01-14T14:12:45.431Z,Adin Sadega,114313131976707788310,False,0,id,2026-05-05T05:37:00.028132
Ci9DQUlRQUNvZENodHljRjlvT25GMlZVdE1aR2h2WlVaQ1VtbHdSRWR1VG1GalpuYxAB,ChIJr7J7anTibi4RKYECuNe9WuY,Markas Cafe,cirebon,Wisata,5,"Buat yg nyari tempat nongkrong sama kekuarga merapat langsung,banyak makanan enak dan tempat nongkrong yang asik,langsung di temenein live music yg asik sambil nyari angin sepoy2 pinggir jalan.",2026-01-13T15:12:46.332Z,Fahrudin Puji,111968350415536863665,False,0,id,2026-05-05T05:37:00.028141
Ci9DQUlRQUNvZENodHljRjlvT2tsbVNHWldSRk5UVlhKMmMySkpURTR0WnpGcE1FRRAB,ChIJr7J7anTibi4RKYECuNe9WuY,Markas Cafe,cirebon,Wisata,5,"makanan nya enak harganya juga wor it , menu nya komplit",2026-01-08T11:58:46.547Z,Wulan Gesta,109554730586367593638,False,0,id,2026-05-05T05:37:00.028186
Ci9DQUlRQUNvZENodHljRjlvT25STGFURXpkM0kxVFRJMmJsWXhhalJSTkVsRmQwRRAB,ChIJr7J7anTibi4RKYECuNe9WuY,Markas Cafe,cirebon,Wisata,5,cafe markas asik banget makanan nya juga enak’ tempatnya juga nyaman,2026-01-06T12:44:12.557Z,VANESSA ELVIANNA PRANOTO TP.2526,100643184729886165094,False,0,id,2026-05-05T05:37:00.028199
Ci9DQUlRQUNvZENodHljRjlvT2xBeGNXUkpkRzEzVDNoR1dsWTVOalJ2ZG5oalZXYxAB,ChIJr7J7anTibi4RKYECuNe9WuY,Markas Cafe,cirebon,Wisata,5,"Tempatnya nyaman, makanan nya enak dan sudah terverifikasi halal nya juga",2026-01-05T16:56:58.797Z,Agus Maulana,102990709621455908724,False,0,id,2026-05-05T05:37:00.028208
Ci9DQUlRQUNvZENodHljRjlvT2pjMlVVd3hjRlZpTFRaVlRHVllUbTV4VDB0Q0xWRRAB,ChIJr7J7anTibi4RKYECuNe9WuY,Markas Cafe,cirebon,Wisata,5,"Tempat nongkrong yg 24 jam di pinggir jalan kota,makanan enak harga ekonomis",2026-01-01T01:23:02.805Z,Stephen Kristian,103246974877155220950,True,0,id,2026-05-05T05:37:00.028216
Ci9DQUlRQUNvZENodHljRjlvT21KUFNEWjBPR1k1ZDFNeU5ISjNiM0pNWXpBelJIYxAB,ChIJicXpjW4dby4RRx-XvU5vTDc,Domoid Coffee and Resto,cirebon,Wisata,4,"Hmm tempatnya nyaman banget, luas, vibesnya enak buat nongkrong lama 😄
Mau buat family time oke, meeting juga aman karena tempatnya cukup lega dan gak sumpek.

Makanannya overall enak dan porsinya besar-besar 👍🏻
Untuk harga menurut saya masih standar dan worth it sama porsi yang didapat.

Cuma sedikit masukan aja, alangkah baiknya kalau musik dimatikan sementara saat adzan 🙏🏻

Tadi saya jadi kurang dengar sudah masuk waktu sholat atau belum karena musiknya masih cukup terdengar.

Tapi overall pengalaman di sini oke banget, tempatnya nyaman dan makanannya memuaskan",2026-05-03T03:09:01.323Z,Salma,105610385691512315947,True,0,id,2026-05-05T05:37:00.028233
Ci9DQUlRQUNvZENodHljRjlvT25CVFRYaEJjM2QzVDAxc09HbHhNVGRsVXkxTFdIYxAB,ChIJicXpjW4dby4RRx-XvU5vTDc,Domoid Coffee and Resto,cirebon,Wisata,5,"Tempatnya luas dan nyaman dengan banyak pilihan seating area. Cocok untuk nongkrong bareng teman atau keluarga. Suasananya hidup dan cukup ramai. Untuk makanan dan minuman cukup variatif, namun rasanya masih bisa ditingkatkan agar sebanding dengan harga.
Kurang cocok untuk ketemuan sama mantan disini soalnya rame terus",2026-05-01T05:44:58.564Z,Nay,112980746375949103338,True,0,id,2026-05-05T05:37:00.028245
Ci9DQUlRQUNvZENodHljRjlvT2pCSlYxUnZTMGgwTUhKRGJrVmtNMVJWZEVwS0xWRRAB,ChIJicXpjW4dby4RRx-XvU5vTDc,Domoid Coffee and Resto,cirebon,Wisata,4,"Mampir untuk ke barber dsamping persis domo coffee dan sempat beli ice cream,cake,dan ice chocolate",2026-04-28T06:22:56.191Z,Candra Arifin,118189004571070286153,True,0,id,2026-05-05T05:37:00.028254
Ci9DQUlRQUNvZENodHljRjlvT2tVd00wNUxjamhaY1VaVWEwOVBSa2xhWTJsWlprRRAB,ChIJicXpjW4dby4RRx-XvU5vTDc,Domoid Coffee and Resto,cirebon,Wisata,3,standar aja kopinya,2026-04-20T12:26:26.425Z,Amalia Tri Wahyuni,114635771148158773108,True,0,id,2026-05-05T05:37:00.028269
ChZDSUhNMG9nS0VJQ0FnSUNsNVlUUGNnEAE,ChIJicXpjW4dby4RRx-XvU5vTDc,Domoid Coffee and Resto,cirebon,Wisata,5,"Tempat oke buat nongkrong, bersih dan pelayanan ramah, caramel late oke, piza oke, plater jg oke",2026-04-12T07:55:05.745Z,Han Novianto,102398633396265284133,True,0,id,2026-05-05T05:37:00.028292
Ci9DQUlRQUNvZENodHljRjlvT2tWQlZERldZVUZyZURWamNVbDNOR1JHY1d4RVduYxAB,ChIJicXpjW4dby4RRx-XvU5vTDc,Domoid Coffee and Resto,cirebon,Wisata,4,"Baru tahu di Cirebon ada kafe seenak ini. Itungannya family friendly ya, makanannya pun enak, ya worth it lah lumayan sepadan dengan harga dan tempatnya.
Minusnya cuma satu, kurang dingin AC nya..",2026-03-24T13:38:34.027Z,najiyah nana,117437130633623693214,True,0,id,2026-05-05T05:37:00.028315
Ci9DQUlRQUNvZENodHljRjlvT2xFNGVWOVpMVE0wYjNSZlRIaHdSakpOY21aSmIwRRAB,ChIJicXpjW4dby4RRx-XvU5vTDc,Domoid Coffee and Resto,cirebon,Wisata,4,"resto baik untuk minuman dan makanan, tetapi suasanya perlu diperbaiki, terlalu ramai bising antara musik yang tidak merata, pukulan es atau blender coffe merusak suasana...",2026-03-23T08:58:04.759Z,Agustinus Vembrianta,114544730310800198846,True,0,id,2026-05-05T05:37:00.028323
Ci9DQUlRQUNvZENodHljRjlvT2t3eGJtZEJiR2RLVG0xV2FFSkdORlJ3T1dWUlVFRRAB,ChIJicXpjW4dby4RRx-XvU5vTDc,Domoid Coffee and Resto,cirebon,Wisata,4,Bukber bersama dengan suasana yang nyaman untuk acara kantor dan keluarga,2026-03-23T03:44:56.453Z,Kairi ri,103146287026673106517,False,0,id,2026-05-05T05:37:00.028332
Ci9DQUlRQUNvZENodHljRjlvT2kxSGVFSTVOR1pMYmtnMk9XMXBOemxQWm1KS2VIYxAB,ChIJicXpjW4dby4RRx-XvU5vTDc,Domoid Coffee and Resto,cirebon,Wisata,5,"Nyaman, parkir luas, kopi enak.",2026-03-22T13:56:24.288Z,Raden Aziz Maulana Akbar,104029663352057621702,True,0,id,2026-05-05T05:37:00.028342
Ci9DQUlRQUNvZENodHljRjlvT25CVGFHczVRMFIzUjNwdFdVTlliV3RqYUdablYxRRAB,ChIJvUHCF2zibi4RbdO26EY3J3E,BARAJA COFFEE SILIWANGI,cirebon,Wisata,5,"Bisa jadi tempat hangout sebelum ke stasiun karena lokasinya dekat ke Stasiun Cirebon. Harga minumannya relatif murah, gelas besar dan enak juga 👍🏻
Sayangnya (sepertinya) ga ada ruangan berAC",2026-04-13T07:37:15.646Z,Jatu Hartini,106003452539527662264,True,0,id,2026-05-05T05:37:00.028408
Ci9DQUlRQUNvZENodHljRjlvT2pSdFlWbG5kVWRyTUV4dVdYaE5OVEpYUlVkeFlVRRAB,ChIJvUHCF2zibi4RbdO26EY3J3E,BARAJA COFFEE SILIWANGI,cirebon,Wisata,5,a good place to come 🥰,2026-04-10T06:08:51.639Z,Astrida Hafilah,112317263186345288300,False,0,en,2026-05-05T05:37:00.028427
Ci9DQUlRQUNvZENodHljRjlvT25WZmJHaElRMWR4Vmt4eGFsbFdOR2d4TVdrNVVVRRAB,ChIJvUHCF2zibi4RbdO26EY3J3E,BARAJA COFFEE SILIWANGI,cirebon,Wisata,5,Hi apakah masih menerima kursus bersertifikat??,2026-04-02T02:53:36.058Z,Teti Rodyani,117307120814121252943,False,0,id,2026-05-05T05:37:00.028454
Ci9DQUlRQUNvZENodHljRjlvT25aNVYwUm9jbDlpYXpaclMyY3lTRUZEVEhaTVUwRRAB,ChIJvUHCF2zibi4RbdO26EY3J3E,BARAJA COFFEE SILIWANGI,cirebon,Wisata,5,"best ever coffeshop in C-town! kopinya, wafflenya enakkk semuaaa.. selalu jadi pilihan buat ngopi, terutama di jam jam malam, soalnya setia banget nemenin, hening dan tenang 🥹🩷",2026-03-18T16:41:08.047Z,Kania Ayu Jamilatunnisa,104012306101974375730,False,0,id,2026-05-05T05:37:00.028483
Ci9DQUlRQUNvZENodHljRjlvT2t0dFZqZGxhRzV3V2pkUmEweHhWR2s1Tm1kT2RrRRAB,ChIJvUHCF2zibi4RbdO26EY3J3E,BARAJA COFFEE SILIWANGI,cirebon,Wisata,5,"good ambiance, good place, and good menus",2026-03-18T15:13:39.471Z,Achmad Badwir Rifai Arrochimmi,113042609254215963720,False,0,en,2026-05-05T05:37:00.028492
Ci9DQUlRQUNvZENodHljRjlvT25GSVpXZ3hVRTluT1RKUkxWVldPVzFHV0dNMU9XYxAB,ChIJvUHCF2zibi4RbdO26EY3J3E,BARAJA COFFEE SILIWANGI,cirebon,Wisata,5,Sangat disabilitas,2026-03-18T15:08:10.605Z,Farchan Mubarraq,101179979645864358078,False,0,id,2026-05-05T05:37:00.028500
Ci9DQUlRQUNvZENodHljRjlvT20xU1psZHdRMk5HYVVWT1VqUnBNVUZDWjFaWU1GRRAB,ChIJvUHCF2zibi4RbdO26EY3J3E,BARAJA COFFEE SILIWANGI,cirebon,Wisata,5,"All is good, family friendly, and for groups too",2026-03-17T13:35:54.009Z,Syifa Sarah,100784107764490195692,False,0,en,2026-05-05T05:37:00.028516
Ci9DQUlRQUNvZENodHljRjlvT25wdFVIQk5OM2hMYmkxRlpGZFJaSHBOTFZkVlowRRAB,ChIJvUHCF2zibi4RbdO26EY3J3E,BARAJA COFFEE SILIWANGI,cirebon,Wisata,4,"tempatnya enak estetik
harganya lumayan mahal",2026-03-08T18:38:43.645Z,Pengguna Google,114038934712068315649,False,0,id,2026-05-05T05:37:00.028525
Ci9DQUlRQUNvZENodHljRjlvT2tKRmJreHZTMjVPVEZoRlZrVXlkRTFHUlZaNU1sRRAB,ChIJvUHCF2zibi4RbdO26EY3J3E,BARAJA COFFEE SILIWANGI,cirebon,Wisata,5,Kopinya enak dan nyaman tempatnya,2026-03-07T15:04:08.632Z,Muhammad Fais,117804799493111479570,False,0,id,2026-05-05T05:37:00.028542
Ci9DQUlRQUNvZENodHljRjlvT2s5Nk5scG5aR0pWTTNKUFZ6VTNiblZPY0VSclNGRRAB,ChIJvUHCF2zibi4RbdO26EY3J3E,BARAJA COFFEE SILIWANGI,cirebon,Wisata,5,"Classic, tenang & menyenangkan",2026-03-07T15:03:59.444Z,Alvian Putra,110829690599063339806,False,0,id,2026-05-05T05:37:00.028551
Ci9DQUlRQUNvZENodHljRjlvT21odGRXWk1OREJoVG5ONlZGTXhSM05qUWw5RVRGRRAB,ChIJvUHCF2zibi4RbdO26EY3J3E,BARAJA COFFEE SILIWANGI,cirebon,Wisata,5,"Tempat nya cozy, asik bet",2026-03-07T14:17:43.863Z,Riyan Wibowo,108185898833400239913,True,0,id,2026-05-05T05:37:00.028559
Ci9DQUlRQUNvZENodHljRjlvT2pkWE4wMDVURk5EV0RORWJGWlhUVjlDYjNjeGNsRRAB,ChIJvUHCF2zibi4RbdO26EY3J3E,BARAJA COFFEE SILIWANGI,cirebon,Wisata,5,"tempat nya estetik banget, pelayanan baguss, abang nya baguss. mantap bangett, recommend",2026-03-07T14:02:18.953Z,Vita Al-Qirani,114199428321127835851,False,0,id,2026-05-05T05:37:00.028570
Ci9DQUlRQUNvZENodHljRjlvT21GM05tZHFlVmhPUTNWNlpqQlZObXBZWm1OelVsRRAB,ChIJr7J7anTibi4RKYECuNe9WuY,Markas Cafe,cirebon,Wisata,5,"Nasi goreng kampungnya juaraa, selalu pesen ini kalo ke sini huhu",2025-12-27T12:01:13.667Z,Sukajajan,113716663185663566006,True,0,id,2026-05-05T05:37:00.028600
Ci9DQUlRQUNvZENodHljRjlvT21kWlNtcFZSMjlrZGpkWVMyNTBaREJEUzIxTFptYxAB,ChIJr7J7anTibi4RKYECuNe9WuY,Markas Cafe,cirebon,Wisata,5,good servis & cozyy. mantap.,2025-12-19T10:45:16.575Z,Riska Fenita,105858764672762676954,False,0,id,2026-05-05T05:37:00.028637
Ci9DQUlRQUNvZENodHljRjlvT2psM04zWkhjR3hVVW13eGMwWmhNbEpFT0hjMlJVRRAB,ChIJr7J7anTibi4RKYECuNe9WuY,Markas Cafe,cirebon,Wisata,5,"Cafe Markas resto utk santai paling asik..varian makanan banyak,murah,pelayanan cepat..pokoke top",2025-12-11T10:30:06.875Z,euis sulastri23,115671912582401553165,False,0,id,2026-05-05T05:37:00.028646
Ci9DQUlRQUNvZENodHljRjlvT210clYyOU9WSGxUVW5CcExUaHBORE5rUVhVdE1XYxAB,ChIJr7J7anTibi4RKYECuNe9WuY,Markas Cafe,cirebon,Wisata,5,Service  memuaskan,2025-12-11T10:27:58.863Z,Abay Bayyuswandi,115983794173360056428,False,0,id,2026-05-05T05:37:00.028654
Ci9DQUlRQUNvZENodHljRjlvT21KMlkxSTFTWE40WjNCM1dVZHJkR1ZSZDFGU1RGRRAB,ChIJr7J7anTibi4RKYECuNe9WuY,Markas Cafe,cirebon,Wisata,5,"Suasananya oke, makanannya mantap josjis",2025-12-10T14:19:24.202Z,Syahrul Ramdhani,108882198443107321844,False,0,id,2026-05-05T05:37:00.028669
Ci9DQUlRQUNvZENodHljRjlvT20xSWFFMUlSRGxOZURjNFdVeEdValJKUWxZMk5rRRAB,ChIJr7J7anTibi4RKYECuNe9WuY,Markas Cafe,cirebon,Wisata,5,"Tempat nyah nyaman, pelayanannya ramah mantap buat nongkrong",2025-12-10T14:14:44.169Z,Indra Dhevie,106898733044586959565,False,0,id,2026-05-05T05:37:00.028685
Ci9DQUlRQUNvZENodHljRjlvT2xGRlptTnVZV2QwUTFOc01ucE9SV05sTjIwd1oyYxAB,ChIJicXpjW4dby4RRx-XvU5vTDc,Domoid Coffee and Resto,cirebon,Wisata,5,"tempat nya nyaman, makanan nya enak",2026-03-07T15:25:09.149Z,sigit juwanto,114045445293103945117,False,0,id,2026-05-05T05:37:00.028707
Ci9DQUlRQUNvZENodHljRjlvT2pjMFdFOHdhemhCYkdZMFJIRkVjRE5TTm5NelZWRRAB,ChIJicXpjW4dby4RRx-XvU5vTDc,Domoid Coffee and Resto,cirebon,Wisata,2,"makanan oke cuman rasa daging nya prengus, mix platter kentang nya dingin ga anget, pelayannya omongan toxic + berisik bikin suasana ga nyaman.",2026-03-06T12:27:03.920Z,IL Neumashu,100879481323481762103,False,0,id,2026-05-05T05:37:00.028742
Ci9DQUlRQUNvZENodHljRjlvT2xsNFZYRlVYMnM1Y0ZkVkxUaExZbWQwT0ZZNVEyYxAB,ChIJicXpjW4dby4RRx-XvU5vTDc,Domoid Coffee and Resto,cirebon,Wisata,1,"makanannya sangat lama dikeluarkan dan respon karyawannya sangat tidak baik,dan juga banyak karyawan yang malah bermain hp padahal saat situasi ramai.Salad yang saya pesan juga bau dan beberapa makanannya tidak hangat.Saya berharap suatu saat saya datang lagi semoga bisa lebih baik dan responnya lebih bagus dan juga banyak karyawan yang toxic sekali",2026-03-06T12:21:32.511Z,Dikey,107910591372276576362,False,0,id,2026-05-05T05:37:00.028758
Ci9DQUlRQUNvZENodHljRjlvT2toMVJYRmhaaTFxUjNsUmFqSjZjekJrZEhSVVFuYxAB,ChIJicXpjW4dby4RRx-XvU5vTDc,Domoid Coffee and Resto,cirebon,Wisata,1,"karyawannya toxic, makanannya datangnya sangat lama. saya dan teman teman saya pesen dari jam 4, dan baru datang jam 7 dan saat di complain, respon karyawannya tidak ramah. saya dan teman teman pesen mix platter (makanan frozen food) dimasaknya tidak matang dan masih dingin makanannya. saya pesen beef yakiniku, daging sapi nya bau prengus. saya pesen bento, salad nya bau dan mayones nya tidak enak",2026-03-06T11:45:57.110Z,Anastasya Putri,104343920168279674066,False,0,id,2026-05-05T05:37:00.028776
Ci9DQUlRQUNvZENodHljRjlvT2s5U1VrWkdPVXhYVmtRMWEzTkVhVWhDUmxoVlpIYxAB,ChIJicXpjW4dby4RRx-XvU5vTDc,Domoid Coffee and Resto,cirebon,Wisata,5,Kopi sama pelayanan nya mantap,2026-02-24T02:37:29.996Z,ABDUL GOFFAR,117058443708144419095,False,0,id,2026-05-05T05:37:00.028786
Ci9DQUlRQUNvZENodHljRjlvT21Wblgzb3hZMkZ4UTJoVU1FcHlNRzkxYzJoU2JYYxAB,ChIJicXpjW4dby4RRx-XvU5vTDc,Domoid Coffee and Resto,cirebon,Wisata,5,Suasana nya cozy dan nyaman banget..minuman dan makanan jg enak2 👍,2026-02-12T02:58:09.524Z,Lakspur's journey,101177394159588055880,True,0,id,2026-05-05T05:37:00.028808
Ci9DQUlRQUNvZENodHljRjlvT2xKclgxaDBOVWhYVURaNGExaGFiMmR6YzJGV1RIYxAB,ChIJicXpjW4dby4RRx-XvU5vTDc,Domoid Coffee and Resto,cirebon,Wisata,5,"Sejauh ini semuanya oke
Semoga makin sukses dan rame pengunjung",2026-02-10T16:40:06.909Z,IBNI Cavero firjatullah,110417285287592289480,False,0,id,2026-05-05T05:37:00.028817
Ci9DQUlRQUNvZENodHljRjlvT2t4cU9HNW9aak16ZWtWRFIzWmFjVlZQVEcxMVUyYxAB,ChIJicXpjW4dby4RRx-XvU5vTDc,Domoid Coffee and Resto,cirebon,Wisata,5,"Always visit here for coffee time after pray at Taman Tuhan Gratia.

Affordable price, quick respond, fast service and lovely food.

Indoor with AC and outdoor for smoking area. They have Iqos booth as well.

2 pax nasgor and 2 ice tea cost 114.000 saja",2026-01-31T08:07:55.474Z,Bunga Ken,101046363394796954829,True,0,en,2026-05-05T05:37:00.028832
Ci9DQUlRQUNvZENodHljRjlvT2xWV056bG9jWE41UzNObFpsOTNNRGxTWkd0MFptYxAB,ChIJicXpjW4dby4RRx-XvU5vTDc,Domoid Coffee and Resto,cirebon,Wisata,4,"Tempatnya cukup enak untuk duduk menunggu agak lama / santai-santai. Luas sekali dan ada banyak tempat duduk indoor ataupun outdoor.

Saya pesan Tomato Pasta Au Gratan ya okelah dengan harga 35 ribu, kopinya cukup enak, diseduh dengan baik. Agak aneh dengan konsep open bill-nya karena harus deposit uang tunai 300 ribu dulu 🤣",2026-01-26T12:25:03.705Z,Amanda P. Wibisono,115195600229229423011,True,0,id,2026-05-05T05:37:00.028841
Ci9DQUlRQUNvZENodHljRjlvT2pCTVMwTlNaVU15WHpjMk4zQlVUMnBFU0VwcVdFRRAB,ChIJicXpjW4dby4RRx-XvU5vTDc,Domoid Coffee and Resto,cirebon,Wisata,4,Tempatnya cukup nyaman..pelayanan ramah...coffee nya enak....,2026-01-14T23:56:26.244Z,DeX7eR,108826661822576838665,True,0,id,2026-05-05T05:37:00.028863
Ci9DQUlRQUNvZENodHljRjlvT2prMFRYUmxlVEF4YjNFeGVGTlVYMDFhVm1wSVkxRRAB,ChIJicXpjW4dby4RRx-XvU5vTDc,Domoid Coffee and Resto,cirebon,Wisata,5,"tempatnya okee, pelayanan jga okee, cuman sayang bngt di beberapa menu nasi, nasinya terasa sedikit keras, untuk ayam katsunya sendiri dagingnya tipis bngt sampe susah di potong :'",2026-01-14T10:23:00.442Z,selie selvia,104145128299854502669,True,0,id,2026-05-05T05:37:00.028871
Ci9DQUlRQUNvZENodHljRjlvT25OeVgxaGFiRU0xWlU5NVpraHdhR3RHVEhkV01YYxAB,ChIJicXpjW4dby4RRx-XvU5vTDc,Domoid Coffee and Resto,cirebon,Wisata,5,"Tempat nyaman, makanan enak",2026-01-06T13:07:45.051Z,Doddy Bestyan,112199765027260913017,True,0,id,2026-05-05T05:37:00.028879
Ci9DQUlRQUNvZENodHljRjlvT2pVd1pVOURTMHBUVVVobVMwNVJNMHhzWW01cU9YYxAB,ChIJyz3qWbLjbi4RuLhrOMkHIM8,eunola coffee & space,cirebon,Wisata,5,"Sore2 kesini enak banget, adem
Ada kolam ikan nya juga, cocok kalo bawa anak2
Wifi-nya lumayan kenceng dan ada tempat buat charger juga
Tapi agak malu kalo diliatin sama orang2 yang lagi nunggu lampu merah",2026-05-03T02:54:48.742Z,Sri Alifia AY,108046716493810557334,True,0,id,2026-05-05T05:37:00.028896
Ci9DQUlRQUNvZENodHljRjlvT21KaGMyVkxXVkJ5WW5OV1dIRjBTMlpJUmtGWVVGRRAB,ChIJyz3qWbLjbi4RuLhrOMkHIM8,eunola coffee & space,cirebon,Wisata,5,"A wonderful experience, a lovely setting, a pleasant atmosphere, and reasonable prices. I highly recommend it.",2026-04-05T08:09:47.296Z,Wael Mousa,113117221671267420406,True,0,en,2026-05-05T05:37:00.028936
Ci9DQUlRQUNvZENodHljRjlvT200d05ITXlTWHBVYzBadWJEaGFSMUl6YkdSMVJFRRAB,ChIJyz3qWbLjbi4RuLhrOMkHIM8,eunola coffee & space,cirebon,Wisata,2,"First pelayanan nya ngeyeg terus (goyang2 kaki) gk mau diem pdahal depan custumer lagi pilih menu , ke 2 aku pesen rice chiken butter *asiiinnnn* bangettttt dan pisang bakar keju,pisang nya masih mentahhhh gk ada di bakar2 nya  😭",2026-04-01T06:29:51.009Z,Nur ayu Hartinah,113922627572390361827,False,0,id,2026-05-05T05:37:00.028944
Ci9DQUlRQUNvZENodHljRjlvT25abWFHWjVPRkJvY2pWcU9GbHZaR2RMU1hwS1prRRAB,ChIJyz3qWbLjbi4RuLhrOMkHIM8,eunola coffee & space,cirebon,Wisata,5,The Real Latte - I’ve ever had here  - Love it  !!! One thing missed : I didn’t get Your Smile (Enola’s Team)  #MudikVibes,2026-03-29T05:02:55.209Z,Anna Makmur SR,101286952264074854827,True,0,en,2026-05-05T05:37:00.028952
Ci9DQUlRQUNvZENodHljRjlvT2s1U1QwZHFVSGhyWWtGbFFtbEdkVVpQUlZOSVEzYxAB,ChIJyz3qWbLjbi4RuLhrOMkHIM8,eunola coffee & space,cirebon,Wisata,5,"Tempatnya aesthetic banget baik indor maupun out dor, pemandangannya kemacetan jl cipto cocok buat tempat bengong. Kopinya enak, makanannya juga enak-enak, dari segi harga oke aja sih standar. Staffnya ramah dan well explained. Fasilitas lengkap tempat parkir luas (walaupun ada tukang parkirnya jadi perlu nyiapin uang cash buat bayar parkir), ada mushala, dan ada toilet juga.",2026-03-26T18:11:00.992Z,Abdul Majid,110616738835685884228,True,0,id,2026-05-05T05:37:00.028960
Ci9DQUlRQUNvZENodHljRjlvT2pWRVJYbGtUVlE0ZERVMFJqSm9VSEZ4VVhKVU9WRRAB,ChIJyz3qWbLjbi4RuLhrOMkHIM8,eunola coffee & space,cirebon,Wisata,5,"lagi visit ke cirebon selama lebaran dan gak begitu rame kok disini. overall oke, cuma makananna pas dateng banyak yang kosong sama nasi goreng kampungnya mungkin bisa di evaluasi lagi karna keasinan banget. Harga juga masih affordable dan gak terlalu lama nunggu buat makanan minuman",2026-03-25T10:34:23.807Z,Lisa Aryanti,115950668649905174965,True,0,id,2026-05-05T05:37:00.028969
Ci9DQUlRQUNvZENodHljRjlvT2xoQ01rRnVkSGR1YjJ0bVFVRlFTRGhsV1Y5NlNVRRAB,ChIJyz3qWbLjbi4RuLhrOMkHIM8,eunola coffee & space,cirebon,Wisata,5,"Lokasi samping hotel, pas kalau ngga mau jauh2 keluar hotel tinggal jalan kaki",2026-03-11T02:35:40.664Z,GALIH NUGROHO,106738465777848649478,True,0,id,2026-05-05T05:37:00.028977
Ci9DQUlRQUNvZENodHljRjlvT2s1ME1WbGhOVlZETjA5S1UyUnViRjl6YVdsTmMxRRAB,ChIJyz3qWbLjbi4RuLhrOMkHIM8,eunola coffee & space,cirebon,Wisata,5,"couple days ago I went there for coffee. Unfortunately I dropped my wallet. Just aware my wallet fell on the next day. I came there again, Coffee shop wasn't open yet. Just texting through WhatsApp to their coffee shop. They replied immediately and told me that my wallet is safe at the counter.  Thanks and appreciate for your kind helpful n keeping my wallet. The waiters are nice to handover my wallet.",2026-03-05T15:24:11.186Z,Rully Chalil,110860605133892122912,True,0,en,2026-05-05T05:37:00.028985
Ci9DQUlRQUNvZENodHljRjlvT2t0b1oxTlVXVkZGYVdGWFNtWmpURkpNTm05RVZVRRAB,ChIJyz3qWbLjbi4RuLhrOMkHIM8,eunola coffee & space,cirebon,Wisata,5,walaupun tempatnya di pinggir jalan tapi sejuk,2026-02-15T09:54:30.932Z,fikaul,101706358519846225491,False,0,id,2026-05-05T05:37:00.028999
Ci9DQUlRQUNvZENodHljRjlvT21rMlRVVjNRek53VmpWUGFEbFhOSFI1UTNkalMwRRAB,ChIJyz3qWbLjbi4RuLhrOMkHIM8,eunola coffee & space,cirebon,Wisata,5,"udh 3kali kesinii tempatnya syahdu, makanan enak minuman nya jg enak, tp kasir kurang komunikatif, pas bingung mau order apa dia diem ajaa ga upselling, malah baristanya yg rekomendasiin menu😭",2026-02-15T02:36:09.796Z,Sitta Sayidatunisa,108553719773007684719,True,0,id,2026-05-05T05:37:00.029007
Ci9DQUlRQUNvZENodHljRjlvT2xkWWVtRlVNMFZpV0RkSFJuaHNNVWROTUhWWlNsRRAB,ChIJyz3qWbLjbi4RuLhrOMkHIM8,eunola coffee & space,cirebon,Wisata,5,"Kafenya samping jalan raya, enak bisa liat kermaian jalanan cirebon. Selain tempat outdorrnya, ada lantai 2 untuk indoornya. Staffhya juga ramah2 bestt dehh",2026-01-27T09:00:02.050Z,Feni Nurhw,116039759675743735054,True,0,id,2026-05-05T05:37:00.029025
Ci9DQUlRQUNvZENodHljRjlvT25SblFVWklSalpRV0Y5T2MwSk5ZMEp4ZDFaUVNrRRAB,ChIJyz3qWbLjbi4RuLhrOMkHIM8,eunola coffee & space,cirebon,Wisata,1,Minumanya enak tapi sayang sablon gelas cup nya ancur parah warna luntur desain tidak tercetak,2026-01-25T04:47:57.076Z,Bibi Aliska,100076966598923970490,False,0,id,2026-05-05T05:37:00.029033
Ci9DQUlRQUNvZENodHljRjlvT25SRmRFOVpNMkZaVDNCTFpIWm1ka3RzUWxWdmJIYxAB,ChIJyz3qWbLjbi4RuLhrOMkHIM8,eunola coffee & space,cirebon,Wisata,5,Pertama kali nyoba karena lagi stay di hotel sampingnya. Dasarnya Cheese cake nya enak kalo tanpa topping coklat.,2026-01-18T09:38:16.744Z,Allmas Toba,110977272778729098470,True,0,id,2026-05-05T05:37:00.029048
Ci9DQUlRQUNvZENodHljRjlvT2toak5YZHlWVGhIVm1oT1dFaHpWazAzYUVaTVdsRRAB,ChIJvUHCF2zibi4RbdO26EY3J3E,BARAJA COFFEE SILIWANGI,cirebon,Wisata,5,"Pelayanan nya bagus banget, rekomendasi kesini, tempatnya bagus juga",2026-03-07T14:00:06.579Z,Riski Amelia,112819625684396493313,False,0,id,2026-05-05T05:37:00.029064
Ci9DQUlRQUNvZENodHljRjlvT2xFMmVGTnVlamxsV1hSU1FrOHRUREphTW14eU9FRRAB,ChIJvUHCF2zibi4RbdO26EY3J3E,BARAJA COFFEE SILIWANGI,cirebon,Wisata,3,"Lahan sempit, harga lumayan 30rb yg umum nya 22-25rb..karna di kota kali ya.. belakang hotel.",2026-02-12T07:02:44.085Z,NUR SHODIQ,104161876107425260791,True,0,id,2026-05-05T05:37:00.029080
Ci9DQUlRQUNvZENodHljRjlvT20xQllqQmxRWE5CZVRjekxWZDZVa3hVWlUxemVsRRAB,ChIJvUHCF2zibi4RbdO26EY3J3E,BARAJA COFFEE SILIWANGI,cirebon,Wisata,5,"A very nice coffee shop, close to metland hotel with walking distance, stop by early morning for coffee. The owner was very friendly, mostly hired people with hearing issue as employee. Lets support the local business.",2026-01-25T03:26:39.631Z,lj chen,100632716324754983431,True,0,en,2026-05-05T05:37:00.029088
Ci9DQUlRQUNvZENodHljRjlvT2pFd1FYRkljMUpXZWpBelFWcHplVVZaYVd4SE4wRRAB,ChIJvUHCF2zibi4RbdO26EY3J3E,BARAJA COFFEE SILIWANGI,cirebon,Wisata,5,"Pertama kali kenal ngopi disini, dimana dulu masih jarang bgt tempat ngopi, kalo main ke cirebon kalo cari tempat ngopi pasti ke sini...",2026-01-24T09:25:59.093Z,Yohan Apriyandi,116564062353517460947,True,0,id,2026-05-05T05:37:00.029097
Ci9DQUlRQUNvZENodHljRjlvT21vdFEwSjNRWEJUWWpSWk5HODVhaTFuYjFRNFpXYxAB,ChIJvUHCF2zibi4RbdO26EY3J3E,BARAJA COFFEE SILIWANGI,cirebon,Wisata,5,As always the best semua menu nyaa✨,2026-01-20T14:44:02.737Z,Natasha Amanda,118404836110375946870,True,0,id,2026-05-05T05:37:00.029121
Ci9DQUlRQUNvZENodHljRjlvT2w5d2JuaFJkMVJSTmpWSldVNUZRMVYyZWxKQ1VtYxAB,ChIJvUHCF2zibi4RbdO26EY3J3E,BARAJA COFFEE SILIWANGI,cirebon,Wisata,4,"Toilet tiba-tiba mati. Mohon dinyalakan ya. Pelayanan ramah sekali, minum enak.",2026-01-04T15:58:49.980Z,Siti Rodiah,100704210357467003688,True,0,id,2026-05-05T05:37:00.029137
Ci9DQUlRQUNvZENodHljRjlvT2tNNFVtMURkekJGVmt3eFFVZEROMFZLUm5WelFVRRAB,ChIJvUHCF2zibi4RbdO26EY3J3E,BARAJA COFFEE SILIWANGI,cirebon,Wisata,5,"Tempat kopi yang enak dengan aestetik yang unik dan vibe yang sejuk. Dari luar keliatan agak kecil tapi di dalamnya lumayan luas. Tadi pesan kopi dunkel brown, harya lumayan mahal tapi worth it karena enak. Shout out dengan owner dan pekerjanya yang ramah dalam melayani.",2025-12-31T09:50:42.084Z,ZatSoul,102472535435752374810,True,0,id,2026-05-05T05:37:00.029159
Ci9DQUlRQUNvZENodHljRjlvT2w5SVkyZFBkbmhCU0d0eFp5MXRaM1kzVTNKM1lXYxAB,ChIJvUHCF2zibi4RbdO26EY3J3E,BARAJA COFFEE SILIWANGI,cirebon,Wisata,5,"Barista nya ramah, tempatnya industrial artsy banget dan kopinya enak, terutama untuk cappucino nya, foam nya pas dan rasio blend nya juga OK, sangat recommended untu mampir kesini!",2025-12-29T07:18:55.204Z,Yusuf Yusuf,114075070342245419440,True,0,id,2026-05-05T05:37:00.029169
Ci9DQUlRQUNvZENodHljRjlvT21oT2VXeEtXRk5rWTNKUU4waExOMjh0Y2s1MVVrRRAB,ChIJvUHCF2zibi4RbdO26EY3J3E,BARAJA COFFEE SILIWANGI,cirebon,Wisata,5,"untuk makanannya enak, tahu lada garamnya enak tapi kurang sedikit kering dan kurang asin sedikit(karna saya pecinta asin hehe)",2025-12-28T08:15:00.248Z,Junenci Cici,116162751929854908393,False,0,id,2026-05-05T05:37:00.029179
Ci9DQUlRQUNvZENodHljRjlvT25GVWIzQlJlazVVVFU1Mk5EVjFVMjFTVm1KRmQxRRAB,ChIJvUHCF2zibi4RbdO26EY3J3E,BARAJA COFFEE SILIWANGI,cirebon,Wisata,5,"tempatnya cozy, rasa coffee nya mantap",2025-12-15T04:38:19.772Z,Mila Pratito,105847396478912362723,False,0,id,2026-05-05T05:37:00.029187
Ci9DQUlRQUNvZENodHljRjlvT2trNWFETnVRVlZtWDBoTFQyZFBNWGRuTFRGUVZFRRAB,ChIJvUHCF2zibi4RbdO26EY3J3E,BARAJA COFFEE SILIWANGI,cirebon,Wisata,5,What a wonderful place for you to get relax. And herez you may also learn on how to do sign language!,2025-10-26T13:54:27.914Z,Eiges Es,104220322394761720415,True,1,en,2026-05-05T05:37:00.029226
Ci9DQUlRQUNvZENodHljRjlvT21wVVQzbG5OM0J6YkhGME5IUm9Oek5XV1ZsQ01XYxAB,ChIJ53L88tQfby4RwdSFp-zIcdE,Warung Kopi Manis,cirebon,Wisata,5,"Ke sini pada saat sarapan. Menunya sudah banyak yang tersedia. Makanan nya lezat.
Suasana nya tenang dan santai.",2026-05-04T07:48:44.215Z,Lilis Amaliah Rosdiana,111046030029721832579,True,0,id,2026-05-05T05:37:00.029243
Ci9DQUlRQUNvZENodHljRjlvT21OMVdXTkZaVEpVVmpkRlJsZHJaR05zTXpGb2RGRRAB,ChIJ53L88tQfby4RwdSFp-zIcdE,Warung Kopi Manis,cirebon,Wisata,5,makanananya enak2 tp sebaiknya datang terlalu pagi krn byk menu yang belum ready,2026-05-03T03:31:38.954Z,danny santoso,109333214338559582584,True,0,id,2026-05-05T05:37:00.029259
Ci9DQUlRQUNvZENodHljRjlvT2xOUFEydHNjWGRtYWtsSk1tcFRhRTA1WHpoalptYxAB,ChIJ53L88tQfby4RwdSFp-zIcdE,Warung Kopi Manis,cirebon,Wisata,5,Alhamdulillah bisa sarapan di kopi manis cirebon ..lauk komplit sm biasa wedang kopi sm pisang goreng ...👍,2026-05-02T03:37:25.619Z,Iin Mulyani,105596404164193239203,True,0,id,2026-05-05T05:37:00.029296
Ci9DQUlRQUNvZENodHljRjlvT2xGdlZrOHlNelF5TjI1d04wbG9VR0ozWm5KZmJXYxAB,ChIJ53L88tQfby4RwdSFp-zIcdE,Warung Kopi Manis,cirebon,Wisata,4,"Untuk perdana dtg ksni cukup membuat saya ilfil karena mbak kasir. Bill makanan saya di tambahin Rp 41.000, kasir menginput dua makanan yg tdk sy pesan. Padahal sebelum pembayaran kasir mengkonfirmasi makanan yg sy pesan, dan benar semua yg dia sebutkan. Tp di bill 2 menu di tambah2in. Untung saya teliti  dan tdk langsung beranjak pulang. Walau uang saya di kembalikan , tapi bikin ilfil.
Mohon kasir nya di tegur owner dan customer lain harap teliti juga.",2026-05-01T13:33:43.313Z,Adry Ani,115253750361829085259,False,1,id,2026-05-05T05:37:00.029307
ChZDSUhNMG9nS0VJQ0FnSURILWZqbUdREAE,ChIJ53L88tQfby4RwdSFp-zIcdE,Warung Kopi Manis,cirebon,Wisata,4,Suasana enak makan murah. Terutama sayur lodeh nya mantap,2026-05-01T05:13:08.464Z,Dadan Eka N,116700540010805861760,False,0,id,2026-05-05T05:37:00.029315
Ci9DQUlRQUNvZENodHljRjlvT20xVFN6RlZTazV1UjFReVMweHBjbkE0UzBoV2JuYxAB,ChIJ53L88tQfby4RwdSFp-zIcdE,Warung Kopi Manis,cirebon,Wisata,5,Baguss serasa makan di pedesaan,2026-04-28T03:22:30.154Z,Yogi Alkidah,116816384296888490257,False,0,id,2026-05-05T05:37:00.029325
Ci9DQUlRQUNvZENodHljRjlvT25FME5tUnBVMFp3VkhreFgzbE1ZbVpZYnpjeWMxRRAB,ChIJ53L88tQfby4RwdSFp-zIcdE,Warung Kopi Manis,cirebon,Wisata,5,Cocok banget buat nongkrong,2026-04-24T04:37:12.089Z,yusha trimulya,110996559814999960131,True,0,id,2026-05-05T05:37:00.029361
Ci9DQUlRQUNvZENodHljRjlvT25oQ1JHbG5RWEV6V1MxMVppMU9iM2wzZFVoSVpYYxAB,ChIJ53L88tQfby4RwdSFp-zIcdE,Warung Kopi Manis,cirebon,Wisata,5,"Untuk tempatnya bersih, makanannya enak kebetulan saat itu saya pesan pisang goreng dan kopi. Pisang gorengnya wangi  dan kopi nya enak (bukan kopi sachet. Tersedia juga berbagai macam jenis makanan dan minuman rempah rempah disini.",2026-04-23T09:15:05.130Z,galih pandu,113961145937457798255,True,0,id,2026-05-05T05:37:00.029377
Ci9DQUlRQUNvZENodHljRjlvT25Vek0wbDBXVWg1YVhGbE1uSnVSak50Y2xwZlpHYxAB,ChIJvUHCF2zibi4RbdO26EY3J3E,BARAJA COFFEE SILIWANGI,cirebon,Wisata,4,Sangat enak pngalaman  sayah,2025-10-26T13:40:23.743Z,Iwan Cilor,106105442726259249639,False,0,id,2026-05-05T05:37:00.029392
Ci9DQUlRQUNvZENodHljRjlvT210UlRXODVZM1ZEVFRaNVEwVkxhVEpyU0hOSFVWRRAB,ChIJvUHCF2zibi4RbdO26EY3J3E,BARAJA COFFEE SILIWANGI,cirebon,Wisata,5,Keren asyik sekali,2025-10-26T13:40:12.699Z,Haji Tohir,109250385924085147609,False,0,id,2026-05-05T05:37:00.029400
Ci9DQUlRQUNvZENodHljRjlvT2xOQ2NWWkdTRE5zUzFKUFVTMXhaMnRzZVZOQ1VrRRAB,ChIJvUHCF2zibi4RbdO26EY3J3E,BARAJA COFFEE SILIWANGI,cirebon,Wisata,5,Best lah pokonya,2025-10-16T04:30:13.083Z,Faisal Nugraha,117366767240211682217,True,0,id,2026-05-05T05:37:00.029436
Ci9DQUlRQUNvZENodHljRjlvT2pSdFZIUk5NWGRmZGxOdU9WbFhMVEp6WWtWRFQyYxAB,ChIJvUHCF2zibi4RbdO26EY3J3E,BARAJA COFFEE SILIWANGI,cirebon,Wisata,5,Baraja coffe masih buka barista class min?,2025-10-11T10:33:26.904Z,Addit JR,103085996198735920586,False,0,id,2026-05-05T05:37:00.029444
Ci9DQUlRQUNvZENodHljRjlvT2psb1NWTnNNV1JFZVRKeVdXUnNlbWRKWmpGU05tYxAB,ChIJvUHCF2zibi4RbdO26EY3J3E,BARAJA COFFEE SILIWANGI,cirebon,Wisata,5,"Suasanya enak asri banget dan luas banget, tempatnya juga aesthetic kalau malem enak buat selfie",2025-09-30T10:05:05.651Z,Kirania Dewy,107960623047060608088,False,0,id,2026-05-05T05:37:00.029453
Ci9DQUlRQUNvZENodHljRjlvT201WE1tOU9WMDlKV2xoSmMwOUVka2xEUlZsR1FtYxAB,ChIJvUHCF2zibi4RbdO26EY3J3E,BARAJA COFFEE SILIWANGI,cirebon,Wisata,5,"Makanan berat nya enak2, choco hazelnut nya juara!😍 Biasa ngegabut disini enak adem ga brisik🙏😂",2025-09-16T12:23:01.587Z,Dinny Putri Ramadhani,116229978535136976835,False,0,id,2026-05-05T05:37:00.029469
Ci9DQUlRQUNvZENodHljRjlvT2tsRWNtd3plRkUyTm5acmRUSkRiV3BGV2pBNVRHYxAB,ChIJvUHCF2zibi4RbdO26EY3J3E,BARAJA COFFEE SILIWANGI,cirebon,Wisata,5,"Suasanannya nyaman, jauh dari keramaian, cocok buat cari inspirasi 🔥",2025-09-16T12:22:01.645Z,dibyo ramadhan,107742062834805439808,False,0,id,2026-05-05T05:37:00.029477
Ci9DQUlRQUNvZENodHljRjlvT201VVlYVXhlbEJ0TldkbVJtUTNiMnR0Y1dzeWNHYxAB,ChIJicXpjW4dby4RRx-XvU5vTDc,Domoid Coffee and Resto,cirebon,Wisata,1,"pkkny smuany B aja, gak sesuai sama hargany, KLO d compare sama cafe lain yg hrgany jg sama, service lama, salah makanannya juga, rasanya B aja, ckup trima dan trahir ksni",2025-12-18T13:42:55.382Z,AFRIANTY 12,108348485793730528217,False,0,id,2026-05-05T05:37:00.029510
Ci9DQUlRQUNvZENodHljRjlvT2xnM2JuQXdhM0pQZWpBdFRrVm9WakJYUldWTGRVRRAB,ChIJicXpjW4dby4RRx-XvU5vTDc,Domoid Coffee and Resto,cirebon,Wisata,5,"Agak pricy, porsinya biasa, tapi lumayan",2025-12-18T00:14:35.024Z,Rizka Adhitya,100451497714241422233,True,0,id,2026-05-05T05:37:00.029525
Ci9DQUlRQUNvZENodHljRjlvT25FeFdVNVlNMjVLZGpSbFUxRjZYMEpEV0VoTmNWRRAB,ChIJicXpjW4dby4RRx-XvU5vTDc,Domoid Coffee and Resto,cirebon,Wisata,5,Mantap banget loooh,2025-12-17T03:34:34.166Z,MUHAMAD IDRIS,116593113567493275668,True,0,id,2026-05-05T05:37:00.029533
Ci9DQUlRQUNvZENodHljRjlvT2t4MmJGRm1UVEZvTmtGNWQwazVRMGxDVFRaelJYYxAB,ChIJicXpjW4dby4RRx-XvU5vTDc,Domoid Coffee and Resto,cirebon,Wisata,5,"suka bangett sama tempatnya,tempat duduknya juga banyak bisa menyesuaikan kegiatan or kenyamanan masing masing,untuk harga standar tapi rasa jelass maxx xixi",2025-12-01T10:01:29.637Z,elvaa,112441461055258922547,True,0,id,2026-05-05T05:37:00.029556
Ci9DQUlRQUNvZENodHljRjlvT2t0eE0zaEhhVlUwWnpaeWJHOXRZMGxVUzNCdGFGRRAB,ChIJicXpjW4dby4RRx-XvU5vTDc,Domoid Coffee and Resto,cirebon,Wisata,5,"Decent place. Spacious, good for group",2025-11-30T05:12:56.475Z,IRV,115890527261942180827,True,0,en,2026-05-05T05:37:00.029564
Ci9DQUlRQUNvZENodHljRjlvT21aT01YWnZhR1JuUmxrd1VHaHZaRU5XWDFwalpVRRAB,ChIJyz3qWbLjbi4RuLhrOMkHIM8,eunola coffee & space,cirebon,Wisata,5,"Tempatnya comfy, cocok buat santai. Waiter dan karyawan juga ramah 👍🏻",2026-01-01T07:39:32.629Z,Reynal Senatama,105288647329168937961,True,0,id,2026-05-05T05:37:00.029579
Ci9DQUlRQUNvZENodHljRjlvT2padlpISXdVME5ZZHpWMGMyTjZXSGN0YkZOb01WRRAB,ChIJyz3qWbLjbi4RuLhrOMkHIM8,eunola coffee & space,cirebon,Wisata,4,"Cafe di pinggir jln , ada indoor dan outdoor nya , untuk kopinya ya lumayan dan makanan jg lumayan .",2025-12-30T08:48:55.991Z,Tsuaibatul Islamiyah,112201260061604382692,True,0,id,2026-05-05T05:37:00.029587
Ci9DQUlRQUNvZENodHljRjlvT20xMVRYbExOekpXYmxsdVUwcEJUVXRKVFVjM1dXYxAB,ChIJyz3qWbLjbi4RuLhrOMkHIM8,eunola coffee & space,cirebon,Wisata,5,Mantap mas Gilang,2025-12-19T08:26:40.091Z,Ikbal Khan,109080013178333391437,False,0,id,2026-05-05T05:37:00.029602
Ci9DQUlRQUNvZENodHljRjlvT2tRdGRGQlJkRlkzVlZaUWNubGthRGRLTmkxMFkyYxAB,ChIJyz3qWbLjbi4RuLhrOMkHIM8,eunola coffee & space,cirebon,Wisata,4,Pertama Kali Nyoba Kesini Karena Suka Suasananya,2025-12-16T12:00:02.740Z,Rulee__,114115230986886581713,True,0,id,2026-05-05T05:37:00.029610
Ci9DQUlRQUNvZENodHljRjlvT2xKTE1ESjZSRGR0V1ZSU1VFdEZVVVZoT0dzM1RrRRAB,ChIJyz3qWbLjbi4RuLhrOMkHIM8,eunola coffee & space,cirebon,Wisata,5,"Kopi nya cukup enak untuk seduhan v60, cheese cake nya juga enak,pisang gorengnya cukup enak, suasananya juga cukup enak..apalagi sehabis hujan",2025-12-15T12:35:09.152Z,Marjuki mj,108360466129418256617,True,0,id,2026-05-05T05:37:00.029618
Ci9DQUlRQUNvZENodHljRjlvT213MGNqZHJaR2gyY3pOblFsWnJNbnBLU1dwSE9XYxAB,ChIJyz3qWbLjbi4RuLhrOMkHIM8,eunola coffee & space,cirebon,Wisata,5,"Desertnya enak2, pisang bakar Coklat keju favorit, Aplg cheese cake Strawbeery ny 🥹, nasi goreng Kampung ny enak, ayam goreng juga. So far so good",2025-12-06T13:01:57.764Z,Khalisa Mubshiroh,101679823841041763586,False,0,id,2026-05-05T05:37:00.029628
Ci9DQUlRQUNvZENodHljRjlvT2pWWFMyNDNRbkZMYkVZNVN6QmliSFY2VkRKVVowRRAB,ChIJyz3qWbLjbi4RuLhrOMkHIM8,eunola coffee & space,cirebon,Wisata,5,"tempatnya enak, nyaman, stafnya helpfull, ngejelasin kopinya dengan baik

good.. good.. 👍🙂👍🙂",2025-11-24T02:07:16.636Z,Marsela Prabowo,100187680037250400589,True,0,id,2026-05-05T05:37:00.029637
Ci9DQUlRQUNvZENodHljRjlvT2xKbU5FSnlOVWt3ZWkxeldVdFBibFY1VFhaS1RHYxAB,ChIJyz3qWbLjbi4RuLhrOMkHIM8,eunola coffee & space,cirebon,Wisata,5,"Good place, good people, good food and last but not least good atmosphere 🙌🏻",2025-11-17T12:19:15.265Z,Fakhrur Rozy (ozz),108094003324236738192,False,0,en,2026-05-05T05:37:00.029649
Ci9DQUlRQUNvZENodHljRjlvT21SUlFrMVBaamhSWVVsdVdXcEdTR1JzWWw5cGExRRAB,ChIJyz3qWbLjbi4RuLhrOMkHIM8,eunola coffee & space,cirebon,Wisata,5,"Good The Best Coffeshop
Latte ice nya enak
Mix Platter nya enak
Saikoro Best
Tempatnya syahdu adem
Dan pelayanannya jujur banget Casing airpods saya ketinggalan untungnya disimpen sama tetehnya makasi bangett
BEST LAH",2025-11-16T13:27:05.575Z,Rehan Hilmi60,110022037818081529082,False,0,id,2026-05-05T05:37:00.029664
Ci9DQUlRQUNvZENodHljRjlvT200MGFsWnlkakJYTkdsaVNEaGhRWEJyUkZaM2RsRRAB,ChIJyz3qWbLjbi4RuLhrOMkHIM8,eunola coffee & space,cirebon,Wisata,4,"A small cafe next to the Batiqa Hotel. The space is predominantly outdoors by the river. The indoor area isn't very spacious. The menu offers a variety of pastries and coffee and non-coffee drinks. Well, that's okay.",2025-11-16T11:18:26.883Z,Anatheorisi,101565886520674782494,True,1,en,2026-05-05T05:37:00.029672
Ci9DQUlRQUNvZENodHljRjlvT2psaFJFaFBURWxJV25WNGNESnlSVzFRWm5jME5XYxAB,ChIJyz3qWbLjbi4RuLhrOMkHIM8,eunola coffee & space,cirebon,Wisata,5,"Ini cafe ter adem sih di crb, pelayanan nya juga bagus banget. Angge pernah kehilangan gelang emas jam 12 malem masih dibantu cariin lho. Semuanya bantu cariin gelang emas nya.",2025-11-10T11:04:10.263Z,Bilal dan Angge,106268846927760060742,True,0,id,2026-05-05T05:37:00.029694
Ci9DQUlRQUNvZENodHljRjlvT21oa1EwWkJNelpQTlROalYxcFZOVmd0ZUU1R2JYYxAB,ChIJyz3qWbLjbi4RuLhrOMkHIM8,eunola coffee & space,cirebon,Wisata,5,"First time karena penasaran dan ternyata emang senyaman dan secozy itu cuman agak kefikiran kalau musim hujan gimana hehe
Harga terjangkau soal rasa okelah ya cuman varian cheesecakenya bolehlah ditambah hihi 😍
Hospitalitynya ditingkatkan lagi ya Kakak 🙂🙏🏻",2025-11-02T04:34:28.845Z,Ibnu Indrayana,106078248194407584546,True,0,id,2026-05-05T05:37:00.029702
Ci9DQUlRQUNvZENodHljRjlvT2pNNVJEWkRkMXBsUzNnMFpXOHhaSFJPU2pKQlNGRRAB,ChIJyz3qWbLjbi4RuLhrOMkHIM8,eunola coffee & space,cirebon,Wisata,3,"1) up sellingnya ya ka tolong ditingkatkan
ada promo bundling gak ditawarin ke customer, cuma di pajang depan kasir, taunya setelah payment pas mau ganti ga bisa 🤭

2) pelayanan lumayan lama 30 menitan, yang mau buru-buru kurang recomend",2025-10-19T01:42:54.222Z,Farra Devinta,114942633722783656157,False,0,id,2026-05-05T05:37:00.029739
Ci9DQUlRQUNvZENodHljRjlvT2xad1pVVmlRVnAxUjBJeldHNVJSMTlKVjJzM2FtYxAB,ChIJyz3qWbLjbi4RuLhrOMkHIM8,eunola coffee & space,cirebon,Wisata,5,kopinya enak dan suasana malemnya jg nyaman bgt,2025-10-13T11:47:20.869Z,Bintang Mahathir,103620277423388344134,True,0,id,2026-05-05T05:37:00.029747
Ci9DQUlRQUNvZENodHljRjlvT2t4TWVIcGhRV0ZHWWs5dVExVjVUakJhUVVjek9FRRAB,ChIJ53L88tQfby4RwdSFp-zIcdE,Warung Kopi Manis,cirebon,Wisata,5,Suasana semilir angin persawahan membuat makan makin berselera,2026-04-21T09:03:57.514Z,Anto,108824262323928292978,True,0,id,2026-05-05T05:37:00.029756
Ci9DQUlRQUNvZENodHljRjlvT25kdU1VZENXSE5IVTJRMWRsVjJVRFJST1UxV1UyYxAB,ChIJ53L88tQfby4RwdSFp-zIcdE,Warung Kopi Manis,cirebon,Wisata,2,agak pricey. tempat kurang bersih.,2026-04-20T12:24:22.450Z,Amalia Tri Wahyuni,114635771148158773108,True,0,id,2026-05-05T05:37:00.029780
Ci9DQUlRQUNvZENodHljRjlvT25OSk9GRlJVSFZ5Y0VobVEybFZZMnhHWm1OT1EwRRAB,ChIJ53L88tQfby4RwdSFp-zIcdE,Warung Kopi Manis,cirebon,Wisata,5,Warung Kopi Manis mantap,2026-04-20T12:02:43.698Z,Alif MC57 (AlifMC57),109320092391990331013,False,0,id,2026-05-05T05:37:00.029789
Ci9DQUlRQUNvZENodHljRjlvT21kYWFFODVUbGR2YjJwbFUxOUxielJIVVZkWVQxRRAB,ChIJ53L88tQfby4RwdSFp-zIcdE,Warung Kopi Manis,cirebon,Wisata,5,"tempatnya sngattt enakk sejukk,dan nyamann sekali,pemandangan yang sngat baguss,dan masakan yang sangat mantaapppp",2026-04-20T12:02:20.834Z,moh frizyyy14,118202738145639658376,False,0,id,2026-05-05T05:37:00.029805
Ci9DQUlRQUNvZENodHljRjlvT25aclgyMXZSbGRmTVZwQlZ6QXpYMlY2TmtRNVpGRRAB,ChIJ53L88tQfby4RwdSFp-zIcdE,Warung Kopi Manis,cirebon,Wisata,4,"Makanan nya mirip mirip kopi klotok jogja. prasmanan, tp saya cuma pesen snack (pisang goreng, ketan susu, teh manis, wedang uwuh dan otak ptak bakar) sepertinya ayam bakarnya enak, bumbunya medok(saya baru liat pas udh mau pulang)

Parkiran mobil cukup muat banyak. suasana nya pedasaan sawah, ber ekspetasi teh nya rasa tubrukan gitu, tp ternyata kaya rasa teh celup pada umumnya😂 wedang uwuhnya enak gaterlalu nyegrek.

pisang goreng nya enaak, pake pisang kepok mateng. ketan susu nya pas, otak otaknya enak, bakwan sayur nya lama😂karena di goreng dadakan dan antri. saya kesini weekday tp rame juga😂

tips : duduk di meja depan samping pinggir jalan, orang lain fokus cari meja di dalam/pinggir sawah",2026-04-17T10:10:33.396Z,Nabilla Anis,100457706161548481495,True,0,id,2026-05-05T05:37:00.029821
Ci9DQUlRQUNvZENodHljRjlvT2tSeFkzTmZlSFUxVUVwaWRXeEtkbUY1T0ZOTGQzYxAB,ChIJ53L88tQfby4RwdSFp-zIcdE,Warung Kopi Manis,cirebon,Wisata,5,Enak makanannya dan asri,2026-04-15T10:33:13.889Z,Maryam Sofiyana,101580008087243975986,True,0,id,2026-05-05T05:37:00.029837
Ci9DQUlRQUNvZENodHljRjlvT2poR1VqQnhXRlpRWWxFekxXbExia2RHVlhkVlFYYxAB,ChIJ53L88tQfby4RwdSFp-zIcdE,Warung Kopi Manis,cirebon,Wisata,5,"Tempatnya enak banget buat sarapan sambil santai 😍 Suasananya sejuk dan adem karena langsung menghadap ke sawah, jadi berasa healing dari hiruk pikuk kota.

Makanannya juga enak-enak, hampir semua menu yang dicoba rasanya pas dan cocok di lidah. Cocok banget buat yang cari sarapan dengan suasana tenang dan nyaman.

Pelayanannya ramah, tempatnya bersih, dan vibes pedesaan-nya dapet banget. Betah lama-lama di sini!

Recommended banget buat sarapan atau sekadar ngopi pagi ☕🌾",2026-04-09T13:03:00.730Z,Ceboz Panam,101253638237060907369,True,0,id,2026-05-05T05:37:00.029859
Ci9DQUlRQUNvZENodHljRjlvT21KYVIxaHNYMWhDWkVWSE9GQXRXVFJpVGpSaFRXYxAB,ChIJ53L88tQfby4RwdSFp-zIcdE,Warung Kopi Manis,cirebon,Wisata,5,"Makanan beragam, parkir cukup, harga mayan, atapnya agak pemdek rawan kejedot.",2026-04-05T05:20:38.164Z,Try Satyo Nugroho,104992033331655818287,True,0,id,2026-05-05T05:37:00.029875
Ci9DQUlRQUNvZENodHljRjlvT2tWUE9VRjRka1J4Wms1WFJsZHdhVlJyUzJ4bk4xRRAB,ChIJ53L88tQfby4RwdSFp-zIcdE,Warung Kopi Manis,cirebon,Wisata,1,"Kasirnya ganti aja. Seenak jidat masukin daftar makanan yang engga kami ambil, Sama di lebih lebihkan. Padahal ngambil 1 di itung 3. Komplen personal ke ig warung makan tidak ada respon!",2026-04-04T15:40:28.385Z,Ipin Bijak,116840511887227183121,False,0,id,2026-05-05T05:37:00.029883
Ci9DQUlRQUNvZENodHljRjlvT25wYVVTMUtNVkpMZVhwNGVsWkxNWFZWVkZsalYyYxAB,ChIJ53L88tQfby4RwdSFp-zIcdE,Warung Kopi Manis,cirebon,Wisata,5,"Makanan atau Minuman yang disajikan khas rumahan,",2026-04-03T00:36:44.545Z,Muhamad Rizky,118364507020024772348,True,0,id,2026-05-05T05:37:00.029898
Ci9DQUlRQUNvZENodHljRjlvT25vMlIzRk1iM1ZoTlZsWmRFeDFXSEZWUjBkbVJIYxAB,ChIJyz3qWbLjbi4RuLhrOMkHIM8,eunola coffee & space,cirebon,Wisata,4,"Makanannya biasa saja
Menu makan tidak bisa dibawa atau di pesan dimeja terlebih dahulu",2025-10-13T04:58:03.052Z,Riyadi sugeng,112454457464426598893,True,0,id,2026-05-05T05:37:00.029913
Ci9DQUlRQUNvZENodHljRjlvT21GV2JHd3phalJTVkhSd1pubFhiSE5uYUU5MFVFRRAB,ChIJyz3qWbLjbi4RuLhrOMkHIM8,eunola coffee & space,cirebon,Wisata,5,"Good place, good food",2025-10-11T10:14:23.337Z,Yaumul Fajri,114620014707883857156,False,0,en,2026-05-05T05:37:00.029924
Ci9DQUlRQUNvZENodHljRjlvT2s5bmIwOVNZVGxHTlVwT1JHRjBUUzFUZFdKSVVXYxAB,ChIJyz3qWbLjbi4RuLhrOMkHIM8,eunola coffee & space,cirebon,Wisata,3,"Kopi rekomended, namun kembali lagi pada selera masing², makanan kurang variatif. Tempat okay.",2025-10-02T20:27:03.402Z,Evi Porwatiningrum,117986942468488996381,True,0,id,2026-05-05T05:37:00.029940
Ci9DQUlRQUNvZENodHljRjlvT2psWlgyRXdSRVZFYkhScFpqWXRXbTVmYlUxaExVRRAB,ChIJyz3qWbLjbi4RuLhrOMkHIM8,eunola coffee & space,cirebon,Wisata,5,"ini saya sudah datang jam 7 tapi kok belum buka ya, ditempat tulisannya sudah buka dan di sinj tertulis buka jam 6, tolong perbarui informasi di google mapsnya ya",2025-09-28T00:09:05.908Z,Teungku Muhammad Ja'far Ali Syam (Jafar),103357248911147594789,False,0,id,2026-05-05T05:37:00.029949
Ci9DQUlRQUNvZENodHljRjlvT21aWVNFSklSa3RrUzJKMFMxSnlWbDlLVXpSRVdHYxAB,ChIJyz3qWbLjbi4RuLhrOMkHIM8,eunola coffee & space,cirebon,Wisata,2,"Pelayanannya lama sampe 1 jam lebih, lupa lagi tadi costumernya mesen apaa",2025-09-22T08:05:57.441Z,Devi Kurniasih,107961145571648037098,False,0,id,2026-05-05T05:37:00.029957
ChZDSUhNMG9nS0VNZTM2cXY2dDVuN0d3EAE,ChIJyz3qWbLjbi4RuLhrOMkHIM8,eunola coffee & space,cirebon,Wisata,5,"Recomended buat ngopi pagi, siang dan malam.
Tempat adem outdoornya, ada pohon besar dan kolam ikan.
Kudapan buat teman ngopi banyak macamnya.kl makan berat sah sah saja ada menunya juga.",2025-09-22T00:31:54.253Z,syafrial lukman,102869906491746481042,True,0,id,2026-05-05T05:37:00.029966
Ci9DQUlRQUNvZENodHljRjlvT2w4MWMzVkJWMTlCZUdwdmIwcHFWMGhyZDBkeVEzYxAB,ChIJyz3qWbLjbi4RuLhrOMkHIM8,eunola coffee & space,cirebon,Wisata,5,"Saya menemukan auntentik coffeeshop ditengah kota cirebon, seperti merasakan yang dulu pernah ada, ada salah satu coffeeshop yg sudah purna dari hiruk pikuk kota cirebon, eunola hampir mirip dengan rasa itu, pohon rindang lalu lalang kendaraan, arsitektur kayu, kopi andalan eunola yang unik, menikmati pencahayaan warm, menghangatkan kembali rasa perkopisop an cirebon setelah sekian lama",2025-09-07T16:38:05.817Z,Mohammad Naufal Ekananda,100299256052397532754,True,0,id,2026-05-05T05:37:00.029974
Ci9DQUlRQUNvZENodHljRjlvT21kWmVXMXhTRWRaVG1RMVdqUnJhR3RKVTJZMlJHYxAB,ChIJyz3qWbLjbi4RuLhrOMkHIM8,eunola coffee & space,cirebon,Wisata,5,"Surprisingly walaupun di outdoor dan siang hari tp tempatnya sejuk dan ga panass! waktu dateng pesen kopi eunola (kopi gula aren) rasanya enakk, creamy dan manisnya pas, trs pesen cheesecake strawberry nya juga harga 35k per slice gituu menurutku rasanya kurang gurih dari cheesenyaa trs lebih dominan manis tp kalau di combine sm kopinya okk! Overall recommend❤️",2025-09-01T14:15:54.175Z,Tia Noors,116261303274634743383,True,0,id,2026-05-05T05:37:00.029983
Ci9DQUlRQUNvZENodHljRjlvT201VFFsbDVSelpVYkdKVFQzUk9hVlZwVkVWUmNHYxAB,ChIJyz3qWbLjbi4RuLhrOMkHIM8,eunola coffee & space,cirebon,Wisata,1,"Tujuan ke tempat ini karna konsepnya unik, tertarik kesini pertama kalinya, dari pertama pelayanan order nya kurang menjelaskan dan kurang menguasai menu, pelayanan order menurut saya tidak komunikatif, kedua waktu tunggu dari pengantaran minum sampai pengantaran makanan jaraknya cukup lama, bahkan meja sebelah dulu yg makan dan minumnya diantar, padahal saya dulu yang datang, oke MUNGKIN pesanan saya agak ribet atau gimana cara ""menyajinya"" setelah nunggu kurang lebih 45menit baru dimakan berapa suap, ternyata saya dikasih HADIAH, HADIAN TOPPING LALAT, BUKAN LALAT MATI YANG JATOH DARI LANGIT, tapi LALAT GEPREK YANG IKUT TERGORENG, jadi disini kebersihan dapurnya wajib DIPERTANYAKAN.

Saya panggil pelayan ke meja saya untuk menunjukkan dan melihatkan apa yg ada di makanan saya, tapi RESPONNYA SANGAT TIDAK ETIS, memang pelayan meminta maaf tapi dengan cara yg menurut saya KURANG SOPAN.

Saya komplain bukan ingin digantikan dengan makanan baru, tp saya KESAL sudah nunggu LAMA tapi makanan nya GAK BISA DIMAKAN.

Saran untuk LEBIH DIPERHATIKAN LAGI.",2025-08-27T11:40:23.126Z,alfi yana,118079365739774303371,False,0,id,2026-05-05T05:37:00.029992
ChdDSUhNMG9nS0VJQ0FnSUMzNGVlMXhnRRAB,ChIJyz3qWbLjbi4RuLhrOMkHIM8,eunola coffee & space,cirebon,Wisata,5,"Cafe terbaru di jalan Cipto persis sebelah hotel Batiqa.
Ambience nya berasa di daerah Bandung.
Konsep yang keren banget siih….
Rekomend untuk ngechill sambil menikmati lalu lintas. Heheheee….",2025-08-05T09:43:33.379Z,My Journey,118173016008693793139,True,0,id,2026-05-05T05:37:00.030001
Ci9DQUlRQUNvZENodHljRjlvT2pCR1JETjJOVXhZYVV0V1F5MUJlbG8wVldoNVMyYxAB,ChIJyz3qWbLjbi4RuLhrOMkHIM8,eunola coffee & space,cirebon,Wisata,5,"Salah satu tempat ngopi favorit setelah lari, enak buat nongkrong atau sama temen-temen. Seringkali setelah olah raga kesini, karena enak banget suasana paginya. Kalo malam, agak banyak nyamuk di area outdoor yang deket kolam. Tapi overall Eunola salah satu coffeeshop paling nyaman.",2025-07-14T12:33:41.566Z,Erwinz G. Anugrah,106461235639669227149,True,0,id,2026-05-05T05:37:00.030010
Ci9DQUlRQUNvZENodHljRjlvT2xGc1JrOUVYMjVOTlZKRlFuSnNhRXRoZDJSM2FIYxAB,ChIJ53L88tQfby4RwdSFp-zIcdE,Warung Kopi Manis,cirebon,Wisata,3,"Maaf ya harus jujur 🙏🏼

Kurang prepare pelayanan nya harus di ingetin berkali kali dulu.
Jajanan add on 20-40 menit baru dateng , makanan sudah habis minum nya nyusul",2026-04-02T07:08:13.562Z,Nur anwar Zaenal M.,108718063825280810223,True,0,id,2026-05-05T05:37:00.030021
Ci9DQUlRQUNvZENodHljRjlvT2pkWFFURjBZVkF4VDNOUlNEVmtWekF5Ykc0MFRWRRAB,ChIJ53L88tQfby4RwdSFp-zIcdE,Warung Kopi Manis,cirebon,Wisata,5,"Kayak kopi klotok di yogya. Suasananya, makanannya, enaaak dan nyaman betul.",2026-03-28T07:09:29.625Z,Muhammad Imaduddin,105022891030708325028,True,0,id,2026-05-05T05:37:00.030051
Ci9DQUlRQUNvZENodHljRjlvT210QlprdFFNWGxVWm5wQkxYTllSM0JwYmpkNVRIYxAB,ChIJ53L88tQfby4RwdSFp-zIcdE,Warung Kopi Manis,cirebon,Wisata,4,"Saran saya buat yang mau kesini, jangan datang pas lagi musim libur lebaran. Kami libur lebaran kemarin kesini dan mendapatkan pengalaman yang kurang menyenangkan.
Sebenarnya rasa makanannya lumayan enak lah, konsep tempat makannya nyaman dan bikin betah karena berada di pinggir sawah dengan bentuk bangunannya adalah rumah tradisional khas pedesaan. Tapi yang paling kami notice kemarin adalah semrawut. Kami datang jam stgh 2 siang. Nasi kehabisan dan refilnya agak lama. Piring makan juga sama nasibnya. Lauk teman makan, jangan ditanya, karena disini konsepnya adalah parasmanan, dan pengunjung yang datang itu banyak sekali, jadi sudah pasti lauk itu cepat habis dan refilnya juga lama. Alhasil waktu itu kami hanya makan dengan nasi, dan telur ceplok. Belum lagi kalo kami memesan hidangan makanan ringan seperti pisang goreng atau bakwan goreng,,beuh ngantrinya ga tahan. Jangankan itu, teh tawar hangat saja yang biasa disajikan tinggal ambil sendiri juga kehabisan. Benar-benar deh, engga lagi kesini pas musim lebaran.
Meskipun begitu saya paham karena mereka masaknya pake tungku kayu bakar. Tapi kalo boleh saya sarankan, memang perlu ada perbaikan dalam hal manajemen waktu penyajian makanan,,mungkin perlu disiapkan terlebih dulu masakan2 itu untuk antisipasi pengunjung yang membludak di momen2 liburan.
Tapi overall kayanya kalo bukan libur lebaran, tempat ini sepertinya worth it untuk dikunjungi.",2026-03-26T14:15:44.961Z,Lucky KPP Garut,102738176346637756708,True,0,id,2026-05-05T05:37:00.030067
Ci9DQUlRQUNvZENodHljRjlvT2psRk5raHFUR1l4TVhSd2IzWkdUMFp2TTJkV1pIYxAB,ChIJ53L88tQfby4RwdSFp-zIcdE,Warung Kopi Manis,cirebon,Wisata,5,"Tempat makan ""mewah"" (mepet sawah) dg masakan rumahan prasmanan, wajib dicoba sayur lodeh, pisang goreng jg otak2 nya, hrg nya pun murah meriah..
Ada toilet jg mushola, kl ke Cirebon akan mampir lg.",2026-03-26T13:16:33.076Z,Niek Ramadian,100479926575896794234,False,0,id,2026-05-05T05:37:00.030075
Ci9DQUlRQUNvZENodHljRjlvT2xSbFpuQXpORXN0YjJ3eWVXWnpPVEp5Y0ZwTVNuYxAB,ChIJ53L88tQfby4RwdSFp-zIcdE,Warung Kopi Manis,cirebon,Wisata,5,"Tempat yang rekomen makan bersama keluarga atau pasangan..dengan menu"" makanan lokal yang nikmat dan murah.",2026-03-25T13:47:34.183Z,Razif Erganda,115561947141404029817,False,0,id,2026-05-05T05:37:00.030091
Ci9DQUlRQUNvZENodHljRjlvT201VVoxOXZWVXhVZFZSeFdYWlhaSEJQTlhFMk9GRRAB,ChIJh1sZ1S8fby4RRUHROnSKSDA,Kopi Montong,cirebon,Wisata,2,"parah siihh masih belum jam 7 an, lampu udah full dimatiin tanpa pemberitahuan",2026-04-24T13:45:13.710Z,Rosyad Baihaqie,114179932811343941374,True,0,id,2026-05-05T05:37:00.030129
Ci9DQUlRQUNvZENodHljRjlvT20xYVIySjVXRkJpYkZvd1dqZE5kbFZqWDA1V2NWRRAB,ChIJh1sZ1S8fby4RRUHROnSKSDA,Kopi Montong,cirebon,Wisata,5,Kesini 2022 pas banget musim durian,2026-02-26T15:44:33.569Z,Lucky Diary,107258590000486422663,True,0,id,2026-05-05T05:37:00.030144
Ci9DQUlRQUNvZENodHljRjlvT205cFRsaFVNRmcyWTNZM2FuRnRNekpwY2t0dVIzYxAB,ChIJh1sZ1S8fby4RRUHROnSKSDA,Kopi Montong,cirebon,Wisata,5,Tempatnya antik,2026-01-04T03:16:07.653Z,Taufik Solihin,110027483757412201127,True,0,id,2026-05-05T05:37:00.030153
Ci9DQUlRQUNvZENodHljRjlvT25OUVprY3RaV2RSVWt4U1ZVNHhWR3RsV0RjNU9FRRAB,ChIJh1sZ1S8fby4RRUHROnSKSDA,Kopi Montong,cirebon,Wisata,5,"Tempatnya ajib, tenang dan syahdu..
Makananya cukup murah, semoga sukses terus kopi montong",2025-11-02T05:47:19.596Z,Gilang Maulana,110391994755545016938,False,0,id,2026-05-05T05:37:00.030168
Ci9DQUlRQUNvZENodHljRjlvT2kxdlpGcHdiMFZsZVdzd2FqVnFWV0p2YmtkVmNIYxAB,ChIJh1sZ1S8fby4RRUHROnSKSDA,Kopi Montong,cirebon,Wisata,1,"Nunggu makanan sama minuman 30 menit lebih, padahal pengunjung tidak banyak
meja meja yang habis dipakai tidak langsung dibersihkan oleh pelayannya
udah nunggu nunggu makanan yg dateng udah dingin,
minuman eskopi durian, duriannya asem gak manis",2025-08-03T11:45:50.205Z,Rofi Sulistianto,116320579177327827704,False,0,id,2026-05-05T05:37:00.030185
Ci9DQUlRQUNvZENodHljRjlvT21OMFIwbE9ZbE5oVGpCbWQxTkxhbXg2YnpONldFRRAB,ChIJh1sZ1S8fby4RRUHROnSKSDA,Kopi Montong,cirebon,Wisata,5,"Tempat terbaik, 2 April 2025",2025-07-26T08:54:12.107Z,059_Imam,102533846097142198670,False,0,id,2026-05-05T05:37:00.030196
Ci9DQUlRQUNvZENodHljRjlvT21aMGEwdzJjRkowY1VoVWFVMXhXR1E1VVhwSE4zYxAB,ChIJh1sZ1S8fby4RRUHROnSKSDA,Kopi Montong,cirebon,Wisata,5,"Kopi durennya mantab, tempe mendoan dan pisang keju coklat juga mantab, harga ok, tempat, jangan ditanya, nyaman banget",2025-07-11T13:45:43.680Z,dessy shinta,103930924573564405202,True,0,id,2026-05-05T05:37:00.030219
ChdDSUhNMG9nS0VLZkVvSkt3bGIzbmd3RRAB,ChIJh1sZ1S8fby4RRUHROnSKSDA,Kopi Montong,cirebon,Wisata,4,Bagus pemandangan nya dari sini.,2025-06-03T12:12:49.421Z,Alyza Erryn,108925732776145981362,True,0,id,2026-05-05T05:37:00.030241
ChZDSUhNMG9nS0VQMkdxNHJ1MGJQV2ZnEAE,ChIJh1sZ1S8fby4RRUHROnSKSDA,Kopi Montong,cirebon,Wisata,4,"Cafe restonya bagus berkonsep jawa tradisional dg rumah gebyok dan beberapa bangunan pendukung lainnya. Berada di puncak bukit dg view menarik, di atas kawasan perumahan yg luas sekali. Cocok untuk acara outdoor wedding.
Sepertinya perlu sentuhan ulang secara total agar lebih menarik.
Kesini kepagian jadi cuma bisa pesan es teh, belum mencicipi kopinya yg konon katanya enak.
Ingin juga mencicipi durian disini tetapi sayang tidak ada buah durian tersedia. Pohon durian sisa beberapa saja, yg masih segar tumbuhnya tinggal sedikit. Banyak pepohonan lainnya di sekitarnya.
Sempat ngobrol dg. seorang ibu, pemilik/pengelola cafe, Cafe ini masih beroperasi walaupun tidak seramai dulu katanya.
Harga manmin tidak mahal.
Yg pingin ngobrol ngopi santai di udara lepas kayaknya disini sangat cuocok...
Masih dalam jangkauan taksi/ojek online.",2025-05-26T00:46:27.885Z,SIMPLETRIP,116355377292132459934,True,0,id,2026-05-05T05:37:00.030249
ChdDSUhNMG9nS0VJQ0FnSUNCX1BuS3l3RRAB,ChIJh1sZ1S8fby4RRUHROnSKSDA,Kopi Montong,cirebon,Wisata,4,"Tempatnya bagus, enak, nyaman, ramah lingkungan, bersih layanan cepat dan siap saji. Ditambah lagi dengan ditambah penampilan Live Musik yang OK.. Pokonya mantap deh.. 👍",2025-02-15T19:42:16.357Z,Abah Gondrong,116048822403536869147,True,0,id,2026-05-05T05:37:00.030285
ChZDSUhNMG9nS0VJQ0FnSUN5cV9hSFBnEAE,ChIJh1sZ1S8fby4RRUHROnSKSDA,Kopi Montong,cirebon,Wisata,1,Sangat memyedihkan....tempat yang dulu ramai sekarang sepi dan terbengkalai....,2025-01-17T14:53:45.561Z,didot9benua,101275149541355344901,True,1,id,2026-05-05T05:37:00.030301
ChZDSUhNMG9nS0VJQ0FnSUNmeXZ5aWJREAE,ChIJh1sZ1S8fby4RRUHROnSKSDA,Kopi Montong,cirebon,Wisata,4,"Tempat ini sudah ada sejak lama ya...
Tapiii...kami baru kemari saat weekend...kebetulan cuaca cerbon saat ini musim penghujan jadi adem lah ya...
Kemari karna penasaran sama kopi duren nya sih...sebenernya tempatnya ga terlalu susah di jangkau...masuk dulu ke area perum kota baru keandra daerah sindangjawa dukupuntang ya..  jadi sepanjang jalan sambil menikmati suasana perumnya...cukup asri tenang bersih ya...
Pokoknya ikutin saja alurnya nti di bunderan kedua naik dikit nyampe deh...wahh....ademm karna didukung cuaca,hee... parkiran luassss yaaa...pas kesini jam 10 lebih ada beberapa pengunjung juga cenderung sepi mungkin karena masih pagi ya...hee...
Tempatnya jadul estetik lah ya...sayang beberapa spot tidak berfungsi lagi jadi klo bawa bocil kurang pas....cocoknya sama temen atau pasangan halal yang hendak healing santai bincang-bincang sambil menikmati view dari atas bukit yang cakep MaaSyaaAlloh....
Kami pesan es kopi duren 30k dan makanan jaburannya hanya ada gorengn,hiks hiks....jadi pesen pisang bakar saja 1 porsi 18k...
Pelayanannya cukup cepat...kopi datang duluan...ternyataaaa....rasa durennya cukup berasa ya...tapi kopinya ga strong bagi kami,hee....lebih enak dan worth it kopi duren S*L****....
Tapi....disini emang best view nya sih...jadi tetep nikmat-nikmat aja nyeruput kopi sambil jabur disini...
Mudah-mudahan semakin baik dan rame yaa...",2024-12-27T23:45:04.738Z,tree lestari,104551300282225703859,True,0,id,2026-05-05T05:37:00.030309
ChdDSUhNMG9nS0VJQ0FnSUMzbEluYzJRRRAB,ChIJh1sZ1S8fby4RRUHROnSKSDA,Kopi Montong,cirebon,Wisata,2,"Kecewa, niat kesini mo makan duren, durennya kosong, cuma enak buat foto2 aja. Sad lah",2024-11-03T04:33:31.931Z,febby A,105431943495352332478,True,0,id,2026-05-05T05:37:00.030332
ChdDSUhNMG9nS0VJQ0FnSUNYbl9XOXRnRRAB,ChIJh1sZ1S8fby4RRUHROnSKSDA,Kopi Montong,cirebon,Wisata,5,"makanan enak , apalagi bakmi godok sama kopi duren nya",2024-10-22T08:49:32.907Z,sri mulyati,111255481771621409039,False,0,id,2026-05-05T05:37:00.030341
ChdDSUhNMG9nS0VJQ0FnSURINDdqZmtRRRAB,ChIJh1sZ1S8fby4RRUHROnSKSDA,Kopi Montong,cirebon,Wisata,5,"Nice place, adain event biar rame lagi.",2024-09-19T12:28:11.926Z,Tegar Imani,118047876895573404764,True,0,id,2026-05-05T05:37:00.030351
ChdDSUhNMG9nS0VJQ0FnSURicGRMQThnRRAB,ChIJh1sZ1S8fby4RRUHROnSKSDA,Kopi Montong,cirebon,Wisata,5,cocok buat ngadem karena tempat cakep banget,2024-08-07T13:40:35.779Z,Putri Salsabilah,101611321326651461387,False,0,id,2026-05-05T05:37:00.030359
ChdDSUhNMG9nS0VJQ0FnSURybllxYzFBRRAB,ChIJh1sZ1S8fby4RRUHROnSKSDA,Kopi Montong,cirebon,Wisata,1,"Pelayanan nya jelek
Pesanan tidak dicek kembali
Menu yg di antar tidak sesuai dgn pesanan
Makanan belum matang",2024-07-19T09:16:15.129Z,Akhmad Niam Maksum (Ni'am),109515408048218643430,False,0,id,2026-05-05T05:37:00.030375
ChdDSUhNMG9nS0VJQ0FnSUNMNnVXZWtnRRAB,ChIJh1sZ1S8fby4RRUHROnSKSDA,Kopi Montong,cirebon,Wisata,5,Tempat yg nyaman buat liburan keluarga....sekedar melepaskan kepenatan aktifitas sehari-hari biar kembali fressh.,2024-06-18T04:16:48.083Z,Sabit Imanullah,110711245079420642090,True,0,id,2026-05-05T05:37:00.030393
ChZDSUhNMG9nS0VJQ0FnSUNUdk02QVZBEAE,ChIJh1sZ1S8fby4RRUHROnSKSDA,Kopi Montong,cirebon,Wisata,5,Kopi nya mantabs,2024-05-12T07:53:35.854Z,azhari 81,113676323155745334109,True,0,id,2026-05-05T05:37:00.030410
ChZDSUhNMG9nS0VJQ0FnSURqODdqZ0RnEAE,ChIJh1sZ1S8fby4RRUHROnSKSDA,Kopi Montong,cirebon,Wisata,1,"Namanya aja kopi monthong, pasti ada durennya dong,,
Beli duren 300k lebih isinya ampas, keras, udah ketuaan atau kelamaan dijemur sampe kering, kalo di Depok beli duren ngga enak dikasih garansi, yg ini? Jangan ngarep yaa, katanya rugi nantinya, kalo ngga mau rugi ngga usah jualan bang, minta2 aja, banyak lalar, ngga lagi2 dahh",2024-05-07T10:46:52.156Z,bq 2013,109977186928949400164,True,0,id,2026-05-05T05:37:00.030418
ChdDSUhNMG9nS0VJQ0FnSUREZ1ltbG5BRRAB,ChIJh1sZ1S8fby4RRUHROnSKSDA,Kopi Montong,cirebon,Wisata,1,"Tahu walik asem, es teh tarik berasa kaya es air tajin, live music kaya lagi di kondangan, porsi makanan dan minumannya pun ga sebanding dengan harganya",2024-04-10T10:03:41.712Z,Rifky Aditya,107845288446268807621,False,1,id,2026-05-05T05:37:00.030434
Ci9DQUlRQUNvZENodHljRjlvT21kbVdFZzFWbmxuV1c1MlkyMXhhbTF3U1VnNFQwRRAB,ChIJ7TPEJp0dby4RdpsDp9GF4Bg,BARBERKIEHL Cirebon,cirebon,Wisata,5,Good food good place,2026-04-13T17:10:26.217Z,Ardan Junian,115909288070718446993,True,0,en,2026-05-05T05:37:00.030442
Ci9DQUlRQUNvZENodHljRjlvT25OVVVFMTFiVmh4YmxSVlEyWXlVVmxQTlcxb1ExRRAB,ChIJ7TPEJp0dby4RdpsDp9GF4Bg,BARBERKIEHL Cirebon,cirebon,Wisata,4,"waktu kesana masih siang sekitar pukul 1 tapi banyak menu yang udah habis (mungkin betulan habis atau memang lagi kosong ingredientsnya), indoornya cukup nyaman, ada lazy sofa di ujung ruangan, outdoornya lumayan teduh (karena banyak pohon) kalau cuaca lagi ga terlalu panas. rasa kopi sama makanannya not bad, 7/10.",2026-04-07T11:16:47.647Z,dipsi,108462686125326972334,False,0,id,2026-05-05T05:37:00.030452
Ci9DQUlRQUNvZENodHljRjlvT2tkRmFUSTNhMGR1VlVWWWFYb3pla0puTW1aWWQzYxAB,ChIJ7TPEJp0dby4RdpsDp9GF4Bg,BARBERKIEHL Cirebon,cirebon,Wisata,1,"1. Pembelian tidak diberikan struk pembayaran
2. Pesanan datang sangat lama (1 jam lebih) lalu ketika ditanya ke kasir, malah bingung & bertanya ke pembeli dan minta disebutkan lagi pesanan nya
3. Pesan coconut matcha latte pertama dtg salah dikasih cloudy matcha, minta diganti yang benar & dikasih air kelapa warna hijau tidak ada latte nya, tidak ada matcha nya :)
4. Pesan ketan susu 3, dari awal bilang ready semua udah datengnya lama yang dateng cuman 1 ini ok lah di refund tapi minimal kasih tau lebih awal ya ka :)
5. Pesan air mineral dengan harga 10K, AIR MINERAL 10K ekspetasi air botolan deh merk apa aja eh yang dateng air es batu di gelas & ada endapannya bilangnya free flow tapi yang bener aja deh :)
6. Pesen sate taichan, datang tanpa sambal tanpa apapun sebagai pendamping untuk harga 26k :)
7. Hospitality kurang banget kak huhu tidak ada senyum tidak ada maaf ketika makanan datang terlambat :)

Kak tolong ini tempatnya udah bagus, tolong dibenahi lagi servis & pelayanan nya ya. Makanan nya juga sebenernya enak, cuman kalo emang karyawannya udah capek gausah dipaksa buka sampe malem kak.
Semoga kedepannya bisa lebih baik lagi:)",2026-03-23T00:32:33.015Z,Rahma Cheerloveta,105257922322006047124,False,0,id,2026-05-05T05:37:00.030470
Ci9DQUlRQUNvZENodHljRjlvT21WU0xXbGFhalZITkRWVGR5MVhSemxQT0UxamIzYxAB,ChIJ7TPEJp0dby4RdpsDp9GF4Bg,BARBERKIEHL Cirebon,cirebon,Wisata,1,"Sebenernya gak mau kasih bt.1 tapi kami dari luar kota dan kebetulan datang malam jam 9 dan segera order yg simple americano / kopsus sblm berkendara lagi karena sedikit tight jadwal nah, kebetulan memang lg ramai tp andaikan mas-mas kasir gak terima order kita atau inform produk akan keluar lama.. kita akan geser kok tp ini orderan diterima dan menunggu sampai 1 jam, orderan gak datang dan kami tanya pun jawabannya “masih lama” 😅

Alhasil jadwal kami kelimpungan dan toko yg kami incer tutup karena layanan yg kurang prima. Tp urk tempat so-so, cm next bisa diperbaiki ya",2026-03-22T15:35:55.424Z,Ilham Widi Akbar,100466237425394796597,True,0,id,2026-05-05T05:37:00.030478
Ci9DQUlRQUNvZENodHljRjlvT20xcVdtbGhObk00V21SbVlXdHhSMlJVZVc1UFQzYxAB,ChIJ7TPEJp0dby4RdpsDp9GF4Bg,BARBERKIEHL Cirebon,cirebon,Wisata,1,Hospitality nya jelek!,2026-03-22T15:30:18.326Z,Thaariq Haikal Ikhsan,112727532565878422467,False,0,id,2026-05-05T05:37:00.030486
Ci9DQUlRQUNvZENodHljRjlvT2s5UVJuaFNVWFZUTlZWalVGaFRUamx3T0ZsSFJHYxAB,ChIJ7TPEJp0dby4RdpsDp9GF4Bg,BARBERKIEHL Cirebon,cirebon,Wisata,1,PLOT TWIST BANGET SIH ORDERANNYA DI REFUND SETELAH ORDER 1 JAM SETENGAH WKWKWKWKWKWKWKWK KALO BISA BINTANG SETENGAH GW KASI SETENGAH DEH!,2026-03-22T15:25:25.146Z,Annisa Azhar Riyadi,112577857574572585192,False,0,id,2026-05-05T05:37:00.030494
Ci9DQUlRQUNvZENodHljRjlvT2pneFVtTnBjVGxvZW5GbFdYSmlVR1V0WXpWamFuYxAB,ChIJ7TPEJp0dby4RdpsDp9GF4Bg,BARBERKIEHL Cirebon,cirebon,Wisata,1,Lama banget. Order dari jam 19.30 . Sampe jam 21.30 blm dateng jg pesanannya. Padahal cuma pesen kopi americano 2 dan ketan susu 2 . Astagfirullah banget lamanya. Trus ga ditanya pesanan atas nama siapa dan ga dikasih no table alhasil si mas nya clingak clinguk nyari siapa yg ordernya dengan mengingat wajah si yg pesennya. Ga banget dah pokonya,2026-03-22T14:47:51.799Z,vito vitalogi,107021871516086995711,False,0,id,2026-05-05T05:37:00.030503
Ci9DQUlRQUNvZENodHljRjlvT2twVFNUUldTMjl4YUdnNFZtNWpha2hsZVdZMFNsRRAB,ChIJ7TPEJp0dby4RdpsDp9GF4Bg,BARBERKIEHL Cirebon,cirebon,Wisata,5,Lokasi strategis dekat dengan kantor. Pelayanan ramah. Kopi enak. Harga sesuai kantong,2026-03-15T23:44:57.925Z,Nadiah Tsamara,113297243262735640141,True,0,id,2026-05-05T05:37:00.030511
Ci9DQUlRQUNvZENodHljRjlvT2tjMVNWaGpNRWQ0VERFelpVRnVZVWx1ZDJ0T1lYYxAB,ChIJ7TPEJp0dby4RdpsDp9GF4Bg,BARBERKIEHL Cirebon,cirebon,Wisata,5,"Tempatnya enak nyaman buat nongkrong sama temen dan pacar,, pelayanan, makanan, minumannya juga enak, betah nongkrong di situ",2026-02-21T12:38:02.513Z,Eka DwiCahya,108553220901470706087,False,0,id,2026-05-05T05:37:00.030526
Ci9DQUlRQUNvZENodHljRjlvT2pab1NEWTVZbXg2WTB3emJqa3lZMUZSVGpWWGFuYxAB,ChIJ7TPEJp0dby4RdpsDp9GF4Bg,BARBERKIEHL Cirebon,cirebon,Wisata,5,"Suka bgt sama coconut matcha nya, dateng Sabtu sore lumayan sepi. Buat tanamannya ngga selebat waktu dulu",2025-11-17T08:07:08.168Z,Rere sy,114289697440288774485,True,0,id,2026-05-05T05:37:00.030555
Ci9DQUlRQUNvZENodHljRjlvT25OTU1IcHhUa3hTVjB3NGRHaFNXWEJFV0dsMVEyYxAB,ChIJ7TPEJp0dby4RdpsDp9GF4Bg,BARBERKIEHL Cirebon,cirebon,Wisata,5,Berasa lagi ga di Cirebon nih suasana nyaaa,2025-11-05T08:49:26.085Z,QPR,111552573070792930327,True,0,id,2026-05-05T05:37:00.030563
Ci9DQUlRQUNvZENodHljRjlvT2kxSVh6UkhNM290WVMxaFVUWjVTREYzWHpkWmJFRRAB,ChIJ7TPEJp0dby4RdpsDp9GF4Bg,BARBERKIEHL Cirebon,cirebon,Wisata,5,aesthetics place,2025-10-19T16:22:47.308Z,Hisa Faadhilah,116585077335821633661,True,0,en,2026-05-05T05:37:00.030585
ChdDSUhNMG9nS0VJQ0FnSUREaFBIdjR3RRAB,ChIJh1sZ1S8fby4RRUHROnSKSDA,Kopi Montong,cirebon,Wisata,4,"Makanan dan layanan cukup bagus dg suasana yg luar biasa dapat melihat cahaya lampu kota Sumber, Plered dan Cirebon.
Untuk harga lumayan mahal",2024-04-05T15:58:14.512Z,ahdine abidah,100741011436787256926,True,0,id,2026-05-05T05:37:00.030603
ChZDSUhNMG9nS0VJQ0FnSUM5LTdURWRREAE,ChIJh1sZ1S8fby4RRUHROnSKSDA,Kopi Montong,cirebon,Wisata,4,Hendaklah menu kopi premium nya lebih banyak dan menarik,2024-03-10T10:34:17.804Z,Dasum Auci,101836172657805411841,True,0,id,2026-05-05T05:37:00.030611
ChdDSUhNMG9nS0VJQ0FnSUR0cEtIUDBBRRAB,ChIJh1sZ1S8fby4RRUHROnSKSDA,Kopi Montong,cirebon,Wisata,5,Suka sama suasana yg asri dikemas dlm gaya tradisional Jawa dan Bali... Musiknya jg asik sepanjang waktu...,2024-02-02T15:32:06.156Z,Tes MK Stifin Cirebon (Tes Potensi Bakat Minat),112086983579547490242,True,4,id,2026-05-05T05:37:00.030626
ChdDSUhNMG9nS0VJQ0FnSUN0bDVDTzBRRRAB,ChIJh1sZ1S8fby4RRUHROnSKSDA,Kopi Montong,cirebon,Wisata,5,Pokoknya oke semua dari suasana sampai makanannya...,2024-02-01T10:29:00.521Z,Febrian Alfarras,105995063577620273608,True,0,id,2026-05-05T05:37:00.030633
ChdDSUhNMG9nS0VJQ0FnSUNOa1k2WXN3RRAB,ChIJh1sZ1S8fby4RRUHROnSKSDA,Kopi Montong,cirebon,Wisata,4,Untuk meating ok,2024-01-15T08:41:35.180Z,DIDIK FIRMANSAH (BPP PANGURAGAN CIREBON),111357772002857312805,True,0,id,2026-05-05T05:37:00.030669
ChdDSUhNMG9nS0VJQ0FnSUNOdktIQW5BRRAB,ChIJh1sZ1S8fby4RRUHROnSKSDA,Kopi Montong,cirebon,Wisata,5,Mantap.. nyaman...,2024-01-12T22:28:37.137Z,IIN SYAMSUL ARIFIN,108004304983714505707,True,0,id,2026-05-05T05:37:00.030677
ChdDSUhNMG9nS0VJQ0FnSUQxM2YzbHhnRRAB,ChIJh1sZ1S8fby4RRUHROnSKSDA,Kopi Montong,cirebon,Wisata,4,"Tempatmya bagus, nyaman kopinya joshh",2024-01-09T13:32:33.611Z,Muhammad Faidin,113170685585278850636,True,0,id,2026-05-05T05:37:00.030685
Ci9DQUlRQUNvZENodHljRjlvT21Rd09YWTJla0pvWnpaM09VSkhURlJ4YVVaU05WRRAB,ChIJNykNzYfjbi4R0pl_WQpl23I,Starbucks - Grage Mall Cirebon,cirebon,Wisata,5,Suasana yg nyaman dan ramah,2025-12-09T11:57:13.201Z,fazry azy surya,102753965247905553594,True,0,id,2026-05-05T05:37:00.030703
Ci9DQUlRQUNvZENodHljRjlvT2kxUmExZERhbmxXZG14T1FXOVVVR2REYWxoV2NFRRAB,ChIJNykNzYfjbi4R0pl_WQpl23I,Starbucks - Grage Mall Cirebon,cirebon,Wisata,4,Tidak terlalu ramai,2025-08-22T22:52:03.883Z,Mohammad Mirzalianda,100819689893670342844,True,0,id,2026-05-05T05:37:00.030730
Ci9DQUlRQUNvZENodHljRjlvT25WRlNVa3dja0ZmVURaSFdFVTFaWGRxTVhCT1JYYxAB,ChIJNykNzYfjbi4R0pl_WQpl23I,Starbucks - Grage Mall Cirebon,cirebon,Wisata,1,"setiap Dapet orderan go food disini selalu belum dibuat . alasan belum Masuk terus menerus,tolong dong DIPERBAIKI biar sama2 menguntungkan dan nga buang waktu buat menunggu lama .... tidak ada profesionalitas dalam bekerja",2025-07-18T03:51:53.613Z,Muhammad Nur Gozali,114793265126873160292,True,0,id,2026-05-05T05:37:00.030748
ChdDSUhNMG9nS0VQdWlrTzMwOTRtbjlRRRAB,ChIJNykNzYfjbi4R0pl_WQpl23I,Starbucks - Grage Mall Cirebon,cirebon,Wisata,5,nice gaush ditanya,2025-05-10T18:36:44.814Z,Ahmad Hidayatt,102632423107752172148,True,0,id,2026-05-05T05:37:00.030770
ChdDSUhNMG9nS0VJQ0FnSUNfMGRxQnlnRRAB,ChIJNykNzYfjbi4R0pl_WQpl23I,Starbucks - Grage Mall Cirebon,cirebon,Wisata,5,Joss walau agak sedikit mahal. Sesuai ekspetasi,2025-01-17T00:23:57.394Z,Novel Maulana,110078048335845023734,True,0,id,2026-05-05T05:37:00.030805
ChdDSUhNMG9nS0VJQ0FnSUN2cElIZnZRRRAB,ChIJNykNzYfjbi4R0pl_WQpl23I,Starbucks - Grage Mall Cirebon,cirebon,Wisata,1,"Order sumatera beans. Tapi rasanya kayak the ori espresso. Lidah saya sudah bisa bedakan mana espreso mana beans sumatera.

Faking the order. Ga rekomen.",2024-12-08T06:22:49.632Z,Hansen hansen,102353481876897392049,True,0,id,2026-05-05T05:37:00.030814
Ci9DQUlRQUNvZENodHljRjlvT21wVldYSlZaVU5PY1daclYxQnhSMFJCZUdGT1RHYxAB,ChIJ7TPEJp0dby4RdpsDp9GF4Bg,BARBERKIEHL Cirebon,cirebon,Wisata,5,"Tempat outdoornya nyaman untuk nongkrong bareng temen atau sama komunitas cuma untuk area indoor, kurang nyaman untuk saya. Kopinya juga lumayan enak.",2025-10-02T05:38:24.583Z,Erwinz G. Anugrah,106461235639669227149,True,0,id,2026-05-05T05:37:00.030856
Ci9DQUlRQUNvZENodHljRjlvT21WclkzQTRVelo0YW5Ga1FtSlhSRFJWYm5GV1FXYxAB,ChIJ7TPEJp0dby4RdpsDp9GF4Bg,BARBERKIEHL Cirebon,cirebon,Wisata,5,Asyik utk nongkrong baremg teman/keluarga,2025-09-17T23:43:40.636Z,Basuki Yusuf,117199603269576068684,True,0,id,2026-05-05T05:37:00.030885
Ci9DQUlRQUNvZENodHljRjlvT2tnM2JVTnhRMVZtYTNSVlZEUk9aM1J6T1RoQ1NWRRAB,ChIJ7TPEJp0dby4RdpsDp9GF4Bg,BARBERKIEHL Cirebon,cirebon,Wisata,4,kopsus nya enak,2025-09-17T04:19:00.932Z,Choirul Anwar Hidayat,106043041686327350732,False,0,id,2026-05-05T05:37:00.030893
Ci9DQUlRQUNvZENodHljRjlvT201UE1IcEhkVzR0ZDB0TU5uZDVjbGhLZHpKRlUwRRAB,ChIJ7TPEJp0dby4RdpsDp9GF4Bg,BARBERKIEHL Cirebon,cirebon,Wisata,5,"kopinya enak, kopi susu dan butterscotch, untuk yg pecinta americano mereka sediain mocktail juga, cemilannya enak juga, harga juga masih oke, tempatnya nyaman, ada outdoor dan indoor, must visit kalo lagi di cirebon",2025-09-13T15:20:31.991Z,Martina Poluan,112408843515564504256,False,0,id,2026-05-05T05:37:00.030901
Ci9DQUlRQUNvZENodHljRjlvT210V2RXbFlia3RLWWtkR1IyaFBhbWxFUmpJeFFVRRAB,ChIJ7TPEJp0dby4RdpsDp9GF4Bg,BARBERKIEHL Cirebon,cirebon,Wisata,5,Kalo suka kopi yg ada rasa kayu manisnya cobain signaturenya deh,2025-09-13T14:17:03.369Z,Femi Tiara Febriani,108816751970223068264,True,0,id,2026-05-05T05:37:00.030909
Ci9DQUlRQUNvZENodHljRjlvT2tKdmNFSTVZak01VTBwUFVIQklSQzB4YUVWWk9HYxAB,ChIJ7TPEJp0dby4RdpsDp9GF4Bg,BARBERKIEHL Cirebon,cirebon,Wisata,1,Harga makanan terlalu mahal..,2025-09-12T08:24:20.042Z,BAKASURA,107746117623243432781,False,0,id,2026-05-05T05:37:00.030917
Ci9DQUlRQUNvZENodHljRjlvT25ob1FtdFVaMlpUVldSd1NGRnhVM1phTFMxbloyYxAB,ChIJ7TPEJp0dby4RdpsDp9GF4Bg,BARBERKIEHL Cirebon,cirebon,Wisata,5,"pelayanan nya bener2 ramah banget, sukakkk deh👍",2025-08-27T17:50:45.164Z,Dhiny Ariestin,110400928881484334312,False,0,id,2026-05-05T05:37:00.030935
Ci9DQUlRQUNvZENodHljRjlvT21WT1prbEhkRWN4Vm14aVgzSlVTUzFtYjBaRU5IYxAB,ChIJ7TPEJp0dby4RdpsDp9GF4Bg,BARBERKIEHL Cirebon,cirebon,Wisata,5,"Excited dengan kopinya, lebih dari ekspektasi, mantaff pokoknya",2025-08-27T05:07:36.369Z,Mien Mulyana,108668354870858828247,True,0,id,2026-05-05T05:37:00.030943
Ci9DQUlRQUNvZENodHljRjlvT2pnMWEyOVlUbTV2VlhwT1pYVnVSSGMzT0ZCcmVIYxAB,ChIJ7TPEJp0dby4RdpsDp9GF4Bg,BARBERKIEHL Cirebon,cirebon,Wisata,5,"Keren, Nyaman, Mantap.",2025-08-09T01:52:54.117Z,AFS,101157454742908113603,True,0,id,2026-05-05T05:37:00.030993
Ci9DQUlRQUNvZENodHljRjlvT2t4NFFVMTFkVTB6WVdjMGFETk1UR3RCYVhCbFpWRRAB,ChIJ7TPEJp0dby4RdpsDp9GF4Bg,BARBERKIEHL Cirebon,cirebon,Wisata,5,"Parkir nya agak susah. Tapi ada staf yg mengarahkan ke parkiran dalam. Menu minuman cemilan fan ricebowl. Kopi enak. Matcha aromatic
Ada indoor dan outdoor. Wifi kenceng. Bisa qris",2025-08-08T09:33:32.091Z,wiwik setianingrum,108644969306908755258,True,0,id,2026-05-05T05:37:00.031002
Ci9DQUlRQUNvZENodHljRjlvT25WeFUwVjBSMmxmTlhWd2FrVjVaSFY2VjB0WlJVRRAB,ChIJ_boUlIDibi4RMH8GqqftT1M,Terajeh Coffee and Steak House,cirebon,Wisata,5,"Enak, terjangkau, pelayan ramah",2026-05-02T07:55:18.009Z,Fella Fatisha,109054227384654511143,True,0,id,2026-05-05T05:37:00.031010
Ci9DQUlRQUNvZENodHljRjlvT2xaTVJGWnVPRmhxUkhSWGQyTnRaVFJoU0ZkZlNuYxAB,ChIJ_boUlIDibi4RMH8GqqftT1M,Terajeh Coffee and Steak House,cirebon,Wisata,5,"Rasa enakkk, harga affordable.
Kalo cari steak di Cirebon ga akan ke lain hati❤️",2026-04-29T09:09:55.455Z,Anindityas Putri,104847028432314223886,True,0,id,2026-05-05T05:37:00.031028
Ci9DQUlRQUNvZENodHljRjlvT2podVIwTlJNRzlXTkdGMlQyVnZORkk0TmxkWVRGRRAB,ChIJ_boUlIDibi4RMH8GqqftT1M,Terajeh Coffee and Steak House,cirebon,Wisata,5,"Makanannya enak, pelayanan cepat, suasana nyaman",2026-04-04T11:33:45.534Z,Lathifah Arla,110853597855046416391,False,0,id,2026-05-05T05:37:00.031064
Ci9DQUlRQUNvZENodHljRjlvT2twcFNUSTBVM1pKY2t3emExOXlNelZHVTFWMlJVRRAB,ChIJ_boUlIDibi4RMH8GqqftT1M,Terajeh Coffee and Steak House,cirebon,Wisata,5,Tempat enak makanan lumayan enak,2026-03-12T06:44:08.644Z,tiga Maulana,100416822580110720627,True,0,id,2026-05-05T05:37:00.031113
Ci9DQUlRQUNvZENodHljRjlvT2xsNGJGZHNiMjgwVFZSVldFeDRXRTVOVDJOalRsRRAB,ChIJ_boUlIDibi4RMH8GqqftT1M,Terajeh Coffee and Steak House,cirebon,Wisata,5,Makannya enak mskipun lumayan harganya tp sesuai sih. Nyaman didalam duduknya tp kynya harus reservasi deh klo kesini takut duduk diluar panas .,2026-03-09T16:07:31.163Z,Neng Nera,105107796044903995695,True,0,id,2026-05-05T05:37:00.031121
Ci9DQUlRQUNvZENodHljRjlvT2pSdFQyRktiM0kwYmtSQlVtOUtPVEZTUjNFMVpuYxAB,ChIJ_boUlIDibi4RMH8GqqftT1M,Terajeh Coffee and Steak House,cirebon,Wisata,4,nyaman untuk hangout,2026-03-07T13:53:44.663Z,R D Prasetyo,101705665195137508249,True,0,id,2026-05-05T05:37:00.031138
Ci9DQUlRQUNvZENodHljRjlvT2toUGVEazNRVXhEVW01VFVGTXlWVzFpWDJOTFdYYxAB,ChIJ_boUlIDibi4RMH8GqqftT1M,Terajeh Coffee and Steak House,cirebon,Wisata,5,"Steak nya enak dan gurih walaupun tanpa saus udah enak. Sebaiknya reservasi dulu, sering penuh. Dan kalau hari jumat sebaik nya dtg jam 1 aja biar ngga nunggu terlalu lama",2026-03-06T03:58:27.332Z,Lakspur's journey,101177394159588055880,True,0,id,2026-05-05T05:37:00.031154
Ci9DQUlRQUNvZENodHljRjlvT2tkZlYxWnNWa0pxYm1oMldTMDRhMnRhWmtwcmVuYxAB,ChIJqbcA6arhbi4RJgp4BXU3EbQ,MOI's Cafe and Eatery,cirebon,Wisata,5,Makanannya mantap banget,2026-03-25T09:29:31.356Z,Cakrabuana teknik,101628749692101237614,False,0,id,2026-05-05T05:37:00.031179
Ci9DQUlRQUNvZENodHljRjlvT25GdldrNW9ibk5QT1hCNVVGbFFlbU53WjBoNFMwRRAB,ChIJqbcA6arhbi4RJgp4BXU3EbQ,MOI's Cafe and Eatery,cirebon,Wisata,4,Ada live music nya👍🏻,2025-11-29T20:27:45.878Z,Yoga Nurilman,102788755263391907160,True,0,id,2026-05-05T05:37:00.031216
Ci9DQUlRQUNvZENodHljRjlvT2tsNWJUQjBTbTFJZFRJd2VHMXJjVjlsVm1WaFdFRRAB,ChIJqbcA6arhbi4RJgp4BXU3EbQ,MOI's Cafe and Eatery,cirebon,Wisata,5,cafe nya bagus makanan nya enak,2025-10-11T12:23:42.209Z,Zahid Ihya Ulumidin,117072656324042146243,False,0,id,2026-05-05T05:37:00.031239
Ci9DQUlRQUNvZENodHljRjlvT2sxeFQzbGFlVzl3VlRRNFZsOWhVR2xDTjBkYWMzYxAB,ChIJqbcA6arhbi4RJgp4BXU3EbQ,MOI's Cafe and Eatery,cirebon,Wisata,5,Mantep wel pokok na mah,2025-10-11T11:45:07.244Z,A_Adinda Aprillian Permana,101653576840542808846,False,0,su,2026-05-05T05:37:00.031268
Ci9DQUlRQUNvZENodHljRjlvT2tSa1lqbDVjRTE0TlRKb1VXZENaVGxLWkd0NFNVRRAB,ChIJqbcA6arhbi4RJgp4BXU3EbQ,MOI's Cafe and Eatery,cirebon,Wisata,5,tempat nya enak banget makana nya enak dan worth it,2025-10-11T11:06:14.996Z,neno. rtnoo,105108754175089123527,False,0,id,2026-05-05T05:37:00.031315
ChZDSUhNMG9nS0VJQ0FnSUNIejYzTE1BEAE,ChIJNykNzYfjbi4R0pl_WQpl23I,Starbucks - Grage Mall Cirebon,cirebon,Wisata,5,"Taste coffee nya strong, suasana tempatnya nyaman 👌👍",2024-09-10T09:28:49.868Z,Wajib Hasanadi,102316792995405142447,True,0,id,2026-05-05T05:37:00.031338
ChdDSUhNMG9nS0VJQ0FnSUN6eUpQRTF3RRAB,ChIJNykNzYfjbi4R0pl_WQpl23I,Starbucks - Grage Mall Cirebon,cirebon,Wisata,1,Saya udah nunggu lama malah belum jadi...driver yg baru dateng malah udah jd...sy liat waktu driver yg sudah datang ternyata wkt y duluan saya...pelayanan y kurang baik nih sma ojol di sepelkan beda ma yg di csb mall,2024-05-30T08:22:32.523Z,Nano Gaming,112483147277605267395,False,0,id,2026-05-05T05:37:00.031411
ChdDSUhNMG9nS0VJQ0FnSUNUdnNPaGtRRRAB,ChIJNykNzYfjbi4R0pl_WQpl23I,Starbucks - Grage Mall Cirebon,cirebon,Wisata,5,Lewat doang sih,2024-05-15T09:39:07.937Z,Villagoestine (Depikong),113980747598035232054,True,0,id,2026-05-05T05:37:00.031452
ChdDSUhNMG9nS0VJQ0FnSURqMFliaXNRRRAB,ChIJNykNzYfjbi4R0pl_WQpl23I,Starbucks - Grage Mall Cirebon,cirebon,Wisata,1,"Pegawainya kebanyakan ngobrol, pesanan gw sampe dilewatin beberapa org",2024-05-04T10:20:05.673Z,mando siahaan,109522043505226887313,True,0,id,2026-05-05T05:37:00.031461
ChZDSUhNMG9nS0VJQ0FnSURqaXUyaEhnEAE,ChIJNykNzYfjbi4R0pl_WQpl23I,Starbucks - Grage Mall Cirebon,cirebon,Wisata,5,the service is good and friendly,2024-05-01T15:19:45.410Z,Ilham Joshi,100316060948392128693,True,0,en,2026-05-05T05:37:00.031469
Ci9DQUlRQUNvZENodHljRjlvT25wRWNsRTNYemRSYUhacE5XZExhM1IxWDFoMU1uYxAB,ChIJ7TPEJp0dby4RdpsDp9GF4Bg,BARBERKIEHL Cirebon,cirebon,Wisata,5,Suasananya adem banget kalo malam terus pelayanan nya cepet ramah dan makanan nya juga enak banget,2025-08-08T03:20:53.817Z,Arman Santiawan,102262581324317242876,False,0,id,2026-05-05T05:37:00.031492
Ci9DQUlRQUNvZENodHljRjlvT2xwb1JUVTRRV1ZYVFVGcWNscFhjbkZsU1RRM1FrRRAB,ChIJ7TPEJp0dby4RdpsDp9GF4Bg,BARBERKIEHL Cirebon,cirebon,Wisata,5,"the fnb’s a total vibe — the drinks? feels like every drop was mixed with Jedi-level precision. but hey, got a tiny lil’ note for ya.. atmosphere’s great, but the mosquitoes seem to think it’s their hangout spot too😀",2025-08-08T03:04:00.645Z,wulan arl,108650256343373201982,False,0,en,2026-05-05T05:37:00.031502
Ci9DQUlRQUNvZENodHljRjlvT2tsMGJsb3lSV3BvU0VabFdGWTBNalkxU0ZsdlNYYxAB,ChIJ7TPEJp0dby4RdpsDp9GF4Bg,BARBERKIEHL Cirebon,cirebon,Wisata,1,makanan udah 1 setengah jam ga dateng dateng,2025-08-07T11:10:05.387Z,msyakur alhamdani,102060221696224996213,False,0,id,2026-05-05T05:37:00.031511
Ci9DQUlRQUNvZENodHljRjlvT21KM0xXbGpVMnRqVkVkMGQzTTRYMUJRT0c1NmRsRRAB,ChIJqbcA6arhbi4RJgp4BXU3EbQ,MOI's Cafe and Eatery,cirebon,Wisata,5,"tempatnya oke buat nongkrong, harga terjangkau, affordable",2025-10-11T10:54:44.804Z,abdul haq,112639416026786082208,False,0,id,2026-05-05T05:37:00.031578
Ci9DQUlRQUNvZENodHljRjlvT210S09IZE1hRU5vWlc0eGRYQlpZMlkwVnpnelVXYxAB,ChIJqbcA6arhbi4RJgp4BXU3EbQ,MOI's Cafe and Eatery,cirebon,Wisata,5,"Cafe sangat rekomen untuk tempat nongkrong bersama teman, pacar dan juga keluarga, karena suasana di sekitarnya masih sangat asri.",2025-10-11T10:50:50.147Z,Syamsul 0104,117050205678877913555,False,0,id,2026-05-05T05:37:00.031586
Ci9DQUlRQUNvZENodHljRjlvT25FMU1XcElZbGxZTldGSU56UTVUMU5oWjFvd2IzYxAB,ChIJqbcA6arhbi4RJgp4BXU3EbQ,MOI's Cafe and Eatery,cirebon,Wisata,5,"Cafe ini sangat rekomen untuk acara nongkrong, baik bersama teman, keluarga, sampai pacar, pokoknya rekomen banget dah",2025-10-11T10:25:16.758Z,Farodist,100188038646903616087,False,0,id,2026-05-05T05:37:00.031595
Ci9DQUlRQUNvZENodHljRjlvT2xaeVFXOWZiRmRTU2xKamNrOHhObEZJTVc1NE9WRRAB,ChIJqbcA6arhbi4RJgp4BXU3EbQ,MOI's Cafe and Eatery,cirebon,Wisata,5,Makanan dan minumannya enak bangett,2025-10-11T10:23:19.791Z,Nia Ismaful Hawa,117260017749571776436,False,0,id,2026-05-05T05:37:00.031603
Ci9DQUlRQUNvZENodHljRjlvT2pselZVczNjVmxHY1VOUE5VNVFaRzVVWlhGdWNtYxAB,ChIJqbcA6arhbi4RJgp4BXU3EbQ,MOI's Cafe and Eatery,cirebon,Wisata,5,"Masya Allah tabarakawwwlah, gacorrrrr",2025-10-11T10:22:18.483Z,Riski Septiadi S,107748929934787428980,False,0,id,2026-05-05T05:37:00.031621
Ci9DQUlRQUNvZENodHljRjlvT25GVWFHeFdPREJ5U0Rsck5rcFpRWFZqVGxwR1pIYxAB,ChIJqbcA6arhbi4RJgp4BXU3EbQ,MOI's Cafe and Eatery,cirebon,Wisata,5,Makanan dan minuman nyaa  enak sekalii,2025-10-11T10:22:16.140Z,Aulia Nurlaela Ramadhani,113506320008609939751,False,0,id,2026-05-05T05:37:00.031629
Ci9DQUlRQUNvZENodHljRjlvT2twb1EyZ3hWM3A1V205TFNtTlJPV1V3UkhNMmJXYxAB,ChIJqbcA6arhbi4RJgp4BXU3EbQ,MOI's Cafe and Eatery,cirebon,Wisata,5,Wow keren banget tempatnyaa cocok buat metime and nongkrong.,2025-10-11T10:21:31.329Z,Risqi Dina,111163602419443338268,False,0,id,2026-05-05T05:37:00.031637
Ci9DQUlRQUNvZENodHljRjlvT2w5WlJXTkZSSFkzVkZSeVdtVnhZMFJWZVZneVRuYxAB,ChIJqbcA6arhbi4RJgp4BXU3EbQ,MOI's Cafe and Eatery,cirebon,Wisata,5,"Mantap bray, suasana nya nyaman",2025-10-11T10:20:59.954Z,Aril Sanjaya,100598324206530595370,False,0,id,2026-05-05T05:37:00.031651
Ci9DQUlRQUNvZENodHljRjlvT21GRFFuZFFjVmxhVG5nNGNFOUJVVmhOUWtsYWMyYxAB,ChIJqbcA6arhbi4RJgp4BXU3EbQ,MOI's Cafe and Eatery,cirebon,Wisata,5,Welll pokonomah,2025-10-11T10:20:46.064Z,dani nali putra j,102274403674950859690,False,0,en,2026-05-05T05:37:00.031659
Ci9DQUlRQUNvZENodHljRjlvT2poMVQzVkxaVzVUZDFSYVgzSjRlRnBPV1dKb01rRRAB,ChIJqbcA6arhbi4RJgp4BXU3EbQ,MOI's Cafe and Eatery,cirebon,Wisata,5,"enak buat nongki, parkiran luas, makanan minuman enak",2025-10-11T10:17:13.844Z,Azzikamalfuad 27,109031585260150536384,False,0,id,2026-05-05T05:37:00.031681
Ci9DQUlRQUNvZENodHljRjlvT2xSYVUzRkVSVE56TW1SdGRtOVlZMGx4ZW05MFRrRRAB,ChIJqbcA6arhbi4RJgp4BXU3EbQ,MOI's Cafe and Eatery,cirebon,Wisata,5,"Pelayanan nya cepet, makanan nya enak,untuk acara acara rekomendasi bangt deh",2025-10-11T10:17:08.307Z,Fajry Mubarok,113356901484962377169,False,0,id,2026-05-05T05:37:00.031689
Ci9DQUlRQUNvZENodHljRjlvT2psMGFUZFliVEl4YXpoWlRWWkpaVnBNWTJOVFRYYxAB,ChIJqbcA6arhbi4RJgp4BXU3EbQ,MOI's Cafe and Eatery,cirebon,Wisata,5,nyaman pisan euyy tempatna🙌🏻,2025-10-11T10:16:57.900Z,Syafiq 78,105637493380761592785,False,0,su,2026-05-05T05:37:00.031697
Ci9DQUlRQUNvZENodHljRjlvT2s5bVZsWXpjbGgyVVZaM01FdHRkbDlxTW1Ka1NFRRAB,ChIJqbcA6arhbi4RJgp4BXU3EbQ,MOI's Cafe and Eatery,cirebon,Wisata,5,Bagus bgtt cafenyaa viewnya indah sekaliii makanannya enak enak,2025-10-11T10:15:59.079Z,Nur Anisa,108410347638271870501,False,0,id,2026-05-05T05:37:00.031737
ChdDSUhNMG9nS0VJQ0FnSUR0d2RYcW9nRRAB,ChIJNykNzYfjbi4R0pl_WQpl23I,Starbucks - Grage Mall Cirebon,cirebon,Wisata,5,Suasana sangat nyaman bersama keluarga pelayanannya pun ramah dan makanan bervariatif.,2024-02-05T00:47:13.053Z,Usdek Luthermand,101444676528684004654,True,0,id,2026-05-05T05:37:00.031807
ChZDSUhNMG9nS0VJQ0FnSUR0aHBDQ0lREAE,ChIJNykNzYfjbi4R0pl_WQpl23I,Starbucks - Grage Mall Cirebon,cirebon,Wisata,5,"Saya tidak bisa membedakan apa bedanya kopi starbuck dengan kopi yg suka ada di minimarket lainnya. Tetapi suasana yang ditawarkan oleh coffe shop memang kalem, gentle dan cocok buat santai2.",2024-02-04T03:42:32.674Z,Riadhy Muhammad,115103756038632544354,True,0,id,2026-05-05T05:37:00.031817
Ci9DQUlRQUNvZENodHljRjlvT2psT1h6Vk9VM0JhTkRVMlpGRjNkVU0xVUdkb00wRRAB,ChIJqbcA6arhbi4RJgp4BXU3EbQ,MOI's Cafe and Eatery,cirebon,Wisata,5,"Tempatnya bagus,aeshtetic dan pasti harga nya murah",2025-10-11T10:15:44.000Z,Aminah pw30,103877078376190530895,False,0,id,2026-05-05T05:37:00.031839
Ci9DQUlRQUNvZENodHljRjlvT25aR2FGbFliR2R3VlU5dWRHMXNiV3RyU1d0bE5uYxAB,ChIJqbcA6arhbi4RJgp4BXU3EbQ,MOI's Cafe and Eatery,cirebon,Wisata,5,"tempatnya sangat mantap, aesthetic, nyaman, bersih, pelayanan nya sangat ramah, harga nya affortable",2025-10-11T10:15:12.425Z,saprina,116740776186432898362,False,0,id,2026-05-05T05:37:00.031847
Ci9DQUlRQUNvZENodHljRjlvT21kTVdsVXdUWGRPV0VsYVpEaFpkVFptV0RodVRHYxAB,ChIJqbcA6arhbi4RJgp4BXU3EbQ,MOI's Cafe and Eatery,cirebon,Wisata,5,"bagus, nyaman tempat nyaa banyak pohon nya nya jadi adem",2025-10-11T10:14:45.868Z,Atiyyatul Maula,100708122929821449577,False,0,id,2026-05-05T05:37:00.031856
Ci9DQUlRQUNvZENodHljRjlvT2twcU5HdDROeTFUZVZWemFIWnZURlZwVTJKMVkyYxAB,ChIJqbcA6arhbi4RJgp4BXU3EbQ,MOI's Cafe and Eatery,cirebon,Wisata,5,"Mantap banget bahhh keren kali wak lingkungannya asri banget, makanannya enak",2025-10-11T10:12:35.047Z,Chen Yu,112280348531358262574,False,0,id,2026-05-05T05:37:00.031864
Ci9DQUlRQUNvZENodHljRjlvT2xwSlYwWk9TRlJ1U1ZsNFYxWklZVlZqWlZGYVZHYxAB,ChIJqbcA6arhbi4RJgp4BXU3EbQ,MOI's Cafe and Eatery,cirebon,Wisata,5,"Makanannya enak, layanannya baik, suasananya sangat nyaman dan adem bangetttt ><",2025-10-11T10:12:22.495Z,Mayyadah Nahda,104212457343628062647,False,0,id,2026-05-05T05:37:00.031872
Ci9DQUlRQUNvZENodHljRjlvT2xZMlF6RTBZM3BwWVRCYVp6aGxkVEpRYlVSdVpGRRAB,ChIJqbcA6arhbi4RJgp4BXU3EbQ,MOI's Cafe and Eatery,cirebon,Wisata,5,"tempatnya nyaman, enak suasananya, estetik tempatnya, dan harganya masih bersahabat dengan dompet",2025-10-11T10:10:55.495Z,mohammad armand,108493244932279955963,False,0,id,2026-05-05T05:37:00.031880
Ci9DQUlRQUNvZENodHljRjlvT2xsNmQybE9hMDlQV0VoM1pFRkxhMkp6VUU5aGVVRRAB,ChIJqbcA6arhbi4RJgp4BXU3EbQ,MOI's Cafe and Eatery,cirebon,Wisata,5,"Tempatnya nyaman ada outdoor dan indoor, racikan kopinya pas dan makanannya juga enak, pelayanannya cepat dan ramah cocok buat nugas atau hang out bareng temen.",2025-08-27T10:58:58.773Z,Andin,110810033700217803441,True,0,id,2026-05-05T05:37:00.031895
Ci9DQUlRQUNvZENodHljRjlvT21sNVZsZHFRek0wVjFCaWNtWnFlVUZCU0djeVJFRRAB,ChIJqbcA6arhbi4RJgp4BXU3EbQ,MOI's Cafe and Eatery,cirebon,Wisata,5,"Hidden gems sih kata aku mah, tempatnya agak masuk dari jalan raya..
Makanan dan minuman enak², tempatnya cozy bwt nongki syantiek, tinggal pilih mau di lantai dasar, 1 atw 2.. Tersedia meja biiliard juga..",2025-08-27T05:25:17.477Z,Mien Mulyana,108668354870858828247,True,0,id,2026-05-05T05:37:00.031903
Ci9DQUlRQUNvZENodHljRjlvT2tkd2IzcGhlR2RHZWtGblUwWTBRelZTTFRkS00yYxAB,ChIJqbcA6arhbi4RJgp4BXU3EbQ,MOI's Cafe and Eatery,cirebon,Wisata,5,Tempatnya enak buat nongkrong bersama pasangan atau sendiri. Pelayanannya baik dan ramah. Suasananya juga nyaman. Untuk rasa kembali ke selera. Terimakasih. Tetap bertahan dan berjaya,2025-08-12T02:00:17.920Z,Anto Hidayat (Ang_Ato),101374480645569781786,True,0,id,2026-05-05T05:37:00.031911
Ci9DQUlRQUNvZENodHljRjlvT2tWSFZXdFlRazkzVURKS1RVcEVla0V6UlVGT2EzYxAB,ChIJqbcA6arhbi4RJgp4BXU3EbQ,MOI's Cafe and Eatery,cirebon,Wisata,4,"Tempatnya enak apalagi kalau sore hari cuma memang agak masuk gang saja, parkiran cukup luas, pelayanan baik, harga makanan juga affordable👍",2025-08-03T07:11:36.194Z,Arivi Sucy,110016621299476867981,True,0,id,2026-05-05T05:37:00.031921
Ci9DQUlRQUNvZENodHljRjlvT2tKRmMzUXhVbFF3UjB4dVV6RkdVRlpuTFZJeFRHYxAB,ChIJ_boUlIDibi4RMH8GqqftT1M,Terajeh Coffee and Steak House,cirebon,Wisata,2,Pelayannya bagus.. Sopan ramah dan cepat.. Tapi sayang di masakan kurang enak... Saos barbequenya tolong cobain lagi kk kayak udah basi gtu.. Gak enak bau. Obatnya kerasa bgt... Kirain tu rasa makananya taunya saos bbq gak enak bgt.. Bikin eneq...chiken griil rasanya mirip ayam bakar bumbu padang.. Kata anakku miip ayam bakar..,2026-02-23T19:01:17.965Z,Andina Agustina,104516815567705872392,True,0,id,2026-05-05T05:37:00.031930
Ci9DQUlRQUNvZENodHljRjlvT2xwdk5WcGhNVk53Y0ZkR1ZGWkJWbk5UVjI5WFJGRRAB,ChIJ_boUlIDibi4RMH8GqqftT1M,Terajeh Coffee and Steak House,cirebon,Wisata,5,"Layanannya lama banget lebih dr 30 menit, SMoga ke depan lebih baik yaaa",2026-02-15T05:03:57.600Z,Uli Anisah,117498232883354921877,True,0,id,2026-05-05T05:37:00.031938
Ci9DQUlRQUNvZENodHljRjlvT2xOU1V6Vk9RbXBzTTBVemJFSndhRmxZY1RkWFNXYxAB,ChIJ_boUlIDibi4RMH8GqqftT1M,Terajeh Coffee and Steak House,cirebon,Wisata,5,Worth to try deh buat yang belum. Udah berulang repeat order karna memang seenak itu.,2026-02-11T10:35:21.913Z,Muhamad Ihsan,114008524797552864945,True,0,id,2026-05-05T05:37:00.031953
Ci9DQUlRQUNvZENodHljRjlvT2tWT0xXaEJhRzR6TjJWYVdXeFNkMkpwTTFwclNGRRAB,ChIJ_boUlIDibi4RMH8GqqftT1M,Terajeh Coffee and Steak House,cirebon,Wisata,5,"Menurut saya steak ter-enak di Cirebon, lebih mantap lagi kalau pakai hot Plate.",2026-02-03T08:52:07.963Z,Ari K Santayuda,101355922606908047602,True,1,id,2026-05-05T05:37:00.031968
Ci9DQUlRQUNvZENodHljRjlvT2pNNVNGWm1aVUUxUkVkaVJXRTFVRGd0V0UxbGVWRRAB,ChIJ_boUlIDibi4RMH8GqqftT1M,Terajeh Coffee and Steak House,cirebon,Wisata,5,Langganan keluarga,2026-02-01T00:36:31.306Z,Syahri Muhammad,102206248446334041733,True,0,id,2026-05-05T05:37:00.031976
Ci9DQUlRQUNvZENodHljRjlvT21WWE5XZGZUVUYyTTFwcFRucFBibFY0YjJ4elowRRAB,ChIJ_boUlIDibi4RMH8GqqftT1M,Terajeh Coffee and Steak House,cirebon,Wisata,1,"Jujur saya merasa sangat kecewa dengan pelayanannya. Ini pertama kalinya dalam hidup saya memberanikan diri memberikan ulasan buruk untuk sebuah tempat makan.
Saya ingin memberikan saran dan masukan, untuk ke depannya terutama saat weekend atau kondisi sedang ramai, mohon pihak restoran dapat mengonfirmasi terlebih dahulu estimasi waktu tunggu makanan. Tidak semua pelanggan bersedia menunggu hingga 1,5 jam hanya untuk makanan.

Selain itu, mohon agar pesanan diproses sesuai urutan antrean. Sangat disayangkan ketika pesanan yang datang belakangan justru disajikan lebih dulu dibanding pelanggan yang sudah memesan dari awal.
Untuk tingkat kematangan makanan juga tidak sesuai dengan pesanan. Ke depannya, mohon lebih diperhatikan kembali agar sesuai dengan permintaan pelanggan.

Menunggu 1,5 jam dengan rasa makanan yang tidak sesuai tentu sangat mengecewakan. Saya juga sangat kecewa dengan pelayanannya. Ini menjadi satu-satunya tempat makan yang tidak akan saya dan keluarga datangi kembali. Namun, besar harapan saya agar ke depannya pelayanan dan manajemen dapat diperbaiki supaya kejadian serupa tidak terulang lagi.
Terima kasih.",2026-01-24T13:54:11.559Z,khanza salsabila,116531515488879043914,False,0,id,2026-05-05T05:37:00.031991
Ci9DQUlRQUNvZENodHljRjlvT2pSVlZXOVlSREJXUTB4a1RVbEpjR2hwUkRaVVdFRRAB,ChIJ_boUlIDibi4RMH8GqqftT1M,Terajeh Coffee and Steak House,cirebon,Wisata,5,Makanannya enak...... Tempatnya juga nyaman,2026-01-16T12:34:37.038Z,Thalita N.A.Y,117722497313002091416,True,0,id,2026-05-05T05:37:00.032013
Ci9DQUlRQUNvZENodHljRjlvT2t4MGMzZGpibkZhYlhCMWFuQmhVVzFJV21sNldGRRAB,ChIJ_boUlIDibi4RMH8GqqftT1M,Terajeh Coffee and Steak House,cirebon,Wisata,5,Legend steak kota udang 🥰,2026-01-10T10:41:38.432Z,Didi Suandi,116523244469641678206,False,0,id,2026-05-05T05:37:00.032021
Ci9DQUlRQUNvZENodHljRjlvT21sc1V6ZDJkM0UxVDFwM01XUmpSbUZaVjNVd2RXYxAB,ChIJ_boUlIDibi4RMH8GqqftT1M,Terajeh Coffee and Steak House,cirebon,Wisata,5,Tempat nongkrong yg enak dengan suasana tempat yg enak buat foto dan yg pasti makanannya enak..,2026-01-05T07:43:25.508Z,YUDIONO,116349828082082016883,True,0,id,2026-05-05T05:37:00.032036
Ci9DQUlRQUNvZENodHljRjlvT25GVGJUSTNiV0l5U3pCbFZqRllhMHhSV0VwdU5XYxAB,ChIJ_boUlIDibi4RMH8GqqftT1M,Terajeh Coffee and Steak House,cirebon,Wisata,5,kalian klo ke crbn wajib makan disni sii🥹💗 servicenya best dan makanannya enak semuaa.. saya sering kesini dari saya masih SMP sampai skg sudah lulus kuliah😊 bestt pokoknyaa! harganya jugaa ramah bgtt di kantong👍🏻👍🏻,2026-01-04T06:33:37.174Z,Madeline Lesmana,116232877374496531238,False,0,id,2026-05-05T05:37:00.032060
Ci9DQUlRQUNvZENodHljRjlvT21FMVRqazJMVjlGYTFKc09VVldZMms1Wld0NWNsRRAB,ChIJS7aTV9Ljbi4RlBVNikR8dDs,Elok Coffee n Bites,cirebon,Wisata,5,"miegoreng eloknya, matchanya juga best , kopi elok plusnya enak bangat .. wajib ke sini guyss 😁😁",2026-04-30T17:28:37.693Z,Wilson,100155319755145047009,False,0,id,2026-05-05T05:37:00.032091
Ci9DQUlRQUNvZENodHljRjlvT2xsSmNHNDFiRXBmUVhGNVdrZzVZblpTYzAxU2EyYxAB,ChIJS7aTV9Ljbi4RlBVNikR8dDs,Elok Coffee n Bites,cirebon,Wisata,5,"Tempat cozy bgt si, very recommended, kopinya enak, makanannya juga bintang 5🥰",2026-04-17T14:10:36.291Z,Ervi_NK 2304,102140901812059878530,False,0,id,2026-05-05T05:37:00.032128
Ci9DQUlRQUNvZENodHljRjlvT2xGbGFFNU1PVFZYWldzMk4wTTRSMVprWXpSRk4yYxAB,ChIJS7aTV9Ljbi4RlBVNikR8dDs,Elok Coffee n Bites,cirebon,Wisata,5,tempat nya lucu buat foto foto😍kopinya enakk dan makanan nya juga enak-enak⭐️⭐️⭐️⭐️⭐️,2026-04-17T14:09:42.666Z,Putri Gabrillia,100303407395282792157,False,0,id,2026-05-05T05:37:00.032136
Ci9DQUlRQUNvZENodHljRjlvT2xjNVYzcDBjMFF3WTBkWE1TMTVTRmR4VVZKMFIzYxAB,ChIJS7aTV9Ljbi4RlBVNikR8dDs,Elok Coffee n Bites,cirebon,Wisata,5,"Malem malem nongkrong disini nyaman bgttt, makanannya juga enakkk luvv dehhhh",2026-04-17T13:55:41.900Z,Niken Anggiani,110216709529988250898,False,0,id,2026-05-05T05:37:00.032145
Ci9DQUlRQUNvZENodHljRjlvT25GWE5HTTNMV0V0TkUwNVMyeHljV0p4Y0ZoclYyYxAB,ChIJS7aTV9Ljbi4RlBVNikR8dDs,Elok Coffee n Bites,cirebon,Wisata,5,"jujur mantep euuy, kopinya ga ampek, wortit, ga bising juga.",2026-04-17T13:40:44.889Z,Dikya Abidullah,112783283176135280275,False,0,id,2026-05-05T05:37:00.032166
Ci9DQUlRQUNvZENodHljRjlvT25aU1JIZHhSa1Z6WlZCM1UzWXhZelJoTUROaUxVRRAB,ChIJS7aTV9Ljbi4RlBVNikR8dDs,Elok Coffee n Bites,cirebon,Wisata,5,"kerenn tempatnya, Instagramable bamyak spot foto menarik jugaa, makanan minumannya enakk²",2026-04-16T16:29:36.952Z,Naurah Hasnaa',115518413050945489773,False,0,id,2026-05-05T05:37:00.032174
Ci9DQUlRQUNvZENodHljRjlvT2xwYU5WOVFRalZDTVY5YVluVjRWMEpGUjJoRE1FRRAB,ChIJS7aTV9Ljbi4RlBVNikR8dDs,Elok Coffee n Bites,cirebon,Wisata,5,enak banget makanannya tempatnya juga adem suasananya enak orangnya jga ramah walaupun agak telat dikit makanannya kita dikasi free frince fries jadi worth it bngt,2026-04-05T07:55:11.903Z,Dini Khoirunisa,106014501143210868167,False,0,id,2026-05-05T05:37:00.032182
Ci9DQUlRQUNvZENodHljRjlvT25OcVgycEZiWEJOWVV0Vk5GTmhjWEEzV1VFNWVrRRAB,ChIJS7aTV9Ljbi4RlBVNikR8dDs,Elok Coffee n Bites,cirebon,Wisata,5,"best bangett, suka sma suasananyaa, makanannya enak.",2026-03-22T13:30:08.295Z,Marline,110279420322882485161,False,0,id,2026-05-05T05:37:00.032190
Ci9DQUlRQUNvZENodHljRjlvT20xUVFrSnJVbTlDTmpOVGExQjVTR00xUVhkMFRtYxAB,ChIJS7aTV9Ljbi4RlBVNikR8dDs,Elok Coffee n Bites,cirebon,Wisata,5,"Cafe yang cozy bgt dengan suasananya, service nya super duper ramah. Worth it buat nongki lama disini",2026-03-08T15:33:42.089Z,Dwi Ambar,116333966078638675329,False,0,id,2026-05-05T05:37:00.032201
Ci9DQUlRQUNvZENodHljRjlvT2pSVGJHZHFTbTA1VG5wdFRucERPVVpIWHkxdVNGRRAB,ChIJS7aTV9Ljbi4RlBVNikR8dDs,Elok Coffee n Bites,cirebon,Wisata,5,topp gaada obat kopi nya 👍👍👍,2026-03-07T14:54:37.120Z,Dylan Harrianudi,118377710061516283662,False,0,id,2026-05-05T05:37:00.032209
Ci9DQUlRQUNvZENodHljRjlvT2xkek9YVXhRVGh2V21WNWNFMVhjWGxVYVhGYU1HYxAB,ChIJS7aTV9Ljbi4RlBVNikR8dDs,Elok Coffee n Bites,cirebon,Wisata,5,"Tempat cakep, makanan+minuman enak, gercep gak nunggu lama. Bagus pokok ny kryawan ny jga ramah",2026-02-22T20:51:22.074Z,Windy Aulia,113223514942268173781,False,0,id,2026-05-05T05:37:00.032225
Ci9DQUlRQUNvZENodHljRjlvT2tSclp6Rk1VakJ4T0ZWb04ybERUM0JxVUdFMVdYYxAB,ChIJS7aTV9Ljbi4RlBVNikR8dDs,Elok Coffee n Bites,cirebon,Wisata,5,"minumannya enakk, pelayanan sangat ramahh, tempatnya super duper nyamannn. bestt!🤩",2026-02-04T01:43:30.170Z,Gizka Amalia Putri,110501206429416902100,False,0,id,2026-05-05T05:37:00.032246
Ci9DQUlRQUNvZENodHljRjlvT21aQ1dtSm9TbDlqUzA5UWNHbFRkM2hCWmpOR05uYxAB,ChIJS7aTV9Ljbi4RlBVNikR8dDs,Elok Coffee n Bites,cirebon,Wisata,5,"Pelayanannya ramah semua , hanya masukan saja pas clear up table lebih bersih lagi
Dan staff nya harus tau nama makanan dan minuman nya yaa biar pas serving dan menyajikan ke tamu menyebutkan nama makanan dan minuman nya
Selebihnya oke semuaa 🙏🏻",2026-02-02T13:58:09.031Z,Oktaviani Putriwahyundari,104979287423764903915,True,0,id,2026-05-05T05:37:00.032262
Ci9DQUlRQUNvZENodHljRjlvT2tVMlpWTjJjRjlDV25jMUxVeENSbTlOYzNNMWMzYxAB,ChIJS7aTV9Ljbi4RlBVNikR8dDs,Elok Coffee n Bites,cirebon,Wisata,5,Mantullll semuaaaaa,2026-01-21T08:46:42.553Z,Ayu Sopianty,115708158525966925345,False,0,id,2026-05-05T05:37:00.032271
Ci9DQUlRQUNvZENodHljRjlvT2xvMmIyOTBVMVZmVDJNd1YxbzNYMVpFZW1KNFVsRRAB,ChIJS7aTV9Ljbi4RlBVNikR8dDs,Elok Coffee n Bites,cirebon,Wisata,5,"Kopi susu best of the best, cozzy view. Cocok buat WFH",2026-01-20T09:27:10.959Z,Restu Aji,113019237733115229255,False,0,id,2026-05-05T05:37:00.032281
Ci9DQUlRQUNvZENodHljRjlvT2psNFJsWm5SVGwwYTJnMFpYUmZUVlI0TmpGalFWRRAB,ChIJS7aTV9Ljbi4RlBVNikR8dDs,Elok Coffee n Bites,cirebon,Wisata,5,"Baguspisan pelayanan nya, enak enakjuga makanan nya. Sukses terus elok",2026-01-20T09:24:05.373Z,Salman Habibi,117723883166082343912,False,0,id,2026-05-05T05:37:00.032289
Ci9DQUlRQUNvZENodHljRjlvT21zelJXMDVjbTlCTVVWU1NEbHlXVWRGVUV4VE5FRRAB,ChIJS7aTV9Ljbi4RlBVNikR8dDs,Elok Coffee n Bites,cirebon,Wisata,5,Gabisa di ceritain seseru apa selama disini bersama pacarku kayak semuanya ⭐️⭐️⭐️⭐️⭐️ min 😘,2026-01-14T10:16:35.494Z,Nikkita Dewi,116322842633188622081,True,0,id,2026-05-05T05:37:00.032305
Ci9DQUlRQUNvZENodHljRjlvT2tkMmEwVldaVmRtYlRoclprZG9VRWhXZW5SSFowRRAB,ChIJS7aTV9Ljbi4RlBVNikR8dDs,Elok Coffee n Bites,cirebon,Wisata,5,"Susananya nyaman, buat diskusi ngobrol juga gak terlalu bising, makanannya jujur ok, kopinya pun enak, oh trus barista nya ramah-ramah semua⭐️⭐️⭐️⭐️⭐️",2025-12-28T13:05:33.833Z,Amar Farhan,114419956707366358376,False,0,id,2026-05-05T05:37:00.032312
Ci9DQUlRQUNvZENodHljRjlvT2xJeFVVUnBPVVZZVGtsWFdIb3liVUY2WlVacGExRRAB,ChIJS7aTV9Ljbi4RlBVNikR8dDs,Elok Coffee n Bites,cirebon,Wisata,5,"tempatnya nyaman cocok buat kumpul atau nongkrong bareng, makanannya enak enak dan worth it",2025-12-28T13:04:32.583Z,Fauzan Labib,107695057624835361732,False,0,id,2026-05-05T05:37:00.032322
Ci9DQUlRQUNvZENodHljRjlvT21selN6TlVNbXR6U3pKWUxUaFZTa2h5VG5kRE1WRRAB,ChIJS7aTV9Ljbi4RlBVNikR8dDs,Elok Coffee n Bites,cirebon,Wisata,5,"Aku suka kopi susunyaa…. 🥰🤩 Best ever coffee in cirebon. Staff nya ramah ramah, wajib buat ootd, vintage n hommy banget vibes bya",2025-12-28T08:19:52.668Z,Ajeng Puspa,103930129969780292099,False,0,id,2026-05-05T05:37:00.032330
Ci9DQUlRQUNvZENodHljRjlvT2pCUVpXMWZVM2R2YkcxcWNsYzRNWFV0VFhoc1pGRRAB,ChIJS7aTV9Ljbi4RlBVNikR8dDs,Elok Coffee n Bites,cirebon,Wisata,5,"tempatnya nyaman, bersih estetik wort it buat nongkrong",2025-12-28T08:15:05.234Z,Efa suci Legiarti,114837604012441875737,False,0,id,2026-05-05T05:37:00.032346
Ci9DQUlRQUNvZENodHljRjlvT25rMmJVVjRTMm80YUc4eFlsWnNiVFJZTjBkaVYwRRAB,ChIJS7aTV9Ljbi4RlBVNikR8dDs,Elok Coffee n Bites,cirebon,Wisata,5,"temptnya bagus, nyaman bersih dan estetic banget",2025-12-28T08:15:02.812Z,Natasya dwi Sholekha,101076110703269576533,False,0,id,2026-05-05T05:37:00.032354
Ci9DQUlRQUNvZENodHljRjlvT2pCWE1YWlBVV3g0Y3prMk1FUjVUVWhRYlhKNFYwRRAB,ChIJS7aTV9Ljbi4RlBVNikR8dDs,Elok Coffee n Bites,cirebon,Wisata,5,"Pegawai ramah” pol , makanan wort it , suasananya bener” instagramable",2025-12-28T08:14:35.886Z,Nurna Wati,117013503315952886782,False,0,id,2026-05-05T05:37:00.032362
Ci9DQUlRQUNvZENodHljRjlvT2xaQ1NXNXVkelkyVXpCbFpFMWxia1pTZUcxakxXYxAB,ChIJS7aTV9Ljbi4RlBVNikR8dDs,Elok Coffee n Bites,cirebon,Wisata,5,"tempatnya ademm, semuanya ramah baikk menu nya enak harganya kantong pelajarr",2025-12-27T14:02:32.546Z,nathasaul,102216931314514115097,False,0,ms,2026-05-05T05:37:00.032385
Ci9DQUlRQUNvZENodHljRjlvT25CbVZFRkhOamwzUmtaSFJuVlNkREJKTW5vNFJuYxAB,ChIJS7aTV9Ljbi4RlBVNikR8dDs,Elok Coffee n Bites,cirebon,Wisata,5,Kopsus n chocomint best bngttt 😍😍😍😍,2025-12-27T13:54:00.518Z,Nurul Frs,108527880801053118076,False,0,nl,2026-05-05T05:37:00.032394
Ci9DQUlRQUNvZENodHljRjlvT2xOdU1HZzRiVXRtT1hFNFgwVXdNVjgzTVdkUldYYxAB,ChIJS7aTV9Ljbi4RlBVNikR8dDs,Elok Coffee n Bites,cirebon,Wisata,5,soo warmy tempatnya ambience nya hangatt,2025-12-27T13:47:42.027Z,kayfloew,106554919504463540901,False,0,id,2026-05-05T05:37:00.032402
Ci9DQUlRQUNvZENodHljRjlvT21wUlYweGtOMnAwZFhSNmRXZ3hTMGRMY21wdVVWRRAB,ChIJAxJ3BEPibi4Ro6OFLoiNaY8,"Tuju Coffee - Kesenden, Cirebon",cirebon,Wisata,5,"Jangan bingung kalo lg nunggu jam keberangkatan atw nungguin yg mw dijemput dr stasiun Kejaksan, ngopi dulu disini, ada butterschoot vs pisang goreng,, duet maut banget",2026-05-02T15:40:57.251Z,Mien Mulyana,108668354870858828247,True,0,id,2026-05-05T05:37:00.032411
Ci9DQUlRQUNvZENodHljRjlvT2xSWFIweE9aMHg2UjA0emJHUk1URFJoUmpkRmVYYxAB,ChIJAxJ3BEPibi4Ro6OFLoiNaY8,"Tuju Coffee - Kesenden, Cirebon",cirebon,Wisata,3,"Lokasi strategis dekat Stasiun Cirebon, makanan enak. Minuman datangnya cepet tapi makanan datangnya 50 menit setelahnya dan terhidangkan dengan dingin. Kami kira masakan baru matang tapi tidak karena semua makanannya anyep.

Staff nya ramah sekali, fasilitas bagus.",2026-04-24T13:58:28.688Z,Tiara Mustika Muchlis,104695137292222588447,True,0,id,2026-05-05T05:37:00.032430
Ci9DQUlRQUNvZENodHljRjlvT2xGa2VWTmlhazh4TmpJd1h6ZHROelZrWm05cFQxRRAB,ChIJAxJ3BEPibi4Ro6OFLoiNaY8,"Tuju Coffee - Kesenden, Cirebon",cirebon,Wisata,4,"Cheesecake nya kureng, minuman ok",2026-04-18T15:30:06.134Z,J -LEE,103713104736379429284,True,0,ms,2026-05-05T05:37:00.032438
Ci9DQUlRQUNvZENodHljRjlvT25weFEybFdSbXQyYUROdlQyVTNTbkpqWVhweFZuYxAB,ChIJAxJ3BEPibi4Ro6OFLoiNaY8,"Tuju Coffee - Kesenden, Cirebon",cirebon,Wisata,5,"maju mundur buat kesini, penasaran, dari yang seliweran di sosmed, sampe akhirnya kesini (padahal kerja di st.kejaksaan, tapi buat mampir kadang belum sempet wkwkkw).

overall jujur bgt dari hati yang paling dalam, barista nya first experience humble, ramah pol, tadi sempet mati hp nya buat payment, cash pun kurang, tapi mas yang tinggi, gede, bolehin buat cas dulu ditempat, nanti bayar nya pas pulang gapapa (tapi karna diriku tidak enakan orang nya, jd buru buru buat bayar).

kopi nya enak polll, tempat nya juga cozy sii, otw jd rumah kedua kalo gini mah, pertahanin staf staff nya yaa, sat set sat set soalnya!!! sukses tujucoffe <3 !!",2026-04-15T17:38:04.871Z,Ilham Jaya,103175145341869448609,True,0,id,2026-05-05T05:37:00.032446
Ci9DQUlRQUNvZENodHljRjlvT2pSQ1JGcFdOR2xsTjJKU1oyZG5SbUppUW1WUldFRRAB,ChIJAxJ3BEPibi4Ro6OFLoiNaY8,"Tuju Coffee - Kesenden, Cirebon",cirebon,Wisata,5,"suka butterscoth nya enak, matcha sea salt nya juga enakk",2026-04-12T18:17:42.122Z,Inggitari Harmonik,103205446748032794274,False,0,id,2026-05-05T05:37:00.032454
Ci9DQUlRQUNvZENodHljRjlvT2pWNFJVVmFSalpVZDNaTVdqRmhaM1ZvUW1kWVpWRRAB,ChIJAxJ3BEPibi4Ro6OFLoiNaY8,"Tuju Coffee - Kesenden, Cirebon",cirebon,Wisata,2,"Pesan makanan nungguin -+ 2 jam belum datang, dengan alasan udah nyari ga ketemu, secara logika sudah ada nomor table , kemudian saya sudah mengalah maju ke kasir kasih tau belum datang di 1 jam pertama, dan udah tau duduk di outdoor meja sekian, akhir sampe pulang belum datang juga, dengan alasan yang sama sudah cari tapi ga ketemu, sangat tidak logis sekali, kalo pun sudah nyari juga bisa nanya nomor meja brpa tapi saya perhatikan tidak ada yang datang menanyakan seperti itu 👎",2026-04-12T06:11:31.711Z,Malan Fawaz,114992965937685273002,True,0,id,2026-05-05T05:37:00.032462
Ci9DQUlRQUNvZENodHljRjlvT2psNVRVcEpZbkZ3VGtGRmEzZHBiMWxxUlhBeWNVRRAB,ChIJAxJ3BEPibi4Ro6OFLoiNaY8,"Tuju Coffee - Kesenden, Cirebon",cirebon,Wisata,5,Kopi yg essence enak sekali... Rekomended gaes,2026-04-05T10:36:16.688Z,roselanis Ryuuzaki,115004931144532013690,False,0,id,2026-05-05T05:37:00.032470
Ci9DQUlRQUNvZENodHljRjlvT2tSMU1UazBYM05qUWxwZlVIRTRZbGRIV0dGbmFrRRAB,ChIJAxJ3BEPibi4Ro6OFLoiNaY8,"Tuju Coffee - Kesenden, Cirebon",cirebon,Wisata,5,"Tempat asik buat nongkrong. Makanan minuman lumayan lah umum, harga juga yaaa standar.",2026-04-02T08:39:15.334Z,Iqbal Junizar,107229925891753078711,True,0,id,2026-05-05T05:37:00.032478
Ci9DQUlRQUNvZENodHljRjlvT2pGRWFGQjVaMXBSVjFCSVpHNTNaWFZCYzFKS1IyYxAB,ChIJAxJ3BEPibi4Ro6OFLoiNaY8,"Tuju Coffee - Kesenden, Cirebon",cirebon,Wisata,5,Ice latte is the best latte in cirebon,2026-03-30T15:53:58.326Z,Rizka A,102218935294164706056,True,1,en,2026-05-05T05:37:00.032486
Ci9DQUlRQUNvZENodHljRjlvT2toclVYcEdNbVJGWVVKWGNUaGFXWE40UVhsU2FYYxAB,ChIJAxJ3BEPibi4Ro6OFLoiNaY8,"Tuju Coffee - Kesenden, Cirebon",cirebon,Wisata,5,"Kopinya enakkk,pisang goreng arennya best bgttt
Cukupp buattt shringg",2026-03-30T09:31:12.164Z,Nurul Ely yana putri,106014455388207528694,False,0,id,2026-05-05T05:37:00.032494
Ci9DQUlRQUNvZENodHljRjlvT2tvMGNreGhXRXAyTkRoc1ZreHFjVUZCVmpWeldFRRAB,ChIJAxJ3BEPibi4Ro6OFLoiNaY8,"Tuju Coffee - Kesenden, Cirebon",cirebon,Wisata,3,butterscotch nya enak tpi makanannya dtg 3 jam sampe mau pulang dan akhirnya takeaway😭,2026-03-24T04:18:34.267Z,Fani Audiya,114371864770081475127,False,0,id,2026-05-05T05:37:00.032502
Ci9DQUlRQUNvZENodHljRjlvT20xS1FXZHVlbmhwVjIxSVpEbG1TVWxRUlRaRlRtYxAB,ChIJAxJ3BEPibi4Ro6OFLoiNaY8,"Tuju Coffee - Kesenden, Cirebon",cirebon,Wisata,5,cocok untuk bertemu kawan,2026-03-20T12:46:25.231Z,Iqfaizel Yandri Chaniago,100808326640020236982,False,0,id,2026-05-05T05:37:00.032512
Ci9DQUlRQUNvZENodHljRjlvT20wMGN6SXhhalJKYTJjeGMwTldOazloVkdaWGJVRRAB,ChIJAxJ3BEPibi4Ro6OFLoiNaY8,"Tuju Coffee - Kesenden, Cirebon",cirebon,Wisata,5,Tempatnya nyaman dan luas enak buat nongkrong lama2,2026-03-20T12:45:10.655Z,Bintang Dwi putra,117932971719009691270,False,0,id,2026-05-05T05:37:00.032520
Ci9DQUlRQUNvZENodHljRjlvT2tabVJsSXRXVU01TlhCbE5uZzFOVE5XUVRGNk5sRRAB,ChIJAxJ3BEPibi4Ro6OFLoiNaY8,"Tuju Coffee - Kesenden, Cirebon",cirebon,Wisata,5,Tempatnya asik sii buat nongkii,2026-03-20T12:44:09.094Z,Zeed,113094779541131141022,True,0,id,2026-05-05T05:37:00.032529
Ci9DQUlRQUNvZENodHljRjlvT2xSTGJYZHdRVGQzVTBSS1JtZzVibVp5TjBkNWIwRRAB,ChIJAxJ3BEPibi4Ro6OFLoiNaY8,"Tuju Coffee - Kesenden, Cirebon",cirebon,Wisata,5,nyaman bgtt tempatnya,2026-03-20T12:42:04.838Z,Kinbooy,115458807010459959034,False,0,id,2026-05-05T05:37:00.032537
Ci9DQUlRQUNvZENodHljRjlvT2xwSGRFWmphVEUxTVhvM1JGZFBaV2MxY1ZBek5GRRAB,ChIJAxJ3BEPibi4Ro6OFLoiNaY8,"Tuju Coffee - Kesenden, Cirebon",cirebon,Wisata,1,"pelayanan ga bgt, udah booking dan bayar buat jam 5 sore tp nyampe sana malah udah ditempatin, makanan sampe jam 9 malem ga dateng dateng. pelayan ditanya iya iyanya doang",2026-03-07T14:50:13.882Z,Anjani Putri,118330144095638694481,False,1,id,2026-05-05T05:37:00.032558
Ci9DQUlRQUNvZENodHljRjlvT21GWlUwRjFlQzB6Vm5SVFJqQTFNM2c1ZG1sME5HYxAB,ChIJAxJ3BEPibi4Ro6OFLoiNaY8,"Tuju Coffee - Kesenden, Cirebon",cirebon,Wisata,2,"pelayanan sangat lama, ga on time",2026-03-07T12:16:37.242Z,okta viani,116153052976364453926,False,0,id,2026-05-05T05:37:00.032566
Ci9DQUlRQUNvZENodHljRjlvT25ocE0yRnNZbkZPVW1GT1NqSlJSRWxYUXpNdGFWRRAB,ChIJS7aTV9Ljbi4RlBVNikR8dDs,Elok Coffee n Bites,cirebon,Wisata,5,Bangunannya unik,2025-12-27T13:47:07.563Z,Nurul Afiah,100650562424115753592,False,0,id,2026-05-05T05:37:00.032574
Ci9DQUlRQUNvZENodHljRjlvT2xKbmNFeExXREV3TjJOQmF6ZHRYMVJJWWxBdFNVRRAB,ChIJS7aTV9Ljbi4RlBVNikR8dDs,Elok Coffee n Bites,cirebon,Wisata,5,Hujan romantis walaupun gada pasangan😍,2025-12-27T13:46:49.828Z,Wratin Agila,113476998295516545505,False,0,id,2026-05-05T05:37:00.032582
Ci9DQUlRQUNvZENodHljRjlvT21VdFFrRXRSME4zVUdaT2EzWnRORTVJZW1waGFrRRAB,ChIJS7aTV9Ljbi4RlBVNikR8dDs,Elok Coffee n Bites,cirebon,Wisata,5,"Nyaman bangat tempatnya , kopinya enak, makanannya enak 👌🏻👌🏻tempat langganan👍",2025-12-27T11:33:43.835Z,Sry Wahyuni,111027903542893324092,False,0,id,2026-05-05T05:37:00.032597
Ci9DQUlRQUNvZENodHljRjlvT21WaVFUVXlla3hwUkhaT2RVdFBVM1IyVnpWaVdHYxAB,ChIJS7aTV9Ljbi4RlBVNikR8dDs,Elok Coffee n Bites,cirebon,Wisata,4,tempat yang bagus dan pelayanannya baik,2025-12-27T08:02:16.695Z,Riwanda Abdulhak,104807047686972117602,False,0,id,2026-05-05T05:37:00.032605
Ci9DQUlRQUNvZENodHljRjlvT25kYWNFTmhTVmxGZVRCbldYVXRNa0ZrWTJKTlVrRRAB,ChIJS7aTV9Ljbi4RlBVNikR8dDs,Elok Coffee n Bites,cirebon,Wisata,5,"Mantap, cuman hujan",2025-12-27T02:13:37.495Z,Aji Permana,114838888072812627886,False,0,id,2026-05-05T05:37:00.032615
Ci9DQUlRQUNvZENodHljRjlvT21VNVdISm1NazVVTTNOb09XZFVVV2hzYlVoa1VXYxAB,ChIJS7aTV9Ljbi4RlBVNikR8dDs,Elok Coffee n Bites,cirebon,Wisata,5,cakeppp sekaliii tempat nya aestheticcc sukaaa,2025-12-26T13:47:39.692Z,Naillyy annur,115466539454652501645,False,0,id,2026-05-05T05:37:00.032623
Ci9DQUlRQUNvZENodHljRjlvT2pCMVIzTm9TSGhVUkdwU00xSkVaek13TTJNNWIxRRAB,ChIJS7aTV9Ljbi4RlBVNikR8dDs,Elok Coffee n Bites,cirebon,Wisata,5,"enakk banget, aesthetic",2025-12-26T13:47:31.446Z,Tsabitah Khoirunnisa,115211137926369656356,False,0,id,2026-05-05T05:37:00.032631
Ci9DQUlRQUNvZENodHljRjlvT210TFQwMXBaMnRhUTAxVmFIQkZTaTF4VDJ4UFNVRRAB,ChIJS7aTV9Ljbi4RlBVNikR8dDs,Elok Coffee n Bites,cirebon,Wisata,5,aesthetic sekaliiiiii,2025-12-26T13:47:23.803Z,Salma Salsabila,107808884554755607440,False,0,id,2026-05-05T05:37:00.032639
Ci9DQUlRQUNvZENodHljRjlvT25GeE5HZEhjRkIwWVdwc1FVZHVRbWd0VVc5VlFrRRAB,ChIJS7aTV9Ljbi4RlBVNikR8dDs,Elok Coffee n Bites,cirebon,Wisata,5,tempatt nyaa aesthetic😻,2025-12-26T13:46:37.013Z,Nayla Dhifa,103509725984986183228,False,0,kn,2026-05-05T05:37:00.032647
Ci9DQUlRQUNvZENodHljRjlvT25oeWVIcDBPRE5EY2tGT1gwTm5XSGs1TkhGNmFGRRAB,ChIJS7aTV9Ljbi4RlBVNikR8dDs,Elok Coffee n Bites,cirebon,Wisata,5,Staf nya ramah ramah asik diajak buat bercanda 😁😁 makanan dan kopi nya best bangett 😘😘😘😘,2025-12-25T18:29:35.404Z,Cirebon Kota,117719660598945534545,False,0,id,2026-05-05T05:37:00.032655
Ci9DQUlRQUNvZENodHljRjlvT2tveWRuaFNhMHMyTUhNM01WSXlXakJQU1dFMVFXYxAB,ChIJS7aTV9Ljbi4RlBVNikR8dDs,Elok Coffee n Bites,cirebon,Wisata,5,tempatnya senyaman itu buat dipake nugas dan ngobrol ngobrol kecil🤏🏻semoga seluruh keluarga elok masuk surga karna sudah membuat saya menemukan tempat nyaman untuk nugas🤲🏻,2025-12-25T16:18:34.449Z,Seva Pratama Putri Bramayana,108422646983153852968,False,0,id,2026-05-05T05:37:00.032665
Ci9DQUlRQUNvZENodHljRjlvT2xWYWQxTkliMll5WHpOQ2NVc3lhMlU1VGpaVWEzYxAB,ChIJ_boUlIDibi4RMH8GqqftT1M,Terajeh Coffee and Steak House,cirebon,Wisata,2,"Kecewa
Besok2 terajeh ga usah ada menu nasi deh,
Dari meja luar sepi sampai penuh saya datang ke2 di meja luar, suami makan steak sampai habis, pembeli lain sudah di berikan makanan. Punya saya hampir 1 jam ga dtg2 dr selesai solat jumat sampai jam 13.50 ga dtg, saya tagih.. kasirnya bilang maaf, kami mendahulukan yg pesan steak...
Heyyy... trs kalau ada pembeli baru, pesan Steak,, kapan menu saya di masak...!
Kapok..
Saya minta di takeaway, masih lama juga,.akhirnya saya tinggal..pas saya nyalakan mesin mobil, waiters nya kejar, dan berikan menu saya! Udah ga mood buat makan !",2025-12-19T07:13:38.400Z,dwi ratna,102067360375456966908,False,0,id,2026-05-05T05:37:00.032694
Ci9DQUlRQUNvZENodHljRjlvT210WlpVVnlhR2RKUzNKVFpFeEpRVXR0T0hVNE5FRRAB,ChIJ_boUlIDibi4RMH8GqqftT1M,Terajeh Coffee and Steak House,cirebon,Wisata,5,"Enak semuanya , mantap , makasih yang udh masakin dan mba dan mas yg anterin makanannya , steak ok punya",2025-12-14T05:42:33.192Z,yuka dewingga,111321294486453149945,False,0,id,2026-05-05T05:37:00.032721
Ci9DQUlRQUNvZENodHljRjlvT2tSUU4weENUWE5xWWxWb05VOXJhMDV1Y1RWNVJrRRAB,ChIJ_boUlIDibi4RMH8GqqftT1M,Terajeh Coffee and Steak House,cirebon,Wisata,5,"Mantap, ramah, tempat enak

Hanya saja waktu tunggu untuk makanannya lumayan ya hehe
Apalagi udah laper 😆
Parkir juga agak sulit ya nyari tempatnya kalo bawa roda 4",2025-12-07T02:58:31.055Z,Muthaharussayidun Kusnanuddin,113617168658060911331,True,0,id,2026-05-05T05:37:00.032737
Ci9DQUlRQUNvZENodHljRjlvT214R2JVNTFMV1U1VEZKNFEwbFliR1JUZEZkSE1sRRAB,ChIJ_boUlIDibi4RMH8GqqftT1M,Terajeh Coffee and Steak House,cirebon,Wisata,5,"Makanan dan minumannya enak, porsi mayan gede, harganya jg relatif mahal tp sesuailah dgn porsi dan kualitas cita rasa makanan dan minumannya.
Tempatnya jg nyaman dan adem, sayangnya tidak terlalu besar sehingga jika pas pengunjung penuh terasa sesak dan kurang nyaman.",2025-11-30T15:56:02.858Z,naminatehria,106377702554096016528,True,0,id,2026-05-05T05:37:00.032760
Ci9DQUlRQUNvZENodHljRjlvT25kYVJHODNlbkEzYjNOTVV6ZExXVTh6ZVRCV01HYxAB,ChIJ_boUlIDibi4RMH8GqqftT1M,Terajeh Coffee and Steak House,cirebon,Wisata,5,"Choco lava sama cheesecake nya enak. Steak dan makanan lainnya lumayan.
Nasi goreng sepadan dengan harga",2025-11-30T06:41:25.664Z,Aprilia R Haeranis,109382484567760741811,True,0,id,2026-05-05T05:37:00.032768
ChdDSUhNMG9nS0VJQ0FnSUNRdjVIMXBBRRAB,ChIJ_boUlIDibi4RMH8GqqftT1M,Terajeh Coffee and Steak House,cirebon,Wisata,5,Best steak in Cirebon..,2025-11-30T05:30:20.932Z,De Jati,101589477334839520104,True,0,en,2026-05-05T05:37:00.032777
Ci9DQUlRQUNvZENodHljRjlvT2tFeFh6VjZkM1pFUkVKZkxUQnFRbWR4WkMxMVkxRRAB,ChIJM2AJCmzjbi4RZOBnUbALv_s,KALULA | Coffee & Tiramisu,cirebon,Wisata,5,"nyaman bangett tempatnya, homey, comfy. best pokokna mah",2026-03-19T18:02:45.615Z,Hidayat Muttaqien,100612959327315885750,False,0,id,2026-05-05T05:37:00.032794
Ci9DQUlRQUNvZENodHljRjlvT2xoRFZqSjVWbGhFWlZOdk9GQnpTMU5pVUV4TVNHYxAB,ChIJM2AJCmzjbi4RZOBnUbALv_s,KALULA | Coffee & Tiramisu,cirebon,Wisata,5,"buka bareng temen disini enak bgttt,baru cobain makanan beratnya yang beef plus minuman strawberrynya tapi udah ngenyangin poll,rekomendasi bgt sih dan harus cobain makan disini karna tempatnya juga nyaman abiesszz🥲🫰🏻",2026-03-11T14:01:48.765Z,elvaa,112441461055258922547,True,0,id,2026-05-05T05:37:00.032808
Ci9DQUlRQUNvZENodHljRjlvT25SNExWVnlVV1ZXUTFwMk4zTmpWV1ZGVW1SZk1XYxAB,ChIJM2AJCmzjbi4RZOBnUbALv_s,KALULA | Coffee & Tiramisu,cirebon,Wisata,5,Mayan nih buat yg suka nongki. Tempatnya nyaman g bising suara knalpot karena agak masuk dari jalan raya ya. Harga standar Coffee pada umumnya lah,2026-02-01T08:20:18.052Z,Iqbal Junizar,107229925891753078711,True,0,id,2026-05-05T05:37:00.032831
Ci9DQUlRQUNvZENodHljRjlvT205bExWTm9YeTA0YzFRelNYQmxNV3BoVDJSRGJYYxAB,ChIJM2AJCmzjbi4RZOBnUbALv_s,KALULA | Coffee & Tiramisu,cirebon,Wisata,5,"Kopi dan makanan enak, pelayanan profesional, namun bila sedang ramai, pesan makanan bisa hampir 1 jam baru datang, suasana sangat bagus, pemilihan lagu dan volume suara sangat pas, overall 👍",2025-12-29T12:01:48.978Z,annisa yudistirani,110563426366271184540,True,0,id,2026-05-05T05:37:00.032846
Ci9DQUlRQUNvZENodHljRjlvT25SNk1HWlZSM0pXZFZCNmFrVnZiVWxEWDB0RUxXYxAB,ChIJM2AJCmzjbi4RZOBnUbALv_s,KALULA | Coffee & Tiramisu,cirebon,Wisata,5,"Datang karena pengen makan eskrim, tapi ternyata dikatakan eskrim sudah tidak ada permanen, akhirnya beli tiramissu, andalan cafe ini. Makanan dan minumannya cukup enak, tapi yang bikin betah itu tempatnya yang adem. Cocok buat nongkrong, WFC, atau ngedate. Lumayan rekomen",2025-12-17T02:08:58.793Z,Raditya PD,109135116651048125270,True,0,id,2026-05-05T05:37:00.032854
Ci9DQUlRQUNvZENodHljRjlvT214NWJtcHlZbGx4VFdnMkxUZG5ZMEZDTjNaalpuYxAB,ChIJM2AJCmzjbi4RZOBnUbALv_s,KALULA | Coffee & Tiramisu,cirebon,Wisata,5,"Keramahan nya nampooool, sukaaaak! Suasana nyaman, eaaaaaaaak! Sukses selalu aamiin",2025-11-09T15:45:43.274Z,QPR,111552573070792930327,True,0,id,2026-05-05T05:37:00.032883
ChZDSUhNMG9nS0VJQ0FnSUM4bmV5eWNBEAE,ChIJM2AJCmzjbi4RZOBnUbALv_s,KALULA | Coffee & Tiramisu,cirebon,Wisata,4,Nyaman sih cuma ga sampai tengah malam.. hanya sampai jam.22.00,2025-10-16T20:13:52.722Z,Ninos Hariyadi,112847369852240537012,True,0,id,2026-05-05T05:37:00.032899
Ci9DQUlRQUNvZENodHljRjlvT2pCNVFWTjZRVGRGYWw5bVMyRmtSVFpRY25wd2JtYxAB,ChIJM2AJCmzjbi4RZOBnUbALv_s,KALULA | Coffee & Tiramisu,cirebon,Wisata,5,Coffeeshop dengan mactha yang enak di Cirebon,2025-09-29T13:04:00.299Z,Gilbert Pasaribu,102607669657925145148,True,0,id,2026-05-05T05:37:00.032914
Ci9DQUlRQUNvZENodHljRjlvT2pSNWVVbzFablZLYTNwR2VpMXVNbmxsVmtoT05YYxAB,ChIJM2AJCmzjbi4RZOBnUbALv_s,KALULA | Coffee & Tiramisu,cirebon,Wisata,5,Mba kasirnya senyumnya dibanyakin ya 🙂🙂🙂,2025-09-27T15:07:48.448Z,Dara Puspa Indah,105809123673309029033,False,0,id,2026-05-05T05:37:00.032922
Ci9DQUlRQUNvZENodHljRjlvT25oMlJHcHFVbVZMTWxoak9EUnlkM2xvUjNOUFFYYxAB,ChIJM2AJCmzjbi4RZOBnUbALv_s,KALULA | Coffee & Tiramisu,cirebon,Wisata,5,"Pertama kali datang kesini, tempatnya nyaman banget buat wfc dan ngobrol santai sama temen. Tempatnya bersih, free wifi, ada ruangn outdoor juga. Menu favoritku Cireng Bites, Tiramisu Matcha dan Aren latte-nya. So, kalau cari tempat yang membutuhkan kenyaman dan ketenangan tempat ini sangat aku rekomendasikan.",2025-09-18T14:59:43.859Z,Gia OMG,112165298192543224217,False,0,id,2026-05-05T05:37:00.032930
Ci9DQUlRQUNvZENodHljRjlvT21rM1NYcDRNazV1ZVhOQ2VWOVlkMUp0YzNaWFkzYxAB,ChIJAxJ3BEPibi4Ro6OFLoiNaY8,"Tuju Coffee - Kesenden, Cirebon",cirebon,Wisata,5,"cafenya bagus, nyaman tempatnya dan luas juga",2026-03-07T04:47:11.429Z,Tri Hastomo,101342173157128069462,True,0,id,2026-05-05T05:37:00.032946
Ci9DQUlRQUNvZENodHljRjlvT25wbVIxWmtkSEpLU1Vjd0xUSjFWR3BZZVVwQ1FXYxAB,ChIJAxJ3BEPibi4Ro6OFLoiNaY8,"Tuju Coffee - Kesenden, Cirebon",cirebon,Wisata,5,"Pulang malem, pengen ngopi yang masih buka dan deket stasiun? Ini tempat yang wajib kalian ""Tuju""",2026-03-06T21:13:35.460Z,Abvellynnxz,110182664738332301389,True,0,id,2026-05-05T05:37:00.032954
Ci9DQUlRQUNvZENodHljRjlvT21ObFlVbGtNR2hNU0RWME4wRmFhRjk1WlVoSlVrRRAB,ChIJAxJ3BEPibi4Ro6OFLoiNaY8,"Tuju Coffee - Kesenden, Cirebon",cirebon,Wisata,5,"tempatnya nyaman bangeet, makin enak, suasananya bikin pengen kesini lagi😍 makananya juga makin enak2 dan murah. TOP lah sekarang mah👍👍👍",2026-03-03T16:42:44.705Z,Revin Drum,112454184424862100660,False,0,id,2026-05-05T05:37:00.032962
Ci9DQUlRQUNvZENodHljRjlvT25sblJETmlRakF6YlRGaVNYZDNZbVU1Y25rM2FuYxAB,ChIJAxJ3BEPibi4Ro6OFLoiNaY8,"Tuju Coffee - Kesenden, Cirebon",cirebon,Wisata,5,"Tempatnya cozy abis! makanannya enak pwol, baristanya super ramah! tempat parkirnya juga lumayan luasss
Coffe shop yang cocok bgt buat nongki ramean atau cuma sekedar nugasss, xixixi",2026-03-02T12:49:48.607Z,Ratna Asih,101758532852387644185,False,0,id,2026-05-05T05:37:00.032971
Ci9DQUlRQUNvZENodHljRjlvT21ZdFdGSm5OM1ZYVWxGcVRIWkpNR3RNY1dwSFNuYxAB,ChIJAxJ3BEPibi4Ro6OFLoiNaY8,"Tuju Coffee - Kesenden, Cirebon",cirebon,Wisata,5,Tempatnya bagus banget instagramable😍🤩,2026-03-02T11:34:16.083Z,Nana Rohana,105467369781731296499,False,0,id,2026-05-05T05:37:00.032980
Ci9DQUlRQUNvZENodHljRjlvT25OdWVqZFZVMmsyU3pOUVZGQTRTbWRvTTI1SU1YYxAB,ChIJAxJ3BEPibi4Ro6OFLoiNaY8,"Tuju Coffee - Kesenden, Cirebon",cirebon,Wisata,5,Kemarin bukber di sini tempatnya nyaman bangett luas juga cocok buat bukber  bersama keluarga maupun teman teman😍 pelayanan ny super ramah besttt,2026-03-02T11:33:24.250Z,Tiara Ayu Putri,107752460648665812620,False,0,id,2026-05-05T05:37:00.032992
Ci9DQUlRQUNvZENodHljRjlvT20xT1JsVjNkRmRGVTBORWNIQjBTMkpvY3pob09FRRAB,ChIJAxJ3BEPibi4Ro6OFLoiNaY8,"Tuju Coffee - Kesenden, Cirebon",cirebon,Wisata,5,"Menghadiri event Nok Hijab di ruang vvip tujucoffee sangat menyenangkan. Tempatnya nyaman, bersih, dan private, cocok untuk acara komunitas. Pelayanannya ramah dan makanannya enak. Terima kasih tujucoffee, semoga bisa event di sini lagi! 🤍",2026-03-01T15:04:48.348Z,rena novalia,118290976637599514295,False,0,id,2026-05-05T05:37:00.033010
Ci9DQUlRQUNvZENodHljRjlvT2pZeVEwaG9VbFZGWjJkNGQwaEJka1J5VkdsaWMyYxAB,ChIJAxJ3BEPibi4Ro6OFLoiNaY8,"Tuju Coffee - Kesenden, Cirebon",cirebon,Wisata,5,Pokoknya rekomendasi banget kopinya enak legitt creamyy,2025-11-17T09:05:51.602Z,Indera Affandy,107401755450599035219,True,0,id,2026-05-05T05:37:00.033019
Ci9DQUlRQUNvZENodHljRjlvT2s1cWFFeHhaWE42TkVGUVduWlRWMnN4WkVSM2MxRRAB,ChIJAxJ3BEPibi4Ro6OFLoiNaY8,"Tuju Coffee - Kesenden, Cirebon",cirebon,Wisata,5,kopinya enak banget,2025-11-17T08:40:54.176Z,Fariz Fabian,108971400991064158789,False,0,id,2026-05-05T05:37:00.033027
Ci9DQUlRQUNvZENodHljRjlvT2tVemIzUkhaVmQ2TnpReVpGZDZWMlY2WWtvMGNrRRAB,ChIJAxJ3BEPibi4Ro6OFLoiNaY8,"Tuju Coffee - Kesenden, Cirebon",cirebon,Wisata,5,unboxing kado buat bilal sebagai apresiasi karna bilal udah kelarin tugas kuliah nya 🫶🏻 segalanya kita rayakan yaaa🙌🏻,2025-11-10T11:57:16.878Z,Bilal dan Angge,106268846927760060742,True,0,id,2026-05-05T05:37:00.033036
Ci9DQUlRQUNvZENodHljRjlvT2xoRE9UTndkMkpOWkRoTFpWbHdNaTFTWDFsVlFrRRAB,ChIJAxJ3BEPibi4Ro6OFLoiNaY8,"Tuju Coffee - Kesenden, Cirebon",cirebon,Wisata,5,Manual brewnya ok banget . Tempt duduk outdoor adem,2025-10-30T06:49:33.648Z,atman ismiradi,101808543592035232750,True,0,id,2026-05-05T05:37:00.033044
Ci9DQUlRQUNvZENodHljRjlvT2tKa1pHaDRNell5WWxZNFgxVjBjVTlSY0Vwa1dHYxAB,ChIJAxJ3BEPibi4Ro6OFLoiNaY8,"Tuju Coffee - Kesenden, Cirebon",cirebon,Wisata,3,"Santai, rilex
Cocok buat meeting informal...",2025-10-13T00:55:29.321Z,Isje “Pa'de Is” Prihandojo,112061527783220588539,True,0,id,2026-05-05T05:37:00.033052
Ci9DQUlRQUNvZENodHljRjlvT25Cc1ZIaDJWbU5zZFhFNFNWaHdjM2M0UnpSWFNYYxAB,ChIJAxJ3BEPibi4Ro6OFLoiNaY8,"Tuju Coffee - Kesenden, Cirebon",cirebon,Wisata,5,"tempat ny enk + adem ga panas , rasa kopii ny enk , tmpt ny bisa buat acaraa , pelayanan ny ramahh",2025-09-28T04:50:55.886Z,intan rahayu07,113658169047278274652,False,0,id,2026-05-05T05:37:00.033067
Ci9DQUlRQUNvZENodHljRjlvT2pSSmRIcEZSVVJaVFUxSVRWOUZjWEZaYWxWWUxVRRAB,ChIJAxJ3BEPibi4Ro6OFLoiNaY8,"Tuju Coffee - Kesenden, Cirebon",cirebon,Wisata,3,Kopinya lumayan,2025-07-28T22:50:49.938Z,Anto Aja,108672301413244004569,True,0,id,2026-05-05T05:37:00.033082
Ci9DQUlRQUNvZENodHljRjlvT25jNFdsRk5Oa1pZYWtGRWEyaDBSRUZEYXkxek1tYxAB,ChIJAxJ3BEPibi4Ro6OFLoiNaY8,"Tuju Coffee - Kesenden, Cirebon",cirebon,Wisata,5,"Menu menu kopi barunya juara, engga ada yang gagal :) Salute",2025-07-01T07:35:52.606Z,Arief Fatchurrochman,108597963057088157074,False,0,id,2026-05-05T05:37:00.033090
Ci9DQUlRQUNvZENodHljRjlvT2xwR1VVRnpYMVo0T1ZRMVVYaG9OMU01V25GeVdsRRAB,ChIJk6LLHBHjbi4RNM4EfOuJViQ,Kios kopi Cirebon,cirebon,Wisata,2,"Tadi kesana baristanya males2an gak ramah,penampilan saya syari ibu2,dikira gak ngerti kopi,dimana2 barista aktif ngejelasin beansnya..
Padahal saya d rumah koleksi speciality,geisha,panama,puntang,salvador,columbia alat d rumah lengkap,udah seneng nemu open bar kaya td disambut males2an dan dicuekin",2026-04-14T15:52:32.600Z,Reni Nuryani,100699596764513592099,False,0,id,2026-05-05T05:37:00.033145
Ci9DQUlRQUNvZENodHljRjlvT2pneVowNHRURnBQZUhKTWIwcG1ibVZYYlhreGRtYxAB,ChIJk6LLHBHjbi4RNM4EfOuJViQ,Kios kopi Cirebon,cirebon,Wisata,5,You know a place is serious about their coffee when they only have coffee in their menu! Kios ini menjual kopi dengan beragam biji yang bisa dipilih oleh pembeli untuk kemudian diolah sesuai daftar kopi yang ada. Kalian bisa berkonsultasi terlebih dulu untuk memilih biji yang sesuai dengan selera.  Terdapat pula  kopi dalam kemasan kaleng yang cocok buat segala usia. Sebuah hidden gems untuk penikmat kopi.,2026-03-23T14:15:22.654Z,Meru Harjono,109867813928257640081,True,0,id,2026-05-05T05:37:00.033154
Ci9DQUlRQUNvZENodHljRjlvT2xWZk9HbzVTMHB1V1ZKSWEySXdhVEp2WVhKNmFuYxAB,ChIJk6LLHBHjbi4RNM4EfOuJViQ,Kios kopi Cirebon,cirebon,Wisata,5,"Kios kopi cirebon wajib dicoba! Kopinya enak, harganya oke, pelayanannya ramah, plus tempatnya super nyaman .",2026-02-08T15:25:51.199Z,Apri Mulyadi,100129495113276061155,False,0,id,2026-05-05T05:37:00.033171
Ci9DQUlRQUNvZENodHljRjlvT205WVJrRTFXREZWVkdaMmRsbzFaMUZwZVZrNFMzYxAB,ChIJk6LLHBHjbi4RNM4EfOuJViQ,Kios kopi Cirebon,cirebon,Wisata,5,Ramah² orangnya baik baik baru pertama kesini dikasi coffe gratis 1 🤙🤙,2026-02-08T15:24:32.152Z,david muharom,108486800040788399945,False,0,id,2026-05-05T05:37:00.033186
Ci9DQUlRQUNvZENodHljRjlvT2pOM1dXbDVTVmhVYkZOeWVFWnFYME5CV2tkWVZuYxAB,ChIJk6LLHBHjbi4RNM4EfOuJViQ,Kios kopi Cirebon,cirebon,Wisata,5,"ga cuma kopi nya yg enak, tempat dan pelayanann nya jg enak ramahhh🥰🥰",2025-12-17T09:09:58.401Z,Red Velvet,115218536514612324549,False,0,id,2026-05-05T05:37:00.033232
Ci9DQUlRQUNvZENodHljRjlvT2xWeGVuSjBVR3RSTTNaVWQybHBWa3RyUlZvM0xXYxAB,ChIJk6LLHBHjbi4RNM4EfOuJViQ,Kios kopi Cirebon,cirebon,Wisata,5,mantap surantap kalcer sukalcer,2025-12-17T07:19:25.823Z,Yaya Yanuarsah,104903495065451493035,False,0,id,2026-05-05T05:37:00.033241
Ci9DQUlRQUNvZENodHljRjlvT2xGeVpHZDRlRWRGYkVKWk5rTTVSMkl4VGpaMU5XYxAB,ChIJk6LLHBHjbi4RNM4EfOuJViQ,Kios kopi Cirebon,cirebon,Wisata,5,"Tempatnya nyaman, minumannya enak semua
Sukse terus kios kopi👍🏻👍🏻",2025-12-17T06:04:07.146Z,Pepi Ulfina Murdiatin,111269845933537697108,False,0,id,2026-05-05T05:37:00.033256
Ci9DQUlRQUNvZENodHljRjlvT2xwTVluTjRlRWx4UkZoWFUyWXRUQzExYVhKU1pYYxAB,ChIJk6LLHBHjbi4RNM4EfOuJViQ,Kios kopi Cirebon,cirebon,Wisata,5,"Enak banget kopi nya, rekomen banget pokoknya",2025-12-17T06:03:54.605Z,Aris Fk,112662059168859895769,False,0,id,2026-05-05T05:37:00.033264
Ci9DQUlRQUNvZENodHljRjlvT25oeVFrNU9aVWRPV1ZKV1FtRkRUVlV0V2t0cVpWRRAB,ChIJk6LLHBHjbi4RNM4EfOuJViQ,Kios kopi Cirebon,cirebon,Wisata,5,"Kios kopi cirebon wajib dicoba! Kopinya enak, harganya oke, pelayanannya ramah, plus tempatnya super nyaman buat nongkrong atau kerja. Pasti balik lagi!",2025-12-17T05:58:40.966Z,Trio Cipto,116097583102433001366,False,0,id,2026-05-05T05:37:00.033273
Ci9DQUlRQUNvZENodHljRjlvT2tGclRsQmFVR3gzWmtKUVN6WTNUbWRKTW5Sck5VRRAB,ChIJk6LLHBHjbi4RNM4EfOuJViQ,Kios kopi Cirebon,cirebon,Wisata,5,recomended banget,2025-12-17T05:49:34.536Z,Candra Girimukti,114071401931139877276,False,0,en,2026-05-05T05:37:00.033283
Ci9DQUlRQUNvZENodHljRjlvT21kVlVHSm1kVFJ2UlVSUk9IRlJTR1J5ZDA1aU1sRRAB,ChIJu0VCV37ibi4R9YthfKnV5PU,"My Story Cafe, Bistro & Social House",cirebon,Wisata,5,Favorit lah pokoknya. Sdh berkalikali kesini.,2026-04-10T13:20:44.763Z,Tiara Rafa chanel,103623035287501474902,True,0,id,2026-05-05T05:37:00.033314
Ci9DQUlRQUNvZENodHljRjlvT25seFMxbHVTMFp3UjJsT05FSkhOa0kzZUhoak9FRRAB,ChIJu0VCV37ibi4R9YthfKnV5PU,"My Story Cafe, Bistro & Social House",cirebon,Wisata,5,Mie nya enak dan jus nya enak pas manis nya,2026-04-07T07:25:47.503Z,Dinas Tarigan,108780252047161805951,True,0,id,2026-05-05T05:37:00.033324
Ci9DQUlRQUNvZENodHljRjlvT2pSeFdGaEpOMHBtZG1KWFoySlNOR290UkVwNFozYxAB,ChIJu0VCV37ibi4R9YthfKnV5PU,"My Story Cafe, Bistro & Social House",cirebon,Wisata,5,Mau sebulan 10x kesini pun gak akan bosen😍🥰,2026-04-02T01:57:54.836Z,Zar'ah Jazwa,101457340017225619906,False,0,id,2026-05-05T05:37:00.033339
Ci9DQUlRQUNvZENodHljRjlvT2pZNGVEaDZRMjVDYWtSRFdscHlOWFZDZUdOdE1VRRAB,ChIJu0VCV37ibi4R9YthfKnV5PU,"My Story Cafe, Bistro & Social House",cirebon,Wisata,5,"Tempatnya cozy dan nyaman.
Makanan nya enak2🥰",2026-03-25T11:01:00.035Z,Lakspur's journey,101177394159588055880,True,0,id,2026-05-05T05:37:00.033354
ChdDSUhNMG9nS0VJQ0FnSUQyMUx5WDBBRRAB,ChIJu0VCV37ibi4R9YthfKnV5PU,"My Story Cafe, Bistro & Social House",cirebon,Wisata,4,"Makanan & minuman nilai 8 dari 10. Tadi pesen carbonara kurang creamy sayangnya. Parkiran agak susah kalau rame. Mushola lantai 4 cuman gak ada fasilitas tempat wudhu, wudhu di wastafel lantai 3 (maapkeun). FYI, close order kalau dinner sampe jam setengah 9.",2026-03-25T10:32:20.456Z,Siti Hardiyanti,110026241909154019441,True,3,id,2026-05-05T05:37:00.033362
Ci9DQUlRQUNvZENodHljRjlvT21kWmRURnhjMFpHU1RKWFRIZFNhRzVhVTJkTWVtYxAB,ChIJu0VCV37ibi4R9YthfKnV5PU,"My Story Cafe, Bistro & Social House",cirebon,Wisata,5,"Sangat rekomen yang cari tempat dengan suasana tenang dan tentu saja makanannya rekomen semua, best pokoknya",2026-03-15T06:30:18.502Z,Nurcholik S.A,103306391211610511848,False,0,id,2026-05-05T05:37:00.033378
Ci9DQUlRQUNvZENodHljRjlvT2w5VU5GUmtZbVUzY0MxbllqUm5SR0ZETjBOWFJtYxAB,ChIJu0VCV37ibi4R9YthfKnV5PU,"My Story Cafe, Bistro & Social House",cirebon,Wisata,4,Buat buka puasa apakah reservasi menu dan tempat dulu?,2026-03-03T14:07:14.966Z,YUdi BErkokok,108912389908681215466,True,0,id,2026-05-05T05:37:00.033386
Ci9DQUlRQUNvZENodHljRjlvT2t0bVRqWk1hR2RJTlVoNWJqaDFVRFpXWkVaS1duYxAB,ChIJu0VCV37ibi4R9YthfKnV5PU,"My Story Cafe, Bistro & Social House",cirebon,Wisata,5,This place is for meat lovers and desserts  as soon as I finish ordering the steak came in 5 minutes also the lava cake was delicious,2026-02-18T06:37:29.206Z,R.L.I,111312072619177712113,False,0,en,2026-05-05T05:37:00.033394
Ci9DQUlRQUNvZENodHljRjlvT214RWRHMDNOV3Q2TkRSTmIyVlFkamhQTjJZMmVHYxAB,ChIJu0VCV37ibi4R9YthfKnV5PU,"My Story Cafe, Bistro & Social House",cirebon,Wisata,5,"Tempatnya nyaman banget buat nongkrong bareng teman atau keluarga. Suasananya estetik dan instagramable 📸. Makanannya enak, minumannya juga variatif. Pelayanannya ramah dan cepat. Recommended kalau lagi di Cirebon!",2026-02-16T10:44:11.455Z,IDEASTUDIO CIREBON,106837076066631816226,True,0,id,2026-05-05T05:37:00.033405
Ci9DQUlRQUNvZENodHljRjlvT2xSd2N6RjNSRWxQUm01Tk1WQjZkRXhFY1V0Uk5HYxAB,ChIJu0VCV37ibi4R9YthfKnV5PU,"My Story Cafe, Bistro & Social House",cirebon,Wisata,5,"Semua makanannya enakk & worth to buy! pelayanannya sangat cepat, staff nya helpfull semua. Playlist nya asik, gak mengganggu mood makan. Tempatnya nyaman, bersih, sirkulasi pengunjungnya jelas. Thank you My Story~♡",2026-02-15T06:52:05.544Z,Raisya Rahmatullaeli Aminudin,102606113133893879700,False,0,id,2026-05-05T05:37:00.033415
Ci9DQUlRQUNvZENodHljRjlvT2pCbFpGZG1MV0owV20xaGVGTlZOM0Z4YVVKa1MzYxAB,ChIJu0VCV37ibi4R9YthfKnV5PU,"My Story Cafe, Bistro & Social House",cirebon,Wisata,2,"sedikit kecewa karena menurutku pelayanannya kurang ramah tidak ada senyum, untuk makananan punkurang entah kenapa chicken cordon bleu nya daging ayam nya sedikit alot . aku langganan disini dari 2018 sejak masih ada cabang di grage city . tapi karena skng begini kayanya mending ke yang lain saja.",2026-02-03T01:15:25.495Z,Kerjaan ayu Di kantor,103751390788929263551,False,0,id,2026-05-05T05:37:00.033423
Ci9DQUlRQUNvZENodHljRjlvT21OM1QwbG9Sa0p0U21velIwcGxUMkZMWm10VlMzYxAB,ChIJu0VCV37ibi4R9YthfKnV5PU,"My Story Cafe, Bistro & Social House",cirebon,Wisata,5,Overall is good,2026-01-14T05:22:39.589Z,mho gie,106183051725452343456,True,0,en,2026-05-05T05:37:00.033432
Ci9DQUlRQUNvZENodHljRjlvT20xbU1IZGpjakl5TldnNU5FWkdla3BLU1RCdmRuYxAB,ChIJu0VCV37ibi4R9YthfKnV5PU,"My Story Cafe, Bistro & Social House",cirebon,Wisata,5,"Suasana santai, pelayanan baik, steaknya mantap ramah dikantong",2025-12-24T02:18:03.738Z,Ade Marsudi,101878378608497907630,True,1,id,2026-05-05T05:37:00.033462
Ci9DQUlRQUNvZENodHljRjlvT25VMVJXSlZjMnN4TVRKUVdFUlVjRlkwVW1abFJGRRAB,ChIJu0VCV37ibi4R9YthfKnV5PU,"My Story Cafe, Bistro & Social House",cirebon,Wisata,2,"Pesen:
Carbonara: ga enak bgt bumbunya (5 of 10)
Korean spicy beef soup: daging beefny keras semua ,gak bisa dimakan (4 of 10)

Masa makanan gak habis, kalo mau ditake Away harus bayar lagi boxnya.
Gila,baru Kali iniketemu resto yang minta bayar box buat take away.",2025-12-23T14:28:41.874Z,Imelda Citra,102497180526156727911,True,0,id,2026-05-05T05:37:00.033470
Ci9DQUlRQUNvZENodHljRjlvT2t4Q1RFUlJVak5VUm5GMldWOURiMjkwYmpKNVRYYxAB,ChIJM2AJCmzjbi4RZOBnUbALv_s,KALULA | Coffee & Tiramisu,cirebon,Wisata,5,"Coffee was ok, but the matcha and the tiramisu were good.

Gotta give credits to the employee. I left my backpack behind, but they kept it and took care of it for me safely😁",2025-09-09T12:46:15.054Z,Mikhael Celieano,107443627466512672298,True,0,en,2026-05-05T05:37:00.033478
Ci9DQUlRQUNvZENodHljRjlvT21wUFFrbGtZWHBPUWpsaGREbHRVRTE0YzFndGFIYxAB,ChIJM2AJCmzjbi4RZOBnUbALv_s,KALULA | Coffee & Tiramisu,cirebon,Wisata,5,Kopi kalula original,2025-08-26T12:45:42.285Z,Sugiharto Wijaya,116596869558699517371,True,0,jv,2026-05-05T05:37:00.033501
Ci9DQUlRQUNvZENodHljRjlvT21sMFdXVmtZbWR5VDAxU05IWjBRWGhSY0d4WVprRRAB,ChIJM2AJCmzjbi4RZOBnUbALv_s,KALULA | Coffee & Tiramisu,cirebon,Wisata,5,yg RUM bessssst slalu kesini skrg tempatnya makin luas 😍🫶🏻,2025-08-02T15:38:19.595Z,Siti Maesyaroh F,106333510329171310025,False,0,id,2026-05-05T05:37:00.033509
ChdDSUhNMG9nS0VJUHY5UG41eXRITHpRRRAB,ChIJM2AJCmzjbi4RZOBnUbALv_s,KALULA | Coffee & Tiramisu,cirebon,Wisata,4,"Nyobain pertama kali ke Kalula cafe deket rumah Nenek, pesen Butterscoth sama Kopi Gula Aren,
Rasa kopinya tidak terlalu strong tapi enak buat aku. Creamy lagi. Next boleh lah cobain yg lain ketika kembali ke Cirebon.",2025-05-11T15:55:04.106Z,Synta Cipta,110750719289707268522,True,0,id,2026-05-05T05:37:00.033525
ChdDSUhNMG9nS0VJQ0FnTUNZc2ZDS2tRRRAB,ChIJM2AJCmzjbi4RZOBnUbALv_s,KALULA | Coffee & Tiramisu,cirebon,Wisata,3,Kopi susu dingin di cirebon... pass😋,2025-05-05T01:45:46.883Z,KOSWALUDIN DZATIAMAN,102185401874584981645,False,0,id,2026-05-05T05:37:00.033534
ChdDSUhNMG9nS0VJQ0FnTUNZX0lXQTRRRRAB,ChIJM2AJCmzjbi4RZOBnUbALv_s,KALULA | Coffee & Tiramisu,cirebon,Wisata,5,Tempatnya asik dan enak buat nongkrong,2025-05-02T15:23:42.470Z,yosia charistya,100852250550011185512,True,0,id,2026-05-05T05:37:00.033544
ChZDSUhNMG9nS0VJQ0FnTURJM3Z5TUxBEAE,ChIJM2AJCmzjbi4RZOBnUbALv_s,KALULA | Coffee & Tiramisu,cirebon,Wisata,5,"enak bangetttt, adem, nyaman, tpi kalo ujan awas kejebak banjir wkwk",2025-04-10T04:54:09.588Z,Ersha Putri,113384983192708829180,True,0,id,2026-05-05T05:37:00.033566
ChdDSUhNMG9nS0VJQ0FnTURJeXJqUzNRRRAB,ChIJM2AJCmzjbi4RZOBnUbALv_s,KALULA | Coffee & Tiramisu,cirebon,Wisata,5,"baru nemuin coffee shop yg nyaman buat kerja/nugas disini, sangat comfie dan wifinya kenceng, di kota tapi jauh dari keributan kota. tukang parkirnya ramahh bgtt dan kopinya enak",2025-04-08T19:25:09.207Z,Desy safitri,115173001395197665032,True,0,id,2026-05-05T05:37:00.033574
ChdDSUhNMG9nS0VJQ0FnTUNJXzhXbHpBRRAB,ChIJM2AJCmzjbi4RZOBnUbALv_s,KALULA | Coffee & Tiramisu,cirebon,Wisata,5,"Tempatnya nyaman kaya di rumah sendiri. Kopinya enak enak. Pesan kopi rum, wangi rumnya terasa. Butterscotch juga enak, biscoff crumblenya pun juga ga pelit. Kalo mau strong bisa dixtra shoot atau dibikin less sweet. Tiramisunya lembut, manisnya masih nyaman. Tapi sayang tiramisunya ga kefoto langsung abis dimakan 🤣",2025-04-06T00:03:00.505Z,Retty Widha,100940249000003550562,True,1,id,2026-05-05T05:37:00.033582
ChdDSUhNMG9nS0VJQ0FnTUNJOTl6T3VRRRAB,ChIJM2AJCmzjbi4RZOBnUbALv_s,KALULA | Coffee & Tiramisu,cirebon,Wisata,4,"makanan enak
servis jelek judes
atmosfir b aja",2025-04-05T11:38:29.745Z,yedija eliezer mathias,115022749901362709698,False,0,id,2026-05-05T05:37:00.033590
ChZDSUhNMG9nS0VJQ0FnTUNJcDgzdVJREAE,ChIJM2AJCmzjbi4RZOBnUbALv_s,KALULA | Coffee & Tiramisu,cirebon,Wisata,1,Kalo pesan online pasti lama.. saya pesan online driver baru sampai resto driver katanya belum di buat tuu pesanan.. aplikasi nya di apa in aja..??? Parah niii resto..tau tahu lagi laper. Mana telp nya ga aktif..,2025-04-05T06:01:15.264Z,Fitri Rohaniansyah,108187300911643646024,True,0,id,2026-05-05T05:37:00.033599
ChdDSUhNMG9nS0VJQ0FnTUNJeEtqbmdnRRAB,ChIJM2AJCmzjbi4RZOBnUbALv_s,KALULA | Coffee & Tiramisu,cirebon,Wisata,5,keren banget andalan aku buat match n match outfit ku ada di kalulaaa,2025-03-30T09:32:20.500Z,Dhea Putri Ashari,110781370512248360447,False,0,id,2026-05-05T05:37:00.033615
ChRDSUhNMG9nS0VJQ0FnTUNncW84aBAB,ChIJM2AJCmzjbi4RZOBnUbALv_s,KALULA | Coffee & Tiramisu,cirebon,Wisata,5,"Tempat nyaman, vibe bagus",2025-02-16T03:11:14.492Z,Agus Gineer,104606520069339284534,False,0,id,2026-05-05T05:37:00.033623
ChdDSUhNMG9nS0VJQ0FnSUQ3aElYNG5nRRAB,ChIJAxJ3BEPibi4Ro6OFLoiNaY8,"Tuju Coffee - Kesenden, Cirebon",cirebon,Wisata,5,Tempatnya hidden gem. Di dekat stasiun Kejaksan. Lumayan adem siih di bawah pohon besar yang rindang. Racikan Americano nya lumayan. Buka sampai jam 1 dinihari.,2025-05-31T17:31:48.713Z,My Journey,118173016008693793139,True,0,id,2026-05-05T05:37:00.033638
ChZDSUhNMG9nS0VJQ0FnSURqNUw3alR3EAE,ChIJAxJ3BEPibi4Ro6OFLoiNaY8,"Tuju Coffee - Kesenden, Cirebon",cirebon,Wisata,5,Tempat nya asyik banget.. Makanan dan minumannya jg enak banget.. Cocok lah untuk tempat nongkrong.,2025-04-24T13:44:28.764Z,Ridwan Gendon,115754097489737142484,True,0,id,2026-05-05T05:37:00.033660
ChZDSUhNMG9nS0VJQ0FnSURHbnVQSGNBEAE,ChIJAxJ3BEPibi4Ro6OFLoiNaY8,"Tuju Coffee - Kesenden, Cirebon",cirebon,Wisata,5,"Cozy, great coffee, affordable, friendly staff, live music on saturday night. Best hangout space by far in the area...",2025-03-11T13:47:31.092Z,Dennis Ryan,110493446261434913432,True,0,en,2026-05-05T05:37:00.033683
ChdDSUhNMG9nS0VJQ0FnTURBbGF5MmtRRRAB,ChIJAxJ3BEPibi4Ro6OFLoiNaY8,"Tuju Coffee - Kesenden, Cirebon",cirebon,Wisata,5,Velg dan ban berkualitas,2025-02-10T17:19:37.551Z,Tegar Pratama,115107393011655957762,True,0,id,2026-05-05T05:37:00.033691
ChdDSUhNMG9nS0VJQ0FnSUN2NTlyZjBRRRAB,ChIJAxJ3BEPibi4Ro6OFLoiNaY8,"Tuju Coffee - Kesenden, Cirebon",cirebon,Wisata,4,Tempat yg cukup lumayan buat nunggu kereta. Ada kopi dan wifi lancar. Smoking area semua. Lebih dr cukup untuk nunggu kereta tiba,2024-12-15T11:49:40.651Z,Anak Tetangga Sebelah,117646338385678487905,True,0,id,2026-05-05T05:37:00.033740
Ci9DQUlRQUNvZENodHljRjlvT2pOR1pXbHlia2RhT1hSMVZHUnZjamN4T1c5dlpsRRAB,ChIJk6LLHBHjbi4RNM4EfOuJViQ,Kios kopi Cirebon,cirebon,Wisata,5,Tempat ngopi yg bener2 kopi...,2025-12-14T17:42:00.428Z,Ahlzioleon,116104529802395409559,False,0,id,2026-05-05T05:37:00.033754
Ci9DQUlRQUNvZENodHljRjlvT2tWSWVIcERUVlZuZFhWTmNGRm1WWFZLYTFOUGJGRRAB,ChIJk6LLHBHjbi4RNM4EfOuJViQ,Kios kopi Cirebon,cirebon,Wisata,5,Tempat enak untuk rehat setelah naik kereta,2025-12-14T16:05:29.982Z,Junior Perdana Soetopo,115064320162743203549,False,0,id,2026-05-05T05:37:00.033781
Ci9DQUlRQUNvZENodHljRjlvT21ZMGMyaHFOSFptUWtKUmJrZEljWFo2YkVaQmJGRRAB,ChIJk6LLHBHjbi4RNM4EfOuJViQ,Kios kopi Cirebon,cirebon,Wisata,5,besttt bgt creamy dreamy nya🤍,2025-12-14T12:56:34.415Z,Zahra Alinda Novianti,100030386498563126006,False,0,id,2026-05-05T05:37:00.033793
Ci9DQUlRQUNvZENodHljRjlvT25wRFlrSnZibTVIYlZNMVpYWnZaamRzWlVOTWIyYxAB,ChIJk6LLHBHjbi4RNM4EfOuJViQ,Kios kopi Cirebon,cirebon,Wisata,5,"Kopinya enak, pelayanannya ramah. Cuma sayang bukanya sore. Kalau buka dari pagi, apalagi pas siang jam istirahat kerja pasti bakal ke sini terus. terutama pas weekend",2025-12-12T13:09:12.997Z,Brayn malenkov,114164565805024938002,False,0,id,2026-05-05T05:37:00.033816
Ci9DQUlRQUNvZENodHljRjlvT2xoaWEzcHhWbWt5WkZrME1HMUJWVkYwYUZGdWRWRRAB,ChIJk6LLHBHjbi4RNM4EfOuJViQ,Kios kopi Cirebon,cirebon,Wisata,5,"Kopinya mantap, kopinya enak enak semua terutama yg 3 series, dan favoritku yg creamy dreamy, creamy banget pokoknya , bikin nagih terroos 🫰🏼😉",2025-12-12T09:49:17.639Z,Nana487,115475727343227895172,False,0,id,2026-05-05T05:37:00.033838
Ci9DQUlRQUNvZENodHljRjlvT25nelpWVnVRMkU1TUhVM09YVnFNMDlXWW1KNmMxRRAB,ChIJk6LLHBHjbi4RNM4EfOuJViQ,Kios kopi Cirebon,cirebon,Wisata,5,"kopi nya enaaakkk banget, favorit aku yg creamy dreamy 😍👍",2025-12-12T09:08:42.699Z,Nurul Henida,114254073439820756728,False,0,id,2026-05-05T05:37:00.033847
Ci9DQUlRQUNvZENodHljRjlvT2pkMk0ybFlia3A0YjFZeGFUUlhVSFZXYVdwUVVFRRAB,ChIJk6LLHBHjbi4RNM4EfOuJViQ,Kios kopi Cirebon,cirebon,Wisata,5,"Mantap kak, Luar biasa kopi nya dan service nya",2025-12-12T08:45:05.934Z,albert sentosa,106822737455169046717,False,0,id,2026-05-05T05:37:00.033870
Ci9DQUlRQUNvZENodHljRjlvT2xSRFJEVkVjR3RIVERod1pUVkRTV2RKWDBVMVVVRRAB,ChIJk6LLHBHjbi4RNM4EfOuJViQ,Kios kopi Cirebon,cirebon,Wisata,5,Mantap pokoke wis,2025-12-12T08:40:18.221Z,Ari Sentosa,107389334872337198695,False,0,jv,2026-05-05T05:37:00.033881
Ci9DQUlRQUNvZENodHljRjlvT2xaNVoyUldja2R4V1hSMmRXcFlYMjA0VkRCT2FFRRAB,ChIJk6LLHBHjbi4RNM4EfOuJViQ,Kios kopi Cirebon,cirebon,Wisata,5,"yg blm cobain,cobain🤏🏼",2025-12-12T08:30:40.218Z,Tika - 358,116837157577815789125,False,0,id,2026-05-05T05:37:00.033912
Ci9DQUlRQUNvZENodHljRjlvT2xGV1JuZE9NV3d4Wmt4cGNYRXRXRTh4TUd0bFNWRRAB,ChIJL1oODAIdby4RZovtO_4427k,UUS Coffee and Eatery,cirebon,Wisata,1,"baru ke sini lagi ternyata udah beda ga kaya pas awal, rasa food&beverage juga ga seenak sblmnya, staffnya pada sinis ampun😭",2026-05-01T10:27:06.834Z,adelia ananta,111531449572272598985,False,0,id,2026-05-05T05:37:00.033947
Ci9DQUlRQUNvZENodHljRjlvT21Wb1gxSjBOMXBVZVhwTFluSlVTbVJ6Y25ZM1RuYxAB,ChIJL1oODAIdby4RZovtO_4427k,UUS Coffee and Eatery,cirebon,Wisata,5,"Romano nya recomend tempat nyaman bersih ,pelayanan cepat ramah",2026-04-30T08:28:37.181Z,Mpee Peraa,101930976225706719612,False,0,id,2026-05-05T05:37:00.033955
Ci9DQUlRQUNvZENodHljRjlvT2xGdkxWSjBlbGRyVDBkTll5MDNSRFpwVldWeFYyYxAB,ChIJL1oODAIdby4RZovtO_4427k,UUS Coffee and Eatery,cirebon,Wisata,5,Makanan dan minuman mak nyus harga terjangkau mushola toilet bersih pelayanan ramah best pokoknya,2026-04-29T07:05:20.314Z,Ruly Kurniawan,118069707356163763536,False,0,id,2026-05-05T05:37:00.033963
Ci9DQUlRQUNvZENodHljRjlvT2pkelNtdG5NVzVIUjNKNk1GOXBTbEprWW5GaVRFRRAB,ChIJL1oODAIdby4RZovtO_4427k,UUS Coffee and Eatery,cirebon,Wisata,5,"Makasih banget yang udah kasih rekomen tempat ini🫰🫰🫰 cozy, adem, tenang, manteplah pokoknya... mba mbanya juga ramah banget, sukaaakkkkk🫰",2026-04-15T14:55:10.595Z,Kalea Annisa,116648522679514514523,False,0,id,2026-05-05T05:37:00.033986
Ci9DQUlRQUNvZENodHljRjlvT25reFFVSllWR0ZwVWxGU2ExOWxURXB3VkZCaU0yYxAB,ChIJL1oODAIdby4RZovtO_4427k,UUS Coffee and Eatery,cirebon,Wisata,5,"Enak, nyaman di atas sambil ngobrol santai.",2026-04-15T12:42:39.759Z,I.yuhanah Rahayu (Ayu),111143591564907684819,True,0,id,2026-05-05T05:37:00.033995
Ci9DQUlRQUNvZENodHljRjlvT2xZMWNsOXVOWGxCVHpGV1lVVjBPVmg1U1hKSmRrRRAB,ChIJL1oODAIdby4RZovtO_4427k,UUS Coffee and Eatery,cirebon,Wisata,5,"Tempat nyaman,estetik dan spot fhoto banyak,pelayanan cepat & ramah,harga terjangkau,mushola & toilet bersih,,bikin nagih",2026-03-24T13:28:27.726Z,Mimi Mihol,118260250000656057914,False,0,id,2026-05-05T05:37:00.034011
Ci9DQUlRQUNvZENodHljRjlvT2pZNVozWkRTa2RuYTBjeE1tZFBTV05WUWpaWFduYxAB,ChIJL1oODAIdby4RZovtO_4427k,UUS Coffee and Eatery,cirebon,Wisata,5,"Tempat strategis, super Aesthetic, keren parah, makanan dan minumannya enak enak, kaget kok harganya murah murah, pelayanan cepat ramah,mushola toilet bersih nyaman",2026-03-24T13:23:38.027Z,Dinan 123,103684791313272622104,False,0,id,2026-05-05T05:37:00.034019
Ci9DQUlRQUNvZENodHljRjlvT25OclR6Vmtka0ZzYVd0bFgwdzFOMDlFYVZKc1psRRAB,ChIJL1oODAIdby4RZovtO_4427k,UUS Coffee and Eatery,cirebon,Wisata,5,"Akhirnya saya bisa mampir ke UUS Coffee & Eatery setelah sekian lama ingin mencoba! Meskipun awalnya sedikit kesulitan mencari lokasinya, rasanya sangat berharga begitu memasuki tempat.

Suasana di dalam benar-benar sesuai dengan konsep cozy & productive space yang mereka tawarkan – pencahayaan lembut yang tidak menyilaukan, kursi dan meja yang nyaman dengan jarak antar tempat duduk yang pas, sehingga terasa tenang namun tidak terlalu sepi. Ada juga colokan listrik di dekat sebagian besar meja dan WiFi yang cepat, sangat cocok bagi yang ingin bekerja atau belajar sambil menikmati makanan dan minuman.

Saya memesan fried rice u.us dan beef curry soup in bamboo tube, ditambah satu gelas kopi susu spesial mereka. Fried ricenya punya rasa yang pas – tidak terlalu asin atau pedas, dengan potongan ayam yang empuk dan telur mata sapi yang matang sempurna. Sedangkan sup kari sapi di dalam tabung bambu benar-benar unik, rasanya kaya dan harum dengan aroma rempah yang pas, serta daging sapi yang lunak meresap bumbu. Kopi susunya juga tidak mengecewakan – rasa kopinya jelas namun tetap lembut, tidak terlalu manis meskipun sudah ditambahkan susu.

Pelayanannya sangat ramah dan responsif; mereka bahkan mau menjelaskan setiap menu dengan sabar saat saya masih bingung memilih. Harganya juga sangat terjangkau sesuai dengan kualitas yang diberikan.",2026-03-24T13:15:28.528Z,Dika Marta dwi putra,106630461713285536593,False,0,id,2026-05-05T05:37:00.034029
Ci9DQUlRQUNvZENodHljRjlvT21aQldYWjNaVE55VmtkaldXWkhXa05mUzI1ak5HYxAB,ChIJL1oODAIdby4RZovtO_4427k,UUS Coffee and Eatery,cirebon,Wisata,5,"Tempat nyaman dan makanan nya enak"" semoga semakin ramai dan semakin banyak di kenal",2026-03-24T13:14:16.004Z,Mohamad Fadli,101523013917287104031,False,0,id,2026-05-05T05:37:00.034039
Ci9DQUlRQUNvZENodHljRjlvT2twbFZrRmhXV1IzU2xFek1tcE1NRE5IVlMxTVoxRRAB,ChIJL1oODAIdby4RZovtO_4427k,UUS Coffee and Eatery,cirebon,Wisata,5,"Cozy ,Aesthetic dan harga nya affortable 🤍",2026-03-23T08:27:35.929Z,Indri Zts,108252742751868695077,False,0,id,2026-05-05T05:37:00.034047
Ci9DQUlRQUNvZENodHljRjlvT25CWlZFdGtOSGxsUlMxV2NWZFdVbUpqV1VKaWVVRRAB,ChIJL1oODAIdby4RZovtO_4427k,UUS Coffee and Eatery,cirebon,Wisata,5,"cafenya aesthetic banget. ownernya baik, ramah, dan cantik. pelayanan cepat, ada musholanya juga dan spot fotonya banyak ga bakal bosen deh kesini…. makanannya juga enak dan murah :)",2026-03-23T08:21:35.664Z,karunia eka,111659304607638712531,False,0,id,2026-05-05T05:37:00.034055
Ci9DQUlRQUNvZENodHljRjlvT2xWc1dqUmFRbEZKZVhkSFZtRnhWRWRDTXpSR1dGRRAB,ChIJL1oODAIdby4RZovtO_4427k,UUS Coffee and Eatery,cirebon,Wisata,5,"Makanannya enak,pelayanan nya ramah,Tempatnya bersih🍃",2026-03-23T08:20:02.881Z,tati nurhayati,107720275773719951798,False,0,id,2026-05-05T05:37:00.034063
Ci9DQUlRQUNvZENodHljRjlvT25odVNHVnNjWGszY3pWVlVFSm1UMHRyTWpsV1NWRRAB,ChIJL1oODAIdby4RZovtO_4427k,UUS Coffee and Eatery,cirebon,Wisata,5,"kopi butterscotch enakk rekomended sekaliiii, sukakkk",2026-03-19T13:13:06.888Z,Rismayanti,113574096822857650562,False,0,id,2026-05-05T05:37:00.034072
Ci9DQUlRQUNvZENodHljRjlvT2tadVYwTjBUblI2WjBaV2FVRlpWVzlvY2s5UWJFRRAB,ChIJL1oODAIdby4RZovtO_4427k,UUS Coffee and Eatery,cirebon,Wisata,5,pannacotanya enakk bangett wajib cobaa,2026-03-19T13:12:44.069Z,Nabilah Nurjannah,101315514627767572187,False,0,id,2026-05-05T05:37:00.034080
ChdDSUhNMG9nS0VJQ0FnSURmNGVUTmhRRRAB,ChIJM2AJCmzjbi4RZOBnUbALv_s,KALULA | Coffee & Tiramisu,cirebon,Wisata,5,"Makanannya enak, harga terjangkau. Tp dtgnya lumayan agak lama. Untuk kopi dan minuman lainnya lumayan. Tempat pw buat yg ga suka berisik dan qtime",2025-01-07T09:44:17.281Z,Femi Tiara Febriani,108816751970223068264,True,0,id,2026-05-05T05:37:00.034095
ChdDSUhNMG9nS0VJQ0FnSURQcy1pVDFRRRAB,ChIJM2AJCmzjbi4RZOBnUbALv_s,KALULA | Coffee & Tiramisu,cirebon,Wisata,5,Coffee shop dr jaman SMA yg masih tetep ok 👍,2024-12-05T11:54:47.567Z,Tasya Nur Fadhillah,105273200769874305794,True,0,id,2026-05-05T05:37:00.034120
ChdDSUhNMG9nS0VJQ0FnSURQMGIzYzh3RRAB,ChIJM2AJCmzjbi4RZOBnUbALv_s,KALULA | Coffee & Tiramisu,cirebon,Wisata,5,"Nice place buat nongkrong sambil minum kopi, nyoba japanese ice coffee dan pilihan bijinya cukup bervariasi.
Coba ice cream sundae yang jeruk juga enak.",2024-12-03T08:40:45.329Z,Andreas Rizano,108041632323746020629,True,0,id,2026-05-05T05:37:00.034128
ChZDSUhNMG9nS0VJQ0FnSURYcUl5aElBEAE,ChIJM2AJCmzjbi4RZOBnUbALv_s,KALULA | Coffee & Tiramisu,cirebon,Wisata,5,"Tempatnya tenang, kopinya mantap. Betah buat ngobrol2.",2024-10-23T13:56:52.119Z,Debby Kim,112119467697612001971,True,0,id,2026-05-05T05:37:00.034152
ChZDSUhNMG9nS0VJQ0FnSUNYaDdURUJREAE,ChIJM2AJCmzjbi4RZOBnUbALv_s,KALULA | Coffee & Tiramisu,cirebon,Wisata,5,"Tempatnya nyaman, sederhana tapi sangat nyaman",2024-10-21T04:53:15.807Z,Abdul Kholil Fajar,106519275304457012522,True,0,id,2026-05-05T05:37:00.034160
ChZDSUhNMG9nS0VJQ0FnSUNYOF8yeFRREAE,ChIJM2AJCmzjbi4RZOBnUbALv_s,KALULA | Coffee & Tiramisu,cirebon,Wisata,5,"Cafe favoritlah pokoknya... Suasananya enak, tempatnya nyaman dan pastinya soal rasa enak banget terutama chicken karage nya... Wifinya juga kenceng..
Cuma kalau lg banyak pengunjung jd kerasa rame banget..",2024-10-20T11:44:28.780Z,netha agustin,111344456268294374621,True,0,id,2026-05-05T05:37:00.034168
ChZDSUhNMG9nS0VJQ0FnSUNuX1BEcUlnEAE,ChIJM2AJCmzjbi4RZOBnUbALv_s,KALULA | Coffee & Tiramisu,cirebon,Wisata,5,"Pertama kali tau cafe ini karena ikut workshop, pas nyobain cofee nya enak bangett🥰",2024-09-24T00:41:57.851Z,Mufidatun Nisa,101743855046359229871,False,0,id,2026-05-05T05:37:00.034176
ChdDSUhNMG9nS0VJQ0FnSURINDlhUzJ3RRAB,ChIJM2AJCmzjbi4RZOBnUbALv_s,KALULA | Coffee & Tiramisu,cirebon,Wisata,5,Mantap tempat sunyi..kopi enak...,2024-09-19T12:55:43.944Z,Leo Andriyanto,115177739587727484452,True,0,id,2026-05-05T05:37:00.034190
Ci9DQUlRQUNvZENodHljRjlvT25GSGJWSTVTbWRmVG1ORFNrdGhPV1pvZEV0ZlRFRRAB,ChIJk6LLHBHjbi4RNM4EfOuJViQ,Kios kopi Cirebon,cirebon,Wisata,5,"kopi nya enakkkk harga juga worth it to buy, tapi saran aja tmptnya dikasih kipas angin dungss hehe biar nongkinya makin lama😁✌️",2025-12-12T08:23:23.817Z,Ike Kristianna,109954728145553638460,False,1,id,2026-05-05T05:37:00.034198
Ci9DQUlRQUNvZENodHljRjlvT2pCc09FVjZNbEExWlV0TmNGTkNhSE5OU0ZFMlRVRRAB,ChIJk6LLHBHjbi4RNM4EfOuJViQ,Kios kopi Cirebon,cirebon,Wisata,5,Seru banyak pilihan biji kopi buat manualan 🔥🔥🔥,2025-12-12T08:20:35.183Z,Moch Alfiansyah,117147583362078709672,False,0,id,2026-05-05T05:37:00.034207
Ci9DQUlRQUNvZENodHljRjlvT2s1dWRWbHdVRkF3VDJwc2IzVTFkSFZ2UWpKa1ZrRRAB,ChIJk6LLHBHjbi4RNM4EfOuJViQ,Kios kopi Cirebon,cirebon,Wisata,5,"kopi nya enakkkk harga nya juga murahhh, tempat nya juga enak buat nongkrongg",2025-12-12T08:20:32.748Z,Anggie Arismaya,100707128313749185972,False,0,id,2026-05-05T05:37:00.034215
Ci9DQUlRQUNvZENodHljRjlvT2tORWFIUXRjaTFQTnpOWVpXUndVRTEyTm1WalFWRRAB,ChIJk6LLHBHjbi4RNM4EfOuJViQ,Kios kopi Cirebon,cirebon,Wisata,5,signatue series nya enak2 👍👍,2025-12-12T08:07:56.850Z,diana rasyidi,110628844951985921842,False,0,id,2026-05-05T05:37:00.034230
Ci9DQUlRQUNvZENodHljRjlvT25oZk1sOVBkMEZIWVZkR1ZYZFZXREZPTFdaM2NGRRAB,ChIJk6LLHBHjbi4RNM4EfOuJViQ,Kios kopi Cirebon,cirebon,Wisata,5,kopi nya enak  dan murah2,2025-12-12T08:05:28.834Z,Andrie Surahman,111903137813328973116,False,0,id,2026-05-05T05:37:00.034238
Ci9DQUlRQUNvZENodHljRjlvT2sxZk1YUnBXWEEyUVZCUWFWQk9PRmR3Y1d0WGMwRRAB,ChIJk6LLHBHjbi4RNM4EfOuJViQ,Kios kopi Cirebon,cirebon,Wisata,5,"Banyak variant rasa, rasanya creamy & otentik👌",2025-12-12T06:48:40.330Z,Arum Syari,110594290531315700740,False,0,id,2026-05-05T05:37:00.034262
Ci9DQUlRQUNvZENodHljRjlvT25kMGMzQmxSMlZWWVVVNWVWVTBha2h5ZFMxMk1rRRAB,ChIJk6LLHBHjbi4RNM4EfOuJViQ,Kios kopi Cirebon,cirebon,Wisata,5,Tempat ngopi yg paling cocok buat para pencinta kopi... banyak varian rasanya...apalagi yg creamy dreamy  nya best bgt👍wajib Dateng k sini KLO LG k cerbon y Guys,2025-12-12T05:54:15.501Z,Sanirah Musa,115336450869486458256,False,0,id,2026-05-05T05:37:00.034277
Ci9DQUlRQUNvZENodHljRjlvT2t0eGJVZENlVkJQWWtFME5YTk9SbGg0V1hsRFEyYxAB,ChIJk6LLHBHjbi4RNM4EfOuJViQ,Kios kopi Cirebon,cirebon,Wisata,5,kualitas kopi yang punya rasa karakter istimewa  ☕,2025-12-12T05:52:26.259Z,Ojek Boled,118105987515267897032,False,0,id,2026-05-05T05:37:00.034285
Ci9DQUlRQUNvZENodHljRjlvT25ZeWRtaDRSbkpKY2toZlVWOVpUMjVQWW5walRrRRAB,ChIJL1oODAIdby4RZovtO_4427k,UUS Coffee and Eatery,cirebon,Wisata,5,"tempat nya nyaman, bersih, makanan nya juga enak",2026-03-19T13:12:30.824Z,Jihan Fadhilah,110721342804593455176,False,0,id,2026-05-05T05:37:00.034294
Ci9DQUlRQUNvZENodHljRjlvT210NVpERnFORXhoTlhWb1JEZHlXR2RMY1RGcmVXYxAB,ChIJL1oODAIdby4RZovtO_4427k,UUS Coffee and Eatery,cirebon,Wisata,3,khusus cewe kata gua mah,2026-03-18T10:58:23.136Z,Aprianto Kun,115889897836724088679,False,0,id,2026-05-05T05:37:00.034302
Ci9DQUlRQUNvZENodHljRjlvT2tWU1QzRnRjRzlWYjJ0WWVWQnBkVEZqVW5GRlFXYxAB,ChIJL1oODAIdby4RZovtO_4427k,UUS Coffee and Eatery,cirebon,Wisata,5,Butterstocht nya endulll,2026-03-17T13:13:13.580Z,Na Malia,112032200499493783562,False,0,id,2026-05-05T05:37:00.034310
Ci9DQUlRQUNvZENodHljRjlvT25ZNGNYTlNOR1l6VGpKclVIWnhNemx1TTFoMWFGRRAB,ChIJL1oODAIdby4RZovtO_4427k,UUS Coffee and Eatery,cirebon,Wisata,5,tempat nya nyaman,2026-03-17T13:12:20.201Z,Dina Fatimahazzahra,117112882679491008602,False,0,id,2026-05-05T05:37:00.034325
Ci9DQUlRQUNvZENodHljRjlvT25OQlIzTnNkWGxZYnkxUVNWZzBibkJXYTBJNU4yYxAB,ChIJL1oODAIdby4RZovtO_4427k,UUS Coffee and Eatery,cirebon,Wisata,5,Tempat nyaman makanan minuman enak harga terjangkau pelayanan cepat dan ramah tempat strategis,2026-03-16T07:17:41.311Z,Hera Wati,104142814000285790909,False,0,id,2026-05-05T05:37:00.034368
Ci9DQUlRQUNvZENodHljRjlvT2poWmJ6SnNhSGd5UmpGM2NGSk1lRlYyYmtaQk5XYxAB,ChIJL1oODAIdby4RZovtO_4427k,UUS Coffee and Eatery,cirebon,Wisata,5,"Ter aesthetic di Cirebon,makanan minuman enak semua.udah sering ke sini pelayanan Raman dan cepat",2026-03-15T14:44:31.791Z,Fadla Fadilah,103042290476096845036,False,0,id,2026-05-05T05:37:00.034376
Ci9DQUlRQUNvZENodHljRjlvT20xa1oyTTFUM0Z0UTNFNGMzVTFWMWx5VXpaTmEzYxAB,ChIJL1oODAIdby4RZovtO_4427k,UUS Coffee and Eatery,cirebon,Wisata,5,"Pelayanan di Caffe U.US sangatlah ramah, untuk yang belum pernah ke Caffe U.Us bileh ajak rekan-rekannya buat mampir ke sini ya.",2026-03-15T14:43:33.366Z,Muhammad Assegaf,105671613555948264459,False,0,id,2026-05-05T05:37:00.034384
Ci9DQUlRQUNvZENodHljRjlvT2xoRFpXRXpabVpTT1d0Q2RrOUlTR2R3ZWpaVWFuYxAB,ChIJL1oODAIdby4RZovtO_4427k,UUS Coffee and Eatery,cirebon,Wisata,5,Kereeeen 100 persen🥰🥰,2026-03-15T14:42:02.532Z,Supaat Paat,113997282386982342906,False,0,id,2026-05-05T05:37:00.034394
Ci9DQUlRQUNvZENodHljRjlvT2tkMVpWOVVaa1ZKWlZrM1JVRlpkVXRRYlZwclpuYxAB,ChIJL1oODAIdby4RZovtO_4427k,UUS Coffee and Eatery,cirebon,Wisata,5,"Sy dr JKT,cari cafe yg sdng viral di Cirebon,nilai dr saya 100 pelayanan cepat,ramah,makanan dan minuman enak harga super murah,tempat kece,spot foto banyak,mushola toilet bersih top👍",2026-03-15T14:39:44.573Z,Apip Pudin,103937381654085822424,False,0,id,2026-05-05T05:37:00.034402
Ci9DQUlRQUNvZENodHljRjlvT21zelgxVlhSalZaUzNsdE5VSk5jbTVVYkZSVllXYxAB,ChIJL1oODAIdby4RZovtO_4427k,UUS Coffee and Eatery,cirebon,Wisata,5,"Rekomendasi kafe termurah, tercozy di Cirebon. Makanan minumannya worth it dan enak juga. Pecinta kopi wajib banget nyoba kopinya. Pelayannnya juga cepet banget.",2026-03-15T14:39:34.672Z,Veronica Iswanti,111783242072842105521,True,0,id,2026-05-05T05:37:00.034410
Ci9DQUlRQUNvZENodHljRjlvT2tsMFh6ZE5jbWxmWkVkMlVFWlVOaTFvVlZGQk9HYxAB,ChIJL1oODAIdby4RZovtO_4427k,UUS Coffee and Eatery,cirebon,Wisata,5,makanan minuman nya enakk parah apalagi tempat nya nyaman!!!,2026-03-15T14:38:44.829Z,Mutiara Tifani,115766859635561085450,False,0,id,2026-05-05T05:37:00.034418
Ci9DQUlRQUNvZENodHljRjlvT2kxNmRrbEJkRVY1ZEhBeldraFliSE5TYUU5NVpFRRAB,ChIJL1oODAIdby4RZovtO_4427k,UUS Coffee and Eatery,cirebon,Wisata,5,"Makanannya enak layanannya ramah banget suasananya adem
Puddingnya pudding/10",2026-03-14T04:03:49.969Z,Bukan Habil,113577633917896916540,False,0,id,2026-05-05T05:37:00.034426
Ci9DQUlRQUNvZENodHljRjlvT25aSlkyVXhWbVZoTkV0elZtSkViWFZzVDJjNU1rRRAB,ChIJL1oODAIdby4RZovtO_4427k,UUS Coffee and Eatery,cirebon,Wisata,5,aman banget buat tempat nongkrong,2026-03-14T04:02:09.103Z,Mohammad Fikri Irawan,111439915940016843632,False,0,id,2026-05-05T05:37:00.034449
Ci9DQUlRQUNvZENodHljRjlvT25wdlRtdzJXSFk0TTBWdU1YRndWRlpqV0Zrd2QwRRAB,ChIJu0VCV37ibi4R9YthfKnV5PU,"My Story Cafe, Bistro & Social House",cirebon,Wisata,1,kang parkir nya malesin bkn ga mood,2025-12-18T08:39:16.575Z,Adi Muhamad,105501457420248122488,False,0,id,2026-05-05T05:37:00.034457
Ci9DQUlRQUNvZENodHljRjlvT25ndE5XTTNaR1pHVURob1RWOHRZVTk0ZEd3eWQwRRAB,ChIJu0VCV37ibi4R9YthfKnV5PU,"My Story Cafe, Bistro & Social House",cirebon,Wisata,5,"Tempatnya bersih dan nyaman
Makanan dan minumannya enak
Pelayanannya ramah dan gercep
Next time bakalan mampir lagi buat nyobain menu yg lain 😁😁😁",2025-12-08T13:37:06.931Z,Nur Komariyah11,114441495146966440097,True,0,id,2026-05-05T05:37:00.034466
Ci9DQUlRQUNvZENodHljRjlvT2toV2NFUjBMVEpCYkV4MVdXdHZZWGRaZUZKc1pIYxAB,ChIJu0VCV37ibi4R9YthfKnV5PU,"My Story Cafe, Bistro & Social House",cirebon,Wisata,5,Sangat enak makanannya🤩,2025-11-02T11:00:38.056Z,rafisqy aqmar,117061565172351336472,False,0,id,2026-05-05T05:37:00.034489
Ci9DQUlRQUNvZENodHljRjlvT2xCaWRqZGFkbGRqUTIxTVpYQjNXR0pIVlhKbFIwRRAB,ChIJu0VCV37ibi4R9YthfKnV5PU,"My Story Cafe, Bistro & Social House",cirebon,Wisata,1,Dilayanin nya setengah hati. Bikin bt,2025-11-01T01:28:18.293Z,Yuritho,104372871233185142031,False,0,id,2026-05-05T05:37:00.034498
Ci9DQUlRQUNvZENodHljRjlvT25velQzVm1ZWG95UzI5RFVERldkV3QxVUVoa1ExRRAB,ChIJu0VCV37ibi4R9YthfKnV5PU,"My Story Cafe, Bistro & Social House",cirebon,Wisata,5,"udah beberapa kali makan disini, biasanya selalu order caesar salad tapi kali ini cobain baked rice sama ramenya, enduls semua porsinya juga besar sampai di take away karena tidak habis.
ramenya enak kuahnya pedas karena engga bisa request no spicy, kematangan mienya juga pas, anaku suka banget walaupun kepedasan dia.
Tempatnya nyaman sekali. Best !!",2025-10-25T00:25:11.002Z,Chintiya NW,107956529901431784981,True,0,id,2026-05-05T05:37:00.034525
Ci9DQUlRQUNvZENodHljRjlvT21SMGVtUklYMUJYZDBkMVdGSlpTMDVHYUUxRlMwRRAB,ChIJu0VCV37ibi4R9YthfKnV5PU,"My Story Cafe, Bistro & Social House",cirebon,Wisata,5,"Makanan enak, tempat asyik buat nongkrong sama keluarga atau sama teman. Banyak pilihan menunya",2025-10-14T03:15:56.541Z,Ian Pratama,111098819598335843713,True,0,id,2026-05-05T05:37:00.034534
Ci9DQUlRQUNvZENodHljRjlvT21ORWJFVXdjVVZJY21aR2NtNW5jVVZMT1ZsdU5YYxAB,ChIJu0VCV37ibi4R9YthfKnV5PU,"My Story Cafe, Bistro & Social House",cirebon,Wisata,1,"pelayanya sinis ga ada senyum nya,",2025-09-06T14:00:43.657Z,Ara Azzahra,109361113557794343884,False,0,id,2026-05-05T05:37:00.034558
Ci9DQUlRQUNvZENodHljRjlvT2tZMGJsWkVWek5oTW1GRWJUTjRjazU0WlVweldsRRAB,ChIJu0VCV37ibi4R9YthfKnV5PU,"My Story Cafe, Bistro & Social House",cirebon,Wisata,1,"Rasa masakan enak,tp sangat disayangkan di nasi putihnya.
Nasi putih nya warna agak kecoklatan,kering,dan butiran nya patah2 seperti beras bulog. Bagian luar nasi kering,tp bagian dlmnya lembek ky lontong.
Sgt disayangkan krn utk kelas cafe tp kualitas nasi buruk. Sm nasi padang jg lbh baik nasi putih resto padang.
Sy komplen ke waitress nya,masa waitress nya tidak bantu lapor,malah nyuruh sy bilang ke kasir langsung.
Dan ketika sy minta ganti nasi putihnya kering,dibilang tidak ada. Tolong owner nya diperhatikan kualitas beras nya agar nasi nya lbh pantas utk standar cafe nya,jgn pk beras yg terlalu murah dan waitress lebih di training utk kesopanan nya.tq",2025-08-24T15:37:50.241Z,Steviany Puji Lestari,113630964256630490346,False,0,id,2026-05-05T05:37:00.034574
Ci9DQUlRQUNvZENodHljRjlvT2t4clRXMVpVbFUzZUdodFkwNXZPWGswZEZwQ2VXYxAB,ChIJu0VCV37ibi4R9YthfKnV5PU,"My Story Cafe, Bistro & Social House",cirebon,Wisata,5,Steaak nya is THE BEST!,2025-07-09T11:09:34.111Z,YOPY RIKIN,114921910197362828496,True,0,en,2026-05-05T05:37:00.034598
Ci9DQUlRQUNvZENodHljRjlvT2xOQlduSlFTemxRV1d4VU0zSnFNM0p5TFRkeWRWRRAB,ChIJu0VCV37ibi4R9YthfKnV5PU,"My Story Cafe, Bistro & Social House",cirebon,Wisata,5,"cepet banget pelayanan nya, suka",2025-07-05T08:01:23.373Z,aliya g,111689803857327407819,False,0,id,2026-05-05T05:37:00.034613
Ci9DQUlRQUNvZENodHljRjlvT2tWaGFFMXpZM0ZOVlU5cGVFRjVkVXBMV21OalVsRRAB,ChIJb9dL-5cfby4RL2dFwOpJWdQ,Kopi Buri Umah,cirebon,Wisata,5,Nyaman. Pelayanan baik.,2026-05-03T04:56:44.839Z,Maesya S,114498567137553188149,True,0,id,2026-05-05T05:37:00.034621
Ci9DQUlRQUNvZENodHljRjlvT2pZdFExcDVhbmxrVUcxUUxWOUhkRUZ4TWxWV2NFRRAB,ChIJb9dL-5cfby4RL2dFwOpJWdQ,Kopi Buri Umah,cirebon,Wisata,5,"makanannya enak dan pas dikantong,suasana tenang",2026-05-01T12:12:40.461Z,Nawasena cctv Security sytem,118119611531996898993,False,0,id,2026-05-05T05:37:00.034638
Ci9DQUlRQUNvZENodHljRjlvT2t4TFl6VkVZamt0VkhsbVoydGxNRFpKYjNNMWMzYxAB,ChIJb9dL-5cfby4RL2dFwOpJWdQ,Kopi Buri Umah,cirebon,Wisata,5,"Baru pertama kali kesini Tempatnya luas, nyaman, menunya bervariasi, banyak spot foto nya 😍",2026-05-01T11:35:26.542Z,Litha dwi permatasari,111081826465138005383,False,0,id,2026-05-05T05:37:00.034647
Ci9DQUlRQUNvZENodHljRjlvT2xwc1dXRlBSMVZZYkZoWFNUUTNiVVI0WTFWQlVXYxAB,ChIJb9dL-5cfby4RL2dFwOpJWdQ,Kopi Buri Umah,cirebon,Wisata,5,menurut saya tempat cafe buri umah cozy dan pelayanannya cepat😊,2026-05-01T07:34:02.257Z,Seniawati 2812,110076787545724120076,False,0,id,2026-05-05T05:37:00.034656
Ci9DQUlRQUNvZENodHljRjlvT2w4emFHZFRkRTFJYzJ3eE1WZ3Rja05SZVhwTFoxRRAB,ChIJb9dL-5cfby4RL2dFwOpJWdQ,Kopi Buri Umah,cirebon,Wisata,5,Ramennya mantab,2026-05-01T06:41:15.683Z,Gakure,105541952687572894795,False,0,id,2026-05-05T05:37:00.034664
Ci9DQUlRQUNvZENodHljRjlvT2twaFlUbHVRMlJSYWxwSFNuSlFlbkJoWlZoamEyYxAB,ChIJb9dL-5cfby4RL2dFwOpJWdQ,Kopi Buri Umah,cirebon,Wisata,5,Nice place sempet ragu bawa mobil soalnya.... Akses agak sempit... Tp worth it,2026-05-01T06:39:52.923Z,Rosi Istikhori,111174131799157131529,True,0,id,2026-05-05T05:37:00.034672
Ci9DQUlRQUNvZENodHljRjlvT25KT2FGUTVPVFJuWDNWRE1taFBZM2s0TFU1clFrRRAB,ChIJb9dL-5cfby4RL2dFwOpJWdQ,Kopi Buri Umah,cirebon,Wisata,5,Makanannya enak banget langganan pulang ngampus klo bingung mau kemana nongkrongnya pasti kesini deket dari umc,2026-04-30T07:41:49.064Z,Munyah Sahilah,117010591376153135016,False,0,id,2026-05-05T05:37:00.034680
Ci9DQUlRQUNvZENodHljRjlvT21sdFIzRnBkRTAxYVZNNWJHZGtPRVV5VXkxQ1dsRRAB,ChIJb9dL-5cfby4RL2dFwOpJWdQ,Kopi Buri Umah,cirebon,Wisata,5,"Tempatnya enak
Makanannya enak
Sambelnya mantap",2026-04-28T10:47:19.010Z,Reygina Mahesa,109306280574358874710,False,0,id,2026-05-05T05:37:00.034690
Ci9DQUlRQUNvZENodHljRjlvT2tkQmEwVk1PWEY1U1hoMFowY3RaWEp0VTJkTVJVRRAB,ChIJb9dL-5cfby4RL2dFwOpJWdQ,Kopi Buri Umah,cirebon,Wisata,1,"Harga makanan nasi tempong bebek dan bebek madura tidak worth it
Ukuran bebek sangat kecil padahal di tempat lain ukuran bebek bisa lebih besar dari itu.
Selain bebek nya, untuk ikan asin/labu itu juga ukuran baby, tahu goreng pun kayanya 1 tahu di potong jadi 3 deh. Sayang makanan ga di foto buat bukti.",2026-04-26T22:26:28.993Z,Vina Sofiah,103301470595477203781,False,0,id,2026-05-05T05:37:00.034698
Ci9DQUlRQUNvZENodHljRjlvT2tkSVFYQlpOMGxMVW05eVdWb3paM2t3WmpCMFNuYxAB,ChIJb9dL-5cfby4RL2dFwOpJWdQ,Kopi Buri Umah,cirebon,Wisata,5,"Pelayanan bagus, rama, dan bersih",2026-04-26T05:21:59.674Z,Liegiok Crb,106563335020166541861,False,0,id,2026-05-05T05:37:00.034706
Ci9DQUlRQUNvZENodHljRjlvT21wT2RHbEtiMGMxYUdSbWRIWlNWbWx6ZG1sUk5rRRAB,ChIJb9dL-5cfby4RL2dFwOpJWdQ,Kopi Buri Umah,cirebon,Wisata,5,"Hidden gem di Sumber (Cirebon). Akses dan parkira agak sulit, tp menu, servis, dan pengalaman yg baik saat disana. Semoga makanannya juga enak!! Sukses selalu.",2026-04-26T04:31:05.393Z,Oscar TS,110364655654788371115,True,0,id,2026-05-05T05:37:00.034726
Ci9DQUlRQUNvZENodHljRjlvT25KWGIxbFJWakZLYlZGR01scFZWV2xYVVdOTlRFRRAB,ChIJb9dL-5cfby4RL2dFwOpJWdQ,Kopi Buri Umah,cirebon,Wisata,5,"makanan nya enak ada sambal khas lampung, tempatnya nyaman",2026-04-23T06:47:25.894Z,irene danifatul ulum,105941417866882285583,False,0,id,2026-05-05T05:37:00.034741
Ci9DQUlRQUNvZENodHljRjlvT2tsb04xQlZRbTQxY0cweE1tcEVlRTFSWkhGNlNYYxAB,ChIJb9dL-5cfby4RL2dFwOpJWdQ,Kopi Buri Umah,cirebon,Wisata,5,Makannya enak banget tempatnya juga luas dan nyaman,2026-04-22T06:53:39.380Z,Lina Herlina,108761111029988838340,False,0,id,2026-05-05T05:37:00.034750
Ci9DQUlRQUNvZENodHljRjlvT2w5aVVXTlBaVU5OY2tsalpURXdVMUV0UkdSSFgwRRAB,ChIJb9dL-5cfby4RL2dFwOpJWdQ,Kopi Buri Umah,cirebon,Wisata,5,"Tempatnya nyaman bangett, makanannya juga variatif, pelayanannya gercepp 😍",2026-04-22T06:51:58.267Z,Tia Rosmawati,117089477503805385056,False,0,id,2026-05-05T05:37:00.034760
Ci9DQUlRQUNvZENodHljRjlvT25GT1NrNWxhVTlJUkZkd1Z6QmpWRGRVYlRoUlpGRRAB,ChIJb9dL-5cfby4RL2dFwOpJWdQ,Kopi Buri Umah,cirebon,Wisata,5,"Makananya enak banget, varian menunya bervariasi dan banyak, tempatnya nyaman dan luas.vibesnya kaya di bali",2026-04-22T06:49:57.689Z,Windi Auliya,117084616923892471113,False,0,id,2026-05-05T05:37:00.034769
Ci9DQUlRQUNvZENodHljRjlvT2tjeWVFSkZiVXRQUjJJMlF5MXhZbk4wVmxwblkxRRAB,ChIJb9dL-5cfby4RL2dFwOpJWdQ,Kopi Buri Umah,cirebon,Wisata,5,"Pelayanan ramah, cocok banget buat kumpul",2026-04-21T12:59:39.988Z,PROJECT 720JN,111964637937335862549,False,0,id,2026-05-05T05:37:00.034778
Ci9DQUlRQUNvZENodHljRjlvT2s0MFZtbENZbk5PT1U5Q05saGtTa2cxWW1ORllVRRAB,ChIJb9dL-5cfby4RL2dFwOpJWdQ,Kopi Buri Umah,cirebon,Wisata,5,"tempatnya nyaman dan luas, penyajiannya cepat",2026-04-21T06:04:53.742Z,Alma Novanissya,103266533275919568515,False,0,id,2026-05-05T05:37:00.034786
Ci9DQUlRQUNvZENodHljRjlvT21scE9VYzNOR3RZUVhOc1EwSkRObXBsWldsb1EzYxAB,ChIJb9dL-5cfby4RL2dFwOpJWdQ,Kopi Buri Umah,cirebon,Wisata,5,"pengalaman saya datang ke kopi buri umah sangat cozy, pelayanan ramah",2026-04-21T04:51:09.806Z,Indri Leomita,106399289006550134321,False,0,id,2026-05-05T05:37:00.034794
Ci9DQUlRQUNvZENodHljRjlvT2tFMmEwUTJTRGxJYmpaUFZuWnRZMDB6Wld4aFpYYxAB,ChIJL1oODAIdby4RZovtO_4427k,UUS Coffee and Eatery,cirebon,Wisata,5,puasss bgt pelayanannya jg ramah uhuyy,2026-03-10T14:08:12.908Z,Riski Maulana,102099054597895408789,False,0,id,2026-05-05T05:37:00.034809
Ci9DQUlRQUNvZENodHljRjlvT21kV2RFSnVhMDFwU21SbFRXSTJaVkZrVVdkcVRsRRAB,ChIJL1oODAIdby4RZovtO_4427k,UUS Coffee and Eatery,cirebon,Wisata,5,Recommended tempat nongkrong kwkinian,2026-03-10T14:06:16.785Z,Hafis Satria,111101287587197297860,False,0,id,2026-05-05T05:37:00.034824
Ci9DQUlRQUNvZENodHljRjlvT25CUGEwUmFjMGhXUlVkS0xXbFRRbXhCTWxSMVJYYxAB,ChIJL1oODAIdby4RZovtO_4427k,UUS Coffee and Eatery,cirebon,Wisata,5,"Makanannya mantap, layanannya juga cepat
Tempatnya sangat nyaman dan hangat",2026-03-08T16:06:24.421Z,rahmi adila,104679341181024293116,False,0,id,2026-05-05T05:37:00.034832
Ci9DQUlRQUNvZENodHljRjlvT2kxeFoxOVRjMHBVTmsxc01WTmZTelJwWHpGblpuYxAB,ChIJL1oODAIdby4RZovtO_4427k,UUS Coffee and Eatery,cirebon,Wisata,5,makanan minuman dan pelayanan nya sangat worth it harganya juga sangat affordable pokonya mantap lah sukses selalu uus caffe,2026-03-08T16:05:35.829Z,Farhan Maulana,103800504287348042300,False,0,id,2026-05-05T05:37:00.034841
Ci9DQUlRQUNvZENodHljRjlvT2xadWVrNTNRM1U1YVdGUWRETnFkbEJoV1VSWGRXYxAB,ChIJL1oODAIdby4RZovtO_4427k,UUS Coffee and Eatery,cirebon,Wisata,5,enakkk nyaman juga tempatnya,2026-03-06T13:55:09.054Z,Dea Ladies Selpiana,114481553850503551323,False,0,id,2026-05-05T05:37:00.034877
Ci9DQUlRQUNvZENodHljRjlvT2pCa1VEY3RSV2g1YTNrdFYwRjFZVnBWWnpZeFQxRRAB,ChIJL1oODAIdby4RZovtO_4427k,UUS Coffee and Eatery,cirebon,Wisata,5,"makanannya enk¹ banget, waiters nya juga ramah¹",2026-03-06T13:54:52.165Z,Serin Fitri Ramadhani,110789590195547111102,False,0,id,2026-05-05T05:37:00.034887
Ci9DQUlRQUNvZENodHljRjlvT2poMFozbElNRGQyVDNJMWJsSldNakkxTFhWeFMwRRAB,ChIJTxapykLjbi4RiMGyXu1dqFM,NIRI Cafe Dine and Else Cirebon,cirebon,Wisata,1,satpamnya arogan mintain uang parkir nya maksa,2026-05-03T09:25:49.933Z,SIRALEXFERGIE,102621135263915598033,False,0,id,2026-05-05T05:37:00.034895
Ci9DQUlRQUNvZENodHljRjlvT2tkRlEzQmZObGw1VEhGeExVeEhaVmhSVERSblFrRRAB,ChIJTxapykLjbi4RiMGyXu1dqFM,NIRI Cafe Dine and Else Cirebon,cirebon,Wisata,1,SATPAMNYA TERKESAN MAKSA MINTA UANG PARKIR MANA DI PATOK LAGI HARGA PARKIRNYA KOCAK,2026-05-03T09:24:49.119Z,efftychismenos,101986755312557627028,False,0,id,2026-05-05T05:37:00.034912
Ci9DQUlRQUNvZENodHljRjlvT21kamVXVnNkMDlSTTBOeWFXSXhWSEpqYlVJdFoxRRAB,ChIJTxapykLjbi4RiMGyXu1dqFM,NIRI Cafe Dine and Else Cirebon,cirebon,Wisata,5,Tempat nya ok besar dan mewah makanan nya OK,2026-05-03T01:02:54.488Z,Frans Sunarto,109768628192873907928,False,0,id,2026-05-05T05:37:00.034920
Ci9DQUlRQUNvZENodHljRjlvT21oek9HOTNUakZsWjNORFFWUllkRWxaTkhOVVNsRRAB,ChIJTxapykLjbi4RiMGyXu1dqFM,NIRI Cafe Dine and Else Cirebon,cirebon,Wisata,5,Pelayanan ramah...tempat luas,2026-04-30T06:24:17.286Z,Edi Supriyadi,107268174055693046581,True,0,id,2026-05-05T05:37:00.034935
Ci9DQUlRQUNvZENodHljRjlvT25kMFltOUNjR1ZWYmpCa2IwSmZZMDlQYlVwSFluYxAB,ChIJTxapykLjbi4RiMGyXu1dqFM,NIRI Cafe Dine and Else Cirebon,cirebon,Wisata,5,"Suka banget sm tempat nya nyaman gapengen pulang ,apalagi makanan dn minum nya recomend ,enak semuaaaa
Terutama americano nya sukaa banget",2026-04-25T12:09:38.088Z,Mpee Peraa,101930976225706719612,False,0,id,2026-05-05T05:37:00.034943
Ci9DQUlRQUNvZENodHljRjlvT2xNelFsTTJRblZmUjNsNE1qWXRhazVZWmxWc2RuYxAB,ChIJTxapykLjbi4RiMGyXu1dqFM,NIRI Cafe Dine and Else Cirebon,cirebon,Wisata,5,Tempat dan makanan nya enak,2026-04-25T11:59:21.542Z,Dian Priyadi,116295432559886413849,True,0,id,2026-05-05T05:37:00.034951
Ci9DQUlRQUNvZENodHljRjlvT2t4UVRURTNMWEp5VjFsTFgzWjFSVk5XVVVwTFVtYxAB,ChIJTxapykLjbi4RiMGyXu1dqFM,NIRI Cafe Dine and Else Cirebon,cirebon,Wisata,5,"Sukaa bangtt disini makananya afordable enakk servisnya baguss, kemaren kesini puas bgtt🫰🏻🫰🏻",2026-04-20T11:39:46.864Z,Paii__,102864933525625287135,False,0,id,2026-05-05T05:37:00.034987
Ci9DQUlRQUNvZENodHljRjlvT21sbmFVNHhSRnBHTlU5MmJteGFlbFZYVWtRNGMyYxAB,ChIJTxapykLjbi4RiMGyXu1dqFM,NIRI Cafe Dine and Else Cirebon,cirebon,Wisata,4,"Makanan,Minuman,dan Pelayanan Sudah Bagus, Hanya Utk Suasana buat Area Smoking nya kurang dingin, Tapi Overall Terbaik",2026-04-20T06:56:35.307Z,Yoel Sibarani,105924615578963324329,True,0,id,2026-05-05T05:37:00.034995
Ci9DQUlRQUNvZENodHljRjlvT2xWVU9TMU1ORXA0ZURkS1JrcHJURzlXWmpodU5IYxAB,ChIJTxapykLjbi4RiMGyXu1dqFM,NIRI Cafe Dine and Else Cirebon,cirebon,Wisata,5,"Ada photobox nya, suasana dinner able banget pokoknya. Suasana remang santaiii, cocok pake gaun cantik cantik 😆😆😆",2026-04-19T18:18:01.507Z,Mt,115756689920188077167,True,0,id,2026-05-05T05:37:00.035006
Ci9DQUlRQUNvZENodHljRjlvT2t0aFNYRjFSalIzVVhkak9FVXRZVGRZTjJsV2VIYxAB,ChIJTxapykLjbi4RiMGyXu1dqFM,NIRI Cafe Dine and Else Cirebon,cirebon,Wisata,5,"Tempatnya luas dan nyaman cocok untuk bersantai kumpul keluarga dan suasanya sangat nyaman.
Dari segi pelayanan sangat baik, semua pelayannya ramah dan sigap.
Semua makannya sangat enak tidak ada yg fail dari semua menu yg dicoba, menambah pengalaman yg menyenangkan🙏🏻",2026-04-19T08:53:28.644Z,17.042 Fabian Anfasa Razak,114556888981985972664,False,0,id,2026-05-05T05:37:00.035014
ChdDSUhNMG9nS0VJQ0FnTURJdzU2cmh3RRAB,ChIJTxapykLjbi4RiMGyXu1dqFM,NIRI Cafe Dine and Else Cirebon,cirebon,Wisata,5,"Cafenya keren abis... Plus sangat nyaman... baik indoor nya maupun outdoornya yg luas banget.
Tersedia gelato, aneka cheese cake, dan menu2 nya menarik.
Ada playground di area indoor.
Terdapat museum tentang asal muasal usaha dagang NIRI yg saat ini bergerak di bidang produksi karet.
Pelayanan baik.",2026-04-19T05:42:35.910Z,Anita Witanto,102458543274161699962,True,0,id,2026-05-05T05:37:00.035022
ChdDSUhNMG9nS0VJQ0FnSURzem9MQ3Z3RRAB,ChIJu0VCV37ibi4R9YthfKnV5PU,"My Story Cafe, Bistro & Social House",cirebon,Wisata,5,Steak nya juara bngt y Alloh,2025-06-08T13:16:30.295Z,Kartika Rizki,112696766596512692287,True,0,id,2026-05-05T05:37:00.035073
ChZDSUhNMG9nS0VJLTUwYmZNa29laWN3EAE,ChIJu0VCV37ibi4R9YthfKnV5PU,"My Story Cafe, Bistro & Social House",cirebon,Wisata,5,"Pertama kali datang ke Cirebon, google, lgsg ke sini, makanan yang kami pesan SEMUANYA ENAK, tempatnya bersih, waktu tunggu makanan disediakan tidak lama padahal pas kami datang cafe cukup ramai, cuma kurangnya lahan parkir yang sangat terbatas, sehingga kami harus parkir di sisi jalan. Untuk harga lumayan menengah ke atas, tapi untuk harga cafe masih okelah, secara rasanya juga enak.",2025-06-07T08:46:54.545Z,QQA,102695229279873011894,True,0,id,2026-05-05T05:37:00.035081
ChdDSUhNMG9nS0VKYlgwcEtlOHF2bDhRRRAB,ChIJu0VCV37ibi4R9YthfKnV5PU,"My Story Cafe, Bistro & Social House",cirebon,Wisata,1,"Maaf ka lantai 2 bau p.....
Coba diperhatikan lg , ruang buat mkn rasanya sangat mengganggu 🙏",2025-05-27T13:21:45.684Z,Jennifer Angel,113396875056696451369,True,0,id,2026-05-05T05:37:00.035090
ChdDSUhNMG9nS0VMZjloTkstbjlha3F3RRAB,ChIJu0VCV37ibi4R9YthfKnV5PU,"My Story Cafe, Bistro & Social House",cirebon,Wisata,1,"Jujur kecewa sih makan disini pertama kali, langsung dapet kesan gak enak , karena helm hilang , dan dari pihak mystory gak ada tanggung jawab nya sama sekali, kurang nya pengawasan tukang parkir atau security jadi lalai. Kalo memang kejadian nya udh sering , harus nya pihak toko memperketat penjagaan, karena pelayanan dan kepercayaan customer itu nomor 1 !!! Sesuai nama lah ""mystory"" bener2 jd punya story gak enak ! Gak akan lagi kesini . Thx!",2025-05-11T10:57:50.982Z,Dita Sekar Ayu,116726516400840483215,False,0,id,2026-05-05T05:37:00.035099
ChdDSUhNMG9nS0VJQ0FnTURJLS1UbThnRRAB,ChIJu0VCV37ibi4R9YthfKnV5PU,"My Story Cafe, Bistro & Social House",cirebon,Wisata,5,"Wagyu and sirloin are great. Salad is fresh.
Best steak hub in the city.",2025-04-13T09:51:02.480Z,Ahmad Fariz Malvi Zamzam Zein,103440389582216464322,True,0,en,2026-05-05T05:37:00.035130
ChdDSUhNMG9nS0VJQ0FnTURJM2NTSW5BRRAB,ChIJu0VCV37ibi4R9YthfKnV5PU,"My Story Cafe, Bistro & Social House",cirebon,Wisata,5,"Makan siang disini hari kerja, tidak ramai, makan di lantai dasar dan duduk dekat jendela. Pelayanannya pas jam 12an hanya sedikit jadi susah, pesan steak rib eye medium rare 200gr with brown mushroom sauce dan potato wedges, minum pesan red velvet latte tapi yang datang red velvet frappe (?), crispy chicken skin dan teman saya pesan mixed grill.

Rib eye medium rare tidak merah, tidak terasa medium rare tapi untungnya tidak welldone, lemak sedikit padahal biasanya rib eye banyak, sayurannya sedikit, saus mushroomnya terlalu encer dan tidak ada potongan mushroomnya. Red velvet frappe terlalu manis dan tidak seperti rasa redvelvet, warna cenderung pink strawberry, kenapa ya dikasihnya frappe padahal saya pesan sambil nunjuk menu juga. Crispy chicken skinnya kriuk, ada sausnya, rasanya sedikit asin dan digoreng sangat garing. Mixed grill isiannya banyak, steak, ayam bakar dan sosis, untuk sayurannya beda dengan rib eye saya tapi rasa dagingnya mirip.

Tempatnya nyaman, wifi kencang, lagu juga enak cuman agak sedikit gerah.",2025-04-12T09:27:55.038Z,Anggita Deska,106502328316704552761,True,0,id,2026-05-05T05:37:00.035138
ChdDSUhNMG9nS0VJQ0FnTURJOEstN2l3RRAB,ChIJu0VCV37ibi4R9YthfKnV5PU,"My Story Cafe, Bistro & Social House",cirebon,Wisata,1,"nunggu lebih dari 30menit, ternyata pesenannya ga di input sama mas mas nya.. kecewa sih",2025-04-06T13:41:07.827Z,Annisa Noer Dewi,115207023368519414452,True,0,id,2026-05-05T05:37:00.035147
ChZDSUhNMG9nS0VJQ0FnTUNJd0lPVkZBEAE,ChIJu0VCV37ibi4R9YthfKnV5PU,"My Story Cafe, Bistro & Social House",cirebon,Wisata,5,"Utk makanan westernnya enak yah, steak/chicken cordon blue/spaghetinya. Utk menu chicken salted egg nya nasi terlalu banyak dan rasa nya mnrt ku kurang enak, saya kira salted egg nya diayamnya gtw nya dinasinya. Utk steak sausnya lbh enak yg barbeque dibanding saus mushroomnya. Suasananya nyaman dan pelayanannya jg cukup.",2025-03-29T12:17:39.995Z,Dian N. A (Dian),112084770707985470189,True,0,id,2026-05-05T05:37:00.035158
Ci9DQUlRQUNvZENodHljRjlvT2s4M1duaDRSM0ZoUTJoTVEwUmxRbWhsYWs5b0xYYxAB,ChIJb9dL-5cfby4RL2dFwOpJWdQ,Kopi Buri Umah,cirebon,Wisata,5,"Tempatnya sangat nyaman, makanan ny enak2, pelayanan ny ramah",2026-04-20T04:20:05.851Z,Aprilia NabilRevanSaputra,113011111587110003254,False,0,id,2026-05-05T05:37:00.035166
Ci9DQUlRQUNvZENodHljRjlvT2tGVGQxVnlObDlCTWs0NU1IWnRTa05STkd0Tk1uYxAB,ChIJb9dL-5cfby4RL2dFwOpJWdQ,Kopi Buri Umah,cirebon,Wisata,5,Tempat dan makanannya enak... Bikin betah nongkrong lama2 disini...,2026-04-20T04:20:04.994Z,Kusma wati,101226608317977220597,False,0,id,2026-05-05T05:37:00.035174
Ci9DQUlRQUNvZENodHljRjlvT2twcU1FOVdPRFZIZVdKWlpHOWpUMFpwU0V0UU1IYxAB,ChIJb9dL-5cfby4RL2dFwOpJWdQ,Kopi Buri Umah,cirebon,Wisata,5,Tempatnya cozy dan adem bgt.... Seru bwt nongki bareng keluarga dan BESTie....,2026-04-20T04:12:47.874Z,Dian Tania Sari,111207847378353892614,False,0,id,2026-05-05T05:37:00.035182
Ci9DQUlRQUNvZENodHljRjlvT2tOd1gzRkVXRlZxY21ScVpXOVJOVkpWT1d4NU9GRRAB,ChIJb9dL-5cfby4RL2dFwOpJWdQ,Kopi Buri Umah,cirebon,Wisata,5,Tempat nya enak dan adem bisa untuk bareng2 dengan keluarga,2026-04-20T04:12:46.117Z,Kurniasih23 Asih*bunda Uul,110760868081097139940,True,0,id,2026-05-05T05:37:00.035190
Ci9DQUlRQUNvZENodHljRjlvT21kMk56VkxSSEZqU0ZSQ1dsSm5WMDV2WjBsM1QyYxAB,ChIJb9dL-5cfby4RL2dFwOpJWdQ,Kopi Buri Umah,cirebon,Wisata,5,"Tempatnya bersih dan nyaman, ada ruangan indoor dan outdoor yang luas, ada mushola dan toilet yang bersih juga, menunya lengkap dan makananya juga enak enak👍🏻",2026-04-20T03:48:24.841Z,Febriyanti Wulandari,104815816082087276732,False,0,id,2026-05-05T05:37:00.035197
Ci9DQUlRQUNvZENodHljRjlvT25kTmRreHdiR3N0WkZKSFYwOXNjR0ppVldVd2EzYxAB,ChIJb9dL-5cfby4RL2dFwOpJWdQ,Kopi Buri Umah,cirebon,Wisata,5,"Tempat nya luas ada area outdoor dan indoor
Menunya beragam dan enak2
Buka dari pagi jd enak banget buat nongki sambil nunggu anak sekolah 🥰",2026-04-20T03:41:40.381Z,Febri Setiarini,111841659409183284406,False,0,id,2026-05-05T05:37:00.035206
Ci9DQUlRQUNvZENodHljRjlvT2pCTk9EWmhTV1pqT0RSYVRqRXRiVlk0TVdWQ2JFRRAB,ChIJb9dL-5cfby4RL2dFwOpJWdQ,Kopi Buri Umah,cirebon,Wisata,5,"Kedua kalinya kesini, pelayanan oke, ramah, cepat.
Tempat bersih, ada lesehan maupun pakai kursi.
Dari segi makanan, menurutku porsi nasinya lumayan banyak. Rasanya enak, jukut gorengnya mantap. Suka juga sama pisang goreng tabur gula aren.",2026-04-19T15:04:32.785Z,Intan Suryani,106152226823199805217,True,0,id,2026-05-05T05:37:00.035214
Ci9DQUlRQUNvZENodHljRjlvT21aV1dXSndXUzFaT0VvNFlWOUpZbU0xVGt4cE0wRRAB,ChIJb9dL-5cfby4RL2dFwOpJWdQ,Kopi Buri Umah,cirebon,Wisata,5,Tempat makan nuansa bali di Cirebon yg bersahabat,2026-04-19T12:45:33.692Z,Muhammad Alif Habibi,103988790525811506484,False,0,id,2026-05-05T05:37:00.035222
Ci9DQUlRQUNvZENodHljRjlvT25NdGNHcHpiWGh2WTNKbFNtTkNOMVkxYlVzMGRIYxAB,ChIJb9dL-5cfby4RL2dFwOpJWdQ,Kopi Buri Umah,cirebon,Wisata,5,Baguss nuansa bali makanan nya enakkkk,2026-04-19T08:42:29.061Z,Widia Numan,114287758493875872684,False,0,id,2026-05-05T05:37:00.035230
Ci9DQUlRQUNvZENodHljRjlvT2s1eVZVcENYekV6Y3pFemRFRnlPR1Z3TURaWFUxRRAB,ChIJb9dL-5cfby4RL2dFwOpJWdQ,Kopi Buri Umah,cirebon,Wisata,5,Rekomen bgt cah enak kabeh,2026-04-19T05:18:07.544Z,Ang Wanti,114486442819974387635,False,0,id,2026-05-05T05:37:00.035247
Ci9DQUlRQUNvZENodHljRjlvT2tadFJHaFpOM1Z2TURWYVlqQnFZV05wUldSWVFuYxAB,ChIJb9dL-5cfby4RL2dFwOpJWdQ,Kopi Buri Umah,cirebon,Wisata,5,"tempat nya enak adem, dan makanan nyaa enak semua.. terus pelayanan nya ramah banget",2026-04-18T07:30:00.373Z,4D -Adhe Fitri Noviyanti,117995000065449036244,False,0,id,2026-05-05T05:37:00.035262
Ci9DQUlRQUNvZENodHljRjlvT25aUFZVVXpaMEUwVXpsWGJERnBkRGxJVDFKRlMzYxAB,ChIJb9dL-5cfby4RL2dFwOpJWdQ,Kopi Buri Umah,cirebon,Wisata,5,"Tempat nyaman, menu rekomend.. Pelayanan okk....",2026-04-17T13:07:43.601Z,Gerry Turtle,115072559097679727214,False,0,id,2026-05-05T05:37:00.035270
Ci9DQUlRQUNvZENodHljRjlvT21semR6VXlVM1JtZEZGVVJEZEdVV2w0VVd0YWJHYxAB,ChIJb9dL-5cfby4RL2dFwOpJWdQ,Kopi Buri Umah,cirebon,Wisata,5,Pelayanannya ramah dan makanannya enak2 banyak menu untuk anak kecil sampai dewasa 🤩,2026-04-17T08:21:21.598Z,Muti Ana,112636697432616190367,False,0,id,2026-05-05T05:37:00.035278
Ci9DQUlRQUNvZENodHljRjlvT2s1TVlrVjVNV0U1WWtrM1lUWXlVbTl5UzA1VlIzYxAB,ChIJb9dL-5cfby4RL2dFwOpJWdQ,Kopi Buri Umah,cirebon,Wisata,5,"Pelayanannya ramah, tempatnya juga oke banget ada ac dan outdoor. Untuk makananya enak2",2026-04-17T06:25:42.843Z,Sakha Wihayu,108329519753944562226,False,0,id,2026-05-05T05:37:00.035287
Ci9DQUlRQUNvZENodHljRjlvT2pkTFZIRTBjbXRFVm5Rek5scDJTVFJYUlRBeGNXYxAB,ChIJb9dL-5cfby4RL2dFwOpJWdQ,Kopi Buri Umah,cirebon,Wisata,5,"pelayananya ramah,tempatnya enak,nyaman rekomend untuk bawa keluarha",2026-04-15T04:03:37.524Z,Yuliantri Wulandari,104479408271087903494,False,0,id,2026-05-05T05:37:00.035295
Ci9DQUlRQUNvZENodHljRjlvT2pkMlQxWkdhVVJUYVZWVlMyZHdaR3hXU2paV1ZtYxAB,ChIJb9dL-5cfby4RL2dFwOpJWdQ,Kopi Buri Umah,cirebon,Wisata,5,Tempat Asyik Syahdu buat ngechill bareng bersama keluarga teman dan anak anak ✨ Makanan dan Minumanya pun enak ✨,2026-04-14T06:05:23.456Z,Arul Syahruna,116357813001818794431,False,0,id,2026-05-05T05:37:00.035318
Ci9DQUlRQUNvZENodHljRjlvT2pGYVlUUlRiSEJLV1hNNU1XUk9jbTFoVUhRMVdrRRAB,ChIJTxapykLjbi4RiMGyXu1dqFM,NIRI Cafe Dine and Else Cirebon,cirebon,Wisata,5,"Makan disini ga pernah kurang, pulangnya pasti dalam kondisi kekenyangan 😂 bahkan ngga jarang di-take away karena porsinya memang sebanyak itu🤤",2026-04-14T13:05:24.330Z,Dwi Indah Nurrahayu,107544869933611841323,True,0,id,2026-05-05T05:37:00.035341
Ci9DQUlRQUNvZENodHljRjlvT2t4eFVuUlpTRFpLTUVsaFVtTlRVREV4V0RWNlltYxAB,ChIJTxapykLjbi4RiMGyXu1dqFM,NIRI Cafe Dine and Else Cirebon,cirebon,Wisata,5,Okee makanan enak,2026-04-12T15:24:36.424Z,Adytia C.A,106740620191119032181,True,0,id,2026-05-05T05:37:00.035350
Ci9DQUlRQUNvZENodHljRjlvT2xNMFEyeGxiRVpuWTIxVU9HWkdZM3BHVlRKU1dtYxAB,ChIJTxapykLjbi4RiMGyXu1dqFM,NIRI Cafe Dine and Else Cirebon,cirebon,Wisata,4,"Makanan nya over all enak. Sy paling suka siy minumannya. Beberapa kali datang kesini rame2 sm temen2, dan untuk teman2 cewe rata2 makannya tidak habis. Terutama nasinya. Porsinya  memang agak besar. Saran saja mungkin porsi nasi jangan terlalu banyak, krn jadi wastefood. Mubazir dan sayang saja. Proteinnya juga besar . Jadi klo mau kesini kosongkan perut nya ya hehe. Tempatnya nyaman",2026-04-10T13:12:25.943Z,Tiara Rafa chanel,103623035287501474902,True,0,id,2026-05-05T05:37:00.035366
Ci9DQUlRQUNvZENodHljRjlvT2swdFYyaHpUblZLY25rMmNrVlVTM1J2VG5GS1FVRRAB,ChIJTxapykLjbi4RiMGyXu1dqFM,NIRI Cafe Dine and Else Cirebon,cirebon,Wisata,5,"Pro : taste, price, portion
Cons : drink price, service

Price : 4/5 (good price for a cafe)
Taste : 4.5/5
Cleanliness : 4/5
Portion : 4/5 (medium big)

Note : most cafe are just selling atmosphere, but Niri is also offering good taste. All

Always follow my review, it's always objective.",2026-04-08T23:51:13.687Z,Dedy Widjaja,115626631598138717353,True,0,en,2026-05-05T05:37:00.035383
Ci9DQUlRQUNvZENodHljRjlvT2pKTmVtOHdkamRsVVZGVU5WcEVkRVpYTUhoeVJIYxAB,ChIJTxapykLjbi4RiMGyXu1dqFM,NIRI Cafe Dine and Else Cirebon,cirebon,Wisata,5,"tempatnya cakep banget menurut aku, makan minumnya juga cepet ga lama, aesthetic dari tempat sampe ke makanannya juga. Ada mushola, tapi posisinya deket band yang lagi live nyanyi jadi agak keganggu sholatnya karna musiknya kan lagi live ya. ada photobox 35 ribu dapet 2 hard file dan softfile (cashless bayarnya). dari segi rasa makanannya enak tapi mungkin kurang pas di lidah aku jadi banyak ga abis, tapi minumannya enaakkk sukaa✨",2026-04-05T14:04:04.386Z,Dhea Aulia Ramadhani,109129227306332757872,True,0,id,2026-05-05T05:37:00.035399
Ci9DQUlRQUNvZENodHljRjlvT2tOWFRWbGhZMW8xVm14aWFFcGFkMVJRVm1WWlRWRRAB,ChIJTxapykLjbi4RiMGyXu1dqFM,NIRI Cafe Dine and Else Cirebon,cirebon,Wisata,5,"Ini cafe & resto saya bisa bilang bintang 4.8 sih di Cirebon. Tempatnya luas banget, variasi tempat ada non smoking, smoking, VIP. Kalau malam kayanya ada live music.
Saya datang grup di ruang VIP, oke banget. Ada karaoke. Makanannya lengkap. Saya pesan dori ala Bali. Enak, eksekusi baik.
Pelayanan ramah, informatif.
Sangat rekomendasi untuk datang keluarga atau personal.
Parkir mobil lumayan aga effort, tapi motor friendly, indoor pula.
Sukses terus niri.",2026-04-04T11:19:32.924Z,Aliza Rachman,109221895403343448011,False,0,id,2026-05-05T05:37:00.035416
Ci9DQUlRQUNvZENodHljRjlvT25wNmNGaE9jRGRVY1dwUlEzTnJNemQwTkcxa2JuYxAB,ChIJTxapykLjbi4RiMGyXu1dqFM,NIRI Cafe Dine and Else Cirebon,cirebon,Wisata,4,"Pisang ijonya ga enak 😭
Untuk makanan lainnya lezat",2026-04-04T09:03:54.988Z,layla ariyanti,118290808529771606712,True,0,id,2026-05-05T05:37:00.035424
Ci9DQUlRQUNvZENodHljRjlvT2pRNFpEQkVTRXRUVEdGcU9IQklXWE5qVW1OclYwRRAB,ChIJTxapykLjbi4RiMGyXu1dqFM,NIRI Cafe Dine and Else Cirebon,cirebon,Wisata,1,"Tolong untuk staff nya diajarin sopan santun dan beretika trs matanya jg di jaga jgn ngeliatin customer smpe segitunya, make me feel so uncomfortable especially for male staff or waiters and then i can wear whatever i want and why u can’t control ur lust and ur eyes don’t judging customers",2026-04-03T17:52:02.750Z,Stv,102817557473992740603,False,0,id,2026-05-05T05:37:00.035433
Ci9DQUlRQUNvZENodHljRjlvT2sxcWNHRjVlREZqTTJkblIxWTVSbkJZZVY5dmQzYxAB,ChIJTxapykLjbi4RiMGyXu1dqFM,NIRI Cafe Dine and Else Cirebon,cirebon,Wisata,1,Payment pake qris gagal pdhl saldo udh kecabut tp gak di refund dri bulan puasa smpe detik ini!!!!!,2026-03-30T06:04:54.534Z,Sella Widyw,100247250225239167569,False,0,id,2026-05-05T05:37:00.035455
Ci9DQUlRQUNvZENodHljRjlvT2xSMmNWZFJjRGh2VTBKV2JURTJaRE41ZFZob1gxRRAB,ChIJiSvnYwDjbi4R2y5R8h2ueek,Macarius All Day Brunch & Gelateria,cirebon,Wisata,5,Okelah overall meals the taste was good,2026-04-26T12:25:59.538Z,Jepri Pajar,115347770028348027918,True,0,en,2026-05-05T05:37:00.035484
Ci9DQUlRQUNvZENodHljRjlvT2pnNFh6RjZRV3B2U0RWR1ZIZG1NR3BTT1hReWVYYxAB,ChIJiSvnYwDjbi4R2y5R8h2ueek,Macarius All Day Brunch & Gelateria,cirebon,Wisata,1,Saya pesen gyu salad daging nya dikit beda sama yang di foto dan jagung nya sudah bau tidak layak di makan .tolong di perhatikan lagi untuk kualitasnya agar pelanggan merasa puas,2026-04-01T12:09:30.022Z,fuja m.a,114728547675051107636,False,0,id,2026-05-05T05:37:00.035509
Ci9DQUlRQUNvZENodHljRjlvT2xCZlFuWmlhRXRyZFd4MlN6VktXSEl3TVRSMlgwRRAB,ChIJiSvnYwDjbi4R2y5R8h2ueek,Macarius All Day Brunch & Gelateria,cirebon,Wisata,4,"Pro : taste, place
Cons : slow service

Price : 3.5/5 (affordable)
Taste : 4/5
Cleanliness : 4/5
Portion : 3/5 (medium)

Note : budae jigae is recommended to order

Always follow my review, it's always objective.",2026-03-20T07:23:33.335Z,Dedy Widjaja,115626631598138717353,True,0,en,2026-05-05T05:37:00.035524
Ci9DQUlRQUNvZENodHljRjlvT21KTGFuSnBkamxOTVhWUlNrcFllVEpFVkVGU2JWRRAB,ChIJiSvnYwDjbi4R2y5R8h2ueek,Macarius All Day Brunch & Gelateria,cirebon,Wisata,5,All good!!!💘💘🤩🤩,2026-03-10T22:01:01.184Z,Aulia 2120,102896747502521744727,True,0,en,2026-05-05T05:37:00.035541
Ci9DQUlRQUNvZENodHljRjlvT21WR1pubHBkWHBEU3pSRmJEUjBkUzFoU0VWamVHYxAB,ChIJiSvnYwDjbi4R2y5R8h2ueek,Macarius All Day Brunch & Gelateria,cirebon,Wisata,1,"makananya lama, pdhl yg lain pesen menu yg sama udh pada di anterin, g recomend",2026-03-08T11:35:56.528Z,chelsi aulia alif,100163096572132711702,False,0,id,2026-05-05T05:37:00.035549
Ci9DQUlRQUNvZENodHljRjlvT2s1WmNYWlBZVEUxU205d05EZFVNVTE2YkZWdVRYYxAB,ChIJiSvnYwDjbi4R2y5R8h2ueek,Macarius All Day Brunch & Gelateria,cirebon,Wisata,5,"Makanan sehat yang enak , dengan suasana eksklusif , karena memang sedikit mahal",2026-02-23T23:54:01.825Z,Depy Widayat,112128218219030279669,True,0,id,2026-05-05T05:37:00.035557
Ci9DQUlRQUNvZENodHljRjlvT2xsa1pubGliRnAwTnpWVWJEVnFXV2s1Tkdkb09XYxAB,ChIJiSvnYwDjbi4R2y5R8h2ueek,Macarius All Day Brunch & Gelateria,cirebon,Wisata,3,"Order pad krapao, a bit dissatisfied with he presentation, how can u call it pad krapao when its simply just chicken with soy sauce. It is a dish from thai with basils and hint of spicy.

And the Berry granola bowl , simply just another frozen berries that crush in the some kind of smoothies, really do not see any granola in it. Very dissatisfied, perhaps my expectations is too high",2026-02-15T08:10:17.813Z,muhammad azlan (Azlan),106482525619062083390,True,0,en,2026-05-05T05:37:00.035565
Ci9DQUlRQUNvZENodHljRjlvT2kxaWNVUmtkV1EwVGtKdFdreElYMU5zZW01eVEwRRAB,ChIJiSvnYwDjbi4R2y5R8h2ueek,Macarius All Day Brunch & Gelateria,cirebon,Wisata,5,"A very nice place across Prujakan Train Station. A must to take a break once arrive in Cirebon. The coffee is good, try their magic for sure. Hope to hop in again once visiting Cirebon.",2025-12-29T02:50:06.443Z,Chy DAULAY,115238073760896212936,True,0,en,2026-05-05T05:37:00.035601
Ci9DQUlRQUNvZENodHljRjlvT2t0cGNHbHJUbkJOVTJKTlNWOU9ialJwWmxOR09YYxAB,ChIJiSvnYwDjbi4R2y5R8h2ueek,Macarius All Day Brunch & Gelateria,cirebon,Wisata,5,"Cafe Sehat dengan makan sehat, atmosfir oke nyaman, pelayanan juga humble dan cepat.

Plating yg kreatif membuat makan terasa mahal, meski harga terasa affordable. Buat yang bosan dengan santan, minyak, dan gurih gurih bersalah, tempat ini bisa jadi pilihan utk mengurangi dosage separuh lemak selama di Cirebon..🤭🤭

Quinoa, oats, greenies, dan soup yang tampilannya lucu namun menggugah selera, tapi memang seenak itu sih.

Jangan lupa coba gelato-nya, worth it to try koq.",2025-12-25T03:36:15.859Z,Gunawan Goony,114963945839221076796,True,1,id,2026-05-05T05:37:00.035609
Ci9DQUlRQUNvZENodHljRjlvT2xSYVZGRnBURFpDY0hWRFprZE9WR281VlVoUU1HYxAB,ChIJiSvnYwDjbi4R2y5R8h2ueek,Macarius All Day Brunch & Gelateria,cirebon,Wisata,2,"Nice place, but it takes a time waiting the order",2025-10-22T13:10:40.803Z,The Speed 999,109932096466966512270,True,0,en,2026-05-05T05:37:00.035618
Ci9DQUlRQUNvZENodHljRjlvT2xKVlYzWllPWEUzVGtjeVJGOWlSbmx2TUVGWE1IYxAB,ChIJiSvnYwDjbi4R2y5R8h2ueek,Macarius All Day Brunch & Gelateria,cirebon,Wisata,5,Enaknya jam 8 pagi udah buka jadi bisa buat sarapan,2025-10-14T23:54:55.337Z,Eko Nofrianto Utama,102426490828046340511,True,0,id,2026-05-05T05:37:00.035626
Ci9DQUlRQUNvZENodHljRjlvT2kxNU9FdFZTRE5STkd0eGQzRTRTVlF3ZEhwVmJIYxAB,ChIJiSvnYwDjbi4R2y5R8h2ueek,Macarius All Day Brunch & Gelateria,cirebon,Wisata,5,"makanannya enak2, banyak menu healthy food juga, minumannya juga enak, harga juga masih terjangkau. 👌",2025-10-09T01:42:34.168Z,Nova,112928688348925628835,True,0,id,2026-05-05T05:37:00.035634
Ci9DQUlRQUNvZENodHljRjlvT25CT1J6TTBOMEphYjNjemQyMVpiMmhHZUhFM1NtYxAB,ChIJb9dL-5cfby4RL2dFwOpJWdQ,Kopi Buri Umah,cirebon,Wisata,5,"Tempatnya nyaman dan pelayanan ramah
Menu jukut goreng nya yang enak",2026-04-12T10:53:59.819Z,Izzatun Nuzumah,104934899944638590930,False,0,id,2026-05-05T05:37:00.035656
Ci9DQUlRQUNvZENodHljRjlvT2s5U2VFeElZbkZ2ZVVKV1EzRTNla0ZOWlhwS1VVRRAB,ChIJb9dL-5cfby4RL2dFwOpJWdQ,Kopi Buri Umah,cirebon,Wisata,5,"Kopi gula aren enak dan mantab, ikan nila bakar dan ramennya juga enak",2026-04-12T08:06:10.561Z,Bambang Nurbagus,114122417372058726070,False,0,id,2026-05-05T05:37:00.035666
Ci9DQUlRQUNvZENodHljRjlvT213M01sOUxXRmhZVlhSQmIyMU9jVXhoVFY5TExXYxAB,ChIJb9dL-5cfby4RL2dFwOpJWdQ,Kopi Buri Umah,cirebon,Wisata,5,"Makanan enak, tempat enak mantap",2026-04-12T08:03:47.130Z,Indah Ramdhani,116640684236804730337,False,0,id,2026-05-05T05:37:00.035674
Ci9DQUlRQUNvZENodHljRjlvT2t0eFpHWlVaSEZxY1U5VU1rWnNjbUptVTNOSFJrRRAB,ChIJb9dL-5cfby4RL2dFwOpJWdQ,Kopi Buri Umah,cirebon,Wisata,5,"Suasananya homy, adem dan tempat luas cocok untuk kumpul kumpul keluarga",2026-04-12T08:02:59.216Z,YULIATI IYUL,115573319405260628412,False,0,id,2026-05-05T05:37:00.035682
Ci9DQUlRQUNvZENodHljRjlvT25rM1dTMHRaRWN0TlZjM1FXTTVUblppVFRocVdHYxAB,ChIJb9dL-5cfby4RL2dFwOpJWdQ,Kopi Buri Umah,cirebon,Wisata,5,"Makanan minuman ok enak, tp aksesnya yg sempit. Bawa motor lebih aman",2026-04-12T07:53:16.850Z,Dea Rubee,102587491628775848192,True,0,id,2026-05-05T05:37:00.035690
Ci9DQUlRQUNvZENodHljRjlvT2pjNVdFbEpkbGM1TFZCR1IyTnBjV3A0YlhjeVltYxAB,ChIJb9dL-5cfby4RL2dFwOpJWdQ,Kopi Buri Umah,cirebon,Wisata,5,"Tempatnya nyaman, makan juga enak, cocok untuk kumpul keluarga.",2026-04-12T07:15:12.449Z,Trysya Kanahaya,110199109724811654542,False,0,id,2026-05-05T05:37:00.035698
Ci9DQUlRQUNvZENodHljRjlvT25KelQwZHdRemt3U3pjemMzWm1aVWt0Vkc5elYwRRAB,ChIJb9dL-5cfby4RL2dFwOpJWdQ,Kopi Buri Umah,cirebon,Wisata,5,enak banget makan di sini harga terjangkau pelayanan baik dan cepat,2026-04-11T08:08:44.687Z,Malik Ae,104983270173814217992,False,0,id,2026-05-05T05:37:00.035706
Ci9DQUlRQUNvZENodHljRjlvT25CTVEyVTVOMHR6U1VOYVMzQmllazl6T0doUmQwRRAB,ChIJb9dL-5cfby4RL2dFwOpJWdQ,Kopi Buri Umah,cirebon,Wisata,5,Tempat nya memang asyik..oke buat acara keluarga,2026-04-11T07:23:45.608Z,Siti Qoriah,107729185984191875194,False,0,id,2026-05-05T05:37:00.035725
Ci9DQUlRQUNvZENodHljRjlvT2xSSGJEVTVSVWhUUTFWdGRFRjVlVWhXTVhaNU9GRRAB,ChIJb9dL-5cfby4RL2dFwOpJWdQ,Kopi Buri Umah,cirebon,Wisata,5,Saya suka ayam bawang putihnya 😚,2026-04-11T06:17:52.878Z,Mammyh Elfath,110185428071508665830,False,0,id,2026-05-05T05:37:00.035733
Ci9DQUlRQUNvZENodHljRjlvT2xvNGVHcDNXR3AyVEVkQ1FuUnhTbkZ3ZFhWbGIzYxAB,ChIJb9dL-5cfby4RL2dFwOpJWdQ,Kopi Buri Umah,cirebon,Wisata,5,Jos kopi burma nya,2026-04-10T04:38:18.711Z,Hikmah Inabah,116843685394833328928,False,0,id,2026-05-05T05:37:00.035741
Ci9DQUlRQUNvZENodHljRjlvT2s1R1RYaGhiVEpWV0RSd1prbGZhbWxIWldOMlpuYxAB,ChIJiSvnYwDjbi4R2y5R8h2ueek,Macarius All Day Brunch & Gelateria,cirebon,Wisata,4,"Aku kesana bawa keluargaku,.Eh ada satu Mba karywan nya ngliatin kita terus,kita lg makan diliatin.lg ngbrol diliatin,kita liatin dia balik berharap dia stop liatin kita eh ttp dia masih liatin kita terus,jadi risih bgt ga nyaman makan ga nyaman ngbrol disitu,jd nyesel dtg kesitu sumpah risih bgt,pdhl dsna kita pesen menu banyak abs sekitar 600rb an.",2025-09-30T22:45:16.314Z,r ayy,115148586377858142052,False,0,id,2026-05-05T05:37:00.035749
Ci9DQUlRQUNvZENodHljRjlvT213MVRFeFBZVkF6UXpOMFowTlJORWhPVTFwbVZGRRAB,ChIJiSvnYwDjbi4R2y5R8h2ueek,Macarius All Day Brunch & Gelateria,cirebon,Wisata,5,"Makanan sangat bervariasi, jd bisa pilih sana sini dr asia, eropa maupun Indonesia jg ada.
Suasana pas kebetulan sedang tdk terlalu ramai, jd bisa nyaman utk ngobrol.
Makanan & minuman nya jg enak, pas",2025-09-20T14:17:42.577Z,Dedy S Kayasoha,105647416619615695959,True,0,id,2026-05-05T05:37:00.035773
Ci9DQUlRQUNvZENodHljRjlvT25ORVMwVTBlWGhzYld4TFYxUkhRVmN5YkU1aFRGRRAB,ChIJiSvnYwDjbi4R2y5R8h2ueek,Macarius All Day Brunch & Gelateria,cirebon,Wisata,5,"Tempatnya nyaman, enak makanannya, sehat.",2025-07-29T03:49:17.959Z,chandra kuosasih,110636135878816372010,True,0,id,2026-05-05T05:37:00.035782
Ci9DQUlRQUNvZENodHljRjlvT2xScmFFSjVhV2x1Y1ZGT1N6aHhRWGxEWVV3eVkwRRAB,ChIJiSvnYwDjbi4R2y5R8h2ueek,Macarius All Day Brunch & Gelateria,cirebon,Wisata,4,"Tempatnya persis di seberang Stasiun Prujakan. Dengan cat bangunan warna hijau ini bakal mudah ditemukan.

Di depan ada parkiran motor dan mobil (2 unit aja?), dan di dalamnya ada toilet.

Kami pesan ini (lupa namanya), buat berdua sebenarnya bisa habis, tapi saat ke sini kebetulan habis main dari cafe lain & makan pastri, jadinya masih agak kenyang. Maaf kalau tidak habis mananannya 🥲

Kuahnya terutama, enak sekali! Tteokbokkinya juga ga keras, lembut digigitnya. Minya yang lodoh sih, tapi ini kayanya gara-gara kelamaan apinya nyala. Pokoknya kami suka banget sama makanan yang dipesan ini.

Oh iya, menu ini cuma ada di buku menu, tidak ada di lembaran pemesanan, jadi kalau mau pesan harap tanya pegawainya dulu~",2025-06-30T08:30:01.049Z,白雪姫勇気,100913889095317481300,True,0,id,2026-05-05T05:37:00.035798
Ci9DQUlRQUNvZENodHljRjlvT2t4bVFqSlFkRlJvWkRWS2VsUkthRlpJU1dNMlUyYxAB,ChIJiSvnYwDjbi4R2y5R8h2ueek,Macarius All Day Brunch & Gelateria,cirebon,Wisata,5,Gelatonya enak.. sy order pistachio enakkk bgt dan anak sy rasa cokelat.,2025-06-17T08:58:47.053Z,indria Pujia,115277422927571934813,True,0,id,2026-05-05T05:37:00.035813
Ci9DQUlRQUNvZENodHljRjlvT25CMFp6QnRTRGhFWkZkTGJsOWpVMk13WWpkck1VRRAB,ChIJiSvnYwDjbi4R2y5R8h2ueek,Macarius All Day Brunch & Gelateria,cirebon,Wisata,5,"Transit sebelum meluncur ke Madiun. Pelayanannya ramah,tempatnya bersih,alunan lagunya smooth,no smoking. Pesen pizza dan French fries enak semua. Ice cream 3 rasa nikmat: Chocomint,vanilla,sama satu lagi warna biru lupa namanya. Tempat recommended buat nunggu keberangkatan kereta. Jarak dari stasiun 50 meter.",2025-06-03T11:34:42.432Z,Aziz Argum,102200235247905084025,True,0,id,2026-05-05T05:37:00.035821
ChdDSUhNMG9nS0VJQ0FnTUNZMExEOHhnRRAB,ChIJiSvnYwDjbi4R2y5R8h2ueek,Macarius All Day Brunch & Gelateria,cirebon,Wisata,4,Setelah sempat kecewa karena pelayanan nya tidak sigap dalam melerai sebuah keributan di cafe tersebut. Akhirnya ada perwakilan cafe yang melakukan permohonan maaf untuk datang kepada kami dan memberikan compliment sebagai bentuk permohonan maaf pihak cafe. It is a good responsibility. Terimakasih atas hal kecil namun bermakna. Menghormati konsumen yang kecewa dan menyikapi dengan bijaksana kritik yg membangun.,2025-04-30T09:50:14.583Z,Fitriatunnisa Shabrina,106533540320259831234,False,0,id,2026-05-05T05:37:00.035830
ChZDSUhNMG9nS0VJQ0FnTURJMjg2TmZBEAE,ChIJiSvnYwDjbi4R2y5R8h2ueek,Macarius All Day Brunch & Gelateria,cirebon,Wisata,2,"열차를 이용하기 전에 두 명이서 스파게티와 나시고랭을 주문했다. 스파게티가 나오고 10분 가까이 지나서 나시고랭이 나왔다. 함께 식사를 하려고 기다렸기 때문에 스파게티는 식었고, 면이 불어서 맛이 없었다. 나시고랭을 주문한 사람은 20% 정도만 먹고 식사를 마쳤다. 왜 그러냐고 물으니, 음식이 맛이 없다고 대답했다. 비싸고 맛없는 식당이다.",2025-04-13T07:55:23.217Z,Donghyeon Kim,102478042703702901284,False,0,ko,2026-05-05T05:37:00.035845
ChdDSUhNMG9nS0VJQ0FnTUNJdi12WnVBRRAB,ChIJiSvnYwDjbi4R2y5R8h2ueek,Macarius All Day Brunch & Gelateria,cirebon,Wisata,3,"Kecewa bgt krna menu yg di antar tdk sesuai dgn yg di pesan dan pas komplain alasannya krna sdh di setujui oke saya memang mengiyakan pas di kasir tp kan semua customer pasti tdk hafal sma menu yg di pesan krna lbh dr satu harusnya yg di kasir lbh teliti, Semoga kedepannya jgn sampe terulang pd customer yg lain. Terimakasih",2025-04-05T22:39:16.775Z,Aulia Nurul Rizky,107269188982662148678,False,0,id,2026-05-05T05:37:00.035853
ChZDSUhNMG9nS0VJQ0FnTUNJZ2VpQkp3EAE,ChIJiSvnYwDjbi4R2y5R8h2ueek,Macarius All Day Brunch & Gelateria,cirebon,Wisata,5,Insha allah bakalan balik lagi untuk kesekian kalinya .💞,2025-04-02T12:15:56.052Z,Ryu Ryu,116284006507633419950,True,0,id,2026-05-05T05:37:00.035861
ChZDSUhNMG9nS0VJQ0FnTUR3MHBqNURREAE,ChIJiSvnYwDjbi4R2y5R8h2ueek,Macarius All Day Brunch & Gelateria,cirebon,Wisata,5,"Sudah lama ga makan kesini, resto favorit warga cirebon. Ternyata ada menu2 baru 👍🏻
Aku coba menu baru Sukiyaki menurutku isinya pas dan mengenyangkan tapi terlalu manis seruput kuah nya lama kelamaan enek 😅
Aku ada pesan singapore curry chicken enak seperti biasanya sama spaghetti chicken pesto yang biasa saja hehe",2025-03-25T02:40:18.610Z,Selviana Christianty,113970398981990709502,True,0,id,2026-05-05T05:37:00.035870
ChdDSUhNMG9nS0VJQ0FnTUN3MWRTbHNnRRAB,ChIJiSvnYwDjbi4R2y5R8h2ueek,Macarius All Day Brunch & Gelateria,cirebon,Wisata,5,"cozyy bangeet, tapi sayang ga ada mushola yang nyaman :(",2025-03-20T07:24:31.180Z,Mitsni Uswatun,101992152630409347394,False,0,id,2026-05-05T05:37:00.035881
ChZDSUhNMG9nS0VJQ0FnTUNRdDlqZ1RnEAE,ChIJiSvnYwDjbi4R2y5R8h2ueek,Macarius All Day Brunch & Gelateria,cirebon,Wisata,5,"I had an amazing dining experience at Macarius! The food is absolutely delicious, especially the Wagyu Donburi – it was tender, flavorful, and perfectly cooked. The ambiance of the restaurant is very pleasant, with a cozy yet modern feel that makes for a relaxing meal. The staff were incredibly friendly and attentive, making sure we had everything we needed throughout our visit. The place itself is spotless and well-maintained, which adds to the overall enjoyable experience. Highly recommend this restaurant for anyone looking for a top-notch dining experience!",2025-03-07T21:31:38.103Z,Fenny Shafira,114072753265195548082,False,3,en,2026-05-05T05:37:00.035897
Ci9DQUlRQUNvZENodHljRjlvT2tFd1gzZ3diRXMyYWxJeU1UVkZhV2d6WkhCS05XYxAB,ChIJTxapykLjbi4RiMGyXu1dqFM,NIRI Cafe Dine and Else Cirebon,cirebon,Wisata,5,"Saya bersama keluarga berjumlah 8 orang datang jam 5 sore, alhamdulillah suasana ga terlalu rame.. dengan suasana yang sangat cocok..tempat luas...ada musholla..makanan dan minuman semua memuaskan..dan tidak menunggu waktu yang lama..kami tidak makan besar namun banyak pilihan..kami pilih pizza jamur dan daging ..semua mantap..minuman herbal inmune booster juga ok..singkong ok..cumi calamari..fettuchini..stick kentang..strawberry short cake..semua ok..ga ada yg tersisa...tapi gelatonya kosong..padahal pengen nyoba juga..",2026-03-26T22:46:34.301Z,Wawan Hermawan,117893798178839342249,False,0,id,2026-05-05T05:37:00.035912
Ci9DQUlRQUNvZENodHljRjlvT25GTk0wVkJjbFJ3WTNCamFXaEhhR3B3ZVc5aU9WRRAB,ChIJTxapykLjbi4RiMGyXu1dqFM,NIRI Cafe Dine and Else Cirebon,cirebon,Wisata,5,"Parkir luas, atmosphere nyaman dan pelayanan cepat... tersedia musholla dan toilet. Makanan bervariasi dari Indonesia dan western. Tersedia smoking dan non smoking room. Ada art gallery. Rekomen cafe utk hangout..",2026-03-26T07:33:15.073Z,Minuita 221,100197223277231471980,True,0,id,2026-05-05T05:37:00.035920
Ci9DQUlRQUNvZENodHljRjlvT201M1RUSmlRa1JVY1d0NGNGQnFaRWhDVjNCSFVFRRAB,ChIJTxapykLjbi4RiMGyXu1dqFM,NIRI Cafe Dine and Else Cirebon,cirebon,Wisata,4,"Nyaman bgt dan friendly untuk anak-anak.
Fasilitas mini playground bikin anak betah..makannya enak",2026-03-24T10:38:44.823Z,Jxx Kr,107193112155793541341,True,0,id,2026-05-05T05:37:00.035970
Ci9DQUlRQUNvZENodHljRjlvT2xwUlN6Qk1WMjV5V0RrMFFWaGFaMEpCZGxJM2MxRRAB,ChIJTxapykLjbi4RiMGyXu1dqFM,NIRI Cafe Dine and Else Cirebon,cirebon,Wisata,5,Nyaman untuk Keluarga,2026-03-20T08:04:26.342Z,FFA Studio Indonesia,118137577272250940648,True,0,id,2026-05-05T05:37:00.035993
ChdDSUhNMG9nS0VJQ0FnTUNnOVl6UzBnRRAB,ChIJiSvnYwDjbi4R2y5R8h2ueek,Macarius All Day Brunch & Gelateria,cirebon,Wisata,5,Tempatnya oke bgt buat kumpul sama temen. Makananya enak dan banyak healthy food juga. Gelatonya juga enak enakkk,2025-02-19T17:28:30.685Z,Femi Tiara Febriani,108816751970223068264,True,0,id,2026-05-05T05:37:00.036022
ChZDSUhNMG9nS0VJQ0FnSUMzd2VYX013EAE,ChIJiSvnYwDjbi4R2y5R8h2ueek,Macarius All Day Brunch & Gelateria,cirebon,Wisata,5,"Salah satu resto yang recommended menyediakan berbagai macam menu tradisional dan internasional. Dengan lokasi yang strategis, suasana tempat yang nyaman dipadukan dengan music jazz. Salmon aburi nya the best banget😍😍kemudian spicy beef papperoni nya enak walaupun bubuk cabe nya mungkin bisa dikurangi sedikit yaa.
Untuk menu minuman watermelon chill & kopi juara enak banget shoot kopinya terasa sekali bagi kopi addict, biarpun bukan basic coffe shop tp minumannya enak2 semua👍👍
Semua crew nya ramah dan asik",2024-11-06T06:48:18.285Z,Nidya Desy,107632461476641096976,False,0,id,2026-05-05T05:37:00.036037
ChZDSUhNMG9nS0VJQ0FnSUMzdFBUbk9REAE,ChIJiSvnYwDjbi4R2y5R8h2ueek,Macarius All Day Brunch & Gelateria,cirebon,Wisata,5,"pengalaman makan dgn menu ala barat
(western cousin) ...
bisa di coba ...
enak juga ...",2024-11-03T07:47:23.729Z,Krisan Setyawan,101755575368181276018,True,0,id,2026-05-05T05:37:00.036045
ChdDSUhNMG9nS0VJQ0FnSUNIa3ZYeHZRRRAB,ChIJiSvnYwDjbi4R2y5R8h2ueek,Macarius All Day Brunch & Gelateria,cirebon,Wisata,5,"Macarius All Day Brunch & Gelateria adalah tempat makan yang wajib dikunjungi bagi pecinta kuliner di Cirebon.Warung ini menyajikan berbagai macam hidangan brunch dan gelato yang lezat.

Macarius All Day Brunch & Gelateria menyajikan berbagai macam hidangan brunch dan gelato yang lezat. Kamu bisa mencicipi hidangan seperti pancake, waffle, omelet, dan salad. Semua bahan yang digunakan di Macarius All Day Brunch & Gelateria adalah bahan yang segar dan berkualitas. Harga hidangan di Macarius All Day Brunch & Gelateria cukup terjangkau, sehingga cocok untuk semua kalangan. Suasana di Macarius All Day Brunch & Gelateria cukup nyaman dan santai. Cocok untuk makan bersama keluarga atau teman-teman.

Secara keseluruhan, Macarius All Day Brunch & Gelateria adalah tempat makan yang wajib dikunjungi bagi pecinta kuliner di Cirebon.Hidangan brunch dan gelato yang lezat, bahan yang segar, harga yang terjangkau, dan suasana yang nyaman membuat tempat ini menjadi favorit banyak orang.

Disclaimer dan Saran untuk Pengunjung Macarius All Day Brunch & Gelateria  untuk ulasan saya tentang Macarius All Day Brunch & Gelateria berdasarkan pengalaman pribadi saya. Perlu diingat bahwa pendapat setiap pengunjung bisa berbeda-beda.

Semoga informasi ini membantu!",2024-09-03T05:42:18.801Z,Octavianus Pratama,114836437388236157760,True,0,id,2026-05-05T05:37:00.036060
ChZDSUhNMG9nS0VJQ0FnSUM3cU5LVExREAE,ChIJiSvnYwDjbi4R2y5R8h2ueek,Macarius All Day Brunch & Gelateria,cirebon,Wisata,4,Pokoknya harus nyobain makanan disini selain sehat juga garnishnya bagus dan rasanya enak... Pizza nya ga disangka enak juga.. Menu wajib deh,2024-08-12T00:48:31.823Z,Komar Pandev,117111851610216618140,True,0,id,2026-05-05T05:37:00.036091
