review_id,place_id,place_name,wilayah,kategori,rating,review_text,review_date,reviewer_name,reviewer_id,is_local_guide,likes_count,original_language,scraped_at
ChZDSUhNMG9nS0VPcXh1djI0OU1XeUF3EAE,ChIJabdx6Ifibi4RV1TOXOP3XtE,Nasi Jamblang Pelabuhan NJP 1970,cirebon,Kuliner,3,Dangdut live music can be freakin noisy. But the food is quite good..,2026-05-05T00:10:00.983Z,Dyn21,114867054734203974714,True,0,en,2026-05-05T05:38:10.587662
Ci9DQUlRQUNvZENodHljRjlvT2xGRFprODNNMk5sVG01Vlh6QlpNREJvVmpKNWNVRRAB,ChIJabdx6Ifibi4RV1TOXOP3XtE,Nasi Jamblang Pelabuhan NJP 1970,cirebon,Kuliner,5,Makanan enak Dan harga oke. Paling enak di cirebon,2026-04-28T13:46:09.065Z,Indra Maulana,101894696239282023692,True,0,id,2026-05-05T05:38:10.587790
Ci9DQUlRQUNvZENodHljRjlvT2xwclRrdGlORm93WWxwNWNXSXllRVpMYVU1TU9YYxAB,ChIJabdx6Ifibi4RV1TOXOP3XtE,Nasi Jamblang Pelabuhan NJP 1970,cirebon,Kuliner,1,"MENDING MIKIR-MIKIR DULU KALO MAU KESINI KARENA ZONK PARAH, OVERCLAIM

Kirain rasanya enak dan tempat nya oke ternyata zonk bgt walaupun di youtube bilangnya udh didatengin artis-artis. Masa nasi jamblang tapi disendokin nasi nya, gak dibungkus daun pula. Lauk nya kecil2, kayak balakutaknya kecil bgt tapi harga nya 20k sangat gak masuk logika. Sate udangnya cuma banyak tepung nya tapi udangnya kecil  udah kayak roh udang doang isinya. Kirain tempat nya juga oke gitu dipinggir deket laut ternyata masih jauh bgt sama laut dan panas bgt the real warteg ini mah.

Pelayanannya sih yg buruk bgt karena mba2nya judes dan nasi di ambilin, itungannya satu centong kecil yg bener2 dikit harganya 2 ribu, kalo nambah lagi udah masuk hitangan 2 sendok kecil WKWK ngakak bgt.",2026-04-27T08:32:11.539Z,Khansa Nahda,113906474202034613045,False,0,id,2026-05-05T05:38:10.587808
Ci9DQUlRQUNvZENodHljRjlvT2tWTE5HOWFjVTB0TWpoaVNVVkVOakIyUmxOalFXYxAB,ChIJabdx6Ifibi4RV1TOXOP3XtE,Nasi Jamblang Pelabuhan NJP 1970,cirebon,Kuliner,5,Tempatnya adem enak,2026-04-15T01:35:39.421Z,aryanto sarmila,111247007812846661995,True,0,id,2026-05-05T05:38:10.587843
Ci9DQUlRQUNvZENodHljRjlvT25KT2VWQnJjMWhVUkd0R01VbHZhRzloVjIxek9XYxAB,ChIJabdx6Ifibi4RV1TOXOP3XtE,Nasi Jamblang Pelabuhan NJP 1970,cirebon,Kuliner,3,"Melanjutkan kuliner makan siang kami di Kota Cirebon ini sebelum melanjutkan perjalanan kami ke Kota Semarang…

Mungkin saya dan teman-teman saya terlalu berekspektasi tinggi pada tempat makan ini… masih banyak ruang untuk dapat berbenah dan ditingkatkan lagi…

😁🙏🏻",2026-04-13T10:21:25.269Z,Tamuji Tan,114198004027772870936,True,0,id,2026-05-05T05:38:10.587859
Ci9DQUlRQUNvZENodHljRjlvT2taVmNXNWZla1pWUldGZlIySkdTa1J4YUVOTmNtYxAB,ChIJabdx6Ifibi4RV1TOXOP3XtE,Nasi Jamblang Pelabuhan NJP 1970,cirebon,Kuliner,4,kesini hari sabtu siang dan langsung duduk. makanannya enak tapi sambelnya terlalu manis bagi aku dan harganya sedikit agak mahal yaa,2026-04-13T00:15:54.271Z,Zahra,111345110007225911844,True,0,id,2026-05-05T05:38:10.587869
Ci9DQUlRQUNvZENodHljRjlvT2xrMWRGbGxUbnBGVGxkTVZqbFZZa1F6ZFdoR1ZFRRAB,ChIJabdx6Ifibi4RV1TOXOP3XtE,Nasi Jamblang Pelabuhan NJP 1970,cirebon,Kuliner,1,"Tidak worthit, mahal, tempat tidak bersih kotor banyak lalat",2026-04-11T09:23:41.236Z,Syauqy,100716862746303650679,False,0,id,2026-05-05T05:38:10.587878
Ci9DQUlRQUNvZENodHljRjlvT2pWUGFUVXhlR0V6WjNVMFdXdFZPVEJNV2sxc1IwRRAB,ChIJabdx6Ifibi4RV1TOXOP3XtE,Nasi Jamblang Pelabuhan NJP 1970,cirebon,Kuliner,5,Makan siang disini mantap.,2026-04-11T02:26:59.406Z,Adhy Wahyu,114315879996280610508,True,0,id,2026-05-05T05:38:10.587886
Ci9DQUlRQUNvZENodHljRjlvT2xKR1FuQlBRVEJNWW5aTWNqRmpia0ZtYkhSNGJIYxAB,ChIJabdx6Ifibi4RV1TOXOP3XtE,Nasi Jamblang Pelabuhan NJP 1970,cirebon,Kuliner,4,Warung yang legendaris dan tetap laris. Banyak pilihan lauk dan pas lebaran ada live musik.,2026-03-30T09:46:47.774Z,Agus Sugiyono,102477562121906878015,True,0,id,2026-05-05T05:38:10.587923
Ci9DQUlRQUNvZENodHljRjlvT201Q1UwOUdSM0JJUzNodmJsZ3liemd3TWtkU01sRRAB,ChIJabdx6Ifibi4RV1TOXOP3XtE,Nasi Jamblang Pelabuhan NJP 1970,cirebon,Kuliner,1,"Masakan enak, kalo lagi laper kesini aja. Kucing aja ampe lahap makan disini. Harga juga ga ngotak bgtt, suka ❤️. Segera tutup ya biar lebih bermanfaat ❤️❤️",2026-03-28T13:59:22.410Z,Macki Mudaliar,101385127521600871603,False,0,id,2026-05-05T05:38:10.587932
Ci9DQUlRQUNvZENodHljRjlvT2tkMlVVZFRNa0ZzVFc5c1VtbE5ia2hNV2tNellVRRAB,ChIJabdx6Ifibi4RV1TOXOP3XtE,Nasi Jamblang Pelabuhan NJP 1970,cirebon,Kuliner,3,"Rasanya biasa banget seperti warteg,ke sini buat cumi item blekutek tp kehabisan. Harus datang lebih pagi. Harga murah terjangkau.",2026-03-27T07:56:46.090Z,Cynthia Laoshi,118216643312879137319,True,0,id,2026-05-05T05:38:10.587947
Ci9DQUlRQUNvZENodHljRjlvT2tWd2JYSlBMWGRuYUhWT1RFUmZWMWRqYkhGNFIzYxAB,ChIJabdx6Ifibi4RV1TOXOP3XtE,Nasi Jamblang Pelabuhan NJP 1970,cirebon,Kuliner,1,"Makan nasi jamblang tapi pake kertas nasi bukan pake daun jati, dadarnya keasinan,  harga mahal...",2026-03-23T07:25:09.144Z,Mariyah Ulfah,113169003004391320827,True,0,id,2026-05-05T05:38:10.587978
Ci9DQUlRQUNvZENodHljRjlvT2xvdE4yRkNjVnBPUjJReFduRTBZM0IxV25OM1pGRRAB,ChIJabdx6Ifibi4RV1TOXOP3XtE,Nasi Jamblang Pelabuhan NJP 1970,cirebon,Kuliner,5,Sesuai namanya pleseran NJP ( Nu antri kaJepit Pintuna) wkwkwk,2026-03-23T02:22:29.561Z,Mochamad Rony,116551865834644723424,True,0,id,2026-05-05T05:38:10.587994
Ci9DQUlRQUNvZENodHljRjlvT2tsQ1UxVlBVVnBMZW1OalozVlhVbmszWW5CRlVWRRAB,ChIJabdx6Ifibi4RV1TOXOP3XtE,Nasi Jamblang Pelabuhan NJP 1970,cirebon,Kuliner,2,"Jujur harganya asa harga tembak, tidak sesuai harga di banner yang tertera",2026-03-22T23:45:53.805Z,siti arterina annisa hasanah,102913911086852252663,False,0,id,2026-05-05T05:38:10.588002
Ci9DQUlRQUNvZENodHljRjlvT2pKbFUyOHhVR1J4VWxRNFNVeGpjRTVZUzFsM1JrRRAB,ChIJabdx6Ifibi4RV1TOXOP3XtE,Nasi Jamblang Pelabuhan NJP 1970,cirebon,Kuliner,5,"Paru goreng nya enak krispi, kamar mandi bersih.",2026-03-06T00:12:45.502Z,Leny Rosma,110869106106957742972,True,0,id,2026-05-05T05:38:10.588025
Ci9DQUlRQUNvZENodHljRjlvT2w5MWNpMTJSalY0Tm1KVmVFNHhXRTlWVW5WWVZIYxAB,ChIJabdx6Ifibi4RV1TOXOP3XtE,Nasi Jamblang Pelabuhan NJP 1970,cirebon,Kuliner,4,Delicious food. U need to order more than one portions,2026-03-02T10:10:27.861Z,Heldy Anto,117455818070067874493,True,0,en,2026-05-05T05:38:10.588033
Ci9DQUlRQUNvZENodHljRjlvT25KT1VIcEZTRkZmYW5adlJqZFpVM0pJTjJGQlNuYxAB,ChIJabdx6Ifibi4RV1TOXOP3XtE,Nasi Jamblang Pelabuhan NJP 1970,cirebon,Kuliner,4,"Pintu masuk agak sempit, variasi lauk tidak terlalu banyak. Rasa standar",2026-02-27T22:01:16.146Z,Rini Lukita,103132043208021925336,True,0,id,2026-05-05T05:38:10.588042
Ci9DQUlRQUNvZENodHljRjlvT2xCZlIxRjNVVVZoTWw5cFpuQkZkRlI2Vm1GSGNWRRAB,ChIJabdx6Ifibi4RV1TOXOP3XtE,Nasi Jamblang Pelabuhan NJP 1970,cirebon,Kuliner,1,"Nasi jamblang harusnya bungkus daun jati, ini mah pakai bungkus nasi. Berasa makan nasi warteg.
Harga 57rb. Tempat kumuh. Kapok bgt",2026-02-17T07:04:00.100Z,Sur ya,109420399644679364265,False,1,id,2026-05-05T05:38:10.588065
Ci9DQUlRQUNvZENodHljRjlvT2pOSWRrNTRaM2xNWm10bllVNVlUMkY1UzBoMWIyYxAB,ChIJabdx6Ifibi4RV1TOXOP3XtE,Nasi Jamblang Pelabuhan NJP 1970,cirebon,Kuliner,5,"Sambelnya enak, pelayanannya satt sett.. kita ambil sendiri lauknya, free teh tawar",2026-02-17T02:39:49.420Z,Hidayah Assyafiq,106090568722668642238,True,0,id,2026-05-05T05:38:10.588073
Ci9DQUlRQUNvZENodHljRjlvT25ReGRXWmhUR1Z1UzNwRFl6Sm5YMUpzTnpoUmMxRRAB,ChIJabdx6Ifibi4RV1TOXOP3XtE,Nasi Jamblang Pelabuhan NJP 1970,cirebon,Kuliner,5,"Resto legendaris di Cirebon, rasa enak, mantab, tempatnya bersih. Terkadang ada pengamen suara merdu sambil menikmati hidangan..",2026-02-12T13:46:19.123Z,Jaka Sunaryo,110732976581631281608,False,0,id,2026-05-05T05:38:10.588082
Ci9DQUlRQUNvZENodHljRjlvT21KRE0yTTVURWMwWVdKRFdGQXlValJhZWtwVmExRRAB,ChIJabdx6Ifibi4RV1TOXOP3XtE,Nasi Jamblang Pelabuhan NJP 1970,cirebon,Kuliner,5,Menu banyak rasa sesuai selera,2026-02-11T13:44:21.380Z,kusnadi apandi,116032540163623732520,True,0,id,2026-05-05T05:38:10.588091
Ci9DQUlRQUNvZENodHljRjlvT21kbVdGTkdiRzEyUnpkRFptUldTRGhIUzFCM09YYxAB,ChIJZ9Duj3Xibi4R7O9eh4I9Mbg,Nasi Jamblang Ibad Otoy,cirebon,Kuliner,5,"Lauk yang di sajikan banyak sekali pilihannya, jujur kepengen semuanya haha..

Favorit lauk sate udangnya mantap, semur daging sapinya best..

Pelayanan ramah dan cepat, harga terjangkau letak di tengah kota..
Tempatnya luas..",2026-05-05T04:11:01.116Z,Verayga Dimitri Pranata,104166311865419253427,True,0,id,2026-05-05T05:38:10.588108
ChZDSUhNMG9nS0VJQ0FnSURnNnFQSEl3EAE,ChIJZ9Duj3Xibi4R7O9eh4I9Mbg,Nasi Jamblang Ibad Otoy,cirebon,Kuliner,5,Nasi jamblang legend,2026-05-02T18:33:05.323Z,F. Jun,112616693367782966444,True,0,id,2026-05-05T05:38:10.588126
Ci9DQUlRQUNvZENodHljRjlvT21adVNtNTFkWGMwTlhnMVlVZG5YelpNVTFBMVNsRRAB,ChIJZ9Duj3Xibi4R7O9eh4I9Mbg,Nasi Jamblang Ibad Otoy,cirebon,Kuliner,4,Menunya banyak pilihan dan harganya murah meriah. Rasa masih oklah,2026-04-29T15:57:54.613Z,jimmy soemitro,102231346799266845939,True,0,ms,2026-05-05T05:38:10.588152
Ci9DQUlRQUNvZENodHljRjlvT2tWME5VbE1RazU0UzBOZmEyTnRiWFV4ZDFZdFEzYxAB,ChIJZ9Duj3Xibi4R7O9eh4I9Mbg,Nasi Jamblang Ibad Otoy,cirebon,Kuliner,5,Mantap.. Enak.. Dan murah.. Lokasi strategis..,2026-04-28T00:03:58.380Z,AMH HIDAYAH,113216875474191494045,True,0,id,2026-05-05T05:38:10.588167
Ci9DQUlRQUNvZENodHljRjlvT2xGSVFsaG1WVVJJWldKNVdqRkViWFZDWTJOaVNVRRAB,ChIJZ9Duj3Xibi4R7O9eh4I9Mbg,Nasi Jamblang Ibad Otoy,cirebon,Kuliner,1,Terlalu lama menunggu orderan food driver dattang belum di siapkan malah nunggu lama karyawan lemot banget,2026-04-27T14:16:28.501Z,Febri Yanto,111486966000358263312,False,0,id,2026-05-05T05:38:10.588176
Ci9DQUlRQUNvZENodHljRjlvT2psTWJtb3dZV2syWWswNFgyMHpVR2RmWDNsaE1FRRAB,ChIJZ9Duj3Xibi4R7O9eh4I9Mbg,Nasi Jamblang Ibad Otoy,cirebon,Kuliner,5,Salah satu tujuan tempat kuliner kami saat ke Cirebon..,2026-04-21T16:49:38.703Z,Ismail L. Haridha,117264620787328142322,True,0,id,2026-05-05T05:38:10.588205
Ci9DQUlRQUNvZENodHljRjlvT2xJMFFYRkhXRmREYkZOUE9FSXpkVmhWVDFCRGNuYxAB,ChIJZ9Duj3Xibi4R7O9eh4I9Mbg,Nasi Jamblang Ibad Otoy,cirebon,Kuliner,4,Makanan lumayan. Harus bayar parkir.,2026-04-21T07:28:05.838Z,Robertho Simson,107196743284449063373,True,0,id,2026-05-05T05:38:10.588214
Ci9DQUlRQUNvZENodHljRjlvT205RGIwVnNhVlZ0U3pOWmRFTnRRVFJ3TWtWZk9VRRAB,ChIJZ9Duj3Xibi4R7O9eh4I9Mbg,Nasi Jamblang Ibad Otoy,cirebon,Kuliner,5,"Bukan pecinta nasi jamblang, karna ak gabisa makan sambel terasi..
Tapi overall menu nya cukup enak .. Disini ada pedesan entog nya",2026-04-20T11:29:58.217Z,Linda nurika,107611167383216395829,True,0,id,2026-05-05T05:38:10.588223
Ci9DQUlRQUNvZENodHljRjlvT21KWExYbzBVMnRoTUV4RmJWWk9iVXBuYmxkaVdGRRAB,ChIJZ9Duj3Xibi4R7O9eh4I9Mbg,Nasi Jamblang Ibad Otoy,cirebon,Kuliner,4,Ga rekomen aahhhh......,2026-04-18T04:39:53.831Z,Yuni Budimansyah IBM,112142772155870325758,True,0,id,2026-05-05T05:38:10.588238
Ci9DQUlRQUNvZENodHljRjlvT200eGFVWmFVV2w1VkdGNGVHNXlaRUk0ZDFkelUxRRAB,ChIJZ9Duj3Xibi4R7O9eh4I9Mbg,Nasi Jamblang Ibad Otoy,cirebon,Kuliner,5,"Menurutku dari nasi, sambal, gorengan, sampai lauk enak banget sih. Worth it dan gak zonk sama sekali! Enak buat makan sendiri atau makan bareng temen dan keluarga. Porsi nasinya buat cewek juga oke banget walau cuman beli satu.

Ada area parkir yang luas buat motor atau mobil muat banget lah. Suasananya juga oke, apalagi kalau malem.",2026-04-09T12:17:37.191Z,Viona Dienty,102995467213406186497,False,0,id,2026-05-05T05:38:10.588259
Ci9DQUlRQUNvZENodHljRjlvT2psWmNsaE1RazR0WDFsa2FVeG5la2hIZUU1SWVrRRAB,ChIJabdx6Ifibi4RV1TOXOP3XtE,Nasi Jamblang Pelabuhan NJP 1970,cirebon,Kuliner,5,Jauh2 dr jkt mkn kesini..lmyn kecewa..cm paru yg enak sisanya niasa aja cenderung mahal..ada jual mainan dkt pintu msk sm ngamen musik. Sure will not back..sorry honest review🙏,2026-02-09T23:58:17.864Z,Kathelin Teoriman,109207050154501102710,True,0,id,2026-05-05T05:38:10.588268
Ci9DQUlRQUNvZENodHljRjlvT2pKb2NXaFRZemRGY0ZWaWVtOURUWEJyT1daV2NYYxAB,ChIJabdx6Ifibi4RV1TOXOP3XtE,Nasi Jamblang Pelabuhan NJP 1970,cirebon,Kuliner,5,"Ini mah legend, walopun tempatnya nyempil, terkenal kemana2, harga murmeerrr, rasa mah jgn ditanya lg, dari jaman dulu, joss",2026-02-08T15:17:44.498Z,The Professor,117212652478592008297,True,0,id,2026-05-05T05:38:10.588276
ChZDSUhNMG9nS0VJQ0FnSUMwNmNTbFVBEAE,ChIJabdx6Ifibi4RV1TOXOP3XtE,Nasi Jamblang Pelabuhan NJP 1970,cirebon,Kuliner,5,Nasi jamblang legend dengan citarasa paling enak,2026-02-02T11:18:01.483Z,dewanto,118062748395132776061,True,0,id,2026-05-05T05:38:10.588292
Ci9DQUlRQUNvZENodHljRjlvT25NeGJGOXZOamxpZEU1elNqVnZiUzFFYTFsaFYxRRAB,ChIJabdx6Ifibi4RV1TOXOP3XtE,Nasi Jamblang Pelabuhan NJP 1970,cirebon,Kuliner,1,"cumi-cuminya terlalu alot sehingga sulit untuk dipotong dengan sendok, terdapat sampah di dalam toilet, akses masuk yang sempit, dan harga yang tidak masuk akal mengingat kualitas makanannya yang sangat tidak mencerminkan harganya seperti cumi-cuminya yang harganya mencapai 25000 per potong.",2026-02-01T14:22:53.427Z,Fery Umar,106280650213680213468,True,0,id,2026-05-05T05:38:10.588300
Ci9DQUlRQUNvZENodHljRjlvT25FMk9XVmlSMjFTUjJwdFowODNTbkZXVW1WR01HYxAB,ChIJabdx6Ifibi4RV1TOXOP3XtE,Nasi Jamblang Pelabuhan NJP 1970,cirebon,Kuliner,2,Makanan nya mahal dibandingdengan tempat dan apa yg dimakan. Cumi blukutek kecil harga 25 rb seekor. Agak mahal sih menurut gw. Rasanya biasa banget ga ada yg spesial. Gw makan sendiri habis 74 rb.,2026-02-01T05:12:00.050Z,Ottoiskandar27@gmail.com Iskandar,112425565412570926767,False,0,id,2026-05-05T05:38:10.588308
Ci9DQUlRQUNvZENodHljRjlvT2tGdVVWQldZVzV5VW1WMGJVRktiR1ZhYzFkaVZuYxAB,ChIJabdx6Ifibi4RV1TOXOP3XtE,Nasi Jamblang Pelabuhan NJP 1970,cirebon,Kuliner,3,"Rasa b banget,ga se enak yg saya bayangin dr review org2/youtuber yg suka kesini. Cumi nya luar biasa alot padahal sepotong 25 rb (menurut saya mahal kalo harga 25 quality seperti ini). Overrrated",2026-02-01T05:09:53.299Z,fachri iskandar,114046968011137720988,True,0,id,2026-05-05T05:38:10.588317
Ci9DQUlRQUNvZENodHljRjlvT2xsaldGOW1ZV04yVWpSbU0yUXpOM0l0ZVdKeWQxRRAB,ChIJabdx6Ifibi4RV1TOXOP3XtE,Nasi Jamblang Pelabuhan NJP 1970,cirebon,Kuliner,4,"Rasanya ok, tempat ckp ramai dari dulu tp rasanya sdh sedikit berubah dan kenaikan harga nya ckp lumayan",2026-01-18T03:42:28.590Z,Ferdi Handmade,104101179318031463113,True,0,ms,2026-05-05T05:38:10.588353
Ci9DQUlRQUNvZENodHljRjlvT2poM2RqaFdVSFZMYVY5Rk5VUjNTRFU1TFRKMWFYYxAB,ChIJZ9Duj3Xibi4R7O9eh4I9Mbg,Nasi Jamblang Ibad Otoy,cirebon,Kuliner,5,"Salah satu nasi jamblang favorit. Harganya cukup affordable dibanding tempat terkenal lainnya. Rasanya top, favorit saya paru dan perkedel kentang garingnya",2026-04-09T04:11:24.075Z,Uswatun Khasanah,105049367036758678493,True,0,id,2026-05-05T05:38:10.588361
Ci9DQUlRQUNvZENodHljRjlvT21sbFYxVm5aM05TWWw5Zk9FZElaRWhJYjFwQ1RXYxAB,ChIJZ9Duj3Xibi4R7O9eh4I9Mbg,Nasi Jamblang Ibad Otoy,cirebon,Kuliner,5,"This is also one of a ""must try"" place to visit",2026-04-09T04:05:29.671Z,My name is Viriando,105540549836287724458,True,0,en,2026-05-05T05:38:10.588369
Ci9DQUlRQUNvZENodHljRjlvT214Q2QyVlVWbkZ1U25GUFVUbGpkSFV0Um1aa1QwRRAB,ChIJZ9Duj3Xibi4R7O9eh4I9Mbg,Nasi Jamblang Ibad Otoy,cirebon,Kuliner,5,"Lokasi strategis, lapangan parkir luas, makanan enak, tp utk lauk nya cepat habis",2026-04-05T05:19:37.897Z,Isha Ismaeel,114498096100037671512,True,0,id,2026-05-05T05:38:10.588385
Ci9DQUlRQUNvZENodHljRjlvT2xnMlF6RXhkV3cxTjBOeVptVkNhM0YzU1ROWFRVRRAB,ChIJZ9Duj3Xibi4R7O9eh4I9Mbg,Nasi Jamblang Ibad Otoy,cirebon,Kuliner,1,"Rasa ok
Pelayanan ok
Tempat ok
Kelengkapan menu ok

Cuma masalah harga gak jelas,
Makan 5 orang minum 1 esteh habis 91rb
Dimintai bill nulisnya rendom, iseng hitung2 gak sampai 91 RB,
Untuk masukan saja, siapkan bill pembayaran sesuai yg di ambil pelanggan dan harganya, jadi bisa saling koteksi",2026-04-03T09:23:53.572Z,Hafidzah Farras,103905412552427824498,True,0,id,2026-05-05T05:38:10.588415
Ci9DQUlRQUNvZENodHljRjlvT2pkNGFXYzNhakZHYVhwZk5reHlRamRvYW5OU1RrRRAB,ChIJZ9Duj3Xibi4R7O9eh4I9Mbg,Nasi Jamblang Ibad Otoy,cirebon,Kuliner,5,Order di gojek beli yg paketan lebih murah,2026-04-02T17:00:41.980Z,Leni Indriyani,114210648857218767602,True,0,id,2026-05-05T05:38:10.588430
Ci9DQUlRQUNvZENodHljRjlvT2xaRlJrb3piRkpMWmtoVkxVUnRSVzExYjNsVWRWRRAB,ChIJZ9Duj3Xibi4R7O9eh4I9Mbg,Nasi Jamblang Ibad Otoy,cirebon,Kuliner,5,"minta rekomendasi maksi dari resepsionis hotel dan diarahin ke nasi jamblang ibad otoy..
agak sumpek dan gerah karna ramai pengunjung dan semi outdoor.

makanan seperti nasi rames dengan sajian prasmanan, pilih dan ambil makanan sendiri dengan jumlah sesuka hati..
rasanya enak, sambelnya enak..
bayar sesuai dengan lauk yang diambil",2026-04-01T12:56:09.602Z,indah restu,106929365586703338116,True,0,id,2026-05-05T05:38:10.588440
Ci9DQUlRQUNvZENodHljRjlvT2w5R2RqRk1OVU5DTlcxUFZuRldWWFkzVG5oVU1WRRAB,ChIJZ9Duj3Xibi4R7O9eh4I9Mbg,Nasi Jamblang Ibad Otoy,cirebon,Kuliner,5,"Utk.rasanya enak, pilihan lauknya variatif n harganya terjangkau n area parkirnya luas.  Pokoknya klu ke kota Cirebon, jgn lupa mampir ke Nasi Jamblang Ibad Otoy, pasti puas👍",2026-04-01T12:30:46.088Z,esti fatmirani,109035132789896191446,True,0,id,2026-05-05T05:38:10.588449
Ci9DQUlRQUNvZENodHljRjlvT2pGU1psRXdVeTE1YmpKaWQxZ3dNV2RyYlRkcUxVRRAB,ChIJZ9Duj3Xibi4R7O9eh4I9Mbg,Nasi Jamblang Ibad Otoy,cirebon,Kuliner,4,"Pertama kali coba nasi jamblang disini dan cukup oke. pilih disini karena tempat nya lumanyan lega dan dekat kalo mau sekalian ke gramedia atau ke mall CSB karena searah meski agak masuk ke area AL.

untuk makanan nya overal enak tapi favoritku adalah usus cabe ijo nya. sambel nya pedes dan makanan lainnya cenderung gurih manis asin. untuk sistem makan nya prasmanan dan diambilkan nasinya aja. bisa pilih mau berapa scoope.

untuk harga standar lah under 30k udah kenyang. terus juga enaknya ada stand tahu gejrot dan kalo mau nambah empal gentong tinggal ke warung sebelah depan nya. better kesini jam jam awal buka biar menu masih lengkap dan ga terlalu panas.",2026-04-01T08:43:41.053Z,Restu Mustaqim,106137090235187582584,True,0,id,2026-05-05T05:38:10.588466
Ci9DQUlRQUNvZENodHljRjlvT201cFEyOXVYMnB1WVRkSloyTnNSbEZvU1dkR1lsRRAB,ChIJZ9Duj3Xibi4R7O9eh4I9Mbg,Nasi Jamblang Ibad Otoy,cirebon,Kuliner,5,Baru pertama..enak kok,2026-03-30T14:39:22.083Z,bulu kutuk,101260702061149216519,False,0,id,2026-05-05T05:38:10.588482
ChdDSUhNMG9nS0VJQ0FnSUNZaDZpNWlnRRAB,ChIJZ9Duj3Xibi4R7O9eh4I9Mbg,Nasi Jamblang Ibad Otoy,cirebon,Kuliner,4,"Price is affordable, if you like spicy foods visit here, mostly food is spicy. Black squid is very good too. But the place is not really clean.",2026-03-28T10:02:34.634Z,Evan,109843074730568777817,True,0,en,2026-05-05T05:38:10.588506
Ci9DQUlRQUNvZENodHljRjlvT21NM1ZVcENaVGRIWkVwQlZUbFNhM0pLTWxSclIzYxAB,ChIJZ9Duj3Xibi4R7O9eh4I9Mbg,Nasi Jamblang Ibad Otoy,cirebon,Kuliner,4,"Nyari nasi Jamblang, pilihannya Ibad Otoy. Relatif dekat dg pintu tol, jadi buat yg dari luar kota Cirebon bisa jadi destinasi kulinernya.
Masakan khas menu nasi jamblang Cirebon. Nasi pakai sambalnya dan disajikan di atas daun. Tahu bacem dan parunya juara sih. Tempe dan gorengan lainnya juga khas banget.",2026-03-28T02:43:38.472Z,rizki perdana,116323759800671434909,True,0,id,2026-05-05T05:38:10.588514
Ci9DQUlRQUNvZENodHljRjlvT2pOaE1UVnhWbWQ0ZDJZM1JEUkJRVFU1TlhveWJXYxAB,ChIJZ9Duj3Xibi4R7O9eh4I9Mbg,Nasi Jamblang Ibad Otoy,cirebon,Kuliner,5,"Jadi, alih-alih mencoba yang lebih terkenal gw putusin buat coba yang ini (karena mau ke CSB dan searah). Jujur gak keliatan spesialnya Nasi Jamblang tuh apa, waktu searching sih tulisannya spesialnya karena alas daun tapi ternyata pake kertas burem biasa juga, jadinya ujung-ujungnya kayak prasmanan Indonesia biasa aja sih.

Terlepas dari apa uniknya nasi Jamblang ini, jujur makanan yang ada di sini enak-enak mulai dari tempe, tahu, kentang, telor, dan sebagainya walaupun pilihannya agak limited. Untuk porsi nasinya agak kecil, minta lebih dari 1 aja. Harganya juga sangat amat terjangkau, makan berdua hampir pasti di bawah 50k.

Sayangnya dibungkus, gak makan di tempat jadinya pengalamannya agak berkurang. Tapi secara keseluruhan, untuk makanan, pelayanan, dan suasanya sih oke banget, layak dicoba kalo ke Cirebon. Harganya juga agak miring. Komplen gw satu-satunya adalah parkir di tempat ini mahal, 4k/jam, lebih mahal dari mall lho.",2026-03-27T16:00:52.862Z,Kenneth A. Jims,117927878296660853052,True,0,id,2026-05-05T05:38:10.588524
Ci9DQUlRQUNvZENodHljRjlvT25rMFEwUlFkMWhCTVRsbFlpMW1NMU5UVWtZMmVVRRAB,ChIJZ9Duj3Xibi4R7O9eh4I9Mbg,Nasi Jamblang Ibad Otoy,cirebon,Kuliner,5,"Semuanya juaraa, harga murah meriah tapi untuk kualitas makanan tidak murahan 🫣🤗😂🤭😆😛✌🏻 setara kaki lima lahhh yaaaa,,, dan penerapannya juga prasmanan jadii ambil sendiri sesuka hatii tapi ingat jangan kebanyakan jgn bablas sayy,,,, q kalo makan di tempat ini jadi keinget almh mamah setiap ke Cirebon apalagi sebelum muterin grage selalu kesinii dulu isi perut hahahahahaha (karna ga kuat kalo makan di mall 😆😛🤭😂🤗✌🏻)
Tapi kalo kesini pas weekend harus dulu duluan sama yang lain karna makannya cepet habis sayyy, paling cuma sisa telor dadar, ceplok balado, sama tahu terus yang lain lainnyaaah tapii yang best seller yang pada habisss,, sooo q saranin datangnya pas weekday ajaahh tapii kalo ga sempet weekend jugaa bolehh tapii dateng pagii 🤗🫣😆😍😂🤭✌🏻🫰🏻🤍💕
Al-fatihah untuk mamah q dan sukses selalu untuk nasi jamblang Ibad Otoy 😍😆🫣🤗🫰🏻",2026-03-27T06:39:54.651Z,fahmida kenisha,106652505182187458724,False,0,id,2026-05-05T05:38:10.588533
Ci9DQUlRQUNvZENodHljRjlvT2s5NGVYcFNVbEptV1RnM1RXOXVSMGx5ZERORWVFRRAB,ChIJZ9Duj3Xibi4R7O9eh4I9Mbg,Nasi Jamblang Ibad Otoy,cirebon,Kuliner,1,"Tidak ada nota jd hitung nya asal aja dan tidak sesuai harga yg tertulis di papan menu. Saya hitung ulang sendiri, selisihnya lebih mahal hampir 30rb",2026-03-27T04:18:50.756Z,Eliana Yauw,109580404339721971157,True,0,id,2026-05-05T05:38:10.588542
Ci9DQUlRQUNvZENodHljRjlvT2w5VVRIVkRWRXgyU21SRVNuaHJXVGt3YlRsVVZHYxAB,ChIJZ9Duj3Xibi4R7O9eh4I9Mbg,Nasi Jamblang Ibad Otoy,cirebon,Kuliner,4,"Pesan langsung ke bagian nasi diambilkan karyawan mau berapa bungkus nasi karena 1 bungkus nasi ukuran kecil, lauk ambil sendiri langsung bayar ke kasir sekaligus pesan minuman. Bukan jam makan siang tapi ramai banget tp antrian cepat. Sate kentang, telur dadar, tahu yang dimasak cukup enak sesuai selera.",2026-03-26T05:27:01.458Z,rizkya,105187841902857367534,True,0,id,2026-05-05T05:38:10.588558
Ci9DQUlRQUNvZENodHljRjlvT2t4T1pXUnNaRlJaVmtJdFFqUjVNMDkyVHpSV1FWRRAB,ChIJZ9Duj3Xibi4R7O9eh4I9Mbg,Nasi Jamblang Ibad Otoy,cirebon,Kuliner,5,Pedesan entognya enaaak..mau lagi kesini❤,2026-03-24T13:41:19.183Z,adissa maretta,112338842024520005336,True,0,id,2026-05-05T05:38:10.588578
Ci9DQUlRQUNvZENodHljRjlvT2s1dk5HOXZiMEZ4ZFVwc2EyRlpNRXA2U2tGdFJYYxAB,ChIJZ9Duj3Xibi4R7O9eh4I9Mbg,Nasi Jamblang Ibad Otoy,cirebon,Kuliner,5,Lauknya beragam.. cumi dan kerangnya juara..,2026-03-22T06:51:41.988Z,Yandri Mahaldy Z,109563993281453175532,True,0,id,2026-05-05T05:38:10.588621
Ci9DQUlRQUNvZENodHljRjlvT25CU2FraFliR1poWm5OT1QwSTBMVlJGV21wM1UxRRAB,ChIJISq1jm7ibi4RLsqgNKHHFTM,Docang Pak Kumis Khas Cirebon,cirebon,Kuliner,5,Kangen docang pak kumis,2026-04-01T07:30:15.987Z,jhosia helvanus,104653227122824712388,False,0,id,2026-05-05T05:38:10.588639
Ci9DQUlRQUNvZENodHljRjlvT21WRlFqSmlWR1p0VTBGUFlUSlNXa3RQVEZWNmJFRRAB,ChIJISq1jm7ibi4RLsqgNKHHFTM,Docang Pak Kumis Khas Cirebon,cirebon,Kuliner,1,"Sorry banget yaa. Aku makan disini rasanya enak aja, tapi kebayang gak si kita lagi lapar banget nyari docang terus pas lagi makan docang yang ngelayaninnya ngelempar docang yang dibungkus sama krupuk depan muka gua :"") ya tuhan, aku tau pelayannya gak bermaksud apa-apa tapi plis banget jaga etikanya yaa, kita juga beli kan pake duit. Bukan baper atau apapun aku tau banget docang ini terkenal, maybe etika kedepankan untuk pelanggan. Sempet mau rekomendasiin docang ini ke keluarga gua tapi pas tau pelayanannya sorry gajadi :"") mohon perbaiki ya pak, bu manajementnya ☺️🙏",2026-01-11T12:54:23.577Z,Ubba Hassanah,101395385352400551550,False,0,id,2026-05-05T05:38:10.588654
Ci9DQUlRQUNvZENodHljRjlvT21WUlRHUlJRbkJRTnpCV2IyTXRhRkpJVVVwMmNtYxAB,ChIJISq1jm7ibi4RLsqgNKHHFTM,Docang Pak Kumis Khas Cirebon,cirebon,Kuliner,5,"Tempatnya strategis, selain docang, warung ini juga jual macem2 makanan dan minuman, enak lezat murah bergizi. Rasa tauconya wangi dan tidak overpowered, kemudian sayuran nya juga pas, masih segar tidak overcooked. Overall recommended!
Note : parki mobil di pinggir jalan cukup mudah",2025-12-29T07:22:50.480Z,Yusuf Yusuf,114075070342245419440,True,0,id,2026-05-05T05:38:10.588662
Ci9DQUlRQUNvZENodHljRjlvT25RMGNWSktMVVY0UVZWbE5EWTNYMmhXZUcxNlgwRRAB,ChIJISq1jm7ibi4RLsqgNKHHFTM,Docang Pak Kumis Khas Cirebon,cirebon,Kuliner,5,enak dan harga terjangkau recommended untuk di coba,2025-10-06T15:02:23.376Z,X rozes,116106096806343922566,False,0,id,2026-05-05T05:38:10.588670
Ci9DQUlRQUNvZENodHljRjlvT2t0TFQzbFpaelJTV0dZeE5sQnRSa3AwV0VKeVoyYxAB,ChIJISq1jm7ibi4RLsqgNKHHFTM,Docang Pak Kumis Khas Cirebon,cirebon,Kuliner,4,"Pertama kali nyoba docang. Rasanya unik kirain baka ky lontong sayur ternyata beda karena bumbunya pakai tauco jd ada rasa asam. Buat turis yg penasaran rasa docang boleh lah dicoba tp kalau saya untuk balik lagi sepertinya tidak, lidah sy tidak cocok dengan docang 😅",2025-07-26T09:24:54.447Z,saras ds,103570916121306733086,True,0,id,2026-05-05T05:38:10.588686
ChZDSUhNMG9nS0VORGd2NTNkdnRyQU53EAE,ChIJISq1jm7ibi4RLsqgNKHHFTM,Docang Pak Kumis Khas Cirebon,cirebon,Kuliner,5,Baru sekali ke sana. Yaa lumayan lah buat nambah pengalaman,2025-05-15T01:28:12.983Z,dhaifina asmarani,110101342908611469057,True,0,id,2026-05-05T05:38:10.588708
ChZDSUhNMG9nS0VNdVV0cWZZdWNIX1BnEAE,ChIJISq1jm7ibi4RLsqgNKHHFTM,Docang Pak Kumis Khas Cirebon,cirebon,Kuliner,5,"Lontong sayur khas cirebon.  Paduan daun singkong, toge, kerupuk dgn kuah panas rasa gurih asin sedikit pedasm. Rekomen  buat wiskul  sarapan khas cirebon. Oya lokasi tenda pinggir jalan ya sesuai google maps.",2025-05-13T03:12:11.015Z,Irwin Gaylor,100482808673019731420,True,0,id,2026-05-05T05:38:10.588758
ChdDSUhNMG9nS0VOZng4ZWFwcXNQR2d3RRAB,ChIJISq1jm7ibi4RLsqgNKHHFTM,Docang Pak Kumis Khas Cirebon,cirebon,Kuliner,5,Lokasi sangat strategis,2025-05-11T14:28:18.986Z,Enah Saenah,100732941218397722378,True,0,id,2026-05-05T05:38:10.588771
ChdDSUhNMG9nS0VJQ0FnTUNvbnNDWjl3RRAB,ChIJISq1jm7ibi4RLsqgNKHHFTM,Docang Pak Kumis Khas Cirebon,cirebon,Kuliner,5,"Sehat sehat ya bapak ibu, biar bisa jualan terus
Next bakalan cobain docang +pedesanan tulangan nya hihi",2025-04-17T06:07:55.998Z,Karina Agustine,111930382632872225037,False,0,id,2026-05-05T05:38:10.588797
ChZDSUhNMG9nS0VJQ0FnSUNmdGZ1NU93EAE,ChIJISq1jm7ibi4RLsqgNKHHFTM,Docang Pak Kumis Khas Cirebon,cirebon,Kuliner,5,"Enak dan murah. Deket juga sama stasiun cirebon prujakan.

Wajib cobain pedesan cekernya, nagiih.

Yang punya ramah bangettt",2024-12-31T10:06:26.534Z,Mrs.N,117346905375384956585,True,0,id,2026-05-05T05:38:10.588821
ChZDSUhNMG9nS0VJQ0FnSUN2LVBURU9nEAE,ChIJISq1jm7ibi4RLsqgNKHHFTM,Docang Pak Kumis Khas Cirebon,cirebon,Kuliner,5,"Ini salah satu docang recomended di Cirebon, cita rasanya unik&enak",2024-12-07T23:46:49.066Z,deni andriyanto,113363519575332588180,True,0,id,2026-05-05T05:38:10.588836
Ci9DQUlRQUNvZENodHljRjlvT2tKbFlXWkZPWFJRUzNsNE4zcFFRVlJLZFZOWE5YYxAB,ChIJQSzWI2nibi4R7PKMJUkxRzs,Restoran Sederhana Masakan Padang (SA),cirebon,Kuliner,1,Bad service parahhhh,2026-05-01T03:33:46.633Z,Alya Lathofany,106230442861203796622,False,0,en,2026-05-05T05:38:10.588868
ChZDSUhNMG9nS0VJQ0FnSUNDMC1MN0d3EAE,ChIJQSzWI2nibi4R7PKMJUkxRzs,Restoran Sederhana Masakan Padang (SA),cirebon,Kuliner,3,"Kepala kakapnya mantap

Kotoran Lalat di kaca musholla, seharusnya tidak ada pada restoran padang Sederhana (SA)",2026-04-30T07:03:01.688Z,Muhammad Thohir,115367022268173949868,True,1,id,2026-05-05T05:38:10.588877
Ci9DQUlRQUNvZENodHljRjlvT2pBeGRFODJZV28zY0dKUU0zazVNR2sxZERreFVHYxAB,ChIJQSzWI2nibi4R7PKMJUkxRzs,Restoran Sederhana Masakan Padang (SA),cirebon,Kuliner,1,Order Take away nunggu pelayan 15 menit tidak ada yg datang. di diamkan sendiri saja. KACAU,2026-04-29T09:09:00.996Z,Aziz Al Hakim,115613294085028659112,False,0,id,2026-05-05T05:38:10.588900
Ci9DQUlRQUNvZENodHljRjlvT2tkR1ExSnhVRU5oVjA5dlZUQnhOblJTYlRkdVptYxAB,ChIJQSzWI2nibi4R7PKMJUkxRzs,Restoran Sederhana Masakan Padang (SA),cirebon,Kuliner,1,Pelayanan tidak enak org gak pesen nasi malah di tuliss nasi 2 😩,2026-04-22T15:57:50.960Z,Della Ebeng,110011970186479638652,False,0,id,2026-05-05T05:38:10.588908
Ci9DQUlRQUNvZENodHljRjlvT2w5RU1UZG9Zbm93ZDBFelRXMTJUbk56T0ZoQ2RVRRAB,ChIJQSzWI2nibi4R7PKMJUkxRzs,Restoran Sederhana Masakan Padang (SA),cirebon,Kuliner,2,Service nya lama…,2026-04-06T04:45:42.556Z,Lukman Budiman,107385411316276654213,False,0,id,2026-05-05T05:38:10.588939
Ci9DQUlRQUNvZENodHljRjlvT2xacmFEVkVRVkZCTURsbVJEWkNUSEExVG05dE1YYxAB,ChIJQSzWI2nibi4R7PKMJUkxRzs,Restoran Sederhana Masakan Padang (SA),cirebon,Kuliner,1,"TUTUP PERMANEN AJA!
rendang apa-apaan woi!!!!!
Bumbu item terlalu pekat! Tekstur daging rendang alot!",2026-04-01T14:29:39.165Z,Mohammad Faridz Fathurrohman,116968154589244734291,False,0,id,2026-05-05T05:38:10.588947
Ci9DQUlRQUNvZENodHljRjlvT213dGJWUmpUV2xTWW5kSk16TjRWVlJZZVVObU5IYxAB,ChIJQSzWI2nibi4R7PKMJUkxRzs,Restoran Sederhana Masakan Padang (SA),cirebon,Kuliner,1,"Kaya nya Harus ke THT semua tuh abang abang nya pada ga denger padahal udah bang pesen bang pesen 4x bolak balik ke tempat pesanan ,padahal  tempat pesanan saya sendiri ga ada orang pesan ga di gubris sama sekali segitu banyak nya kariawan,giliran ada customer penapilan nya seperti orang kaya langsung full service",2026-03-17T17:33:32.042Z,Hadi Mardika,114458536720223650720,False,0,id,2026-05-05T05:38:10.588970
Ci9DQUlRQUNvZENodHljRjlvT2pONVJGaExZVEpDUWxWMGFrSmxjRUk1WHpsbE5tYxAB,ChIJQSzWI2nibi4R7PKMJUkxRzs,Restoran Sederhana Masakan Padang (SA),cirebon,Kuliner,2,"makanan nya lumayan enak, tapi mahal lalu pelayanan nya sangat buruk bikin orang bingung",2026-03-17T13:03:56.327Z,herliyanah 27,104042516181593274327,False,0,id,2026-05-05T05:38:10.588978
ChdDSUhNMG9nS0VJQ0FnSURTczlTZnJBRRAB,ChIJQSzWI2nibi4R7PKMJUkxRzs,Restoran Sederhana Masakan Padang (SA),cirebon,Kuliner,5,Bukber bersama keluarga ... masyallah penuhhh harus reservasi dulu😊,2026-03-15T13:37:23.260Z,Hamba Alloh,100846989346023145258,True,0,id,2026-05-05T05:38:10.589003
ChZDSUhNMG9nS0VJQ0FnSURBN18zemRREAE,ChIJnedZon3ibi4RgUZikNq8Sd4,Sate Kalong (Kerbau) Bpk. Karyadi,cirebon,Kuliner,3,"Feb26
Harga 32k isi 20 tusuk
Lontong 3k
Dikasi teh tawar anget free

Ags23
Harga 32k isi 20 tusuk

Tipis2 banget 😢",2026-02-17T11:27:00.545Z,Budi Tanuwijaya,109185283172104926658,True,0,id,2026-05-05T05:38:10.589050
Ci9DQUlRQUNvZENodHljRjlvT2xCc1IxQkpjemc0Tm5CUWJsaDJaSFF0U1hGS1ozYxAB,ChIJnedZon3ibi4RgUZikNq8Sd4,Sate Kalong (Kerbau) Bpk. Karyadi,cirebon,Kuliner,5,"Cemilan sore: sate kalong campur.
Dagingnya tipis. Sate Daging kerbau legendaris di cirebon.
Harganya relatif ⬆️ 🤔
Sekedar cobain saja 😆
Yukkk mampir cobain 😁",2026-01-19T11:19:21.745Z,Airborne -,108738763857815924002,True,0,id,2026-05-05T05:38:10.589065
Ci9DQUlRQUNvZENodHljRjlvT2xFdGNtdFFRbXBxVUdOd2VHNVRXbVpaTUdSalduYxAB,ChIJnedZon3ibi4RgUZikNq8Sd4,Sate Kalong (Kerbau) Bpk. Karyadi,cirebon,Kuliner,4,"Buat yg suka sate daging kerbau, disini tempatnya, bikin ngiler dah pokoknya. Buka jam 5 sore, tp seringnya udh abis sblm jam 9an. Review ini dibuat pas lapaknya br buka jam stgh 5 sore, jd blm keliatan rame, aslinya banyak udh pesen dl sblmnya....",2026-01-17T09:42:25.263Z,Tubagus Kris Aditya,110621854707353131214,True,0,id,2026-05-05T05:38:10.589074
Ci9DQUlRQUNvZENodHljRjlvT25WSGFUTndha0pYV2prd2VtazVUalF6UXpoWVdHYxAB,ChIJnedZon3ibi4RgUZikNq8Sd4,Sate Kalong (Kerbau) Bpk. Karyadi,cirebon,Kuliner,5,Rasa penuh kenangan....... Terpuaskan pokoknya,2025-12-15T03:56:19.612Z,Cipta Suryana,116589185193637281826,True,0,id,2026-05-05T05:38:10.589090
Ci9DQUlRQUNvZENodHljRjlvT2w5TmIzVTNSREJrWTNaS1dsUXpaV2h1VUdWTVEzYxAB,ChIJnedZon3ibi4RgUZikNq8Sd4,Sate Kalong (Kerbau) Bpk. Karyadi,cirebon,Kuliner,5,"salah satu sate khas cirebon yang tidak dapat ditemukan di tempat lain, dari rasa, tekstur, sate dari bahan baku daging kerbau,
Pelayanan mantap, sempat kehabisan pas datang, tapi mas nya pagi - pagi bisa antar ke hotel dan sudah siap santap.",2025-08-26T07:49:08.144Z,abot firmansyah,115551481025905278757,True,0,id,2026-05-05T05:38:10.589151
Ci9DQUlRQUNvZENodHljRjlvT25ObE1rZHFjV2Q2ZVhGc1pWVm5UMlIxTjB0R1dXYxAB,ChIJnedZon3ibi4RgUZikNq8Sd4,Sate Kalong (Kerbau) Bpk. Karyadi,cirebon,Kuliner,5,"Sate kalong
daging kerbau 👌🏽",2025-07-25T14:31:41.108Z,Wanda Eko,113330150985890785044,True,0,id,2026-05-05T05:38:10.589173
ChdDSUhNMG9nS0VQbXlsN3JjdWRHZ2dnRRAB,ChIJnedZon3ibi4RgUZikNq8Sd4,Sate Kalong (Kerbau) Bpk. Karyadi,cirebon,Kuliner,5,"Sate yang terbuat dari daging Kerbau, rasanya manis seperti dengdeng.
Bagi yang tidak suka manis, ada pilihan Sate Kikil. Dilengkapi dengan bumbu kacang dengan rasa yang khas. Harga perporsi adalah 32.000",2025-05-20T13:08:31.479Z,My Journey,118173016008693793139,True,0,id,2026-05-05T05:38:10.589188
ChZDSUhNMG9nS0VKdi00Y0Nnc1BPRk9BEAE,ChIJnedZon3ibi4RgUZikNq8Sd4,Sate Kalong (Kerbau) Bpk. Karyadi,cirebon,Kuliner,5,Enak dan empuk. Kuliner jarang yg ada di daerah laen....rekomen buat wisata kuliner dafing sate kerbau.,2025-05-13T13:19:05.347Z,Irwin Gaylor,100482808673019731420,True,0,id,2026-05-05T05:38:10.589201
ChdDSUhNMG9nS0VJQ0FnSURYd2RiSWd3RRAB,ChIJISq1jm7ibi4RLsqgNKHHFTM,Docang Pak Kumis Khas Cirebon,cirebon,Kuliner,4,"Coba-coba docang di Kota Cirebon, yaaah bisa coba dulu ini..",2024-10-28T02:41:05.248Z,Didik Muttaqien,117195366967440147704,True,0,id,2026-05-05T05:38:10.589216
ChZDSUhNMG9nS0VJQ0FnSUNYcXI2a2ZREAE,ChIJISq1jm7ibi4RLsqgNKHHFTM,Docang Pak Kumis Khas Cirebon,cirebon,Kuliner,4,"Sebagai turis, dapet rekomendasi buat nyobain docang. Penasaran banget dan mengekspektasikan rasanya bakalan kayak lontong sayur atau lontong kari.

Ternyata rasanya jauh banget dari ekspektasi. Dibilang ga enak juga kurang tepat. Mungkin emang ga cocok aja ama lidah orang non-Cirebon. Docang ini pake fermentasi kedelai atau tauco. Personally memang kurang suka. Jadinya ga bisa menikmati Docang ini. Secara tekstur juga cukup ganggu ketika lontong yang anyep ketemu ama daun pepaya dan krupuk yg basah. Walau ternyata orang lain bisa pesen krupuknya dipisah.

Tapi buat turis harus tetep cobain docang biar tau rasanya karena ini makanan yg paling khas dan mungkin ga ada di tempat lain! Enak atau engga biar lidah dan selera kalian yang tentukan",2024-10-15T08:43:23.269Z,Hikma Dirgantara,108377691670402539876,True,0,id,2026-05-05T05:38:10.589230
ChZDSUhNMG9nS0VJQ0FnSUREeW83a1V3EAE,ChIJISq1jm7ibi4RLsqgNKHHFTM,Docang Pak Kumis Khas Cirebon,cirebon,Kuliner,5,"Guys, gue abis nyobain Docang Pak Kumis di Cirebon, dan gila sih ini mah wajib banget dicoba kalo kalian lagi main ke sana!

Pertama kali gue liat tempatnya, gue sempet mikir, ""Ah, kayaknya biasa aja nih."" Tapi, jangan salah sangka! Begitu gue cobain docang-nya, langsung deh gue klepek-klepek.

Kuahnya tuh gurih banget, guys. Campuran santan dan rempah-rempahnya pas banget di lidah. Ada rasa gurih, manis, dan pedes yang bikin nagih.

Isian docang-nya juga gak pelit. Ada lontong, daun singkong, irisan daun kucai, dan yang paling penting, tauge yang melimpah! Tauge-nya tuh bener-bener fresh dan crunchy, guys. Bikin tekstur docang-nya jadi makin seru.

Gue juga suka banget sama sambal docang Pak Kumis. Pedesnya nendang banget, tapi gak bikin sakit perut. Cocok banget buat ngasih sensasi pedes yang bikin makan docang jadi makin mantap.

Overall, gue kasih nilai 9/10 buat Docang Pak Kumis. Rasanya yang otentik, harganya yang murah, dan tempatnya yang strategis bikin docang ini wajib banget dicoba kalo kalian lagi ke Cirebon.

So, tunggu apa lagi, guys? Buruan cobain Docang Pak Kumis! Dijamin gak bakal nyesel!

Tips dari gue:

Dateng ke Docang Pak Kumis lebih pagi, soalnya tempatnya rame banget!

Jangan lupa pesen sambalnya, guys. Pedesnya nendang!

Kalo kalian gak suka pedes, kalian bisa minta sambalnya dipisah.

Gue yakin, kalian bakal ketagihan sama Docang Pak Kumis!",2024-04-07T22:49:19.618Z,Nano Purwanto,102346275773765124101,True,2,id,2026-05-05T05:38:10.589285
ChdDSUhNMG9nS0VJQ0FnSUM5NGN2aXdnRRAB,ChIJISq1jm7ibi4RLsqgNKHHFTM,Docang Pak Kumis Khas Cirebon,cirebon,Kuliner,5,Kuliner asli Cirebon yang harus dicoba. Enak kalau menurut saya,2024-03-06T13:23:56.605Z,Fauzi,114305183695318228686,True,0,id,2026-05-05T05:38:10.589298
ChZDSUhNMG9nS0VJQ0FnSUM5aHVTV1RBEAE,ChIJISq1jm7ibi4RLsqgNKHHFTM,Docang Pak Kumis Khas Cirebon,cirebon,Kuliner,4,"Makanan unik khas cirebon. Rasa makanannya enak, tapi termasuk jenis makanan baru untuk saya. Karena rasa perpaduan kuah kaldu, lontong, cambah dan oncom sangat baru dilidah saya sebagai org jogja yg biasa makan gudeg. 👍",2024-03-04T23:00:40.493Z,Nur Fitria,112631131248319005075,True,0,id,2026-05-05T05:38:10.589312
ChdDSUhNMG9nS0VJQ0FnSURWaC15LXV3RRAB,ChIJISq1jm7ibi4RLsqgNKHHFTM,Docang Pak Kumis Khas Cirebon,cirebon,Kuliner,4,"Mencoba menu Docang Cirebon disini, rasanya tidak begitu istimewa tapi memang harganya cukup murah.",2023-12-17T07:35:00.018Z,Dori Dori,100986658281993309238,True,1,id,2026-05-05T05:38:10.589327
ChZDSUhNMG9nS0VJQ0FnSURwbzVDTFp3EAE,ChIJISq1jm7ibi4RLsqgNKHHFTM,Docang Pak Kumis Khas Cirebon,cirebon,Kuliner,5,"Lumayan enak, pelayanan ramah dan cepat",2023-08-28T04:46:27.866Z,Fahden,107566159982570732146,True,1,id,2026-05-05T05:38:10.589353
ChZDSUhNMG9nS0VJQ0FnSURwbXJlZlB3EAE,ChIJISq1jm7ibi4RLsqgNKHHFTM,Docang Pak Kumis Khas Cirebon,cirebon,Kuliner,5,Recomended pokok’a 👍👍👍,2023-08-20T09:34:02.127Z,Hotelsrikandi Cirebon,102608480710088037915,True,0,id,2026-05-05T05:38:10.589377
ChZDSUhNMG9nS0VJQ0FnSURKMC16WGFREAE,ChIJISq1jm7ibi4RLsqgNKHHFTM,Docang Pak Kumis Khas Cirebon,cirebon,Kuliner,3,"melipir ksini buat nyobain mie get nya
harga 15k per porsi dgn toping tulang ..
rasanya lumayan pedas dan ada rasa manis nya jg ..
gerobakan dengan posisi di pinggir jalan ..

yg jual ibu nya ramah ..
so far, OK buat dicoba :D",2023-07-22T13:15:55.278Z,Sri Mulyani,109157776767986603306,True,0,id,2026-05-05T05:38:10.589386
ChZDSUhNMG9nS0VJQ0FnSURKbnFpWlJBEAE,ChIJISq1jm7ibi4RLsqgNKHHFTM,Docang Pak Kumis Khas Cirebon,cirebon,Kuliner,4,"A very humble eatery serving Cirebon's lesser famous unique dish, Docang. The soup is made with dage, fermented soybean that has unique mature flavors, along with lightly umami, balancing acidity and light creaminess from the shredded coconut. It's a welcomed refreshment in between the heavy hitters like nasi jamblang and empal gentong.",2023-07-17T14:52:03.843Z,Bayu Amus,110939734294817973880,True,0,en,2026-05-05T05:38:10.589414
ChdDSUhNMG9nS0VJQ0FnSUR4NHRqd3VRRRAB,ChIJISq1jm7ibi4RLsqgNKHHFTM,Docang Pak Kumis Khas Cirebon,cirebon,Kuliner,4,"Rasa baru kuliner tradisional, versi lain lontong sayur……kuah tauco, oncom, dikasih tauge, daun papaya, lontong tambah telur asin brebes….. ga ada ditempat lain",2023-06-04T21:33:23.720Z,didi bangun,108589413261588995365,True,0,id,2026-05-05T05:38:10.589429
ChdDSUhNMG9nS0VJQ0FnSURSenBiTTF3RRAB,ChIJISq1jm7ibi4RLsqgNKHHFTM,Docang Pak Kumis Khas Cirebon,cirebon,Kuliner,5,"Docang makanan khas Cirebon merupakan salah satu kuliner kearifan lokal yang sudah ada sejak dahulu kala.
Terdiri dari campuran lontong dipotong2 kecil, toge rebus, daun singkong rebus dipotong2 kecil (atau bisa juga daun pacè rebus dipotong2 halus) ditambah kelapa parut, sambal kacang pedas dan kerupuk. Kuah nya dibuat khusus dengan oncom (dagè = bahasa daerah Cirebon) marinasi diperam kedalam bumbu rahasia dengan rasa khas Docang Cirebon. Biasanya buat sarapan pagi.
Sekali coba dijamin kembali lagi.
Harga per porsi sangat ramah kantong...pokoknya gak nyesel deh makan Docang khas Cirebon...ueenakkk tenan...",2023-05-03T13:31:10.754Z,Wahyudin Wah,111717579568577330396,True,1,id,2026-05-05T05:38:10.589443
Ci9DQUlRQUNvZENodHljRjlvT21kalVHZE5ObmhKU1ZCUU0wSkhla3B6VFZCV2RXYxAB,ChIJQSzWI2nibi4R7PKMJUkxRzs,Restoran Sederhana Masakan Padang (SA),cirebon,Kuliner,5,"makanannya sederhana emg enak, tp servicenya kurang dan banyak makanan yg habis padahal masih jam 18. AC kurang dingin",2026-03-07T12:22:21.145Z,Muhamad Fikri Marhadhani,106740801161923765591,True,0,id,2026-05-05T05:38:10.589493
Ci9DQUlRQUNvZENodHljRjlvT2kxTE5FaFFXV0pNTFRscFEwMWlXVXBpY3kxRWVtYxAB,ChIJQSzWI2nibi4R7PKMJUkxRzs,Restoran Sederhana Masakan Padang (SA),cirebon,Kuliner,1,Mentang2 saya beli satu bungkus dan lagi penuh tidak dilayani 👎👎,2026-03-05T10:22:42.578Z,Senna Nugraha,105421032656832628108,False,0,id,2026-05-05T05:38:10.589507
Ci9DQUlRQUNvZENodHljRjlvT25CSk1Fd3dWMVJGVEUxMExVaG9RMFIzYjNaZk5tYxAB,ChIJQSzWI2nibi4R7PKMJUkxRzs,Restoran Sederhana Masakan Padang (SA),cirebon,Kuliner,1,"Udh sering beli kesini untuk take away.  Byasa yg ngelayanin laki2, td krn rame yg ngelayanin perempuan, duh pelit bgt mbaknya, ga ada senyum2nya juga ngelayanin..pelayanan dsni emang krg bgt, pelayannya pd sibuk sendiri2, nunggu lama. Untung masakannya enak",2026-03-03T07:45:33.618Z,Tika Pratiwi,104898814833700086804,False,0,id,2026-05-05T05:38:10.589522
Ci9DQUlRQUNvZENodHljRjlvT2kxd1JETjJkRlJ3ZVZCMVVERm9kRmxCZFRoTVRIYxAB,ChIJQSzWI2nibi4R7PKMJUkxRzs,Restoran Sederhana Masakan Padang (SA),cirebon,Kuliner,2,"Ini tolong banget untuk manajemenya perlu lg koreksi kinerja para pekerjanya lebih aware lg dengan pelanggan, attitude nya juga, agak kecewa sih dengan pelayanannya kita makan disana tp dari awal sampe kita mau pesen minum aja gada yg respon bru kita panggil di sebalah habis ngejamu orang baru nyamperin, ini agak gimana gtu sampe kta bilang sama petugas nya kok kita dri tadi gk dilayani mas nya udah say sorry but its okey mungkin kta kelihatan org tdk mampu 🙂 saat makan jga bertepatan dgn ada liga persib, disitu karyawan teriak2 menurut saya kurang etis saja dgn hal tsb.
Untuk makanan menurut saya enak, tp ya mungkin itu kekurangannya dr segi pelayanan. Agak kapok kesana, tp semoga usahanya sukses slalu ya untuk owner nya 🙏🏻",2026-02-26T14:59:34.683Z,Stedila Addriella,110755004387223745862,False,0,id,2026-05-05T05:38:10.589550
Ci9DQUlRQUNvZENodHljRjlvT2taalpWWm9VMm8zVkZJeVUwRkllR3hWY2tReVUwRRAB,ChIJQSzWI2nibi4R7PKMJUkxRzs,Restoran Sederhana Masakan Padang (SA),cirebon,Kuliner,5,"Ayam popnya favoritku dan anaku ❤️❤️
Kalo mau bukber lebih baik dateng dar jam 5 supaya kebagian tempat",2026-02-25T06:59:01.145Z,Wulan Tiwul,110263971547061246510,True,0,id,2026-05-05T05:38:10.589565
Ci9DQUlRQUNvZENodHljRjlvT25rdFZYcFJYeTFwUmpsQ1pqZFFkVEZaWldNdGVHYxAB,ChIJQSzWI2nibi4R7PKMJUkxRzs,Restoran Sederhana Masakan Padang (SA),cirebon,Kuliner,1,"Martabak mesir nya enak, tapi Satenya ASIIINNN.
pertama kali beli, asin . Kupikir mungkin tukang masak nya lagi gak fokus,
Beli ke dua kali, masih asin .
Berarti standar nya emang asin,
Dapat info dari keluarga yang udah makan sate di sana kata nya emang asin .
Padahal aku orang minang, suka masakan yang ""taraso garam""
Tapi benaran, satenya asin.",2026-02-01T04:18:33.499Z,Ymdes Pinn23,112725374276176430638,True,0,id,2026-05-05T05:38:10.589616
Ci9DQUlRQUNvZENodHljRjlvT2pST2FVZHNZbEYyU1ZnMWVVbFVNbFZsY0ZsNWFrRRAB,ChIJQSzWI2nibi4R7PKMJUkxRzs,Restoran Sederhana Masakan Padang (SA),cirebon,Kuliner,1,Pelayanan dan kebersihan nol,2026-01-30T01:47:54.486Z,Waskito Rohim,102791003850475935295,True,0,id,2026-05-05T05:38:10.589631
Ci9DQUlRQUNvZENodHljRjlvT2xkU1MyMDNSMWxSUmtGTFkxQmhWV1JGVGt4eE9GRRAB,ChIJQSzWI2nibi4R7PKMJUkxRzs,Restoran Sederhana Masakan Padang (SA),cirebon,Kuliner,3,"Rumah makan sederhana tp harga ga sederhana 😩
Cincangnya campur sama tulang, baru nemu jg biasanya ga pake tulang pun.
Entah krn blm ada sambel atau apa. Lidahku yg udh tau rasa padang ini kurang padang bgt. Untuk hrga segitu, klo beli dilangganan sy dpt 3 porsi.
Cukup sekali.",2026-01-14T06:36:53.131Z,Ratna Prayogi,103504858150640055867,False,0,id,2026-05-05T05:38:10.589657
Ci9DQUlRQUNvZENodHljRjlvT2xkTlpWTk9NRE41TWxsWlUwOXBaMmxJWlVKbldHYxAB,ChIJQSzWI2nibi4R7PKMJUkxRzs,Restoran Sederhana Masakan Padang (SA),cirebon,Kuliner,2,"mohon dievaluasi karyawannya, karba tidak ramah dan pelayanan yang lambat. terimakasih🙏🏻",2026-01-04T09:52:00.148Z,Dzaki Oktavian,108450443988758023094,False,0,id,2026-05-05T05:38:10.589671
Ci9DQUlRQUNvZENodHljRjlvT2xWMFFWVXdOMmhPUkdodlJqZ3pWRGxKY1hsU1FYYxAB,ChIJQSzWI2nibi4R7PKMJUkxRzs,Restoran Sederhana Masakan Padang (SA),cirebon,Kuliner,1,"Pelayanan tidak ramah, karyawan ditanyain pada diem pada ga dijawab. Nanya ke kasir bilang udah di sebelah. Nanya ke sebelah di diemin ga ada yg dijawab. Bener2 sangat bad attitude mentang² sama ojol tidak menghargai pekerjaan orang lain.",2026-01-03T05:41:41.077Z,Sudiarto Sudiarto,104204899532396148510,False,0,id,2026-05-05T05:38:10.589686
Ci9DQUlRQUNvZENodHljRjlvT2pKcWNTMXdUek5OVDNoT01WcE9ZamQxYTJsa05WRRAB,ChIJQSzWI2nibi4R7PKMJUkxRzs,Restoran Sederhana Masakan Padang (SA),cirebon,Kuliner,1,"Untuk pengalaman bisa di liat sendiri di foto pengaduan, WhatsApp hanya pajangan untuk menampung keluhan pelanggan tidak ada respon sama sekali,tau gini mending ga makan dari pada makan ga bisa nambah ga bisa minum masa harus minum air keran",2025-12-28T14:09:47.422Z,Anggra Praja,103538589519385914822,False,0,id,2026-05-05T05:38:10.589729
Ci9DQUlRQUNvZENodHljRjlvT214UWVsUTVNRXgzTVZWMFl6bEljWGsxWTNKdlRYYxAB,ChIJQSzWI2nibi4R7PKMJUkxRzs,Restoran Sederhana Masakan Padang (SA),cirebon,Kuliner,1,"Pelayanan sangat buruk, baru kali ini makan tidak di kasih minum, minta tambah nasi tidak diantar",2025-12-28T08:36:36.458Z,Jo Lun23,118132152557352140600,False,0,id,2026-05-05T05:38:10.589746
Ci9DQUlRQUNvZENodHljRjlvT2pBNFlsRmxTVmRhVFZsdU5VdEdaMEZJYmxCdVFrRRAB,ChIJESi4lEPjbi4RPsMU_2Hj3yw,Mie Koclok Panjunan,cirebon,Kuliner,4,"Pengalaman makan mie koclok, teksturnya kental dan agak kenyal karena pakai tepung maizena, mirip seperti mie nyemek namun mie nyemek lebih encer.",2026-05-04T12:43:00.040Z,Indra Herdianto,101975274892694514686,True,0,id,2026-05-05T05:38:10.589761
Ci9DQUlRQUNvZENodHljRjlvT2xkV2JFSmhkMGhQT1hKaWJESkhjRmxGVG13MloyYxAB,ChIJESi4lEPjbi4RPsMU_2Hj3yw,Mie Koclok Panjunan,cirebon,Kuliner,4,"Santennya kerasa banget, ayamnya empuk dan berbumbu, diracik dengan sambel jadi semakin menambah rasa",2026-05-02T09:48:53.294Z,nur annisa,111182955925868624846,True,0,id,2026-05-05T05:38:10.589778
Ci9DQUlRQUNvZENodHljRjlvT20xb1lVZDVURGgxYWxFeE5UUkNibTFRVW1GMU1tYxAB,ChIJESi4lEPjbi4RPsMU_2Hj3yw,Mie Koclok Panjunan,cirebon,Kuliner,5,"bravooo mie koclok panjunan. harus dateng jam 3 biar langsung dilayani. ini enak bgt masuk ke selera, ayam nya pakai ayam kampung dan sudah berbumbu. untuk pertama kali coba mie koclok, ini akan jadi baseline untuk mie koclok lainnyaaaa",2026-05-02T09:47:44.477Z,Ayu Nur Kholifah,104204659774079216878,True,0,id,2026-05-05T05:38:10.589793
Ci9DQUlRQUNvZENodHljRjlvT2toZlJ6a3dUVkp4ZUVnNWNsVllOemMzZFhsR1FrRRAB,ChIJESi4lEPjbi4RPsMU_2Hj3yw,Mie Koclok Panjunan,cirebon,Kuliner,5,Kesan pertama mencoba mie koclok ini rasanya yang  dominan gurih. Untuk harganya sangat terjangkau dan tempatnya yang bersih,2026-04-23T09:20:51.268Z,galih pandu,113961145937457798255,True,0,id,2026-05-05T05:38:10.589843
Ci9DQUlRQUNvZENodHljRjlvT25oa2FGOWhOemd6V2xkeU9HSllNMEpOZG1admRrRRAB,ChIJESi4lEPjbi4RPsMU_2Hj3yw,Mie Koclok Panjunan,cirebon,Kuliner,5,"Sebuah kenikmatan yang maksimal pabila di cirebon mencicipi mie koclok yang super gurih nagih ini, kemarin kalau ga kekenyangan, mungkin sudah kuhabiskan dua porsi asoy",2026-04-18T08:07:57.981Z,Febri Dwi Cahya Gumilar (efe),113017402897705601739,True,0,id,2026-05-05T05:38:10.589857
ChdDSUhNMG9nS0VJQ0FnSUNUdzctNmpnRRAB,ChIJESi4lEPjbi4RPsMU_2Hj3yw,Mie Koclok Panjunan,cirebon,Kuliner,5,Langganan mie koclok saya. cuma sayang tempatnya kecil.kadang harus nunggu orang makan selesai baru bisa duduk,2026-04-12T13:57:36.039Z,Neng Nera,105107796044903995695,True,0,id,2026-05-05T05:38:10.589908
Ci9DQUlRQUNvZENodHljRjlvT2xBME9HMTNjMHBpUkRoMlRFNVhWRVJzWW10NFNYYxAB,ChIJESi4lEPjbi4RPsMU_2Hj3yw,Mie Koclok Panjunan,cirebon,Kuliner,5,Ini tuh ibarat mie dicampur bubur. Enak. Cuma kalo udah dingin gabisa kayanya aku makannya:’ tempatnya kek hidden gem gt deh,2026-04-10T15:21:55.407Z,Ira Santa,101772216420691384801,True,0,id,2026-05-05T05:38:10.589935
Ci9DQUlRQUNvZENodHljRjlvT2xveVRsWnhVR0pKY2toQ2FXb3haRkpVZWt0MmNFRRAB,ChIJESi4lEPjbi4RPsMU_2Hj3yw,Mie Koclok Panjunan,cirebon,Kuliner,5,"mie koclok legend di cirebon
pertama kali coba, rasanya sangat unik
ada manis dan gurih di kuahnya (infonya itu susu)
tekstur agak kental, tapi sangat enak
dimakan panas2 sama mienya

kesana hari sabtu di long weekend, sangat ramaii
waiting list, jadi datanglah sebelum jam 5 agar kebagian tempat duduk",2026-04-07T14:27:36.080Z,ekossareviewer,118260029116201977813,True,0,id,2026-05-05T05:38:10.589950
Ci9DQUlRQUNvZENodHljRjlvT2poRldVdGZXV0pvYUZkRGFsaE9WakZUVEhKdE9VRRAB,ChIJESi4lEPjbi4RPsMU_2Hj3yw,Mie Koclok Panjunan,cirebon,Kuliner,1,pelayanannya sampahbgt,2026-04-05T08:01:06.764Z,Nur Ika,111527511826421069652,True,0,id,2026-05-05T05:38:10.589976
Ci9DQUlRQUNvZENodHljRjlvT25kb2RqVjRhWEZDYnpsek0yOXlVbTlYUjNNd2JVRRAB,ChIJESi4lEPjbi4RPsMU_2Hj3yw,Mie Koclok Panjunan,cirebon,Kuliner,5,(Hidden Gem) Buat yg suka mie koclok,2026-03-24T13:34:34.905Z,Toni Aja,117962768111245385904,True,0,ms,2026-05-05T05:38:10.590008
ChdDSUhNMG9nS0VJQ0FnTURvMDU3QnpRRRAB,ChIJnedZon3ibi4RgUZikNq8Sd4,Sate Kalong (Kerbau) Bpk. Karyadi,cirebon,Kuliner,5,enak...dan satu2nya dimari,2025-04-28T14:45:00.367Z,Rama Adistya,111052322815172359646,True,0,id,2026-05-05T05:38:10.590023
ChdDSUhNMG9nS0VJQ0FnTURvZzVMWnh3RRAB,ChIJnedZon3ibi4RgUZikNq8Sd4,Sate Kalong (Kerbau) Bpk. Karyadi,cirebon,Kuliner,5,"ini paling unik di cirebon
rasanya enak manis
cobain bener2 pengalaman baru
dicocol dengan sambal kacang yang khas
walau namanya kalong tapi ini bukan daging kalomg
dulu sate ini hanya jualan di malam hari kayak kalong",2025-04-28T04:53:39.903Z,beny pramono (BP),100581354662636873100,True,0,id,2026-05-05T05:38:10.590031
ChZDSUhNMG9nS0VJQ0FnSUNQeTZiQUp3EAE,ChIJnedZon3ibi4RgUZikNq8Sd4,Sate Kalong (Kerbau) Bpk. Karyadi,cirebon,Kuliner,5,"untuk bumbu saya rasa sudah enak,sayang irisan sate tipis..lebih baik di bikin 2 versi untuk daging tebal dan tipis untuk menyesuaikan harganya..",2024-11-28T02:00:57.459Z,galuh wibisono,114893992747038026520,False,0,id,2026-05-05T05:38:10.590054
ChdDSUhNMG9nS0VJQ0FnSUNYLS1TdnhBRRAB,ChIJnedZon3ibi4RgUZikNq8Sd4,Sate Kalong (Kerbau) Bpk. Karyadi,cirebon,Kuliner,4,"Sate dengan daging kerbau.. cukup unik dan berbeda ya pilihan daging yang disajikan sebagai sate ini..

Tastenya cenderung manis.. seperti daging yang dijadikan dendeng. Sambelnya sangat menolong biar citarasanya ga monoton manis terus.

IG: @anthony_filbert
Tiktok: @jalanmakanfoto",2024-10-21T02:14:42.614Z,Anthony Filbert,111605726745269577457,True,0,id,2026-05-05T05:38:10.590062
ChZDSUhNMG9nS0VJQ0FnSUNuejdxZ0RnEAE,ChIJnedZon3ibi4RgUZikNq8Sd4,Sate Kalong (Kerbau) Bpk. Karyadi,cirebon,Kuliner,4,"Sate Kalong merupakan salah satu kuliner malam khas Cirebon yang sangat populer. Meskipun namanya unik dan terdengar sedikit menyeramkan, sate ini sama sekali tidak terbuat dari daging kelelawar. Sate Kalong sebenarnya terbuat dari daging kerbau yang dihaluskan, kemudian dibumbui dengan bumbu khas dan dibakar.
Daging kerbau yang telah dihaluskan membuat tekstur sate Kalong menjadi sangat lembut dan mudah dikunyah. Bumbu sate Kalong cenderung manis, dengan perpaduan rasa gurih dari daging dan sedikit rasa manis dari bumbu. Menikmati sate Kalong di pinggir jalan sambil ditemani suasana malam Cirebon memberikan pengalaman yang berbeda.

Secara keseluruhan, Sate Kalong adalah salah satu kuliner khas Cirebon yang wajib dicoba. Dengan cita rasa yang unik, tekstur yang lembut, dan pengalaman kuliner yang berbeda, sate ini akan menjadi kenangan tersendiri bagi para penikmat kuliner.

Disclaimer dan Saran untuk Pengunjung Sate Kalong untuk ulasan saya tentang Sate Kalong berdasarkan pengalaman pribadi saya. Perlu diingat bahwa pendapat setiap pengunjung bisa berbeda-beda.

Semoga informasi ini membantu!",2024-10-01T08:49:22.089Z,Octavianus Pratama,114836437388236157760,True,0,id,2026-05-05T05:38:10.590070
ChZDSUhNMG9nS0VJQ0FnSUMyai1feWJnEAE,ChIJnedZon3ibi4RgUZikNq8Sd4,Sate Kalong (Kerbau) Bpk. Karyadi,cirebon,Kuliner,3,"Warung kaki 5, daging kerbaunya didominasi rasa bumbu rempah, irisan tipis. Tersedia juga sate kambing",2024-03-23T11:57:20.682Z,Siti Julaeka,108285285491927795976,True,0,id,2026-05-05T05:38:10.590121
ChdDSUhNMG9nS0VJQ0FnSUQ5Z3BQRnFnRRAB,ChIJnedZon3ibi4RgUZikNq8Sd4,Sate Kalong (Kerbau) Bpk. Karyadi,cirebon,Kuliner,3,Lumayan nyaman ...sate daging kerbau nya👍,2024-03-14T15:48:25.737Z,Dedi,108561751124549329655,True,0,id,2026-05-05T05:38:10.590129
ChdDSUhNMG9nS0VJQ0FnSUNkazVMYzZRRRAB,ChIJnedZon3ibi4RgUZikNq8Sd4,Sate Kalong (Kerbau) Bpk. Karyadi,cirebon,Kuliner,5,"Kalo pulang ke Cirebon pasti cari sate kalong, apa lagi bocah demen banget Ama sate kalong yg manis. Di Depok ga ada yg jualan.",2024-02-18T00:27:18.817Z,Insyafa Nalapraja,113160347224839190843,False,0,id,2026-05-05T05:38:10.590154
Ci9DQUlRQUNvZENodHljRjlvT2t0UlRFdG5MVTU1Y3paRWJXbDZiMnR3YmtnME9GRRAB,ChIJQSzWI2nibi4R7PKMJUkxRzs,Restoran Sederhana Masakan Padang (SA),cirebon,Kuliner,2,"makanan cukup enak dan tempat juga bersih, tapi sorry to say bagian kasir JUDES! bikin males",2025-11-28T15:00:50.588Z,Linda Purnama,112794291770043065540,False,0,id,2026-05-05T05:38:10.590211
Ci9DQUlRQUNvZENodHljRjlvT2xwTmVXZGFiVzVZU2pNeWNFTnNTWGxRTlZCbVNHYxAB,ChIJQSzWI2nibi4R7PKMJUkxRzs,Restoran Sederhana Masakan Padang (SA),cirebon,Kuliner,4,"Ayam bakarnya biasa aja, tunjang dan cincangnya enak bngt sayangnya pelayanan aga jutek",2025-11-23T06:52:19.600Z,Rahmadani,116850758737458401510,True,0,id,2026-05-05T05:38:10.590219
Ci9DQUlRQUNvZENodHljRjlvT2xSTFNrVXliV2RQZFZScFZVRk5Tamx4Wm1Jd2JHYxAB,ChIJQSzWI2nibi4R7PKMJUkxRzs,Restoran Sederhana Masakan Padang (SA),cirebon,Kuliner,1,Ini resto. Kalo lewat apk gofod. Banyak kecewa nya. Psen ayam pop. Sambalnya ketinggalan. Psen rames dadar. Dadar nya yg ketinggalan.,2025-11-19T07:23:02.858Z,Indra Iskandar,115411303105999276818,False,0,id,2026-05-05T05:38:10.590228
Ci9DQUlRQUNvZENodHljRjlvT2xwUVRsOTJSRkJ0ZW1OUWMwVnViRGR6ZDBOMU9VRRAB,ChIJQSzWI2nibi4R7PKMJUkxRzs,Restoran Sederhana Masakan Padang (SA),cirebon,Kuliner,4,"Soal rasa makanannya juara, sama enaknya dengan cabang-cabang lain. Hanya satu masukan penting: penyajian lauk ke meja terasa cukup lama. Sayang sekali kalau rasa yang sudah enak tapi penyajiannya kurang gercep. Semoga ke depannya pelayanan bisa lebih sigap lagi",2025-11-18T11:36:58.440Z,Rakha Divary,117582195341642672458,True,0,id,2026-05-05T05:38:10.590236
Ci9DQUlRQUNvZENodHljRjlvT2tFMFpIRmFPRlJ1U1UxYWVXVmhha2wyVVRKdFIyYxAB,ChIJQSzWI2nibi4R7PKMJUkxRzs,Restoran Sederhana Masakan Padang (SA),cirebon,Kuliner,4,"Qc nya di tingkatkan, terakhir saya makan di t4, ada keong di pucuk ubi nya.",2025-11-14T12:24:41.883Z,Ary Santoso,116060031467692389965,False,0,id,2026-05-05T05:38:10.590252
ChZDSUhNMG9nS0VJQ0FnSUNOenBpOE93EAE,ChIJnedZon3ibi4RgUZikNq8Sd4,Sate Kalong (Kerbau) Bpk. Karyadi,cirebon,Kuliner,5,"Kuliner khas Cirebon yang sudah mulai langka, sate kalong ini sebenarnya sate kerbau, dibilang kalong karena bukan malam hari alias ngalong. Sate kerbau khas Cirebon ini mirip2 dengan sate kerbau Kudus, bahkan citarasanya juga dekat: manis-manis gurih, berserat tapi empuk. Perbedaan utamanya kalau di sate kalong ini ada dua pilihan sate yaitu sate daging dan sate otot atau koyor. Bisa pesan campur ditambahkan potongan lontong.
Satu perbedaan lagi dengan sate kerbau kudus, sate kalong ini menggunakan bumbu kacang yang sangat lembut, teksturnya mirip bumbu sate padang, kental dan gurih. Dari sedikit penjual sate kalong, tempat ini termasuk yang menjaga keaslian kuliner Cirebon.",2024-01-14T14:59:25.194Z,Paulus Soni Gumilang,115598622188450338751,True,1,id,2026-05-05T05:38:10.590268
ChdDSUhNMG9nS0VJQ0FnSUNWNV9MSXFRRRAB,ChIJnedZon3ibi4RgUZikNq8Sd4,Sate Kalong (Kerbau) Bpk. Karyadi,cirebon,Kuliner,5,"Sukaaaaa banget, kenyaaaang bahagia 😁😁😁😁",2023-12-09T16:56:13.556Z,Rina,108304091978358090554,True,0,id,2026-05-05T05:38:10.590289
ChdDSUhNMG9nS0VJQ0FnSUNGbnIzbm1nRRAB,ChIJnedZon3ibi4RgUZikNq8Sd4,Sate Kalong (Kerbau) Bpk. Karyadi,cirebon,Kuliner,4,"Sate kalong adalah salah satu makanan khas Cirebon yang unik dan lezat. Sate ini terbuat dari daging kerbau yang dihaluskan dengan cara ditumbuk. Sate kalong memiliki rasa yang manis, hampir seperti dendeng.

Kesan pertama saya adalah sate kalong memiliki aroma yang khas. Daging sate kalongnya empuk dan bumbunya meresap. Sate kalong juga memiliki tekstur yang unik, yaitu sedikit kenyal.

Secara keseluruhan, saya sangat puas dengan sate kalong. Satenya enak dan harganya terjangkau.

Jika Anda berkunjung ke Cirebon, saya sangat merekomendasikan untuk mencoba sate kalong. Sate ini unik dan lezat, dan harganya terjangkau.",2023-10-28T08:05:02.252Z,Oktavianus Pratama,117033554589886833084,True,0,id,2026-05-05T05:38:10.590305
ChZDSUhNMG9nS0VJQ0FnSURwNFlTTGNREAE,ChIJnedZon3ibi4RgUZikNq8Sd4,Sate Kalong (Kerbau) Bpk. Karyadi,cirebon,Kuliner,3,"Their satay is really good and tasty.
I really appreciate the seller's honesty since he said this is not buffalo meat but cow meat.
Since nowadays it's really difficult to find buffalo meat.
So if you really want to try buffalo satay, you should find other place.

I was really annoyed by the street singers who force asked for money from  customers.",2023-08-23T13:24:09.334Z,Richard D. A.,117314015318773738410,True,0,en,2026-05-05T05:38:10.590327
ChZDSUhNMG9nS0VJQ0FnSUNwckxxQ2V3EAE,ChIJnedZon3ibi4RgUZikNq8Sd4,Sate Kalong (Kerbau) Bpk. Karyadi,cirebon,Kuliner,4,"Otentik. Sate kerbaunya super empuk, enak. 2 porsi baru kenyang",2023-07-30T07:37:16.417Z,Wisnu Wage,100506250560278160263,True,0,id,2026-05-05T05:38:10.590335
ChdDSUhNMG9nS0VJQ0FnSURKODhIVzNnRRAB,ChIJnedZon3ibi4RgUZikNq8Sd4,Sate Kalong (Kerbau) Bpk. Karyadi,cirebon,Kuliner,4,Rasanya manis kayak makan dengdeng sapi di kasih bumbu kacang,2023-07-22T14:19:21.852Z,Jeffry Ge,101128311835439003090,True,0,id,2026-05-05T05:38:10.590343
Ci9DQUlRQUNvZENodHljRjlvT2tOWVEyZFpURXBUYUZwYVNuWnNPSEp2WmxoMmRXYxAB,ChIJESi4lEPjbi4RPsMU_2Hj3yw,Mie Koclok Panjunan,cirebon,Kuliner,4,Enak mie koclok nya,2026-02-17T08:48:08.832Z,Samuel Zeno,106388027746081314296,True,0,id,2026-05-05T05:38:10.590372
Ci9DQUlRQUNvZENodHljRjlvT2taeFpETkVhSHBQWVVGNVozWnpaMkpEWjBwcllWRRAB,ChIJESi4lEPjbi4RPsMU_2Hj3yw,Mie Koclok Panjunan,cirebon,Kuliner,5,"Enak kok mie nya, semoga usahanya semakin maju biar tempatnya semakin besar y jadi pelanggan nyaman dan menampung bnyak",2026-02-15T14:42:13.961Z,jesy fatimah,118137521756797065804,False,0,id,2026-05-05T05:38:10.590382
Ci9DQUlRQUNvZENodHljRjlvT201eFNYUlpaM2c0VFhSU1QybEdZbGRQTkdsWWFFRRAB,ChIJESi4lEPjbi4RPsMU_2Hj3yw,Mie Koclok Panjunan,cirebon,Kuliner,5,Makanan legendaris di kota Cirebon,2026-02-13T05:18:50.883Z,Edi Fahrudin,114089727895053794821,True,0,id,2026-05-05T05:38:10.590401
Ci9DQUlRQUNvZENodHljRjlvT201b2JqSXhTRVE1YzJKcWNqUnliVkZwVUV0S2JXYxAB,ChIJESi4lEPjbi4RPsMU_2Hj3yw,Mie Koclok Panjunan,cirebon,Kuliner,5,"Enak dan pelayanan baik, tp agak sulit untuk parkir mobil",2026-02-11T12:19:42.149Z,Marco Tjandra,115580119284262278028,True,0,id,2026-05-05T05:38:10.590410
Ci9DQUlRQUNvZENodHljRjlvT21rdGFFdHplV0V6YTBJMFpGTkNjRU5RUnpWQllXYxAB,ChIJESi4lEPjbi4RPsMU_2Hj3yw,Mie Koclok Panjunan,cirebon,Kuliner,5,"Bagi pecinta manis, silahkan bawa kecap sendiri. Di sini tidak menyediakan kecap. Namun mie koclok di sini dimakan tanpa kecap juga rasanya sudah lezat. Di sini tersedia emping yang rasanya sangat nikmat.",2026-02-05T16:47:35.178Z,Hairy Yusuf,101747449040864056718,True,0,id,2026-05-05T05:38:10.590418
Ci9DQUlRQUNvZENodHljRjlvT21NMllrUklSbEJuYkRac2MwaFVVREJtYlVsb09WRRAB,ChIJESi4lEPjbi4RPsMU_2Hj3yw,Mie Koclok Panjunan,cirebon,Kuliner,5,"Areanya agak masuk jalan kecil, mungkin agak sulit untuk parkir mobil. Untuk mie-nya enak, ada kuah kental yang bikin rasanya unik.",2026-01-29T04:55:44.327Z,Willy Adhiguna,100690213915749395992,True,0,id,2026-05-05T05:38:10.590440
Ci9DQUlRQUNvZENodHljRjlvT2xwdVQzcHhhME50Um05cFFXY3hRMVIyTXpkeGNHYxAB,ChIJESi4lEPjbi4RPsMU_2Hj3yw,Mie Koclok Panjunan,cirebon,Kuliner,5,"Kalo ke Cirebon pasti ke sini .
Juara ini mah 👍👍",2026-01-27T17:10:01.830Z,Marta Sidik,100256995254435589275,True,0,id,2026-05-05T05:38:10.590448
Ci9DQUlRQUNvZENodHljRjlvT201WlVrZDRhV05PZG1kNE5UY3RSVlJoUTBaS1EwRRAB,ChIJESi4lEPjbi4RPsMU_2Hj3yw,Mie Koclok Panjunan,cirebon,Kuliner,5,"Enak bikin nagih,santan asli ..ada harga ada rasa...ga bakalan nyesel dah",2026-01-27T13:11:17.810Z,Iwan Yudiprayudo,110057768766758761473,True,0,id,2026-05-05T05:38:10.590456
Ci9DQUlRQUNvZENodHljRjlvT2toc1ZYQmZWbXd6TjNrMWRFTkJNbVZLTVVKNk0xRRAB,ChIJESi4lEPjbi4RPsMU_2Hj3yw,Mie Koclok Panjunan,cirebon,Kuliner,5,"Mie yang di kasih kuah bubur, enak rasanya ringan tapi cocok di makan saat sore dan malam. Di tambah toping telur rebus dan suwiran ayam. Bapak penjualnya sangat ramah. Tempatnya kecil desak2an dan berada di dalam gang. Wajib di coba kalau di cirebon",2026-01-27T12:17:09.767Z,dhenis setyo nugroho,101239930987576040485,True,0,id,2026-05-05T05:38:10.590464
Ci9DQUlRQUNvZENodHljRjlvT25aUVlsVktVR0ZCYjJwZk5VNTZYMVZ5VjBWc1RXYxAB,ChIJESi4lEPjbi4RPsMU_2Hj3yw,Mie Koclok Panjunan,cirebon,Kuliner,5,"Kurang asin dikit karna penggemar gurih, ada emping manis, bukanya sore jam 15 dekat mesjid kampung aab panjunan",2026-01-25T08:30:03.261Z,cepheru,112145312783437128122,True,0,id,2026-05-05T05:38:10.590473
Ci9DQUlRQUNvZENodHljRjlvT21WTGFXRnhVSGxvT1d0UVJYVlRZbEpETmtWa01XYxAB,ChIJESi4lEPjbi4RPsMU_2Hj3yw,Mie Koclok Panjunan,cirebon,Kuliner,1,"Pelayanan nya ga ramah, nunggu setengah jam untuk 3 porsi, tapi mendahulukan yang datang rombongan, padahal sama rombongan itu duluan kita yang datang, nada bicara bapa2 yg antar makanan nya tinggi sampai semua orang ngeliatin. Ga lagi2 makan disini. Padahal mbak2 yg ngelayanin nya tau kita duluan yang dtg. Buat bapa2 yg pake peci bantu nyiapin makanan dan antar makanan nya yg ramah ya pak, karena kami juga disana beli bukan minta. Tukang parkir dan yg jual bubur lolos aja sampe tau siapa yg dtg duluan, bapa nya ngotot sambil marah2.",2026-01-18T04:04:46.519Z,cynthia novita sari,113620940519456461144,False,0,id,2026-05-05T05:38:10.590489
Ci9DQUlRQUNvZENodHljRjlvT2tOVGRtNVRMVVZpVVc4NGNHWmFWa041WTBwUmExRRAB,ChIJESi4lEPjbi4RPsMU_2Hj3yw,Mie Koclok Panjunan,cirebon,Kuliner,5,Langganan turun temurun dari jamannya alm.bapak,2026-01-08T07:44:54.352Z,Putra astra tso,109118808295825846468,True,0,id,2026-05-05T05:38:10.590498
Ci9DQUlRQUNvZENodHljRjlvT20wMGExVlJaRmxYUzJaNmNHcDFhekJ2VUVkMWFXYxAB,ChIJESi4lEPjbi4RPsMU_2Hj3yw,Mie Koclok Panjunan,cirebon,Kuliner,4,"Selalu enaak, tapi sayang tempatnya kecil jadinya gabisa dine in, dan desek2an dengan pembeli yg lain hehe",2026-01-05T07:00:24.552Z,Citra Ayu Widiantari,104046750760563256141,False,0,id,2026-05-05T05:38:10.590514
ChdDSUhNMG9nS0VJQ0FnSUNocHNqcHFRRRAB,ChIJISq1jm7ibi4RLsqgNKHHFTM,Docang Pak Kumis Khas Cirebon,cirebon,Kuliner,4,Docang enak sarapan pagi yg menghangatkan perut dan tenggorkan .. tempat agak kotor ya,2023-02-11T18:18:13.595Z,Nita vinanta,103399488410405930014,True,2,id,2026-05-05T05:38:10.590523
ChdDSUhNMG9nS0VJQ0FnSURCcl9QRW9BRRAB,ChIJISq1jm7ibi4RLsqgNKHHFTM,Docang Pak Kumis Khas Cirebon,cirebon,Kuliner,4,"I wanted to try a Cirebon dish so I came here. It was quite nice and cheap, although different for me.  Service was friendly and quick.",2023-02-01T02:35:30.621Z,Paul B,116130080478887560426,True,0,en,2026-05-05T05:38:10.590531
ChRDSUhNMG9nS0VJQ0FnSUQtbnFaVBAB,ChIJISq1jm7ibi4RLsqgNKHHFTM,Docang Pak Kumis Khas Cirebon,cirebon,Kuliner,5,"Baru kali ini nyobain docang, Seenak itu",2022-11-30T14:02:53.749Z,Dianita Deanne,117338216985665718279,True,0,id,2026-05-05T05:38:10.590553
ChZDSUhNMG9nS0VJQ0FnSUMtdEpyR01nEAE,ChIJISq1jm7ibi4RLsqgNKHHFTM,Docang Pak Kumis Khas Cirebon,cirebon,Kuliner,4,Docangnya enak mantap👍👍,2022-10-28T06:45:14.523Z,El. S,101511095346605486669,True,0,id,2026-05-05T05:38:10.590575
ChdDSUhNMG9nS0VJQ0FnSUNlLV9yUTl3RRAB,ChIJISq1jm7ibi4RLsqgNKHHFTM,Docang Pak Kumis Khas Cirebon,cirebon,Kuliner,5,"Enak, recommended",2022-09-25T05:08:30.205Z,Elnefi Putri,100834680422755176748,True,0,id,2026-05-05T05:38:10.590584
ChdDSUhNMG9nS0VJQ0FnSUR1bjZPYTlBRRAB,ChIJISq1jm7ibi4RLsqgNKHHFTM,Docang Pak Kumis Khas Cirebon,cirebon,Kuliner,5,Mantap rasanya khas cirebon,2022-09-02T07:34:55.714Z,Mohamad sodik (Ki Naya NK),115529896584504729534,False,1,id,2026-05-05T05:38:10.590607
Ci9DQUlRQUNvZENodHljRjlvT21aelltcElXVzlaT1RKbFJXRXdOV1V6UkdsMlJsRRAB,ChIJESi4lEPjbi4RPsMU_2Hj3yw,Mie Koclok Panjunan,cirebon,Kuliner,5,Unique noodle experience and taste that only can be found in cirebon. Worth the price the taste and the experience,2025-12-30T12:28:49.466Z,Alfred Tanjung,104586072008771008734,True,0,en,2026-05-05T05:38:10.590615
Ci9DQUlRQUNvZENodHljRjlvT25WaVlsZDVUVEp5TUd4dldFTXlVbGhQZWtzeFdsRRAB,ChIJESi4lEPjbi4RPsMU_2Hj3yw,Mie Koclok Panjunan,cirebon,Kuliner,5,"My favourite mie koclok, kuahnya lumayan rich, porsinya juga oke.",2025-12-30T11:44:46.756Z,Luthfan Auzan,102219475321834745067,True,0,id,2026-05-05T05:38:10.590624
Ci9DQUlRQUNvZENodHljRjlvT2tScmJFZHdaQzFwTlRaNWNIRnRNbkYyWTIxU1lXYxAB,ChIJESi4lEPjbi4RPsMU_2Hj3yw,Mie Koclok Panjunan,cirebon,Kuliner,5,Enak pakai banged. Tapi memang di gang gitu. One of the best experience in Cirebon,2025-12-18T17:26:14.729Z,Astrid H. S. S,117857791155190382950,True,0,id,2026-05-05T05:38:10.590647
Ci9DQUlRQUNvZENodHljRjlvT2t4WGExTklVSGhPVVd4WE1UbEZUemR3VDA5cllYYxAB,ChIJESi4lEPjbi4RPsMU_2Hj3yw,Mie Koclok Panjunan,cirebon,Kuliner,5,"Mie koclok enak ""yg berada di kota Cirebon, dekat masjid bersejarah pangeran panjunan.",2025-12-08T10:43:40.961Z,Wanto 76,102353348916836711785,True,0,id,2026-05-05T05:38:10.590662
Ci9DQUlRQUNvZENodHljRjlvT2xJMWNHcFZXbE5vWXpKUU1ISlFOMVpzVW1SelUzYxAB,ChIJESi4lEPjbi4RPsMU_2Hj3yw,Mie Koclok Panjunan,cirebon,Kuliner,4,"Kalo ke Cirebon, yg wajib disamperin juga ya dimari.. rasanya cocok di selera saya, best lah",2025-11-25T07:47:11.161Z,Didit Cahya Lesmana,114817988427768447813,True,0,id,2026-05-05T05:38:10.590698
Ci9DQUlRQUNvZENodHljRjlvT21Rd1JGVmtSalJPZDBONWIwMHlNbmxMWkZsMGNsRRAB,ChIJ77WVPnjibi4RPiLAidP_FCE,Jl kesambi samping rel kereta,cirebon,Kuliner,5,"Memang enak, tidak diragukan lagi 👍🏻👍🏻",2026-05-01T12:53:10.056Z,SL Priambodo,113686074602606476356,True,0,id,2026-05-05T05:38:10.590707
Ci9DQUlRQUNvZENodHljRjlvT2paUlZGZHdjbVZmYUVVM05WQkJaekZDWnpodlJuYxAB,ChIJ77WVPnjibi4RPiLAidP_FCE,Jl kesambi samping rel kereta,cirebon,Kuliner,5,"Makanan khas cirebon, kuahnya mirip lodeh tp tdk bersantan, lontong, kerupuk yg khas, daun singkong/pepaya, kelapa parut dan sambal. Enak…bikin kangen.",2026-03-24T13:29:28.463Z,Novi,109800547322361936431,True,0,id,2026-05-05T05:38:10.590767
ChZDSUhNMG9nS0VNSGRyNzNybGJ6UmRREAE,ChIJ77WVPnjibi4RPiLAidP_FCE,Jl kesambi samping rel kereta,cirebon,Kuliner,5,Docangnya enak banget guyss.. kuahnya sangat berasa..buat yang lagi nyari Docang.. Docang Ibu Wiwi.. Top recommended pokoknyaa..🔥,2025-06-07T13:52:42.795Z,Sahrul Ied,115831815579547111365,True,0,id,2026-05-05T05:38:10.590776
ChZDSUhNMG9nS0VJQ0FnSUNqNHJPYmRREAE,ChIJ77WVPnjibi4RPiLAidP_FCE,Jl kesambi samping rel kereta,cirebon,Kuliner,5,Tempatnya enak dipinggir jalan. Rasanya jga enak.,2024-04-19T13:56:06.044Z,weny bunny,109260528306132545850,True,0,id,2026-05-05T05:38:10.590792
ChZDSUhNMG9nS0VJQ0FnSUMxeXV5U1JBEAE,ChIJ77WVPnjibi4RPiLAidP_FCE,Jl kesambi samping rel kereta,cirebon,Kuliner,5,"Docang dan sambelnya beneran enak. Porsinya lumayan banyak dengan isian yang seimbang. Worth to try☺️
Harga 1 porsi Rp. 10.000",2023-12-27T11:51:18.050Z,Astri Almaidah,115617023505849335514,True,0,id,2026-05-05T05:38:10.590825
ChZDSUhNMG9nS0VJQ0FnSUN4bGFMWkhBEAE,ChIJ77WVPnjibi4RPiLAidP_FCE,Jl kesambi samping rel kereta,cirebon,Kuliner,2,"Sorry to say.. penjualnya gak bisa dengerin pesenan pembeli.. saya pesan 2, setelah sampai rumah ternyata hanya dibungkus kan 1. Akhirnya saya balik lagi, saya minta dibikinkan yg 1 tidak pakai lontong. Sampai di rumah saat dibuka ternyata ada lontong nya.
Tolong di dengar kalau ada pembeli request makanannya seperti apa",2023-05-22T13:03:25.567Z,Tia Vi,116518026949073890161,False,0,id,2026-05-05T05:38:10.590872
ChdDSUhNMG9nS0VJQ0FnSUN4aHRhN3pBRRAB,ChIJ77WVPnjibi4RPiLAidP_FCE,Jl kesambi samping rel kereta,cirebon,Kuliner,4,Rasanya lumahan. Hanya saja letaknya di trotoar pinggir jalan. Tempat duduknya terbatas. Tapi itu tidak mengurangi rasa docangnya,2023-05-16T08:26:08.103Z,Cherbond Okeh,100087576594507135963,True,0,id,2026-05-05T05:38:10.590882
ChdDSUhNMG9nS0VJQ0FnSURoeDZ5dXJ3RRAB,ChIJ77WVPnjibi4RPiLAidP_FCE,Jl kesambi samping rel kereta,cirebon,Kuliner,5,"Lha ini Cirebon specialist. Docang Made in bu Wiwi daerah kesambi. Kombinasi sayur daun singkong, kecambah, parutan kelapa dengan kuah mirip rawon yg menggugah selera. Ditambah dengan kerupuk dan sambal membuat nagih. Cuma 15k saja. Recommended...",2023-03-19T09:17:51.738Z,Dedy Herdito,102506361434391901613,True,0,id,2026-05-05T05:38:10.590898
ChZDSUhNMG9nS0VJQ0FnSUQtaHZDOWRnEAE,ChIJ77WVPnjibi4RPiLAidP_FCE,Jl kesambi samping rel kereta,cirebon,Kuliner,4,"Docang! Salah satu makanan khas Cirebon. Agak unik sih. Tapi kuahnya enak gurih wangi. Buat yang lagi wisata ke Cirebon ya wajib sih buat cobain Docang disini.

Biar afdol jalan"" ke Cirebonnya nyobain khasnya yang unik satu ini hihihi

Biasanya mereka jualan di angrkingan pinggir jalan gitu, jujur agak banyak emang yang jualan dengan nama beda-beda jadi tergantung kamu aja deh terpicutnya di tenda Docang yang mana.

Selamat menjelajah Cirebon bestie!",2022-11-28T04:41:45.352Z,Gabriella,116404826974926963954,True,0,id,2026-05-05T05:38:10.590914
ChZDSUhNMG9nS0VJQ0FnSURXdnZTUUVBEAE,ChIJ77WVPnjibi4RPiLAidP_FCE,Jl kesambi samping rel kereta,cirebon,Kuliner,5,"Kuliner khas Cirebon yang unik dan khas.
Docang yang disajikan dengan kuah panas, sangat enak dinikmati selagi hangat, cukup memenuhi kebutuhan karbohidrat melalui lontongnya serta sayuran dengan sajian kulub daun singkong serta toge yang tersiram kuah khas docang.
Rekomended bagi yang ingin mencicipi kuliner lain dari Cirebon, khususnya yang berada di area Kesambi dan sekitarnya.",2022-03-25T12:01:15.634Z,Ang Acep,114925991855457884846,True,0,id,2026-05-05T05:38:10.590964
ChdDSUhNMG9nS0VJQ0FnSURHc0l1dWt3RRAB,ChIJ77WVPnjibi4RPiLAidP_FCE,Jl kesambi samping rel kereta,cirebon,Kuliner,4,"Rasa docangnya cukup enak dan dikasih banyak kerupuk juga, lokasinya dekat rel dan seberang yang jual nasi kuning. Awalnya udah ngebayangin ga enak karena dari bentuk dan bahannya tetapi ketika dicoba rasanya cukup enak.",2021-11-16T05:21:35.401Z,Bagas Anindito,105210719214170997397,True,0,id,2026-05-05T05:38:10.590979
ChZDSUhNMG9nS0VJQ0FnSURTeGNmcFpREAE,ChIJ77WVPnjibi4RPiLAidP_FCE,Jl kesambi samping rel kereta,cirebon,Kuliner,4,"Saya beli di sini kebetulan karena lewat dan penasaran seperti apa itu Docang. Harganya murah, tapi porsinya sedikit untuk yang  belum makan sama sekali, sepertinya butuh 2 porsi, tapi kerupuknya banyak sekali. Rasanya saya tidak tahu ini termasuk enak atau tidak, karena saya belum pernah makan Docang sebelumnya. Parkir mobil gampang tinggal diparkir di depannya karena sepi.",2021-01-02T15:10:55.552Z,Dwiky Darmawan,112147618558113340437,True,2,id,2026-05-05T05:38:10.591023
ChdDSUhNMG9nS0VJQ0FnSUM4bThDdTVBRRAB,ChIJ77WVPnjibi4RPiLAidP_FCE,Jl kesambi samping rel kereta,cirebon,Kuliner,5,Not bad n chiper,2020-08-03T17:00:59.624Z,Buyung Ben Yamin Inaray,113144392858136115322,True,0,en,2026-05-05T05:38:10.591045
ChdDSUhNMG9nS0VJQ0FnSUQ4MTVQeGx3RRAB,ChIJ77WVPnjibi4RPiLAidP_FCE,Jl kesambi samping rel kereta,cirebon,Kuliner,3,Lokasi pinggir jalan gampang ditemukan kaya angkringan. Porsi sedikit sih kalo buat yang laper kurang 😂 kuahnya enak tp menurutku kebanyakan. Harganya 12k,2020-08-02T14:36:24.017Z,Dea Wulansari,104376167306189913284,True,1,id,2026-05-05T05:38:10.591054
ChdDSUhNMG9nS0VJQ0FnSUNzX1BucHhnRRAB,ChIJ77WVPnjibi4RPiLAidP_FCE,Jl kesambi samping rel kereta,cirebon,Kuliner,5,Makanan khas Cirebon yang otentik Docang Ibu Wiwik tempatnya,2020-01-26T04:14:09.778Z,Evi Apriliyanto,101446477466806284706,True,0,id,2026-05-05T05:38:10.591125
Ci9DQUlRQUNvZENodHljRjlvT2tKVE4yMWljMlZmTVhSMVpWZzBRMFZFVHpGSFQzYxAB,ChIJ94-Vimvibi4RUradk3t5omc,Nasi Lengko H. Barno,cirebon,Kuliner,5,lezat dan nikmat,2026-05-04T23:58:21.671Z,Zaenal Arifin,116039557034486041588,True,0,id,2026-05-05T05:38:10.591150
Ci9DQUlRQUNvZENodHljRjlvT2w5S2JWSlhTM0JwYUdoQ1pqVTFhelpRYkdOaGRrRRAB,ChIJ94-Vimvibi4RUradk3t5omc,Nasi Lengko H. Barno,cirebon,Kuliner,5,"Sate kambing dan es puter durennya enak bgt, nasi lengko juga unik rasanya👍🏻👍🏻",2026-05-03T05:51:38.183Z,putri yollanda,100253058969513092103,False,0,id,2026-05-05T05:38:10.591168
Ci9DQUlRQUNvZENodHljRjlvT2pkVWR6WjRYM290ZVdGRU4wZFJOamhGZGpSaU9YYxAB,ChIJ94-Vimvibi4RUradk3t5omc,Nasi Lengko H. Barno,cirebon,Kuliner,3,"Dengan rasa yg biasa saja sy rasa harganya trmasuk mahal, aplagi satenya keras",2026-04-19T10:47:34.807Z,Siti Hasnah,105564789341332453275,True,0,id,2026-05-05T05:38:10.591205
Ci9DQUlRQUNvZENodHljRjlvT2w5VlNtZHZVMEUyUm01bFJIaE1SVWgxZVMxak0wRRAB,ChIJ94-Vimvibi4RUradk3t5omc,Nasi Lengko H. Barno,cirebon,Kuliner,4,"Sbnernya nasi lngko itu gk terlalu istimewa...saya sdh biasa bikin sndiri dri sd kalo di rmh gk ada lauk, krna cm modal tempe tahu goreng, toge, irisan timun sambal kecap...tp jaman berubah, nasi lngko yg tadinya dikonsumsi oleh kebanyakan rakyat mnengah kebawah by abang2 becak, buruhw kasar, krna terkenal dg nasi nya yg porsi bnyak dn murah, saya heran hrga sepiring gk telalu bnyak bisa 18rbu(tnpa lauk)...sdgkan di jkt nasi uduk dg lauk tahu semur cm 12rb,porsi gk jauh beda...tp itulah perubahan jaman,krna teknologi smua berubah..hehe",2026-04-15T12:53:12.186Z,heri wibowo,112583062966735671043,True,0,id,2026-05-05T05:38:10.591228
Ci9DQUlRQUNvZENodHljRjlvT2tGVU1HcFJjVjlSWkhSMmFVTm9PRmxUU1hkcExYYxAB,ChIJ94-Vimvibi4RUradk3t5omc,Nasi Lengko H. Barno,cirebon,Kuliner,5,Sengaja transit cirebon dr purwokerto buat sarapan disini.. Selalu kangen nasi lengko,2026-04-11T09:49:22.314Z,opik muslimovic,107860784436321248073,True,0,id,2026-05-05T05:38:10.591244
Ci9DQUlRQUNvZENodHljRjlvT21oVlZrOVlibWg1U1hkdk5uSnZjbEZJTjNCVFFuYxAB,ChIJ94-Vimvibi4RUradk3t5omc,Nasi Lengko H. Barno,cirebon,Kuliner,5,Tempat nya luas makanan nya juga enak baru pertama makan reccomended sih bagi pecinta kuliner.,2026-04-02T02:44:40.640Z,Pribadi Tujuh,100893191646989807906,True,0,id,2026-05-05T05:38:10.591259
Ci9DQUlRQUNvZENodHljRjlvT20xWmFteEhRVzlWYzNSYU5uQjFXalJKU25GRWNHYxAB,ChIJ94-Vimvibi4RUradk3t5omc,Nasi Lengko H. Barno,cirebon,Kuliner,5,"Makanan kategori legend (dr waktu kecil udh ada sampe skr), nasi lengko dng kerupuk yg di remes, sate kambingnya enak ga keras ga bau.. Bener2 gak ngebosenin deh ini klo dtng ke Cirebon, Wajib Mampir.. Rekomen..

Tempat : Perlu peremajaan (Ventilasi Udara) Supaya asapnya tdk ngebul di dalem jd rada engap n kluar2 bau asep.. 😬🙏🏼",2026-03-30T11:52:23.121Z,Kia Krisna,103243680492642140591,False,0,id,2026-05-05T05:38:10.591268
Ci9DQUlRQUNvZENodHljRjlvT2psVWFraFhabDg1UmsxRllsQXdZak5VWDFaS2RGRRAB,ChIJW3Qzn17jbi4Rep1CpYs90iY,Tahu Gejrot Khas Cirebon Mang Wardi,cirebon,Kuliner,5,3 besar tahu gejrot paling enak di cirebon,2026-04-06T08:55:30.042Z,Dream Night,111530675830199023664,True,0,id,2026-05-05T05:38:10.591315
Ci9DQUlRQUNvZENodHljRjlvT25kc1drVklNRmx2ZUZvNFpHSnRZbFpvYlRob1ZuYxAB,ChIJW3Qzn17jbi4Rep1CpYs90iY,Tahu Gejrot Khas Cirebon Mang Wardi,cirebon,Kuliner,1,"Berkat kamu gak bilang diawal harus nunggu 40 menit untuk ambil kuah, rezekinya jd tetep buat kamu yaaaaaaa... saya nunggu lama tanpa dikasih tau🥰kuah hambar ya kurang enak,  harusnya saya udh nyebrang ke shinta ya enak tanpa nunggu kuah 4p menit🥰",2026-03-31T05:46:40.607Z,Michelle Mariaaa,113325749612727406920,True,0,id,2026-05-05T05:38:10.591326
Ci9DQUlRQUNvZENodHljRjlvT25CV1RVRmlYMUZPWlV4eWNqazBTa1pDZEVoNU9XYxAB,ChIJW3Qzn17jbi4Rep1CpYs90iY,Tahu Gejrot Khas Cirebon Mang Wardi,cirebon,Kuliner,5,"Kebetulan lagi mampir di cirebon ke pasar kanoman mau beli kopi bubuk pas di sebrang tahu gejrot ini.
Tapi, Toko kopi nya lagi tutup.

Keliatan ada tahu gejrot, jadi ingin mencoba, ternyata enak.
Harga Rp 12.000/porsi
Jika untuk bawa pulang dalam jumlah besar, harganya Rp 25.000
Saya pesan yang pedas, tapi kurang pedas, mungkin level kepedasan saya uda diatas normal hahaha..",2026-03-10T04:06:53.457Z,Livia Lie,116098134563228316216,True,0,id,2026-05-05T05:38:10.591334
Ci9DQUlRQUNvZENodHljRjlvT2pGa2IzSnNWbVZwT1RObGFtOTJVM1ZPVmpOU2FHYxAB,ChIJW3Qzn17jbi4Rep1CpYs90iY,Tahu Gejrot Khas Cirebon Mang Wardi,cirebon,Kuliner,4,Tahunya enak tp masi kurang jos tempat makannya juga cukup teduh,2026-02-19T04:16:02.622Z,Eka Rahmat Putra,105911562364230294197,True,0,id,2026-05-05T05:38:10.591343
Ci9DQUlRQUNvZENodHljRjlvT25SSGFYRTFaazR0TjA5S1gzVTFWMnQ0TmtSMVlWRRAB,ChIJW3Qzn17jbi4Rep1CpYs90iY,Tahu Gejrot Khas Cirebon Mang Wardi,cirebon,Kuliner,5,"Tahu gejrot mang wardi recommended banget nihh.
Di pengkolan deket kopi bubuk.
Mantep apalgi buat oleh olehnya juga ada.
Pelayanan 👌",2026-01-29T10:06:58.131Z,angga erlangga,115471287928673243329,False,0,id,2026-05-05T05:38:10.591359
Ci9DQUlRQUNvZENodHljRjlvT20xaWVrOHlPVUo0VjBNMFdsVlZMVlU1UWxvNUxYYxAB,ChIJW3Qzn17jbi4Rep1CpYs90iY,Tahu Gejrot Khas Cirebon Mang Wardi,cirebon,Kuliner,4,"Tahu gejrot ini berada di sudut jalan pasar kanoman. Kami pesan 1 porsi untuk mencicipi rasanya. Kami pesan pedas tp masih kurang pedas. Ternyata memang saat itu cabainya lg tidak pedas. Mungkin berikutnya akan pesan pedas banget. Rasa kuahnya agak terlalu manis untuk selera kami, tp keseluruhan rasanya enak dan segar. Banyak pelanggan yg beli porsi besar untuk dibungkus. Penjual menyediakan botol untuk kuah porsi2 besar.

Tempatnya sederhana di bawah tenda dengan kursi yg mungkin cukup utk 8-10 orang, tanpa meja saat siang lumayan panas. Jika makan di tempat akan disajikan di atas cobek/piring tanah liat yg digunakan untuk meng-gejrot tahu dadakan sesuai pesanan. Tersedia juga  air mineral. Kami membayar 17-18 rb rupiah (kurang ingat pastinya) utk 1 porsi tahu gejrot dan 1 botol air.

Karena berada di daerah pasar besar, banyak parkiran di depan ruko2 namun akan sulit utk parkir pas di depan tenda. Kami datang jalan kaki dr Gang Macan jadi tidak memerhatikan kondisi parkiran.

Terima kasih mang dan teh, pelayanannya baik.",2026-01-18T03:48:33.452Z,Aisyah Estu,105385839733488086130,True,0,id,2026-05-05T05:38:10.591368
Ci9DQUlRQUNvZENodHljRjlvT2xrdGJESTBVM2hmTkhKNGRHcHdWblZHVWtFelduYxAB,ChIJW3Qzn17jbi4Rep1CpYs90iY,Tahu Gejrot Khas Cirebon Mang Wardi,cirebon,Kuliner,5,"Salah 1 kuliner yg harus dicoba kalau ke cirebon most favorite tahu gejrot
Dgn harga 12k per porsi
Paket 45k
Sdh bisa nikmati kuah rasa manis pedes segar ama tahu
Beda dgn tahu gejrot yg di solo kuahnya asem
Buka dari jm 6  pagi sampai habis
Harus bgt pagi"" Kesini kalau gk bakal nunggu lagi",2026-01-05T10:31:10.885Z,Anisa Gta,114868885173178296924,True,0,id,2026-05-05T05:38:10.591376
Ci9DQUlRQUNvZENodHljRjlvT21oQlZYZFNWSGRXWm1aTWNtaGtRWEZPZURWdmNFRRAB,ChIJW3Qzn17jbi4Rep1CpYs90iY,Tahu Gejrot Khas Cirebon Mang Wardi,cirebon,Kuliner,5,"Cuzz ke pasar kandang Cirebon, ke tahu nya pak wardi
1 porsi masa cuma 12 rb
Kalau beli paketnya 45rb sdh diksh bwg merah dan kuatnya 1 botol

Ruameee banget
Lumayan enak",2026-01-04T03:16:24.997Z,Lia Narulitaa,112464559402550271507,True,0,id,2026-05-05T05:38:10.591385
Ci9DQUlRQUNvZENodHljRjlvT2xwdFRWazJZVFIyZW5kSFpsaGZTRXM1VTJaaFZWRRAB,ChIJW3Qzn17jbi4Rep1CpYs90iY,Tahu Gejrot Khas Cirebon Mang Wardi,cirebon,Kuliner,5,"Tahu gejrotnya enak banget, sampe nambah makan disini. Sesuai rekomendasi Tik Tok. Ada paket untuk oleh-oleh juga. Tempat terbatas karena lokasi pas dipasar. Yg kurang banyak tukang ngamennya mondar-mandir. Pembayaran bisa cash dan Qris.",2025-12-31T10:56:38.721Z,GeminiJuni,110560973248308435504,True,0,id,2026-05-05T05:38:10.591400
Ci9DQUlRQUNvZENodHljRjlvT2tkWFh6SjRZa0ZXVnpOMFltcEhSVTFsTUU0eVIwRRAB,ChIJW3Qzn17jbi4Rep1CpYs90iY,Tahu Gejrot Khas Cirebon Mang Wardi,cirebon,Kuliner,5,Lokasi di pasar tp y enakk tp bukan yg enak banget ya,2025-12-29T07:19:47.699Z,Mia Miemie,102100693359447416409,True,0,id,2026-05-05T05:38:10.591409
Ci9DQUlRQUNvZENodHljRjlvT21kSk5saFJNRFUzYjI1YVN5MXJUVUZPUjNwUmMxRRAB,ChIJW3Qzn17jbi4Rep1CpYs90iY,Tahu Gejrot Khas Cirebon Mang Wardi,cirebon,Kuliner,3,"Barusan banget beli makan di situ 3 porsi dan bawa pulang 2 paket.
Harga per porsi 12rb jadi x 3 adalah 36rb.
Beli yg bawa pulang @harga 45rb jadi 90rb. Total mestinya 126rb kan ya? Tadi saya bayar 136rb. Baru ngeh setelah perjalanan pulang. Duuuhhh 😓",2025-12-26T10:35:22.539Z,nonon nonon,112835675682034156111,True,0,id,2026-05-05T05:38:10.591417
Ci9DQUlRQUNvZENodHljRjlvT2w5Q1R6YzFUVVpyTmtRMFV6aFJSMWh0U1hScGNrRRAB,ChIJW3Qzn17jbi4Rep1CpYs90iY,Tahu Gejrot Khas Cirebon Mang Wardi,cirebon,Kuliner,5,Enakkkkkkkk….. bapaknya baik,2025-12-18T10:21:33.390Z,Astrid H. S. S,117857791155190382950,True,0,id,2026-05-05T05:38:10.591428
Ci9DQUlRQUNvZENodHljRjlvT2kxWlZITnlaMHh4YjAxMVoxSkVha3AyYjJoVloyYxAB,ChIJW3Qzn17jbi4Rep1CpYs90iY,Tahu Gejrot Khas Cirebon Mang Wardi,cirebon,Kuliner,5,mantap bgt tahu gejrot nya,2025-11-18T14:18:47.635Z,Marchellin Antonia,114809695131297039051,True,0,id,2026-05-05T05:38:10.591450
Ci9DQUlRQUNvZENodHljRjlvT2t4MVNITmZOMEZKY1RCeVZsbHZNVTVpU0VNeWRtYxAB,ChIJW3Qzn17jbi4Rep1CpYs90iY,Tahu Gejrot Khas Cirebon Mang Wardi,cirebon,Kuliner,5,Bumbunya khas banget,2025-11-10T09:48:10.650Z,Farliana Sutartiah,115481390445011975526,True,0,id,2026-05-05T05:38:10.591458
Ci9DQUlRQUNvZENodHljRjlvT2s5cFh5MTBhMlZxT0VsdWJVRTNiak5HUzFNNU4wRRAB,ChIJW3Qzn17jbi4Rep1CpYs90iY,Tahu Gejrot Khas Cirebon Mang Wardi,cirebon,Kuliner,5,"Salah satu makanan tradisional khas Cirebon

Lokasinya di pasar, jika ramai maka susah parkir. Rasanya enak, tapi agak manis
Jika makan disini siapkan uang cash",2025-10-25T16:59:27.169Z,Kristy,111414585394601842096,True,0,id,2026-05-05T05:38:10.591466
Ci9DQUlRQUNvZENodHljRjlvT25OMlYzbFRTemhGUkRKaVYzTjVSR2t5TFZjMU4wRRAB,ChIJW3Qzn17jbi4Rep1CpYs90iY,Tahu Gejrot Khas Cirebon Mang Wardi,cirebon,Kuliner,5,"Tahu gejrot terenak di kota cirebon 😆
Harga merakyat",2025-10-25T01:49:04.421Z,Airborne -,108738763857815924002,True,0,id,2026-05-05T05:38:10.591474
Ci9DQUlRQUNvZENodHljRjlvT2toNWRHOUxNVWxIUkZOa01VZEdNWEZSUTIxTldrRRAB,ChIJ94-Vimvibi4RUradk3t5omc,Nasi Lengko H. Barno,cirebon,Kuliner,4,"Libur lebaran makan disini, tempat ini termasuk legend, selain nasi lengko dia juga sedia sate kambing, juga ada penjual lainnya seperti es jeruk, es duren dan tahu gejrot, tapi saya ga komen jajanan lainnya karena mereka tidak 1 kasir.

Untuk nasi lengkonya sendiri sudah ada bumbu kacang, tidak pedas. Tahu tempenya sedikit disini, tapi nasinya pulen. Khasnya di cirebon itu kecap cap matahari. Sate kambingnya enak, empuk, tidak bau, besar besar juga, disajikan dengan bumbu kecap. Tempatnya sendiri besar dan luas, tapi bau asap dari pembakaran sate karena asapnya masuk semua kedalam. Parkiran didepan rumah makannya cukup luas karena menggunakan bahu jalan.",2026-03-27T05:07:18.209Z,Anggita Deska,106502328316704552761,True,0,id,2026-05-05T05:38:10.591483
Ci9DQUlRQUNvZENodHljRjlvT25WaVJGbzFkMmt4U0ZOMVVqaEJkbEZzT1d4T1UzYxAB,ChIJ94-Vimvibi4RUradk3t5omc,Nasi Lengko H. Barno,cirebon,Kuliner,5,Sebuah pengalaman kuliner yang beda dari yang lain saat libur lebaran kemarin saya direkomendasikan oleh KK sepupu untuk datang ke Sate H.Barno jika mau kulineran diKota Cirebon sebuah referensi yang layak dicoba bagi kalian yang idealis akan cita rasa khas kota didaerah daerah diindonesia,2026-03-26T08:24:58.995Z,Arif Hidayat,104275111302123507243,True,0,id,2026-05-05T05:38:10.591492
Ci9DQUlRQUNvZENodHljRjlvT2xRd1ltTk1VMk5rYWxKRFdqRlBWbVExWTNSQlYwRRAB,ChIJ94-Vimvibi4RUradk3t5omc,Nasi Lengko H. Barno,cirebon,Kuliner,4,Tempat luas cocok untuk keluarga,2026-03-24T16:13:28.528Z,Ayie Lisna,111052981310220621095,True,0,id,2026-05-05T05:38:10.591507
Ci9DQUlRQUNvZENodHljRjlvT2tOSVowOTVTR0ZqTkRKTlNVUlJlRGhhUlZWNWMwRRAB,ChIJ94-Vimvibi4RUradk3t5omc,Nasi Lengko H. Barno,cirebon,Kuliner,1,Harga satenya mahal banget 1 tusuk harganya 7.000 🫣,2026-03-23T01:50:10.942Z,Annisa Yasmine,103080284619919810709,False,0,id,2026-05-05T05:38:10.591516
Ci9DQUlRQUNvZENodHljRjlvT2s1UWVtZGlSV1ZFUlZGSk4weHRaVzFvYW1zeVkxRRAB,ChIJ94-Vimvibi4RUradk3t5omc,Nasi Lengko H. Barno,cirebon,Kuliner,4,"Rasanya maaf kurang dilidah saya, tempat nya penuh dengan asap pembakaran satenya jadi mata terasa perih, dan untuk saya yg punya riwayat sesak nafas tidak cocok makan disitu",2026-03-08T15:53:28.970Z,Dian Ashri21,107359671433897805264,True,0,id,2026-05-05T05:38:10.591524
Ci9DQUlRQUNvZENodHljRjlvT25wa09WTnJTV1JKVVdkMVFrWlFXblJEYlhwUE5rRRAB,ChIJ94-Vimvibi4RUradk3t5omc,Nasi Lengko H. Barno,cirebon,Kuliner,3,"Untuk sate kambingnya terlalu mahal untuk satu Porsi, gak ""Whort it""
Selain bau kambing ya masih sangat kentara, dagingnya kecil, lemaknya yang paling gede, tapi itu buat saya, mungkin selera orang berbeda, tolong perbaiki.",2026-03-03T20:59:31.298Z,AaRoy hartono,104135714986657984645,True,0,id,2026-05-05T05:38:10.591541
Ci9DQUlRQUNvZENodHljRjlvT2xwQ09HOUNNbVJXVlhGSFFqQkdTVFJEY0RWZlRFRRAB,ChIJ94-Vimvibi4RUradk3t5omc,Nasi Lengko H. Barno,cirebon,Kuliner,4,It is an ok place to eat.,2026-03-02T10:09:40.550Z,Heldy Anto,117455818070067874493,True,0,en,2026-05-05T05:38:10.591557
Ci9DQUlRQUNvZENodHljRjlvT2t4U01FUkJhMjlmVkc5YU1UQjFVVXBTWkY4emNWRRAB,ChIJ94-Vimvibi4RUradk3t5omc,Nasi Lengko H. Barno,cirebon,Kuliner,1,"Tempat aga kumuh. Tp yang paling tidak ditolerir. Makanan lama sekali ditambah ibunya tidak ramah sama sekali bentak-bentak di depan orang banyak karena satenya sudah jadi tp gatau saya dimana. Lah orang teriaknya di depan toko saya duduk jauh di dalem, ga kedengeran lah. Kenapa jd marah ke pelanggan salah sendiri ga masuk ke dalem sedikit pemalas dan bikin satenya lama bgt!!!. Pertama dan terkahir sih kesini. Pengalaman buruk.",2026-02-16T07:46:43.956Z,Lovers Boy,103674577508537221653,True,0,id,2026-05-05T05:38:10.591572
Ci9DQUlRQUNvZENodHljRjlvT2xNMVZ6aFFXa0Z5Vkc5cGJWaDRiMnd0ZVc5c09GRRAB,ChIJ94-Vimvibi4RUradk3t5omc,Nasi Lengko H. Barno,cirebon,Kuliner,4,"Sore hari jam 17.00. Order bertiga nasi lengko plus sate kambing 20 tusuk & teh hangat. Rasa sedep utamanya sate kambingnya 👍. Parkir pinggir jalan di sebrang , roda depan mobil sebelah kanan  sempat masuk lubang gorong2 yg terbuka.",2026-02-11T11:16:52.373Z,Dany Rachmat,107210316278671484661,True,0,id,2026-05-05T05:38:10.591581
Ci9DQUlRQUNvZENodHljRjlvT2pOcVUxZzRSMFJoY1dVeFVsQmFYMDVIUW1SelRHYxAB,ChIJ94-Vimvibi4RUradk3t5omc,Nasi Lengko H. Barno,cirebon,Kuliner,5,Datang lagsung d tanya mau sate apa engga org mah duduk dlu gitu baru d tanya ini kaget akuuu pdhl kebelet pipis di buru buruan jawab pertanyaannya 😂 tapi makannnya enak mantap tempat luas muda ko,2026-02-07T00:35:16.536Z,Bella Anari,116970937440276781582,True,0,id,2026-05-05T05:38:10.591590
Ci9DQUlRQUNvZENodHljRjlvT25wQ01qUlJhRWhaTjE5ZlZEVmxUbVZtYURCWlQzYxAB,ChIJ94-Vimvibi4RUradk3t5omc,Nasi Lengko H. Barno,cirebon,Kuliner,1,"Saya dan teman2 datang ke Cirebon utk wisata kuliner. Ktmu lah rekomendasi tmpt ini. Hrg sate disini sgt mahal dan hanya dominan rasa pedas. Blm lg hampir semua satenya tidak bisa digigit (sangat alot). Jujur saya sangat menyesal makan disini, padahal katanya tempat ""legend"" dan cukup banyak direkomendasikan. Kemudian yang terakhir, tempatnya sangat panas saat siang hari karena atapnya tanpa plafon.",2026-02-03T09:46:14.400Z,Rhyme,105354497657825726603,False,0,id,2026-05-05T05:38:10.591598
Ci9DQUlRQUNvZENodHljRjlvT25GUFdqRmliMjlJWm5OaVMwcGFWWEV3WjJrNVQyYxAB,ChIJ94-Vimvibi4RUradk3t5omc,Nasi Lengko H. Barno,cirebon,Kuliner,5,Sate kambing muda nya josss,2026-01-29T18:25:43.204Z,Linov Purp,103847099534850246528,True,0,jv,2026-05-05T05:38:10.591622
Ci9DQUlRQUNvZENodHljRjlvT2pCSk9XVkhXSFo0YVRkUU0yUllSbUZuYTNkdFZWRRAB,ChIJ94-Vimvibi4RUradk3t5omc,Nasi Lengko H. Barno,cirebon,Kuliner,3,"Disebut legend, tapi nasi lengko biasa aja. Memang harus ditambah dengan sate. Kalo untuk sarapan, jelas not recommended. Silakan untuk makan siang atau malam.",2026-01-28T22:16:04.940Z,alloin alsafa,113225001691834678357,True,0,id,2026-05-05T05:38:10.591630
Ci9DQUlRQUNvZENodHljRjlvT25CdVR6WlBaMU5sVWpodmVqZ3dNRTFsUjA1SFRHYxAB,ChIJ94-Vimvibi4RUradk3t5omc,Nasi Lengko H. Barno,cirebon,Kuliner,5,"Tempatnya luasss banget di dalam, makananya enak sate kambingnya enak. Penjualnya ramah. Porsinya pas untuk makan siang. Wajib di coba kalau ke cirebon, sate kambingnya bisa pesan 1/2 porsi saja.",2026-01-27T12:14:06.574Z,dhenis setyo nugroho,101239930987576040485,True,0,id,2026-05-05T05:38:10.591639
Ci9DQUlRQUNvZENodHljRjlvT2pOd01rdENkVGhrVDA5dlpIbEdlSEExVW5SbWVIYxAB,ChIJW3Qzn17jbi4Rep1CpYs90iY,Tahu Gejrot Khas Cirebon Mang Wardi,cirebon,Kuliner,1,"Beberapa hari lalu beli tahu gejrot di sini di belokan yg sebelahan sama penjual pepes. Kali ini penjualnya mas dan mba... padahal biasanya bapak dan ibu2 separuh baya. Saya beli 2 bungkus yang harga 45ribu dan 25ribu. Sampai rumah sempat nyobain sedikit, tapi rasa kuahnya berbeda dan agak aneh, rasa asam jawanya ga ada. sisanya langsung taro di kulkas memang sengaja untuk di konsumsi lain hari. Tapi baru 3 hari simpan di kulkas udah bulukan dan berjamur. Padahal sebelumnya kalau beli sama bapak2 itu tahan lebih dari 1 minggu dalam kulkas.",2025-10-19T07:58:48.747Z,Lisa Nur,102460678728597587319,True,0,id,2026-05-05T05:38:10.591647
Ci9DQUlRQUNvZENodHljRjlvT25GWFUwbFROVmhYUmpSVkxVdDNYMTkxYkRaRFlsRRAB,ChIJW3Qzn17jbi4Rep1CpYs90iY,Tahu Gejrot Khas Cirebon Mang Wardi,cirebon,Kuliner,5,"tahu gejrotnya enak , sedap juga rasanya , kalau rame harus siap antri , cuma agak sedikit kecewa saya datang lebih dulu sekeluarga dan sudah pesan sama mas2nya karna antri , tiba2 ada lagi yg datang dilayani sama mba2nya eh tiba2 nyuruh ke masnya dilayanin dulu , jelas2 saya lebih dulu pesan , mau marah untung rasanya enak , kalau bisa pake nomor antrian aja ya biar ga ketuker apalagi kalau sedang ramai , maaf ya sekedar saran 😁🙏 selebihnya enak ko , semoga rasanya tetap enak terus",2025-09-08T05:34:13.915Z,Acke Revianty,109754637386749737463,True,0,id,2026-05-05T05:38:10.591672
Ci9DQUlRQUNvZENodHljRjlvT21ObFpEbGxTa1YxTTIxcVowVnVTWFp6YldsUk5uYxAB,ChIJW3Qzn17jbi4Rep1CpYs90iY,Tahu Gejrot Khas Cirebon Mang Wardi,cirebon,Kuliner,5,Langganan kalau lagi pengen makan tahu gejrot,2025-09-07T14:16:36.095Z,Efendi Agnilinia,112479580998473221619,True,0,id,2026-05-05T05:38:10.591680
Ci9DQUlRQUNvZENodHljRjlvT2xNM2VVUnNlVlJhT1VsZmIwaHphVVZHVGsxV04xRRAB,ChIJW3Qzn17jbi4Rep1CpYs90iY,Tahu Gejrot Khas Cirebon Mang Wardi,cirebon,Kuliner,5,"Traditional food from Cirebon, love the ambient at traditional market when people gather with laugh and smile.
The 'Tahu Gejrot' make it perfect.",2025-08-31T06:12:55.211Z,Rahardiyan Ferdinanto,100190681211085196069,True,0,en,2026-05-05T05:38:10.591688
Ci9DQUlRQUNvZENodHljRjlvT25wbk56VldabDkyUmpOT01HOUpNaTFyVkV4VE4zYxAB,ChIJW3Qzn17jbi4Rep1CpYs90iY,Tahu Gejrot Khas Cirebon Mang Wardi,cirebon,Kuliner,5,I like the taste especially the sauce. Recommended.,2025-08-19T12:14:27.889Z,Kevin Arf,113756771831158812589,True,0,en,2026-05-05T05:38:10.591696
Ci9DQUlRQUNvZENodHljRjlvT2tka2NFVlZWRGRpYlhaRWNGVXRlSGhyV1hKSU4zYxAB,ChIJW3Qzn17jbi4Rep1CpYs90iY,Tahu Gejrot Khas Cirebon Mang Wardi,cirebon,Kuliner,5,"Udah coba bbrp tahu gejrot di cirebon, baik yang ada di rumah makan atau pinggir jalan, tapi yang kuahnya paling cocok di sini, manis & gurihnya pas, plus tahunya kaya beda gitu",2025-08-10T15:29:23.347Z,Muhamad Rusdi (Eoshi),112253289833540233111,True,0,id,2026-05-05T05:38:10.591705
Ci9DQUlRQUNvZENodHljRjlvT25WMFptSnlZalpmZEVwc1NsVlRibWRaWjNaUmJuYxAB,ChIJW3Qzn17jbi4Rep1CpYs90iY,Tahu Gejrot Khas Cirebon Mang Wardi,cirebon,Kuliner,5,"Terletak di area pasar kanoman, dekat manisan shinta, di pengkolan trotoar, bisa makan ditempat dengan tempat terbatas. 1 porsi 12k, penjual ramah, ada banyak staffnya, yang meracik tahu gejrot, yang nyatat pesanan juga kasir, semuanya ramah dan pelayanan cepat. Kuahnya manis dan melimpah, tahunya seperti kosong didalam, wadah coet buat makannya juga besar, bisa diberi irisan bawang dan cabai ulek kasar. Dia juga sedia untuk oleh oleh, harga 45k sudah dapat kuah dan juga bawang merah plus cabe rawit. Pembayaran menggunakan cash atau transfer.",2025-08-10T14:35:11.950Z,Anggita Deska,106502328316704552761,True,0,id,2026-05-05T05:38:10.591732
Ci9DQUlRQUNvZENodHljRjlvT2pjMGVURkdXWFpLZFdkNVZGWTFaalZIYnpoVWJWRRAB,ChIJW3Qzn17jbi4Rep1CpYs90iY,Tahu Gejrot Khas Cirebon Mang Wardi,cirebon,Kuliner,5,Setiap ke cirebon pasti mampir ke sini,2025-07-12T16:37:49.385Z,Utamhasanudin,109299784305285358385,True,0,id,2026-05-05T05:38:10.591748
Ci9DQUlRQUNvZENodHljRjlvT2pGUE9UZGpVWE5UUlU1eWEzUnlTRXB5TkVSclpXYxAB,ChIJW3Qzn17jbi4Rep1CpYs90iY,Tahu Gejrot Khas Cirebon Mang Wardi,cirebon,Kuliner,5,Mantappp tahu gejrotnya enakkk,2025-07-03T03:37:14.673Z,Sunandar Pribadi,117012706120166626878,True,0,id,2026-05-05T05:38:10.591762
Ci9DQUlRQUNvZENodHljRjlvT2twRFVXZHRaMU5mZWtGS2VrbFBiRVUxU2twbFluYxAB,ChIJW3Qzn17jbi4Rep1CpYs90iY,Tahu Gejrot Khas Cirebon Mang Wardi,cirebon,Kuliner,5,"Mantabb bngt yah,
Rekomendasi ketika yg jaga mas-mas nyh,

Aku setiap beli yang Perporsi dengan harga
12.000, dan untuk bawa pulang 45.000,.

Mantab mamang nyh juga gak pelit dengan cabai bawang nyh untuk makan di lokasi,..
Dan sopan bangt untuk melayanin nyh..

Di sarankan datang untuk hari biasa,.
Jika liburan pasti antri 😋😋",2025-07-02T04:50:00.213Z,Kumala Devi,105473122699991557783,False,0,id,2026-05-05T05:38:10.591771
Ci9DQUlRQUNvZENodHljRjlvT2tWRldWWkhVblJVUjNkYWQyRnVlRXhHVmpOWVVHYxAB,ChIJW3Qzn17jbi4Rep1CpYs90iY,Tahu Gejrot Khas Cirebon Mang Wardi,cirebon,Kuliner,1,"Saya kecewa penjualnya sdh ganti bocah bujang. Padahal dulu yg jual bapak setengah baya. Enak dan mantap tahu gejrotnya. Sekarang ga enak dibanding dg yg dulu.
Dan yg mengecewakan lagi pada saat selesai makan, saya  tanya sama bujang yg bikin tahu gejrot berapa harganya 3 porsi, dia malah pura2 ga tau dan nanya perempuan muda yg ada disitu menemani si penjual. Kenapa harus tanya ke perempuan itu. Saya jadi curiga. Perempuan itu bilang 45 rb. Saya kaget. Harga yg seharusnya 12 rb perporsi. Jadi 15 rb.
Saya memang dari Lampung Sumatra. Dan kangen pengen makan tahu gejrot dipertigaan pasar Kanoman,
Tapi sekarang rasanya kurang enak.
Saya tanya kemana bapak yg jualan dulu itu.
Bujang itu menjawab bahwa bapak itu cuma anak buah aja.
Dan lelaki bujang yg sekarang bikin tau gejrot itu menurut temannya yg ada disitu adalah Boss nya.
Aneh banget. Kacau ga masuk akal.  Pokoknya edisi hari itu KECEWA.",2025-07-01T14:14:27.861Z,Didik Rudianto,109953525982338123320,True,0,id,2026-05-05T05:38:10.591779
Ci9DQUlRQUNvZENodHljRjlvT2swM1ZXRlNaRVUyZEdFeE1XNXlSM2RqWkZoemNuYxAB,ChIJW3Qzn17jbi4Rep1CpYs90iY,Tahu Gejrot Khas Cirebon Mang Wardi,cirebon,Kuliner,5,"rekomendasi nih buat yg mau makan tahu gedjrot , asli yg jual ga itung utungan masalah cabe sama bawang nya ,",2025-06-23T13:16:18.832Z,Agung Lukmanto,110442583941315244685,True,0,id,2026-05-05T05:38:10.591790
ChZDSUhNMG9nS0VLdjRtN3pubGVyX0FnEAE,ChIJW3Qzn17jbi4Rep1CpYs90iY,Tahu Gejrot Khas Cirebon Mang Wardi,cirebon,Kuliner,5,"Tahu gejrotnya mantap enak pelayanan jg ramah ,tempatnya nyaman",2025-05-22T06:55:49.152Z,Citra Amru,117400137493147793402,False,0,id,2026-05-05T05:38:10.591806
ChZDSUhNMG9nS0VKX2pvS2VQaTllTlhREAE,ChIJW3Qzn17jbi4Rep1CpYs90iY,Tahu Gejrot Khas Cirebon Mang Wardi,cirebon,Kuliner,5,"Tempatnya enak nyaman , makanan,ya enak kuah tahu gejrotnya segerrr",2025-05-22T06:32:04.075Z,anita Nita,117495408721902718470,False,0,id,2026-05-05T05:38:10.591814
ChZDSUhNMG9nS0VPX3Mxdl9iaDVmSlp3EAE,ChIJW3Qzn17jbi4Rep1CpYs90iY,Tahu Gejrot Khas Cirebon Mang Wardi,cirebon,Kuliner,5,Rasanya enak bangt kuah nya no pelitt juga wort it pokonyaa mahh😍Jd pngn mampir lagi🤭🤤,2025-05-22T03:13:21.052Z,St Chodijah,115903028813647823042,False,0,id,2026-05-05T05:38:10.591822
ChZDSUhNMG9nS0VJQ0FnSUNpcWZXbWF3EAE,ChIJ94-Vimvibi4RUradk3t5omc,Nasi Lengko H. Barno,cirebon,Kuliner,5,Nasi lengko paling enak di kota Cirebon. Kalo pesen nasi lengko wajib pake sate kambing mudanya supaya makin hauce!,2026-01-24T15:32:09.055Z,Adityo Yudo Sembodho,101510802678373358885,True,3,id,2026-05-05T05:38:10.591838
Ci9DQUlRQUNvZENodHljRjlvT25kNVJHaE1SWEZETWpkWFJrVmpaVnAzWlRWQ2QxRRAB,ChIJ94-Vimvibi4RUradk3t5omc,Nasi Lengko H. Barno,cirebon,Kuliner,5,"Nasi lengko nya enak.
Satenya enak.
Cm ya pas kemaren makan disana hidangannya disajikan dingin.",2026-01-20T04:56:00.285Z,Ovan Kurniawan,117019324407441344003,True,0,id,2026-05-05T05:38:10.591846
Ci9DQUlRQUNvZENodHljRjlvT21vd1RFMVBWek56V0dwT2QweHpVWGN4U1VkRmQyYxAB,ChIJ94-Vimvibi4RUradk3t5omc,Nasi Lengko H. Barno,cirebon,Kuliner,5,"Makan nasi lengko plus sate kambing, enak banget",2026-01-19T04:15:44.195Z,Nadya Sylvia,110419175840765177199,True,0,id,2026-05-05T05:38:10.591855
Ci9DQUlRQUNvZENodHljRjlvT2twVmVXRnNTRnBUVDNwaFQxRlpiWGxtWkhGRUxWRRAB,ChIJ94-Vimvibi4RUradk3t5omc,Nasi Lengko H. Barno,cirebon,Kuliner,3,"Tdk mencantumkan pricelist, relatif mahal",2026-01-17T14:35:17.090Z,Arie SP,115870060810557118391,True,0,id,2026-05-05T05:38:10.591871
Ci9DQUlRQUNvZENodHljRjlvT2w5RlZFbzVhek41YTBKclZUWjRUM1p6TWxaTFEwRRAB,ChIJ94-Vimvibi4RUradk3t5omc,Nasi Lengko H. Barno,cirebon,Kuliner,4,"Wajib pake KERUPUK (sate Opsional ya).

Mirip ketoprak, tapi ini pake nasi.
Rasanya juga cukup enak, beberapa mungkin agak merasa beda ya. Makan pake Kerupuk lebih nikmat euyyy.
Lokasi nya strategis, luas dan cukup bersih.
Pelayanannya BAIK, SUKA.
Next mungkin bisa sediakan gorengan juga ya hehe.",2026-01-13T16:18:40.320Z,AJI PATURUSI (Mas PATUR Patur48_Zulz),103511283780287024468,True,0,id,2026-05-05T05:38:10.591879
Ci9DQUlRQUNvZENodHljRjlvT2t0d09FVnlWbEU1UldwSWJUUlFkVkJ2VkhaamMyYxAB,ChIJ94-Vimvibi4RUradk3t5omc,Nasi Lengko H. Barno,cirebon,Kuliner,4,"Harga menurut saya mahal 2 porsi 65rb
Sate kambingnya masih kecium agak bau harganya 25rb
Tapi air teh anget nya murah cuma 2rb

11 JANUARI 2026",2026-01-11T06:55:00.244Z,cuma kepoin,101007955522437857763,False,0,id,2026-05-05T05:38:10.591895
Ci9DQUlRQUNvZENodHljRjlvT25wWmMwbzFia2hEWDFSblFVVkdRazFCVEZwYWFuYxAB,ChIJ94-Vimvibi4RUradk3t5omc,Nasi Lengko H. Barno,cirebon,Kuliner,4,"Nasi Lengkonya cukup enak, dengan tahu - tempe yg ditaburi potongan kucai lalu disiram bumbu. Satenya lebih banyak lemaknya dibanding daging.",2026-01-08T08:39:09.669Z,Wim Cromer,110747178482241069447,True,0,id,2026-05-05T05:38:10.591905
Ci9DQUlRQUNvZENodHljRjlvT2pjMmIybGtPV0UxY2xkR1ptNTFOVXRuWjAxTlFYYxAB,ChIJ94-Vimvibi4RUradk3t5omc,Nasi Lengko H. Barno,cirebon,Kuliner,5,Enak banget sate kambingnya juicy nasi lengkonya juga enak banget! Harga terjangkau,2026-01-07T04:11:28.108Z,nilvia ramasutzu,111867484415132615914,True,0,id,2026-05-05T05:38:10.591914
Ci9DQUlRQUNvZENodHljRjlvT2xZeExVMVJRMnBSU0VGTU1sZENTelJSTVhGT2RGRRAB,ChIJ94-Vimvibi4RUradk3t5omc,Nasi Lengko H. Barno,cirebon,Kuliner,5,Semua nya enak makanan nya,2026-01-03T06:08:20.317Z,Sari Novaniar,102532866121393650380,False,0,id,2026-05-05T05:38:10.591922
Ci9DQUlRQUNvZENodHljRjlvT21KbFRsSXdZM2xCWVZWd1RXNUdkWGxDWVhWc1JWRRAB,ChIJWSpFWG7ibi4Rfgtl5mB5yF0,Nasi Jamblang Ibu Nur,cirebon,Kuliner,5,"Nasi dg alas daun jati, lauknya bervariasi dg menu2 khas, semua menggugah selera.  Es jeruknya juga benar2 terasa jeruknya, Yg bikin surprise, yang antri unt pilih dan ambil makanan mengular panjang..",2026-05-04T22:05:12.391Z,jana fitria kartika sari,105249027217595376142,True,0,id,2026-05-05T05:38:10.591930
ChdDSUhNMG9nS0VJQ0FnSURTOWRHYjRRRRAB,ChIJWSpFWG7ibi4Rfgtl5mB5yF0,Nasi Jamblang Ibu Nur,cirebon,Kuliner,5,"Makanannya enak, sayang tempatnya panas, mungkin bisa dibikin ruangan ber AC",2026-05-04T14:05:53.988Z,Taufik Solihin,110027483757412201127,True,0,id,2026-05-05T05:38:10.591940
Ci9DQUlRQUNvZENodHljRjlvT21JMmFIZHdWSGwzWldoRlEwMHdkelp5Wm04MlptYxAB,ChIJWSpFWG7ibi4Rfgtl5mB5yF0,Nasi Jamblang Ibu Nur,cirebon,Kuliner,5,the best in town,2026-05-03T03:40:39.660Z,Kakang Nicko,105938388829069590570,True,0,en,2026-05-05T05:38:10.591977
ChdDSUhNMG9nS0VJQ0FnSUM3aFpmdF9nRRAB,ChIJWSpFWG7ibi4Rfgtl5mB5yF0,Nasi Jamblang Ibu Nur,cirebon,Kuliner,5,none of the menu will fail you...epicly delicious,2026-05-03T03:30:41.238Z,danny santoso,109333214338559582584,True,0,en,2026-05-05T05:38:10.591985
Ci9DQUlRQUNvZENodHljRjlvT2pZMlNXOHhlVVpxUkZCVmRUZzFSelYxY1hwclVGRRAB,ChIJWSpFWG7ibi4Rfgtl5mB5yF0,Nasi Jamblang Ibu Nur,cirebon,Kuliner,5,"美味しかったです
お土産屋さん隣接してます",2026-05-03T01:36:38.013Z,YOSHIHISA KAWASUMI,104538562902933847351,True,0,ja,2026-05-05T05:38:10.591999
Ci9DQUlRQUNvZENodHljRjlvT25aMlRFOUlRV05aUm5CS1NXZzJkMWR6ZW05NGRYYxAB,ChIJWSpFWG7ibi4Rfgtl5mB5yF0,Nasi Jamblang Ibu Nur,cirebon,Kuliner,4,"Ke Cirebon nggak lengkap kalau nggak mampir ke Nasi Jamblang Ibu Nur! Pilihan lauknya melimpah banget, mulai dari cumi hitam, sate kentang, sampai pepes-pepesan. Wangi nasi yang dibungkus daun jati emang nggak ada lawan. Tips: Datang lebih awal biar nggak antre terlalu panjang karena tempat ini selalu ramai!",2026-05-02T11:12:48.681Z,Ndilossa,105344767613555759729,True,0,id,2026-05-05T05:38:10.592008
Ci9DQUlRQUNvZENodHljRjlvT2s5S1pUaFNiaTFKTTFkb1RGOWhSRGcwVGxaS2MyYxAB,ChIJWSpFWG7ibi4Rfgtl5mB5yF0,Nasi Jamblang Ibu Nur,cirebon,Kuliner,4,"Makanannya banyak yang habisss padahal pengen banget nyobain sate ususnyaa. Jadinya nyobain pepes rajungan dan rasanya enakk. Nyobain cuminya juga (yg bumbu hitam gitu) rasanya enakk ada hint pedesnya gituu. Plusnya, di sini selain harganya murce, dapet teh panas gratisss🤩",2026-05-02T08:46:53.977Z,Grin Titik,114593938784391140162,True,0,id,2026-05-05T05:38:10.592018
Ci9DQUlRQUNvZENodHljRjlvT21SWlJIUjZkREZ2Y2tOeWMzQkxUMnRtV1RSV04yYxAB,ChIJWSpFWG7ibi4Rfgtl5mB5yF0,Nasi Jamblang Ibu Nur,cirebon,Kuliner,4,"Makanan nya enak , khas banget Cirebon jadi kalau berkunjung ke Cirebon slalu mencari nasi Jamblang ini. Kalau lagi weekend ramee dan antri...",2026-05-02T04:19:24.787Z,srikandi. owner (Guntur),116832870307751934391,False,0,id,2026-05-05T05:38:10.592026
Ci9DQUlRQUNvZENodHljRjlvT210UlFtOVZRME50TkdwRVYzazJOM2xPZEUwM1lXYxAB,ChIJWSpFWG7ibi4Rfgtl5mB5yF0,Nasi Jamblang Ibu Nur,cirebon,Kuliner,5,"Great food, open from 7 am",2026-05-02T03:51:00.900Z,Dicky Sulaiman,103717122601008385047,True,0,en,2026-05-05T05:38:10.592034
Ci9DQUlRQUNvZENodHljRjlvT21GcFdWb3ljbUZFY21Wa2QxSnBXblV4ZURsTlVVRRAB,ChIJWSpFWG7ibi4Rfgtl5mB5yF0,Nasi Jamblang Ibu Nur,cirebon,Kuliner,5,"rekomendasi tempat sarapan, lauk cumi dan sapi rekomendasi, sambel tipe manis",2026-05-01T08:48:33.203Z,Esa Pradindra Fassa,115746658983418935324,True,0,id,2026-05-05T05:38:10.592058
Ci9DQUlRQUNvZENodHljRjlvT2xka1FVRmtVbk5pTjA5NVV6TTFXVjlHWkMxcFkzYxAB,ChIJWSpFWG7ibi4Rfgtl5mB5yF0,Nasi Jamblang Ibu Nur,cirebon,Kuliner,5,Pertama kali nyoba makan nasi jamblang. Rasanya enak banget. Sudah berangkat pagi masih antri full. Banyak menu tersedia dengan harga yang cukup terjangkau,2026-05-01T03:42:57.588Z,Faruq Erfianto,110068777448729309426,True,0,id,2026-05-05T05:38:10.592073
ChdDSUhNMG9nS0VLYmQ0T25qd3ZySGdRRRAB,ChIJlem2sY0dby4RVlWaiZzJpd0,Nasi Jamblang Mang Dul,cirebon,Kuliner,1,"If you don't mind eating food that been touched by others, free to smoke while dining in and sitting together with other people on the same table.. then yeah try it..
But make sure you check and count your own food as the cashier can markup the price as they wish.
There's always other Jamblang vendor.. but kindly be reminded.. never expect hygiene in this kinda place.",2026-05-05T00:10:57.661Z,Dyn21,114867054734203974714,True,0,en,2026-05-05T05:38:10.592088
Ci9DQUlRQUNvZENodHljRjlvT2t4c05sWkNTVms0YWt4WmJHMHpRWEJ0VFRrMVpuYxAB,ChIJlem2sY0dby4RVlWaiZzJpd0,Nasi Jamblang Mang Dul,cirebon,Kuliner,5,"Pergi kesini karena bingung mau makan apa dan dekat hotel. Nasi Jamblang merupakan Nasi Rames dimana lauknya bisa pilih dan ambil sendiri, lalu dimakan diatas Daun Jamblang. Kalau kaliam pergi Nasi Jamblang yg sampai harus mengantri, menurutku mending ganti tempat. Karena rasanya sama saja. Disini tempe goreng yang tanpa tepung enak sekali.",2026-05-04T01:12:12.924Z,Angela L,100395283840426775296,True,0,id,2026-05-05T05:38:10.592106
ChdDSUhNMG9nS0VJQ0FnSUQwdHU3MW93RRAB,ChIJlem2sY0dby4RVlWaiZzJpd0,Nasi Jamblang Mang Dul,cirebon,Kuliner,5,Kl mau mkn nasi jamblang legend ya disini yaaaaaa,2026-05-02T03:06:05.385Z,andinna yusuff,107595845643633078976,True,0,id,2026-05-05T05:38:10.592135
Ci9DQUlRQUNvZENodHljRjlvT2twdGQyZDBRMWRIWkdoR1YwTlljMDlrTkhFd2VrRRAB,ChIJlem2sY0dby4RVlWaiZzJpd0,Nasi Jamblang Mang Dul,cirebon,Kuliner,5,Must try when you visit cirebon.,2026-05-01T02:07:52.046Z,hendrik kw,117673795110846041137,True,0,en,2026-05-05T05:38:10.592145
Ci9DQUlRQUNvZENodHljRjlvT2twaVlYcDZOMWhHUWs5aU0waDBhWFF5YUhCZmQxRRAB,ChIJlem2sY0dby4RVlWaiZzJpd0,Nasi Jamblang Mang Dul,cirebon,Kuliner,5,"Nasi Jamblang Mang Dul merupakan salah satu restoran yang terletak di Jalan Dr Ciptomangunkusumo, Kesambi, Kota Cirebon.

Jika dari arah selatan, terletak di sebelah kiri jalan. Jika dari arah utara, terletak di sebelah kanan jalan.

Tersedia aneka makanan dan minuman khas cirebon seperti Nasi Jamblang, Empal Gentong, dan sebagainya. Rasa makanan dan minuman enak, dan untuk pelayanannya sendiri ramah dan memuaskan. Pembayaran disini bisa melalui Tunai dan Non Tunai.",2026-04-26T07:56:26.228Z,Prayoga Adi Wicaksono,100178976080274525984,True,0,id,2026-05-05T05:38:10.592163
Ci9DQUlRQUNvZENodHljRjlvT20weFVrVlhZbWhFUldkU2VtVjBjRzFyUVRJM1oyYxAB,ChIJlem2sY0dby4RVlWaiZzJpd0,Nasi Jamblang Mang Dul,cirebon,Kuliner,4,Kalo porsi memang bikin kaget tapi kebanyakan nasi jamblang keknya,2026-04-23T18:28:23.766Z,Ahmad Riskon,112666186041501058539,True,0,id,2026-05-05T05:38:10.592186
Ci9DQUlRQUNvZENodHljRjlvT2xOQ05FbEhiM05VWkVkbVRsOVFRV3RSV2xZd1lWRRAB,ChIJlem2sY0dby4RVlWaiZzJpd0,Nasi Jamblang Mang Dul,cirebon,Kuliner,3,Harga makanan agak terlalu mahal.rasa nya juga tidak terlalu enak.porsi nasi nya juga terlalu sedikit.,2026-04-21T23:47:06.863Z,Trisnandra Yudiana,111346018271611138902,True,0,id,2026-05-05T05:38:10.592194
ChdDSUhNMG9nS0VJQ0FnSUM1cHVTV2hnRRAB,ChIJlem2sY0dby4RVlWaiZzJpd0,Nasi Jamblang Mang Dul,cirebon,Kuliner,1,"Enduuuuuuuul ini waktu ke cirebon taun 2023 bersama temen² ( ada yg org indramayu) saya kasih bintang 5 krn bener² murah dan enak..

Saya perbaharui saya kembali ke sini untuk makan  bersama keluarga  awal taun 2024.. masakan masih enak tp harga kami merasa d rampok
. Makan ber6 hampur habis 400k.. blm ngeuh waktu itu krn yg bayar anak saya pas udah d mobil saya kaget tau total makannya.. harga nasi jamlang 2 porsi dgn lauk dadar telur dan ayam goremg harganya gampur 200k sisanya 4 porsi empal gentong minuman es teh manis 6 gelas..sangat² kecewa kl masih d tempat saya akan tanyakan krn liat harga udah d mobil kami males balik",2026-04-21T14:49:59.028Z,Ai Jubaidah,117415178587820032077,True,0,id,2026-05-05T05:38:10.592202
Ci9DQUlRQUNvZENodHljRjlvT2t4UlZFeGxYelpIVVdScFExVkVjWHBDVkZaRGJsRRAB,ChIJlem2sY0dby4RVlWaiZzJpd0,Nasi Jamblang Mang Dul,cirebon,Kuliner,1,"parah daging segede jempol kaki 15 rb, tahu keras, tempe keras, sambal sedikit 4rb nambah bayar lagi 4 rb, mending di warteg lah, kirain kayak apa, nyesel” makannya, lebih enak makanan warteg bahari",2026-04-19T15:22:18.102Z,Parulian Hutabarat,113349679455843314831,True,0,id,2026-05-05T05:38:10.592217
Ci9DQUlRQUNvZENodHljRjlvT2xwNmQxa3hNWEpCVDJ0Rk1tVTNOVjh6ZUZkUk9WRRAB,ChIJlem2sY0dby4RVlWaiZzJpd0,Nasi Jamblang Mang Dul,cirebon,Kuliner,5,Sudah 2 kali saya makan nasi jamblang di restoran ini yakni di tahun 2017 (10 November 2017) dan 2026 (3 April 2026).,2026-04-18T07:25:40.869Z,Suswanti Sutanto,113484061062402885706,True,0,id,2026-05-05T05:38:10.592226
Ci9DQUlRQUNvZENodHljRjlvT2tvM2RIbEhjWE5CY1ZvM1FXaEZObGRtVVdWUE5VRRAB,ChIJlem2sY0dby4RVlWaiZzJpd0,Nasi Jamblang Mang Dul,cirebon,Kuliner,4,"Lama tidak kesini, sengaja cari makanan yang legend dekat rumah. Gowes ringan 15km keliling kota Cirebon menikmati suasana kota dan kulineran.",2026-04-18T01:32:21.581Z,Utama Nur,107554471459772634767,True,0,id,2026-05-05T05:38:10.592234
Ci9DQUlRQUNvZENodHljRjlvT21SVlprSnpjVVJEVVdFM1JYUmZVMjV2UmpjNFpFRRAB,ChIJWSpFWG7ibi4Rfgtl5mB5yF0,Nasi Jamblang Ibu Nur,cirebon,Kuliner,4,"Bagus tempat nya, minusnya cuma lahan parkir ajah yg sempit",2026-04-28T00:09:37.369Z,AMH HIDAYAH,113216875474191494045,True,0,id,2026-05-05T05:38:10.592256
Ci9DQUlRQUNvZENodHljRjlvT25VNVRtWnhkVTFzVmxZdGFFdHlMVWR5Y2tGYVJIYxAB,ChIJWSpFWG7ibi4Rfgtl5mB5yF0,Nasi Jamblang Ibu Nur,cirebon,Kuliner,4,"Makanan menu tradisional, rasanya cukup enak.
Saya ngambil lidah sapi dipikiran saya empuk dan nikmat tapi kenyataan alot alias melar seperti karet susah dikunyah.",2026-04-26T08:11:21.259Z,Wahyu Purwanto,117337248620103266123,True,0,id,2026-05-05T05:38:10.592278
Ci9DQUlRQUNvZENodHljRjlvT21Wc1h6WlFjbkJrU1dkV1RrNTZMVTlyV0dZd1prRRAB,ChIJWSpFWG7ibi4Rfgtl5mB5yF0,Nasi Jamblang Ibu Nur,cirebon,Kuliner,5,"makanan enak, harga murah, bisa dapet disc oleh oleh kalo abis makan disini",2026-04-26T07:05:24.592Z,Tapak Lelaki,109603897424005882715,True,0,id,2026-05-05T05:38:10.592286
Ci9DQUlRQUNvZENodHljRjlvT25ocWMyNHRjMHBLWm1Oc2IyRTRRMjlVWjNVMU9WRRAB,ChIJWSpFWG7ibi4Rfgtl5mB5yF0,Nasi Jamblang Ibu Nur,cirebon,Kuliner,5,Tiap ke Cirebon pasti mampir ke sini. Makanan cocok di lidah,2026-04-26T05:41:12.054Z,Antoni,103307748323010017418,True,0,id,2026-05-05T05:38:10.592296
Ci9DQUlRQUNvZENodHljRjlvT2tOWWQwWldRbWh6VjE5aVpVUk9Xa0UwYTBweGFWRRAB,ChIJWSpFWG7ibi4Rfgtl5mB5yF0,Nasi Jamblang Ibu Nur,cirebon,Kuliner,4,"Nasi jamblang yang cukup terkenal di cirebon , bila akhir pekan ramai dan antri rasa makanan biasa aja parkir mobil tersedia",2026-04-26T04:43:15.285Z,Budi Wahyudi,101725066953893160062,True,0,id,2026-05-05T05:38:10.592304
Ci9DQUlRQUNvZENodHljRjlvT2w5NlYwbEVhMWh4Y21wemVUWlBhV2hwZUVwQ2NsRRAB,ChIJWSpFWG7ibi4Rfgtl5mB5yF0,Nasi Jamblang Ibu Nur,cirebon,Kuliner,5,Nasi jamblang legendaris di bandung untuk rasa enak tetapi untuk harga agak lumayan pricy,2026-04-24T15:41:14.476Z,ilham inayatullah,110074624576851729760,True,0,id,2026-05-05T05:38:10.592330
Ci9DQUlRQUNvZENodHljRjlvT25oQldWOUVaek5NZDNWVE5WUjFjMDVDZDFBNWVVRRAB,ChIJWSpFWG7ibi4Rfgtl5mB5yF0,Nasi Jamblang Ibu Nur,cirebon,Kuliner,5,Jujur kepo banget sama tempat ini karena banyak konten tentang nasi jamblang,2026-04-23T18:26:47.103Z,Ahmad Riskon,112666186041501058539,True,0,id,2026-05-05T05:38:10.592339
Ci9DQUlRQUNvZENodHljRjlvT21VM1IxbHVjR3hXU0cwMGRucE5TbGROT0hObVgzYxAB,ChIJWSpFWG7ibi4Rfgtl5mB5yF0,Nasi Jamblang Ibu Nur,cirebon,Kuliner,4,"Nasi jamblang ter enak  ini, tempat juga relatif bersih ketimbang tempat makan nasi jamblang yang lain. Empal gentong dan nasi lengko nya juga enak.. Mantap bu Nur",2026-04-23T09:21:20.519Z,Geri Tan,116550213679415762680,False,0,id,2026-05-05T05:38:10.592347
Ci9DQUlRQUNvZENodHljRjlvT2xKWVMzQkNVaTFXVG1adWJsZ3RiSEpoZWtrNVpFRRAB,ChIJWSpFWG7ibi4Rfgtl5mB5yF0,Nasi Jamblang Ibu Nur,cirebon,Kuliner,5,"Alhamdulillaah sarapan cumi balakutak, sate kerang, sambalnya juaraaaa tks larismanis berkah berlimpah",2026-04-22T06:33:08.662Z,vonny yulianto,104679424480339363466,True,0,id,2026-05-05T05:38:10.592377
Ci9DQUlRQUNvZENodHljRjlvT2xKRFNuRnRXR0owV1hnd1RVazRaR2RLYVhKbFoyYxAB,ChIJWSpFWG7ibi4Rfgtl5mB5yF0,Nasi Jamblang Ibu Nur,cirebon,Kuliner,5,"Selain dengan menu utama Nasi Jamblang, tempat ini juga menyediakan makanan khas utama Cirebon lainnya, seperti nasi lengko dan. empal. Terdapat menu lainnya,yaitu sate, emping melinjo, kerupuk kulit kerbau dan sapi, aneka makanan pelengkap, dan beberapa menu minuman. Lokasi berada di pusat Kota Cirebon, sehingga mudah dijangkau. Pembayaran dapat dilakukan dengan tunai maupun non-tunai.",2026-04-20T10:43:48.793Z,Bamz,110704248107889831678,True,0,id,2026-05-05T05:38:10.592407
Ci9DQUlRQUNvZENodHljRjlvT2xZeFVHaHlhbE5SUzJ4bFh6UjZWMFp1ZEZRd1ExRRAB,ChIJlem2sY0dby4RVlWaiZzJpd0,Nasi Jamblang Mang Dul,cirebon,Kuliner,3,"Rasa makanan standar, ada lahan parkir yg luas",2026-04-16T14:20:31.858Z,Galih Wani Tumandang,111570728756729527845,True,0,id,2026-05-05T05:38:10.592422
Ci9DQUlRQUNvZENodHljRjlvT2pOSE9YazBiazkwWjBkMFZWZHhhWEJxUlhSSlYyYxAB,ChIJlem2sY0dby4RVlWaiZzJpd0,Nasi Jamblang Mang Dul,cirebon,Kuliner,5,Nasi Jamblang Legend,2026-04-13T05:06:21.728Z,Ary Mustary,112295571467105641443,True,0,id,2026-05-05T05:38:10.592430
Ci9DQUlRQUNvZENodHljRjlvT25jMFoxQnVVa1p3T0VwV1FrWnhORzB3VGs5Q01VRRAB,ChIJlem2sY0dby4RVlWaiZzJpd0,Nasi Jamblang Mang Dul,cirebon,Kuliner,1,"kmrn abis dari sini. setelah pesan udh dihitung ngambil lauknya apa aja, eh pas udh duduk tiba2 disamperin lg tuh sama mas2nya katanya “td blm diitung mbak” lah gimana sih wkwkwk. mana kmrn kondisi di traktir saudara jauh lg, gk enak mau minta liat struknya. kalo keitung 2x kan enak di kalian ya 😂 lain kali tolong dihafalin aja deh cust yg udh dihitung siapa aja, mana kmrn pdhl udh saya blg tuh kalo udh dihitung, eh malah pura2 bolot 😂",2026-04-12T14:24:58.460Z,maura zachra,112812761125434607107,True,0,id,2026-05-05T05:38:10.592446
Ci9DQUlRQUNvZENodHljRjlvT25ObGMwcGxWVm94V25wSlVWTmpZa3g1V1ZWMldYYxAB,ChIJlem2sY0dby4RVlWaiZzJpd0,Nasi Jamblang Mang Dul,cirebon,Kuliner,4,"Rasanya B aja, tp tempatnya cukup nyaman, wlp tidak menampung banyak",2026-04-12T01:39:26.769Z,Sukrisno Purwanto,104976243726367653685,True,0,id,2026-05-05T05:38:10.592463
Ci9DQUlRQUNvZENodHljRjlvT21GdGN6TTRSVXBOWlU5alRVeENOa1ZaVERsSVQxRRAB,ChIJlem2sY0dby4RVlWaiZzJpd0,Nasi Jamblang Mang Dul,cirebon,Kuliner,3,"Ketika di kota Cirebon, boleh dicoba nasi jamblang khas cirebon, menu menu rumahan.
Menurut saya pribadi rasa biasa aja. Suasana juga ga bersih,… hanya pelayanan nya cepat

Di depan nasi jamblang ini ada jual tahu gejrot san empal gentong, jadi sekalian bisa rasakan makanan khas lainnya.

Terima kasih

Bisa lebih ditingkatkan, semangat.",2026-04-11T10:37:00.097Z,Rio Susanto,108584497169506807991,True,0,id,2026-05-05T05:38:10.592471
Ci9DQUlRQUNvZENodHljRjlvT2xGSmJFaG5iMEZXVERCNmIzZDRSMHBSTjBSVGNtYxAB,ChIJlem2sY0dby4RVlWaiZzJpd0,Nasi Jamblang Mang Dul,cirebon,Kuliner,5,"Langganan ke Mang Dul.
Mantap makanannya, enak pol!
Area parkirnya juga ada khusus, mencegah parkir liar.",2026-04-06T23:28:57.313Z,Maulana Ae,100329046824049072201,True,0,id,2026-05-05T05:38:10.592514
Ci9DQUlRQUNvZENodHljRjlvT2tFMVNGQmthSFYyY3psTlUzUmZYM2t4TjJWTE1HYxAB,ChIJlem2sY0dby4RVlWaiZzJpd0,Nasi Jamblang Mang Dul,cirebon,Kuliner,3,Harganya tinggi dan rasa terlalu manis,2026-04-06T07:35:52.818Z,Rahayu Kusumadewi,106925747620287505962,False,0,ms,2026-05-05T05:38:10.592522
ChZDSUhNMG9nS0VJQ0FnSUNxamYtR0xREAE,ChIJlem2sY0dby4RVlWaiZzJpd0,Nasi Jamblang Mang Dul,cirebon,Kuliner,2,"Rasanya bisa diterima lidah, ramai juga pengunjungnya. Tapi menurut saya yg spesial hanya makan dengan alas daun jati, selain itu rasa masakannya biasa saja. Selain itu ada empal gentong juga yg rasanya lebih khas dan enak, namun untung-untungan kadang dapet empuk kadang dapat yg alot.",2026-04-04T05:11:38.751Z,Restu Sita Harsiwi,104529113572559816383,True,0,id,2026-05-05T05:38:10.592544
Ci9DQUlRQUNvZENodHljRjlvT25wNVdHdHdUbDlIWlRFeE5VRkdVSEptVUZodWVFRRAB,ChIJlem2sY0dby4RVlWaiZzJpd0,Nasi Jamblang Mang Dul,cirebon,Kuliner,1,Ga enak mahal doang sarebel cumi anyir empal bau sambal ga pedes,2026-04-03T08:45:14.218Z,Fluxar 33,113625423709352163881,False,0,id,2026-05-05T05:38:10.592559
Ci9DQUlRQUNvZENodHljRjlvT2twa1Nsa3lZVE13T0VnM1JVbFdSRkoxY1U5NGFrRRAB,ChIJVeizASnjbi4RBH79L2uTe44,Empal Gentong Mang Darma Diponegoro,cirebon,Kuliner,5,Many Menu and good food in cirebon,2026-05-05T01:44:31.019Z,Martinus Priatnadjaja,110407892737886465135,True,0,en,2026-05-05T05:38:10.592567
Ci9DQUlRQUNvZENodHljRjlvT2tOUGFYUjBWV2RyVG5WV2NtbFJhM1ZpTlhoblNIYxAB,ChIJVeizASnjbi4RBH79L2uTe44,Empal Gentong Mang Darma Diponegoro,cirebon,Kuliner,5,"Pas di lidah saya, porsinya jg pas. Ngga terlalu padat jd justru nyaman bwt makan di sini...",2026-05-02T12:49:10.937Z,Achmad Hasyrul,106784003544354569980,True,0,id,2026-05-05T05:38:10.592577
Ci9DQUlRQUNvZENodHljRjlvT2tZM2JrOXFaVUZVT0VGV1JITlJjRTVYTkVGcU5tYxAB,ChIJVeizASnjbi4RBH79L2uTe44,Empal Gentong Mang Darma Diponegoro,cirebon,Kuliner,5,"Kebetulan touring motor dan bermalam di Cirebon. Waktunya makam malam pengen makan yg panas2, akhirnya suami mengajak makan empal gentong di Empal Gentong Mang Darma... Dan memang seenak itu. Penyajian juga cepat sekali. Masukan dari saya yaitu karena saya pecinta pedas dan sambal mungkin bs disediakan sambal pendamping utk empal gentong itu, krn yg disediakan hanya ada bubuk cabe dan itu kurang pedas hehe...",2026-05-02T12:49:03.567Z,Dwi Kartika,106921799147761072232,False,0,id,2026-05-05T05:38:10.592585
Ci9DQUlRQUNvZENodHljRjlvT2tsNWIyNXBWVFJuVWpZdFNIUm5ORWR2YW1KQmQyYxAB,ChIJVeizASnjbi4RBH79L2uTe44,Empal Gentong Mang Darma Diponegoro,cirebon,Kuliner,5,Rasanya enak dan tempat nya bersih,2026-05-01T08:41:32.993Z,Kony Witarming,109842095514415225449,False,0,id,2026-05-05T05:38:10.592598
Ci9DQUlRQUNvZENodHljRjlvT2tjdFVGRm5VVXhLZFhCa1YzQk1TRXQwWXpCUGVHYxAB,ChIJVeizASnjbi4RBH79L2uTe44,Empal Gentong Mang Darma Diponegoro,cirebon,Kuliner,5,"Kuahnya berasa otentik, dagingnya empuk! , enak👍🏼",2026-05-01T07:53:14.540Z,Kevin Dananjaya,101607371498606523526,False,0,id,2026-05-05T05:38:10.592606
Ci9DQUlRQUNvZENodHljRjlvT2t4emJuQmtkbTlGWm1SV00wSmxSRE51V0hwa09IYxAB,ChIJVeizASnjbi4RBH79L2uTe44,Empal Gentong Mang Darma Diponegoro,cirebon,Kuliner,5,"Dari palembang terus nyobain empal gentong makanan khas cirebon nya di ""Empal Gentong Mang Darma"" cabang diponegoro..
Wuih mantapp bangettt
Bumbu nya pas dan rekomen❤️❤️",2026-04-26T10:11:21.297Z,Desti Anita Putri,102876868808089527391,False,0,id,2026-05-05T05:38:10.592615
Ci9DQUlRQUNvZENodHljRjlvT2xKYWMxYzJjRGxFVDBFM2FraEhjbTFGUWtSUGNYYxAB,ChIJVeizASnjbi4RBH79L2uTe44,Empal Gentong Mang Darma Diponegoro,cirebon,Kuliner,5,"Recommended makanannya pool enalk, pelayanan 99",2026-04-24T00:56:02.822Z,Kedai djoeraganrasa,111622744365739427095,True,0,id,2026-05-05T05:38:10.592623
Ci9DQUlRQUNvZENodHljRjlvT201aFduaFFiMHBoUVdKTGVIVkdVMlUwVG5oT1FtYxAB,ChIJVeizASnjbi4RBH79L2uTe44,Empal Gentong Mang Darma Diponegoro,cirebon,Kuliner,5,"Mantap kuahnya, karena memang suka sekali dengan makanan berkuahnya. Telur asin bakarnya boleh dicoba juga tuhh…",2026-04-22T12:23:40.703Z,Damar R Rahmawan,115605545366912006418,False,0,id,2026-05-05T05:38:10.592631
Ci9DQUlRQUNvZENodHljRjlvT2w5T1RGVkNWbEpSTTBsbmRVNVZaWEpxWlhoS2VuYxAB,ChIJVeizASnjbi4RBH79L2uTe44,Empal Gentong Mang Darma Diponegoro,cirebon,Kuliner,5,"Jngn liat gambar nyaa, krn d gambar terlihat besar trnyata kecil tapi enak secara rasa",2026-04-21T12:18:39.394Z,Jur Nurul,114074577628420575588,False,0,id,2026-05-05T05:38:10.592647
Ci9DQUlRQUNvZENodHljRjlvT2pSWVptY3RZbmRRTW1sWlEwUmZielJ3Wld3MllXYxAB,ChIJVeizASnjbi4RBH79L2uTe44,Empal Gentong Mang Darma Diponegoro,cirebon,Kuliner,5,Empal gentong legend di Cirebon,2026-04-21T12:00:28.492Z,LUKMAN BUDI PURWANTO,116764239579481046359,True,0,id,2026-05-05T05:38:10.592656
Ci9DQUlRQUNvZENodHljRjlvT21OWWFHc3hiMUpVU0VKZldrYzVVemh2WWt4M05GRRAB,ChIJVeizASnjbi4RBH79L2uTe44,Empal Gentong Mang Darma Diponegoro,cirebon,Kuliner,5,Pertama kali ke Cirebon. Langsung datang kesini. Eh baru buka. Rasanya NIQMAT HQQ! Harga cocok! Di Bandung ada kah?,2026-04-18T03:34:07.610Z,Alifa Al-Fath,112780910523449782391,True,0,id,2026-05-05T05:38:10.592664
Ci9DQUlRQUNvZENodHljRjlvT21oYVVUVlFSQzFwVTA5RmMzVkJiM1JPT0dGMVlsRRAB,ChIJVeizASnjbi4RBH79L2uTe44,Empal Gentong Mang Darma Diponegoro,cirebon,Kuliner,5,Menu enak..karena mengurangi daging hanya bisa makan nasi lengko biasa..porsi nasinya banyak.,2026-04-17T13:41:28.988Z,I.yuhanah Rahayu (Ayu),111143591564907684819,True,0,id,2026-05-05T05:38:10.592672
Ci9DQUlRQUNvZENodHljRjlvT2xreWNEbFdNR1pTUVRRNVlXcHpWRnBSVWtNM2NXYxAB,ChIJVeizASnjbi4RBH79L2uTe44,Empal Gentong Mang Darma Diponegoro,cirebon,Kuliner,5,"First at all pertama liat telor gosong dan rasanya sama seperti telur bebek biasa, karena tidak terasa smokey nya. Dan pas pesen empal gentong saya pertama liat di foto itu kira gentong nya gede rupanya ukuran mini...

Walaupun mini tapi overall rasa dan daging nya lumayan banyak, tapi mungkin memang ciri khas dari kota Cirebon makan empal gentong wajib ad gentong mini nya😁🙏",2026-04-13T00:24:51.553Z,Novandi Ngichones,107077389815488363703,True,0,id,2026-05-05T05:38:10.592680
Ci9DQUlRQUNvZENodHljRjlvT21oelpHb3dVSFJWU3pGNVVEVmlPRzlMTFZGNllWRRAB,ChIJVeizASnjbi4RBH79L2uTe44,Empal Gentong Mang Darma Diponegoro,cirebon,Kuliner,2,"Ngga worth it harga segitu isi dagingnya ngga seberapa.
Terlalu mahal

Harga minumannya mahal bgt",2026-04-11T14:25:47.586Z,ardi praz,110323724376456735909,False,0,id,2026-05-05T05:38:10.592690
Ci9DQUlRQUNvZENodHljRjlvT2tWNk5qazJVbTVIU1hZMFZGZEtTa2t4WVdWMWVFRRAB,ChIJVeizASnjbi4RBH79L2uTe44,Empal Gentong Mang Darma Diponegoro,cirebon,Kuliner,5,First stop rekomendasi dari tiktok. Enakk gais enakkk suerrr 🤤,2026-04-10T10:34:00.261Z,Ira Santa,101772216420691384801,True,0,id,2026-05-05T05:38:10.592699
Ci9DQUlRQUNvZENodHljRjlvT25OellWUTFVeTF6U21WellXMUdRVlJwYm1OMmVWRRAB,ChIJVeizASnjbi4RBH79L2uTe44,Empal Gentong Mang Darma Diponegoro,cirebon,Kuliner,5,"Perjalanan jauh dr jakarta akhirnya terbayar dengan Empal gentong Mang darma,seger banget kuahnya,karyawannya ramah2 banget,,cocok buat dijadiin destinasi kuliner..Empel Gentong Mang Darma Mantul..🫰🏻",2026-04-08T10:46:27.975Z,Mustakim Aqiem,101670702741469401899,True,0,id,2026-05-05T05:38:10.592733
Ci9DQUlRQUNvZENodHljRjlvT205Uk1HZGtYMEZRVmtwNldqQkdlVVpYU1c1aVJWRRAB,ChIJVeizASnjbi4RBH79L2uTe44,Empal Gentong Mang Darma Diponegoro,cirebon,Kuliner,5,Worth the price dan pelayanannya ramah,2026-04-05T05:08:33.168Z,syifa nisrina,102142557173241121341,False,0,id,2026-05-05T05:38:10.592747
Ci9DQUlRQUNvZENodHljRjlvT2taU016UndSM0ZUYm5KdWNYbHpia2N6WlRST2VFRRAB,ChIJWSpFWG7ibi4Rfgtl5mB5yF0,Nasi Jamblang Ibu Nur,cirebon,Kuliner,5,Rekomen ini enak,2026-04-19T14:26:00.339Z,Zee Zoo,103752135519031798041,False,0,id,2026-05-05T05:38:10.592781
Ci9DQUlRQUNvZENodHljRjlvT2pocVVXWXdNM1ZaVTNoUFdEaERNa1IyUzAxUmNXYxAB,ChIJWSpFWG7ibi4Rfgtl5mB5yF0,Nasi Jamblang Ibu Nur,cirebon,Kuliner,5,"makan menu kaya gini abis 63.000

pilihan menunya cukup banyak. bikin pengunjung jadi pada kalap.

area parkirnya aman dan cukup luas ada di beberapa titik dekat dekat.",2026-04-18T07:28:47.026Z,Junes Hasoloan,104065502960810218559,True,0,id,2026-05-05T05:38:10.592797
Ci9DQUlRQUNvZENodHljRjlvT25sVFoyNHdUa2hxTTNWbE9WRXdWa2M0Tld4R1JuYxAB,ChIJWSpFWG7ibi4Rfgtl5mB5yF0,Nasi Jamblang Ibu Nur,cirebon,Kuliner,4,Rasa b saja. Downgrade. Antrian luar biasa. Tidak nyaman.,2026-04-18T04:45:42.706Z,Adie,101826374327770782284,True,0,id,2026-05-05T05:38:10.592806
Ci9DQUlRQUNvZENodHljRjlvT2twbmVHVjVaVzlDTmxkYWFYVnJNbWwxYUdaWlVXYxAB,ChIJWSpFWG7ibi4Rfgtl5mB5yF0,Nasi Jamblang Ibu Nur,cirebon,Kuliner,4,"Datang saat libur lebaran jadi antrinya wadidaw... selain antri dan terkesan jorok karena terlalu rame, masalah lainnya adalah parkiran yg minim",2026-04-17T12:50:31.933Z,Ncy Taufiq,109406185457196367558,True,0,id,2026-05-05T05:38:10.592822
Ci9DQUlRQUNvZENodHljRjlvT25wVlFVdzBNMDFXZDBWRVRFTTVPRVpXYmxGNVRtYxAB,ChIJWSpFWG7ibi4Rfgtl5mB5yF0,Nasi Jamblang Ibu Nur,cirebon,Kuliner,5,Nasi jamblang khas Cirebon enak. Seperti masakan rumah yang dirindukan. Cumi balakutaknya enak juga.,2026-04-16T22:51:20.458Z,Sweeney Hwaeney,106364443032325878015,True,0,id,2026-05-05T05:38:10.592831
Ci9DQUlRQUNvZENodHljRjlvT2pKb1ZqQnFNMW94V21oR1MwWTNOVU5qVVdOUk4yYxAB,ChIJWSpFWG7ibi4Rfgtl5mB5yF0,Nasi Jamblang Ibu Nur,cirebon,Kuliner,5,"Enaaak
Mantuulll
😍",2026-04-16T11:59:21.702Z,Ina Maza,113295427026459967396,True,0,id,2026-05-05T05:38:10.592839
Ci9DQUlRQUNvZENodHljRjlvT2tSblVXcGlhMkZIVUZocGRFYzVUemQyYUV0T1ozYxAB,ChIJWSpFWG7ibi4Rfgtl5mB5yF0,Nasi Jamblang Ibu Nur,cirebon,Kuliner,5,Konsep tempat makan parasmanan. Menunya banyak. Tempat duduknya panjang dan ada ruangan ACnya juga. Tempatnya bersih. Makanannya murah-murah. Keep up the good work guys,2026-04-16T09:04:15.161Z,HaseoFOX,105266919014258799867,True,0,id,2026-05-05T05:38:10.592850
Ci9DQUlRQUNvZENodHljRjlvT20xTlNIZGFhRVJDTFVKcFZVcFBUR05OTTJSelpuYxAB,ChIJ2RVw137ibi4RAfrsSDg5x74,GADO-GADO AYAM MANG DJUM CIREBON,cirebon,Kuliner,5,"Gado gado ayam ini unik. Gado gado yg sedikit sayur, ada lontongnya, berlimpah suwiran ayam, telur, Bumbu kacang dan disirah kuah soto santan kuning. Rasanya khas, taste note-nya gurih manis. Makanan khas Cirebon yg cuman ada di Cirebon dan tdk terlalu terkenal di kalangan turis. Layak dicoba, enak soalnya ya. Harga ok. Pelayanannya cepat, warungnya humble, persis di sebelah keraton Kacirebonan.",2026-03-25T00:32:32.501Z,Novi,109800547322361936431,True,0,id,2026-05-05T05:38:10.592876
Ci9DQUlRQUNvZENodHljRjlvT25KaVYwRjBUbUpxUlU1WVVYUkRiekpTVTBWa05IYxAB,ChIJ2RVw137ibi4RAfrsSDg5x74,GADO-GADO AYAM MANG DJUM CIREBON,cirebon,Kuliner,5,"Langganan sedari zygot
Gausah diragukan lagi
Gado-gado soto lengko nya Joss gandos top markotop 🤩",2025-10-19T02:38:58.027Z,Spica Emtri,107967136443235182359,True,0,id,2026-05-05T05:38:10.592899
Ci9DQUlRQUNvZENodHljRjlvT2pGWVZ6RkRZVGw0YUY5YVRFRmZiMmhZWjJWTVZIYxAB,ChIJ2RVw137ibi4RAfrsSDg5x74,GADO-GADO AYAM MANG DJUM CIREBON,cirebon,Kuliner,4,Salah satu gado gado ternak di Cirebon,2025-09-07T13:31:13.454Z,Kevin Nathanael,102376390276807871442,True,0,id,2026-05-05T05:38:10.592907
Ci9DQUlRQUNvZENodHljRjlvT2t4TFpWTlZhSFZ2UWxCRU0wbGZiMHh4Y20wMGVWRRAB,ChIJ2RVw137ibi4RAfrsSDg5x74,GADO-GADO AYAM MANG DJUM CIREBON,cirebon,Kuliner,5,Gado gado the best,2025-08-21T07:55:16.203Z,Achmad Buchori,106930872377441249543,True,0,en,2026-05-05T05:38:10.592920
Ci9DQUlRQUNvZENodHljRjlvT2xwbE1VMVdhVGgwV1RGa00xSlpMVFpuUm1oUFdWRRAB,ChIJ2RVw137ibi4RAfrsSDg5x74,GADO-GADO AYAM MANG DJUM CIREBON,cirebon,Kuliner,5,"One of my favorite spots for gado-gado and bumbu lengko! The gado-gado has a light and fresh taste that reminds me of the flavors from Bandung—simple but comforting. The bumbu lengko is also great, not too sweet, just the right balance. However, the soto ayam didn’t really stand out for me. Still, it’s definitely a good place to enjoy classic Indonesian dishes done well.",2025-06-05T02:15:55.926Z,Clara Devina,109913368898084471942,True,0,en,2026-05-05T05:38:10.592928
ChZDSUhNMG9nS0VMZVRtZDdGLU5HckN3EAE,ChIJ2RVw137ibi4RAfrsSDg5x74,GADO-GADO AYAM MANG DJUM CIREBON,cirebon,Kuliner,5,Yang ngelayanin ibu2 superrr judeesss .. Mending enak rasa B aja . sekali aja deh 😂😂,2025-05-14T02:36:24.181Z,febi Yanti,102854587265207220855,False,0,id,2026-05-05T05:38:10.592936
ChdDSUhNMG9nS0VOdS16ZGFaNnV2Q2dRRRAB,ChIJ2RVw137ibi4RAfrsSDg5x74,GADO-GADO AYAM MANG DJUM CIREBON,cirebon,Kuliner,4,Gado2 ayam o k. Rasa enak,2025-05-08T01:37:41.610Z,chandra kuosasih,110636135878816372010,True,0,id,2026-05-05T05:38:10.592945
ChdDSUhNMG9nS0VJQ0FnSURmN1lmUmd3RRAB,ChIJ2RVw137ibi4RAfrsSDg5x74,GADO-GADO AYAM MANG DJUM CIREBON,cirebon,Kuliner,5,"Enak, porsinya banyaaaaaaaaakkkk dan agak mahal. Hihi. Kl km gak suka makan bnyak mending seporsi berdua deh.",2025-01-09T10:46:14.168Z,Della Dsafitri,112146130664945756083,True,0,id,2026-05-05T05:38:10.592953
ChdDSUhNMG9nS0VJQ0FnSURBNllubWtnRRAB,ChIJ2RVw137ibi4RAfrsSDg5x74,GADO-GADO AYAM MANG DJUM CIREBON,cirebon,Kuliner,5,"Nasi lengko... A rice blended with soy sauce, tempe, bean sprouts, etc..",2024-11-20T10:42:12.994Z,akhmad arasy,108276769046623815836,True,1,en,2026-05-05T05:38:10.592971
Ci9DQUlRQUNvZENodHljRjlvT25OclF5MTZXa3h6UzFSRU9HaExaVWxCTlhVd2NIYxAB,ChIJVeizASnjbi4RBH79L2uTe44,Empal Gentong Mang Darma Diponegoro,cirebon,Kuliner,4,Harga terjangkau ga mahal kaka kemaren kami mampir,2026-03-31T16:45:22.474Z,ghina motor,110225531019163143259,True,0,id,2026-05-05T05:38:10.593029
Ci9DQUlRQUNvZENodHljRjlvT2xkTWVVOVViamxwWDBOMlUwaFFZVVV3VGpGWU1YYxAB,ChIJVeizASnjbi4RBH79L2uTe44,Empal Gentong Mang Darma Diponegoro,cirebon,Kuliner,5,"Empal gentongnya enak, tempatnya nyaman dan proper. Alternatif tmpt yg rame bgt",2026-03-25T11:56:25.384Z,rizka divapratiwi,101008930952746247099,False,0,id,2026-05-05T05:38:10.593059
Ci9DQUlRQUNvZENodHljRjlvT205MlZuaHpOVkJYUjJ4VloxWkdkMDU0VVMxbFdHYxAB,ChIJVeizASnjbi4RBH79L2uTe44,Empal Gentong Mang Darma Diponegoro,cirebon,Kuliner,5,"Rekomen empal gentong area cirebon, pelayanannya top dan cepet🤍",2026-03-23T11:10:09.473Z,shania shabrina,108025626119558881376,False,0,id,2026-05-05T05:38:10.593075
Ci9DQUlRQUNvZENodHljRjlvT2xkaFNGQjRjR2R3U1RaaFduZG1ZbEZDU2xkb1VFRRAB,ChIJVeizASnjbi4RBH79L2uTe44,Empal Gentong Mang Darma Diponegoro,cirebon,Kuliner,5,"mantapp, masakannya enak terakhir makan 8 tahun lalu, baru balik lagi sekarangg",2026-03-23T06:01:15.807Z,iwan sudrajat,107669141330244975413,False,0,ms,2026-05-05T05:38:10.593083
Ci9DQUlRQUNvZENodHljRjlvT25OSWMwaDRWbEpQYjNGeE5DMDNSazlXTkhaMVJXYxAB,ChIJVeizASnjbi4RBH79L2uTe44,Empal Gentong Mang Darma Diponegoro,cirebon,Kuliner,1,pelayanan sangat buruk!!!,2026-03-22T14:47:32.985Z,Nabil Badres,107633238005805107426,False,0,id,2026-05-05T05:38:10.593099
Ci9DQUlRQUNvZENodHljRjlvT2xGbVgwdGpPRmxYWkdwTE5UbHdiRlI1V1dWb1pGRRAB,ChIJVeizASnjbi4RBH79L2uTe44,Empal Gentong Mang Darma Diponegoro,cirebon,Kuliner,5,Menu2 Makanannya enak dn pelayanannya ramah..,2026-03-20T10:34:23.716Z,Novy Trianasari,112839746631249284151,False,1,id,2026-05-05T05:38:10.593107
ChdDSUhNMG9nS0VJQ0FnSUNYM0k2RXVnRRAB,ChIJVeizASnjbi4RBH79L2uTe44,Empal Gentong Mang Darma Diponegoro,cirebon,Kuliner,5,Oke bagus nyaman pelayananan ramah,2026-03-19T01:27:37.852Z,Faldy Adha,118002274813551749434,False,0,id,2026-05-05T05:38:10.593139
Ci9DQUlRQUNvZENodHljRjlvT2pkNmIzSTVNVjlMZVdka2NtdHhaWHBWWTJwcFYwRRAB,ChIJVeizASnjbi4RBH79L2uTe44,Empal Gentong Mang Darma Diponegoro,cirebon,Kuliner,5,Pelayanan nya ok cepat dan ramah,2026-03-17T11:47:36.160Z,Tiya shebby,115119696767146432246,False,0,id,2026-05-05T05:38:10.593147
Ci9DQUlRQUNvZENodHljRjlvT21OaVZVZFVWRloyVnpGalp6bHliM2x6VldKNVdFRRAB,ChIJVeizASnjbi4RBH79L2uTe44,Empal Gentong Mang Darma Diponegoro,cirebon,Kuliner,5,Empal legend dan pertama d cirebon,2026-03-12T11:17:11.895Z,Sarmiati 28,112948969765467045384,False,0,id,2026-05-05T05:38:10.593163
Ci9DQUlRQUNvZENodHljRjlvT2t0SmFGVkRkVTFVWW5GWFptaDFWbWxvYTJOZlZrRRAB,ChIJVeizASnjbi4RBH79L2uTe44,Empal Gentong Mang Darma Diponegoro,cirebon,Kuliner,5,"Saat datang sudah disambut baik oleh pegawainya.
Saya pesan nasi lengko biasa. Enak, sayurannya crunchy, ga terasa soggy.
Porsinya pun pas.
Pelayanannya sangat bagus :)",2026-03-12T04:47:11.618Z,Ericha Tanuwijaya Theng,102062180154700957978,False,0,id,2026-05-05T05:38:10.593174
Ci9DQUlRQUNvZENodHljRjlvT21WVE1URnNia3BRVFMxSVYxVnJTR1JXTXkxNVdrRRAB,ChIJVeizASnjbi4RBH79L2uTe44,Empal Gentong Mang Darma Diponegoro,cirebon,Kuliner,5,"Makanannya enak dan pelayanannya sangat bagus.
Sangat recommend untuk dikunjungi!",2026-03-12T04:43:00.483Z,Tirraa,115713165951903074944,False,0,id,2026-05-05T05:38:10.593184
Ci9DQUlRQUNvZENodHljRjlvT25wV05GTnNPVFptVjBWU1gwb3paMDFOVW04M2FIYxAB,ChIJVeizASnjbi4RBH79L2uTe44,Empal Gentong Mang Darma Diponegoro,cirebon,Kuliner,5,"Makanannya enak, karyawannya ramah & sopan, suasananya nyaman.. dapat free takjil agar agar & tahu gejrot gratis",2026-03-07T11:00:59.762Z,Muhamad Rizkhon,111221089589268882132,False,0,id,2026-05-05T05:38:10.593200
Ci9DQUlRQUNvZENodHljRjlvT2tJd2JISnBhMkl3TVRWSlFtNUZVREpUVDBkdVozYxAB,ChIJVeizASnjbi4RBH79L2uTe44,Empal Gentong Mang Darma Diponegoro,cirebon,Kuliner,5,"Gentongnya mini2 utk serve meja, unik",2026-02-27T15:44:33.203Z,Vick. Tobing,106741941204340420607,True,0,id,2026-05-05T05:38:10.593208
Ci9DQUlRQUNvZENodHljRjlvT21oRGRFcDNhazR0VEhKc09Yb3lTemxoU2taNFltYxAB,ChIJlem2sY0dby4RVlWaiZzJpd0,Nasi Jamblang Mang Dul,cirebon,Kuliner,5,"Rasanya cukup enak, dagingnya banyak, harganya cukup premium",2026-04-02T04:02:33.027Z,BERCO,111533942393812062594,True,0,id,2026-05-05T05:38:10.593224
Ci9DQUlRQUNvZENodHljRjlvT21aVE5VTlpkMkZsVTFWRFRtcFFTRzAwY0Rack5rRRAB,ChIJlem2sY0dby4RVlWaiZzJpd0,Nasi Jamblang Mang Dul,cirebon,Kuliner,5,"Walaupun rame, tapi karyawannya satset bangett dan tetap ramah",2026-03-31T23:37:36.642Z,Ibunara,117924671882637486392,True,0,id,2026-05-05T05:38:10.593235
Ci9DQUlRQUNvZENodHljRjlvT2xGdVdYQm5ibVpRYlRCYWNXeDVNbWxCZG1VMFJIYxAB,ChIJ73WnRIvhbi4RvN43n7uz1J0,Empal Gentong H. Apud Pusat,cirebon,Kuliner,5,Empal gentong dan sate sapi nya gurih empuk,2026-05-05T03:37:14.874Z,Doris,117750321815583655282,False,0,id,2026-05-05T05:38:10.593317
Ci9DQUlRQUNvZENodHljRjlvT2taWFh6azBTa2xNYWtKd1NIQlNXWEZoYjI4NExYYxAB,ChIJ73WnRIvhbi4RvN43n7uz1J0,Empal Gentong H. Apud Pusat,cirebon,Kuliner,5,"Enakkkk banget sate kambing nya
Layanan baik
Adem",2026-05-05T02:47:51.754Z,Reno Febriyan,106856284595431113426,False,0,id,2026-05-05T05:38:10.593326
Ci9DQUlRQUNvZENodHljRjlvT2xGSU5ESnBhRmhXVlhoVlpqQnhjbFpQV0hFek5XYxAB,ChIJ73WnRIvhbi4RvN43n7uz1J0,Empal Gentong H. Apud Pusat,cirebon,Kuliner,5,"enggak bosen makan empal gentong di hj apud, enakkkkkkkkkkkkk",2026-05-05T02:00:28.067Z,Andy Andy,112323178896600929207,False,0,id,2026-05-05T05:38:10.593334
Ci9DQUlRQUNvZENodHljRjlvT2xWbWRYSjFlRXhuTm1SaVgybzNWR290V21seFpsRRAB,ChIJ73WnRIvhbi4RvN43n7uz1J0,Empal Gentong H. Apud Pusat,cirebon,Kuliner,5,"empalnya jos, parkirannya juga banyak😁😁",2026-05-05T01:35:08.071Z,Lanang Maruta,101562186800802963990,False,0,id,2026-05-05T05:38:10.593344
Ci9DQUlRQUNvZENodHljRjlvT2s5TVdWcHpVWFppU21GYU56azJYMmhNY2psNmNGRRAB,ChIJ73WnRIvhbi4RvN43n7uz1J0,Empal Gentong H. Apud Pusat,cirebon,Kuliner,5,"Jujur ini enak banget fix no debat, pokoknya jangan ragu untuk mampir ke empal gentong h apud",2026-05-05T01:18:43.346Z,Siti Nurjanah,111120044754285465416,False,0,id,2026-05-05T05:38:10.593354
Ci9DQUlRQUNvZENodHljRjlvT2pSbFVGRXlkWEpJY1hWSFQyNTNkMmxTVFZoR1JHYxAB,ChIJ73WnRIvhbi4RvN43n7uz1J0,Empal Gentong H. Apud Pusat,cirebon,Kuliner,5,"Empal gentong terekomentasi klau lagi di Cirebon,tempat nya enak dan nyaman.makanan enak dan penyajiannya cepat",2026-05-05T01:06:39.718Z,Muhammad Riskii,110153966596248056989,False,0,id,2026-05-05T05:38:10.593363
Ci9DQUlRQUNvZENodHljRjlvT21aRE5IazVjeTFRTjJkTWNtSnlkazl2TjBOME5HYxAB,ChIJ73WnRIvhbi4RvN43n7uz1J0,Empal Gentong H. Apud Pusat,cirebon,Kuliner,5,Empal gentong h.apud ini selalu ramai pembeli wajar makanannya enak2 apalagi sate kambing nya itu empuk banget.,2026-05-05T00:58:35.566Z,Arra,109782714719137633416,False,0,id,2026-05-05T05:38:10.593372
Ci9DQUlRQUNvZENodHljRjlvT2w5U2NsSklSWEZWV2tGNmMxOWFXVmRSZFhrM2FrRRAB,ChIJ73WnRIvhbi4RvN43n7uz1J0,Empal Gentong H. Apud Pusat,cirebon,Kuliner,5,Makanannya sangat enak sangat cocok jika anda ingin makanan khas cirebon datang saja di H.Apud,2026-05-05T00:56:08.632Z,Aldi Aditia,113730378729149658227,False,0,id,2026-05-05T05:38:10.593380
Ci9DQUlRQUNvZENodHljRjlvT2tSSk0wNXlTV2RMVWxOU2J6SlpjVVJKYVZaTFVrRRAB,ChIJ73WnRIvhbi4RvN43n7uz1J0,Empal Gentong H. Apud Pusat,cirebon,Kuliner,5,"Empal gentong itu kuliner favorit aku kalo main ke Cirebon. Rasanya enak banget, dagingnya empuk dan kuah santannya juga gurih banget.",2026-05-05T00:52:48.448Z,mpi september09,110155936990594292742,False,0,id,2026-05-05T05:38:10.593389
Ci9DQUlRQUNvZENodHljRjlvT2toelEwTmZabFJYWW1SRVFqSm9MVTlWZUhWaWNHYxAB,ChIJ73WnRIvhbi4RvN43n7uz1J0,Empal Gentong H. Apud Pusat,cirebon,Kuliner,5,Empal gentong h.apud emang is the best,2026-05-05T00:46:10.241Z,Yusup Yusup 02,115225910252913895298,False,0,id,2026-05-05T05:38:10.593404
Ci9DQUlRQUNvZENodHljRjlvT2tkeWFsbHlXVVoxVm5GcGJVbEhXSEpOY1RCa1oyYxAB,ChIJ73WnRIvhbi4RvN43n7uz1J0,Empal Gentong H. Apud Pusat,cirebon,Kuliner,5,"Rasa khas yang ngangenin empalnya enak rempahnya kerasa cocok untuk kalian, satenya empuk dan besar, pelayanan cepat sampai untuk minumannya, ruang AC nya nyaman.",2026-05-04T15:50:20.990Z,Mohamad Rafly,102049013452916750946,False,0,id,2026-05-05T05:38:10.593412
Ci9DQUlRQUNvZENodHljRjlvT214elJuaERXWEJtWlRkVU4yZGhPRWhaWjBWNlRtYxAB,ChIJ73WnRIvhbi4RvN43n7uz1J0,Empal Gentong H. Apud Pusat,cirebon,Kuliner,5,Mantappp skali empal gentong nya  saya suka saya suka...,2026-05-04T15:21:56.647Z,Abdul Jabar,105049729288793251772,False,0,id,2026-05-05T05:38:10.593421
Ci9DQUlRQUNvZENodHljRjlvT2tsWFJsWTVYMUZVVFRaVFJYZE5Rbk01U2t4clZHYxAB,ChIJ73WnRIvhbi4RvN43n7uz1J0,Empal Gentong H. Apud Pusat,cirebon,Kuliner,5,Tempatnya bagus banget dan juga strategis cocok buat yg perjalanan jauh😍,2026-05-04T14:48:10.242Z,Kemal P,113310738281148679887,False,0,id,2026-05-05T05:38:10.593429
Ci9DQUlRQUNvZENodHljRjlvT2tkVU1rUTFVR1JKVEVaSmRtcERSWE5rTkROS2NuYxAB,ChIJ73WnRIvhbi4RvN43n7uz1J0,Empal Gentong H. Apud Pusat,cirebon,Kuliner,5,"Sate kambing muda sangatt empuk dagingnya,pelayanan cukup ramah,dan makanan nyaa cepat sajinya
Rekomen banget kalo mampir ke cirebon
Jangan lupa mampir ke empal gentong HJ APUD",2026-05-04T13:57:28.172Z,Rzky Rhyuu,103419263774702777070,False,0,id,2026-05-05T05:38:10.593446
Ci9DQUlRQUNvZENodHljRjlvT21waFUzYzVjV1ZMV0doM2JVWTFZbVV5UjFoNk9VRRAB,ChIJ73WnRIvhbi4RvN43n7uz1J0,Empal Gentong H. Apud Pusat,cirebon,Kuliner,5,Sangat recommended makanan dan minuman nya apalagi di tambah tahu gejrot nya yang enk banget khas Cirebon empal gentong nya top 😋,2026-05-04T13:56:16.130Z,Rudy Gunawan,101474782745436698708,False,0,id,2026-05-05T05:38:10.593455
Ci9DQUlRQUNvZENodHljRjlvT21WRGNHTkNTbXRzVmxBNVFqTmZTREp1ZFU5SmFrRRAB,ChIJ73WnRIvhbi4RvN43n7uz1J0,Empal Gentong H. Apud Pusat,cirebon,Kuliner,5,"Semua menunya enak,pelayanan ramah,tempat juga bersih dan nyaman banget",2026-05-04T13:55:03.368Z,Tedi Cirebon,111243574277757990224,False,0,id,2026-05-05T05:38:10.593463
Ci9DQUlRQUNvZENodHljRjlvT2poclJFaGFZbU5oY0VSQmFuUnlZMnhzY1dwa1ZYYxAB,ChIJ73WnRIvhbi4RvN43n7uz1J0,Empal Gentong H. Apud Pusat,cirebon,Kuliner,5,"Gak afdol rasanya kalau main ke Cirebon tapi nggak mampir ke Empal Gentong Hj. Apud yang berada di jalan  ir Juanda tengah tani. Jujur, ini salah satu spot kuliner yang bikin kangen terus sama kota ini!
Pas datang, suasananya emang selalu rame banget, apalagi kalau pas jam makan siang atau weekend. Tapi tenang aja, pelayanannya super gercep (sat-set-wat-wet), jadi kita nggak dibiarin nunggu kelaparan terlalu lama. Tempatnya juga luas dan bersih, cocok banget buat bawa rombongan keluarga besar. Parkiran juga aman dan luas.
Soal rasa? Wah, nggak usah ditanya! Aku pesen Empal Gentong (kuah santan), rasanya gurih, creamy, dan bumbunya nendang banget di lidah. Yang bikin kaget itu dagingnya... SUPER EMPUK! Bener-bener lumer pas masuk mulut, effortless banget ngunyahnya.",2026-05-04T13:35:46.005Z,Malvin Soleh,111939828097857746207,False,0,id,2026-05-05T05:38:10.593471
Ci9DQUlRQUNvZENodHljRjlvT25oSFlXRTNhVEZzWlRSbVdWQTNkMHBIT0VFeGMxRRAB,ChIJ73WnRIvhbi4RvN43n7uz1J0,Empal Gentong H. Apud Pusat,cirebon,Kuliner,5,Empal gentong h apud nikmat gurih,2026-05-04T13:10:42.102Z,Melon Ty,106467310461116906837,False,0,id,2026-05-05T05:38:10.593480
ChdDSUhNMG9nS0VJQ0FnSUNqcXBlbjd3RRAB,ChIJ2RVw137ibi4RAfrsSDg5x74,GADO-GADO AYAM MANG DJUM CIREBON,cirebon,Kuliner,5,enak pol 5/5. rasanya tidak berubah dari jaman kakek saya. makanan wajib klo kalian ke cirebon,2024-04-20T05:49:26.170Z,L N,102926679455972004018,True,0,id,2026-05-05T05:38:10.593488
ChdDSUhNMG9nS0VJQ0FnSUQ5Z0p1aWxRRRAB,ChIJ2RVw137ibi4RAfrsSDg5x74,GADO-GADO AYAM MANG DJUM CIREBON,cirebon,Kuliner,5,salah satu Favorite tempat makan gado gado,2024-03-12T02:15:07.533Z,Ikhlas Nurpani,110470810662783340365,True,0,id,2026-05-05T05:38:10.593526
ChZDSUhNMG9nS0VJQ0FnSUQxMko2Vk53EAE,ChIJ2RVw137ibi4RAfrsSDg5x74,GADO-GADO AYAM MANG DJUM CIREBON,cirebon,Kuliner,5,"Rekomendasi pesen gado2 kuah kari
Enak banget",2024-01-05T05:26:02.938Z,J L,109956928758364185835,True,0,id,2026-05-05T05:38:10.593549
ChZDSUhNMG9nS0VJQ0FnSUNsNi11RWZREAE,ChIJ2RVw137ibi4RAfrsSDg5x74,GADO-GADO AYAM MANG DJUM CIREBON,cirebon,Kuliner,5,"Pake ayam Kampung, mantap",2023-11-27T14:08:12.650Z,Opay Kejaksan,108079652726024563352,True,0,id,2026-05-05T05:38:10.593566
ChdDSUhNMG9nS0VJQ0FnSUNaNzU2cWpnRRAB,ChIJ2RVw137ibi4RAfrsSDg5x74,GADO-GADO AYAM MANG DJUM CIREBON,cirebon,Kuliner,4,"Makanan enak dan harga terjangkau, pelayanan cepat dan ramah, hanya penerangan area makan agak redup.",2023-09-21T01:05:52.140Z,Anton Lasdianto,110269400898124884243,True,0,id,2026-05-05T05:38:10.593611
ChdDSUhNMG9nS0VJQ0FnSUNaZzV2YzVBRRAB,ChIJ2RVw137ibi4RAfrsSDg5x74,GADO-GADO AYAM MANG DJUM CIREBON,cirebon,Kuliner,5,"Ahoy, masyarakat Cirebon! Urang teh udah coba Gado-Gado Ayam Mang Djum dan wajib banget dishare pengalaman urang! Oke, pertama kali nyobain, urang langsung terpukau sama kuah kacangnya yang kental dan gurih. Teh bener-bener bisa nendang rasa lapar urang!

Ayamna teh enak, suwir-suwire teh empuk dan bumbuna meresap. Ditambahin teh sama lontong yang lembut, duh, teh udah jadi paket komplit! Teh sambelnya, aduh, pedesnya teh pas, gak kelewatan, cocok banget sama selera urang.

Nah, yang bikin spesial, Mang Djum teh pelayanannya ramah pisan, cepet, dan tempatnya teh bersih. Teh kudu banget dicoba, apalagi teh lokasina gampang dicari. Hargana teh fair, gak bakal bikin kantong bolong. Jadi kapan lagi cobain gado-gado yang top? Gado-Gado Ayam Mang Djum teh pilihanna! Mantep",2023-09-16T18:57:06.003Z,Mawaddah Muhammad,105165989375292636360,True,0,id,2026-05-05T05:38:10.593622
Ci9DQUlRQUNvZENodHljRjlvT20xb1UyTmpiekpJVm5seU1uVk5Ua0pZZFVSb05WRRAB,ChIJVeizASnjbi4RBH79L2uTe44,Empal Gentong Mang Darma Diponegoro,cirebon,Kuliner,5,Nice place In Syaa Allah.,2026-02-25T17:50:14.163Z,Cesar Junior,111409106956270419040,True,1,en,2026-05-05T05:38:10.593645
Ci9DQUlRQUNvZENodHljRjlvT200MVVYTnJRemN3Y1dKT1YzVTFWa2RrUkRoNVoxRRAB,ChIJVeizASnjbi4RBH79L2uTe44,Empal Gentong Mang Darma Diponegoro,cirebon,Kuliner,5,"Pertama kali makan disini, penyajian empalnya pake gentong mini. Rasanya khas tergantung selera, wajib cobain bagi penikmat empal gentong di Cirebon. 👍",2026-02-22T15:10:09.363Z,Reviewer Local,102990875339863264309,False,0,id,2026-05-05T05:38:10.593654
Ci9DQUlRQUNvZENodHljRjlvT2tkeVlXdG1lVUZQVEhSeGJHRkpTVFExWW5Wa2RFRRAB,ChIJVeizASnjbi4RBH79L2uTe44,Empal Gentong Mang Darma Diponegoro,cirebon,Kuliner,5,"Empal gentong, empal asam, sate kambing, dan nasi lengkonya enak 👍👍👍  rekomen!",2026-02-21T06:33:57.758Z,Denny Willianto,112876699929094854199,True,0,id,2026-05-05T05:38:10.593663
Ci9DQUlRQUNvZENodHljRjlvT2pWV2RESnRRakk1ZUVkZldscExZekpwV0hab1UyYxAB,ChIJVeizASnjbi4RBH79L2uTe44,Empal Gentong Mang Darma Diponegoro,cirebon,Kuliner,4,Empal dan tahu gejrotnya mantul hanya sedikit saran aja untuk kloset jongkok di kamar mandi supaya diperhatikan ternyata sudah tidak nempel dengan ubinnya dan tentunya sangat membahayakan apabila diinjak sertz kebersihannya. Sukses selalu dan tetap jaga kualitas,2026-02-20T07:33:53.068Z,Farida Berliana Sirait,110219367517140064641,True,0,id,2026-05-05T05:38:10.593695
Ci9DQUlRQUNvZENodHljRjlvT205SU1tZDViVmRyUTBsMWVsRXlNemxvWDBzNGNsRRAB,ChIJVeizASnjbi4RBH79L2uTe44,Empal Gentong Mang Darma Diponegoro,cirebon,Kuliner,5,Kalau ke cirebon kudu mampir ke Empal Gentong Mang Darma 😍😍✅,2026-02-20T04:38:17.281Z,Alicia kastria,103523457529261606968,True,0,id,2026-05-05T05:38:10.593704
Ci9DQUlRQUNvZENodHljRjlvT21oRVRHWXRSekZXZVdKa2VUVnVPVTE0WjB0WU0yYxAB,ChIJVeizASnjbi4RBH79L2uTe44,Empal Gentong Mang Darma Diponegoro,cirebon,Kuliner,5,mampir singgah mencicipi makanan khas cirebon,2026-02-16T05:11:49.567Z,Novia Sulistyo,100797056094061973559,True,0,id,2026-05-05T05:38:10.593747
Ci9DQUlRQUNvZENodHljRjlvT2tJNVFtOHhPRTFPV21Wb01uTnFRM2R4ZVVwb1QwRRAB,ChIJVeizASnjbi4RBH79L2uTe44,Empal Gentong Mang Darma Diponegoro,cirebon,Kuliner,5,Maknyus lah. Ke Cirebon wajib makan Empal Gentong Mang Darma,2026-02-14T02:35:49.567Z,Sabella Family,101214443412753612820,True,0,id,2026-05-05T05:38:10.593769
ChdDSUhNMG9nS0VJQ0FnSUNwcktmNDBnRRAB,ChIJ2RVw137ibi4RAfrsSDg5x74,GADO-GADO AYAM MANG DJUM CIREBON,cirebon,Kuliner,1,"Tempat favorit keluarga sejak dulu, gado-gado legend 😘",2023-07-30T09:36:34.122Z,Nofatul Jannah,102478050190790295666,True,0,id,2026-05-05T05:38:10.593778
ChdDSUhNMG9nS0VJQ0FnSURKaFlmMDZRRRAB,ChIJ2RVw137ibi4RAfrsSDg5x74,GADO-GADO AYAM MANG DJUM CIREBON,cirebon,Kuliner,5,Gado2 ayam terenak di cirebon... sayang jam 12.00 biasanya udah mau tutup,2023-07-20T15:33:33.753Z,Marcel Djaya,112534614427935463168,True,0,id,2026-05-05T05:38:10.593786
ChdDSUhNMG9nS0VJQ0FnSUR4cElXLWl3RRAB,ChIJ2RVw137ibi4RAfrsSDg5x74,GADO-GADO AYAM MANG DJUM CIREBON,cirebon,Kuliner,5,Lengkonya manteb bumbu kacangnya,2023-06-02T04:18:22.314Z,Hendrik Oktavianes,115128036909447905194,True,0,id,2026-05-05T05:38:10.593821
ChdDSUhNMG9nS0VJQ0FnSUN4MmFYS3hnRRAB,ChIJ2RVw137ibi4RAfrsSDg5x74,GADO-GADO AYAM MANG DJUM CIREBON,cirebon,Kuliner,5,"Untuk gado-gado nya, bagi yang tidak biasa makan banyak, baiknya pesan porsi setengah saja. Satu porsinya banyak banget... 😃",2023-05-21T09:11:21.118Z,Boy A Rinaldy,101897284366766942480,True,1,id,2026-05-05T05:38:10.593829
ChdDSUhNMG9nS0VJQ0FnSURSal92ZDJBRRAB,ChIJ2RVw137ibi4RAfrsSDg5x74,GADO-GADO AYAM MANG DJUM CIREBON,cirebon,Kuliner,5,"Tidak serba mewah sih
Tapi bersih
Luar biasa rekomendid",2023-05-06T13:57:19.481Z,Yuri Pramono,114286225773513654578,True,0,id,2026-05-05T05:38:10.593846
ChdDSUhNMG9nS0VJQ0FnSURSNWZEdS13RRAB,ChIJ2RVw137ibi4RAfrsSDg5x74,GADO-GADO AYAM MANG DJUM CIREBON,cirebon,Kuliner,5,"Saya pesan gado-gado, untuk rasa kuah kuningnya gurih dengan tekstur kental dari campuran sambal kacang menambahkan rasa sedikit agak manis. porsinya cukup banyak untuk sarapan mungkin lebih cocok dijadikan makan siang. Lokasinya samping Keraton Kacirbonan tersedia lahan parkir motor, untuk yang datang dengan mobil parkir di pinggir jalan (ada tukang parkir).",2023-04-30T01:25:29.753Z,Ade Setiawan,116290903672297874792,True,0,id,2026-05-05T05:38:10.593854
Ci9DQUlRQUNvZENodHljRjlvT2xkdVJVWkxSMjU1TmtSbllVNDNZemxxYWt0SFFVRRAB,ChIJ73WnRIvhbi4RvN43n7uz1J0,Empal Gentong H. Apud Pusat,cirebon,Kuliner,5,Empal Gentong & Empal Asem Bikin Lidah Terniyang-niyang,2026-05-04T11:56:31.743Z,Nurhadiansyah iyan,114615127563366533553,False,0,id,2026-05-05T05:38:10.593877
Ci9DQUlRQUNvZENodHljRjlvT2pjMlNWOU1hMlpPZUZFMFJGRXhNbUp3VFhORGJGRRAB,ChIJ73WnRIvhbi4RvN43n7uz1J0,Empal Gentong H. Apud Pusat,cirebon,Kuliner,5,empal asemnya nyegerin dan sate rasanya sangat empuk saat dimakan.,2026-05-04T11:55:48.020Z,anto walker88,101935589105945193729,False,0,id,2026-05-05T05:38:10.593887
Ci9DQUlRQUNvZENodHljRjlvT2tWUlFXaGZiamQyWVVKT01sZHpaM0JKYkhGb2QzYxAB,ChIJ73WnRIvhbi4RvN43n7uz1J0,Empal Gentong H. Apud Pusat,cirebon,Kuliner,5,"Empalnya enak banget untuk sarapan cocok dengan lontong dan sate. Pelayanannya cepat banget. minuman cepat sampai, untuk harga lumayan untuk sekali makan, suasana lumayan enak berhubung masih pagi.👍",2026-05-04T11:34:53.851Z,Nurhayati Nunung,101199737326057567438,False,0,id,2026-05-05T05:38:10.593896
Ci9DQUlRQUNvZENodHljRjlvT21SYVQxRnRjMEpPZEdsclRrbHNSRFowT1dkUWNGRRAB,ChIJ73WnRIvhbi4RvN43n7uz1J0,Empal Gentong H. Apud Pusat,cirebon,Kuliner,5,"Makan di RM H. Apud (Pusat) benar-benar memuaskan. Rasa makanannya khas, autentik, dan konsisten enak. Pelayanannya cepat dan ramah, tempatnya juga bersih dan nyaman. Sangat recommended untuk makan bareng keluarga👍👍",2026-05-04T08:25:02.784Z,꧁༺Blสck ຮhαRk༻꧂,106320022570912102320,False,0,id,2026-05-05T05:38:10.593922
Ci9DQUlRQUNvZENodHljRjlvT21ObU9GbG9SeTE2UzNCaGVuUXpTeTFPUlhwdk1IYxAB,ChIJ73WnRIvhbi4RvN43n7uz1J0,Empal Gentong H. Apud Pusat,cirebon,Kuliner,5,Wajib cobain kalo ke Cirebon,2026-05-04T07:24:48.299Z,Yoga Indra,111267224857042231539,False,0,id,2026-05-05T05:38:10.593939
Ci9DQUlRQUNvZENodHljRjlvT2pKeFdsWlJlbEZ1WDI1S05WaFpSa3hyYjI5UFRrRRAB,ChIJ73WnRIvhbi4RvN43n7uz1J0,Empal Gentong H. Apud Pusat,cirebon,Kuliner,5,"Pelayan nya ramah , tempatnyaman dan lebih enaknya sudah ada kemasan kalengnyaaa jadi lebih enak buat oleh²nyaa",2026-05-04T07:18:39.307Z,April Apriliyana,117516639381701214389,False,0,id,2026-05-05T05:38:10.593948
Ci9DQUlRQUNvZENodHljRjlvT25vNWJVcE1ZVE5QUjFwT1FXNUdjbGwyUjBaU09IYxAB,ChIJ73WnRIvhbi4RvN43n7uz1J0,Empal Gentong H. Apud Pusat,cirebon,Kuliner,5,"Mantap pelayan cepat dan ramah, empal nya joss apalagi empal asem nya segerr..
Satenya empuk apalagi kalo penutupnya es duren beuhh nikmat..",2026-05-04T07:16:35.723Z,Umenk Abyansyah,114572429990542678694,False,0,id,2026-05-05T05:38:10.593958
Ci9DQUlRQUNvZENodHljRjlvT2kxZmRtUjJjMUZXTldKVWRWTk9SMW93Y2tKUVdXYxAB,ChIJ73WnRIvhbi4RvN43n7uz1J0,Empal Gentong H. Apud Pusat,cirebon,Kuliner,5,"Empal gentong haji apud enak rasanya dan daging yang berkualitas , pelayanan juga terbaik",2026-05-04T05:29:52.499Z,Renaldy Prasetyo,107774612905205967146,False,0,id,2026-05-05T05:38:10.593974
Ci9DQUlRQUNvZENodHljRjlvT2pZeVZrRkhUMFZHZFhWbVZtYzJaM2RKVDNCSmMxRRAB,ChIJ73WnRIvhbi4RvN43n7uz1J0,Empal Gentong H. Apud Pusat,cirebon,Kuliner,5,Mantap pokoknya empal gentong H.apud,2026-05-04T04:31:42.592Z,trio febriyanto,114886310488491501581,False,0,id,2026-05-05T05:38:10.593983
Ci9DQUlRQUNvZENodHljRjlvT25KYVNFWlpOR1l5UkdkeldFNXFURnBuV1dkT1UyYxAB,ChIJ73WnRIvhbi4RvN43n7uz1J0,Empal Gentong H. Apud Pusat,cirebon,Kuliner,5,sangat enak empal gentong nya,2026-05-04T03:38:02.213Z,Dava Ananda,104125082576296893134,False,0,id,2026-05-05T05:38:10.593991
Ci9DQUlRQUNvZENodHljRjlvT2s5NlNVTk5kSGxhVEdVNFNYaGhZekphYTFkVE9XYxAB,ChIJ73WnRIvhbi4RvN43n7uz1J0,Empal Gentong H. Apud Pusat,cirebon,Kuliner,5,"Empal gentong H Apud tempatnya nyaman, parkiran luas",2026-05-04T03:37:42.628Z,Hafiz Hafiz,109871707344353753205,False,0,id,2026-05-05T05:38:10.593999
Ci9DQUlRQUNvZENodHljRjlvT2pCWVJ6RTFUbFphVVU1QmMwWkpXVEF3YzB3MmFIYxAB,ChIJ73WnRIvhbi4RvN43n7uz1J0,Empal Gentong H. Apud Pusat,cirebon,Kuliner,5,"Tempatnya nyaman ,dagingnya empuk",2026-05-04T03:37:27.657Z,Alip Ramadhan,108507252571586536627,False,0,id,2026-05-05T05:38:10.594007
Ci9DQUlRQUNvZENodHljRjlvT2twQlVFbzVURzU0V0VFME56aGpNVkZWWTNSc01tYxAB,ChIJ73WnRIvhbi4RvN43n7uz1J0,Empal Gentong H. Apud Pusat,cirebon,Kuliner,5,Pelanyanannya ramah empal gentong ya enak dan tempatnya nyaman,2026-05-04T03:34:44.157Z,Septiawan Julianto,108202646432838591288,False,0,id,2026-05-05T05:38:10.594016
Ci9DQUlRQUNvZENodHljRjlvT2s1NFlWQnFMWEJaTWxCUlYzUndlbkF5UWpGVVpsRRAB,ChIJ73WnRIvhbi4RvN43n7uz1J0,Empal Gentong H. Apud Pusat,cirebon,Kuliner,5,makanannya enak pelayanan nya mantap👍,2026-05-04T03:31:09.448Z,Iing Solihin,106587327873653933718,False,0,id,2026-05-05T05:38:10.594023
Ci9DQUlRQUNvZENodHljRjlvT2tOcVoxUXdORFp5U1haU1gxTm5lamt3ZDFOblgzYxAB,ChIJ73WnRIvhbi4RvN43n7uz1J0,Empal Gentong H. Apud Pusat,cirebon,Kuliner,5,kalo aku sie yesss,2026-05-04T03:30:12.645Z,Nevi Liesdita,101573330274343896524,False,0,id,2026-05-05T05:38:10.594032
Ci9DQUlRQUNvZENodHljRjlvT2xWemMyUjRWRzF3VDJwelFURnNRMGs0ZWxOelFtYxAB,ChIJ73WnRIvhbi4RvN43n7uz1J0,Empal Gentong H. Apud Pusat,cirebon,Kuliner,5,Empal enak sate nya empuk cocok buat sya yg penggemar sate,2026-05-04T03:30:02.859Z,Lukman Januar Nur Hakim,114743484204624982021,False,0,id,2026-05-05T05:38:10.594040
Ci9DQUlRQUNvZENodHljRjlvT2xsV05UTTJNa2REYkVsRFNWODVVR1puVDBwSmFXYxAB,ChIJ40DaUm7ibi4RicJuKai9QKc,Bubur Sop Ayam M. Kapi,cirebon,Kuliner,5,Selalu jadi pilihan kalo lagi butuh hidangan hangat berkuah di Cirebon,2026-03-30T07:49:34.253Z,Yan Kurniawan,104739815007892452057,True,0,id,2026-05-05T05:38:10.594067
Ci9DQUlRQUNvZENodHljRjlvT21aUFgyNU1RMkZoTm01b1NFRnVPVmh0ZDFGdFlYYxAB,ChIJ40DaUm7ibi4RicJuKai9QKc,Bubur Sop Ayam M. Kapi,cirebon,Kuliner,1,"saya orang cirebon asli baru nyobain bubur sop ayam ini, jujur harganya terlalu mahal utk seporsi bubur sop ayam di kota cirebon, mending kalau harga mahal rasa enak, ini gaenak, rasanya bubur nya aneh pokonya ga bgt deh maaf bgtt ya tapi emg begitu jujur adanya, tidak rekomen untuk harga 22ribu seporsi bubur sop ayam yg rasanya TIDAK ENAK.",2026-03-26T00:06:35.848Z,Jazz One,103897928875027506288,False,0,id,2026-05-05T05:38:10.594075
Ci9DQUlRQUNvZENodHljRjlvT2t0bFpEbFJUMEo1ZEU4eE5YVkpabE0zYkhrd2NXYxAB,ChIJ40DaUm7ibi4RicJuKai9QKc,Bubur Sop Ayam M. Kapi,cirebon,Kuliner,1,Rasa dan penyajian Jauh dari harapan...,2026-03-21T14:28:40.986Z,muhammad ardian,109754843450472871122,True,0,id,2026-05-05T05:38:10.594083
ChdDSUhNMG9nS0VJQ0FnSURTMlpLTi13RRAB,ChIJ40DaUm7ibi4RicJuKai9QKc,Bubur Sop Ayam M. Kapi,cirebon,Kuliner,5,Sop bubur legend,2026-02-17T05:03:54.181Z,F. Jun,112616693367782966444,True,0,id,2026-05-05T05:38:10.594098
Ci9DQUlRQUNvZENodHljRjlvT2kxV1ZVMTJVVFZrYzI5MVFuaFBiSFI1V1MxT2RVRRAB,ChIJ40DaUm7ibi4RicJuKai9QKc,Bubur Sop Ayam M. Kapi,cirebon,Kuliner,5,Kesukaan mama & suami,2026-01-29T18:23:54.315Z,Linov Purp,103847099534850246528,True,0,ms,2026-05-05T05:38:10.594106
Ci9DQUlRQUNvZENodHljRjlvT2tGRE9YaE5ZMEpDUTBRMVIyZGxNMWRTV0hoalJYYxAB,ChIJ40DaUm7ibi4RicJuKai9QKc,Bubur Sop Ayam M. Kapi,cirebon,Kuliner,5,"Makanannya enak, cuma kalau enggak terlalu suka tauco bilang di awal agar dipisah atau dikurangi tauconya krn rasa tauconya strong",2026-01-19T21:32:16.518Z,Yossa Sembiring,105477703679379462274,True,0,id,2026-05-05T05:38:10.594121
Ci9DQUlRQUNvZENodHljRjlvT2tSSE9VRlVTREJyY2xJeExVbHdkVTl3ZFRkb05HYxAB,ChIJ40DaUm7ibi4RicJuKai9QKc,Bubur Sop Ayam M. Kapi,cirebon,Kuliner,5,"Lokasinya dekat nasi jamblang bu nur dekat stasiun prujakan cirebon, rasanya enak banget",2025-12-30T00:11:59.490Z,Okta Perkasa,113030567932099150316,True,0,id,2026-05-05T05:38:10.594136
ChdDSUhNMG9nS0VJQ0FnSUN2eS1hc2hRRRAB,ChIJ40DaUm7ibi4RicJuKai9QKc,Bubur Sop Ayam M. Kapi,cirebon,Kuliner,5,"Baru coba pertama kali, sensasinya kaya menu waktu kecil, bubur kasar (ada yang masih berbentuk nasi) diberi kuah sop & irisan ayam tapi dgn rasa kaldu & lada yang sangat kuat, bikin tenggorokan nyaman di pagi/malam hari",2025-12-18T15:46:21.664Z,Muhamad Rusdi (Eoshi),112253289833540233111,True,0,id,2026-05-05T05:38:10.594156
Ci9DQUlRQUNvZENodHljRjlvT210VmVuSlNZV1ZwUlc1T1NtbHJhM0F6TUhkUFZHYxAB,ChIJ40DaUm7ibi4RicJuKai9QKc,Bubur Sop Ayam M. Kapi,cirebon,Kuliner,1,"Liat dari google maps yg paling dekat dgn stasiun, taunya harganya mahal dan rasanya hambar, alhasil makan ga habis makannya",2025-11-16T13:13:44.382Z,Kiki Zakiyah,115140349786803249717,True,0,id,2026-05-05T05:38:10.594173
Ci9DQUlRQUNvZENodHljRjlvT2tsVFdtOURUbkJHY3poV1RGSTNNRTVWYzFwVWNXYxAB,ChIJ40DaUm7ibi4RicJuKai9QKc,Bubur Sop Ayam M. Kapi,cirebon,Kuliner,5,Bubur sop jadul enak.. Tapi tidak seenak waktu masih ada mang kapi..,2025-10-29T09:00:36.856Z,Virza Alfatih,100791042416964738785,True,0,id,2026-05-05T05:38:10.594183
Ci9DQUlRQUNvZENodHljRjlvT2xOdVEwWkZWRVZIWmpaUlRHY3ljVFIxWlhGMlgwRRAB,ChIJ40DaUm7ibi4RicJuKai9QKc,Bubur Sop Ayam M. Kapi,cirebon,Kuliner,4,Bubur sop ayam yg hanya buka di malam hari dg harga sangat awarded. Rasanya unik namun agak kurang konsisten. Suasana perlu penataan. Parkir mobil agak sulit. Lumayan tuk wisata kuliner malam hari.,2025-10-12T16:06:34.233Z,Moh Muhaemin,100076992027098963182,True,0,id,2026-05-05T05:38:10.594199
Ci9DQUlRQUNvZENodHljRjlvT21Ga04ycG5TVlpOY201U09GQTNRMHQzY2trdE1GRRAB,ChIJ40DaUm7ibi4RicJuKai9QKc,Bubur Sop Ayam M. Kapi,cirebon,Kuliner,5,Sate kambingnya juara,2025-10-05T01:08:29.474Z,j ferdinan,112709394025626103120,True,0,id,2026-05-05T05:38:10.594208
Ci9DQUlRQUNvZENodHljRjlvT25Rd1ZtRTJNMFZrU2pSQk1YRk1kV3h2ZDFsUlJsRRAB,ChIJ73WnRIvhbi4RvN43n7uz1J0,Empal Gentong H. Apud Pusat,cirebon,Kuliner,5,Karyawanya ganteng ganteng banget,2026-05-04T03:29:55.836Z,Rahmat 77,103645839334655681944,False,0,id,2026-05-05T05:38:10.594216
Ci9DQUlRQUNvZENodHljRjlvT20xUWRWZE5UWGRxWVZBeFEyUlliM0p0VGswemNFRRAB,ChIJ73WnRIvhbi4RvN43n7uz1J0,Empal Gentong H. Apud Pusat,cirebon,Kuliner,5,Sate kambing nya empuk,2026-05-04T03:28:28.554Z,ibnu ubaydillah,111313355791939275545,False,0,id,2026-05-05T05:38:10.594224
Ci9DQUlRQUNvZENodHljRjlvT21WaVpVRmxZWGxzVFdwclpXUkRkV281TkdWcVVIYxAB,ChIJ73WnRIvhbi4RvN43n7uz1J0,Empal Gentong H. Apud Pusat,cirebon,Kuliner,5,"Tempatnya bersih pelayanannya baik
Empal gentong H apud weenak e poll👍",2026-05-04T03:26:42.114Z,MUAMAR Amar,101022554889783307444,False,0,id,2026-05-05T05:38:10.594232
Ci9DQUlRQUNvZENodHljRjlvT2xaM1ZrZHRaR2RvYUhaUVJteGFNRlZIWTA1a1JFRRAB,ChIJ73WnRIvhbi4RvN43n7uz1J0,Empal Gentong H. Apud Pusat,cirebon,Kuliner,5,"Empal gentong H.apud emang the best pokonya kuah gentong sama asemnya bikin nagihhh+sate sapi,kambingnyaaa tempatnya juga nyaman bersihh  😁😁",2026-05-04T03:25:23.056Z,Andika priyadi,115595274854072502238,False,0,id,2026-05-05T05:38:10.594241
Ci9DQUlRQUNvZENodHljRjlvT2pGM1VpMUZNMU5yWW5nNVpUUnpVWEZVT0hwU1kxRRAB,ChIJ73WnRIvhbi4RvN43n7uz1J0,Empal Gentong H. Apud Pusat,cirebon,Kuliner,5,Mantap poll pokoknya empal gentong nya,2026-05-04T03:23:44.786Z,Satrio Minanto,117978635486026156261,False,0,id,2026-05-05T05:38:10.594249
Ci9DQUlRQUNvZENodHljRjlvT25WcGNUWkdTV3g2Ukd0M1ozUkJja1kyZW1WdVVuYxAB,ChIJ73WnRIvhbi4RvN43n7uz1J0,Empal Gentong H. Apud Pusat,cirebon,Kuliner,5,"Empal dan sate nya enak
Tempat nya luas",2026-05-04T03:21:04.161Z,Bang Oman,105418907287672979845,False,0,id,2026-05-05T05:38:10.594257
Ci9DQUlRQUNvZENodHljRjlvT213MGExbDRNUzB5WlhWTWIxUXdlamxFUldKZlNWRRAB,ChIJ73WnRIvhbi4RvN43n7uz1J0,Empal Gentong H. Apud Pusat,cirebon,Kuliner,5,Empal gentong hj.apud rasanya mantap👌,2026-05-04T03:19:15.816Z,Iwan Vivo,106066248019277458756,False,0,id,2026-05-05T05:38:10.594265
Ci9DQUlRQUNvZENodHljRjlvT2pGbVZUUmZOMUphWTB4emJFVlJaazlLYmpGUk5rRRAB,ChIJ73WnRIvhbi4RvN43n7uz1J0,Empal Gentong H. Apud Pusat,cirebon,Kuliner,5,Empal gentong nya enak,2026-05-04T03:19:11.648Z,Adam Andhika,101740019155005035301,False,0,id,2026-05-05T05:38:10.594276
Ci9DQUlRQUNvZENodHljRjlvT2xKSVVucFFZbWxRVG1kc2RYRkVjRmRhZDE5RldGRRAB,ChIJ73WnRIvhbi4RvN43n7uz1J0,Empal Gentong H. Apud Pusat,cirebon,Kuliner,5,"sate kambingnya beda dari sate kambing kebanyakan,empuk juicy gituu rasanyaa",2026-05-04T03:18:33.050Z,Giffari Thoriq Romadhona,108963578155203982706,False,0,id,2026-05-05T05:38:10.594284
Ci9DQUlRQUNvZENodHljRjlvT25CTVEySllWbFpyTlV0WlIybHVjRWRHVVMxeWJFRRAB,ChIJ73WnRIvhbi4RvN43n7uz1J0,Empal Gentong H. Apud Pusat,cirebon,Kuliner,5,"Empal nya enak daging nya empuk dan sate nya empuk ngga prengus pelayanan ramah dan cepat,pokoknya mantap👍",2026-05-04T03:15:59.554Z,mohamad hidayat,100565630795415405542,False,0,id,2026-05-05T05:38:10.594292
Ci9DQUlRQUNvZENodHljRjlvT25OdVFXOXVjVEZWTkU1dFV6VjVkVWxqVVhWRWNWRRAB,ChIJ73WnRIvhbi4RvN43n7uz1J0,Empal Gentong H. Apud Pusat,cirebon,Kuliner,5,Empal gentongny enak sate kambing nya juga enak dan menu lainya juga gak kalah enaknya,2026-05-04T03:15:38.273Z,Desi Vuspitasari,118086007468925855032,False,0,id,2026-05-05T05:38:10.594300
Ci9DQUlRQUNvZENodHljRjlvT2xOamJHcGxjRFIzUkVSS1RXZFJlbEpuVm1Rd1IxRRAB,ChIJ73WnRIvhbi4RvN43n7uz1J0,Empal Gentong H. Apud Pusat,cirebon,Kuliner,5,"Semua menunya terasa enak, Terutama Empal dan sate nya terasa mantap dan enak sekali 👍👍👍 soal pelayanan dan suasana jangan diragukan pasti nyaman 👍👍",2026-05-04T03:14:46.643Z,Feri Ferii,109141794745487720957,False,0,id,2026-05-05T05:38:10.594309
Ci9DQUlRQUNvZENodHljRjlvT25kTmRrSk5XWGRRVDFKVlZrWk9kekkzV2s4eGRXYxAB,ChIJ40DaUm7ibi4RicJuKai9QKc,Bubur Sop Ayam M. Kapi,cirebon,Kuliner,4,enaak makanannya. ada sate nya juga enak,2025-09-11T18:34:06.123Z,Irma Vania Rahma,109141171351436887535,True,0,id,2026-05-05T05:38:10.594325
Ci9DQUlRQUNvZENodHljRjlvT25OclRHNTZNMUk1TURNNFNtSXRXR2MyZGpRMmQyYxAB,ChIJ40DaUm7ibi4RicJuKai9QKc,Bubur Sop Ayam M. Kapi,cirebon,Kuliner,1,"Kurang enak, harganya mahal. Tidak seperti 10 tahun lampau enak. Malah sebaliknya sdh ngga enak , mahal pula..",2025-08-05T04:58:44.879Z,Joni Karmani,112330470951118559912,False,0,id,2026-05-05T05:38:10.594334
ChZDSUhNMG9nS0VJQ0FnSURmOXBlZmFnEAE,ChIJ40DaUm7ibi4RicJuKai9QKc,Bubur Sop Ayam M. Kapi,cirebon,Kuliner,4,"Ini menu aneh yang pernah saya coba juga, tetapi kombinasi 2 makanan ini bokeh juga lho, jadi segar dan anget. Membuat sensasi berbeda saja saat menyantabnya. Nyaman di perut yang tidak langsung bikin kenyang. Tempatnya biasa saja pelayanannya baik, parkir terbatas",2025-07-15T08:58:13.719Z,Thomas Hargono,102827052023971316205,True,0,id,2026-05-05T05:38:10.594349
Ci9DQUlRQUNvZENodHljRjlvT21aaVNUSnliMTlVVVVGNmVXdENOMGg2Y21OU1FYYxAB,ChIJ40DaUm7ibi4RicJuKai9QKc,Bubur Sop Ayam M. Kapi,cirebon,Kuliner,3,untuk saya terlalu asin dan hrg lumayan pricey untuk bubur sop pada umumnya tapi masih tetep enak tempat strategis dan nyaman,2025-07-12T02:53:08.341Z,dessy Indra,113672732787658071589,True,0,id,2026-05-05T05:38:10.594357
Ci9DQUlRQUNvZENodHljRjlvT2tWRFFVaEdjWGR3UVRoR1pGTk5VMTh6WlVwdlZrRRAB,ChIJ40DaUm7ibi4RicJuKai9QKc,Bubur Sop Ayam M. Kapi,cirebon,Kuliner,5,Jam terbaik berkunjung antara 18.30 - 20.00WIB anti ngantri² club,2025-07-09T07:13:32.626Z,Ulik Sepele,109781808275011905679,True,0,id,2026-05-05T05:38:10.594365
Ci9DQUlRQUNvZENodHljRjlvT25KSU9XOW5hR3BqTVdoRGNYbHpabVJvWkhjd2FuYxAB,ChIJ40DaUm7ibi4RicJuKai9QKc,Bubur Sop Ayam M. Kapi,cirebon,Kuliner,3,Alternatif makan kuah di malam hari. Jujur sih ini lebih tepatnya bubur soto ayam,2025-06-29T11:10:22.656Z,Dede Satya,106974027463592184384,True,0,id,2026-05-05T05:38:10.594382
Ci9DQUlRQUNvZENodHljRjlvT2pkalRUbGpVVTB0Tm14NmMzRm9Oa1Y1YTBoWGExRRAB,ChIJ40DaUm7ibi4RicJuKai9QKc,Bubur Sop Ayam M. Kapi,cirebon,Kuliner,5,"Rasa sop yang seger, dan bubur yang tidak terlalu halus, cocok banget sih emang. Ayam juga buwanyak, ada bihunnya dan kentang juga didalamnya. Lebih mantap lagi kalo diaduk ya sobad, meskipun buat tim aduk, tapi ku rekomin kalend buat aduk dulu.

Kalo ga mau makan bubur sop, kalian juga bisa makan sate ayam ataupun kambing yang ada disamping kanan dan kiri nya, tetep tenang itu bisa dimakan langsung juga disana.",2025-06-28T09:26:02.404Z,Sekar Arumda,112180637115376787199,True,0,id,2026-05-05T05:38:10.594398
Ci9DQUlRQUNvZENodHljRjlvT21kelQzWllaVkJDYTBGS1owNDNURTlMVVhoMmFtYxAB,ChIJ40DaUm7ibi4RicJuKai9QKc,Bubur Sop Ayam M. Kapi,cirebon,Kuliner,4,Sate ayam dan sate kambingnya di sebelahnya mantap,2025-06-27T08:31:38.378Z,Danang Cogan,102373487993606949312,True,0,id,2026-05-05T05:38:10.594407
Ci9DQUlRQUNvZENodHljRjlvT21WSlJuZFNaa0pxUVhsR1owRmlVM2MzWm5ZelYzYxAB,ChIJ40DaUm7ibi4RicJuKai9QKc,Bubur Sop Ayam M. Kapi,cirebon,Kuliner,4,"Tried several dishes at Bubur Sop Ayam M. Kapi: the bubur sop ayam, bumbu lengko, sate ayam, and sate kambing. Honestly, the sate kambing stole the show—perfectly grilled, juicy, and full of flavor. The other dishes were okay, nothing bad at all, just didn’t leave that “craving” impression for me. Still a nice spot if you're in the area and worth visiting, especially for the sate kambing!",2025-06-17T09:18:17.176Z,Clara Devina,109913368898084471942,True,4,en,2026-05-05T05:38:10.594422
ChZDSUhNMG9nS0VJQ0FnSUR5dDhPYU5BEAE,ChIJ40DaUm7ibi4RicJuKai9QKc,Bubur Sop Ayam M. Kapi,cirebon,Kuliner,5,Bubuur legendariasss dan rasanyaa weeeennaaakk .. cocook banggeet buaat saat hujan turuun hangeethangget makannya bubur Soap ayam❤️❤️,2025-05-18T13:41:57.243Z,Susan Okta,112653076155248491419,False,0,id,2026-05-05T05:38:10.594446
ChdDSUhNMG9nS0VLUGYtOFhVcG8ydmdnRRAB,ChIJ40DaUm7ibi4RicJuKai9QKc,Bubur Sop Ayam M. Kapi,cirebon,Kuliner,4,"Tiap ke Cirebon pasti mampir ke sinii. Sate kambing rasa enak, gurih manis, tidak prengus. Sop bubur untuk tekstur buburnya ngegumpal2 jadi tidak ambyar, mirip2 nasi tim. Rasa sopnya pas, suwiran ayam banyak, bisa request tanpa tauco jadi rasa kuahnya sangat light seger. Comfort food",2025-05-10T12:46:00.269Z,Zlia,104562079618199743118,True,0,id,2026-05-05T05:38:10.594454
ChZDSUhNMG9nS0VJQ0FnTUNvX0pxMlNnEAE,ChIJ40DaUm7ibi4RicJuKai9QKc,Bubur Sop Ayam M. Kapi,cirebon,Kuliner,2,"Kurang rekomended, rasa biasa, harga mahal",2025-04-15T13:51:24.651Z,Muh Ridho,111966648225830479225,True,0,id,2026-05-05T05:38:10.594476
Ci9DQUlRQUNvZENodHljRjlvT2tWWVYzUkxVRk5LZGxOblNVSlZNRWd4TVdKR1NGRRAB,ChIJbRoXUXDjbi4RsxEAn3ydOL8,Bubur Moh Toha,cirebon,Kuliner,5,"Best bgttttt, buburnya enakkk. Selalu ramee 🤩",2026-04-19T18:18:33.557Z,Mt,115756689920188077167,True,0,id,2026-05-05T05:38:10.594520
Ci9DQUlRQUNvZENodHljRjlvT2t4aVZqSkRibXBRYTFaamVEQjJaWE5DY25sT2FGRRAB,ChIJbRoXUXDjbi4RsxEAn3ydOL8,Bubur Moh Toha,cirebon,Kuliner,5,Bubur ayam n kacang ijonya enak n ramah dikantong.,2026-04-19T08:07:44.540Z,Rima Salpizben,107268835744506508107,True,0,id,2026-05-05T05:38:10.594530
Ci9DQUlRQUNvZENodHljRjlvT2w5Zk9VMURkRmxYWVU1SFVtWmhRVWw2UkZwRVFVRRAB,ChIJbRoXUXDjbi4RsxEAn3ydOL8,Bubur Moh Toha,cirebon,Kuliner,4,"Very crowded, good for breakfast, feel local vibes. Chicken porridge ok",2026-04-07T14:33:02.858Z,Abdul Aziz,117234855897554516228,True,0,en,2026-05-05T05:38:10.594560
Ci9DQUlRQUNvZENodHljRjlvT2tJM2VuSXdVWGxyTm1KQk5WQjRjbUZST0VFdFZsRRAB,ChIJbRoXUXDjbi4RsxEAn3ydOL8,Bubur Moh Toha,cirebon,Kuliner,4,"Bubur ayamnya dan bubur kacangnya enak seperti pada umumnya, cuma suasananya panas kipasnya kurang kencang",2026-04-05T06:19:31.904Z,Muhammad Rizqi Ridholloh,116806856022768183928,True,0,id,2026-05-05T05:38:10.594584
Ci9DQUlRQUNvZENodHljRjlvT2xjelJXeHJhazk0V0dJNE9VSTFiVWRQWWtScU1FRRAB,ChIJbRoXUXDjbi4RsxEAn3ydOL8,Bubur Moh Toha,cirebon,Kuliner,5,"Bubur Ayamnya enak, Bubur kacang ijonya juga enak ke cirebob jangan lupa nyobain",2026-04-05T02:35:34.526Z,Megawati,110478816019998810063,True,0,id,2026-05-05T05:38:10.594593
Ci9DQUlRQUNvZENodHljRjlvT2tGc2JXOW5iakpaUW1NdFlrZHBMVzlQTm5CUGNtYxAB,ChIJbRoXUXDjbi4RsxEAn3ydOL8,Bubur Moh Toha,cirebon,Kuliner,5,Warkop legendaris buka 24 jam,2026-04-04T08:50:56.778Z,darmanto,115370555077982404173,True,0,id,2026-05-05T05:38:10.594601
Ci9DQUlRQUNvZENodHljRjlvT2psNloxZzNaME5EVldaVWNqRm1VamR2VVhWRlFrRRAB,ChIJbRoXUXDjbi4RsxEAn3ydOL8,Bubur Moh Toha,cirebon,Kuliner,4,"Baru pertama kali coba bubur ayam legendaris di jln moh toha, buburnya soft dan lembut dgn topping ayam yg nikmat, cocok utk yg buat yg mau makan comfort food",2026-04-03T02:03:52.041Z,meteora asfar,110221018469873355148,True,0,id,2026-05-05T05:38:10.594610
Ci9DQUlRQUNvZENodHljRjlvT25KTFJGWk5TemRHVW5CVVZuaFVZM3BTYm1kT09VRRAB,ChIJbRoXUXDjbi4RsxEAn3ydOL8,Bubur Moh Toha,cirebon,Kuliner,5,"Tipe bubur ayam tanpa kuah, gurih, enak. Bubur kacang hijau ketan hitam nya kuahnyankental, manisnya pas, kematangan kacangnya pas. Top tier 👌🏻👌🏻",2026-04-02T16:06:42.780Z,Nia Zanatunnisa,102655328187316985329,True,0,id,2026-05-05T05:38:10.594633
ChZDSUhNMG9nS0VJQ0FnSURBN18zemRREAE,ChIJnedZon3ibi4RgUZikNq8Sd4,Sate Kalong (Kerbau) Bpk. Karyadi,cirebon,Kuliner,3,"Feb26
Harga 32k isi 20 tusuk
Lontong 3k
Dikasi teh tawar anget free

Ags23
Harga 32k isi 20 tusuk

Tipis2 banget 😢",2026-02-17T11:27:00.545Z,Budi Tanuwijaya,109185283172104926658,True,0,id,2026-05-05T05:38:10.594678
Ci9DQUlRQUNvZENodHljRjlvT2xCc1IxQkpjemc0Tm5CUWJsaDJaSFF0U1hGS1ozYxAB,ChIJnedZon3ibi4RgUZikNq8Sd4,Sate Kalong (Kerbau) Bpk. Karyadi,cirebon,Kuliner,5,"Cemilan sore: sate kalong campur.
Dagingnya tipis. Sate Daging kerbau legendaris di cirebon.
Harganya relatif ⬆️ 🤔
Sekedar cobain saja 😆
Yukkk mampir cobain 😁",2026-01-19T11:19:21.745Z,Airborne -,108738763857815924002,True,0,id,2026-05-05T05:38:10.594693
Ci9DQUlRQUNvZENodHljRjlvT2xFdGNtdFFRbXBxVUdOd2VHNVRXbVpaTUdSalduYxAB,ChIJnedZon3ibi4RgUZikNq8Sd4,Sate Kalong (Kerbau) Bpk. Karyadi,cirebon,Kuliner,4,"Buat yg suka sate daging kerbau, disini tempatnya, bikin ngiler dah pokoknya. Buka jam 5 sore, tp seringnya udh abis sblm jam 9an. Review ini dibuat pas lapaknya br buka jam stgh 5 sore, jd blm keliatan rame, aslinya banyak udh pesen dl sblmnya....",2026-01-17T09:42:25.263Z,Tubagus Kris Aditya,110621854707353131214,True,0,id,2026-05-05T05:38:10.594702
Ci9DQUlRQUNvZENodHljRjlvT25WSGFUTndha0pYV2prd2VtazVUalF6UXpoWVdHYxAB,ChIJnedZon3ibi4RgUZikNq8Sd4,Sate Kalong (Kerbau) Bpk. Karyadi,cirebon,Kuliner,5,Rasa penuh kenangan....... Terpuaskan pokoknya,2025-12-15T03:56:19.612Z,Cipta Suryana,116589185193637281826,True,0,id,2026-05-05T05:38:10.594731
Ci9DQUlRQUNvZENodHljRjlvT2w5TmIzVTNSREJrWTNaS1dsUXpaV2h1VUdWTVEzYxAB,ChIJnedZon3ibi4RgUZikNq8Sd4,Sate Kalong (Kerbau) Bpk. Karyadi,cirebon,Kuliner,5,"salah satu sate khas cirebon yang tidak dapat ditemukan di tempat lain, dari rasa, tekstur, sate dari bahan baku daging kerbau,
Pelayanan mantap, sempat kehabisan pas datang, tapi mas nya pagi - pagi bisa antar ke hotel dan sudah siap santap.",2025-08-26T07:49:08.144Z,abot firmansyah,115551481025905278757,True,0,id,2026-05-05T05:38:10.594768
Ci9DQUlRQUNvZENodHljRjlvT25ObE1rZHFjV2Q2ZVhGc1pWVm5UMlIxTjB0R1dXYxAB,ChIJnedZon3ibi4RgUZikNq8Sd4,Sate Kalong (Kerbau) Bpk. Karyadi,cirebon,Kuliner,5,"Sate kalong
daging kerbau 👌🏽",2025-07-25T14:31:41.108Z,Wanda Eko,113330150985890785044,True,0,id,2026-05-05T05:38:10.594791
ChdDSUhNMG9nS0VQbXlsN3JjdWRHZ2dnRRAB,ChIJnedZon3ibi4RgUZikNq8Sd4,Sate Kalong (Kerbau) Bpk. Karyadi,cirebon,Kuliner,5,"Sate yang terbuat dari daging Kerbau, rasanya manis seperti dengdeng.
Bagi yang tidak suka manis, ada pilihan Sate Kikil. Dilengkapi dengan bumbu kacang dengan rasa yang khas. Harga perporsi adalah 32.000",2025-05-20T13:08:31.479Z,My Journey,118173016008693793139,True,0,id,2026-05-05T05:38:10.594806
ChZDSUhNMG9nS0VKdi00Y0Nnc1BPRk9BEAE,ChIJnedZon3ibi4RgUZikNq8Sd4,Sate Kalong (Kerbau) Bpk. Karyadi,cirebon,Kuliner,5,Enak dan empuk. Kuliner jarang yg ada di daerah laen....rekomen buat wisata kuliner dafing sate kerbau.,2025-05-13T13:19:05.347Z,Irwin Gaylor,100482808673019731420,True,0,id,2026-05-05T05:38:10.594814
ChdDSUhNMG9nS0VJQ0FnTUNna0xfNzFBRRAB,ChIJ40DaUm7ibi4RicJuKai9QKc,Bubur Sop Ayam M. Kapi,cirebon,Kuliner,5,To order: bubur sop ayam,2025-02-13T11:51:42.646Z,arir,104730750377948376517,True,0,id,2026-05-05T05:38:10.594844
ChZDSUhNMG9nS0VJQ0FnSURfeGViWE9REAE,ChIJ40DaUm7ibi4RicJuKai9QKc,Bubur Sop Ayam M. Kapi,cirebon,Kuliner,4,Coba makanan khas Cirebon. Enak disantap pas kehujanan.... mantab..,2025-01-25T16:45:18.464Z,Upik,103945033368921207991,True,0,id,2026-05-05T05:38:10.594860
ChZDSUhNMG9nS0VJQ0FnSURfaGJMelB3EAE,ChIJ40DaUm7ibi4RicJuKai9QKc,Bubur Sop Ayam M. Kapi,cirebon,Kuliner,5,"Kuliner Legend only di Cirebon yg ada
Kuah sop + tauco bikin mantap dan unik rasanya",2025-01-25T15:13:08.805Z,Fang Fang,105446491612727411572,True,0,id,2026-05-05T05:38:10.594868
ChdDSUhNMG9nS0VJQ0FnSURmdjVhOV9BRRAB,ChIJ40DaUm7ibi4RicJuKai9QKc,Bubur Sop Ayam M. Kapi,cirebon,Kuliner,5,"From what I heard, it is love it or hate it. For me I can enjoy the dish but I understand for those who can’t. The tauco taste is quite decent so you might savour it or get bored in the middle. Aside from the legendary bubur sop ayam you’ll also find nasi lengko, sate kambing, and others. I’d suggest you to try the sate kambing, it is tender and odorless.",2025-01-11T13:21:17.160Z,Galih D. Putranto,104147521191010872887,True,0,en,2026-05-05T05:38:10.594877
ChdDSUhNMG9nS0VJQ0FnSUNmXzUzaW5RRRAB,ChIJ40DaUm7ibi4RicJuKai9QKc,Bubur Sop Ayam M. Kapi,cirebon,Kuliner,5,Bubur sop ayamnya enak,2025-01-03T06:00:35.972Z,rheksa hadiningrat,113569189823950972481,True,0,id,2026-05-05T05:38:10.594885
ChZDSUhNMG9nS0VJQ0FnSUNmd0xfNWRBEAE,ChIJ40DaUm7ibi4RicJuKai9QKc,Bubur Sop Ayam M. Kapi,cirebon,Kuliner,4,"First time trying sop bubur, it was a bit odd since the taste of the soup mixed with porridge. However the food tasted good in the end and the service was great",2024-12-25T23:20:31.336Z,Reza Zulkarnaen,112910223673287354342,True,0,en,2026-05-05T05:38:10.594902
ChdDSUhNMG9nS0VJQ0FnSUQtc3UzdV93RRAB,ChIJ40DaUm7ibi4RicJuKai9QKc,Bubur Sop Ayam M. Kapi,cirebon,Kuliner,4,"Beberapa pilihan yg enak.. Sate ayam, kambing, bubur, lengko",2024-12-19T12:30:22.482Z,ario hito,114519897913632553996,True,0,id,2026-05-05T05:38:10.594910
Ci9DQUlRQUNvZENodHljRjlvT21aMU5HRXphMEpPYkVaUk1qRmtZbXR3ZEZnelFuYxAB,ChIJzXr9QWXhbi4ReEjxGakzhWM,Empal asem amarta,cirebon,Kuliner,5,"Dr malang otw bdg sengaja turun di Cirebon buat makan empal gentong nya Amarta, LG laper nikmat + sate kambing, semoga dipertahankan rasa dan porsi nya.",2026-01-07T14:22:26.999Z,Henri Kantjana75,108764966045435948391,False,0,id,2026-05-05T05:38:10.594919
Ci9DQUlRQUNvZENodHljRjlvT2pWNVJUbGlka3hJUzNKRlQwbGZUSGQ2VVcxU1JVRRAB,ChIJzXr9QWXhbi4ReEjxGakzhWM,Empal asem amarta,cirebon,Kuliner,4,"Toilet hrs naik keatas & rumit
Parkir mobil agak susah",2025-10-27T03:03:36.137Z,A.J. Nugrahanto,112477491128680567612,True,0,id,2026-05-05T05:38:10.594928
ChZDSUhNMG9nS0VJQ0FnSURfLTdLQ1R3EAE,ChIJzXr9QWXhbi4ReEjxGakzhWM,Empal asem amarta,cirebon,Kuliner,5,"Selalu mampir ke empal gentong amarta tiap ke cirebon tuuuh. Rasanya enak, pelayanannya sat set, mantep 👍",2025-01-27T13:38:14.067Z,rizka dwi mulyani,102354171825656787321,True,0,id,2026-05-05T05:38:10.594944
ChdDSUhNMG9nS0VJQ0FnSUNqbHNhdHZRRRAB,ChIJzXr9QWXhbi4ReEjxGakzhWM,Empal asem amarta,cirebon,Kuliner,5,"Empal asem nya enak dan gurih ,tambah sate kambing",2024-04-21T05:10:42.262Z,muhamad heri,116910919557753125890,True,0,id,2026-05-05T05:38:10.594960
Ci9DQUlRQUNvZENodHljRjlvT2pOT05HZHVUbWxqVlhVMFRVVllVbXRMV2tGQ2JFRRAB,ChIJbRoXUXDjbi4RsxEAn3ydOL8,Bubur Moh Toha,cirebon,Kuliner,5,"Nemu ini karna rekomendasi di threads, katanya sih 24jam, aku makan jam 10malam masih rame.
Untuk bubur rasanya unik, biasanya kan lobak asin yaa. Tapi disini tuh wortel cincang, awalnya ngga tau itu apa, aku kira ayam tapi kok orange, pas dirasain kok manis, ternyata wortel haha.
Aku ngga tau seharusnya ada kuah apa engga, tapi aku langsung makan yang dihidangkan, jadi rasanya menurut ku plain. Padahal itu udah tambah sambal, akhirnya aku kasih merica.
Untuk bubur kacang hijau menurutku terlalu manis, tapi karna takaran dia mangkuk kecil jadi oke ajaa.
Murah meriaah, jadi yaa jangan berekspektasi terlalu tinggi.
Minusnya sih dari penunjung aja, yaa namanya warkop yaa, bapak2nya sembarangan banget ngerokok disitu, padahal masih ada anak kecil. Jadi aku ngga lama2, begitu selesai langsung keluar. 15menit cukup.",2026-03-26T16:04:03.335Z,putu ayu sekar intan,101562877610523100050,True,0,id,2026-05-05T05:38:10.594981
Ci9DQUlRQUNvZENodHljRjlvT2sxeU1uWlRWblZEUjNsc1gxOUZTREJtUmt4aE5rRRAB,ChIJbRoXUXDjbi4RsxEAn3ydOL8,Bubur Moh Toha,cirebon,Kuliner,5,"Warungnya untuk ukuran warmindo sudah lebih besar dari warmindo lainnya tapi karena pembelinya banyak jadinya super penuh. Rasa bubur ayamnya enak, sesuai selera saya. Bubur kacang ijonya enak. Pelayanan memang cepat. Tapi tidak ada tempat duduk ya sama saja bohong. Harga masih wajar.",2026-02-27T04:27:07.855Z,Putu Mayang,105835829043633382578,True,0,id,2026-05-05T05:38:10.595025
Ci9DQUlRQUNvZENodHljRjlvT21GWFV6VmlVMm8wUVUxU2RVaE5aRk42U25OMVZrRRAB,ChIJbRoXUXDjbi4RsxEAn3ydOL8,Bubur Moh Toha,cirebon,Kuliner,5,"Enak, dan harga merakyat.",2026-02-13T05:20:38.745Z,Edi Fahrudin,114089727895053794821,True,0,id,2026-05-05T05:38:10.595049
Ci9DQUlRQUNvZENodHljRjlvT2paTVFsODRZMFF6V1VaNmFtdFBZblZZWW1rd1dYYxAB,ChIJbRoXUXDjbi4RsxEAn3ydOL8,Bubur Moh Toha,cirebon,Kuliner,5,"Makanan favorite
Harga terjangkau enak pokok nya",2026-02-11T02:22:47.325Z,Sakrib Zakry,111154398232533076668,False,0,id,2026-05-05T05:38:10.595060
ChZDSUhNMG9nS0VJQ0FnSURTbnZtSlV3EAE,ChIJbRoXUXDjbi4RsxEAn3ydOL8,Bubur Moh Toha,cirebon,Kuliner,4,Bubur Ayam versi kering paling enak di kota Cirebon. Legendaris bangeeet ini mah.,2026-01-31T10:34:20.325Z,My Journey,118173016008693793139,True,0,id,2026-05-05T05:38:10.595091
Ci9DQUlRQUNvZENodHljRjlvT25WaVNYQmpjVzl6YWs5eWEzcHNWREpQVmxoTFEwRRAB,ChIJbRoXUXDjbi4RsxEAn3ydOL8,Bubur Moh Toha,cirebon,Kuliner,5,Saya mampir untuk makan bubur ayam di sini atas promosi teman saya yang memang tinggal di Cirebon.,2026-01-30T14:16:41.486Z,maria goretti,108489409861082558182,True,0,id,2026-05-05T05:38:10.595106
Ci9DQUlRQUNvZENodHljRjlvT21WeFJrWlpabkpVYVhGd1dIcE9Xazg0ZVc5a2JWRRAB,ChIJbRoXUXDjbi4RsxEAn3ydOL8,Bubur Moh Toha,cirebon,Kuliner,5,"Bintang lima untuk Bubur Moh Toha
Enak, lembut bubur ayamnya
Bubur Kacang Hijaunya pas rasanya",2026-01-30T12:57:13.061Z,Afri Prasetyo,101547259082928971881,True,0,id,2026-05-05T05:38:10.595116
Ci9DQUlRQUNvZENodHljRjlvT213NE1tMUtVa0ZsY201d01FaFpNV2RET0hWc2IyYxAB,ChIJbRoXUXDjbi4RsxEAn3ydOL8,Bubur Moh Toha,cirebon,Kuliner,5,"worth it....
sayang tempat nya minim... jdi harus bergantian cepat2",2026-01-18T12:29:36.075Z,Adi,106239520889736442283,True,0,id,2026-05-05T05:38:10.595149
Ci9DQUlRQUNvZENodHljRjlvT210c1JFMDROVUpoYlZKb1UybFFTM1p0YlRKbmNtYxAB,ChIJbRoXUXDjbi4RsxEAn3ydOL8,Bubur Moh Toha,cirebon,Kuliner,5,"Bubur ayamnya gurih
Bubur kacang ijonya enak banget
Sayang tempatnya kecil",2026-01-17T03:00:26.454Z,Pandu Sandito,107807530083714024457,True,0,id,2026-05-05T05:38:10.595158
Ci9DQUlRQUNvZENodHljRjlvT2t4c1JFSk9XbGxqU0V4SmFXSnVlVWRVTWxWTlIwRRAB,ChIJbRoXUXDjbi4RsxEAn3ydOL8,Bubur Moh Toha,cirebon,Kuliner,5,"Makanannya cocok
Tempatnya bersih
Harga bersahabat
Lokasi strategis,untuk parkiran motor tersedia
Parkiran mobil tidak tersedia,tapi ada petugas parkir yang bantu mencarikan
Pelayanan cepat dan ramah",2026-01-17T02:01:48.186Z,Muh Fikri,115139601609203854894,True,0,id,2026-05-05T05:38:10.595167
Ci9DQUlRQUNvZENodHljRjlvT205M2QwZGZTMUUxYW1sbFlWSkRTRVZSUjIxa2JsRRAB,ChIJbRoXUXDjbi4RsxEAn3ydOL8,Bubur Moh Toha,cirebon,Kuliner,2,"15 tahun lalu pernah ke sini sewaktu tugas kerja,yang maha kuasa memberikan saya pengelihatan lebih dan saya melihat dan saya tau yang punya siapah,dan cukup 1 x makan dan itu pun saya gak habis kan,yang ber pikir pakai akal jernih pasti paham.",2026-01-14T23:53:19.705Z,Sutiarsa Endang,103302379130124696835,True,0,id,2026-05-05T05:38:10.595175
Ci9DQUlRQUNvZENodHljRjlvT21rMVUwbE1RemRUWjNkcmNuRlhablYwTmt4dFgxRRAB,ChIJbRoXUXDjbi4RsxEAn3ydOL8,Bubur Moh Toha,cirebon,Kuliner,4,"Bubur terkenal di kawasan kuliner Cirebon. Pernah sekali beli di sini karena katanya bubur enak. Tempatnya tidak terlalu luas.

Buburnya biasa aja rasanya. Bumbu nya relatif sedikit.",2026-01-12T03:52:53.958Z,Meira,101052439097993910568,True,0,id,2026-05-05T05:38:10.595183
Ci9DQUlRQUNvZENodHljRjlvT25GeWREUTVZVFkwTjFvd1ZVeElVRnBsVGtseE9HYxAB,ChIJbRoXUXDjbi4RsxEAn3ydOL8,Bubur Moh Toha,cirebon,Kuliner,5,"Kalo pulang ke Cirebon wajib mampir ke bubur M toha, bubur ayam sama bubur kacangnya, juara 👍",2026-01-07T02:23:22.371Z,irvan rusmawan,107249085606601547265,False,0,id,2026-05-05T05:38:10.595219
Ci9DQUlRQUNvZENodHljRjlvT21aNU1HZElhVmczUTA5c01FdFdhVk13TTBzeVdsRRAB,ChIJJRB7Xowdby4Ryv9G48G28Ro,Urban Chicken Sudarsono,cirebon,Kuliner,4,Makanannya enak enak dan sambelnya mantap.,2025-08-28T10:00:41.650Z,Tri Pambudhi Saptana,108112214651474469270,True,0,id,2026-05-05T05:38:10.595229
Ci9DQUlRQUNvZENodHljRjlvT2xkVFJqQjFTVmhLTW1OeU5taFNSV0ZuZVhKV1JIYxAB,ChIJJRB7Xowdby4Ryv9G48G28Ro,Urban Chicken Sudarsono,cirebon,Kuliner,5,"makanannya enak, tempatnya nyaman dan pelayanannya juga baik bangett",2025-08-26T07:02:28.938Z,Kezia oliv,111512933562409069897,False,0,id,2026-05-05T05:38:10.595241
Ci9DQUlRQUNvZENodHljRjlvT21wMVpqSlNia1E1ZDA5YWIyeG5ZemhyY25NMVpuYxAB,ChIJJRB7Xowdby4Ryv9G48G28Ro,Urban Chicken Sudarsono,cirebon,Kuliner,5,"makanannya enak , pelayanan nya oke banget wajib kesini",2025-08-26T07:01:34.371Z,Kennise Yael,116915875549452822515,False,0,id,2026-05-05T05:38:10.595250
Ci9DQUlRQUNvZENodHljRjlvT21KUmNHWnRibXh6YVVFM2NrZDJWRFpoZVRGQmVuYxAB,ChIJJRB7Xowdby4Ryv9G48G28Ro,Urban Chicken Sudarsono,cirebon,Kuliner,5,"Makanan nya enak , tempat nya nyaman ,, 👍🏻👍🏻",2025-08-26T07:01:04.100Z,Gracia Ellen Aurelia,116700867600828661870,False,0,id,2026-05-05T05:38:10.595259
Ci9DQUlRQUNvZENodHljRjlvT2tScWFsSlNNMkpYWkRVek0xUkJObmxsYTFWUGFuYxAB,ChIJJRB7Xowdby4Ryv9G48G28Ro,Urban Chicken Sudarsono,cirebon,Kuliner,5,makanan nya enak tempat nya nyaman,2025-08-26T06:59:19.303Z,Kei Hisao,111450375844692632856,False,0,id,2026-05-05T05:38:10.595267
Ci9DQUlRQUNvZENodHljRjlvT21acGJXTTJhMUpqTUhwWE5GZzRhR2R6T1ZBNU9VRRAB,ChIJJRB7Xowdby4Ryv9G48G28Ro,Urban Chicken Sudarsono,cirebon,Kuliner,5,"perkedel jagung wauh mantap banget memang tidak ada duanya
-pa endra😌",2025-08-01T08:57:34.523Z,MUHAMAD ALIF FIRMANSYAH,107247561974202674831,False,0,id,2026-05-05T05:38:10.595290
ChZDSUhNMG9nS0VOdjY0NDd3NzVLaEtBEAE,ChIJJRB7Xowdby4Ryv9G48G28Ro,Urban Chicken Sudarsono,cirebon,Kuliner,5,"Tempat favorit buat makan siang ,ayam guling nya enak banget empuk juga dagingnya ,harganya juga ramah di kantong ,pelayanan nya juga bagus ,pokonya ini tempat favorite kalo ke cirebon 💕💫",2025-06-15T04:54:02.944Z,Aldi Rizanto,101536823979058594650,False,0,id,2026-05-05T05:38:10.595313
ChdDSUhNMG9nS0VKakdvN2JyNXRqMjd3RRAB,ChIJJRB7Xowdby4Ryv9G48G28Ro,Urban Chicken Sudarsono,cirebon,Kuliner,5,"Good Vibes, Good Food, anak2 doyan makan ayam karna banyak pilihan jenis olahan ayamnya mau diapakan.... 😍😍",2025-06-07T05:14:27.553Z,charelo ferdinand,109947920808814865524,True,0,id,2026-05-05T05:38:10.595328
ChdDSUhNMG9nS0VJelZqLXpEOTdUSTd3RRAB,ChIJJRB7Xowdby4Ryv9G48G28Ro,Urban Chicken Sudarsono,cirebon,Kuliner,5,"Makanannya enak dan murah dikantong..
Pelayanannya juga sangat baik
Dapet promo ice cream juga",2025-06-01T10:13:03.734Z,Dewi Noviyanti,118152876025747946723,False,0,id,2026-05-05T05:38:10.595344
ChZDSUhNMG9nS0VPZVozNGFLM29mNWJ3EAE,ChIJJRB7Xowdby4Ryv9G48G28Ro,Urban Chicken Sudarsono,cirebon,Kuliner,5,"Makanannya enak dan pelayanannya cepat...
Rasa masih tetep sama enak dari dlu.. mantapp",2025-06-01T10:09:31.321Z,heppy nasrullah,116233478543176229489,False,0,id,2026-05-05T05:38:10.595355
ChZDSUhNMG9nS0VMRDd0cjNDOE55UUtREAE,ChIJJRB7Xowdby4Ryv9G48G28Ro,Urban Chicken Sudarsono,cirebon,Kuliner,5,Tempat makan terenak di cirebon,2025-06-01T09:48:32.438Z,Rafkazihnisyahreza,115436120982864832186,False,0,id,2026-05-05T05:38:10.595371
ChdDSUhNMG9nS0VJQ0FnSUNscTlySHNBRRAB,ChIJ91z0EmTibi4R_QiFh18YJDI,H. Moel Seafood Pusat Cirebon,cirebon,Kuliner,5,Udang maunya nomor 1,2026-03-22T13:26:54.637Z,Mochamad Rony,116551865834644723424,True,0,id,2026-05-05T05:38:10.595409
Ci9DQUlRQUNvZENodHljRjlvT2xsdlFWTk1Ta2RCUjFkVVZWUTVVM1JGVmxKMVYxRRAB,ChIJ91z0EmTibi4R_QiFh18YJDI,H. Moel Seafood Pusat Cirebon,cirebon,Kuliner,5,"Pernah makan di sini sama temen2 kerja yg lagi kunjungan ke toko yg ada di cirebon, rasanya mantap, seafood nya fresh harga masih oke lah buat sekelas restauran.. Rekomendasi bgt pokonya kalo yg lagi maen cirebon pengen makan seafood ke sini aja",2026-02-21T14:15:56.421Z,Ella Purwana,109551162353932646166,False,0,id,2026-05-05T05:38:10.595425
Ci9DQUlRQUNvZENodHljRjlvT2sxS2JFdFRWa2N6YzJNdFdVcFlWamx3UVZOeFVFRRAB,ChIJ91z0EmTibi4R_QiFh18YJDI,H. Moel Seafood Pusat Cirebon,cirebon,Kuliner,5,Udang Delbis enak sekali,2026-02-08T11:51:31.977Z,Ami Dianingsih,117928536854878042545,False,0,id,2026-05-05T05:38:10.595434
Ci9DQUlRQUNvZENodHljRjlvT21oQlozRXlOaTFwVUdodmRYRmZWamhvZVc5emVrRRAB,ChIJ91z0EmTibi4R_QiFh18YJDI,H. Moel Seafood Pusat Cirebon,cirebon,Kuliner,5,Seafood mode Javanese,2026-01-31T15:33:53.733Z,Jatu W Wicaksono,109583641806701579729,True,0,en,2026-05-05T05:38:10.595456
Ci9DQUlRQUNvZENodHljRjlvT2pSNE4xa3hSVGQyYUZKb2JYUTVWMHB0TTNoTVZXYxAB,ChIJ91z0EmTibi4R_QiFh18YJDI,H. Moel Seafood Pusat Cirebon,cirebon,Kuliner,5,Menu masakan seafood yang sangat kaya rasa dan terasa nikmat. Tempat yang sangat direkomendasikan bagi penggemar seafood dan kumpul keluarga,2026-01-31T13:14:46.873Z,Palguno Gijono,114002754439408010907,False,0,id,2026-05-05T05:38:10.595464
Ci9DQUlRQUNvZENodHljRjlvT2tkVFkzWlJhMFozUWtST0xYRlZUVlV6TFZkeGFIYxAB,ChIJ91z0EmTibi4R_QiFh18YJDI,H. Moel Seafood Pusat Cirebon,cirebon,Kuliner,5,Kumpulan 1 keluarga makan bareng,2026-01-23T09:22:08.671Z,AKUN PMILIK,100009412425738517944,True,0,id,2026-05-05T05:38:10.595473
Ci9DQUlRQUNvZENodHljRjlvT2tod09FOHlPWGM1UWtsdE9Ha3RRalZtUkRKV2NsRRAB,ChIJ91z0EmTibi4R_QiFh18YJDI,H. Moel Seafood Pusat Cirebon,cirebon,Kuliner,5,Enak enak enak enak enak semua bintang 5 ⭐⭐⭐⭐⭐ recommended ⭐⭐⭐⭐⭐,2026-01-19T05:19:43.544Z,Nuna,107029448586619789738,False,0,id,2026-05-05T05:38:10.595481
Ci9DQUlRQUNvZENodHljRjlvT25CaWNHbEZkVE5yWlUxbU1ERjJhV05tY21OSGNGRRAB,ChIJ91z0EmTibi4R_QiFh18YJDI,H. Moel Seafood Pusat Cirebon,cirebon,Kuliner,5,Enak enak enak enak bintang 5 ⭐⭐⭐⭐⭐,2026-01-19T05:18:16.016Z,Euis Tanti,113792366326232487288,False,0,id,2026-05-05T05:38:10.595491
Ci9DQUlRQUNvZENodHljRjlvT25VNU0xaE5PR1JZTUZOc2JIZHdUVWgxY204MlprRRAB,ChIJ91z0EmTibi4R_QiFh18YJDI,H. Moel Seafood Pusat Cirebon,cirebon,Kuliner,5,"Makanan enak, service karena sepertinya sudah banyak saingan jadi karyawan tidak standby  . Tamu kadang rame kadang sepi",2026-01-18T08:25:49.303Z,janto prawira,109582079089910905537,True,0,id,2026-05-05T05:38:10.595500
Ci9DQUlRQUNvZENodHljRjlvT2tReloxaGxSMHh5Ym5OWVlWRlhSREl0VldoU1YzYxAB,ChIJ91z0EmTibi4R_QiFh18YJDI,H. Moel Seafood Pusat Cirebon,cirebon,Kuliner,2,"Makanan nya tdk seenak dulu, ikan, udang dan kerang yg saya pesan tdk segar, sdh bau. Saya pesan kerang rebus,  saos cocolan nya tdk komplit bumbu nya (tdk ada Saos kacang. Cuam benderang nanas dan saos tomat). Udang nya sdh bau. Ikan nya juga tdk segar. Kecewa bgt. Saya sdh sering makan di resto H model yg cab lain. Cabang yg di kabari Selatan tdk seenak cab lain",2026-01-16T07:16:53.013Z,Ikhas Makeup,106497338613903904389,False,0,id,2026-05-05T05:38:10.595508
Ci9DQUlRQUNvZENodHljRjlvT25kWWJ6YzBVSGt6VUU1WFpWOTVhRlpvVVVGYWNGRRAB,ChIJ91z0EmTibi4R_QiFh18YJDI,H. Moel Seafood Pusat Cirebon,cirebon,Kuliner,4,"Kesini karena keingat kenangan masa kecil. Sampai lokasi sekitar 21.30 malam, cukup kaget dan bingung karena pengujung hanya kami sekeluarga. Hehe
Makanan cepat datang, dan rasanya enak untuk semua makanan yang kami pesan.
Terutama kerang dara rebus favorit dari jaman kecil.",2026-01-13T09:23:30.552Z,damayanti,105018699270207334932,True,0,id,2026-05-05T05:38:10.595517
Ci9DQUlRQUNvZENodHljRjlvT25wTVdtd3hNbEkzYVc5eFdtbGxjRE53TnpkZmIzYxAB,ChIJ91z0EmTibi4R_QiFh18YJDI,H. Moel Seafood Pusat Cirebon,cirebon,Kuliner,5,Makanan nya enak sekali,2026-01-10T06:31:31.005Z,Deni Iskandar,110185332623778778716,False,0,id,2026-05-05T05:38:10.595525
Ci9DQUlRQUNvZENodHljRjlvT21Wd2MzWm5WV1JqV0daVVQwbERUazVVWTNrNFkwRRAB,ChIJ91z0EmTibi4R_QiFh18YJDI,H. Moel Seafood Pusat Cirebon,cirebon,Kuliner,5,"Makan seafood legend di cirebon.

Mereka bisa custom makanan sesuai request. Misal tofu goreng tepung telur asin... enakkk..

Nyoba juga seafood platter yg ga ada di menu..",2026-01-04T14:48:13.444Z,Insan Kamil,108521837410185416672,True,0,id,2026-05-05T05:38:10.595540
Ci9DQUlRQUNvZENodHljRjlvT25sdFpXZFJSVXc0ZGxWaldGOTJSMjl2VW00eFVVRRAB,ChIJ91z0EmTibi4R_QiFh18YJDI,H. Moel Seafood Pusat Cirebon,cirebon,Kuliner,2,Seafood kurang segar.,2026-01-03T03:59:24.932Z,Qory Nur Agnes,105995423798269025375,False,0,ms,2026-05-05T05:38:10.595548
Ci9DQUlRQUNvZENodHljRjlvT2xVM2IyUXpVWFpWVVdoMmVsbFJXRUY1VEVwQlVrRRAB,ChIJ91z0EmTibi4R_QiFh18YJDI,H. Moel Seafood Pusat Cirebon,cirebon,Kuliner,5,"First impression
Over all enak
Hanya kurang pedas😁",2026-01-01T11:59:27.177Z,Ihut Delima Simorangkir,102483285629966885023,False,0,id,2026-05-05T05:38:10.595556
Ci9DQUlRQUNvZENodHljRjlvT21aS1YxcDZUMnhDYzJ0T2FGWktUMjU1TjA1UlpWRRAB,ChIJ91z0EmTibi4R_QiFh18YJDI,H. Moel Seafood Pusat Cirebon,cirebon,Kuliner,5,"Selalu enak, tp disini lebih enak dibanding cabang yg satu lagi",2025-12-28T06:04:45.067Z,Yudi Yanuar,111173890158899194460,True,0,id,2026-05-05T05:38:10.595579
Ci9DQUlRQUNvZENodHljRjlvT25WVFh6UmhjbVJ3WjFCTldrSndjMlJ2YzFORmVXYxAB,ChIJ91z0EmTibi4R_QiFh18YJDI,H. Moel Seafood Pusat Cirebon,cirebon,Kuliner,1,"Harganya mahal, rasanya biasa aja.
Pilihan paket ga lengkap. Yang hamparan ga ada.",2025-12-07T07:00:50.426Z,Dedy Prastyo,110033484208173924017,True,0,id,2026-05-05T05:38:10.595594
Ci9DQUlRQUNvZENodHljRjlvT21kNUxVNHpVMVF3TUY4ME0yRm5PUzFWY0ZKVk1GRRAB,ChIJ91z0EmTibi4R_QiFh18YJDI,H. Moel Seafood Pusat Cirebon,cirebon,Kuliner,5,"Ya Allah, sudah lama banget tidak ke sini, terakhir tahun 2005. Dulu setiap tugas ke Cirebon biasanya makan malam di sini kalau nginap di Hotel Asri. Sea Food nya best banget dah dan harganya tidak terlalu mahal. Semoga bisa lagi makan sea food di sini lagi. Aamiin.",2025-12-02T13:05:39.293Z,Adi Abdullah,117498901032274532896,False,0,id,2026-05-05T05:38:10.595619
ChZDSUhNMG9nS0VJQ0FnSUNvcmZpS1FnEAE,ChIJ91z0EmTibi4R_QiFh18YJDI,H. Moel Seafood Pusat Cirebon,cirebon,Kuliner,4,Good food. Good place for groups. Bit pricey.,2025-11-23T07:14:55.605Z,Dityo N,114664813350476575927,True,0,en,2026-05-05T05:38:10.595634
Ci9DQUlRQUNvZENodHljRjlvT2xGT05tY3RhalprVTFZNVFqQnZSVlExYjNwM1FsRRAB,ChIJ91z0EmTibi4R_QiFh18YJDI,H. Moel Seafood Pusat Cirebon,cirebon,Kuliner,5,"Harganya lumayan pricey, tapi rasanya enak. Seafoodnya segar, bumbunya pas, sambelnya enak.",2025-11-22T14:26:46.577Z,Nufa Fit,104752595208644423862,True,0,id,2026-05-05T05:38:10.595643
Ci9DQUlRQUNvZENodHljRjlvT2xCUlgwZG5kMWRGVEdSdVRscGxaRUV6WXpKUlFtYxAB,ChIJ91z0EmTibi4R_QiFh18YJDI,H. Moel Seafood Pusat Cirebon,cirebon,Kuliner,5,"Tempatnya bersih, nyaman. Masakan nya enak2, terutama kerang asam manis👍👍",2025-11-09T07:36:00.736Z,Wiwin Poedji,108843558675832263270,False,0,id,2026-05-05T05:38:10.595659
Ci9DQUlRQUNvZENodHljRjlvT2tvMWRDMDVhQzFwTVRaUFYwSkRRelJQTW1ab2JYYxAB,ChIJ91z0EmTibi4R_QiFh18YJDI,H. Moel Seafood Pusat Cirebon,cirebon,Kuliner,5,"Walaupun tempatnya sederhana tapi pelayanannya bintang 5, rasa seafoodnya jg enak dan harganya tidak overprice.",2025-11-01T02:07:52.401Z,Mevi Wiedha,118370495479395041905,True,0,id,2026-05-05T05:38:10.595675
Ci9DQUlRQUNvZENodHljRjlvT2xodVYwWktkVWg2YW1semNUWk5RMkV4WjIxZlkyYxAB,ChIJ91z0EmTibi4R_QiFh18YJDI,H. Moel Seafood Pusat Cirebon,cirebon,Kuliner,5,"Pas banget suasananya,
Enak buat menikmati kebersamaan..",2025-10-13T02:04:30.796Z,Moel Khadhem,116156114588387685837,True,0,id,2026-05-05T05:38:10.595723
Ci9DQUlRQUNvZENodHljRjlvT2w4MWEydFdlREJRY25WQ1RVWk5USGxLYzB4b05XYxAB,ChIJaZPKkiEeby4RxJnkg7DO-Zk,Pedesan Entog Mas Nana Megu Gede,cirebon,Kuliner,3,Lebih enak menu seafood nya🙏🏻,2026-04-12T01:35:25.306Z,Nabilah Alfionita,100224709188084415690,True,0,id,2026-05-05T05:38:10.595740
Ci9DQUlRQUNvZENodHljRjlvT2pWQk5uZFRWWFZKWDFkTlFqQnFYMnR6ZDBGa1dsRRAB,ChIJaZPKkiEeby4RxJnkg7DO-Zk,Pedesan Entog Mas Nana Megu Gede,cirebon,Kuliner,5,Pedes nya makknyus👍,2026-04-01T23:00:49.630Z,ADE SUMARNA,107664229277964458724,True,0,id,2026-05-05T05:38:10.595748
ChZDSUhNMG9nS0VJQ0FnSUNld29Hb0h3EAE,ChIJaZPKkiEeby4RxJnkg7DO-Zk,Pedesan Entog Mas Nana Megu Gede,cirebon,Kuliner,5,"Pedesan entognya wajib cobaa, enakk banget dan pedas mantab. Menu lain juga enak dan variatif ada empal gentong, ayam penyet, cumi, dll. Cocok untuk kumpul keluarga. Lahan parkir tapi terbatas di pinggir jalan.",2026-03-23T06:51:27.828Z,Richi,116209661474689321584,True,0,id,2026-05-05T05:38:10.595771
Ci9DQUlRQUNvZENodHljRjlvT2pscFVYcHRlSEpXY25relVYSXhVSE5yZFMxak4xRRAB,ChIJaZPKkiEeby4RxJnkg7DO-Zk,Pedesan Entog Mas Nana Megu Gede,cirebon,Kuliner,5,"Legend
Daging nya banyak yg porsi istimewa",2026-03-19T21:34:39.405Z,har tomo,114084236232022370474,True,0,id,2026-05-05T05:38:10.595781
Ci9DQUlRQUNvZENodHljRjlvT2tjNWJGaHJVMEpaY1dWS2FEUkxkV3hGUzFKbVRXYxAB,ChIJaZPKkiEeby4RxJnkg7DO-Zk,Pedesan Entog Mas Nana Megu Gede,cirebon,Kuliner,5,Bisa pesan online dan dalam keadaan bagus (dalam kotak),2026-03-17T17:15:54.701Z,Resty Cahyani,105727855609007545902,True,0,id,2026-05-05T05:38:10.595790
Ci9DQUlRQUNvZENodHljRjlvT25ZelMzTTNXVXd5YWxwWlFYcFhhVzkwUjJkeVZVRRAB,ChIJaZPKkiEeby4RxJnkg7DO-Zk,Pedesan Entog Mas Nana Megu Gede,cirebon,Kuliner,5,Rasa nya ga usah di tanyain lagi TOP MARKOTOP 🔥🔥🔥,2026-01-02T02:00:27.078Z,Very Anggriawan,109668083076545797261,False,0,id,2026-05-05T05:38:10.595847
Ci9DQUlRQUNvZENodHljRjlvT25WNlkwbElXVzUyVUVwaU0zRnVRamhPZDJWTVowRRAB,ChIJaZPKkiEeby4RxJnkg7DO-Zk,Pedesan Entog Mas Nana Megu Gede,cirebon,Kuliner,4,"Rasa makanannya enak, tapi ibu ibu yang ngelayanin yang ngasih makanan agak kurang sopan sayangnya. Makan berdua kaya di foto ini abis 125 ribu",2026-01-01T09:01:26.031Z,Agung Laksana,107397978655798100641,True,0,id,2026-05-05T05:38:10.595855
Ci9DQUlRQUNvZENodHljRjlvT2s5NVUxWnNibTAxVFdwa1ZpMTFYeTB5UjNFNWFHYxAB,ChIJaZPKkiEeby4RxJnkg7DO-Zk,Pedesan Entog Mas Nana Megu Gede,cirebon,Kuliner,5,"Enak, tempat ckup jauh dri kota cirebon. Kesini karna penasaran",2025-12-22T11:16:52.046Z,Mutmainnah Pratiwi,111570949086214033562,True,0,id,2026-05-05T05:38:10.595870
Ci9DQUlRQUNvZENodHljRjlvT21SYVYyUkRWR2xhVWtsTGN6Sm1ja2w2U0dWdGRsRRAB,ChIJaZPKkiEeby4RxJnkg7DO-Zk,Pedesan Entog Mas Nana Megu Gede,cirebon,Kuliner,5,"Enak, cari pedesan entog di Cirebon? Kesini aja.",2025-12-17T02:43:59.266Z,Deka Cahyani,116716401853357904162,True,0,id,2026-05-05T05:38:10.595879
ChZDSUhNMG9nS0VOUFJqYS1vc09IZUpnEAE,ChIJJRB7Xowdby4Ryv9G48G28Ro,Urban Chicken Sudarsono,cirebon,Kuliner,5,"Tempat makan favorit dari jaman dulu, makanannya selalu enak dan sambalnya enak pas pedasnya.",2025-06-01T08:12:22.156Z,Ugi Saputra,115916904753335281662,False,0,id,2026-05-05T05:38:10.595887
ChZDSUhNMG9nS0VMX0FnNkhKdF91R1NnEAE,ChIJJRB7Xowdby4Ryv9G48G28Ro,Urban Chicken Sudarsono,cirebon,Kuliner,5,"Sambalnya enak, es nya segar disantap siang hari.",2025-06-01T07:35:02.063Z,Bowo Wahyu,112876782007955060910,False,0,id,2026-05-05T05:38:10.595895
ChZDSUhNMG9nS0VJN1IyWkhDczZuYVNBEAE,ChIJJRB7Xowdby4Ryv9G48G28Ro,Urban Chicken Sudarsono,cirebon,Kuliner,5,"Tempatnya sangat bersih dan nyaman, makanan nya enak, anak2 makan lahap sampai habis. Terimakasih",2025-06-01T07:32:30.071Z,Fina Frichylya Fatmawati,108488371753307396705,False,0,id,2026-05-05T05:38:10.595904
ChZDSUhNMG9nS0VNbkRqTnE5aWNPcVhREAE,ChIJJRB7Xowdby4Ryv9G48G28Ro,Urban Chicken Sudarsono,cirebon,Kuliner,5,Makanan tetap enak walaupun dengan mode terbaru nya.. Tempat solat nya ada beserta kelengkapan solat sarung dan mukenah,2025-05-29T06:36:59.644Z,Nur Robai_ Maximum Cirebon 1,109683344052213176145,False,0,ms,2026-05-05T05:38:10.595926
ChdDSUhNMG9nS0VKdXFqYVdPN3BIeHBRRRAB,ChIJJRB7Xowdby4Ryv9G48G28Ro,Urban Chicken Sudarsono,cirebon,Kuliner,5,Makanannya maknyosss 👍👍,2025-05-25T07:30:05.735Z,Almira Raysa,112661712314744675670,False,0,id,2026-05-05T05:38:10.595944
ChZDSUhNMG9nS0VKbTJ5OG1BMmNxVEJREAE,ChIJJRB7Xowdby4Ryv9G48G28Ro,Urban Chicken Sudarsono,cirebon,Kuliner,5,"Pernah kesini dari pertama buka, masih worth it untuk menu dan rasa nya harga juga aman dikantong, plus kadang ada promo gratis ice cream juga",2025-05-25T06:04:00.768Z,Irwan Harahap,108700798880232351252,False,0,id,2026-05-05T05:38:10.595953
ChdDSUhNMG9nS0VPM2N0ZVdtdmNHUnV3RRAB,ChIJJRB7Xowdby4Ryv9G48G28Ro,Urban Chicken Sudarsono,cirebon,Kuliner,5,"Udah langganan dari zaman kuliah.. 🤤
Ramaikan yuk..",2025-05-25T06:00:59.383Z,Nuzzulul Risqi,113764893771083225311,False,0,id,2026-05-05T05:38:10.595961
ChZDSUhNMG9nS0VJRHVyTmk4LWJEdEpnEAE,ChIJJRB7Xowdby4Ryv9G48G28Ro,Urban Chicken Sudarsono,cirebon,Kuliner,5,"Makanannya enak harga nya terjangkau, tempatnya luas, nyaman untuk kumpul keluarga, jangan lupa mampir",2025-05-24T11:25:40.438Z,Sri Nurhayati,116985861105452558632,False,0,id,2026-05-05T05:38:10.595969
ChdDSUhNMG9nS0VMbjg1ODMxd0o2bDd3RRAB,ChIJJRB7Xowdby4Ryv9G48G28Ro,Urban Chicken Sudarsono,cirebon,Kuliner,5,Ayam guling dan tongseng nya enak...mantaaaap....,2025-05-24T08:42:04.520Z,Rita Puspita,101554046960315664044,False,0,id,2026-05-05T05:38:10.595977
ChdDSUhNMG9nS0VMSzZ4TnFyemJQcjFnRRAB,ChIJJRB7Xowdby4Ryv9G48G28Ro,Urban Chicken Sudarsono,cirebon,Kuliner,5,"Harganya terjangkau, rasanya enak, pelayanan ramah",2025-05-24T06:23:23.136Z,henny dwi lestari,104271837017409345144,False,0,id,2026-05-05T05:38:10.595986
ChZDSUhNMG9nS0VNQ3Z2UHpHck4taFJ3EAE,ChIJJRB7Xowdby4Ryv9G48G28Ro,Urban Chicken Sudarsono,cirebon,Kuliner,5,Makananya enak dan seda,2025-05-11T10:45:23.355Z,Muhammad Sulhan,100894309529900451067,False,0,id,2026-05-05T05:38:10.595994
ChdDSUhNMG9nS0VPR0pfTG5YOU4zSzZRRRAB,ChIJJRB7Xowdby4Ryv9G48G28Ro,Urban Chicken Sudarsono,cirebon,Kuliner,5,Makanan nya nikmat dan tempat nya nyaman,2025-05-11T08:27:46.642Z,Yoi Boys,116098103918038965651,False,0,id,2026-05-05T05:38:10.596006
ChZDSUhNMG9nS0VLdk84NFRpc2EyTWNREAE,ChIJJRB7Xowdby4Ryv9G48G28Ro,Urban Chicken Sudarsono,cirebon,Kuliner,5,"Makanan nya enak, tempat nya luas, rekomendasi banget buat kumpul² keluarga atau reuni bareng temen karna free wifi tempat nya",2025-05-09T09:45:40.922Z,Zintiya Amelya Mbatu (Tia),103630040234746904848,False,0,id,2026-05-05T05:38:10.596015
ChZDSUhNMG9nS0VPYmttdmZIcVkzWVl3EAE,ChIJJRB7Xowdby4Ryv9G48G28Ro,Urban Chicken Sudarsono,cirebon,Kuliner,5,"Makanannya enak, harga terjangkau, cocok untuk makan bersama keluarga",2025-05-09T07:45:09.131Z,Willy Chilinx,111500119780492426409,False,0,id,2026-05-05T05:38:10.596023
ChdDSUhNMG9nS0VJQ0FnTUNZdHNHQW53RRAB,ChIJJRB7Xowdby4Ryv9G48G28Ro,Urban Chicken Sudarsono,cirebon,Kuliner,5,"tempatnya nyaman, untuk menunya enak, harga terjangkau, tempatnya cocok untuk kumpul bareng temen, keluarga",2025-05-04T06:12:10.550Z,Nahwa Firdausy,108875855631461639445,False,0,id,2026-05-05T05:38:10.596035
ChdDSUhNMG9nS0VJQ0FnTURveF9DZHZnRRAB,ChIJJRB7Xowdby4Ryv9G48G28Ro,Urban Chicken Sudarsono,cirebon,Kuliner,5,"Udah lama nggak makan di urban chiken, ternyata menunya udah berubah hihi sampe bingung..
Tapi untuk rasa yg enggak berubah tetep enak👌😋",2025-04-29T13:07:28.380Z,Diany Agista,109766647912940722606,False,0,id,2026-05-05T05:38:10.596044
ChdDSUhNMG9nS0VJQ0FnTURJeDR6XzBBRRAB,ChIJJRB7Xowdby4Ryv9G48G28Ro,Urban Chicken Sudarsono,cirebon,Kuliner,5,Tempat nya nyaman dan makanan nya lezat,2025-04-13T12:05:50.705Z,uknow Ikoy,114855677809746744349,False,0,id,2026-05-05T05:38:10.596052
Ci9DQUlRQUNvZENodHljRjlvT2xreGNrWk9VbVpuYWw5SVdXdENXV1F6TVRSTFoyYxAB,ChIJvx7x33jibi4RQE5dBqVHzs8,Mie Koclok Mas Edi,cirebon,Kuliner,5,Enak! Rasa gurih. Pake pedes biar makin enak. Kalo laper banget mending 2 porsi aja.,2026-04-19T23:16:22.984Z,Alifa Al-Fath,112780910523449782391,True,0,id,2026-05-05T05:38:10.596061
Ci9DQUlRQUNvZENodHljRjlvT25nMlMySlliR1l5ZEhsMmQybzVjRWQyVFZsTGFVRRAB,ChIJvx7x33jibi4RQE5dBqVHzs8,Mie Koclok Mas Edi,cirebon,Kuliner,1,"Saran..
Kalau begitu standby ditempat jualan, tolong aplikasi merchant nya langsung di buka / di klik, pencet, ini sih begitu ada order masuk ke resto malah dadak dibuat, yang bikin lama begini. Kasihan driver onlinenya yang dapat orderan ke tempat pickup nya lumayan jauh, datang ke resto malah belum dibuatkan.
Malah yang jualannya bilang ada orderan masuk tah?
Kan heran dengernya.. Hadeh..tolong diperbaiki pelayanannya.
Kalau mau bersaing jualan di aplikasi semua harus serba cepat jangan lelet.
Bisa pada kabur semua pelanggan kalau lama pelayanannya.
Notifikasi orderan tuh masuknya ke resto dulu, ada estimasi waktu untuk dibuat makanan, sembari nunggu dapat driver harusnya langsung dibuatkan makanannya.",2026-04-07T16:55:31.146Z,SPEED POWER,109249324367017330222,False,0,id,2026-05-05T05:38:10.596086
Ci9DQUlRQUNvZENodHljRjlvT2tOM09USmpWRTFPUld4T1FXSkNhMjFXWkhjNVQxRRAB,ChIJvx7x33jibi4RQE5dBqVHzs8,Mie Koclok Mas Edi,cirebon,Kuliner,5,"tempat wajib kalo lagi balik ke cirebon.. rasa kuah mie kocloknya enakk, suka rame bgt kalo malem tp tempat duduknya mayan lah ada yg lesehan juga deket ronde..",2026-03-29T10:24:40.321Z,Dzikrina N Azkiya,104730019380790344316,True,0,id,2026-05-05T05:38:10.596094
Ci9DQUlRQUNvZENodHljRjlvT2s1cFNGYzRSbkEzTmxoQmJFZFhXVXhGTVcxaU9VRRAB,ChIJvx7x33jibi4RQE5dBqVHzs8,Mie Koclok Mas Edi,cirebon,Kuliner,5,"Makanan kaki lima yang rekomendasi kalo lagi jalan-jalan ke kota cirebon enak.
Penjualnya amanah, dompet  tertinggal dan diamankan dengan baik hingga kembali dengan aman.",2026-03-24T08:26:18.274Z,Yoedz,113377445498540648875,False,0,id,2026-05-05T05:38:10.596103
Ci9DQUlRQUNvZENodHljRjlvT2xaZldrMU1YM3B3YWtVMFNXSjBTVk5tZHpCVWMxRRAB,ChIJvx7x33jibi4RQE5dBqVHzs8,Mie Koclok Mas Edi,cirebon,Kuliner,5,Makanan enak dan penjualnya ramah dan baik,2026-03-24T03:31:35.951Z,Rihad Rabbani,111823368970853024161,False,0,id,2026-05-05T05:38:10.596111
ChZDSUhNMG9nS0VJQ0FnSUQ2LUwycmFREAE,ChIJvx7x33jibi4RQE5dBqVHzs8,Mie Koclok Mas Edi,cirebon,Kuliner,5,"Mie kocok legend d cirebon.. Cuma sayang kok beli kmrn agak beda ya rasanya, bawang putihnya agak kurang dibanding dulu",2026-03-19T08:34:35.340Z,Moch Deny,111266774479591778830,True,0,id,2026-05-05T05:38:10.596119
Ci9DQUlRQUNvZENodHljRjlvT25oYVJrdDZla2R5U0RSNVdUZ3lSbTQwVTNweVZGRRAB,ChIJvx7x33jibi4RQE5dBqVHzs8,Mie Koclok Mas Edi,cirebon,Kuliner,2,"Walaupun rasa itu selera masing-masing orang tapi, bagi saya ini gak worth it dengan harga 22k dengan rasa yang kurang enak dan kurang autentik, saya bisa mendapatkan rasa yang lebih baik dan harga yang lebih murah di jalan evakuasi. Sangat tidak recommended",2025-11-20T10:58:53.787Z,Faris hafizh Raihan,111578644035345873481,False,0,id,2026-05-05T05:38:10.596163
Ci9DQUlRQUNvZENodHljRjlvT25wdFJtRm1RVWRCVWxoaGQzVXRVMFpTY2xSbldWRRAB,ChIJvx7x33jibi4RQE5dBqVHzs8,Mie Koclok Mas Edi,cirebon,Kuliner,5,"Mie nya enak cocok di lidah saya, rekomenlah, dan mau balik lg klo pas ke cirebon.
Klo suasana namanya di pinggir jalan yaa rame jalanan suara kendaraan.
Pelayanan ramah,
Meja makan ada, lesehan pun ada.
Harga terjangkau per porsinya 20rb, krupuk 5 rb, air mineral 5 rb",2025-11-13T13:27:19.074Z,Eka PriLy,112731859086030899421,True,0,id,2026-05-05T05:38:10.596172
Ci9DQUlRQUNvZENodHljRjlvT21vemMzUlNjbmhtVFZrM1dURjBPSGR4Y1dGR1MyYxAB,ChIJvx7x33jibi4RQE5dBqVHzs8,Mie Koclok Mas Edi,cirebon,Kuliner,5,Mie koclok langganan kalo mudik ke cirebon. Porsinya dikit. Kalo laper banget mending pesen 2 porsi. Hehehe,2025-08-02T05:11:27.211Z,Tete Wardhani,113970920785706069485,True,0,id,2026-05-05T05:38:10.596202
Ci9DQUlRQUNvZENodHljRjlvT25GSFkzcExSM0pMVUdFNVMzWnljVTFxYkVSNlMwRRAB,ChIJvx7x33jibi4RQE5dBqVHzs8,Mie Koclok Mas Edi,cirebon,Kuliner,5,"Street food legend Cirebon.
Bentuk aneh tapi rasa jangan ditanya",2025-07-19T18:28:53.756Z,Steven G,110979816072516240321,True,0,id,2026-05-05T05:38:10.596217
Ci9DQUlRQUNvZENodHljRjlvT25oT1pVRjNiMVJ0ZUZCWWVVTkRWMmxIUzNaWFkyYxAB,ChIJ91z0EmTibi4R_QiFh18YJDI,H. Moel Seafood Pusat Cirebon,cirebon,Kuliner,4,Just nice to try👌,2025-09-28T14:02:52.351Z,Sifa Silviana,103637816124673559864,True,0,en,2026-05-05T05:38:10.596232
Ci9DQUlRQUNvZENodHljRjlvT2xwWmVtRmFhVWhxYlU5S0xUQldOVWhwVFdaU2QyYxAB,ChIJ91z0EmTibi4R_QiFh18YJDI,H. Moel Seafood Pusat Cirebon,cirebon,Kuliner,5,"First time nyobain makan disini..suasana sepi jam2 after lunch..Kepiting saus padangnya bumbunya enak,masih lebih enak disini sih dari pada resto sebelah kata anak2..untuk harga tidak terlalu over price.",2025-09-11T10:59:06.617Z,Agus Setiono,116289534645392589477,True,0,id,2026-05-05T05:38:10.596241
Ci9DQUlRQUNvZENodHljRjlvT25weVVYVlBiMnB3VDBaYVpHTjNjbmQ1UnpGQmJrRRAB,ChIJ91z0EmTibi4R_QiFh18YJDI,H. Moel Seafood Pusat Cirebon,cirebon,Kuliner,5,"Enak bgt udang bakar madu nya, kalo k cirebon jangan sampe engga mampir ya di H. Moel",2025-09-06T13:03:07.740Z,Docter Poendhy Channel,111314792385462013100,False,0,id,2026-05-05T05:38:10.596256
Ci9DQUlRQUNvZENodHljRjlvT2xZNVpIRnphekJxYmxwVlFYQXpRM2xKZVdsa1dYYxAB,ChIJaZPKkiEeby4RxJnkg7DO-Zk,Pedesan Entog Mas Nana Megu Gede,cirebon,Kuliner,4,"Endognya menurut saya kurang empuk,  yang empuk malah sendok nya pada melehoy.
Parkir mobil 5rb, di kasih 2 RB minta lagi  kaya maksa.",2025-12-13T09:55:20.944Z,Soni Surjana (Zank Asoy),102266750775264544407,True,0,id,2026-05-05T05:38:10.596314
Ci9DQUlRQUNvZENodHljRjlvT21kdVpHeExSak5YYmpOSVJuSmhZVkp1Yldkb04wRRAB,ChIJaZPKkiEeby4RxJnkg7DO-Zk,Pedesan Entog Mas Nana Megu Gede,cirebon,Kuliner,5,"Kuahnya enak tp daging entog nya agak sedikit alot,",2025-12-06T09:55:04.950Z,Marjuki mj,108360466129418256617,True,0,id,2026-05-05T05:38:10.596322
Ci9DQUlRQUNvZENodHljRjlvT2poU1kxSXpSM2gzYW5ORVUyMWlTbGxmWVRoMUxYYxAB,ChIJaZPKkiEeby4RxJnkg7DO-Zk,Pedesan Entog Mas Nana Megu Gede,cirebon,Kuliner,5,"ENNAAAAKKKKKK.. Aseli, pedesan entognya enak banget.. Suegherrrr pisan euy.. Kuah ny enak, seger, daging entog ny empuk surempug deh.. Enak banget, dicowel gampang, pas d makan ga ngelawan.. Lembut aj.. Kuah ny sueger banget.
Istri sy pesen entog cabe ijo, typikal yg oseng2 gitu, enak banget, daging jg empug. Mnurut sy Bebek bakarny not rekomended.. Secara Bebek bakarny keras.. Di gigitny ngelawan..",2025-11-23T22:43:15.305Z,Firdaus Ockta F.,108310261148995050943,True,0,id,2026-05-05T05:38:10.596330
ChdDSUhNMG9nS0VJQ0FnSUN5em9yeW1nRRAB,ChIJaZPKkiEeby4RxJnkg7DO-Zk,Pedesan Entog Mas Nana Megu Gede,cirebon,Kuliner,5,Pedesaan terbaik.,2025-11-05T03:20:50.188Z,Wahyudi,110264017468134037346,True,0,id,2026-05-05T05:38:10.596355
Ci9DQUlRQUNvZENodHljRjlvT2xCelVXVnJlRzFFWTJzelEyeEljVzFyT1dKeVIwRRAB,ChIJaZPKkiEeby4RxJnkg7DO-Zk,Pedesan Entog Mas Nana Megu Gede,cirebon,Kuliner,3,Etong bakarnya kurang asli sepertinya digoreng dulu,2025-10-22T02:29:32.837Z,nindya narayana,118309901947916577275,True,0,id,2026-05-05T05:38:10.596370
Ci9DQUlRQUNvZENodHljRjlvT2xGZlQwRkJOVkpvTWxZM1VFNUxOVVJvTjFrNWNXYxAB,ChIJaZPKkiEeby4RxJnkg7DO-Zk,Pedesan Entog Mas Nana Megu Gede,cirebon,Kuliner,1,"Tempat panas,pelayanan lamaa judes2 tidak cekatan
Pelayan semua orgtua,lambattt dan jutek bgt
Mau makan lama,mau bayar aja lama ngga diladenin",2025-10-05T09:32:25.509Z,Sherly Prhtngsh,106088202088727351731,False,0,id,2026-05-05T05:38:10.596407
Ci9DQUlRQUNvZENodHljRjlvT214dWNIVXdVRm8wUWpablp5MVRSbkJNVTFCemNHYxAB,ChIJaZPKkiEeby4RxJnkg7DO-Zk,Pedesan Entog Mas Nana Megu Gede,cirebon,Kuliner,5,Enak enak enak...,2025-09-16T19:17:06.308Z,lukman gembel,109625932595379397213,True,0,id,2026-05-05T05:38:10.596422
Ci9DQUlRQUNvZENodHljRjlvT2tnMVUwNUlUMFJHV25wR1ZWY3hiRk5RT0dwak0wRRAB,ChIJaZPKkiEeby4RxJnkg7DO-Zk,Pedesan Entog Mas Nana Megu Gede,cirebon,Kuliner,5,Pedesan entog mas nana terletak di jalan fatahillah blok kawung cirebon. Sesuai dengan titik google maps. Bisa parkir roda empat dan roda dua di depan rumah makan. Makanan yang dijual beraneka macam. Pedesan entog dan goreng entognya enak banget tidak ada bau prengus dan dagingnya empuk. Pesesan entognya berbeda dengan yang indramayu. Disini pedesannya masih kurang pedas tapi kuahnya seger diberi daun kemangi,2025-09-05T14:31:07.704Z,ronny sp,101554239365999146325,True,0,id,2026-05-05T05:38:10.596430
Ci9DQUlRQUNvZENodHljRjlvT214SVYyaENiVFJwWVZGcVREazNjVVZXVlZaeFRXYxAB,ChIJaZPKkiEeby4RxJnkg7DO-Zk,Pedesan Entog Mas Nana Megu Gede,cirebon,Kuliner,1,Lapar....makan....teteg,2025-08-28T11:31:11.378Z,Carmin Baron,107833656853055009437,False,0,id,2026-05-05T05:38:10.596454
Ci9DQUlRQUNvZENodHljRjlvT2pKeVQyWjRNVTVXUWs5dFVWWlpjVUo0Tlc5U1RVRRAB,ChIJvx7x33jibi4RQE5dBqVHzs8,Mie Koclok Mas Edi,cirebon,Kuliner,5,jam 20an kesini... masih sepi... makanannya seger... beda sama yang lain cenderung lebih asin.... ngga nyangka udah generasi ke-4,2025-06-22T00:48:56.725Z,arief trianto,101249443712637904848,True,0,id,2026-05-05T05:38:10.596483
ChdDSUhNMG9nS0VMNko3Sm5McXBpM293RRAB,ChIJvx7x33jibi4RQE5dBqVHzs8,Mie Koclok Mas Edi,cirebon,Kuliner,4,"Small roadside stall with only 1 long table for 6 people, otherwise must sit on a plastic stool or on the ground. Only sell 1 menu item: mie koclok. Small portions but really good noodles, you must season with white pepper and sambal generously for a better taste. Really cheap too, we only spend around IDR 100K for 4 people.",2025-05-29T15:09:04.131Z,Hans Jonathan,103783867821002085879,True,0,en,2026-05-05T05:38:10.596520
ChZDSUhNMG9nS0VKYVZnNm15M3JfblBREAE,ChIJvx7x33jibi4RQE5dBqVHzs8,Mie Koclok Mas Edi,cirebon,Kuliner,5,"Mie Koclok ini Makanan khas Cirebon, pas mampir ke Cirebon nyempetin makan Mie Koclok mas Edi ini dan Jujur rasanya cocok di Lidah.
ini jadi salah satu Kuliner favorit gw di Cirebon, pastinya bakal balik lagi.

Posisi Mie Koclok ini jualan pakai gerobak, tapi bisa makan di tempat karena disediain tempat duduk nya juga.
overall gw suka banget",2025-05-27T15:55:37.627Z,Marchellin Antonia,114809695131297039051,True,0,id,2026-05-05T05:38:10.596528
ChdDSUhNMG9nS0VPV2Q4YTM5ODQ2Rnh3RRAB,ChIJvx7x33jibi4RQE5dBqVHzs8,Mie Koclok Mas Edi,cirebon,Kuliner,3,"mi koclok mas edi rasanya kurang asli mi koclok cirebon spt di panjunan krn org tua kelahiran cirebon & mi koclok adl makanan fav sy & anak klo ke cirebon..jd yg viral di google/ig/tiktok blm tentu enak, tp kembali ke selera masing2..",2025-05-11T04:49:52.565Z,Ine Heffiyane,111060552311213392611,False,0,id,2026-05-05T05:38:10.596543
ChZDSUhNMG9nS0VJQ0FnTUNvLS1taGJREAE,ChIJvx7x33jibi4RQE5dBqVHzs8,Mie Koclok Mas Edi,cirebon,Kuliner,5,"Seru banget kalau ke cirebon, ngga bakal lewatin menu ini kalau ke cirebon",2025-04-20T09:00:46.011Z,Arie Rusli,116065743586209560054,True,0,id,2026-05-05T05:38:10.596560
ChdDSUhNMG9nS0VJQ0FnTURJaG9XSDF3RRAB,ChIJvx7x33jibi4RQE5dBqVHzs8,Mie Koclok Mas Edi,cirebon,Kuliner,5,"Mie koclok khas Cirebon paling enak dan sangat terkenal di kota Cirebon. Salah satu kuliner Cirebon yang viral. Saat weekend pengunjung harus sabar dan rela antri saking padat nya. Taste sangat enak. Ukuran porsi pas untuk sekali makan.
Harga sangat terjangkau. Lokasi sangat strategis di pusat kuliner kota Cirebon.
Parkiran pinggir jalan lumayan challenging. Recommended",2025-04-09T07:35:26.019Z,Wahyudin Wah,111717579568577330396,True,0,id,2026-05-05T05:38:10.596569
ChZDSUhNMG9nS0VJQ0FnTUNJOGZDQk9REAE,ChIJvx7x33jibi4RQE5dBqVHzs8,Mie Koclok Mas Edi,cirebon,Kuliner,4,Untuk rasa lumayan enak tapi disajikanya kurang panas atau waktu memasak nya kuah nya kurang panas,2025-04-02T22:23:56.925Z,Syae pudin,103429465654902943744,True,0,id,2026-05-05T05:38:10.596592
ChdDSUhNMG9nS0VJQ0FnTUNnME9DWTJBRRAB,ChIJvx7x33jibi4RQE5dBqVHzs8,Mie Koclok Mas Edi,cirebon,Kuliner,5,To order: mie koclok!,2025-02-13T11:53:52.663Z,arir,104730750377948376517,True,0,en,2026-05-05T05:38:10.596601
ChdDSUhNMG9nS0VJQ0FnTURJLTlpN21BRRAB,ChIJJRB7Xowdby4Ryv9G48G28Ro,Urban Chicken Sudarsono,cirebon,Kuliner,5,"Makanan nya enak, harga nya terjangkau, tempat nya nyaman. Best seller nya ayam guling😍",2025-04-13T09:48:14.935Z,Mega Vitaa,100289913091576743739,False,0,id,2026-05-05T05:38:10.596632
ChZDSUhNMG9nS0VJQ0FnTURJMjd6T1V3EAE,ChIJJRB7Xowdby4Ryv9G48G28Ro,Urban Chicken Sudarsono,cirebon,Kuliner,5,"Minuman mantap joss, bikin nagih dan bikin ngiler teruss🤤",2025-04-13T07:41:24.297Z,Alone Boys,110401707352029280212,False,0,id,2026-05-05T05:38:10.596640
ChZDSUhNMG9nS0VJQ0FnTURJNl9XeUVREAE,ChIJJRB7Xowdby4Ryv9G48G28Ro,Urban Chicken Sudarsono,cirebon,Kuliner,5,"makanannya enak, pegawainya juga ramah2👍🏻",2025-04-13T05:41:41.424Z,Enthria Yolani,103339283876392558382,False,0,id,2026-05-05T05:38:10.596649
ChdDSUhNMG9nS0VJQ0FnTURJM2M2WGp3RRAB,ChIJJRB7Xowdby4Ryv9G48G28Ro,Urban Chicken Sudarsono,cirebon,Kuliner,5,"Tempatnya nyaman cocok untuk bawa keluarga, makanan lumayan enak",2025-04-12T09:59:46.556Z,Muhamad Guna Ramadansyah,102979526579393582033,False,0,id,2026-05-05T05:38:10.596664
ChdDSUhNMG9nS0VJQ0FnTURJdWQ3Y21nRRAB,ChIJJRB7Xowdby4Ryv9G48G28Ro,Urban Chicken Sudarsono,cirebon,Kuliner,5,"Makanan lumayan enak, pelayanan oke, tapi harga menurut saya bisa lebih murah lagi, overall oke sih",2025-04-11T11:29:05.157Z,Farijal Hammy Kasyifal,114242219904794153101,False,0,id,2026-05-05T05:38:10.596673
ChdDSUhNMG9nS0VJQ0FnTURJdWZyLW5nRRAB,ChIJJRB7Xowdby4Ryv9G48G28Ro,Urban Chicken Sudarsono,cirebon,Kuliner,4,enak sampe habis,2025-04-11T11:21:06.049Z,kholilur rohman,105771478818076976488,False,0,id,2026-05-05T05:38:10.596681
ChdDSUhNMG9nS0VJQ0FnTURJNE16dDhBRRAB,ChIJJRB7Xowdby4Ryv9G48G28Ro,Urban Chicken Sudarsono,cirebon,Kuliner,5,Pelayanan ramah makanan nya juga enak....,2025-04-06T06:28:59.273Z,Setiawan noestra,102569182243701137084,False,0,id,2026-05-05T05:38:10.596691
ChZDSUhNMG9nS0VJQ0FnTUNJNTRLYk5BEAE,ChIJJRB7Xowdby4Ryv9G48G28Ro,Urban Chicken Sudarsono,cirebon,Kuliner,5,"Baru tau ada kopinya sekarang, saya pesan yg Fein Premium (less sugar), asli enaakk dan bikin melek tp aman utk lambung 👌👌👌👌",2025-04-05T06:41:45.590Z,Dimas Arifianto,100073409684679214304,True,0,id,2026-05-05T05:38:10.596700
ChZDSUhNMG9nS0VJQ0FnTUNJazZYUkF3EAE,ChIJJRB7Xowdby4Ryv9G48G28Ro,Urban Chicken Sudarsono,cirebon,Kuliner,5,"Udh langganan dari blom nikah,sekarang baru mampir lagi,walau agak kaget sama menunya beda tapi rasa masih enak",2025-04-04T12:08:43.028Z,Egi Martianta,107255585311733905060,False,0,id,2026-05-05T05:38:10.596708
ChdDSUhNMG9nS0VJQ0FnTUNJay1HM3F3RRAB,ChIJJRB7Xowdby4Ryv9G48G28Ro,Urban Chicken Sudarsono,cirebon,Kuliner,5,"Udah lama ngga ke urban chiken, kaget sama menu yg ngga biasa. Rasanya enak. Sambel babakbelur, sambel korek nya enak semua. Dagingnya lembut walaupun bagian dada.",2025-04-04T12:02:06.908Z,sylvia martianta,107759949148073040598,False,0,id,2026-05-05T05:38:10.596728
Ci9DQUlRQUNvZENodHljRjlvT25VdGVGaEdUa2R4VnpGNFNsOXBkbE5DZGtGVmVsRRAB,ChIJaZPKkiEeby4RxJnkg7DO-Zk,Pedesan Entog Mas Nana Megu Gede,cirebon,Kuliner,1,"Super duper lamaaaaa, sya driver online apakah memang mereka (Pihak resto) ini ngga ngerti apa gimana, kan rules nya jelas orderan masuk dlu k resto, artinya kan harus d buatkan setelah orderan masuk, setelah 15 menit kemudian baru masuk k orderan Driver
Jeng..jeng..jeng.. Dan ternyata tetep nunggu Luaaaaammaaaaa, dan Masih belum d buattkannn...",2025-06-27T09:52:04.606Z,West Block Production,102853504363011830961,True,0,id,2026-05-05T05:38:10.596744
Ci9DQUlRQUNvZENodHljRjlvT2t4cVdXeHpaMngxU0VNNWRtOVZSMnRyZHpsS1NrRRAB,ChIJaZPKkiEeby4RxJnkg7DO-Zk,Pedesan Entog Mas Nana Megu Gede,cirebon,Kuliner,3,Rasae jadi kurang enak. Jujur bae,2025-06-17T08:25:17.007Z,hanif tunggal,109656888533816987829,True,0,id,2026-05-05T05:38:10.596753
ChZDSUhNMG9nS0VQQ0hzYVA5eVktb05REAE,ChIJaZPKkiEeby4RxJnkg7DO-Zk,Pedesan Entog Mas Nana Megu Gede,cirebon,Kuliner,5,Enak murah meriah,2025-06-08T16:17:56.270Z,Robert Robert,106435384615751366753,True,0,id,2026-05-05T05:38:10.596761
ChZDSUhNMG9nS0VJQ0FnSUNlX2ZuaE9nEAE,ChIJaZPKkiEeby4RxJnkg7DO-Zk,Pedesan Entog Mas Nana Megu Gede,cirebon,Kuliner,5,"Enak, daging entog nya empuk",2025-05-25T08:03:05.898Z,MissRose,100679581487001442160,True,0,id,2026-05-05T05:38:10.596783
ChdDSUhNMG9nS0VQN2txS3ZfMUs2Qzl3RRAB,ChIJaZPKkiEeby4RxJnkg7DO-Zk,Pedesan Entog Mas Nana Megu Gede,cirebon,Kuliner,5,"Banyak menunya, rasanya enak..",2025-05-17T10:24:36.118Z,NURUL AROFAH,112470858905653955628,True,0,id,2026-05-05T05:38:10.596798
ChdDSUhNMG9nS0VKR0Z5S1MwMmJqZy1RRRAB,ChIJaZPKkiEeby4RxJnkg7DO-Zk,Pedesan Entog Mas Nana Megu Gede,cirebon,Kuliner,4,"Makanan enak banyak dan dikantong gak bikin bolong, tempat bersih, toilet bersih, yuk mari mampir yuk",2025-05-06T06:42:58.625Z,CANDRA GUNAWAN,102129892519766304659,True,0,id,2026-05-05T05:38:10.596828
ChdDSUhNMG9nS0VJQ0FnSUNvaW9uUWdnRRAB,ChIJvx7x33jibi4RQE5dBqVHzs8,Mie Koclok Mas Edi,cirebon,Kuliner,5,Langganan sejati,2024-11-16T16:05:07.227Z,Hany Ismaya,110954183302907512662,True,0,id,2026-05-05T05:38:10.596838
ChdDSUhNMG9nS0VJQ0FnSUNIaWNqNy1RRRAB,ChIJvx7x33jibi4RQE5dBqVHzs8,Mie Koclok Mas Edi,cirebon,Kuliner,5,"Mie Koclok Mas Edi adalah salah satu ikon kuliner Cirebon yang sudah melegenda. Tempat makan ini telah menjadi favorit banyak orang, baik warga lokal maupun wisatawan.

Kuah santan yang kaya rasa menjadi ciri khas Mie Koclok Mas Edi. Perpaduan santan, bumbu-bumbu, dan kaldu ayam menciptakan rasa yang gurih dan sangat menggugah selera. Mie kuning yang digunakan memiliki tekstur yang kenyal dan lembut, cocok berpadu dengan kuah santan yang kaya rasa. Mie Koclok Mas Edi biasanya disajikan dengan berbagai topping seperti ayam suwir, telur rebus, kol, tauge, dan bawang goreng.

Harga yang ditawarkan cukup terjangkau, sehingga cocok untuk semua kalangan. Dengan sejarah panjangnya, Mie Koclok Mas Edi menjadi bagian dari warisan kuliner Cirebon.

Secara keseluruhan, Mie Koclok Mas Edi adalah destinasi wajib bagi para pecinta kuliner yang berkunjung ke Cirebon. Dengan rasa yang khas dan legendaris, Mie Koclok Mas Edi menawarkan pengalaman kuliner yang tak terlupakan. Meskipun tempatnya sederhana, namun rasa yang ditawarkan tidak mengecewakan.

Disclaimer dan Saran untuk Pengunjung Mie Koclok Mas Edi  untuk ulasan saya tentang Mie Koclok Mas Edi berdasarkan pengalaman pribadi saya. Perlu diingat bahwa pendapat setiap pengunjung bisa berbeda-beda.

Semoga informasi ini membantu!",2024-09-06T04:51:49.527Z,Octavianus Pratama,114836437388236157760,True,0,id,2026-05-05T05:38:10.596886
ChZDSUhNMG9nS0VJQ0FnSURPdDVpV1pnEAE,ChIJvx7x33jibi4RQE5dBqVHzs8,Mie Koclok Mas Edi,cirebon,Kuliner,5,Mie koclok legend se cirebon... Rasa oke 👍,2024-08-25T23:41:40.301Z,Atiya,102708699868280751427,True,0,id,2026-05-05T05:38:10.596902
ChdDSUhNMG9nS0VJQ0FnSURMNW9HYTBnRRAB,ChIJvx7x33jibi4RQE5dBqVHzs8,Mie Koclok Mas Edi,cirebon,Kuliner,4,"Baru nemuin mie pake kuah santan, tapi enak sedep cuman sayang ga ada meja",2024-08-06T15:38:32.835Z,Torikun 11,117544288679113020251,True,0,id,2026-05-05T05:38:10.596910
Ci9DQUlRQUNvZENodHljRjlvT2t0SlppMHhPWGgzY0ZWMmRVVlNaRzFNWXpCMU0zYxAB,ChIJGSCCn4Ieby4RZ-qsdZaLiHM,Rumah Makan Klapa Manis,cirebon,Kuliner,4,"Nasi liwet asin
ayam ngak ada rasa
sayur asam apalagi
tertarik karena rame
telur goreng keras",2026-05-04T13:12:52.191Z,Nita Juda,116049994995701941964,False,0,id,2026-05-05T05:38:10.596933
Ci9DQUlRQUNvZENodHljRjlvT2xCd09WUjBZWGhhUW5SV1FVeEVibDkwYlRFNFRFRRAB,ChIJGSCCn4Ieby4RZ-qsdZaLiHM,Rumah Makan Klapa Manis,cirebon,Kuliner,4,"Makananya lumayan enak, harga juga masih ok. Tempatnya enak makan with view dan suasana nya tenang dan ada toko oleh2 nya",2026-05-02T12:01:41.247Z,shinta dewi ansi setiawan,112754283103702417893,True,0,id,2026-05-05T05:38:10.596943
Ci9DQUlRQUNvZENodHljRjlvT2xJM1VUUXdaakJJZG01MlpIcG1TMGRPU1RReldGRRAB,ChIJGSCCn4Ieby4RZ-qsdZaLiHM,Rumah Makan Klapa Manis,cirebon,Kuliner,5,"Makanannya asli enak banget, nggak cuma ngandelin lokasi doang. Mantap warung legend.",2026-05-02T10:11:03.049Z,Fakhri Ahadi,115669038503869883494,True,0,id,2026-05-05T05:38:10.596952
Ci9DQUlRQUNvZENodHljRjlvT25wdk5sWXhhMDAyTUMxUmVIUk9ZMUZSUVdnMk0wRRAB,ChIJGSCCn4Ieby4RZ-qsdZaLiHM,Rumah Makan Klapa Manis,cirebon,Kuliner,4,"10.(45) (P)m

🌍🌱💟🙏",2026-04-29T15:45:54.284Z,Fulana,115484444050231178695,True,0,en,2026-05-05T05:38:10.596967
Ci9DQUlRQUNvZENodHljRjlvT2pZMk4wUkdTbmgwVUdaNllsZHRZblJWUnpJNFIwRRAB,ChIJGSCCn4Ieby4RZ-qsdZaLiHM,Rumah Makan Klapa Manis,cirebon,Kuliner,5,"suasana nya enak, vieuw nya bagus, makanannya enak, untuk harga emang diatas rata rata agak mahalan sih",2026-04-16T22:16:05.314Z,Agus Rosmawan,102427293503282957192,True,0,id,2026-05-05T05:38:10.596989
Ci9DQUlRQUNvZENodHljRjlvT21NMVRsWnJVbFJwYzB0bFVuSXdhbHBNWW5NMFRuYxAB,ChIJGSCCn4Ieby4RZ-qsdZaLiHM,Rumah Makan Klapa Manis,cirebon,Kuliner,4,"Disini mungkin bagi pecinta masakan serba manis ok ok aja..sesuai nama resto nya ya..cuma bagi penikmat masakan sedang dan asin harap jangan komplain ☺️☺️
Suasana nyaman..mengarah ke masakan ala Yogya seperti nya.. pemandangan bagus.
Pelayan ramah..
Kalau boleh saran sih..untuk bumbu serba manis sebaik nya serba masak panas atau hangat ya..kalau adem agak gimana gitu
Harga dengan suasana dan tempat seimbang lah..",2026-04-13T05:36:10.583Z,diansiska febrianty,110599521319265163707,False,0,id,2026-05-05T05:38:10.597015
Ci9DQUlRQUNvZENodHljRjlvT2tNelNEZEZORnBDVEU1UFozTXpPWG8xZGtOQlFXYxAB,ChIJGSCCn4Ieby4RZ-qsdZaLiHM,Rumah Makan Klapa Manis,cirebon,Kuliner,5,Makanan enak dan view nya kalau malam sangat bagus seperti di panatapan bogor tapi suasana seperti di bali,2026-04-13T00:19:02.343Z,Novandi Ngichones,107077389815488363703,True,0,id,2026-05-05T05:38:10.597031
Ci9DQUlRQUNvZENodHljRjlvT2todVNqaHdSMlowZWtSc09Xb3RXV3RQTWxBNFFVRRAB,ChIJGSCCn4Ieby4RZ-qsdZaLiHM,Rumah Makan Klapa Manis,cirebon,Kuliner,5,Rumah makan yang mempunyai pemandangan alam yg indah dan suasanana sejuk. Rumah makan untuk acara keluarga dll.,2026-04-05T16:21:32.041Z,Warja'i S.Pd.I,106133433996527644410,True,0,ms,2026-05-05T05:38:10.597068
Ci9DQUlRQUNvZENodHljRjlvT214VU5Ua3dWbGszZVRZeVkzVnJObWhTWm10YU4yYxAB,ChIJGSCCn4Ieby4RZ-qsdZaLiHM,Rumah Makan Klapa Manis,cirebon,Kuliner,3,Utk makanannya enak tapi tidak yg WOW dalam segi rasa.. pelayanan cepat dan makanannya fresh. Utk view luar sih bagus banget,2026-04-02T03:44:26.830Z,Travel Around Me,103552976919283487463,True,0,id,2026-05-05T05:38:10.597076
Ci9DQUlRQUNvZENodHljRjlvT21keFNuTmtSVWcxY0Mxd1ZtNURPVW93ZFZSeWJHYxAB,ChIJGSCCn4Ieby4RZ-qsdZaLiHM,Rumah Makan Klapa Manis,cirebon,Kuliner,5,Makan sekalian liat view kota Cirebon,2026-03-31T12:59:28.731Z,Surya Ruslani,108297110696083242557,True,0,id,2026-05-05T05:38:10.597091
Ci9DQUlRQUNvZENodHljRjlvT21FemJVOUNaRTFwU0Y5VmFreGFiWFp2Y0RJM1dFRRAB,ChIJGSCCn4Ieby4RZ-qsdZaLiHM,Rumah Makan Klapa Manis,cirebon,Kuliner,5,Udh lama gak ksini dan semua masih sama seperti dulu,2026-03-27T07:21:47.190Z,Nandha,112734762998097698118,True,0,id,2026-05-05T05:38:10.597107
Ci9DQUlRQUNvZENodHljRjlvT2pGTlNubzRhRkZsVFc1dFJDMVBWVEZIYWtaRlpHYxAB,ChIJGSCCn4Ieby4RZ-qsdZaLiHM,Rumah Makan Klapa Manis,cirebon,Kuliner,4,"Karena macet jadi memilih mampir, makan dan solat disini. Nasi timbel enak, lengkap nasi tahu tempe, ikan jambal kecil, ayam atau dagingnya enak, sayur asam + sambal. Nasi goreng porsinya banyak. Es degan, bisa bertiga, kelapanya besar banget. Pemandangan bagus. Sayang mushola letaknya di lantai paling bawah,harus turun tangga 3 lantai lagi 😌 jauhnya. Makan berlima habis 350an.",2026-03-26T08:02:51.192Z,Yuli Anti,106358393977428561236,False,0,id,2026-05-05T05:38:10.597123
Ci9DQUlRQUNvZENodHljRjlvT2pnd1JWZGtkV2czYVROSVNHSjBhVnBvU1cwMWFIYxAB,ChIJGSCCn4Ieby4RZ-qsdZaLiHM,Rumah Makan Klapa Manis,cirebon,Kuliner,2,"Musholanya Tolong Jangan di Letakkan di Lantai paling Bawah. capek turun naiknya.
dan kebersihan Musholanya kebih ditingkatkannlagi",2026-03-22T21:07:18.998Z,Nur Sholihin,106642337484390518842,True,0,id,2026-05-05T05:38:10.597152
Ci9DQUlRQUNvZENodHljRjlvT21nemFVRkNXbGRtYVdkak0wRXdVSGgyWm5WdVVHYxAB,ChIJGSCCn4Ieby4RZ-qsdZaLiHM,Rumah Makan Klapa Manis,cirebon,Kuliner,5,"Pelayanannya sangat baik, saya ga sengaja numpahin es teh staffnya langsung gercep lap tanpa di minta dan di ganti es teh yang baru tanpa kena charge tambahan padahal belum panggil staff untuk minta bantuan karena masih panik urusin handphone yang ketumpahan 😆

Terima kasih atas perhatian dan pelayanannya!",2026-03-20T12:58:12.410Z,Kartika Eka,112523435882673444490,True,0,id,2026-05-05T05:38:10.597160
Ci9DQUlRQUNvZENodHljRjlvT25OYVdYTm9UMEY1YWpOb1RrdEJRMWRYZGpOc1dHYxAB,ChIJGSCCn4Ieby4RZ-qsdZaLiHM,Rumah Makan Klapa Manis,cirebon,Kuliner,5,"Makanan enak, pemandangannya juga bagus",2026-03-11T01:43:54.956Z,halimah halimah,112629889000855790641,True,0,id,2026-05-05T05:38:10.597225
Ci9DQUlRQUNvZENodHljRjlvT214dlN6UTNZbkY2UTBVelNFeHpjVXhGVkdwU2RuYxAB,ChIJ52jAfpo_EQUR91v1Ij9Rh9E,Marina Restaurant & Convention Hall,cirebon,Kuliner,5,"Makan keluarga besar disini . Dulu saya menikah disini ( waktu masih di atas Yogya Grand) ,sayang banget per 1 jan 2026 sudah tutup permanen",2025-12-31T02:46:59.800Z,Dy,102828364414246439990,True,0,id,2026-05-05T05:38:10.597242
Ci9DQUlRQUNvZENodHljRjlvT21kSE1VcGpTVkpCYVU5UFZsVXhPV0l6U1ZaNGJGRRAB,ChIJ52jAfpo_EQUR91v1Ij9Rh9E,Marina Restaurant & Convention Hall,cirebon,Kuliner,4,Oldskul restoran. Butuh sesuatu yang baru. So far makanan aman tapi kurang spesial.,2025-12-25T06:06:44.414Z,ishaktongtong,102689976074009531601,True,0,id,2026-05-05T05:38:10.597261
Ci9DQUlRQUNvZENodHljRjlvT25WZmEwaEtRalY0YkRGNmFHOW5TWEpPVkhGS1ZtYxAB,ChIJ52jAfpo_EQUR91v1Ij9Rh9E,Marina Restaurant & Convention Hall,cirebon,Kuliner,4,"masakan china rumahan.
semua menu yg dipesan, enak.",2025-12-22T12:07:12.109Z,JOSEPEDY SETIAWAN,101680453738989602863,True,0,id,2026-05-05T05:38:10.597270
Ci9DQUlRQUNvZENodHljRjlvT205TGFYZGhTelE1Tm0wd2NIUjBaMmhNTmpsRFJYYxAB,ChIJ52jAfpo_EQUR91v1Ij9Rh9E,Marina Restaurant & Convention Hall,cirebon,Kuliner,1,"Saya sangat kecewa dengan pengalaman saya di sini. Pelayanan terasa tidak profesional porsi makanan kurang. Selain itu, saya merasa kurang nyaman karena ada kesan staf seperti meminta tips secara langsung, yang menurut saya tidak pantas terjadi pada tempat seperti ini.

Saya berharap manajemen dapat memperbaiki sikap dan kualitas pelayanan agar pengalaman tamu berikutnya tidak mengecewakan seperti yang saya alami.",2025-12-01T12:10:37.331Z,Elroy Setiabudi,113513007832968613635,True,0,id,2026-05-05T05:38:10.597292
Ci9DQUlRQUNvZENodHljRjlvT21GWFdWcE5ZbkJXVlY5T1QxRjBXR1pmVFZORVgwRRAB,ChIJ52jAfpo_EQUR91v1Ij9Rh9E,Marina Restaurant & Convention Hall,cirebon,Kuliner,4,Tempat yg mudah ditemukan dengan tempat parkir yang memadai dengan cita rasa masakan yang tak berubah.,2025-11-17T13:34:30.696Z,ari sutanti,107283444786152726079,True,0,id,2026-05-05T05:38:10.597322
Ci9DQUlRQUNvZENodHljRjlvT2xKaWJqVmFOVzF6VEZnMlZFUldVM1F5V1ZSd1QwRRAB,ChIJ52jAfpo_EQUR91v1Ij9Rh9E,Marina Restaurant & Convention Hall,cirebon,Kuliner,5,Makan nya enak banget semua nya coba deh.... Tempat nya nyaman ... Hanya parkiran yang harus di tambah,2025-11-04T06:20:38.878Z,Agustinus Harianto,102514453161817765340,True,0,id,2026-05-05T05:38:10.597338
Ci9DQUlRQUNvZENodHljRjlvT2xGYWVISlFVbkpOYjJ4WE9EaGhZbkJ3UlUxeFkzYxAB,ChIJ52jAfpo_EQUR91v1Ij9Rh9E,Marina Restaurant & Convention Hall,cirebon,Kuliner,5,"Nyaman, jg sih, nuansa oriental bnget, klo bisa campur, dengan nuansa cirebonan, kaya ny bgus jg,",2025-10-20T11:10:46.807Z,Yanto Oliver,100346273450940695411,True,0,id,2026-05-05T05:38:10.597360
Ci9DQUlRQUNvZENodHljRjlvT2xsRWVtMU5aMnRNTFU1bGRVRk1PVkpCYWw5bldtYxAB,ChIJ52jAfpo_EQUR91v1Ij9Rh9E,Marina Restaurant & Convention Hall,cirebon,Kuliner,5,"Makanannya enak.  Menurut sy worth it.
Pelayanannya sangat baik. Pramusajinya ramah, sabar  dan sangat membantu. Hari selasa sudah lewat  jam makan siang. Resto sepi.",2025-10-02T07:34:27.436Z,Adholfina,100568836982912330442,True,0,id,2026-05-05T05:38:10.597383
Ci9DQUlRQUNvZENodHljRjlvT20xeWFsSnROV3Q1VFdGUlJtbDJlRlJOTWxKWlUwRRAB,ChIJ52jAfpo_EQUR91v1Ij9Rh9E,Marina Restaurant & Convention Hall,cirebon,Kuliner,5,"Masakannya ok banget ,best pelayanan",2025-09-21T05:54:27.300Z,neneng runiyati,107808777618803979430,True,0,id,2026-05-05T05:38:10.597404
Ci9DQUlRQUNvZENodHljRjlvT2poUFNFNXNWMVJuWVU1cE9VMTFMV3RpUzFkaGNIYxAB,ChIJ52jAfpo_EQUR91v1Ij9Rh9E,Marina Restaurant & Convention Hall,cirebon,Kuliner,5,"Napak tilas nikmati kembali masakan di Marina resto ditemani management yg selalu ramah, walau agak sepi tetapi tetap manyos..tks",2025-09-19T07:47:47.248Z,Diahirwany Indriyati,108851361314748730132,True,0,id,2026-05-05T05:38:10.597414
Ci9DQUlRQUNvZENodHljRjlvT2twaFgwSTNORWhSWTNkWU4wNTZNREppVVY5TFZFRRAB,ChIJ52jAfpo_EQUR91v1Ij9Rh9E,Marina Restaurant & Convention Hall,cirebon,Kuliner,5,"Had a great meal at Marina Restaurant. I tried the asparagus soup, beef black pepper, beef with honey sauce, and capcay—everything tasted good and well-balanced. The asparagus soup is honestly the best I’ve had in Cirebon so far! However, the place feels quite old and doesn’t really give that cozy vibe that makes you want to stay longer. Still, definitely worth a visit for the food.",2025-07-13T07:51:43.175Z,Clara Devina,109913368898084471942,True,0,en,2026-05-05T05:38:10.597472
Ci9DQUlRQUNvZENodHljRjlvT25FeVJERlNkVkJIT0VOM1JrcHlTRnB2YVc5b2JHYxAB,ChIJ52jAfpo_EQUR91v1Ij9Rh9E,Marina Restaurant & Convention Hall,cirebon,Kuliner,3,Bisa di pakai convention pernikahan,2025-07-01T12:30:51.653Z,robbi jannit,108223408311079610972,True,0,id,2026-05-05T05:38:10.597487
Ci9DQUlRQUNvZENodHljRjlvT2xaeExYaEhUMVV6WDBsSmVHd3RTUzB0T0ZGNVNYYxAB,ChIJ52jAfpo_EQUR91v1Ij9Rh9E,Marina Restaurant & Convention Hall,cirebon,Kuliner,5,Ayam sariwangi selalu drindukan. Thanx,2025-06-17T14:14:08.173Z,Yesanette Ellelanora,105381835166624013332,False,0,id,2026-05-05T05:38:10.597502
ChdDSUhNMG9nS0VPM0YzWVBJa1lDdDJnRRAB,ChIJ52jAfpo_EQUR91v1Ij9Rh9E,Marina Restaurant & Convention Hall,cirebon,Kuliner,5,Tempat utk acara pertemuan acara ultah dan wedding,2025-06-13T10:12:49.994Z,Hevin Yoel,108189733638341486266,False,0,id,2026-05-05T05:38:10.597517
Ci9DQUlRQUNvZENodHljRjlvT2xvME9HVlBUVmR0YUUxRVkwTTBjRVJ3T0Rka1QzYxAB,ChIJV7tqSXTibi4Rj2KKHm9O3OU,H. Moel Seafood Sudarsono,cirebon,Kuliner,5,Service dan tastenya Recommended,2026-05-02T15:30:01.330Z,Rachmat Gmail,112584771929727584730,True,0,id,2026-05-05T05:38:10.597562
Ci9DQUlRQUNvZENodHljRjlvT25GeWMxaGlZbXhHUWpWR2FHSkpObEZzT1dGQlZIYxAB,ChIJV7tqSXTibi4Rj2KKHm9O3OU,H. Moel Seafood Sudarsono,cirebon,Kuliner,5,"Legenda Cirebon, wajib kesini kalau mau bernostalgia via kuliner. Pelayanannya sangat ramah, tempatnya homey, udang bakar madu nya gurih manis legit",2026-05-02T13:54:20.521Z,Ghifari Pahlavi,110701426916128404179,True,0,id,2026-05-05T05:38:10.597571
Ci9DQUlRQUNvZENodHljRjlvT21ZeVNWcHNjbFpHVnkxVFNsbFFXVXBwTWxCM1VFRRAB,ChIJV7tqSXTibi4Rj2KKHm9O3OU,H. Moel Seafood Sudarsono,cirebon,Kuliner,5,Makanan enak enak,2026-04-29T06:59:11.169Z,Nuri Yanah,112951689602541273395,False,0,id,2026-05-05T05:38:10.597600
Ci9DQUlRQUNvZENodHljRjlvT25GaWNtRjZWMHhNTFZaNGMwWmFSakV3VUVkRGMwRRAB,ChIJV7tqSXTibi4Rj2KKHm9O3OU,H. Moel Seafood Sudarsono,cirebon,Kuliner,5,Enak bangeett!! Semua nya fresh dan rasanya enak gaada yang failed,2026-04-26T08:46:03.209Z,Ben Saragih,101460634985066743451,False,0,id,2026-05-05T05:38:10.597615
Ci9DQUlRQUNvZENodHljRjlvT2s1NlZ6WmlTVzAwZWpSeGRrYzJielp2Y0hrd1RFRRAB,ChIJV7tqSXTibi4Rj2KKHm9O3OU,H. Moel Seafood Sudarsono,cirebon,Kuliner,5,"Kepitingnya oke banget, enak. Kerang mix nya enak gurih🤩",2026-04-25T13:52:22.227Z,Iis Istiqomah,109256217759360689496,False,0,id,2026-05-05T05:38:10.597624
Ci9DQUlRQUNvZENodHljRjlvT21WS1pVNVplRXhRTVhCS1JuTktiRm95V1hGVGJXYxAB,ChIJV7tqSXTibi4Rj2KKHm9O3OU,H. Moel Seafood Sudarsono,cirebon,Kuliner,5,Wah benar benar Mantappp dan recoment semua menu di sini,2026-04-18T11:57:49.606Z,Jimmy Setiawan,100264979711654044918,True,0,id,2026-05-05T05:38:10.597654
Ci9DQUlRQUNvZENodHljRjlvT2tacmFEaHJVVTl6UlZONVFVaHhhWEZsYUVSYVdrRRAB,ChIJV7tqSXTibi4Rj2KKHm9O3OU,H. Moel Seafood Sudarsono,cirebon,Kuliner,5,"Pertama kesini. Tempatnya nyaman, pelayan ramah & cepat. Makannany enak. Harga masuk akal utk resto seafood. Sukses terus.",2026-04-12T13:57:13.398Z,UMAR SALIM,107596103733060315489,True,0,id,2026-05-05T05:38:10.597689
Ci9DQUlRQUNvZENodHljRjlvT2t0WU4zY3RZelJ5VDJGb2QwNVllR0Z2TFZGS2VsRRAB,ChIJGSCCn4Ieby4RZ-qsdZaLiHM,Rumah Makan Klapa Manis,cirebon,Kuliner,5,raos raos makanannya eunak pisan euy!🥜,2026-03-10T10:35:07.479Z,cindy andriani,100912147946140193769,True,0,su,2026-05-05T05:38:10.597705
Ci9DQUlRQUNvZENodHljRjlvT25kUWFVOVNObW8wWm1OMU5qaDZhVGs1YmpkSmFtYxAB,ChIJGSCCn4Ieby4RZ-qsdZaLiHM,Rumah Makan Klapa Manis,cirebon,Kuliner,5,"Makanan enak, walaupun harga makanan cukup mahal, tapi porsi nya besar, sesuai dgn harga, layanan ramah dan cepat, tempat sangat bagus, bisa lihat view kota Cirebon, saran kesini di malam hari, agar terlihat lebih bagus dan syahdu",2026-03-08T10:49:36.946Z,annisa yudistirani,110563426366271184540,True,0,id,2026-05-05T05:38:10.597738
Ci9DQUlRQUNvZENodHljRjlvT2tOdk56VkphbkZEYlRsMWQwdGlXVUZLV2w5bldFRRAB,ChIJGSCCn4Ieby4RZ-qsdZaLiHM,Rumah Makan Klapa Manis,cirebon,Kuliner,5,Menu makanan nya muantap 👍,2026-02-27T15:32:28.941Z,Iqbal Setiawan,100731540423694585805,False,0,id,2026-05-05T05:38:10.597760
Ci9DQUlRQUNvZENodHljRjlvT2w4M2F6WTNRMWxET1ZWclZuTnhOMkprVUVrelpVRRAB,ChIJGSCCn4Ieby4RZ-qsdZaLiHM,Rumah Makan Klapa Manis,cirebon,Kuliner,4,"Untuk makanannya sih lumayan enak tapi ga bikin WOW aja! Aku pesen sambel goreng udang, tapi udangnya dikit banget malah kebanyakan bumbunya. Kangkungnya juga bumbunya kemanisan. Kami pesen iga juga dan ternyata iganya semungil itu!

Kalo tempatnya sih bagus, luas dan pemandangannya indah. Pelayanannya lumayan baik dan ga terlalu lama nunggu makanannya datang. Harganya agak pricey untuk porsi sedikit dan semungil itu.",2026-02-23T13:12:09.727Z,Intan Fashri,102840247646194061406,True,0,id,2026-05-05T05:38:10.597775
Ci9DQUlRQUNvZENodHljRjlvT21sSFVHVkxSMkUwV0ZWQ1JsOVBOR2RVZWpOWGJWRRAB,ChIJGSCCn4Ieby4RZ-qsdZaLiHM,Rumah Makan Klapa Manis,cirebon,Kuliner,4,Tempatnya asik.. pemandangannya bagus..,2026-02-17T10:20:55.046Z,Budi Wibowo,106714252147691376197,True,0,id,2026-05-05T05:38:10.597783
Ci9DQUlRQUNvZENodHljRjlvT2xOQk9USjBhbHB2VDBSNGJXaEtVVFUzZEU5MlowRRAB,ChIJGSCCn4Ieby4RZ-qsdZaLiHM,Rumah Makan Klapa Manis,cirebon,Kuliner,4,"Tolong untuk manajemen kalo bisa mushala nya jangan dibawah sekali, tidak bersahabat untuk manula.
Pelayanan makanan bagus",2026-02-16T12:06:43.731Z,Sugie Dregs,111771387536048979926,True,0,id,2026-05-05T05:38:10.597792
Ci9DQUlRQUNvZENodHljRjlvT2tKVE4yMWljMlZmTVhSMVpWZzBRMFZFVHpGSFQzYxAB,ChIJ94-Vimvibi4RUradk3t5omc,Nasi Lengko H. Barno,cirebon,Kuliner,5,lezat dan nikmat,2026-05-04T23:58:21.671Z,Zaenal Arifin,116039557034486041588,True,0,id,2026-05-05T05:38:10.597807
Ci9DQUlRQUNvZENodHljRjlvT2w5S2JWSlhTM0JwYUdoQ1pqVTFhelpRYkdOaGRrRRAB,ChIJ94-Vimvibi4RUradk3t5omc,Nasi Lengko H. Barno,cirebon,Kuliner,5,"Sate kambing dan es puter durennya enak bgt, nasi lengko juga unik rasanya👍🏻👍🏻",2026-05-03T05:51:38.183Z,putri yollanda,100253058969513092103,False,0,id,2026-05-05T05:38:10.597824
Ci9DQUlRQUNvZENodHljRjlvT2pkVWR6WjRYM290ZVdGRU4wZFJOamhGZGpSaU9YYxAB,ChIJ94-Vimvibi4RUradk3t5omc,Nasi Lengko H. Barno,cirebon,Kuliner,3,"Dengan rasa yg biasa saja sy rasa harganya trmasuk mahal, aplagi satenya keras",2026-04-19T10:47:34.807Z,Siti Hasnah,105564789341332453275,True,0,id,2026-05-05T05:38:10.597863
Ci9DQUlRQUNvZENodHljRjlvT2w5VlNtZHZVMEUyUm01bFJIaE1SVWgxZVMxak0wRRAB,ChIJ94-Vimvibi4RUradk3t5omc,Nasi Lengko H. Barno,cirebon,Kuliner,4,"Sbnernya nasi lngko itu gk terlalu istimewa...saya sdh biasa bikin sndiri dri sd kalo di rmh gk ada lauk, krna cm modal tempe tahu goreng, toge, irisan timun sambal kecap...tp jaman berubah, nasi lngko yg tadinya dikonsumsi oleh kebanyakan rakyat mnengah kebawah by abang2 becak, buruhw kasar, krna terkenal dg nasi nya yg porsi bnyak dn murah, saya heran hrga sepiring gk telalu bnyak bisa 18rbu(tnpa lauk)...sdgkan di jkt nasi uduk dg lauk tahu semur cm 12rb,porsi gk jauh beda...tp itulah perubahan jaman,krna teknologi smua berubah..hehe",2026-04-15T12:53:12.186Z,heri wibowo,112583062966735671043,True,0,id,2026-05-05T05:38:10.597885
Ci9DQUlRQUNvZENodHljRjlvT2tGVU1HcFJjVjlSWkhSMmFVTm9PRmxUU1hkcExYYxAB,ChIJ94-Vimvibi4RUradk3t5omc,Nasi Lengko H. Barno,cirebon,Kuliner,5,Sengaja transit cirebon dr purwokerto buat sarapan disini.. Selalu kangen nasi lengko,2026-04-11T09:49:22.314Z,opik muslimovic,107860784436321248073,True,0,id,2026-05-05T05:38:10.597900
Ci9DQUlRQUNvZENodHljRjlvT21oVlZrOVlibWg1U1hkdk5uSnZjbEZJTjNCVFFuYxAB,ChIJ94-Vimvibi4RUradk3t5omc,Nasi Lengko H. Barno,cirebon,Kuliner,5,Tempat nya luas makanan nya juga enak baru pertama makan reccomended sih bagi pecinta kuliner.,2026-04-02T02:44:40.640Z,Pribadi Tujuh,100893191646989807906,True,0,id,2026-05-05T05:38:10.597914
Ci9DQUlRQUNvZENodHljRjlvT20xWmFteEhRVzlWYzNSYU5uQjFXalJKU25GRWNHYxAB,ChIJ94-Vimvibi4RUradk3t5omc,Nasi Lengko H. Barno,cirebon,Kuliner,5,"Makanan kategori legend (dr waktu kecil udh ada sampe skr), nasi lengko dng kerupuk yg di remes, sate kambingnya enak ga keras ga bau.. Bener2 gak ngebosenin deh ini klo dtng ke Cirebon, Wajib Mampir.. Rekomen..

Tempat : Perlu peremajaan (Ventilasi Udara) Supaya asapnya tdk ngebul di dalem jd rada engap n kluar2 bau asep.. 😬🙏🏼",2026-03-30T11:52:23.121Z,Kia Krisna,103243680492642140591,False,0,id,2026-05-05T05:38:10.597923
Ci9DQUlRQUNvZENodHljRjlvT2tOalNUZzNOMlJUZVY5RlNsOXJhVnBuV25reWVuYxAB,ChIJNX1CIA3jbi4R6ykDrWL-W10,Empal Gentong Krucuk 1,cirebon,Kuliner,5,"Wajib ke sini kalo ke Cirebon. Empal gentong sama empal asemnya enak banget. Daging dan jeroan empuk, kuah empal gentong gurih tapi light, kuah empal asem bening seger. Pelayanan cepat, tempat luas. Kalo mau bawa pulang ke luar kota dibungkus semua terpisah, jadi gak cepet basi.",2026-05-05T04:57:53.323Z,Miss Liu,101197746132909367081,True,0,id,2026-05-05T05:38:10.597958
Ci9DQUlRQUNvZENodHljRjlvT205SFJETjRZMlZsYVZwQ1kzSXpVWFpWZFdnMlQwRRAB,ChIJNX1CIA3jbi4R6ykDrWL-W10,Empal Gentong Krucuk 1,cirebon,Kuliner,1,"Kih sing nempati bahu jalan parkir kang bener kirik due usaha kuh sedianang tempat parkir , wis macet parkir sembarangan ning bahu jalan",2026-05-04T08:31:59.806Z,Wahyu Anjay,103236150426288873753,False,0,id,2026-05-05T05:38:10.597975
Ci9DQUlRQUNvZENodHljRjlvT205RFVVbFRhRVZKTlRkNGFIQk9TV05JTTNkRmQzYxAB,ChIJNX1CIA3jbi4R6ykDrWL-W10,Empal Gentong Krucuk 1,cirebon,Kuliner,3,"Alhamdulillah dapet Pelayan yg jutek. Gak ditanya mau empal daging aja atau campur.
Denger meja belakang, pelayannya nanyain mau empal campur atau daging aja.
Kesini better jangan dalam kondisi lapar.
Nasi keluar 10 menit setelah order.
Empal keluar 35 menit setelah nasi.
Gak tersedia Garpu, musti minta dulu ke pelayan.
Kasir kurang cekatan. Padahal antrian bayar lumayan panjang.

Makan disini buang banyak waktu.",2026-05-03T05:45:42.293Z,Resty Nur,116295692485692327396,True,0,id,2026-05-05T05:38:10.597991
Ci9DQUlRQUNvZENodHljRjlvT2xSRWRFRlRSM0JuTFU1WGRHdE9ORjlIYnpGamMzYxAB,ChIJNX1CIA3jbi4R6ykDrWL-W10,Empal Gentong Krucuk 1,cirebon,Kuliner,5,"Selalu langganan makan disini, empalnya enak",2026-05-02T10:18:47.530Z,Apotek Kirum Farma,104891117329086546598,False,0,id,2026-05-05T05:38:10.598014
Ci9DQUlRQUNvZENodHljRjlvT2xaR2RsVTBhMjlyYURCS1VESklRVU54TmxJeVUzYxAB,ChIJNX1CIA3jbi4R6ykDrWL-W10,Empal Gentong Krucuk 1,cirebon,Kuliner,1,"makanan lama banget dateng,padahal saya yang duluan datang tapi di dahulukan yang baru dateng",2026-05-02T08:30:32.561Z,Gho Farr,102922708570900517192,False,0,id,2026-05-05T05:38:10.598022
Ci9DQUlRQUNvZENodHljRjlvT25kRVdXcERVRjlqYlRFdFprSnZkSHB2ZGxoRWNuYxAB,ChIJNX1CIA3jbi4R6ykDrWL-W10,Empal Gentong Krucuk 1,cirebon,Kuliner,1,"Emoh kesini lagi meskipun suasana enak, pelayanan nya kacau balauuu...nunggu 1 1/2 jam belum datang2 juga pesanannya, malah nasi sudah dingin menunggu empal yg entah kapan datang nya...pelayan nya malah asik bergosip dipintu..ditegur iya iya aja....hadeuhhh...mood makan ancur berantakan !!!",2026-05-02T07:13:48.221Z,Raden Gunawan,116082988480856115852,True,0,id,2026-05-05T05:38:10.598030
Ci9DQUlRQUNvZENodHljRjlvT2tscGFHUTBiVmhpZVVOUlNISlBkbXhqTUdWUFpuYxAB,ChIJNX1CIA3jbi4R6ykDrWL-W10,Empal Gentong Krucuk 1,cirebon,Kuliner,5,first time kesini langsung klop karena emang se enak dan worth it banget gais 🤍,2026-05-01T13:32:31.704Z,nabila alifa,102120357462739733969,False,0,id,2026-05-05T05:38:10.598053
Ci9DQUlRQUNvZENodHljRjlvT21NMk5XZERUVkJTVHpBMlNXNUlUMk52TkVObmVtYxAB,ChIJNX1CIA3jbi4R6ykDrWL-W10,Empal Gentong Krucuk 1,cirebon,Kuliner,5,Bagus makanan enak,2026-05-01T12:52:33.927Z,Gldys,113334426217664045473,False,0,id,2026-05-05T05:38:10.598061
Ci9DQUlRQUNvZENodHljRjlvT21jemVpMVFiMnRrTm1NMlZWSk5SbnBQVDNaMVRtYxAB,ChIJNX1CIA3jbi4R6ykDrWL-W10,Empal Gentong Krucuk 1,cirebon,Kuliner,5,good culinary food,2026-05-01T12:47:04.561Z,Kakang Nicko,105938388829069590570,True,0,en,2026-05-05T05:38:10.598069
Ci9DQUlRQUNvZENodHljRjlvT25kR1EwVTFTRmRyWDJ4S1ZWVndXVm8xV0ZoTU5rRRAB,ChIJNX1CIA3jbi4R6ykDrWL-W10,Empal Gentong Krucuk 1,cirebon,Kuliner,5,Makan malam disini sangat nyaman & makanan+minuman nya jg enak..,2026-05-01T12:08:36.164Z,Yeni Maryani,103173236595728597348,False,0,id,2026-05-05T05:38:10.598078
Ci9DQUlRQUNvZENodHljRjlvT2t4NldVWjVlVUZ6UkRWTE5FOU5MWGw0WkhJd1YxRRAB,ChIJNX1CIA3jbi4R6ykDrWL-W10,Empal Gentong Krucuk 1,cirebon,Kuliner,5,"Empal gentong nya enak dan empuk, bakal balik lagi klo ke Cirebon😁",2026-05-01T10:43:02.736Z,Tom Shelby,108998120432444937872,False,0,id,2026-05-05T05:38:10.598086
Ci9DQUlRQUNvZENodHljRjlvT2xKR2FETk1SbkZsTUZWeGJtdDVPRWxuVjBwYVJFRRAB,ChIJNX1CIA3jbi4R6ykDrWL-W10,Empal Gentong Krucuk 1,cirebon,Kuliner,5,"Pelayanan baik, dan makanan sudah terjami enak",2026-05-01T09:13:32.034Z,masroh offcl,101747986772871623104,False,0,id,2026-05-05T05:38:10.598094
Ci9DQUlRQUNvZENodHljRjlvT2pkVWMwSXpSRzFrV2podFUyeHlaekpwU0VnMFFWRRAB,ChIJNX1CIA3jbi4R6ykDrWL-W10,Empal Gentong Krucuk 1,cirebon,Kuliner,5,"Kami makan di Empal Krucuk. Tipikal kuah yang kaya rempah dan medok. Empal Asemnya segar sekali, cocok dipadukan dengan nasi hangat dan sambal keringnya. Dagingnya juicy dan satenya juga gurih. Cocok buat yang cari rasa otentik dengan kualitas yang konsisten.",2026-05-01T09:00:42.001Z,Pak Suhe,101589779872394536285,True,0,id,2026-05-05T05:38:10.598102
Ci9DQUlRQUNvZENodHljRjlvT2pkd1NHNWFUbGhKWVU5YWFGQXlVM05OY25VNFUyYxAB,ChIJNX1CIA3jbi4R6ykDrWL-W10,Empal Gentong Krucuk 1,cirebon,Kuliner,5,"Makannya enakk. Apalagi yg sop iganya harus bgt dicoba soalnya dagingnya lembut bangett. Tapi sayangnya, dateng ke sana pas jam makan siang, jadi rame bangett dan agak kepanasan (cuma beberapa tempat aja yg ada AC, sisanya kipas gitu). But overall, oke bangett. Servicenya jg baguss",2026-05-01T08:32:09.493Z,Grin Titik,114593938784391140162,True,0,id,2026-05-05T05:38:10.598112
ChdDSUhNMG9nS0VJQ0FnTUNZcHB5Vl93RRAB,ChIJXYoXdWzibi4R_gZLItMjV5s,Empal Gentong Kul Cin (Kuliner Cirebon) - Doktor Cipto Mangunkusomo,cirebon,Kuliner,5,Setiap nunggu jam keberangkatan kereta pasti makan dulu disini..makanannya enak-enak,2025-05-04T00:01:25.158Z,Dwiasa Arfianti,104941209489176977131,True,0,id,2026-05-05T05:38:10.598129
ChZDSUhNMG9nS0VJQ0FnTUNJbm91LVh3EAE,ChIJXYoXdWzibi4R_gZLItMjV5s,Empal Gentong Kul Cin (Kuliner Cirebon) - Doktor Cipto Mangunkusomo,cirebon,Kuliner,5,"Empalnya enak banget, pelayananan satset Ibu dan yang lainnya juga ramah. Sangat recomended 👌🏽👌🏽👌🏽",2025-04-02T06:38:05.224Z,Hadiontay,109042174244196480926,False,0,id,2026-05-05T05:38:10.598138
ChdDSUhNMG9nS0VJQ0FnTUNRejd6NWdnRRAB,ChIJXYoXdWzibi4R_gZLItMjV5s,Empal Gentong Kul Cin (Kuliner Cirebon) - Doktor Cipto Mangunkusomo,cirebon,Kuliner,5,"Spotted
Otentik empal gentong
in real gentong bowl
in Cirebon
@empalgentongmangdarma
@empalgentongdiponegoro",2025-03-08T02:54:08.310Z,Fenny Mulyadi,103764016147752617914,True,0,id,2026-05-05T05:38:10.598148
ChdDSUhNMG9nS0VJQ0FnSUNmbXNiOXhRRRAB,ChIJXYoXdWzibi4R_gZLItMjV5s,Empal Gentong Kul Cin (Kuliner Cirebon) - Doktor Cipto Mangunkusomo,cirebon,Kuliner,5,18-19 Januari 2025,2024-12-28T05:02:55.767Z,Muhammad Desra Hafizh Dr H Muhammad Desra Hafizh,101876514519639175555,True,0,id,2026-05-05T05:38:10.598157
ChdDSUhNMG9nS0VJQ0FnSUMxek9iZGlRRRAB,ChIJXYoXdWzibi4R_gZLItMjV5s,Empal Gentong Kul Cin (Kuliner Cirebon) - Doktor Cipto Mangunkusomo,cirebon,Kuliner,5,"Salah satu empal campur yang enak, ibunya juga ramah dan ngajak ngobrol banget. Pelayanan cepat",2023-12-24T10:24:56.822Z,Kehidupan Lajang,107853776919849105247,True,0,id,2026-05-05T05:38:10.598165
ChdDSUhNMG9nS0VJQ0FnSUNKbVlpbnh3RRAB,ChIJXYoXdWzibi4R_gZLItMjV5s,Empal Gentong Kul Cin (Kuliner Cirebon) - Doktor Cipto Mangunkusomo,cirebon,Kuliner,5,I went to dinner at this resto with my family. This resto has a good location and is near my hotel. The taste of empal gentong is quite delicious. But the resto temperatures is quite hot and you need to find a spot for a better experience.. lol,2023-06-30T11:25:07.165Z,frangky robert pangalila,103449801617884026789,True,0,en,2026-05-05T05:38:10.598180
ChZDSUhNMG9nS0VJQ0FnSURSLTdPTU13EAE,ChIJXYoXdWzibi4R_gZLItMjV5s,Empal Gentong Kul Cin (Kuliner Cirebon) - Doktor Cipto Mangunkusomo,cirebon,Kuliner,5,"Enak bgt empal gentong & empal asem nya, buka dari pagi tp kalau menu sate baru ada siang",2023-05-04T22:22:37.595Z,Feisa Januar Firmansyah,102850149136912173199,True,0,id,2026-05-05T05:38:10.598189
ChZDSUhNMG9nS0VJQ0FnSURSaWRtWlV3EAE,ChIJXYoXdWzibi4R_gZLItMjV5s,Empal Gentong Kul Cin (Kuliner Cirebon) - Doktor Cipto Mangunkusomo,cirebon,Kuliner,5,"Pas gw kunyah dagingnya, dan wow empuk bgt gaes, compare kompetitor gw lebih pro mang darma, daging empuk dan ga terlalu asin (opsional bisa tambah garem), ajiblah semangkok mah kurang 😂",2023-04-28T03:45:55.390Z,indri yuanita,100774828931466206335,True,0,id,2026-05-05T05:38:10.598197
ChZDSUhNMG9nS0VJQ0FnSUNSa1lMOFR3EAE,ChIJXYoXdWzibi4R_gZLItMjV5s,Empal Gentong Kul Cin (Kuliner Cirebon) - Doktor Cipto Mangunkusomo,cirebon,Kuliner,5,lucu bgt empal ny di sajikan bersama gentongnya,2023-04-04T04:48:27.817Z,Thalia Arista,105284665203844487236,True,0,id,2026-05-05T05:38:10.598206
ChdDSUhNMG9nS0VJQ0FnSUQ2bTZlUXlBRRAB,ChIJXYoXdWzibi4R_gZLItMjV5s,Empal Gentong Kul Cin (Kuliner Cirebon) - Doktor Cipto Mangunkusomo,cirebon,Kuliner,5,"The meat is tender. The soup is tasty. Eat with ricecake and sour sweet cucumber.

Empal gentong 20k
Rice cake 5k
Ice tea 3k",2021-10-12T07:36:19.429Z,andre kusprianto,109170162938658323421,True,0,en,2026-05-05T05:38:10.598222
ChdDSUhNMG9nS0VJQ0FnSUNxdHF2OXhnRRAB,ChIJXYoXdWzibi4R_gZLItMjV5s,Empal Gentong Kul Cin (Kuliner Cirebon) - Doktor Cipto Mangunkusomo,cirebon,Kuliner,5,Excellent service,2021-06-06T06:27:19.108Z,syaiful rachman,108239896365692751069,True,1,en,2026-05-05T05:38:10.598237
ChZDSUhNMG9nS0VJQ0FnSUNxbkxiY1Z3EAE,ChIJXYoXdWzibi4R_gZLItMjV5s,Empal Gentong Kul Cin (Kuliner Cirebon) - Doktor Cipto Mangunkusomo,cirebon,Kuliner,4,"The famous empal gentong of Cirebon. Taste was average, the soup was little bit cold for me.",2021-05-30T09:30:25.615Z,Aga Bluenight,105432342470204594050,True,2,en,2026-05-05T05:38:10.598246
ChZDSUhNMG9nS0VJQ0FnTURvaWJEa1RnEAE,ChIJ52jAfpo_EQUR91v1Ij9Rh9E,Marina Restaurant & Convention Hall,cirebon,Kuliner,4,Enak. Terima kasih .,2025-04-26T04:39:41.180Z,Idris Tiswadi (Haibidristis),107723601775077709175,True,0,id,2026-05-05T05:38:10.598289
ChZDSUhNMG9nS0VJQ0FnTURJaHY2Y0ZREAE,ChIJ52jAfpo_EQUR91v1Ij9Rh9E,Marina Restaurant & Convention Hall,cirebon,Kuliner,5,"Restoran halal bernuansa oriental di pusat kota Cirebon. Tempatnya cukup luas. Terdapat beberapa ruangan VIP full AC. Sangat cocok untuk acara bisnis, keluarga atau acara besar lainnya.
Menu sangat bervariasi banyak pilihan. Taste sangat enak dan cocok dengan lidah Indonesia. Pelayanan sangat baik, ramah dan sopan. Tidak perlu menunggu lama sampai pesanan makanan dihidangkan. Harga cukup terjangkau dengan pelayanan dan kualitas makanan yang disajikan.
Area parkir cukup tersedia untuk beberapa mobil. Recommended.",2025-04-09T07:20:32.571Z,Wahyudin Wah,111717579568577330396,True,0,id,2026-05-05T05:38:10.598310
ChdDSUhNMG9nS0VJQ0FnTUNJdS1pTzhnRRAB,ChIJ52jAfpo_EQUR91v1Ij9Rh9E,Marina Restaurant & Convention Hall,cirebon,Kuliner,5,Acara Bukber Alumni SMP SDL'92,2025-04-04T23:13:27.196Z,Udin Saepudin,103046413807969487761,True,0,id,2026-05-05T05:38:10.598326
ChZDSUhNMG9nS0VJQ0FnTUNJbWZYX2JBEAE,ChIJ52jAfpo_EQUR91v1Ij9Rh9E,Marina Restaurant & Convention Hall,cirebon,Kuliner,1,Bebek ya masih ada kotoran ya d brutu nya jorok ga teliti,2025-04-03T07:48:50.104Z,Agus Maulana,101802006416857630152,False,0,id,2026-05-05T05:38:10.598340
ChdDSUhNMG9nS0VJQ0FnSURodU1qTHhnRRAB,ChIJ52jAfpo_EQUR91v1Ij9Rh9E,Marina Restaurant & Convention Hall,cirebon,Kuliner,5,"Sapi Lada Hitam 8.5/10
Ayam Sari Wangi 9/10
Bakmi Goreng Ulang Tahun 9/10
Bebek Panggang 8/10
Udang Mayonaise 9.5/10

Harga terjangkau, porsi cukup banyak, ada ukuran
S/M/L
Pelayanan ramah dan cepat
Tempatnya Nyaman, Luas, Bersih, Dingin
Bisa untuk acara-acara besar/group",2025-04-02T05:13:06.541Z,Floriawan Wibowo,114524040609919952335,True,0,id,2026-05-05T05:38:10.598348
ChZDSUhNMG9nS0VJQ0FnSUNVNTdiTFBnEAE,ChIJ52jAfpo_EQUR91v1Ij9Rh9E,Marina Restaurant & Convention Hall,cirebon,Kuliner,5,"Berkunjung kesini, survei lokasi untuk acara Halal Bihalal Keluarga Besar...
Area ballroom nya luas, fasilitas tersedia (sound system, Karaoke).
Cocok untuk acara nanti...",2025-03-26T16:03:13.309Z,Kurnia koer' KOER,112447478485112961236,True,1,id,2026-05-05T05:38:10.598364
Ci9DQUlRQUNvZENodHljRjlvT2t4b1p6WnFVbTFXTlVoMGVUUllhR0Z0WmtkRGNWRRAB,ChIJV7tqSXTibi4Rj2KKHm9O3OU,H. Moel Seafood Sudarsono,cirebon,Kuliner,5,"Tempatnya nyaman, makanan nya jg enak2. Pokonya recommended",2026-04-12T06:39:04.031Z,Siti Aisyah,111717448564434707128,False,0,id,2026-05-05T05:38:10.598373
Ci9DQUlRQUNvZENodHljRjlvT21Sck9VdFNiV3RMUjBveE9FRTVlbEZEWkZGcmVFRRAB,ChIJV7tqSXTibi4Rj2KKHm9O3OU,H. Moel Seafood Sudarsono,cirebon,Kuliner,5,Mantap....masakannya enak semua..!,2026-04-11T12:00:10.603Z,Tedjo Harianto,103592834798924731259,False,0,id,2026-05-05T05:38:10.598382
Ci9DQUlRQUNvZENodHljRjlvT25CUFpHSjFVMDlUWW5ZMmEwbGFjMFZHV1d0WGRrRRAB,ChIJV7tqSXTibi4Rj2KKHm9O3OU,H. Moel Seafood Sudarsono,cirebon,Kuliner,5,Kepting saus bangkoknya mantap,2026-04-11T05:08:02.631Z,Husni Tamrin,103910973223098449725,False,1,id,2026-05-05T05:38:10.598389
Ci9DQUlRQUNvZENodHljRjlvT2pCNFlsUmhaakJ4U1doaU5tdFlRazVPU0dsYU5YYxAB,ChIJV7tqSXTibi4Rj2KKHm9O3OU,H. Moel Seafood Sudarsono,cirebon,Kuliner,5,"Seafood nya enak-enak!
Coba beberapa menu gurame, udang saos padang, kerang mix.",2026-04-07T15:09:31.857Z,Rezki,110401580577595242633,True,1,id,2026-05-05T05:38:10.598404
Ci9DQUlRQUNvZENodHljRjlvT2xORVVIcHdhVzFrV1ZSQ1pFbEpUUzFZVldKMVVYYxAB,ChIJV7tqSXTibi4Rj2KKHm9O3OU,H. Moel Seafood Sudarsono,cirebon,Kuliner,5,Nasi goreng kepitingnya mantab..,2026-04-02T04:01:07.611Z,BERCO,111533942393812062594,True,1,id,2026-05-05T05:38:10.598413
Ci9DQUlRQUNvZENodHljRjlvT2xkR2FIbDVTVVpTUVUxVVpGUnhORUpyWDJjM01HYxAB,ChIJV7tqSXTibi4Rj2KKHm9O3OU,H. Moel Seafood Sudarsono,cirebon,Kuliner,5,Menu menu nya spesial rasa nya mantap  tenan,2026-03-21T10:41:40.122Z,441 hpl3mo7,114960173121140284781,False,1,id,2026-05-05T05:38:10.598442
Ci9DQUlRQUNvZENodHljRjlvT21nMVRVZEpTa3BJZGpOa1psaGhObW8xU2xGRVJrRRAB,ChIJV7tqSXTibi4Rj2KKHm9O3OU,H. Moel Seafood Sudarsono,cirebon,Kuliner,5,Udang bakarnya sedep bangetttt,2026-03-16T13:02:46.154Z,rezalia ingkan,100663513377283825704,False,1,id,2026-05-05T05:38:10.598460
Ci9DQUlRQUNvZENodHljRjlvT21aTFlVRTJVRjkxVDBVeFIxa3daVFpqVGtsSkxWRRAB,ChIJV7tqSXTibi4Rj2KKHm9O3OU,H. Moel Seafood Sudarsono,cirebon,Kuliner,5,our family comfort food!!,2026-03-16T13:02:27.945Z,raihanisa dera,108161701092244646431,True,0,en,2026-05-05T05:38:10.598468
Ci9DQUlRQUNvZENodHljRjlvT21oRWR5MVdOMjgyVFhFMloweFhVamhMZWw5U2NsRRAB,ChIJV7tqSXTibi4Rj2KKHm9O3OU,H. Moel Seafood Sudarsono,cirebon,Kuliner,5,Pelayanan oke tingkatkan.,2026-03-08T12:23:59.716Z,Rofiatul Khoiriyah,110711793919007912791,False,0,id,2026-05-05T05:38:10.598491
Ci9DQUlRQUNvZENodHljRjlvT2tzM1UwWlVOSFl3Y1daQk1XZzBSV1J6TXpFM1RWRRAB,ChIJV7tqSXTibi4Rj2KKHm9O3OU,H. Moel Seafood Sudarsono,cirebon,Kuliner,5,"makanan enak, pelayanan okee",2026-03-08T12:23:58.167Z,nisa erz,103888253004045450599,True,0,id,2026-05-05T05:38:10.598499
ChZDSUhNMG9nS0VJQ0FnSURJeFpuWUZ3EAE,ChIJV7tqSXTibi4Rj2KKHm9O3OU,H. Moel Seafood Sudarsono,cirebon,Kuliner,5,Mantap masakannya....👍,2026-03-07T12:24:18.309Z,Sonny Sutrisno,106587343632527503370,True,0,id,2026-05-05T05:38:10.598510
Ci9DQUlRQUNvZENodHljRjlvT2psNFh6bDNhMjluUkRoRmExUjNTRXN5TmpkUFgwRRAB,ChIJV7tqSXTibi4Rj2KKHm9O3OU,H. Moel Seafood Sudarsono,cirebon,Kuliner,5,Allhamdulilah rasa mantullll,2026-02-18T08:46:09.364Z,Rosi Apriyanti,111222402345762292318,False,1,su,2026-05-05T05:38:10.598532
ChdDSUhNMG9nS0VJQ0FnSUN5OEwydHZBRRAB,ChIJXYoXdWzibi4R_gZLItMjV5s,Empal Gentong Kul Cin (Kuliner Cirebon) - Doktor Cipto Mangunkusomo,cirebon,Kuliner,5,"Setiap ke Cirebon, Gw selalu makan Mie Koclok di sini. Gw suka rasanya. Penjualnya juga ramah. Semoga bs awet terus resto dan rasanya. Parkirnya kadang di pinggir jalan, kadang di parkiran dalam",2021-01-17T07:51:29.854Z,Soehandi Jo-Jo-Jo,112805618992099193239,True,3,id,2026-05-05T05:38:10.598562
ChdDSUhNMG9nS0VJQ0FnSURDeFphNTd3RRAB,ChIJXYoXdWzibi4R_gZLItMjV5s,Empal Gentong Kul Cin (Kuliner Cirebon) - Doktor Cipto Mangunkusomo,cirebon,Kuliner,5,"Rasa empal nya enak banget 👍👍
Seger dah empal asem nya . Maksyuss 👌",2020-10-05T10:02:56.230Z,Modela Modern,109458535106946240295,False,1,id,2026-05-05T05:38:10.598589
ChdDSUhNMG9nS0VJQ0FnSURDX0o2NDFnRRAB,ChIJXYoXdWzibi4R_gZLItMjV5s,Empal Gentong Kul Cin (Kuliner Cirebon) - Doktor Cipto Mangunkusomo,cirebon,Kuliner,5,"This place is so strategic in the middle of Cirebon City. The taste is very good, make you want to come again",2020-09-19T05:43:29.358Z,Achmad Raihan,108814170702772532406,False,1,en,2026-05-05T05:38:10.598598
ChZDSUhNMG9nS0VJQ0FnSUM4aTVqR1lnEAE,ChIJXYoXdWzibi4R_gZLItMjV5s,Empal Gentong Kul Cin (Kuliner Cirebon) - Doktor Cipto Mangunkusomo,cirebon,Kuliner,5,Tempat nya nyaman,2020-07-14T10:49:44.186Z,Zidan Mahri,105687804271905013849,True,2,id,2026-05-05T05:38:10.598607
ChZDSUhNMG9nS0VJQ0FnSUNzMGJEcFRREAE,ChIJXYoXdWzibi4R_gZLItMjV5s,Empal Gentong Kul Cin (Kuliner Cirebon) - Doktor Cipto Mangunkusomo,cirebon,Kuliner,4,"This one of the most delicious empal gentong, but particularly this branch, the drawback is only the place, not a super clean nor confortable",2020-02-05T05:31:27.851Z,anugrah pradana,118176203543182648356,True,1,en,2026-05-05T05:38:10.598638
ChZDSUhNMG9nS0VJQ0FnSURNcDZ1UGVnEAE,ChIJXYoXdWzibi4R_gZLItMjV5s,Empal Gentong Kul Cin (Kuliner Cirebon) - Doktor Cipto Mangunkusomo,cirebon,Kuliner,5,Salah satu empal gentong legendaris di Cirebon. Perlu dicoba untuk melengkapi kunjungan ke Cirebon.,2020-01-14T13:51:35.837Z,Yopi Widodo,110060297412011929515,True,1,id,2026-05-05T05:38:10.598647
ChZDSUhNMG9nS0VJQ0FnSUNNaFlDRkl3EAE,ChIJXYoXdWzibi4R_gZLItMjV5s,Empal Gentong Kul Cin (Kuliner Cirebon) - Doktor Cipto Mangunkusomo,cirebon,Kuliner,5,Ueenaaakk tenaaaan..,2019-11-27T07:32:30.106Z,ninda dudy,113530280620074458334,True,2,hi,2026-05-05T05:38:10.598655
ChZDSUhNMG9nS0VJQ0FnSUQwdnMtNWZ3EAE,ChIJXYoXdWzibi4R_gZLItMjV5s,Empal Gentong Kul Cin (Kuliner Cirebon) - Doktor Cipto Mangunkusomo,cirebon,Kuliner,3,"Sekarang tidak terlalu ramai, mungkin sudah banyak alternatif lain, rasa lumayan, cuma agak lama menunggu menu siap.di santap",2019-11-07T04:07:55.370Z,"Enjo Al-Madnur, ST",110289645528568781374,True,1,id,2026-05-05T05:38:10.598677
ChZDSUhNMG9nS0VJQ0FnSUQwN3ZHM0pnEAE,ChIJXYoXdWzibi4R_gZLItMjV5s,Empal Gentong Kul Cin (Kuliner Cirebon) - Doktor Cipto Mangunkusomo,cirebon,Kuliner,5,Mantep rempah nya,2019-11-06T01:36:46.165Z,Ahmad Mudhofir,110345048456900169711,True,2,id,2026-05-05T05:38:10.598688
Ci9DQUlRQUNvZENodHljRjlvT2pBdFUyNXZMWEJZWlUwd1VrUXdiMkZLVEhaS01WRRAB,ChIJV7tqSXTibi4Rj2KKHm9O3OU,H. Moel Seafood Sudarsono,cirebon,Kuliner,5,"Sudah tidak diragukan lagi, rasa, pelayanan dan tempat…. Mantulll….",2026-02-17T07:19:01.470Z,Kanipa Suharto,103046691438530228304,False,1,id,2026-05-05T05:38:10.598703
Ci9DQUlRQUNvZENodHljRjlvT25CdWIwWnNUMHRXTW5CTFRqY3pjRGR0VjNNeWFrRRAB,ChIJV7tqSXTibi4Rj2KKHm9O3OU,H. Moel Seafood Sudarsono,cirebon,Kuliner,5,"Harga murah meriah, ada paket diskon menu nya lengkap dan enak enak",2026-02-17T07:10:14.360Z,Black,112642852932877831022,False,1,id,2026-05-05T05:38:10.598722
Ci9DQUlRQUNvZENodHljRjlvT2xKa1dGb3RiRVpmV2s0MGFEbDZieTFzVmpkVlZsRRAB,ChIJV7tqSXTibi4Rj2KKHm9O3OU,H. Moel Seafood Sudarsono,cirebon,Kuliner,5,"There nothing change for the taste, terakhir makan disini tahun 2017 atau 2018 kalau ga salah. Tryin now and still one of my fav list!❤️",2026-02-16T13:18:37.069Z,Yuni Sarianti,117074686851111681815,False,0,id,2026-05-05T05:38:10.598731
Ci9DQUlRQUNvZENodHljRjlvT2t4Q1RUbHZSa3AzTWpKblRYTkJXWGszVTA1YVdFRRAB,ChIJV7tqSXTibi4Rj2KKHm9O3OU,H. Moel Seafood Sudarsono,cirebon,Kuliner,5,"makanan nya enak enak, pelayanan nya juga sangat ramah",2026-02-16T07:23:58.398Z,Fitria Agristina Wijaya,111237114009909619628,False,1,id,2026-05-05T05:38:10.598739
Ci9DQUlRQUNvZENodHljRjlvT2s5VlVubzJZVGhWV1V0eFNUTndlWGhMTVZGRWNIYxAB,ChIJV7tqSXTibi4Rj2KKHm9O3OU,H. Moel Seafood Sudarsono,cirebon,Kuliner,5,"seafood nya enak, langganan saya sama keluarga, dan baru tadi malem ngajak calon suami kesana, dan dia pun suka☺",2026-02-14T22:56:14.002Z,Yusi Aisah,110862172796914775685,True,1,id,2026-05-05T05:38:10.598769
Ci9DQUlRQUNvZENodHljRjlvT2xZNWJqaGlablJSVnpKRFVrWlVNSFJ4VFZVeWRFRRAB,ChIJV7tqSXTibi4Rj2KKHm9O3OU,H. Moel Seafood Sudarsono,cirebon,Kuliner,5,The Kerapu Asam Manis is good.,2026-02-13T13:37:35.695Z,Farida Komalasari,105890174502086541446,False,1,ms,2026-05-05T05:38:10.598793
Ci9DQUlRQUNvZENodHljRjlvT2xsMVJWVm5WbXczT1ZkR1UxWjRNRVZqYkhWUU1GRRAB,ChIJV7tqSXTibi4Rj2KKHm9O3OU,H. Moel Seafood Sudarsono,cirebon,Kuliner,5,Harga murah kualitas mantap,2026-02-12T12:55:53.598Z,Tri Febrianto,117162497911141398679,False,1,id,2026-05-05T05:38:10.598802
Ci9DQUlRQUNvZENodHljRjlvT25KcmJXWllXbmt3UWpWSUxWWkJURmt0TTNSc1RWRRAB,ChIJV7tqSXTibi4Rj2KKHm9O3OU,H. Moel Seafood Sudarsono,cirebon,Kuliner,5,"makanannya enak, pelayannya ramah",2026-02-12T12:46:39.646Z,adli riadhi,117709376233069870729,True,1,id,2026-05-05T05:38:10.598811
ChdDSUhNMG9nS0VJQ0FnSURVOTRXZzZ3RRAB,ChIJXYoXdWzibi4R_gZLItMjV5s,Empal Gentong Kul Cin (Kuliner Cirebon) - Doktor Cipto Mangunkusomo,cirebon,Kuliner,5,Empal gentong nya maknyuss,2019-09-08T05:44:19.712Z,yono sutrisno,105983956505305581973,True,1,id,2026-05-05T05:38:10.598842
ChZDSUhNMG9nS0VJQ0FnSURVaG9mck13EAE,ChIJXYoXdWzibi4R_gZLItMjV5s,Empal Gentong Kul Cin (Kuliner Cirebon) - Doktor Cipto Mangunkusomo,cirebon,Kuliner,5,有台灣味的虱目魚湯及冰品，陳老闆親切好客,2019-08-21T15:11:20.340Z,陳明山印尼萬隆,109333145575111066785,True,1,zh-Hant,2026-05-05T05:38:10.598866
ChdDSUhNMG9nS0VJQ0FnSURVdk15dHpRRRAB,ChIJXYoXdWzibi4R_gZLItMjV5s,Empal Gentong Kul Cin (Kuliner Cirebon) - Doktor Cipto Mangunkusomo,cirebon,Kuliner,5,"Suasana toko nyaman dan sejuk, terhindar dari teriknya matahari Cirebon. Pada kesempatan ini saya mencoba empal gentong + lontong, dan cita rasanya memuaskan. Dagingnya dimasak perlahan sehingga lembut, serta rasio daging:lemak cukup seimbang. Kuahnya harum dan terkesan berat, namun relatif ringan sehingga porsi yang besar tidak membuat lidah bosan dengan kuahnya. Sekian, terima kasih atas empal gentongnya.",2019-08-17T11:23:21.602Z,Rio Aditya,113033984681893411726,True,1,id,2026-05-05T05:38:10.598882
Ci9DQUlRQUNvZENodHljRjlvT2xGSU9GUjFiVUp2UTFwMk1rczViVGMwVEVGVlVtYxAB,ChIJNX1CIA3jbi4R6ykDrWL-W10,Empal Gentong Krucuk 1,cirebon,Kuliner,5,Ramai sekalii😍 pelayanan ramah😄,2026-05-01T07:36:01.809Z,Anastasia Leviani Rivela,108473220273038936123,False,0,id,2026-05-05T05:38:10.598919
Ci9DQUlRQUNvZENodHljRjlvT2tReFlWVkJZVkV0TTI5TmRXOW1RVXRZVW10cWVVRRAB,ChIJNX1CIA3jbi4R6ykDrWL-W10,Empal Gentong Krucuk 1,cirebon,Kuliner,5,Makanan nya enak dan minuman nya  enak,2026-05-01T06:26:51.348Z,Azkadina Khairani,115581491066612172834,False,0,id,2026-05-05T05:38:10.599001
Ci9DQUlRQUNvZENodHljRjlvT25ndFFtRllZWGMyU1RBMFNWOTNPRE5NV21zdFMwRRAB,ChIJNX1CIA3jbi4R6ykDrWL-W10,Empal Gentong Krucuk 1,cirebon,Kuliner,5,Makanannya enak,2026-05-01T06:24:07.805Z,yiyis ismaili,115197152466077977227,True,0,id,2026-05-05T05:38:10.599009
Ci9DQUlRQUNvZENodHljRjlvT2xkalUwMVFWekl6UTJOaVpITkZXa1EzT1RRMVpIYxAB,ChIJNX1CIA3jbi4R6ykDrWL-W10,Empal Gentong Krucuk 1,cirebon,Kuliner,5,"Empalnya enak, daging kambingnya empuk",2026-05-01T06:23:42.567Z,Fawazi BA,109395336187305884933,True,0,id,2026-05-05T05:38:10.599017
Ci9DQUlRQUNvZENodHljRjlvT2xORU5XRldTVGRoUkhwMGVXcEJVRXBNTmxSNmRuYxAB,ChIJNX1CIA3jbi4R6ykDrWL-W10,Empal Gentong Krucuk 1,cirebon,Kuliner,5,"Makanan mantap, pelayanan ramah, tempatnya adem.",2026-05-01T05:57:58.009Z,Nuki Sudrajat Effendy,117510471252418276889,False,0,id,2026-05-05T05:38:10.599026
Ci9DQUlRQUNvZENodHljRjlvT2pGeU5XZFBkRGsyTVVWelZVeHZhV2RRY2xGQlRFRRAB,ChIJNX1CIA3jbi4R6ykDrWL-W10,Empal Gentong Krucuk 1,cirebon,Kuliner,5,Rekomen.. empal gentong 👌empal asem juga enak.,2026-05-01T04:58:09.174Z,Denny Santoso,116865277753583598378,False,0,id,2026-05-05T05:38:10.599034
Ci9DQUlRQUNvZENodHljRjlvT2twSldHZHlXblZuTlVVNFpYcE9PRFJFZWxBeGVIYxAB,ChIJNX1CIA3jbi4R6ykDrWL-W10,Empal Gentong Krucuk 1,cirebon,Kuliner,5,"Makanan nya enak, tempat nya juga nyaman.",2026-05-01T03:11:11.335Z,af crb,111128515945303567254,False,0,id,2026-05-05T05:38:10.599043
Ci9DQUlRQUNvZENodHljRjlvT2t3MlIydGxPUzFyVlhwdFlrcGFPVUkwVGw5dldrRRAB,ChIJNX1CIA3jbi4R6ykDrWL-W10,Empal Gentong Krucuk 1,cirebon,Kuliner,5,Empal gentong yang selalu jadi favorit keluarga kalau ke Cirebon. Enak banget 👍,2026-04-30T13:14:17.591Z,Marlon Suyanthio,106737232047794591187,False,0,id,2026-05-05T05:38:10.599051
Ci9DQUlRQUNvZENodHljRjlvT2xjNFQzZzVUa2hCVlhoRVltVjZhMFJ4YjFFM1IwRRAB,ChIJNX1CIA3jbi4R6ykDrWL-W10,Empal Gentong Krucuk 1,cirebon,Kuliner,5,"Sengaja ke Cirebon hanya untuk mencoba makanan khas empal gentong. Alhamdulillah memuaskan. Disini saya menemukan empal gentong yang enak banget. Banyak menu tersedia dengan harga yang cukup terjangkau karna isian daging nya sangat banyak dan empuk

Mungkin saran. Tempat makan dalam yang ada ac nya tidak dingin sama sekali. Walaupun di tambah kipas angin gede, malah mengurangi estetika. Padahal secara tempat sudah sangat bagus

Tempat parkir motor dan mobil cukup luas dengan harga terjangkau. Motor 1rb dan mobil 2rb",2026-04-30T12:29:25.579Z,Faruq Erfianto,110068777448729309426,True,0,id,2026-05-05T05:38:10.599062
Ci9DQUlRQUNvZENodHljRjlvT2xCd05qVTVUM05WVlRkNE5tbHBiV3BuV1dGeldIYxAB,ChIJr7J7anTibi4RKYECuNe9WuY,Markas Cafe,cirebon,Kuliner,5,Mantab saya sering live manggung disini klo malam minggu bareng look@me music,2026-04-13T05:51:40.016Z,Ilham ZN,112307703666220669144,True,0,id,2026-05-05T05:38:10.599093
Ci9DQUlRQUNvZENodHljRjlvT25CME5tVTJlVWRaVGtwaWFUTnpNRXAxWTFKeVdsRRAB,ChIJr7J7anTibi4RKYECuNe9WuY,Markas Cafe,cirebon,Kuliner,1,Beli dimsum nya 2 porsi ama Tempe tepung dimsum nya udah keras banget smpe ga di makan Dan mentainya berserakan kemana Mana Tempe tepung nya bahkan gada rasany d buat bentuk nya asal asalan gendut2 bantet parah banget si !!! Kapok beli mahal doang ga kemakan jd nya mentang2 belinya udah malem,2026-04-11T17:41:12.707Z,Nabila Bila,104963599519887991890,False,0,id,2026-05-05T05:38:10.599108
Ci9DQUlRQUNvZENodHljRjlvT2pGTGRVOXlUVmxCZW5CWVJEaEpRemhSWkhkMlkzYxAB,ChIJr7J7anTibi4RKYECuNe9WuY,Markas Cafe,cirebon,Kuliner,4,Cafe favorit warga cirebon kyknya ini. Lokasinya strategis sih. Luas bgt dan ada live musiknya. Untuk pilihan menunya byk bgt. Harganya jg murmer. Cocok buat kumpul keluarga atau bareng teman.,2026-04-05T22:52:59.962Z,INoz DM,103424318418174125374,True,0,id,2026-05-05T05:38:10.599123
Ci9DQUlRQUNvZENodHljRjlvT2w5RVVqSm5Wbmd3V2kxTWEwOXNZVzl2UzI4dE5uYxAB,ChIJr7J7anTibi4RKYECuNe9WuY,Markas Cafe,cirebon,Kuliner,1,TOLONGLAH KALO MILIH LIVE MUSIC YANG BENER JANGAN YANG SUKA BIKIN JANTUNGAN LAGU NGGAK JELAS UDAH TAU PENGUNJUNG NYA BUKAN ANAK MUDA DOANG!!!! PENGUNJUNG DIBIKIN NGGAK NYAMAN SAMA LIVE MUSIC NYA YG NGGAK JELASS????,2026-04-04T15:43:20.042Z,Aulia Finn,110882978327855899779,True,0,id,2026-05-05T05:38:10.599138
Ci9DQUlRQUNvZENodHljRjlvT2xWaVozTlRWalIwVmtaWVNtZEJWVmRaUnpjd2NYYxAB,ChIJr7J7anTibi4RKYECuNe9WuY,Markas Cafe,cirebon,Kuliner,5,Makanan nya enak dan murah pelayanan juga cepet suasa ramai banget,2026-04-03T03:35:24.621Z,ratu auliya,100596671009239689825,False,0,id,2026-05-05T05:38:10.599146
Ci9DQUlRQUNvZENodHljRjlvT21WeE5VUkVabFpOWW5kM1FucGxSR3A0TFZkZlpFRRAB,ChIJr7J7anTibi4RKYECuNe9WuY,Markas Cafe,cirebon,Kuliner,2,"Suasana ok tapi rasa masakannya asem, capcai seaafood goreng harga 40rb blum pajak. Udangnya cuma 3 ekor kecil imut kayak di foto. Rasanya hancur asem.

Respon atas balasan admin:
Kalau memang tdk menggunakan bumbu bahan asam berarti bahan baku/pokoknya yg udh asem (kualitas buruk). Nyobain aja dulu gak usah bela diri. Gak enak banget. Porsi utk 2 org, alamakkk realitanya porsi sedikit gitu buat 2 orang. Ngarang aja adminnya ini cuma tahu balas komen tapi gak melakukan sidak rutin ke dapur.
Terus itu kenapa nama seafood tapi hy ada udang cilik2 3 biji.",2026-03-27T00:47:59.733Z,Dinas Tarigan,108780252047161805951,True,1,id,2026-05-05T05:38:10.599177
Ci9DQUlRQUNvZENodHljRjlvT2xWVk1uTnVhbGgzU210MmVIQnJXVXgxUlRGSGVFRRAB,ChIJr7J7anTibi4RKYECuNe9WuY,Markas Cafe,cirebon,Kuliner,1,"Banyak kecoa, pelayanan sangat lambat",2026-03-23T10:29:24.205Z,Fira Esha,107577689589160146991,False,0,id,2026-05-05T05:38:10.599200
Ci9DQUlRQUNvZENodHljRjlvT2w5NFMwRTVibU5LV1ZCME5VeGpOMXBPTWxGUWNHYxAB,ChIJr7J7anTibi4RKYECuNe9WuY,Markas Cafe,cirebon,Kuliner,1,Pelayanan lama!!,2026-03-15T11:29:57.579Z,Iim Mustaqimah,117794288803561189781,False,0,id,2026-05-05T05:38:10.599215
Ci9DQUlRQUNvZENodHljRjlvT2s4MmN6VkJURVZ5ZEZSbFN6ZGZSM2hNWWtwV1ZuYxAB,ChIJNX1CIA3jbi4R6ykDrWL-W10,Empal Gentong Krucuk 1,cirebon,Kuliner,2,"Empal gentongnya lumayan enak, tahu gejrotnya lbh ke arah manis. Sate maranggi dan sate kambingnya empuk, tapi bumbunya dikit. Pelayanannya sangat mengesalkan, rombongan kita dtg duluan, pesanan disajikan nyicil, jd sebagian sdh habis makannya, yg lain msh bengong nunggu pesanan dateng. Manajemen ordernya kayaknya kacau balau, tdk first in first serve, mana ada pelayan yg jutek, ditanya jawabnya ketus.  Kapok dtg kesini",2026-04-29T06:32:45.461Z,US Agustina,110388883728801715028,True,0,id,2026-05-05T05:38:10.599246
Ci9DQUlRQUNvZENodHljRjlvT25CU2JEWjRNSEZHWjNkUGJGVjNUbVJVUWtoWmJYYxAB,ChIJNX1CIA3jbi4R6ykDrWL-W10,Empal Gentong Krucuk 1,cirebon,Kuliner,5,"saya makan di area cafe, pelayanan oke banget cepet buat saya yang lagi kelaperan 🤣",2026-04-29T04:49:51.214Z,evelyn neph,101962875665162737101,True,0,id,2026-05-05T05:38:10.599255
Ci9DQUlRQUNvZENodHljRjlvT2tGdVQxcEdMVlpaVkhsNmFWZzFiRWxOVGkxb1ltYxAB,ChIJNX1CIA3jbi4R6ykDrWL-W10,Empal Gentong Krucuk 1,cirebon,Kuliner,5,Empal gentongnya sama sate marangginya enak!,2026-04-27T12:03:12.746Z,Rury Fuadhilah,106049449896059207771,False,0,id,2026-05-05T05:38:10.599270
Ci9DQUlRQUNvZENodHljRjlvT2tOZkxURk5Ua0ZYZWpReVdGWjBXRFpMYkRoclkwRRAB,ChIJNX1CIA3jbi4R6ykDrWL-W10,Empal Gentong Krucuk 1,cirebon,Kuliner,4,"Enaaaak, ga heran rame terus. Datang lebih awal aja, supaya kebagian empal yg ga pake santan. Minumannya bisa request gula dikit atau ga pake gula sama sekali.",2026-04-27T04:12:47.158Z,Meano,100649813604042965891,True,0,id,2026-05-05T05:38:10.599278
Ci9DQUlRQUNvZENodHljRjlvT21KV2RVSkxZVVkxVFRWRWFYVTNVSHBJYTI0NFlXYxAB,ChIJNX1CIA3jbi4R6ykDrWL-W10,Empal Gentong Krucuk 1,cirebon,Kuliner,5,"Hey. I am lucky to have like them.
Good food and services",2026-04-27T03:49:18.390Z,Muhammad Akmal Maula,105525759910004916368,True,0,en,2026-05-05T05:38:10.599286
Ci9DQUlRQUNvZENodHljRjlvT21GTGRYZzRWbU5aT0VsdmRETnpTbk4yVkRnMVkyYxAB,ChIJNX1CIA3jbi4R6ykDrWL-W10,Empal Gentong Krucuk 1,cirebon,Kuliner,5,"Mantap deh.
Sarapan pagi disana",2026-04-26T01:30:31.533Z,FAIZ RASYIDI,111469559902132038796,True,0,id,2026-05-05T05:38:10.599315
Ci9DQUlRQUNvZENodHljRjlvT2xGd2RFWk9TSE01V0hoclkzWjRXbUpvVkY5aFVIYxAB,ChIJr7J7anTibi4RKYECuNe9WuY,Markas Cafe,cirebon,Kuliner,1,pelayanan nya lama bangetttt,2026-03-08T11:56:34.006Z,Windy Wulandari,101795919267956082705,False,0,id,2026-05-05T05:38:10.599330
Ci9DQUlRQUNvZENodHljRjlvT21KWFpVUnlRMUZOVVdVelVEazNaRzV6TTBkRk5HYxAB,ChIJr7J7anTibi4RKYECuNe9WuY,Markas Cafe,cirebon,Kuliner,2,"Harga termasuk murah, makanan enak kok dan tempat nyaman. Tapi service jujur lama banget, pelayanan cuek"" banget, waktu disamperin ke kasir baru makanan dianterin padhaal sebelum nya udah minta tlong ke kaka yang lewat"". dilayanin setelah 30-40 menit menunggu, padahal makanan yang ditunggu udah dingin 😩 Service nya tolong dibenerin yaa, sisanya okee kok!",2026-02-28T13:19:14.928Z,elynjjess jejess,114264868237314791020,False,0,id,2026-05-05T05:38:10.599345
Ci9DQUlRQUNvZENodHljRjlvT2xoVlZqSTVTMjFUT1Zod2JEZGpYMHhDTWpWb1FsRRAB,ChIJr7J7anTibi4RKYECuNe9WuY,Markas Cafe,cirebon,Kuliner,5,"Lokasi mudah dijangkau dan tempatnya tertata dengan rapi. Fasilitasnya lengkap, harga juga terjangkau. Pengalaman berkunjung ke sini sangat menyenangkan, pasti ingin kembali lagi lain waktu. Recommended banget!",2026-02-18T09:57:25.899Z,Suta ID,115739000847154515010,True,0,id,2026-05-05T05:38:10.599354
Ci9DQUlRQUNvZENodHljRjlvT2tFelUyWndUMmQyZDFwVmNUUjFUVTU0UlV4bVVGRRAB,ChIJr7J7anTibi4RKYECuNe9WuY,Markas Cafe,cirebon,Kuliner,1,Lebih enak dari pada udang yang lain lalu banyak yg datang disana dan harganya lebih murah🍟🍟🍱🍱,2026-02-18T07:55:04.959Z,Hasna Aulia,108779641884631750984,False,0,id,2026-05-05T05:38:10.599362
Ci9DQUlRQUNvZENodHljRjlvT2tkVldXOXpibFpMTUMxNVpIY3RXVkZFTVRGS1YxRRAB,ChIJr7J7anTibi4RKYECuNe9WuY,Markas Cafe,cirebon,Kuliner,5,"tempatnya enak banget, cocok untuk temen temen nongki di sini. Ada live musik juga",2026-02-16T02:51:39.978Z,Akbar Smartvacation,111735903092745049934,True,1,id,2026-05-05T05:38:10.599372
Ci9DQUlRQUNvZENodHljRjlvT2toRlJIUTBSVVZWTjBWNU0yWXRhVkZXTjJ0NVozYxAB,ChIJr7J7anTibi4RKYECuNe9WuY,Markas Cafe,cirebon,Kuliner,5,Tempat makan favorit👍,2026-02-03T05:40:06.610Z,Nita Fitriani,105761803973873380690,True,0,id,2026-05-05T05:38:10.599388
Ci9DQUlRQUNvZENodHljRjlvT2xOeWIwRkpaSFZDTlZGbWVGaEtSV2N6UkZocmQwRRAB,ChIJr7J7anTibi4RKYECuNe9WuY,Markas Cafe,cirebon,Kuliner,2,"Sebenarnya untuk markas nya sendiri ok, tapi yang menyebalkan parkirnya.. kaya setan... Datang ga diarahkan.. begitu pulang ga diparkiri.. tau tau minta uang aja...",2026-01-30T00:16:39.088Z,kumbara geni,102363242269285707403,False,0,id,2026-05-05T05:38:10.599403
Ci9DQUlRQUNvZENodHljRjlvT25GMVUySm1SalphWmw5S2RrWTFRVzVDZFRkUFQwRRAB,ChIJr7J7anTibi4RKYECuNe9WuY,Markas Cafe,cirebon,Kuliner,5,"Makanya enak harga relatif murah tempat nongkrong paling nyaman  cocok buat anak muda dan kumpul keluarga , waiter Faizin the best good service 😂👍",2026-01-21T14:00:54.341Z,Emas Pri hadiyatna,109417676264262188374,False,0,id,2026-05-05T05:38:10.599418
Ci9DQUlRQUNvZENodHljRjlvT21aMWQyMDVhMjVsVW1oa2VtUTRYelZtTFV0Q1JsRRAB,ChIJr7J7anTibi4RKYECuNe9WuY,Markas Cafe,cirebon,Kuliner,5,Nyaman bngt sih bwt ajak kluarga kecil juga. Menu nya juga bnyk. Tmpt hangout dari dulu sih,2026-01-14T14:12:45.431Z,Adin Sadega,114313131976707788310,False,0,id,2026-05-05T05:38:10.599433
Ci9DQUlRQUNvZENodHljRjlvT25GMlZVdE1aR2h2WlVaQ1VtbHdSRWR1VG1GalpuYxAB,ChIJr7J7anTibi4RKYECuNe9WuY,Markas Cafe,cirebon,Kuliner,5,"Buat yg nyari tempat nongkrong sama kekuarga merapat langsung,banyak makanan enak dan tempat nongkrong yang asik,langsung di temenein live music yg asik sambil nyari angin sepoy2 pinggir jalan.",2026-01-13T15:12:46.332Z,Fahrudin Puji,111968350415536863665,False,0,id,2026-05-05T05:38:10.599443
Ci9DQUlRQUNvZENodHljRjlvT2tsbVNHWldSRk5UVlhKMmMySkpURTR0WnpGcE1FRRAB,ChIJr7J7anTibi4RKYECuNe9WuY,Markas Cafe,cirebon,Kuliner,5,"makanan nya enak harganya juga wor it , menu nya komplit",2026-01-08T11:58:46.547Z,Wulan Gesta,109554730586367593638,False,0,id,2026-05-05T05:38:10.599458
Ci9DQUlRQUNvZENodHljRjlvT25STGFURXpkM0kxVFRJMmJsWXhhalJSTkVsRmQwRRAB,ChIJr7J7anTibi4RKYECuNe9WuY,Markas Cafe,cirebon,Kuliner,5,cafe markas asik banget makanan nya juga enak’ tempatnya juga nyaman,2026-01-06T12:44:12.557Z,VANESSA ELVIANNA PRANOTO TP.2526,100643184729886165094,False,0,id,2026-05-05T05:38:10.599465
Ci9DQUlRQUNvZENodHljRjlvT2xBeGNXUkpkRzEzVDNoR1dsWTVOalJ2ZG5oalZXYxAB,ChIJr7J7anTibi4RKYECuNe9WuY,Markas Cafe,cirebon,Kuliner,5,"Tempatnya nyaman, makanan nya enak dan sudah terverifikasi halal nya juga",2026-01-05T16:56:58.797Z,Agus Maulana,102990709621455908724,False,0,id,2026-05-05T05:38:10.599473
Ci9DQUlRQUNvZENodHljRjlvT2pjMlVVd3hjRlZpTFRaVlRHVllUbTV4VDB0Q0xWRRAB,ChIJr7J7anTibi4RKYECuNe9WuY,Markas Cafe,cirebon,Kuliner,5,"Tempat nongkrong yg 24 jam di pinggir jalan kota,makanan enak harga ekonomis",2026-01-01T01:23:02.805Z,Stephen Kristian,103246974877155220950,True,0,id,2026-05-05T05:38:10.599481
Ci9DQUlRQUNvZENodHljRjlvT21GM05tZHFlVmhPUTNWNlpqQlZObXBZWm1OelVsRRAB,ChIJr7J7anTibi4RKYECuNe9WuY,Markas Cafe,cirebon,Kuliner,5,"Nasi goreng kampungnya juaraa, selalu pesen ini kalo ke sini huhu",2025-12-27T12:01:13.667Z,Sukajajan,113716663185663566006,True,0,id,2026-05-05T05:38:10.599492
Ci9DQUlRQUNvZENodHljRjlvT21kWlNtcFZSMjlrZGpkWVMyNTBaREJEUzIxTFptYxAB,ChIJr7J7anTibi4RKYECuNe9WuY,Markas Cafe,cirebon,Kuliner,5,good servis & cozyy. mantap.,2025-12-19T10:45:16.575Z,Riska Fenita,105858764672762676954,False,0,id,2026-05-05T05:38:10.599529
Ci9DQUlRQUNvZENodHljRjlvT2psM04zWkhjR3hVVW13eGMwWmhNbEpFT0hjMlJVRRAB,ChIJr7J7anTibi4RKYECuNe9WuY,Markas Cafe,cirebon,Kuliner,5,"Cafe Markas resto utk santai paling asik..varian makanan banyak,murah,pelayanan cepat..pokoke top",2025-12-11T10:30:06.875Z,euis sulastri23,115671912582401553165,False,0,id,2026-05-05T05:38:10.599537
Ci9DQUlRQUNvZENodHljRjlvT210clYyOU9WSGxUVW5CcExUaHBORE5rUVhVdE1XYxAB,ChIJr7J7anTibi4RKYECuNe9WuY,Markas Cafe,cirebon,Kuliner,5,Service  memuaskan,2025-12-11T10:27:58.863Z,Abay Bayyuswandi,115983794173360056428,False,0,id,2026-05-05T05:38:10.599545
Ci9DQUlRQUNvZENodHljRjlvT21KMlkxSTFTWE40WjNCM1dVZHJkR1ZSZDFGU1RGRRAB,ChIJr7J7anTibi4RKYECuNe9WuY,Markas Cafe,cirebon,Kuliner,5,"Suasananya oke, makanannya mantap josjis",2025-12-10T14:19:24.202Z,Syahrul Ramdhani,108882198443107321844,False,0,id,2026-05-05T05:38:10.599560
Ci9DQUlRQUNvZENodHljRjlvT20xSWFFMUlSRGxOZURjNFdVeEdValJKUWxZMk5rRRAB,ChIJr7J7anTibi4RKYECuNe9WuY,Markas Cafe,cirebon,Kuliner,5,"Tempat nyah nyaman, pelayanannya ramah mantap buat nongkrong",2025-12-10T14:14:44.169Z,Indra Dhevie,106898733044586959565,False,0,id,2026-05-05T05:38:10.599576
