review_id,place_id,place_name,wilayah,kategori,rating,review_text,review_date,reviewer_name,reviewer_id,is_local_guide,likes_count,original_language,scraped_at
Ci9DQUlRQUNvZENodHljRjlvT2xsbGJ5MUdTVzFaUlZSd1VrVXlkbkJLVmpKbFFuYxAB,ChIJT4y_g4S_bi4RWVf5Da9JeiA,Burger Bangor Lemahmekar,indramayu,Nongkrong,5,"Tempat burger favorit yang buka 24 jam! Lokasinya mudah diakses karena berada di tengah kota, lengkap dengan area parkir dan opsi makan di tempat. Burgernya selalu enak dan hangat. Sedikit catatan agar stok patty lebih diperhatikan lagi supaya tidak kehabisan saat sedang ramai. Selebihnya, ini salah satu burger terbaik!",2026-03-26T10:09:15.321Z,Ummu Tasyiah,112842310110612065054,True,0,id,2026-05-05T05:19:07.453814
Ci9DQUlRQUNvZENodHljRjlvT2pCeWJFZFBXRXRCZW5wcWNWQmpUbkZUUVRKSGFXYxAB,ChIJT4y_g4S_bi4RWVf5Da9JeiA,Burger Bangor Lemahmekar,indramayu,Nongkrong,1,"Pelayanan lama, tidak berdasarkan antrian",2026-03-22T12:21:13.009Z,mohamad basuki,114079858447620064981,True,0,id,2026-05-05T05:19:07.453837
Ci9DQUlRQUNvZENodHljRjlvT25veFRHVldkV3RIZWxadVVYTTNORE16U2w5SGJuYxAB,ChIJT4y_g4S_bi4RWVf5Da9JeiA,Burger Bangor Lemahmekar,indramayu,Nongkrong,5,Burgernya enak jos gandos kinyis kinyis,2025-12-10T18:12:37.828Z,Muchammad Fachri,113959708243590160810,False,0,id,2026-05-05T05:19:07.453882
Ci9DQUlRQUNvZENodHljRjlvT2paNVFtTTFaRkk1ZVhoNVpFeERVbkExU1VOd09VRRAB,ChIJT4y_g4S_bi4RWVf5Da9JeiA,Burger Bangor Lemahmekar,indramayu,Nongkrong,5,"Burger enak, harga terjangkau",2025-12-05T06:09:11.389Z,3K Perpajakan,106009708701814662666,False,0,id,2026-05-05T05:19:07.453900
Ci9DQUlRQUNvZENodHljRjlvT2pSWlQzVk1aR0pRZVRWNE1HdElSV0YzY0Rac1duYxAB,ChIJT4y_g4S_bi4RWVf5Da9JeiA,Burger Bangor Lemahmekar,indramayu,Nongkrong,3,"Your girl waitress'es services are Good, but the Man's one who little bit chubbie was so bad.
I think the owner must visit oftenly and train Your waiters.
Food absolutely delicious.",2025-10-20T14:42:58.847Z,Ariq Yuri Ristanto,106524819216657035591,True,0,en,2026-05-05T05:19:07.453931
Ci9DQUlRQUNvZENodHljRjlvT2xOd2MyaGZjSFpuTjFwNGFucFZSR3B1VURkdk5VRRAB,ChIJT4y_g4S_bi4RWVf5Da9JeiA,Burger Bangor Lemahmekar,indramayu,Nongkrong,1,"Serba kurang .,, pelayanan, orderannya, lama nunggu nya.,, dulu bisa via wa sekarang gak bisa lagi.,, harus datang langsung mending cepet.,, minimal 15-20menit itu kalo sepi,, kalo ada 3/4 pembeli bisa stengah jaman.,,",2025-07-31T08:58:28.956Z,Rio Agustian,113454876660609582894,False,0,id,2026-05-05T05:19:07.453966
Ci9DQUlRQUNvZENodHljRjlvT20xc1JWaHhTVzlEVVhSbWVHSnhMVFpoWnpCbmVXYxAB,ChIJp9TlQmS5bi4RF6q13oD94Gg,KOZI Coffee Indramayu,indramayu,Nongkrong,5,"Order: Hot Cappuccino, taste gewwwwd as requested. Love the cashier's hospitality, Mas Hepi, seems so dedicated.
2 cups cost 48k. Worth it.",2026-03-22T10:26:28.168Z,Lly,102462427810589950821,True,0,en,2026-05-05T05:19:07.454024
Ci9DQUlRQUNvZENodHljRjlvT2pReFVFWTFUVVV5VWt4bVNUbG9OMjh0YVRoSlpWRRAB,ChIJp9TlQmS5bi4RF6q13oD94Gg,KOZI Coffee Indramayu,indramayu,Nongkrong,4,"Rekomendasi — cafe, tempat nongkrong di Indramayu.
Menu nya banyak, harga nya murce2, rasanya juga enak, venue nya ada indoor dan outdoor. Kemarin pas order nasi goreng kecombrangnya enak bggt! + triple kill
Porsinya cukup emng ga terlalu besar.
Bestt! ❤️",2026-03-22T02:28:26.643Z,Rizka Liana,115575917179871499452,True,0,id,2026-05-05T05:19:07.454034
Ci9DQUlRQUNvZENodHljRjlvT2pka2EyeDJVbE5tYW1ndFRGVnFOREZDTUdsWVZrRRAB,ChIJp9TlQmS5bi4RF6q13oD94Gg,KOZI Coffee Indramayu,indramayu,Nongkrong,5,"Cafe terproper saat pertamakali ke indramayu maybe tahun 2022 atau 2023 ya lupa. Dan makanan yg dipesen gaada yg fail. Cobain deh brisket sambal matah nya, dabesttt juicy, gurih, sambel matahnya juga oke. Mau coba matcha? Ada rekomen matcha kaoru, mix sama strawberry. Dan itu enakkk! Must try yaa",2026-03-06T09:01:21.519Z,vira april,100804035205437966806,True,0,id,2026-05-05T05:19:07.454060
Ci9DQUlRQUNvZENodHljRjlvT2w5SU1WRklTa3BwVXpock5qQjZOREZhYkZoa05tYxAB,ChIJp9TlQmS5bi4RF6q13oD94Gg,KOZI Coffee Indramayu,indramayu,Nongkrong,4,"Ngopi pagi jam 8 bisa mampir ke sinii, parkiran cukup",2025-12-28T23:02:49.063Z,Fajar Pratama,105287633149084798361,True,0,id,2026-05-05T05:19:07.454104
Ci9DQUlRQUNvZENodHljRjlvT2sxdldGOW1lV3d0Y0VoR09XNU5VVE01VEVkVllVRRAB,ChIJp9TlQmS5bi4RF6q13oD94Gg,KOZI Coffee Indramayu,indramayu,Nongkrong,5,"Tempat ngopi, nongkrong, ngobrol bisnis yang ok dan rekomendasi di Indramayu kota",2025-11-15T09:16:19.567Z,darmanto,115370555077982404173,True,0,id,2026-05-05T05:19:07.454145
Ci9DQUlRQUNvZENodHljRjlvT201VGIxOHRPRTVLWjNZNVJ6TjNWbk5qTTJ0dlZYYxAB,ChIJp9TlQmS5bi4RF6q13oD94Gg,KOZI Coffee Indramayu,indramayu,Nongkrong,5,Enak buat nongkrong,2025-11-14T04:07:42.973Z,Zaky Abdul Aziz,109032745742757764981,True,0,id,2026-05-05T05:19:07.454154
Ci9DQUlRQUNvZENodHljRjlvT214S2NtRjNURzAxTlhOQ1dqRmZYMEp5UldaWFRWRRAB,ChIJp9TlQmS5bi4RF6q13oD94Gg,KOZI Coffee Indramayu,indramayu,Nongkrong,5,"Tempatnya nyaman bangettt, cheese cake dan minuman nya juga bestt!",2025-10-30T15:26:35.919Z,Ellyasa Hanum,105597771035282181735,False,0,id,2026-05-05T05:19:07.454163
Ci9DQUlRQUNvZENodHljRjlvT2xjeFN6aHBTa3gxTUdGbGFUTjJSa1JPT1RoTVJuYxAB,ChIJjyjnCKTHbi4RjzW9WfFQeu8,KOPI DARI HATI TEMAN BAIK JATIBARANG,indramayu,Nongkrong,4,"Salah satu tempat ngopi di jatibarang, dengan view kereta. Dekat dengan stasiun, pasar. kopinya oke. Makanannya blm Harga standar café. Pelayanan cepat dan ramah. Dibawah AC, non ac diatas. Ngopi with a view. Nice.",2026-05-01T00:21:33.125Z,Hamji Channel,107365703713373246063,True,0,id,2026-05-05T05:19:07.454182
Ci9DQUlRQUNvZENodHljRjlvT2pOWGNFeGxlRE4yVDFCcVVWbFBhMXBOTVhWRllrRRAB,ChIJjyjnCKTHbi4RjzW9WfFQeu8,KOPI DARI HATI TEMAN BAIK JATIBARANG,indramayu,Nongkrong,5,tongkrongan no.1,2026-04-30T04:57:09.431Z,No Mention,112331067024704235567,True,0,id,2026-05-05T05:19:07.454191
Ci9DQUlRQUNvZENodHljRjlvT2t0b1luQnRPVVUwWVdOck1GQlNWV2hLT1c4MVFXYxAB,ChIJjyjnCKTHbi4RjzW9WfFQeu8,KOPI DARI HATI TEMAN BAIK JATIBARANG,indramayu,Nongkrong,5,Best disini mah,2026-04-23T15:30:34.367Z,Patimah 30,115811989733146968363,False,0,id,2026-05-05T05:19:07.454200
ChZDSUhNMG9nS0VJQ0FnSURSdV9UZ1VnEAE,ChIJjyjnCKTHbi4RjzW9WfFQeu8,KOPI DARI HATI TEMAN BAIK JATIBARANG,indramayu,Nongkrong,5,"Bersih,nyaman,enak,adem,murah.",2026-04-21T02:07:12.906Z,Aron Key,104062489616327922513,True,0,id,2026-05-05T05:19:07.454209
Ci9DQUlRQUNvZENodHljRjlvT2xaclNYZEphRlZZV0VWcGIwUlNWbWhaYVhwYVpXYxAB,ChIJjyjnCKTHbi4RjzW9WfFQeu8,KOPI DARI HATI TEMAN BAIK JATIBARANG,indramayu,Nongkrong,5,"Cocok untuk mee time bersantai ,seru seru an bareng temen temen,asik banget pokoknya ,kalian wajib kesini deh rekomend banget,makanan & minuman nya lumayan enak nih",2026-03-24T09:02:00.976Z,Eva Vance,110748304565750586056,False,0,id,2026-05-05T05:19:07.454232
Ci9DQUlRQUNvZENodHljRjlvT2poeWFXZERabFYzWmtOQlYwUmhkbFpVTVVkMlFsRRAB,ChIJjyjnCKTHbi4RjzW9WfFQeu8,KOPI DARI HATI TEMAN BAIK JATIBARANG,indramayu,Nongkrong,1,"PELAYANAN NYA SANGAT BURUK !!!!!
SUDAH RESERVASI DARI JAM 11 SIANG , UNTUK BUKA PUASA SAMPAI 18.06 BELUM ADA SAMA SEKALI DATANG PESANAN NYA !!!!!",2026-03-18T11:06:39.304Z,Riki Sudirwan,116072486274804410648,False,0,id,2026-05-05T05:19:07.454256
Ci9DQUlRQUNvZENodHljRjlvT2s1emRVUm1Va0o0TTFNd0xYcGhNbmxJUVd3MGMyYxAB,ChIJjyjnCKTHbi4RjzW9WfFQeu8,KOPI DARI HATI TEMAN BAIK JATIBARANG,indramayu,Nongkrong,5,Nyaman bikin mau kesini lagi. Live music nya bagus,2026-03-07T13:58:45.933Z,Mahfudin Gendon,106157666436239673264,False,0,id,2026-05-05T05:19:07.454273
Ci9DQUlRQUNvZENodHljRjlvT2taZlEzRk5XbVpMTVVsRU9VSlFSbTVtWmtFMWRWRRAB,ChIJjyjnCKTHbi4RjzW9WfFQeu8,KOPI DARI HATI TEMAN BAIK JATIBARANG,indramayu,Nongkrong,5,"Suka bgt sama tempatnya, buat menu rekomen jamur krispi sama macha latte + ice cream, best bgt.",2026-03-07T13:58:11.477Z,Riyadh Al-Kahfi,108412436570739392832,False,0,id,2026-05-05T05:19:07.454282
Ci9DQUlRQUNvZENodHljRjlvT2t0MGRrbDRWMmxGZFRoWlZVaFllVkkzWnpGb1ZuYxAB,ChIJjyjnCKTHbi4RjzW9WfFQeu8,KOPI DARI HATI TEMAN BAIK JATIBARANG,indramayu,Nongkrong,5,"Tempat nya nyaman untuk mabar, makanan dan minuman nya enak enak, wc nya juga bersih, semoga buka cabang di haurgeulis",2026-03-07T13:56:12.965Z,Agung Maulana Ridho,105647441243518750991,False,0,id,2026-05-05T05:19:07.454291
Ci9DQUlRQUNvZENodHljRjlvT25SS1RrRndiek5vVm1SUE5XaHdkUzF2Y0ROMWNGRRAB,ChIJjyjnCKTHbi4RjzW9WfFQeu8,KOPI DARI HATI TEMAN BAIK JATIBARANG,indramayu,Nongkrong,5,"Nice atmosphere and ambience. Plenty of space, desks and chairs. Need to add more rest room cause it only has one.",2026-01-07T05:46:27.559Z,Mas Roni,102981884435096094187,True,0,en,2026-05-05T05:19:07.454322
Ci9DQUlRQUNvZENodHljRjlvT25OalgxZDFkR3hDYTNaRk4zbzFOblZ0YkdaYVZFRRAB,ChIJjyjnCKTHbi4RjzW9WfFQeu8,KOPI DARI HATI TEMAN BAIK JATIBARANG,indramayu,Nongkrong,5,Sangat nyaman dan asik pemandangannya,2025-12-31T11:19:57.568Z,Masria Mercedes,102344161470323876763,True,0,id,2026-05-05T05:19:07.454331
ChdDSUhNMG9nS0VMVGQ1TDJ0c3VQX3RnRRAB,ChIJT4y_g4S_bi4RWVf5Da9JeiA,Burger Bangor Lemahmekar,indramayu,Nongkrong,1,"Pesen jam 7.30
Dateng jam 8.45
nanya driver katanya sepi
dan pesenan baru dibuat
gila sejam pesen gk ngapa ngapain
klo owner nya ngeliat ini tolong quality control sama disiplin karyawan nya di kontrol lagi
beli disinipun karena diindramayu gk ada McD ataupun burger cafe yg decent, meskipun rasanya medioker banget seenggaknya tolonglah bisa diandelin, pelayanan sat set dan ramah. klo hal gitu aja gk bisa deliver gimana mau punya daya jual.
apalagi sekarang udah ada mall, cepet atau lambat franchise macem McD ataupun BK pasti buka. klo udah buka apa gk suram ini toko.
sekali lagi plis berbenah, owner nya tolong ngontrol biar karyawannya gk seenak jidat.
no hate here, cuman kritik aja",2025-06-01T14:02:21.901Z,Evan Consider,112935576712746186316,False,0,id,2026-05-05T05:19:07.454354
ChZDSUhNMG9nS0VLdTM0OWlQN3FLRlFnEAE,ChIJT4y_g4S_bi4RWVf5Da9JeiA,Burger Bangor Lemahmekar,indramayu,Nongkrong,5,Bener-bener 24 jam lho 😁👍,2025-05-31T17:49:14.700Z,Adzmy Pane,112441139434755883392,False,0,id,2026-05-05T05:19:07.454363
ChdDSUhNMG9nS0VLM2x3YmExd1p5eV9nRRAB,ChIJT4y_g4S_bi4RWVf5Da9JeiA,Burger Bangor Lemahmekar,indramayu,Nongkrong,1,"Antrian kacau..! malah yg terakhir datang yg di dahulukan! Mentang"" cuma beli 1.. ga lagi"" beli di sini!",2025-05-12T12:35:18.457Z,Sherly Melinda,104921688098752510529,True,0,id,2026-05-05T05:19:07.454379
ChZDSUhNMG9nS0VPVzJtX09BMnE3ZFJnEAE,ChIJT4y_g4S_bi4RWVf5Da9JeiA,Burger Bangor Lemahmekar,indramayu,Nongkrong,1,Proses lama antrian kacau,2025-05-12T12:34:25.890Z,Blekutak,113344629486970242183,False,0,id,2026-05-05T05:19:07.454387
ChZDSUhNMG9nS0VJQ0FnTUNvLXRfN1pBEAE,ChIJT4y_g4S_bi4RWVf5Da9JeiA,Burger Bangor Lemahmekar,indramayu,Nongkrong,1,"pelayanan nya kurang, gada senyum ga ber attitude",2025-04-16T15:57:18.376Z,Sri Endang Nur Lestari,111601644435214957823,False,0,id,2026-05-05T05:19:07.454411
ChdDSUhNMG9nS0VJQ0FnTURJaG96VG93RRAB,ChIJT4y_g4S_bi4RWVf5Da9JeiA,Burger Bangor Lemahmekar,indramayu,Nongkrong,5,"Pelayan cantik cantik ,ramah ,makanan enak ,betah buat nongkrong klo pelayan nya cantik gini mah",2025-04-09T06:50:36.355Z,Mohammad Dukron,110132282973212213871,True,0,id,2026-05-05T05:19:07.454418
ChdDSUhNMG9nS0VJQ0FnTUNJNHRqOWp3RRAB,ChIJT4y_g4S_bi4RWVf5Da9JeiA,Burger Bangor Lemahmekar,indramayu,Nongkrong,1,"gak antri aja lama bgt proses order'y…
gak bisa apa lebih sat set gt??
udah kayak nungguin burger bun'y mateng dr oven dulu…",2025-03-31T15:15:53.405Z,Tya Indriani,113607678716433075881,True,0,id,2026-05-05T05:19:07.454426
ChZDSUhNMG9nS0VJQ0FnTUNnNkxDQUpREAE,ChIJT4y_g4S_bi4RWVf5Da9JeiA,Burger Bangor Lemahmekar,indramayu,Nongkrong,1,"Ayam nya rasanya aneh😭 lembek gak kriuk,  lemon tea 7rb gak ngotak bgt dech pake cup harga es teh 2rban 😭",2025-02-13T19:59:51.394Z,Nikriyah Dai,115401458175800073288,False,0,id,2026-05-05T05:19:07.454440
ChdDSUhNMG9nS0VJQ0FnTUNBbE42b3hBRRAB,ChIJT4y_g4S_bi4RWVf5Da9JeiA,Burger Bangor Lemahmekar,indramayu,Nongkrong,1,"Makanan di sini adalah ayam goreng dan hamburger terburuk yang pernah saya makan sejak saya datang ke Indonesia.

Ini benar-benar yang terburuk. Dari semua makanan Indonesia yang pernah saya makan, ini yang terburuk.

很難吃 真的超雞掰難吃 這個價格吃這個真的會吐血",2025-01-29T19:37:20.296Z,BE DAI,108528097330641013677,True,0,id,2026-05-05T05:19:07.454448
ChdDSUhNMG9nS0VJQ0FnSURQa3FhWTlRRRAB,ChIJT4y_g4S_bi4RWVf5Da9JeiA,Burger Bangor Lemahmekar,indramayu,Nongkrong,1,"Pelayanan lama... Pesen 21.38 baru jadi 22.30, pelayanan macam apa ini.. padahal yg beli cuma 6 orang.... Karyawan doang banyak kerja lelet.. karyawan banyak yg main hp doang",2024-11-30T15:24:45.470Z,MUHAMMAD AROFIQ,115403501269411103196,False,0,id,2026-05-05T05:19:07.454460
ChZDSUhNMG9nS0VJQ0FnSURYNnB5VkN3EAE,ChIJT4y_g4S_bi4RWVf5Da9JeiA,Burger Bangor Lemahmekar,indramayu,Nongkrong,3,Pelayan sibuk main hp sambil kerja.,2024-10-26T05:14:22.887Z,Asep Restu Suryana,105919335180434944107,False,0,id,2026-05-05T05:19:07.454485
Ci9DQUlRQUNvZENodHljRjlvT2xOZlpEaENUa2d3YWpGNE5WQndUVzFoUWtSSVVYYxAB,ChIJp9TlQmS5bi4RF6q13oD94Gg,KOZI Coffee Indramayu,indramayu,Nongkrong,5,"June, 12 - mam mam yummy 😋
actually so happy ‘cause we ate, talked about a bunch of stuff, and shared our thoughts about the comic Goodbye Eri 💬📖✨",2025-10-19T07:36:50.925Z,Ina Wati,107981344917702034080,True,0,en,2026-05-05T05:19:07.454537
Ci9DQUlRQUNvZENodHljRjlvT25WM1IxWmxlVzlKYTFwSk5UUlRXVTFQZDBoRGVGRRAB,ChIJp9TlQmS5bi4RF6q13oD94Gg,KOZI Coffee Indramayu,indramayu,Nongkrong,5,kalcer parahhh tempatnya,2025-10-12T05:05:42.858Z,Faiz B.S,110536281979318928945,False,0,id,2026-05-05T05:19:07.454547
Ci9DQUlRQUNvZENodHljRjlvT2xwS01UWXhTVWR2VEZoWFpsOHdSRmN0UXpKc2FVRRAB,ChIJp9TlQmS5bi4RF6q13oD94Gg,KOZI Coffee Indramayu,indramayu,Nongkrong,4,"Oke lah buat ngopi, makanan komplit",2025-10-11T06:07:05.600Z,wisnu mutiara,101736971480627149858,True,0,id,2026-05-05T05:19:07.454557
Ci9DQUlRQUNvZENodHljRjlvT25oNE5Ua3libEkyZEc1bGNpMUdiMUp5ZUdwZk5uYxAB,ChIJp9TlQmS5bi4RF6q13oD94Gg,KOZI Coffee Indramayu,indramayu,Nongkrong,5,"Salah satu kafe yang saya singgahi selama di Indramayu. Lokasinya strategis, dekat pusat kota. Americanonya yang terbaik. Tersedia wadah charger untuk disambil pekerjaan. Pelayanannya juga sangat baik, ramah, dan cepat.",2025-09-06T07:16:22.208Z,Benaya Matius,100675409372654586789,True,0,id,2026-05-05T05:19:07.454584
Ci9DQUlRQUNvZENodHljRjlvT2t3eFJFSklYMnd5YURoV2VtOTNhVko1UmpaV2JrRRAB,ChIJp9TlQmS5bi4RF6q13oD94Gg,KOZI Coffee Indramayu,indramayu,Nongkrong,5,keren tempatnya,2025-08-22T11:13:33.144Z,Wildan harromain,114268583393952060885,False,0,id,2026-05-05T05:19:07.454621
Ci9DQUlRQUNvZENodHljRjlvT21wd1ZqSTJRbE0zWVdneGIwUk5Za0UyTWxKbVQyYxAB,ChIJp9TlQmS5bi4RF6q13oD94Gg,KOZI Coffee Indramayu,indramayu,Nongkrong,5,Tempatnya bagus nyaman dan makan dan minuman okehhh bngetttt✨✨,2025-08-21T07:09:05.654Z,Putri Barokah,115530231275494543904,False,0,id,2026-05-05T05:19:07.454649
Ci9DQUlRQUNvZENodHljRjlvT2s1SE9XbzNSbVJ2VVc4eFExWjZkMDlVWkhabmFFRRAB,ChIJp9TlQmS5bi4RF6q13oD94Gg,KOZI Coffee Indramayu,indramayu,Nongkrong,5,"Suasana yg nyaman buat nongkrong sama temen”
Worth it jga buat makannya
Bakal balik sini lg sih",2025-08-18T14:48:09.329Z,Sely Suwarja28,112631900369497672384,False,0,id,2026-05-05T05:19:07.454665
Ci9DQUlRQUNvZENodHljRjlvT25GdVdXVm9iblZSTVZORFVrZHBXRkZPVkc1c1NHYxAB,ChIJp9TlQmS5bi4RF6q13oD94Gg,KOZI Coffee Indramayu,indramayu,Nongkrong,5,"Tempatnya nyaman bgt bikin pw, makanan enak bgttttt apalagi churros nya juaraaaaa, pelayanan cepet secepet kilat🕺",2025-08-18T14:45:12.687Z,Amalia Sutafa,117672575212962058234,False,0,id,2026-05-05T05:19:07.454675
ChRDSUhNMG9nS0VJQ0FnSUQ3ajZjMxAB,ChIJT4y_g4S_bi4RWVf5Da9JeiA,Burger Bangor Lemahmekar,indramayu,Nongkrong,1,"harus nya es di cup di press, biar di jalan tdk rata/ bebatuan tdk bergoyang, keluar air nya dr cup ke plastik. Klu bs usahakan beli plastik es, lalu taruh di cup biar tdk tumpah goyang saat kondisi jalanan tdk merata.",2024-08-30T00:05:09.911Z,Mochi Macho,106009071230121980380,True,0,id,2026-05-05T05:19:07.454713
ChdDSUhNMG9nS0VJQ0FnSUQ3OFlmdTFRRRAB,ChIJT4y_g4S_bi4RWVf5Da9JeiA,Burger Bangor Lemahmekar,indramayu,Nongkrong,1,"Pesen jam 19.57 baru dapet jam 20.30 baru dapet, ini menurut saya terlalu lama, mohon d percepat pelayanannya..  semoga dapat memperbaiki.. terima kasih",2024-08-25T13:30:31.522Z,sanggi megaswara,101598393421390189476,True,0,id,2026-05-05T05:19:07.454721
ChdDSUhNMG9nS0VJQ0FnSUNMNmFxVG5RRRAB,ChIJT4y_g4S_bi4RWVf5Da9JeiA,Burger Bangor Lemahmekar,indramayu,Nongkrong,4,Rasa mantap. Harga ok.,2024-06-21T03:04:39.230Z,Hamji Channel,107365703713373246063,True,0,id,2026-05-05T05:19:07.454728
ChZDSUhNMG9nS0VJQ0FnSUNEdHFPYUhREAE,ChIJT4y_g4S_bi4RWVf5Da9JeiA,Burger Bangor Lemahmekar,indramayu,Nongkrong,5,"Pelayanan cepet,ramah,harga terjangkau,suasana nyaman buat nunggu juga",2024-03-28T04:14:20.521Z,M.AGUS FIRMANSYAH,104892405813598071537,True,0,id,2026-05-05T05:19:07.454744
Ci9DQUlRQUNvZENodHljRjlvT2pOSllYSXhObkpaWXpWdE1YSlhWV2hMY0VseFYyYxAB,ChIJjyjnCKTHbi4RjzW9WfFQeu8,KOPI DARI HATI TEMAN BAIK JATIBARANG,indramayu,Nongkrong,5,Nyaman dan keren,2025-12-13T17:48:30.221Z,Rizki Dermawan,109589578074112263099,True,0,id,2026-05-05T05:19:07.454752
Ci9DQUlRQUNvZENodHljRjlvT25SNU5EWm1ZVVY1V1U5aVZWbzNaV1JTYzBKRE1IYxAB,ChIJjyjnCKTHbi4RjzW9WfFQeu8,KOPI DARI HATI TEMAN BAIK JATIBARANG,indramayu,Nongkrong,5,"Suasana nyaman dan menu enak. Pembayaran juga banyak pilihan khususnya yg non tunai, bahkan dg Qris. Sangat menyenangkan. Parkir mobil tersedia cukup luas di area di dalam.",2025-11-09T09:29:52.523Z,budi indriyanto,111941417717562615775,True,0,id,2026-05-05T05:19:07.454797
Ci9DQUlRQUNvZENodHljRjlvT25SWVFuUmhjMmxoT0ZOMlJESjFNRWRIU2pCbVduYxAB,ChIJjyjnCKTHbi4RjzW9WfFQeu8,KOPI DARI HATI TEMAN BAIK JATIBARANG,indramayu,Nongkrong,5,"Baru 2x saya bareng istri nongkrong disini,
Makanan lumayan enak nilai 8 dari 10 lah...
Tempat juga ada pilihan, pelayanan oke ga lama.
Kurang steak aja blm ada..",2025-11-08T13:48:00.619Z,SanVerinCardy,100689776970468339671,True,0,id,2026-05-05T05:19:07.454806
Ci9DQUlRQUNvZENodHljRjlvT25ReWIxVkVkbEF3V21kd2VWRlZhR1JoUld0alprRRAB,ChIJjyjnCKTHbi4RjzW9WfFQeu8,KOPI DARI HATI TEMAN BAIK JATIBARANG,indramayu,Nongkrong,4,"Seru ada live music nya, jadi kita bisa request lagu, saya lebih ke kopi nya sih enakk, ramah2 mas2 ny",2025-11-05T10:32:37.296Z,Rifqi Azhari,104585559991573389858,True,0,id,2026-05-05T05:19:07.454820
Ci9DQUlRQUNvZENodHljRjlvT21GTFREbFVRa3A2VWxsSFJWVlZibTVFZWpsaFQzYxAB,ChIJjyjnCKTHbi4RjzW9WfFQeu8,KOPI DARI HATI TEMAN BAIK JATIBARANG,indramayu,Nongkrong,3,"Tempat nya Bagus apalagi bagian Taman sejukkk....,KOPI nya enak mas pelayan nya juga ramah2",2025-11-04T12:37:18.542Z,Muhammad Rendi,103346135709020183534,False,0,ms,2026-05-05T05:19:07.454828
Ci9DQUlRQUNvZENodHljRjlvT21wSk1rVTRNRTR6TTJZMmJtWXpNRTVtZEhGdE0yYxAB,ChIJjyjnCKTHbi4RjzW9WfFQeu8,KOPI DARI HATI TEMAN BAIK JATIBARANG,indramayu,Nongkrong,5,"pelayananya baik, makananya rekomended bagttt enakk poll selalu langganan disini🙌✨",2025-11-02T03:48:22.707Z,Nahurul Aisah,115659902203182542114,True,0,id,2026-05-05T05:19:07.454836
Ci9DQUlRQUNvZENodHljRjlvT25GTVUzQTRjM2R1Vkcxd2JWOVFMVmhaTlVSSFFtYxAB,ChIJjyjnCKTHbi4RjzW9WfFQeu8,KOPI DARI HATI TEMAN BAIK JATIBARANG,indramayu,Nongkrong,3,"Lokasi ada di Jl. Siliwangi, Jatibarang Baru, Kec. Jatibarang, Kabupaten Indramayu, Jawa Barat 45273 pisang bakar coklat keju lumayan enak, kopi v60 aga encer, akses difabel tidak ada, ruang in door ac tidak dingin dan out door, ada roof top,
Untuk masuk dan keluar Cafe hati hati posisi jalan miring dan di depan pintu rel kereta api.
Parkir halaman belakang luas",2025-10-24T06:27:45.530Z,Gugun 9797,106043919671238110643,True,0,id,2026-05-05T05:19:07.454851
Ci9DQUlRQUNvZENodHljRjlvT21adlVVOXBTR2xoTldjeWFWUlNjMU0yY2tKSFMyYxAB,ChIJjyjnCKTHbi4RjzW9WfFQeu8,KOPI DARI HATI TEMAN BAIK JATIBARANG,indramayu,Nongkrong,5,Tempat ngopi terbaik versi saya di kota ini,2025-10-16T08:17:59.004Z,Chai Toni,102369145930521358863,True,0,id,2026-05-05T05:19:07.454860
Ci9DQUlRQUNvZENodHljRjlvT2pNNVgxRm9NMWhEVlVaVmMzQmxiR05LU2xKemFYYxAB,ChIJjyjnCKTHbi4RjzW9WfFQeu8,KOPI DARI HATI TEMAN BAIK JATIBARANG,indramayu,Nongkrong,5,kopinya nikmat dan tempat cozy,2025-10-09T05:23:32.836Z,Ahmad Yazid,103168081138084862161,True,0,id,2026-05-05T05:19:07.454867
Ci9DQUlRQUNvZENodHljRjlvT20wMVVVcFJUM1pJVjAxc2FIZG9ZV2xxVURaNlJYYxAB,ChIJp9TlQmS5bi4RF6q13oD94Gg,KOZI Coffee Indramayu,indramayu,Nongkrong,5,Tempatnya recommend bangett!! Kopii and makanan enak lagu juga okeeyy,2025-08-18T14:44:44.548Z,dellarahma andini24,101581108766494563478,False,0,id,2026-05-05T05:19:07.454901
Ci9DQUlRQUNvZENodHljRjlvT2tGd2NFdGpSWGhMZDNCYVNITlJlbTg0WkRkbGVFRRAB,ChIJp9TlQmS5bi4RF6q13oD94Gg,KOZI Coffee Indramayu,indramayu,Nongkrong,4,"makannya enak,tempat nya kozie baget. cocok buat nongkrong cantik pluss tempat buat recomendasi acara juga",2025-08-18T14:44:04.641Z,Siteo Azzam,106612249367286938707,False,0,id,2026-05-05T05:19:07.454916
Ci9DQUlRQUNvZENodHljRjlvT2kxeFoxUkZUbXh0Ym5RNGN6WmFhVmRaVFdoT1owRRAB,ChIJp9TlQmS5bi4RF6q13oD94Gg,KOZI Coffee Indramayu,indramayu,Nongkrong,5,"pw banget ngopi disini , kopi sama makanannya enak bgtt🤩",2025-08-18T14:43:32.361Z,Sagita Agustina,108840940211144885919,False,0,id,2026-05-05T05:19:07.454928
Ci9DQUlRQUNvZENodHljRjlvT2tGSmRGRjNUMGhmWkVsV2F5MXNXSEUxZURKSFVXYxAB,ChIJp9TlQmS5bi4RF6q13oD94Gg,KOZI Coffee Indramayu,indramayu,Nongkrong,5,"Enak bangattt, makanan dan pelayanan toppp",2025-08-18T14:31:19.187Z,Laili Nurjanah,105630853768170889343,False,0,id,2026-05-05T05:19:07.454937
Ci9DQUlRQUNvZENodHljRjlvT205TGQyRjJWMHBVY1ZSaFFUZGpVVjlZVjFOSk1IYxAB,ChIJp9TlQmS5bi4RF6q13oD94Gg,KOZI Coffee Indramayu,indramayu,Nongkrong,5,"gaskeuunn lurr enak banget sumpah makananya dan pelayanan nya ramah, harga nya juga ramah kantong bangett, dan indoor nya sejuk ada ac nya beuhh gaskeun",2025-08-18T14:29:09.809Z,Nafla Zulkaisnaeni,113956589361685605439,False,0,id,2026-05-05T05:19:07.454945
Ci9DQUlRQUNvZENodHljRjlvT2xCRE1sQlBWMHBHYUVJMlRIVjNSV1JmTUU1R09VRRAB,ChIJp9TlQmS5bi4RF6q13oD94Gg,KOZI Coffee Indramayu,indramayu,Nongkrong,5,enaaak banget buat nongkii🤤🤤 rekomenn👆🏻,2025-08-18T14:28:02.378Z,Nailla Sabillah XI-MIPA 6,103868330007694568153,False,0,id,2026-05-05T05:19:07.454953
Ci9DQUlRQUNvZENodHljRjlvT2twS1NrRk5SMjlLWkVGaWJEUnpiWFZzVW1odGNsRRAB,ChIJp9TlQmS5bi4RF6q13oD94Gg,KOZI Coffee Indramayu,indramayu,Nongkrong,5,"Comfy bgtt, menurutku ini caffe teroke di imy sih harga nya affordable pelayanan nya ramah jugaa",2025-08-18T14:27:59.847Z,Winda Second,103478473157816478362,False,0,id,2026-05-05T05:19:07.454961
Ci9DQUlRQUNvZENodHljRjlvT21OUGVXbDNTRGR5WVVKeFpGRjROMUJZUzBkMU5VRRAB,ChIJp9TlQmS5bi4RF6q13oD94Gg,KOZI Coffee Indramayu,indramayu,Nongkrong,5,Selalu jd langganan.. Buka paling pagi.. Kopi nya beda dari yg lain.. Best rekom,2025-08-18T09:25:59.206Z,siti fatimah agus,102852753884072559035,False,0,id,2026-05-05T05:19:07.454968
Ci9DQUlRQUNvZENodHljRjlvT2kweWN6WnBWR2RPTTJZd1JEQnZOVFJqZFVSU2MwRRAB,ChIJp9TlQmS5bi4RF6q13oD94Gg,KOZI Coffee Indramayu,indramayu,Nongkrong,5,"Tempatnya nyaman, minumannya best makannya enak",2025-08-18T05:50:14.170Z,Suci Kusumah,108167799449249675864,False,0,id,2026-05-05T05:19:07.454983
Ci9DQUlRQUNvZENodHljRjlvT2twZmMwZ3lPR2N5V25kV00xWkxMV2RXWjJwVmRXYxAB,ChIJjyjnCKTHbi4RjzW9WfFQeu8,KOPI DARI HATI TEMAN BAIK JATIBARANG,indramayu,Nongkrong,5,"Pertama kali kesini , tempat bagus menu lumayan banyak rasanya cukup enak, sayangnya dekat rel kereta api jadi agak bising",2025-09-08T11:32:55.321Z,Delta Prov,114247130639301077956,False,0,id,2026-05-05T05:19:07.455006
Ci9DQUlRQUNvZENodHljRjlvT214T01sSlFjVFpHTVRaeU0zRnlaMWN6YVVZMFZtYxAB,ChIJjyjnCKTHbi4RjzW9WfFQeu8,KOPI DARI HATI TEMAN BAIK JATIBARANG,indramayu,Nongkrong,5,"INII TEMPATT COCOKK BUATT FAMILY TIME, NGEDATE, TERUSS COCOKK JUGAA BUATT ANAK ANAK REMAJA",2025-09-07T13:05:29.218Z,rifaq nuraeni,116122127554236563879,False,0,id,2026-05-05T05:19:07.455014
Ci9DQUlRQUNvZENodHljRjlvT2xCM2RITlhPWFF3YWtScWVqZFphVmRRTUROUVVGRRAB,ChIJjyjnCKTHbi4RjzW9WfFQeu8,KOPI DARI HATI TEMAN BAIK JATIBARANG,indramayu,Nongkrong,5,"Tempat bersejarah dalam hidup saya
Pertama kali ke sini sama org yg sangat saya dambakan dan di tempat ini saya menyatakan rasa cinta sy kepadanya dan di tempat ini dia menerima cinta sy.. ini adalah tempat yang romantis dalam hidup saya..26-10-2024",2025-08-26T02:35:05.400Z,Indra Mayu,117454108270427856586,False,0,id,2026-05-05T05:19:07.455037
Ci9DQUlRQUNvZENodHljRjlvT2xKeFpFbDZOVTl1ZURZMmNsZHhYMW95UXpCNmRHYxAB,ChIJt2CvuSS5bi4RoY0QAfF-DY4,Seven Coffee Company Indramayu,indramayu,Nongkrong,2,"Beli matcha latte no sugar ,less ice
Takeaway
Pas nyampe dcobaiin loh ko maniisss 😪😀
Zonk banget .....

Ya ampuun knp hrs salaah 😭😭😭 katanya ceremoniaal tp ko rasanyaa jauh bgt , pliissss klo buka ceremonial blg aja bukaaan 😭",2026-05-02T14:47:46.926Z,mitha rahayu,112034745779114106699,False,0,id,2026-05-05T05:19:07.455089
Ci9DQUlRQUNvZENodHljRjlvT21RdFJIbzJTeTB6TFVWdlR6QkJXa3d4VURGRGFrRRAB,ChIJt2CvuSS5bi4RoY0QAfF-DY4,Seven Coffee Company Indramayu,indramayu,Nongkrong,1,Jangan beli disini pakenya kopi sachet 3 ribuan,2026-04-20T00:28:59.604Z,Edi,110578623733667871154,True,0,id,2026-05-05T05:19:07.455101
Ci9DQUlRQUNvZENodHljRjlvT2t4b1ZXOUlMWG8zYlV4Mk5ISjJRMlZOZDJWd1UzYxAB,ChIJt2CvuSS5bi4RoY0QAfF-DY4,Seven Coffee Company Indramayu,indramayu,Nongkrong,5,tempatnya nyamann bgtt sukaa,2026-04-18T14:15:02.541Z,masroni auliyana17,117308622609742085113,False,0,id,2026-05-05T05:19:07.455110
Ci9DQUlRQUNvZENodHljRjlvT2paSGMwdG9TQzFtWjFOUmRrZ3liR3hrUkVzM2RGRRAB,ChIJt2CvuSS5bi4RoY0QAfF-DY4,Seven Coffee Company Indramayu,indramayu,Nongkrong,5,Rackernya ramah,2026-04-14T14:19:40.108Z,Satria Zati Wibawa,110422352214537184212,False,0,id,2026-05-05T05:19:07.455118
Ci9DQUlRQUNvZENodHljRjlvT21oRlNEVlNURzlaUkROUmFEZGpaalpTUkVaaWNrRRAB,ChIJt2CvuSS5bi4RoY0QAfF-DY4,Seven Coffee Company Indramayu,indramayu,Nongkrong,5,Billiardnya bersih dan nyaman pelayanan oke,2026-04-14T13:15:16.341Z,Gavriel Fauzan F,115384989859654887675,False,0,id,2026-05-05T05:19:07.455133
Ci9DQUlRQUNvZENodHljRjlvT2tJNFoyNXVWak5WTkhKSFgwZE9SbG8wU1dKRVYzYxAB,ChIJt2CvuSS5bi4RoY0QAfF-DY4,Seven Coffee Company Indramayu,indramayu,Nongkrong,5,billiard rekomendasi,2026-04-13T07:49:40.630Z,meisya mesa,113974561994574111887,False,0,id,2026-05-05T05:19:07.455141
Ci9DQUlRQUNvZENodHljRjlvT204MVRVbHBNMG95T1RGMFRXTjRiVloyT1RGalRuYxAB,ChIJt2CvuSS5bi4RoY0QAfF-DY4,Seven Coffee Company Indramayu,indramayu,Nongkrong,5,billiard rekomend di Indramayu,2026-04-10T07:10:18.340Z,Annur Sidik,117061730545706412662,False,0,id,2026-05-05T05:19:07.455184
Ci9DQUlRQUNvZENodHljRjlvT21STFVGbEJaRk5tUjBaWFRtdG5lRVl0Wm1ndFltYxAB,ChIJt2CvuSS5bi4RoY0QAfF-DY4,Seven Coffee Company Indramayu,indramayu,Nongkrong,5,Makanan dan minumanya enak enak billiard juga nyaman bersih wc nya bersih pelayanan juga oke rackernya ramah ramah,2026-04-09T04:50:11.098Z,Topas wijayadri,108842063207140711358,False,0,id,2026-05-05T05:19:07.455230
Ci9DQUlRQUNvZENodHljRjlvT2tsMFNtMWliV2htWTNSTU1sVkdURXRoUVVWVWQwRRAB,ChIJt2CvuSS5bi4RoY0QAfF-DY4,Seven Coffee Company Indramayu,indramayu,Nongkrong,5,tempatnya bagus dan bersih,2026-04-05T06:13:51.348Z,Keyla Sinar Millena,116216405436622427049,False,0,id,2026-05-05T05:19:07.455246
Ci9DQUlRQUNvZENodHljRjlvT2s5SGN6SkljV1l0WjB0dFluUTVhbFZOYkZwcU0xRRAB,ChIJt2CvuSS5bi4RoY0QAfF-DY4,Seven Coffee Company Indramayu,indramayu,Nongkrong,5,Nyaman ramah memuaskan,2026-04-03T05:30:30.017Z,Tedy Oge,102900621568085287118,False,0,id,2026-05-05T05:19:07.455303
Ci9DQUlRQUNvZENodHljRjlvT2pSV09IUkNiVXRpWkhacFpVVlNlRkp0UzBwdE5FRRAB,ChIJt2CvuSS5bi4RoY0QAfF-DY4,Seven Coffee Company Indramayu,indramayu,Nongkrong,5,mantap pelayananya,2026-04-02T13:51:17.849Z,Rio Fadilah,108307541394501578987,False,0,id,2026-05-05T05:19:07.455323
Ci9DQUlRQUNvZENodHljRjlvT2xKVWNXdGpaamRhVDA5U1ZGRmhhazVQTkdSclJWRRAB,ChIJj9sSOTi7bi4RzTRnNVDjwoA,TITIME,indramayu,Nongkrong,5,"jujuyr endul apa lagi kalo malem sabtu/minggu seru ada live music, fotobox juga adaaa trus tempat nya estetik",2026-04-05T18:50:28.440Z,Bintang,101091957768186443218,False,0,id,2026-05-05T05:19:07.455348
Ci9DQUlRQUNvZENodHljRjlvT2xsQk9GRTViRTlpVjFGTVNrTXhSblIwVm05b01HYxAB,ChIJj9sSOTi7bi4RzTRnNVDjwoA,TITIME,indramayu,Nongkrong,5,"tempat nya enak banget buat nongkrong,adem,nyaman, friendly banget karyawan nya",2026-03-25T11:08:10.504Z,fitri nurfaidah,113916564156099395891,False,0,id,2026-05-05T05:19:07.455358
Ci9DQUlRQUNvZENodHljRjlvT25wQ1luUnVSVGwwVERWbVgyVmtjblYyTFVsblozYxAB,ChIJj9sSOTi7bi4RzTRnNVDjwoA,TITIME,indramayu,Nongkrong,5,"Enak buat nongkrong brg temen2, vibes nya kek di pekarangan rumah. Disediain soffel jg (biasanya hal kecil kek gini di kopian lain gada wkwk 👍🏼). Kopinya jg oke 8/10",2026-02-19T02:47:50.483Z,Selvia Novitasari,100790484526246952198,True,0,id,2026-05-05T05:19:07.455397
Ci9DQUlRQUNvZENodHljRjlvT25GcWF6SlZaRFpaT0dack1VTkJSSEZ5VG05bllVRRAB,ChIJj9sSOTi7bi4RzTRnNVDjwoA,TITIME,indramayu,Nongkrong,1,"Ijin menyampaikan saran yah ...
Konsumen tidak akan betah ketika pelayanan lama ...

Dan kosumen tidak rispek ketika kami lg ngobrol ada petugas ijin mau ngambil makan padahal makan yg kami makan masih ada cemilan  ...
Okeee lah itu sertategi bisnis kalian tapi kami merasa terusik secara tidak langsung mau ngusir secara halus atau apa ...
Dan ketika tidak boleh bawa makan dari luarrr TOLONG di depan kasih himbauan ...
Enak aja tiba"" di waringning kalau bawa makan dari luar bayar 100 rb ...

Kelas cafe bagus dan bintang 7 pun ga kaya gtu juga ...

Bukan kita ga sanggup bayar ...
Cuma cara komunikasi ke konsumen yang benar ...

Contoh permasalah nih buat yg punya cafe yah ..
Ada tamu dari luar kota datang ...
Kami bawa keluarga dan bawa orang tua mau makan di situ ...
Tapi orang tua kami mau menu yg lain ...
Orang tua kami mau beli makan sederhana beli dekat sekitar ...
Kami tetap mesan minuman dan makan di cafe anda ..
Kami padahal mau minjam sedok buat makan orang tua kami di bilang jangan bawa makan dari luar kena dendan 100 padahal kami pun makan di cafe anda ....

Mohon jadi saran dan kritik kamiiii ....",2026-02-08T18:03:44.226Z,Mawaridah Iklima,107935967504078319305,False,0,id,2026-05-05T05:19:07.455413
Ci9DQUlRQUNvZENodHljRjlvT20xUFgyRmhhelJrYWpkeGNWRm5kSE5FYW1ka2JVRRAB,ChIJj9sSOTi7bi4RzTRnNVDjwoA,TITIME,indramayu,Nongkrong,1,"Saran Tidak cocok buat bawa keluarga....
Menghargai konsumen lebih baik ...",2026-02-08T17:37:19.634Z,Budi wa Pramata,105257688915060865293,False,0,id,2026-05-05T05:19:07.455422
Ci9DQUlRQUNvZENodHljRjlvT25odk4yRlRMVXB6V1Y4MFZ6aDBTMGh0ZVd0UVVsRRAB,ChIJj9sSOTi7bi4RzTRnNVDjwoA,TITIME,indramayu,Nongkrong,5,"Tempat nongkrong, yg parkiranya cukup luas,",2025-12-31T15:18:56.781Z,Ang Otib,104658090112978243272,True,0,id,2026-05-05T05:19:07.455437
Ci9DQUlRQUNvZENodHljRjlvT2xoNVFWbEhSMHQxWlMwMFN6SjNXVTVYYjNkQmFFRRAB,ChIJj9sSOTi7bi4RzTRnNVDjwoA,TITIME,indramayu,Nongkrong,5,"tempatnya aesthetic, nyaman dan ga ngebosenin, cocok buat nongkrong bareng teman dan keluarga",2025-10-27T11:04:05.476Z,Nia Ramadhani,101130722122136052763,False,0,id,2026-05-05T05:19:07.455460
Ci9DQUlRQUNvZENodHljRjlvT2psc1FrVnVhbU16WmxWTE5FMXdWM2g2V0hNelJsRRAB,ChIJj9sSOTi7bi4RzTRnNVDjwoA,TITIME,indramayu,Nongkrong,5,"titime tempat nongki asik buat foto foto up story ig,minumannya enak semua,makanannya apa lagi enam banget pas buat nemenin nongkrong sambil bikin kerjaan",2025-10-27T10:18:40.628Z,Rizqy Ananda,110985242139544201080,False,0,id,2026-05-05T05:19:07.455473
Ci9DQUlRQUNvZENodHljRjlvT2tvdFIxTllNbGh0TFZKb1JWYzVNR3BoZEhkbVlsRRAB,ChIJj9sSOTi7bi4RzTRnNVDjwoA,TITIME,indramayu,Nongkrong,4,"tempat nyaman buat kerja EDIT
.
makanan enak
.
minuman banyak varian
.",2025-10-27T10:11:58.785Z,Toha Rudin,101053648134431244385,False,0,id,2026-05-05T05:19:07.455488
Ci9DQUlRQUNvZENodHljRjlvT2twT01VcFJVbHBSUkVGUGFUTjBjbEZaVmxRdFFtYxAB,ChIJj9sSOTi7bi4RzTRnNVDjwoA,TITIME,indramayu,Nongkrong,5,"Keren konsep kafe nya, banyak spot foto yang keren keren cocok buat postingan sosial media",2025-10-27T10:01:05.000Z,Andi Paxel,105018481397961828093,False,0,id,2026-05-05T05:19:07.455498
Ci9DQUlRQUNvZENodHljRjlvT2s1bFIzTmpTVmxCVFUwM1pXaGtaRVYxVHpreE0xRRAB,ChIJj9sSOTi7bi4RzTRnNVDjwoA,TITIME,indramayu,Nongkrong,5,"tempat nya estetik banget,cocok buat nongki,buat kerja kelompok,sama me time.Suasananya ngga ngebosenin,makanan dan minuman nya enak banget.",2025-10-27T09:33:19.418Z,Bintang Anugrah,109731787868211699745,False,0,id,2026-05-05T05:19:07.455507
Ci9DQUlRQUNvZENodHljRjlvT2t3NVZHSXhhelUzWW1sUlJXZGtUSFV3YlcwMGFYYxAB,ChIJt2CvuSS5bi4RoY0QAfF-DY4,Seven Coffee Company Indramayu,indramayu,Nongkrong,5,Pelayanan oke billiarnya nyaman bersih,2026-04-02T07:29:27.598Z,BuatEmailbaru 1231,105988267782898860554,False,0,id,2026-05-05T05:19:07.455516
Ci9DQUlRQUNvZENodHljRjlvT25wd1FYcGFjRmxDVG10cmNHVmlXVEpRVmxveFFuYxAB,ChIJt2CvuSS5bi4RoY0QAfF-DY4,Seven Coffee Company Indramayu,indramayu,Nongkrong,5,Pegawai nya cantik cantik dan ganteng2 ramah bangettt pelayanan cepatt rekomended bgt kesini,2026-04-02T07:04:07.318Z,zahra salsa,117877794456951113411,False,0,id,2026-05-05T05:19:07.455562
Ci9DQUlRQUNvZENodHljRjlvT2xkVVJXbEhUVkYxWldKaWFFTklVMEpvYWtOb1pXYxAB,ChIJt2CvuSS5bi4RoY0QAfF-DY4,Seven Coffee Company Indramayu,indramayu,Nongkrong,5,"Caffe nyaman dan bersih, billiardnya juga nyaman bersih, racker waitersnya ramah ramah",2026-03-31T07:17:52.020Z,Fahmi Zainul Akbar,111055027495442994137,False,0,id,2026-05-05T05:19:07.455603
Ci9DQUlRQUNvZENodHljRjlvT2xaMVVWaHNXbG96Y1U1S1RtbE5hRmhSWVdOVWNFRRAB,ChIJt2CvuSS5bi4RoY0QAfF-DY4,Seven Coffee Company Indramayu,indramayu,Nongkrong,5,Vafe Nya Bagus. Tempatnya Adem. Pelayanan Sangat Baik,2026-03-30T08:59:50.415Z,Muhammad fariz1199,113826550432956559027,False,0,id,2026-05-05T05:19:07.455624
Ci9DQUlRQUNvZENodHljRjlvT21WdVpsVkVXRUpGVlc5d1YxUmlaRFYwTkhsc2FuYxAB,ChIJt2CvuSS5bi4RoY0QAfF-DY4,Seven Coffee Company Indramayu,indramayu,Nongkrong,5,tempatnya bagus,2026-03-30T05:47:08.903Z,Arka Hayyanu Rasyid,108518816351931445961,False,0,id,2026-05-05T05:19:07.455655
Ci9DQUlRQUNvZENodHljRjlvT2xoSmJYWllWbmR4Y1RSVVYyNVZSWE5uY1ZwcE0xRRAB,ChIJt2CvuSS5bi4RoY0QAfF-DY4,Seven Coffee Company Indramayu,indramayu,Nongkrong,5,"makanan minumanya enak enak,pelayanannya oke, billiardnya juga nyaman bisa ngopi sambil bl, karyawanya juga ramah ramah",2026-03-29T05:00:40.197Z,Sampo Hijau,101548718975297024899,False,0,id,2026-05-05T05:19:07.455679
Ci9DQUlRQUNvZENodHljRjlvT2toUVRYcHpNVjl5TTNWVFYwaEtlRVJCZHpsV04yYxAB,ChIJt2CvuSS5bi4RoY0QAfF-DY4,Seven Coffee Company Indramayu,indramayu,Nongkrong,5,Tempatnya seru dan asik,2026-03-27T13:53:28.465Z,Ike Septiani,101264386740105640660,False,0,id,2026-05-05T05:19:07.455706
Ci9DQUlRQUNvZENodHljRjlvT21sV2QzQTViRXg1YWtwNFYwb3dNRkJtVTBGRFFVRRAB,ChIJt2CvuSS5bi4RoY0QAfF-DY4,Seven Coffee Company Indramayu,indramayu,Nongkrong,5,"tempat nyaman, pelayanan sangat ramah..",2026-03-26T15:02:17.314Z,Rahmat Andi Ramadan,105785816586014654030,False,0,id,2026-05-05T05:19:07.455738
Ci9DQUlRQUNvZENodHljRjlvT205Zk1rdFRjazVFYkVaT1NWTmZhMGRrY0V3M2VIYxAB,ChIJt2CvuSS5bi4RoY0QAfF-DY4,Seven Coffee Company Indramayu,indramayu,Nongkrong,5,Good overall :),2026-03-26T14:47:05.979Z,Bagus PRIANDI,113104304610953671286,False,0,en,2026-05-05T05:19:07.455747
Ci9DQUlRQUNvZENodHljRjlvT201Qk9IWlRTRkkyVFZJNU5HSkhPWGRJUVZVMVgxRRAB,ChIJj9sSOTi7bi4RzTRnNVDjwoA,TITIME,indramayu,Nongkrong,5,Tempatnya enak adem kalo buat ngopi siang,2025-10-27T09:25:42.754Z,Khoirul Bahir,118222594283853608165,False,0,id,2026-05-05T05:19:07.455755
Ci9DQUlRQUNvZENodHljRjlvT25SeFVtbDBabTVWVWkweVlYcDZiM1pOYUdaR2FVRRAB,ChIJj9sSOTi7bi4RzTRnNVDjwoA,TITIME,indramayu,Nongkrong,5,"tempatnya nyaman, bersih, suasananya syahdu, fasilitas nya juga memadai. menu makanan minumannya jugaa enak poll ga cuma sekedar jadi hidangan yang bisa dimakan tapi literally rasanya enak",2025-10-25T21:55:33.807Z,Suliswatun Hasanah,101536793135820776573,False,0,id,2026-05-05T05:19:07.455764
Ci9DQUlRQUNvZENodHljRjlvT25vellpMXBMVFl4VTNJd2RUWkdTamR5Tm01aVRYYxAB,ChIJj9sSOTi7bi4RzTRnNVDjwoA,TITIME,indramayu,Nongkrong,5,"Things to highlight :
- TEMPAT LUAS
- TEMPAT NYAMAN
- PARKIR LUAS
- BANYAK KURSI&SPOT MEJA
- MAKANAN&MINUMAN MURAH
- FREE WIFI
- MEJA SHARING, MEJA BESAR (group), MEJA INDIVIDU & COUPLE ADA BANYAK
- SNACK, MAKANAN BERAT, MANIS&GURIH SEMUA ADA
- BANYAK MAINAN BIAR GA BOSEN
- STAFF RAMAH
- SATNIGHT ACTIVITY BERAGAM, LIVE DJ, MUSIC PERFORMANCE NYA JUGA ASIK.
- MUSHOLLA & TOILET BERSIH

HAL YANG HARUS DI TINGKATKAN:
- TAMBAHAN CREW APABILA MALAM MINGGU CROWDED
- TAMBAHAN KURSI&MEJA UNTUK MALAM MINGGU
- PERBANYAK LAGI STOK MAKANAN/MINUMAN AGAR TIDAK SOLDOUT DI PEAK HOUR.

Overall sudah oke sih, murah, vibes nya happy, nyaman, aesthetic, natural, bersih & homey. Keep it up guys",2025-10-25T21:46:29.234Z,Monica Lubis,103896063143204434602,True,0,id,2026-05-05T05:19:07.455772
Ci9DQUlRQUNvZENodHljRjlvT21oMVZuTTRkMGMyWnpZdE1ubFRZbVV4YTNSQ1puYxAB,ChIJj9sSOTi7bi4RzTRnNVDjwoA,TITIME,indramayu,Nongkrong,5,"Salah satu rekomendasi cafe diindramayu yang ga boleh dilewatkan dengan tempat cozy dan harga nya sangat terjangkau untuk pelajar maupun mahasiswa untuk makanannya dan minuman best, menu favorit aku ayam bumbu lada hitam dan leci tea bener2 best menurut aku, wajib cobain si..",2025-10-25T19:50:51.018Z,Goweng Gorwong,102027950709313798916,False,0,id,2026-05-05T05:19:07.455782
Ci9DQUlRQUNvZENodHljRjlvT2tkamJERTVOV0ZRUTNNeFNUVjNXVkpTZWtwWUxWRRAB,ChIJj9sSOTi7bi4RzTRnNVDjwoA,TITIME,indramayu,Nongkrong,5,MAKANANNYA ENAK ENAAK BANGETTT!!,2025-10-25T16:28:14.634Z,julita pratiwi,111354390606965082650,False,0,id,2026-05-05T05:19:07.455790
Ci9DQUlRQUNvZENodHljRjlvT21sM2RWaENUVnBYVW5GalVrNUlMVUZxU0hwS0xXYxAB,ChIJj9sSOTi7bi4RzTRnNVDjwoA,TITIME,indramayu,Nongkrong,5,"""Aku suka banget sama TITIME, tempatnya yang nyaman buat nugas, kerja, atau cuma buat nemenin aku sendiri. Kopi dan makanannya enak, dan aku suka dekorasi tempatnya yang aesthetic. Recommended banget!""",2025-10-25T16:22:52.909Z,Saeful Karim,110646738489608829092,False,1,id,2026-05-05T05:19:07.455798
Ci9DQUlRQUNvZENodHljRjlvT21SRWNVYzVSVGgzV0daeVZrTk1ZM2QyVnpKeFVsRRAB,ChIJj9sSOTi7bi4RzTRnNVDjwoA,TITIME,indramayu,Nongkrong,5,"tempatnyaa okeee bangett, adem gituu walaupun siang-siang juga, kalo malem wah gacor rame bgt sumpaa krn emg cozy juga sih tempatnya. untuk makanan dan minumnya everything is goodddd!! enak semua plss :>>>>",2025-10-25T15:25:17.445Z,Siti Dwi Fatmala,104847687029374047896,False,0,id,2026-05-05T05:19:07.455813
Ci9DQUlRQUNvZENodHljRjlvT2poNGFHNWhiVE5sZGxsSVQzVnVMVFJuYUZCeVpFRRAB,ChIJj9sSOTi7bi4RzTRnNVDjwoA,TITIME,indramayu,Nongkrong,5,"nyaman, adem, pelayan ramah, enak banget lagihh makanan minumannya, luvv bgt ti time caffe",2025-10-25T14:41:52.365Z,nopi anuuu,109841332145270882218,False,0,id,2026-05-05T05:19:07.455823
Ci9DQUlRQUNvZENodHljRjlvT2tsWlgzQm9lVFZxWHpWQmNETnpUbTFxVm0weVRsRRAB,ChIJj9sSOTi7bi4RzTRnNVDjwoA,TITIME,indramayu,Nongkrong,5,"wajib bgt ke titime krna worth it bgt dri tempat, makanan, dan harga🤩",2025-10-25T13:34:31.830Z,Nigita fitria,110046628808936811225,False,0,id,2026-05-05T05:19:07.455831
Ci9DQUlRQUNvZENodHljRjlvT25GemRWZGFkSFpmWmxGWGMxRTBVR1oyTUZWak1XYxAB,ChIJj9sSOTi7bi4RzTRnNVDjwoA,TITIME,indramayu,Nongkrong,5,"Enak suasananya adem kalo siang, bikin ngopi tambah syahduuu",2025-10-25T13:30:15.048Z,farhan Sah Malandri,102203256233035633712,False,0,id,2026-05-05T05:19:07.455839
Ci9DQUlRQUNvZENodHljRjlvT2trNVVFUndiM2RLZVhaSGNtNDROMVZ0TkhaZmFYYxAB,ChIJj9sSOTi7bi4RzTRnNVDjwoA,TITIME,indramayu,Nongkrong,5,"Tempatnya estetik menunya lezat, wajib banget kalo nongkrong di titime🤩",2025-10-25T12:41:38.429Z,Tia Liana,106268695314204007554,False,0,id,2026-05-05T05:19:07.455854
Ci9DQUlRQUNvZENodHljRjlvT2xwWGNIVXRYMlF0Ymt0WWFFRTVPR28wVlV0YVdVRRAB,ChIJj9sSOTi7bi4RzTRnNVDjwoA,TITIME,indramayu,Nongkrong,5,"suasananya syahdu banget, cocok buat yang abis kuliah/kerja boleh kali mampir dulu ke ti time🤩",2025-10-25T12:26:19.812Z,Muammar Reihan,105197718656528596261,False,0,id,2026-05-05T05:19:07.455876
Ci9DQUlRQUNvZENodHljRjlvT21KMlJYQmhlWE00YUZKTWFFeE5RakZ1TmxCS2FrRRAB,ChIJj9sSOTi7bi4RzTRnNVDjwoA,TITIME,indramayu,Nongkrong,5,"⭐⭐⭐⭐⭐
Tempatnya nyaman banget buat nongkrong, suasananya adem dan tenang. Cocok buat ngopi sore sambil ngobrol santai bareng teman. Kopinya juga enak, pelayanannya ramah banget! 🤍☕",2025-10-25T12:20:57.398Z,Bustomi Arifin,104483852572232756115,False,0,id,2026-05-05T05:19:07.455892
Ci9DQUlRQUNvZENodHljRjlvT2s5NFNtMW5kVmxvWXpCNFVHeFRZekJCYzE4eFEzYxAB,ChIJj9sSOTi7bi4RzTRnNVDjwoA,TITIME,indramayu,Nongkrong,5,SERUU BANGETT ADEM TEMPATNYA COCOK UNTUK NONGKRONG,2025-10-25T12:19:06.979Z,Meidi Iskandar,101751652897233097380,False,0,id,2026-05-05T05:19:07.455900
Ci9DQUlRQUNvZENodHljRjlvT2pkbVpHSnNSRW8wYlZwR1pWSjVXa1pVUlRkWmFVRRAB,ChIJj9sSOTi7bi4RzTRnNVDjwoA,TITIME,indramayu,Nongkrong,5,"Enakkk Bangett Suasananya Nyaman, Apalagi Kalo bawa keluarga, sahabat, pacar (kalo punya wkwkwk)",2025-10-25T12:18:37.778Z,adzka insani,103336295471954260768,False,0,id,2026-05-05T05:19:07.455908
Ci9DQUlRQUNvZENodHljRjlvT25WMmVVeHZjVVJaVkZwV2VUZDVRbHBwZGt0aFlWRRAB,ChIJJ6N4l1a5bi4Rv-IpApx8hTU,Rumah Koffie Mr. Ino,indramayu,Nongkrong,5,"Cafe yang nyaman untuk diskusi, cafe yang ada menu jamunya cuman disini.",2026-02-21T11:36:01.147Z,badruz zaman,109219187012538848707,False,0,id,2026-05-05T05:19:07.455928
Ci9DQUlRQUNvZENodHljRjlvT25Wb01FOVZZemhuVDNwbVdIVlRUbDlVTWtWWGRGRRAB,ChIJJ6N4l1a5bi4Rv-IpApx8hTU,Rumah Koffie Mr. Ino,indramayu,Nongkrong,5,Enak kopi nya.. tapi lupa gak poto,2026-02-14T13:03:26.493Z,Aris Munandar,117193760992499706372,True,0,id,2026-05-05T05:19:07.455941
Ci9DQUlRQUNvZENodHljRjlvT2xWb1prMUZUa1oyYUdWR1VEWjBWVXh6UzB4a2VtYxAB,ChIJJ6N4l1a5bi4Rv-IpApx8hTU,Rumah Koffie Mr. Ino,indramayu,Nongkrong,5,"Pertama kalinya kesini disuguhkan dg pemandangan khas oriental & kaget pas masuk ada mesin pembuatan atau penyaringan kopi cukup gede. Makanan dan minumannya enak. Ada aneka jamu juga bagi yg suka.
Harga umumnya dibawah resto kopi tiam pd umumnya. Rekomen !",2026-02-12T12:41:34.420Z,Armyswanxx,109760193513399107146,True,0,id,2026-05-05T05:19:07.455951
Ci9DQUlRQUNvZENodHljRjlvT2tWaU5FZHNVSEZzVVZwd1kwMUZlVEkxTVZoaFFrRRAB,ChIJJ6N4l1a5bi4Rv-IpApx8hTU,Rumah Koffie Mr. Ino,indramayu,Nongkrong,5,"Cafe yang terletak di pusat kota, letaknya di jalan ahmad yani seberang sekolah santo mikael, suasana cozy, cocok untuk santai/kerja dari cafe.
Menunya harganya terjangkau, kopinya enak. Pembayaran bisa cash/tunai, debit, dan qris. Nasi ayam karage nya rekomended, kopi avocado/ yg aren juga rekomended.Pelayanan ramah.",2026-01-02T08:43:37.460Z,Ivan Setiadi,110901052501134637837,True,0,id,2026-05-05T05:19:07.455962
Ci9DQUlRQUNvZENodHljRjlvT2tadFNFdGZVSGxLZEZaM2VtTlBOVk0yWTNCRmEwRRAB,ChIJJ6N4l1a5bi4Rv-IpApx8hTU,Rumah Koffie Mr. Ino,indramayu,Nongkrong,5,Kopi yang paling enak dan ga bikin enek 🤩solusi buat siang-siang ngantukk cuman kopi mr.ino,2025-10-07T03:42:04.810Z,Tia Liana,106268695314204007554,False,0,id,2026-05-05T05:19:07.456061
Ci9DQUlRQUNvZENodHljRjlvT2tkallrTmxURmRrZUZWemFXRnRaR2xtT0VwcWJsRRAB,ChIJJ6N4l1a5bi4Rv-IpApx8hTU,Rumah Koffie Mr. Ino,indramayu,Nongkrong,5,awalnya gasuka kopi tapi pas nyobain kopi ini langung suka ngopi 🥰🥰,2025-10-07T03:41:51.854Z,Putri Tiara Lestari,116126420617152925742,False,0,id,2026-05-05T05:19:07.456076
Ci9DQUlRQUNvZENodHljRjlvT25JMFRqZzVlRkEzYXpsemJFZzVOMWRSVmxaRGVWRRAB,ChIJJ6N4l1a5bi4Rv-IpApx8hTU,Rumah Koffie Mr. Ino,indramayu,Nongkrong,5,"kopi susu nya mantapp, rasa antara kopi dan susu nya seimbang",2025-10-07T03:38:57.007Z,Muammar Reihan,105197718656528596261,False,0,id,2026-05-05T05:19:07.456095
Ci9DQUlRQUNvZENodHljRjlvT2taRFJEaDZNM2xSTW1GS1EwRjFaWFZhT1dReE0xRRAB,ChIJJ6N4l1a5bi4Rv-IpApx8hTU,Rumah Koffie Mr. Ino,indramayu,Nongkrong,5,ENAK BANGET KOPINYA,2025-10-07T03:32:27.423Z,Meidi Iskandar,101751652897233097380,False,0,id,2026-05-05T05:19:07.456105
Ci9DQUlRQUNvZENodHljRjlvT2xSUWRVSk5hUzFzZDFKV2FsRk9WRkZwTkd4Sk5YYxAB,ChIJJ6N4l1a5bi4Rv-IpApx8hTU,Rumah Koffie Mr. Ino,indramayu,Nongkrong,5,"Tempat ngopi paling nyaman di Indramayu! ☕✨
Suasananya cozy banget, cocok buat nugas, nongkrong, atau sekadar santai sore. Kopinya enak, aromanya khas, dan banyak pilihan menu minuman maupun camilan yang menggoda. 😍

Baristanya ramah, pelayanan cepat, dan harga juga bersahabat. Favorit banget kalau lagi butuh suasana tenang sambil ngopi. ❤️

Rekomendasi banget buat pecinta kopi — wajib banget mampir ke Rumah Koffie Mr. Ino!
#RumahKoffieMrIno #NgopiIndramayu #CoffeeLovers",2025-10-07T02:51:24.049Z,Bustomi Arifin,104483852572232756115,False,0,id,2026-05-05T05:19:07.456122
Ci9DQUlRQUNvZENodHljRjlvT21oWGRrNWtiblpLT1ZwbWVsQkhNelpQUzFCWFJVRRAB,ChIJt2CvuSS5bi4RoY0QAfF-DY4,Seven Coffee Company Indramayu,indramayu,Nongkrong,5,Tempat nya sangattt enak tanpa asap rokokk,2026-03-25T12:35:42.129Z,Een umaenih,114141599900173693989,False,0,id,2026-05-05T05:19:07.456163
Ci9DQUlRQUNvZENodHljRjlvT2pKclowOHRNMDkzZUZsWVYxSm5PWFZtVDNveE9FRRAB,ChIJt2CvuSS5bi4RoY0QAfF-DY4,Seven Coffee Company Indramayu,indramayu,Nongkrong,5,"tempatnya bagus, luas, nyaman dan dingin",2026-03-25T12:23:35.651Z,FH. RIQX_,115701772852833717203,False,0,id,2026-05-05T05:19:07.456181
Ci9DQUlRQUNvZENodHljRjlvT2tkc2JtbExSRU10UVMxVGFUbEJkbTVGUWtsdlYxRRAB,ChIJt2CvuSS5bi4RoY0QAfF-DY4,Seven Coffee Company Indramayu,indramayu,Nongkrong,5,makanan minumannya enak ada billiardnya bisa buat nongkrong bersih nyaman juga rackernya ramah ramah,2026-03-25T06:59:33.646Z,FAIZ AL-FAIRUZ,103066650219976735779,False,0,id,2026-05-05T05:19:07.456222
Ci9DQUlRQUNvZENodHljRjlvT2toUlgzaEtkVzh4Y0VSRlNrcGFVblJ5VDJ4UmVFRRAB,ChIJt2CvuSS5bi4RoY0QAfF-DY4,Seven Coffee Company Indramayu,indramayu,Nongkrong,5,"Makanan sama minumannya enak enak, pelayanya juga ramah ramah, billiardnya juga nyaman bersih keren",2026-03-25T05:25:51.436Z,Iyus Russamawati,116376847162148321437,False,0,id,2026-05-05T05:19:07.456235
Ci9DQUlRQUNvZENodHljRjlvT201SlgyRlFhekpaWnkwMFJHSkpjRWhNVjNsVmVrRRAB,ChIJt2CvuSS5bi4RoY0QAfF-DY4,Seven Coffee Company Indramayu,indramayu,Nongkrong,5,nyaman bersih makananya enak enak billiardnya juga keren,2026-03-24T08:39:39.700Z,Wah Yu,118330928978885253446,False,0,id,2026-05-05T05:19:07.456290
Ci9DQUlRQUNvZENodHljRjlvT2pKUmVFaEJaVWRrTWpkbWF6WnNTR1JGYzBwUVoxRRAB,ChIJt2CvuSS5bi4RoY0QAfF-DY4,Seven Coffee Company Indramayu,indramayu,Nongkrong,5,makanan minumanya enak enak,2026-03-24T08:36:32.674Z,Adrian Maulana,117600739911166242216,False,0,id,2026-05-05T05:19:07.456308
Ci9DQUlRQUNvZENodHljRjlvT2xNd1VGOUdTak5KYzFWUGVHOURPVXN5YVhwMk1HYxAB,ChIJj9sSOTi7bi4RzTRnNVDjwoA,TITIME,indramayu,Nongkrong,5,"Awesome place, delicious food, perfect 👍",2025-10-25T12:17:57.956Z,Gabriel Siregar,110923534917810967037,False,0,en,2026-05-05T05:19:07.456318
Ci9DQUlRQUNvZENodHljRjlvT201S1VYRXlSbEpaWWpkMFRsWTFXVmRwZDJweldGRRAB,ChIJj9sSOTi7bi4RzTRnNVDjwoA,TITIME,indramayu,Nongkrong,5,"enak, pelayanan nya ramah sekalii cocok buat nongki",2025-10-25T12:14:09.137Z,Doyoung Intan,110135032595209950781,False,0,id,2026-05-05T05:19:07.456348
Ci9DQUlRQUNvZENodHljRjlvT21kcU9FNTNhelkwVDBNeVJHbEtOVXBqUlhac0xXYxAB,ChIJj9sSOTi7bi4RzTRnNVDjwoA,TITIME,indramayu,Nongkrong,5,"tempat nongkrong terbaik di Indramayu, vibesnya aesthetic harganya aman dikantong",2025-10-25T12:11:56.038Z,Taufiqurrahman,115946486158888827419,False,0,id,2026-05-05T05:19:07.456366
Ci9DQUlRQUNvZENodHljRjlvT2xCQldEWTFhRlpYU1dwME1FOHhTazA1UTBGUVptYxAB,ChIJj9sSOTi7bi4RzTRnNVDjwoA,TITIME,indramayu,Nongkrong,5,"Pelayanan cepat, makanan enak, dan tempatnya aesthetic",2025-10-25T11:42:20.562Z,Ahmad Nur fauzan,113895907025182313253,False,0,id,2026-05-05T05:19:07.456390
Ci9DQUlRQUNvZENodHljRjlvT21kTE5uRTVVbTlFT1hNdFlqRTNWRkIyYTNJdGVtYxAB,ChIJj9sSOTi7bi4RzTRnNVDjwoA,TITIME,indramayu,Nongkrong,5,"tempatnya adem kalo siang enak buat nongki sendirian,malem lebih asik lagi kalo bawa temen temen atau keluarga,minumannya gokil makanannya apa lagi,pokoknya wuaasiiik anjuuuy",2025-10-25T11:21:40.491Z,Rizqy Ananda,114192741073206194910,False,0,id,2026-05-05T05:19:07.456403
Ci9DQUlRQUNvZENodHljRjlvT25sMlIzUTVjMHB1VVdkdFFWTnlRMGMzWlZobWNVRRAB,ChIJj9sSOTi7bi4RzTRnNVDjwoA,TITIME,indramayu,Nongkrong,2,"Maaf, makanan nya lama banget dtg nya, padahal klo lama gpp tapi harusnya ada konfirmasi",2025-10-18T14:48:15.173Z,Suci Purwati,103094105716264490563,False,0,id,2026-05-05T05:19:07.456417
Ci9DQUlRQUNvZENodHljRjlvT2psSFZqZE1NVEZ2UjNaU2MweFRSR3BoTVVrNGVYYxAB,ChIJj9sSOTi7bi4RzTRnNVDjwoA,TITIME,indramayu,Nongkrong,1,"Maap aku kasih bintang satu, sumpah pesen makanan lama banget
Sejam setengah ga dateng-dateng, dari laper sampe udah ga selera makan lagi, kapok kesini",2025-10-18T13:41:49.638Z,Eriska Apriyani,115329969416865174581,False,1,id,2026-05-05T05:19:07.456436
Ci9DQUlRQUNvZENodHljRjlvT2xScWVWRmpXRzlLVmpVeVpIUTNMUzFTWlRkMFkwRRAB,ChIJj9sSOTi7bi4RzTRnNVDjwoA,TITIME,indramayu,Nongkrong,5,"tempat nongki aesthetic, pelayanannya oke bangett, cocok dijadiin basecamp buat nongkrong karna aku dan temen2 selalu kesini berkali kali, kwetiau & lychee tea nya rekomend buat dicoba❤️❤️✨",2025-10-05T16:08:15.288Z,Desy Ratnaputri,112229355720387900646,False,0,id,2026-05-05T05:19:07.456453
Ci9DQUlRQUNvZENodHljRjlvT2xSQlVqUldWMlYyYm1OdFF6SldlV3ROU21wMlpWRRAB,ChIJJ6N4l1a5bi4Rv-IpApx8hTU,Rumah Koffie Mr. Ino,indramayu,Nongkrong,5,Kopi susu di Mr. Ino enak banget perpaduan kopi sama susunya pass bangettt 🤩🤩🤩 mantapp 😻,2025-10-07T02:47:09.818Z,VHira Satieillah SIKC 25,110730694812347481932,False,0,id,2026-05-05T05:19:07.456515
Ci9DQUlRQUNvZENodHljRjlvT2tNelRscDNURzlSVlZBeGIwcFVNWFE1TURoQlkxRRAB,ChIJJ6N4l1a5bi4Rv-IpApx8hTU,Rumah Koffie Mr. Ino,indramayu,Nongkrong,5,"kopinya enak seger manisnya pas dan bikin nagih,😍",2025-10-07T02:46:05.327Z,nopi anuuu,109841332145270882218,False,0,id,2026-05-05T05:19:07.456540
Ci9DQUlRQUNvZENodHljRjlvT21ObFkycGFTelpaVTJsbE0yZFNaSGsyVjA5WlpFRRAB,ChIJJ6N4l1a5bi4Rv-IpApx8hTU,Rumah Koffie Mr. Ino,indramayu,Nongkrong,5,"Tempat nyaman untuk kumpul dan makan bareng keluarga, Maksimal yang optimal",2025-09-09T06:26:55.228Z,nasution hari,112269571319503174634,True,0,id,2026-05-05T05:19:07.456550
Ci9DQUlRQUNvZENodHljRjlvT25CZk1sVjVObGM1T1RJNWVVWTNZVXBTYTJsVlRGRRAB,ChIJJ6N4l1a5bi4Rv-IpApx8hTU,Rumah Koffie Mr. Ino,indramayu,Nongkrong,5,"Mantaaaappp,, suasananya menyenangkan sekali..",2025-08-12T17:28:08.917Z,Roman picisan Coffe,100394844132880568835,False,0,id,2026-05-05T05:19:07.456558
Ci9DQUlRQUNvZENodHljRjlvT2pCSmF6bGhhMk5ZUjJ4SlFXNVNjSFl3UW5wdE4zYxAB,ChIJJ6N4l1a5bi4Rv-IpApx8hTU,Rumah Koffie Mr. Ino,indramayu,Nongkrong,5,"Lantai outdoor ga rata, makanan n minuman standar cafe",2025-08-11T00:53:35.073Z,H Limin,116015035327435585833,True,0,id,2026-05-05T05:19:07.456567
Ci9DQUlRQUNvZENodHljRjlvT21OUlNIaGtiR2hLUVd0R2MycEJRWE5RTjBWeFMwRRAB,ChIJJ6N4l1a5bi4Rv-IpApx8hTU,Rumah Koffie Mr. Ino,indramayu,Nongkrong,5,"Kopinya enak, lokasi strategis dan harga tergolong murah",2025-07-19T06:04:59.510Z,Andri Himawan,101179344599110015756,False,0,id,2026-05-05T05:19:07.456575
ChdDSUhNMG9nS0VJQ0FnTUN3amR6RTRBRRAB,ChIJJ6N4l1a5bi4Rv-IpApx8hTU,Rumah Koffie Mr. Ino,indramayu,Nongkrong,5,Indramayu legend.,2025-03-20T11:36:31.349Z,Alija Muhammad Syauqi,101410330665157314952,True,0,id,2026-05-05T05:19:07.456593
ChZDSUhNMG9nS0VJQ0FnTUNBbmRhV1lREAE,ChIJJ6N4l1a5bi4Rv-IpApx8hTU,Rumah Koffie Mr. Ino,indramayu,Nongkrong,5,"Masya Allah seneng bgt deh makan disini, nyaman bersih, enak, kopinya catat ya enak bgt, orangnya ramah semuaaaaaa..next time kesini lg...",2025-02-03T10:13:36.445Z,Ulfa Maria,116161222570314601099,False,0,id,2026-05-05T05:19:07.456605
ChdDSUhNMG9nS0VJQ0FnSURmd2FLeDZRRRAB,ChIJJ6N4l1a5bi4Rv-IpApx8hTU,Rumah Koffie Mr. Ino,indramayu,Nongkrong,4,Rumah tua jadi kopi shop,2025-01-07T06:17:08.730Z,Heryudy Wasisto,106358479400005592540,True,0,id,2026-05-05T05:19:07.456617
ChdDSUhNMG9nS0VJQ0FnSUR2bjc3SHBnRRAB,ChIJJ6N4l1a5bi4Rv-IpApx8hTU,Rumah Koffie Mr. Ino,indramayu,Nongkrong,5,"Makanan nya enak... harganya standar... suasana nya cozy... hanya saja utk tempat sholat supaya di perbagus lagi, alat sholatnya di sediakan yg lebih baik, krn pas saya sholat ..alat sholatnya menurut saya kurang layak  dan sediakan sandal jepit utk ber wudhu agar terjaga kesucian nya.... utk permainan yg disediakan bisa ditambahkan permainan ular tangga, ludo dsb...agar lebih bervariatif..... sukses selalu...",2024-12-25T14:42:38.048Z,Soa Ocv,113348400774921923978,True,0,id,2026-05-05T05:19:07.456624
ChZDSUhNMG9nS0VJQ0FnSUNudGRxMlNnEAE,ChIJJ6N4l1a5bi4Rv-IpApx8hTU,Rumah Koffie Mr. Ino,indramayu,Nongkrong,1,"ZOOOOONK. Pesan Di gofood, ada gambar mozarela goreng seperti yg saya pesan saat dine in dulu, tapi yg datang ga ada mozarela goreng nya. Selain itu ditulis di gofood ada ayam dan Sosis tapi ga ada sosis di dalam sushinya dan ayam hanya seupil.
Untungnya si penjual mau balik uang krn pesanan yg ga sesuai. Semoga bisa diperbaiki lagi terkait update menu nya agar customer ga merasa dibohongi.",2024-09-28T08:07:22.750Z,M. Riza,106074555886946317149,True,0,id,2026-05-05T05:19:07.456641
ChZDSUhNMG9nS0VJQ0FnSUNIeEozVVhBEAE,ChIJJ6N4l1a5bi4Rv-IpApx8hTU,Rumah Koffie Mr. Ino,indramayu,Nongkrong,5,"Menunya selalu update, untuk rasa enak dan harganya affordable.",2024-09-16T10:45:51.192Z,Fajar Pratama,105287633149084798361,True,0,id,2026-05-05T05:19:07.456650
ChdDSUhNMG9nS0VJQ0FnSURBc29EeDl3RRAB,ChIJJ6N4l1a5bi4Rv-IpApx8hTU,Rumah Koffie Mr. Ino,indramayu,Nongkrong,5,"Kalo mau nyari kopi yg enak di Indramayu ya disini Mr. Ino
Berbagai jenis kopi bisa kalian temukan disini.
Udah pasti mas ino ini pengalaman sebagai salah satu roaster kopi terbaik di Indramayu.
Kopi yg disajikan gapernah gagal !
Kalian juga bisa membeli bubuk/biji kopi yh sudah di packaging dengan berbagai pilihan.",2024-05-15T13:24:11.579Z,Joko Fathur “Joeheadshot” Rahman,115432922797482548286,True,0,id,2026-05-05T05:19:07.456675
ChdDSUhNMG9nS0VJQ0FnSUNqczZ5Ty1BRRAB,ChIJJ6N4l1a5bi4Rv-IpApx8hTU,Rumah Koffie Mr. Ino,indramayu,Nongkrong,4,"Penyajian lumayan lama, rasa makanan lumayan",2024-04-25T14:14:41.951Z,Fuad Hamzah,112010260684218315812,True,0,id,2026-05-05T05:19:07.456684
Ci9DQUlRQUNvZENodHljRjlvT2sweU0zaFdVbEpMV2xKS1oybGlSVjlLU0RoSWVrRRAB,ChIJdTfs1IG5bi4RNR9SDqby0eQ,Teringat Kopi,indramayu,Nongkrong,5,Good food good service.,2026-05-01T13:52:39.687Z,Ambrita Gita Dewa,116190281077607850215,True,0,en,2026-05-05T05:19:07.456699
Ci9DQUlRQUNvZENodHljRjlvT21SWUxYcENSMUV0TVhaV1FWUktWWGt3WWxVeFozYxAB,ChIJdTfs1IG5bi4RNR9SDqby0eQ,Teringat Kopi,indramayu,Nongkrong,5,"From the initial briefing, the team understood the design concept and the sample diazaccurate. It saved a good amount of time during the revision stage.",2026-04-15T07:58:30.931Z,Surtinih _,111678563857170778450,False,0,en,2026-05-05T05:19:07.456711
Ci9DQUlRQUNvZENodHljRjlvT2t0cFQwdGhYMlJmYzNNM2NWaE5jMDlyWnpOMGVWRRAB,ChIJdTfs1IG5bi4RNR9SDqby0eQ,Teringat Kopi,indramayu,Nongkrong,5,"datang kesini pas bulan puasa kemaren buat bukber, pesen makanan ditempat, tapi menurutku datengnya cepet, ga kaya di resto2 lain yg kalo pas buka puasa malah kacau, disini pelayanan nya oke banget, apa2 selalu konfirmasi, pertahankan.",2026-04-01T22:04:02.189Z,Vina Hafeezy,111542173105340918482,True,0,id,2026-05-05T05:19:07.456742
Ci9DQUlRQUNvZENodHljRjlvT21WcFdEaDJVazFrWjI5dmRqbEpjMXBYUnpSNWJWRRAB,ChIJdTfs1IG5bi4RNR9SDqby0eQ,Teringat Kopi,indramayu,Nongkrong,2,Untuk tempat ok tapi nunggunya lama hampir 1 jam saya nunggu itu pun desert dan minuman dulu yang dateng jadi udah kenyang duluan .. agak kecewa sih ketolong tempat doang ..,2026-03-22T14:35:50.523Z,Akbar Mughni,101406531592620547695,False,0,id,2026-05-05T05:19:07.456762
Ci9DQUlRQUNvZENodHljRjlvT2tKNVNEUkphV0kxYVZSeVpDMWpkWGsyVjNGblprRRAB,ChIJdTfs1IG5bi4RNR9SDqby0eQ,Teringat Kopi,indramayu,Nongkrong,5,"Salah satu cafe terhits dikota Indramayu, makananya enak, harga terjangkau & tempatnya super nyaman. Bintang 5 buat Teringat kopi 👏",2026-03-18T15:46:57.525Z,Dimas Khoirudin,114902975874690294202,False,0,id,2026-05-05T05:19:07.456810
Ci9DQUlRQUNvZENodHljRjlvT25sVFFqUTRZbUppT1ZWcGR6UlJlbnAzV1RCaFVuYxAB,ChIJdTfs1IG5bi4RNR9SDqby0eQ,Teringat Kopi,indramayu,Nongkrong,5,"Murah, enak.. Pelayanan klo bukber wajar y lama karna kan antri.. Cafe termurah y buat kantong pljr menurut aku enk pula.. Wajib coba gais...",2026-03-18T15:42:48.993Z,eri astuti,106217570412548193097,False,0,id,2026-05-05T05:19:07.456819
Ci9DQUlRQUNvZENodHljRjlvT2twblYzb3dhelZ0ZVdoME1VOVVOMUoxUXpGRlNtYxAB,ChIJdTfs1IG5bi4RNR9SDqby0eQ,Teringat Kopi,indramayu,Nongkrong,5,"Suka aja disini, enak dan selalu rame",2026-03-17T21:49:23.862Z,Radhika Alfarizki,114779925173702060690,False,0,id,2026-05-05T05:19:07.456828
Ci9DQUlRQUNvZENodHljRjlvT21Vd2NYaGxTa2d6WkVaMVlVSjJPR2sxTTB4NGJsRRAB,ChIJdTfs1IG5bi4RNR9SDqby0eQ,Teringat Kopi,indramayu,Nongkrong,5,"Selalu puas makanan disini, paling aman kalau bawa keluarga psti kesini, krn segala macam ada..kemarin bukber disana rame banget.. alhamdulillah makanan datang tepat waktu, semangat buat mas n mbanyaa yg keren2 banget..",2026-03-17T20:58:26.448Z,Devadika Muhammad,100492292217304023042,False,0,id,2026-05-05T05:19:07.456836
Ci9DQUlRQUNvZENodHljRjlvT21KVlduTjNZM2RvTm5RM2VreGZlVVZoV1VodlJGRRAB,ChIJdTfs1IG5bi4RNR9SDqby0eQ,Teringat Kopi,indramayu,Nongkrong,5,Aku suka makan an disini nih bikin nagiih bnget,2026-03-17T18:10:34.289Z,Syarifah Irine Alqadrie,117564688421026469452,False,0,id,2026-05-05T05:19:07.456846
Ci9DQUlRQUNvZENodHljRjlvT2twWVdVaHFhVU15WTJscFJuVnhlV2htYWxaT1RrRRAB,ChIJdTfs1IG5bi4RNR9SDqby0eQ,Teringat Kopi,indramayu,Nongkrong,1,udh booking tapi dicancel,2026-03-17T12:58:34.722Z,Melisya Imel,101541862685249224650,False,0,jv,2026-05-05T05:19:07.456853
Ci9DQUlRQUNvZENodHljRjlvT25CdFZFazNha3czTkVNMGNrbFJhblJIZEZWb1drRRAB,ChIJdTfs1IG5bi4RNR9SDqby0eQ,Teringat Kopi,indramayu,Nongkrong,1,"tolong attiude tukang parkirnya diperbaikin ,gausah sambil marah” bisa ga ya sakit ati banget ini🙏🏻",2026-03-11T13:27:57.095Z,alfa nadila,111745560149658533285,False,0,id,2026-05-05T05:19:07.456861
ChdDSUhNMG9nS0VJQ0FnSUROcUpQOTNRRRAB,ChIJJ6N4l1a5bi4Rv-IpApx8hTU,Rumah Koffie Mr. Ino,indramayu,Nongkrong,5,"Pelayanan ramah dan cepat, makanan enak2 harga standar. Mungkin untuk nasinya bisa ditambah lagi sedikit. Overall mantap bisa dicoba kembali",2024-01-20T10:24:05.133Z,ulfa khasanah,116918409823965783408,True,0,id,2026-05-05T05:19:07.456895
ChdDSUhNMG9nS0VJQ0FnSUNObjQtQTFRRRAB,ChIJJ6N4l1a5bi4Rv-IpApx8hTU,Rumah Koffie Mr. Ino,indramayu,Nongkrong,4,"Kopinya enak, vietnam drift saya suka, cuma sayang parkir roda empat harus di pinggir jalan.",2024-01-19T09:22:59.538Z,Robani Alzawani,101464505712102105993,True,0,id,2026-05-05T05:19:07.456903
ChdDSUhNMG9nS0VJQ0FnSUQxaGVMa3lBRRAB,ChIJJ6N4l1a5bi4Rv-IpApx8hTU,Rumah Koffie Mr. Ino,indramayu,Nongkrong,5,"Suasana tenang, apalagi di bagian yg ber AC.
Ada ruangan yg ber AC dan ada yg tidak. Enak kalo mau bikin acara",2024-01-08T16:23:07.876Z,Febriyanti Ibrahim,115794335978918653499,True,0,id,2026-05-05T05:19:07.456914
ChdDSUhNMG9nS0VJQ0FnSUNWNjV2WHBBRRAB,ChIJJ6N4l1a5bi4Rv-IpApx8hTU,Rumah Koffie Mr. Ino,indramayu,Nongkrong,4,Karena kesempurnaan hanya milik gusti Alloh SWT.,2023-12-09T11:59:17.318Z,Eka Aminpraja,117574193167273774964,True,0,id,2026-05-05T05:19:07.456928
Ci9DQUlRQUNvZENodHljRjlvT2tKUE9VVjBkMFJUWkVjM1pWcE9WM3BKWmpaeldrRRAB,ChIJdTfs1IG5bi4RNR9SDqby0eQ,Teringat Kopi,indramayu,Nongkrong,5,"Menurut saya Teringat Kopi jadi salah satu coffee shop di Indramayu yang punya space cukup luas. Area duduknya juga variatif, ada indoor ber-AC, meeting room, public space, sampai outdoor yang lumayan lega.
Selain buat nongkrong santai, tempat ini juga cocok kalau lagi cari tempat buat meeting kecil atau bahkan bikin event.
Untuk harga masih standar coffee shop. Beberapa menu yang saya coba di sini ada Coldbrew (28k), Kopi Susu Ngeunah (25k), Brulee Bomb (25k), dan Banana Split (22k). Overall rasanya enak-enak.
Pelayanannya juga oke, ramah dan cukup informatif. Tempatnya cozy dan nyaman buat duduk lama.
Overall recommended kalau lagi cari coffee shop di Indramayu yang tempatnya luas",2026-03-11T04:34:36.560Z,Abkolik,107076596488869827141,True,0,id,2026-05-05T05:19:07.456957
Ci9DQUlRQUNvZENodHljRjlvT2xaNE5HeEpXR1ZLV0dGQmFWcFZXbXM1YkVjellYYxAB,ChIJdTfs1IG5bi4RNR9SDqby0eQ,Teringat Kopi,indramayu,Nongkrong,1,"Pesanan terlalu lama, hampir lebih dari 1 jam",2026-03-08T12:01:37.638Z,Arya Andriawan,115484951971274525290,False,0,id,2026-05-05T05:19:07.456972
Ci9DQUlRQUNvZENodHljRjlvT25nNGRFRm9kbmszYzBkVlZuUXRkMnRSTmtOTU0zYxAB,ChIJdTfs1IG5bi4RNR9SDqby0eQ,Teringat Kopi,indramayu,Nongkrong,5,masnya jago bgt fotoin😭😭❤️,2026-03-06T03:45:52.451Z,Dea Maharani,117278454350181497950,False,0,id,2026-05-05T05:19:07.456980
Ci9DQUlRQUNvZENodHljRjlvT2toSVJ6TlljMlYxWWtORlZtMVVabFE0UW0xd1MwRRAB,ChIJdTfs1IG5bi4RNR9SDqby0eQ,Teringat Kopi,indramayu,Nongkrong,1,Pelayanan ko sangat lama ya udah boking tapi makanan dateng nya habis isha iziiin🙏,2026-03-05T08:39:54.759Z,Jenal Arifin,101925986576867474642,False,0,id,2026-05-05T05:19:07.456989
Ci9DQUlRQUNvZENodHljRjlvT214QlV6QnJVbUZUTWpoSk5IRjBjRWRMYVVKd2NXYxAB,ChIJdTfs1IG5bi4RNR9SDqby0eQ,Teringat Kopi,indramayu,Nongkrong,5,"saya pernah ngadain acara rapat disitu, overall makanan enak, pelayanan juga ramah, suasana oke banget bisa buat nyantai/acara keluarga, untuk parkiran luas banget, harga nya juga terjangkau sekali. next acara lagi saya mau di teringat kopi🥶🥶",2026-03-05T06:33:54.400Z,charul anam,102608408275896794070,False,0,id,2026-05-05T05:19:07.456997
Ci9DQUlRQUNvZENodHljRjlvT214TVNqTkZZMnRwWDA1U01VRmtiMHB4VFhCS2JXYxAB,ChIJdTfs1IG5bi4RNR9SDqby0eQ,Teringat Kopi,indramayu,Nongkrong,5,"Alhamdulillah, engga salah pilih tempat untuk berbuka puasa karyawan ramah ramah, rasa makanan nya mantap tadi pesen ayam kebangetan, chezy roll pizza pepperoni rasanya mantap... Minumnya lime mint es dan kopi ngeunah 👍",2026-03-04T17:48:01.801Z,Amira 015,113151480552387525214,False,0,id,2026-05-05T05:19:07.457006
Ci9DQUlRQUNvZENodHljRjlvT2sxVk1HbE9RVVZPUWtwdVZsSXdPVWgyZFVsbVlVRRAB,ChIJdTfs1IG5bi4RNR9SDqby0eQ,Teringat Kopi,indramayu,Nongkrong,5,sangat memuaskan terima kasih atas pelayanan nya,2026-03-04T13:57:18.097Z,Z Bule,107467250966343808395,False,0,id,2026-05-05T05:19:07.457028
Ci9DQUlRQUNvZENodHljRjlvT210bVdHMUNiVkI0Y2xCbWNITlFlVkEyYVhocFpuYxAB,ChIJdTfs1IG5bi4RNR9SDqby0eQ,Teringat Kopi,indramayu,Nongkrong,5,cocok unt bukber bersama keluarga/ teman makanannya enak enak porsinya wort it,2026-03-04T13:56:24.074Z,Anjelia Putri,102432494300266284420,False,0,id,2026-05-05T05:19:07.457037
Ci9DQUlRQUNvZENodHljRjlvT2pNMlRreHhZbWhYWjBaM2FWZ3lUM1pXVldkRU4zYxAB,ChIJdTfs1IG5bi4RNR9SDqby0eQ,Teringat Kopi,indramayu,Nongkrong,5,"makanan enak dan sudah tersaji pas datang, kopinya favorit banget..
service juga ramah dan cekatan aa dan tetehnya..
paling suka karena banyak spot foto..",2026-03-04T13:46:48.141Z,jesica lyn,115433429896510268807,False,0,id,2026-05-05T05:19:07.457047
Ci9DQUlRQUNvZENodHljRjlvT2xkZlpXY3liMVpOVlVkdU1VTk5hbGxRWldkU2NsRRAB,ChIJdTfs1IG5bi4RNR9SDqby0eQ,Teringat Kopi,indramayu,Nongkrong,5,"Habis bukber disini, suka sama suasananya..
Makanan enak2 dan variatif jd bnyk pilihan..
Walau agak lama tapi maklum karena emang full n rame banget.. ❤",2026-03-04T13:40:59.442Z,Intan Rahmadany,109898912744269654239,False,0,id,2026-05-05T05:19:07.457057
Ci9DQUlRQUNvZENodHljRjlvT21oNFpUTXRVbDlxZVRObVJFZG1TMUJYUkdoWE5uYxAB,ChIJdTfs1IG5bi4RNR9SDqby0eQ,Teringat Kopi,indramayu,Nongkrong,1,"Ngak sesuai sama gambar, yang menu digambar besar dan banyak dan lengkap tetapi yang dateng malah kecil banget, sedikit, nga komplit tidak ada tomat,. Harusnya harga mahal rasa mewah kok ini bikin mengecewakan dan berantakan tidak aesthetic seperti di menu foto,sendok juga ngak bersih sebelum di pakai masih KOTOR yg nyucinya gimana sih!, JUJUR SANGAT KECEWA PARAHH",2026-03-04T11:45:43.967Z,Yang Gampang,118118666980068951593,False,0,id,2026-05-05T05:19:07.457067
Ci9DQUlRQUNvZENodHljRjlvT25GcE4xTm1Ra1kwVDFZd2RWTk5RVzlLWTFFMlJGRRAB,ChIJdTfs1IG5bi4RNR9SDqby0eQ,Teringat Kopi,indramayu,Nongkrong,4,"Asik juga sih, makan sambil nyantai....",2026-03-04T11:42:08.446Z,Glamakan Sikil,106743554624569969394,True,0,id,2026-05-05T05:19:07.457076
Ci9DQUlRQUNvZENodHljRjlvT2tGdGRuUjVUVGxuUVRGMFMyWTBkWEIwWnpSUFkyYxAB,ChIJdTfs1IG5bi4RNR9SDqby0eQ,Teringat Kopi,indramayu,Nongkrong,1,Pelayanan lama dari saya datang sampai 1 jam makanan belum datang,2026-03-04T11:27:01.639Z,Bimo Akbar Riady,109906440654056694034,True,0,id,2026-05-05T05:19:07.457085
Ci9DQUlRQUNvZENodHljRjlvT2t3emNXeHhObWxuTW1adlNXdGhSMnRDYmpOdFVIYxAB,ChIJdTfs1IG5bi4RNR9SDqby0eQ,Teringat Kopi,indramayu,Nongkrong,1,"Pelayanan sangat lama, pelayan tidak sopan, ada parkir liar, porsi kecil harga mahal, tidak wort it",2026-03-04T11:25:44.457Z,Reksan Kusuma,118084395399404376316,False,0,id,2026-05-05T05:19:07.457093
Ci9DQUlRQUNvZENodHljRjlvT25SVVJUQXRlVUpKY1RCMmIxbENhbk55YkVOTVVrRRAB,ChIJdTfs1IG5bi4RNR9SDqby0eQ,Teringat Kopi,indramayu,Nongkrong,1,"Pelayanan lama, meja ga mencukupi, harga mahal porsi dikit, harusnya bulan puasa gini lebih prepare buat pelayanan",2026-03-04T11:22:46.441Z,Fadly Ilham,115762188366448891950,False,0,id,2026-05-05T05:19:07.457103
Ci9DQUlRQUNvZENodHljRjlvT2tSamJUWXRjMGgxYWpSVFZEWkNUVGhTYzA1V1IyYxAB,ChIJdTfs1IG5bi4RNR9SDqby0eQ,Teringat Kopi,indramayu,Nongkrong,5,Lumayan enak buat santai bareng temen atau sodara.,2026-02-17T10:41:15.912Z,Sufyan Sliyeg,103525987915145366878,True,0,id,2026-05-05T05:19:07.457113
ChZDSUhNMG9nS0VJLVh3dktfbjdXa1dREAE,ChIJASZLCOS5bi4RMw950XKFUyg,Teras Kita,indramayu,Nongkrong,5,"Spot kuliner & nongkrong yang menarik, ada pilihan menu yg bervariasi, warmindo, nasigoreng, dimsum, minuman dll. dekat pusat kota, tempat belanja, hotel2.",2025-05-21T02:33:42.163Z,Agus Susanto,102928863895640512706,True,0,id,2026-05-05T05:19:07.457128
ChZDSUhNMG9nS0VJQ0FnSUNmaTVTa2ZnEAE,ChIJASZLCOS5bi4RMw950XKFUyg,Teras Kita,indramayu,Nongkrong,1,"Saya makan di tempat seafood. Super kecewa:
Untuk harga yg sangat mahal
- ikan bakarnya gosong
- bahan makanannya banyak yang gak segar
- dapurnya kotor dan hasil masakannya jg kurang bersih. Ada banyak kotoran di es dan  jeruk perasnya
- ikan kerapu fresh dari kolam, tapi kolamnya jg gak terawat
- pelayanan buruk! saya pesan udang di tempat nasi goreng, malah dikasih harga seharga tempat seafood yg >2x lebih mahal tanpa informasi yang jelas

Only pros only the playground and ambience. Sisanya bad exp",2025-01-01T13:56:12.821Z,Hasna K,111455626301614051368,True,0,id,2026-05-05T05:19:07.457180
ChZDSUhNMG9nS0VJQ0FnSUNmdEstekJnEAE,ChIJASZLCOS5bi4RMw950XKFUyg,Teras Kita,indramayu,Nongkrong,1,"Dulu saya langganan disini, kebetulan lg lewat kangen sm nasi goreng Teras Kita, yauda deehh mampir pass makan Gajelas rasanya makan di Desember 2024, makan malam yg sangat buruk
Dulu memang enak, sekarang gaenak asin banget beda koki juga. Harga msh ttp sama rasa udah beda Asinn. Terus mba2nya masa sy pesen nasi goreng seafoood spesial dibuatnya nasi goreng iga spesial. Padahal sy ga pesen lohhh. Lg laper2nya nungguin makanan jadi taunya salah gmn ya kesel
Tolong lebih di perbaiki lagi rasanya tdk seperti dulu

Oiya dulu bentuk nasi gorengnya bening gituu ga banyak Minyak, sekarang banyak banget minyaknya terus asinnnn",2024-12-26T13:48:39.807Z,Indah Lestari,108004012635242537527,True,0,id,2026-05-05T05:19:07.457189
ChdDSUhNMG9nS0VJQ0FnSUNDMnNpZW5BRRAB,ChIJASZLCOS5bi4RMw950XKFUyg,Teras Kita,indramayu,Nongkrong,4,So far this is best food court in Indramayu,2024-12-10T04:38:35.406Z,Tica Choirun Nisa,101572833173613329654,True,0,en,2026-05-05T05:19:07.457206
Ci9DQUlRQUNvZENodHljRjlvT2s4M01HTXliVGN5VjNoUlNtNTFTalkxVTBwcmNVRRAB,ChIJdTfs1IG5bi4RNR9SDqby0eQ,Teringat Kopi,indramayu,Nongkrong,5,"Pelayanannya cepat, tempatnya cozy dan nyaman, makanannya juga enak²",2026-02-03T10:05:35.749Z,Ina Retna,100587783408308463765,False,0,id,2026-05-05T05:19:07.457290
Ci9DQUlRQUNvZENodHljRjlvT25FeGJtNUdOMVJKUzBKRldHaGhkelpGTmtvNWNFRRAB,ChIJdTfs1IG5bi4RNR9SDqby0eQ,Teringat Kopi,indramayu,Nongkrong,5,"Luar biasa sih.tadinya cuma niatnya iseng2 mampir kerana hujan,taunya pas dateng disambut dengan baik ama stafnya dengan senyuman & ramah tamah yang bikin segan.makanannya juga enak², kopinya ga ringan bgt,pokoknya bikin nagih deh mau balik lagi.makasih ya kak🤗",2026-01-04T08:32:23.671Z,Pacarnya Ghea,117546947728330030004,True,0,id,2026-05-05T05:19:07.457299
Ci9DQUlRQUNvZENodHljRjlvT2kxek5XeGpWVEJEVlRSM1gwOURWR1pNU1Y5YVZuYxAB,ChIJdTfs1IG5bi4RNR9SDqby0eQ,Teringat Kopi,indramayu,Nongkrong,5,Tempatnya astetic nyaman buat foto makananya jga murah murahh,2025-12-27T09:24:15.930Z,Ely Nurmaya,105904933591577469302,False,0,id,2026-05-05T05:19:07.457308
Ci9DQUlRQUNvZENodHljRjlvT2kweGJWRTVUWEF5YTJsVE9YWldWbXR4YzFKM1psRRAB,ChIJdTfs1IG5bi4RNR9SDqby0eQ,Teringat Kopi,indramayu,Nongkrong,5,Kafenya luas. Banyak pilihan tempat duduknya. Ada indoor dan outdoornya. Pilhan menunya banyak dan harganya terjangkau.,2025-12-23T14:46:16.903Z,Feni Nurhw,116039759675743735054,True,0,id,2026-05-05T05:19:07.457316
Ci9DQUlRQUNvZENodHljRjlvT2xoaWNtdEplV2wyV0VKc2JXTnBTbFE1TmpCaVNIYxAB,ChIJdTfs1IG5bi4RNR9SDqby0eQ,Teringat Kopi,indramayu,Nongkrong,5,Cocok untuk keluarga,2025-12-11T23:02:12.201Z,Afendi Muslim,100294297671140562888,True,0,id,2026-05-05T05:19:07.457331
Ci9DQUlRQUNvZENodHljRjlvT20xMk1WWldhbVZ6VWs5RlVWTnRWbWhvYWpsaFkzYxAB,ChIJdTfs1IG5bi4RNR9SDqby0eQ,Teringat Kopi,indramayu,Nongkrong,5,"Masakannya cukup enak, tempatnya bersih",2025-11-19T13:29:05.272Z,Adrian Endra,108699843719525594192,True,0,id,2026-05-05T05:19:07.457346
Ci9DQUlRQUNvZENodHljRjlvT2xKR1RVZzRaRkozWkVwRlZEbEVkbmR3ZHpjeVJYYxAB,ChIJdTfs1IG5bi4RNR9SDqby0eQ,Teringat Kopi,indramayu,Nongkrong,5,mau balik kejakarta mampir mau makan dulu dan ternyata enak banget makan disini bnrbnr pelayanannya ramah poll crewnya baik dan sopan bgttt dan makanannya juga enak enak bgt untuk harga juga gaterlalu mahal dan galama nunggu makanannya the bestt🤩🫶🏻 cocok untuk kumpul keluarga temen atau bucin juga rekomend syekali akk rate bintang 1miliyarrr⭐️⭐️⭐️⭐️⭐️,2025-11-09T13:35:47.234Z,Tri Susilawati,107106462341418541149,False,0,id,2026-05-05T05:19:07.457361
Ci9DQUlRQUNvZENodHljRjlvT2xoWE9ESjRPREZ0VkVOd1V6UmxNekUzYkVGUlQzYxAB,ChIJdTfs1IG5bi4RNR9SDqby0eQ,Teringat Kopi,indramayu,Nongkrong,5,Pilihan di akhir minggu....,2025-11-01T13:07:49.132Z,ajianxboy van kent (ajianxboy),108113217252596202483,True,0,id,2026-05-05T05:19:07.457378
ChZDSUhNMG9nS0VJQ0FnSUQ5bWVDd0tBEAE,ChIJASZLCOS5bi4RMw950XKFUyg,Teras Kita,indramayu,Nongkrong,2,"Tolong di cek lagi menu² yang habis di aplikasi online nya, jangan sampai driver datang terus di cancel tanpa konfrimasi!!!",2024-03-18T14:06:41.010Z,Jastip Imkot,109711365935102085478,False,0,id,2026-05-05T05:19:07.457395
ChZDSUhNMG9nS0VJQ0FnSUM5MDlxTUpnEAE,ChIJASZLCOS5bi4RMw950XKFUyg,Teras Kita,indramayu,Nongkrong,5,"Lengkap semua ada , nasi lemaknya promo 20 k wae , salam kebajikan",2024-03-09T11:12:04.304Z,Dermayu Ku_Motovlog,114299557316325005190,True,0,id,2026-05-05T05:19:07.457404
ChdDSUhNMG9nS0VJQ0FnSUROOE1hNy1nRRAB,ChIJASZLCOS5bi4RMw950XKFUyg,Teras Kita,indramayu,Nongkrong,1,pelayan g ramah,2024-01-20T04:22:31.660Z,alea,107526517513195806421,False,0,id,2026-05-05T05:19:07.457435
ChZDSUhNMG9nS0VJQ0FnSUMxNElIcUNBEAE,ChIJASZLCOS5bi4RMw950XKFUyg,Teras Kita,indramayu,Nongkrong,4,Udah nyobain Nasi Goreng di Teras Kita? Ternyata banyak loh pilihan jenis nasi goreng disini.,2023-12-20T23:07:56.596Z,Urip Sucipto,110985375809721637235,True,1,id,2026-05-05T05:19:07.457444
ChdDSUhNMG9nS0VJQ0FnSURsbDRXNWh3RRAB,ChIJASZLCOS5bi4RMw950XKFUyg,Teras Kita,indramayu,Nongkrong,4,Makanannya mantap,2023-12-04T09:18:34.950Z,rino rino (Rinorin),103896561524576358355,True,0,id,2026-05-05T05:19:07.457454
ChZDSUhNMG9nS0VJQ0FnSUNGdGIza0VBEAE,ChIJASZLCOS5bi4RMw950XKFUyg,Teras Kita,indramayu,Nongkrong,5,"Tempatnya nyaman, cocok untuk resto keluarga, makanannya enak2",2023-10-30T15:06:16.421Z,Wiwih Indrawati,117066542565964673456,False,0,id,2026-05-05T05:19:07.457469
ChdDSUhNMG9nS0VJQ0FnSUNGMWVyazFnRRAB,ChIJASZLCOS5bi4RMw950XKFUyg,Teras Kita,indramayu,Nongkrong,5,"Banyak pilihan makanan. Nasi gorengnya enak sekali. Nasi goreng rawon, nasgor rendang dll. Kalau ke Indramayu pasti akan kembali kesini.",2023-10-30T11:37:58.361Z,LOL Food Lover,107544406200159108619,True,0,id,2026-05-05T05:19:07.457484
ChZDSUhNMG9nS0VJQ0FnSUNGX3Q2b1RnEAE,ChIJASZLCOS5bi4RMw950XKFUyg,Teras Kita,indramayu,Nongkrong,5,Salah satu tempat makan yg enak di indramayu,2023-10-28T11:12:53.788Z,Eman Roevianto,113666978387627164188,True,0,id,2026-05-05T05:19:07.457494
ChZDSUhNMG9nS0VJQ0FnSUNaNGR5QWFREAE,ChIJASZLCOS5bi4RMw950XKFUyg,Teras Kita,indramayu,Nongkrong,5,Aku suka banget otok owoknys,2023-09-12T05:51:10.913Z,Masruhin Sarwaniy,115098626204973326958,True,0,id,2026-05-05T05:19:07.457529
ChZDSUhNMG9nS0VJQ0FnSUR4ejc2a2JBEAE,ChIJASZLCOS5bi4RMw950XKFUyg,Teras Kita,indramayu,Nongkrong,5,PAS baik rasa.. pelayanan.. tempat dan lokasi.. pertahanin yah zushiGo,2023-06-17T08:59:27.153Z,efa wisnu herlambang,111688453887726481848,False,0,id,2026-05-05T05:19:07.457541
ChZDSUhNMG9nS0VJQ0FnSURSaWZESkZnEAE,ChIJASZLCOS5bi4RMw950XKFUyg,Teras Kita,indramayu,Nongkrong,4,Enak enak makanannya,2023-04-28T00:20:53.754Z,sunarto sdp,110365778870403008992,True,0,id,2026-05-05T05:19:07.457581
ChZDSUhNMG9nS0VJQ0FnSURSenFyREtBEAE,ChIJASZLCOS5bi4RMw950XKFUyg,Teras Kita,indramayu,Nongkrong,5,"Makanannya banyak macamnya dan enak²..harganya juga standar, pelayanan cepat dan baik, tempatnya rapih bersih tapi paling nyaman sore dan malam karena cuaca sejuk dibanding siang aga panas..ada tempat bermain untuk anak²jadi aman kalau bawa anak biar tidak rewel..terima kasih 🙏",2023-04-25T12:05:57.075Z,Ika Ratikah,110208766026878151293,True,1,id,2026-05-05T05:19:07.457591
ChdDSUhNMG9nS0VJQ0FnSUNSeG9YcTdRRRAB,ChIJASZLCOS5bi4RMw950XKFUyg,Teras Kita,indramayu,Nongkrong,5,"salah satu pilihan food court favorit untuk keluarga. karena dilengkapi dengan arena bermain anak². menu yg rekomen nasi goreng, sushi, pempek nya juga enak. harga lumayan lah.",2023-03-31T14:23:51.041Z,Zee,105016586907641799427,True,0,id,2026-05-05T05:19:07.457609
ChdDSUhNMG9nS0VJQ0FnSUNCOF8tdG9RRRAB,ChIJASZLCOS5bi4RMw950XKFUyg,Teras Kita,indramayu,Nongkrong,3,Lumayan bwt santai ma klg,2023-01-04T07:11:15.947Z,nindya narayana,118309901947916577275,True,0,id,2026-05-05T05:19:07.457633
ChdDSUhNMG9nS0VJQ0FnSUQtdzdlNjFBRRAB,ChIJASZLCOS5bi4RMw950XKFUyg,Teras Kita,indramayu,Nongkrong,5,Nyaman untuk nongkrong 👍,2022-12-08T04:17:06.988Z,MFW CHANNEL,103842465778583259030,True,0,id,2026-05-05T05:19:07.457657
ChdDSUhNMG9nS0VJQ0FnSUQtNmZ5NXl3RRAB,ChIJASZLCOS5bi4RMw950XKFUyg,Teras Kita,indramayu,Nongkrong,4,"Anakku suka makan disini
Terutama sushi
Favorit pisan
Makan nya sambil main dibelakang prosotan tinggi masih jadi tempat main favorit",2022-12-03T15:00:07.893Z,Natalia Anggrarini,107430238456949298416,True,0,id,2026-05-05T05:19:07.457666
Ci9DQUlRQUNvZENodHljRjlvT2pOWFJIZFlWV1ZsUzJOQ1JUZ3lUbmxyWVhSUWNuYxAB,ChIJcT7NilK5bi4RINCFdt92_uk,Cannella Cafe,indramayu,Nongkrong,4,"Saya pernah ke situ pas lg bln ramadhan thn 2022, habis bukber sama IRMAS trs lanjut nongkrongny di situ.
Suasanany menyenangkan dan menenangkan.
Pas saya ke sana itu lg ada live musik, saya suka bgt sama tempat yg ada live musik soalny lebih asik & lebih hidup aja gtu rasany, apalagi kita bisa rikues laguny jg walaupun harus ada tipny tapi ga mahal kok. 😇",2026-03-27T02:40:50.399Z,Ziyah El-suniyah azwa,106655127370576107117,True,0,id,2026-05-05T05:19:07.457683
Ci9DQUlRQUNvZENodHljRjlvT2sxb1NGbFFWRE5MUnpSMk5sWnNMVkJLTjJnd1RFRRAB,ChIJcT7NilK5bi4RINCFdt92_uk,Cannella Cafe,indramayu,Nongkrong,5,Yang ngaterin makannya murah senyum🥰,2026-03-06T08:26:40.746Z,Amel Agustin,101145824710450582716,False,0,id,2026-05-05T05:19:07.457704
Ci9DQUlRQUNvZENodHljRjlvT25aZlVITlZUbkV4WVdFNE0wVm9Ua1pTWDAwemNYYxAB,ChIJcT7NilK5bi4RINCFdt92_uk,Cannella Cafe,indramayu,Nongkrong,5,"Enak dan nyaman buat ngobrol, brifing",2025-11-13T11:57:34.252Z,Nana Rusmana,107616332189791452022,True,0,id,2026-05-05T05:19:07.457743
ChZDSUhNMG9nS0VJQ0FnSURkcXViSVFBEAE,ChIJcT7NilK5bi4RINCFdt92_uk,Cannella Cafe,indramayu,Nongkrong,3,Terus perbaiki tempat parkir sehingga pengunjung nyaman dan tenang. Tempat ibadah ditambah di depan,2025-09-30T06:11:09.981Z,Ifoel Yamin,102822412029085858224,True,1,id,2026-05-05T05:19:07.457758
Ci9DQUlRQUNvZENodHljRjlvT2psMFVVdGhkR295TFU5RldtTXRZVXN5Tlc1TlZWRRAB,ChIJcT7NilK5bi4RINCFdt92_uk,Cannella Cafe,indramayu,Nongkrong,1,Pelayanannya kurang gesit lama nunggunya,2025-07-29T08:56:25.349Z,Mr Popaye,115044626907891036532,False,0,id,2026-05-05T05:19:07.457772
Ci9DQUlRQUNvZENodHljRjlvT2s5cWFXNUxXR3g1Vm5sMFZGVkpVekl6Ym01Wk5YYxAB,ChIJcT7NilK5bi4RINCFdt92_uk,Cannella Cafe,indramayu,Nongkrong,1,"Makan mie,esteh sama kentang brapa biji 70.000 mahal sekali!",2025-07-10T07:41:35.236Z,Wawan Gumi,107911628199849925585,False,1,id,2026-05-05T05:19:07.457787
ChdDSUhNMG9nS0VOS1p2TnZVdHZ5U3F3RRAB,ChIJcT7NilK5bi4RINCFdt92_uk,Cannella Cafe,indramayu,Nongkrong,5,"Nyaman dan keren, lapangan futsalnya harus dirawat dgn baik dan perlu perbaikan lagi, terimakasih",2025-06-07T21:24:03.579Z,Leonardo Setiawan,100415984292080875310,True,0,id,2026-05-05T05:19:07.457795
ChdDSUhNMG9nS0VKYjQ5WmU4anJ6ODZnRRAB,ChIJcT7NilK5bi4RINCFdt92_uk,Cannella Cafe,indramayu,Nongkrong,5,"Gw dari bogor mampir di mari, tempatnya ok. Outdoor end indoor.
Ada buat para bocil juga. Ada lap putsalnya juga. Luas dan tenang. Ada live band. Saran aj. Musti ngundang artis virral tiktok biar lbh ramai.",2025-05-24T12:34:09.448Z,M Arrasya,107872926598376498972,False,0,id,2026-05-05T05:19:07.457809
ChZDSUhNMG9nS0VJQ0FnTURJb3R1X1JREAE,ChIJcT7NilK5bi4RINCFdt92_uk,Cannella Cafe,indramayu,Nongkrong,3,"Pelayanan lama, tempat gerah, menu kurang banyak",2025-04-08T11:06:28.503Z,Wiwi Oktaviani,100828223192008620795,True,0,id,2026-05-05T05:19:07.457818
Ci9DQUlRQUNvZENodHljRjlvT2t0aFNHRXdRemxHWTBaelZqQkVabVpPZEdweWRWRRAB,ChIJwyz2PQC_bi4RMRLmVvZdIv8,TASTE COFFEE,indramayu,Nongkrong,5,"suasananya adem dan cozy, cocok buat nongkrong lama. menu yang aku coba juga enak semua, ga ada yang gagal. recommended banget! 😋😋",2026-04-27T03:50:42.255Z,keyra keyiya,102037612204731148608,False,0,id,2026-05-05T05:19:07.457834
Ci9DQUlRQUNvZENodHljRjlvT2sxeGREZDJVMHRHZGpGRVVFTnJlRGszV0ROTlMyYxAB,ChIJwyz2PQC_bi4RMRLmVvZdIv8,TASTE COFFEE,indramayu,Nongkrong,5,"Semua yang saya pesan enak 😆

Iced chocolatenya manisnya dan kental coklatnya pas. Kemudian untuk iced matcha lattenya akan sangat cocok untuk orang-orang yang ga suka matcha pahit, manisnya pas pahitnya dapat 🥰 Dan yang paling penting iced matcha lattenya ga encer! Karena banyak banget di indramayu yang matchanya keenceran jadi kayak berasa minum teh hijau cair wkwk 😂

Untuk cheese cakenya super lembut. Lava cakenya juga mantap saat dimakan berbarengan dengan es krim vanilanya 🥰

Itu foto minuman dan cheesecakenya uda terlanjur di makan ya 🙏 lupa mau review. Yang masih bagus yang lava cakenya karena belum kesentuh sama sekali.

Untuk harga cakenya di 35K IDR, untuk harga minumannya variatif, tapi yang saya pesan all 28K IDR. Jadi total per orang 63K IDR belum pajak.",2026-04-03T08:20:32.763Z,Miranti Benacorry,109793101193548869244,True,0,id,2026-05-05T05:19:07.457842
Ci9DQUlRQUNvZENodHljRjlvT201NGRGcGZZbXBXUzBOWFkxcHlXR2RLWlV4bGEyYxAB,ChIJwyz2PQC_bi4RMRLmVvZdIv8,TASTE COFFEE,indramayu,Nongkrong,5,"Kopi, desert, coklat dan matcha proper semua. Mesin kopi La Marzocco linea mini, grinder Mazzer supper jolly, masih pake doser. Untuk daerah indramayu kopinya lumayan niat 👍",2026-04-03T08:05:37.181Z,Edo,111288170559478017104,True,0,id,2026-05-05T05:19:07.457854
Ci9DQUlRQUNvZENodHljRjlvT210amEwUnlXR1ZUTWxkcGFYRkdlR2R4WjFVeU5sRRAB,ChIJwyz2PQC_bi4RMRLmVvZdIv8,TASTE COFFEE,indramayu,Nongkrong,4,"okee lah, menu nya yang ga kek wah banget,,, overprice juga wkwk, buat tempat nongkrong si nyaman.",2026-03-22T14:39:52.993Z,mayca ramadhani,113752341244364778080,False,0,id,2026-05-05T05:19:07.457863
Ci9DQUlRQUNvZENodHljRjlvT2pSMllYVXhWWE5oVTJsR1FqVkZZV0pMUlVGWlJFRRAB,ChIJwyz2PQC_bi4RMRLmVvZdIv8,TASTE COFFEE,indramayu,Nongkrong,5,Makanan dan Minumannya cocok. Keluarga suka. Langganan. 😁,2026-02-18T08:51:12.680Z,Nuzul Witama,102807794955864768337,True,0,id,2026-05-05T05:19:07.457878
ChZDSUhNMG9nS0VJQ0FnTUNJNWZ6SEpBEAE,ChIJcT7NilK5bi4RINCFdt92_uk,Cannella Cafe,indramayu,Nongkrong,1,"Saya baru kali ini kasih ulasan jelek.
Saya pesan dr jam 8 malam, jam 21.30 masih blum aja di layanin. Parah emang no recomended.
Akhrnya saya cancel. Padahal ga rame banget juga.",2025-04-03T14:41:29.055Z,Khusnul Khotimah,117019580348076700243,False,1,id,2026-05-05T05:19:07.457893
ChdDSUhNMG9nS0VJQ0FnTURnX0tqTnFnRRAB,ChIJcT7NilK5bi4RINCFdt92_uk,Cannella Cafe,indramayu,Nongkrong,4,"tempatnya cukuo nyaman walupun kebanyakan Outdoor. jadi kalo hujan tidak cocok.
harga makanan cukup terjangkau standar cafe kekinian.
lokasi mudah ditemukan, tempat parkir cukup luas.
waktu kesana sepi, hanya kami yang makan di sana.
pelayanan perlu ditingkatkan.",2025-02-23T09:49:25.639Z,Ari Fendianto,101839038746666094778,True,0,id,2026-05-05T05:19:07.457907
ChdDSUhNMG9nS0VJQ0FnSUMzd2JuV3RBRRAB,ChIJcT7NilK5bi4RINCFdt92_uk,Cannella Cafe,indramayu,Nongkrong,5,Kebutuh plastik dan bahan kue lengkap,2024-11-06T06:42:26.311Z,Dwi Gunawan (Ome Gugun),103153140609147265661,True,0,id,2026-05-05T05:19:07.457946
ChZDSUhNMG9nS0VJQ0FnSURuX3ViX2V3EAE,ChIJcT7NilK5bi4RINCFdt92_uk,Cannella Cafe,indramayu,Nongkrong,5,"Kesini malam Minggu karena ada live music nya
Lumayan buat bersantai",2024-10-06T11:18:49.475Z,ade isa ansori,109882189070642183849,True,0,id,2026-05-05T05:19:07.457961
ChdDSUhNMG9nS0VJQ0FnSUM3b3IzLTFRRRAB,ChIJcT7NilK5bi4RINCFdt92_uk,Cannella Cafe,indramayu,Nongkrong,4,"Hangout place, cafe",2024-08-14T03:56:16.951Z,Ari (Ray),114336954716637858829,False,0,en,2026-05-05T05:19:07.457982
ChZDSUhNMG9nS0VJQ0FnSUNiLU1qeUJREAE,ChIJcT7NilK5bi4RINCFdt92_uk,Cannella Cafe,indramayu,Nongkrong,4,"Tempatnya tenang, bisa buat bawa anak"" juga karena udh di sediakan sarana buat anak""",2024-07-23T07:54:48.269Z,Pemuda Pemuda,103991749082363224590,True,0,id,2026-05-05T05:19:07.457990
ChZDSUhNMG9nS0VJQ0FnSURyMl9YSVZBEAE,ChIJcT7NilK5bi4RINCFdt92_uk,Cannella Cafe,indramayu,Nongkrong,5,"Tempat nongkrong yang adem ,cocok buat santai²",2024-07-20T14:01:41.436Z,Rita Muharani,102052128162452903314,True,0,id,2026-05-05T05:19:07.457999
ChZDSUhNMG9nS0VJQ0FnSURyallQS0RnEAE,ChIJcT7NilK5bi4RINCFdt92_uk,Cannella Cafe,indramayu,Nongkrong,5,"Sangat OK, recomended!",2024-07-19T03:23:02.842Z,My Journey,118173016008693793139,True,0,id,2026-05-05T05:19:07.458009
ChZDSUhNMG9nS0VJQ0FnSURMMjlyeE1BEAE,ChIJcT7NilK5bi4RINCFdt92_uk,Cannella Cafe,indramayu,Nongkrong,5,Tempat nya nyaman dan enak bawa anak2,2024-07-01T07:58:47.670Z,Kuswatun Khasanah,105879181713725192899,False,0,id,2026-05-05T05:19:07.458018
ChZDSUhNMG9nS0VJQ0FnSUN6eWFMZVdnEAE,ChIJcT7NilK5bi4RINCFdt92_uk,Cannella Cafe,indramayu,Nongkrong,5,Sangat memuaskan,2024-06-03T02:37:32.028Z,Ratna Desih,115808346087893875469,True,0,id,2026-05-05T05:19:07.458033
ChZDSUhNMG9nS0VJQ0FnSURqaC12UVZnEAE,ChIJcT7NilK5bi4RINCFdt92_uk,Cannella Cafe,indramayu,Nongkrong,4,"Pesen nasgor ga ditanyain pedes atau ngga, padahal itu buat anak saya umur18 bln jadi gak dimakan kena kepedesan",2024-05-08T05:59:46.467Z,Vina Liem,108926868267035084778,False,0,id,2026-05-05T05:19:07.458041
ChdDSUhNMG9nS0VJQ0FnSUNqZ0w2UGxBRRAB,ChIJcT7NilK5bi4RINCFdt92_uk,Cannella Cafe,indramayu,Nongkrong,3,"Lokasi ada dijalan olah raga karanganyar Indramayu, tempatnya di ourdoor kalau malam banyak nyamuk,  toilet ada, mushola ada tapi kurang nyaman, tidak adabakses untuk difabel. Tempat  Parkir lumayan luas",2024-04-16T13:12:09.764Z,Gugun 9797,106043919671238110643,True,1,id,2026-05-05T05:19:07.458058
ChZDSUhNMG9nS0VJQ0FnSUM5dE9Qd2F3EAE,ChIJcT7NilK5bi4RINCFdt92_uk,Cannella Cafe,indramayu,Nongkrong,5,"Sebrang kos pertama ke indramayu, jd kalo makan disini muter dlu jalan2 ,  baru makan, bintang 7 , sukses selalu owrner, kapan2 kasih diskon ya haha",2024-03-03T04:32:37.846Z,Dermayu Ku_Motovlog,114299557316325005190,True,1,id,2026-05-05T05:19:07.458121
Ci9DQUlRQUNvZENodHljRjlvT2twM2JETTROVFZhU25KM1UybGhhelJrWHpaQmRIYxAB,ChIJ32h4CoO_bi4RP2dB4L1unv8,LO.LO Coffee & Resto Indramayu,indramayu,Nongkrong,5,Mantaap lurr 🔥🔥🔥,2025-11-22T12:53:32.439Z,Muhamad Fauzan Abdul Aziz,104691804139085020299,False,0,hi,2026-05-05T05:19:07.458171
Ci9DQUlRQUNvZENodHljRjlvT2toVlpuUktPVGhGVFd3M1EwVkVkRjltUTNST05WRRAB,ChIJ32h4CoO_bi4RP2dB4L1unv8,LO.LO Coffee & Resto Indramayu,indramayu,Nongkrong,5,the best banget,2025-11-22T12:52:12.461Z,Vanesa nesa,105806210981924618782,False,0,en,2026-05-05T05:19:07.458179
Ci9DQUlRQUNvZENodHljRjlvT2pobVV6TkJOR3d5ZGpReldFcHNlbUZ0YjFWd2RWRRAB,ChIJ32h4CoO_bi4RP2dB4L1unv8,LO.LO Coffee & Resto Indramayu,indramayu,Nongkrong,5,"Tempat yang asik buat nongkrong, makanannya juga enak dan banyak pilihan menu..",2025-09-11T12:52:51.253Z,Banks Gandhi,110228966093036291562,False,0,id,2026-05-05T05:19:07.458217
Ci9DQUlRQUNvZENodHljRjlvT2t0cVFtNDRWRzVtUjJWYVJXcGFXVmQ1VFRKeFdtYxAB,ChIJ32h4CoO_bi4RP2dB4L1unv8,LO.LO Coffee & Resto Indramayu,indramayu,Nongkrong,5,"Buat nongki atau nyantai enak sih tempatnya, ada outdoor juga sering ada live music point plusnya ada mushola.",2025-08-22T16:36:48.427Z,Annika,107685638647539979449,True,0,id,2026-05-05T05:19:07.458232
Ci9DQUlRQUNvZENodHljRjlvT2pkcFNEaGlSRzVpWnpGSk9HSm5VRUpxUVhCalJFRRAB,ChIJ32h4CoO_bi4RP2dB4L1unv8,LO.LO Coffee & Resto Indramayu,indramayu,Nongkrong,5,tempatnya nyaman makanan minumannya enak,2025-07-06T09:28:15.621Z,Muhammad Fikri Hernandy,113622560117355209958,False,0,id,2026-05-05T05:19:07.458252
ChdDSUhNMG9nS0VJQ0FnSUNXdnVlX2pRRRAB,ChIJ32h4CoO_bi4RP2dB4L1unv8,LO.LO Coffee & Resto Indramayu,indramayu,Nongkrong,5,"Makanannya enak, tempatnya asyik buat ngadain event dll.
Recomended bgt pokonya.",2025-07-01T09:14:06.732Z,Muhamad Tohir,104459299859555770430,False,7,id,2026-05-05T05:19:07.458263
ChZDSUhNMG9nS0VNT3U4dS1PMnR6YWVBEAE,ChIJ32h4CoO_bi4RP2dB4L1unv8,LO.LO Coffee & Resto Indramayu,indramayu,Nongkrong,5,"tempat bersantai untuk ngopi dan mengerjakan  pekerjaan diluar rumah,walaupun agak gelap tapi cocok untuk kalangan anak mudah dan ada live musiknya juga loh",2025-06-07T12:10:47.038Z,Riyo Ogur,114717074454280686587,True,0,id,2026-05-05T05:19:07.458280
ChZDSUhNMG9nS0VQVEhxdWpDcFl1NFp3EAE,ChIJ32h4CoO_bi4RP2dB4L1unv8,LO.LO Coffee & Resto Indramayu,indramayu,Nongkrong,4,"Pas ada dinas ke indramayu, malam nya diajak teman makan dan nongkrong. Tempatnya nyaman dan enak. Recomended sih ini",2025-05-11T02:16:00.876Z,Ferdian PPF,100068455618541297715,True,0,id,2026-05-05T05:19:07.458303
ChdDSUhNMG9nS0VJQ0FnTURveVlINWhnRRAB,ChIJ32h4CoO_bi4RP2dB4L1unv8,LO.LO Coffee & Resto Indramayu,indramayu,Nongkrong,4,"When i come here, is not much people, i dont know is there some particular event or what, but the food is gud.

Rib beef is gud
coffee so so lah",2025-04-26T07:24:51.308Z,Chai Toni,102369145930521358863,True,0,en,2026-05-05T05:19:07.458312
Ci9DQUlRQUNvZENodHljRjlvT2pOVVlqbGhVVmcxTkhCU1EzbFBkWGhVTldKemNuYxAB,ChIJxyD8gV-5bi4Rzz6ImdWk-lg,Halaman Indramayu,indramayu,Nongkrong,5,"Makanan enak
Pelayan juga help full
Semoga rame terus ya....",2026-03-24T15:54:09.574Z,Bambang Setiawan,111398859427977392605,False,0,id,2026-05-05T05:19:07.458330
Ci9DQUlRQUNvZENodHljRjlvT2pKTk5GRjVRMFp6YmtWMFgyRTRSVGh1YVMxRVprRRAB,ChIJxyD8gV-5bi4Rzz6ImdWk-lg,Halaman Indramayu,indramayu,Nongkrong,5,Mantap banget pas buat nongkrong bareng kolega dan teman teman,2026-03-11T15:45:25.965Z,Bhisma dhewanthara,109254990776484437178,False,0,id,2026-05-05T05:19:07.458352
Ci9DQUlRQUNvZENodHljRjlvT214bldFdzRUREJ4UkZsV1pYcDBaVVZNVlRsMVoxRRAB,ChIJxyD8gV-5bi4Rzz6ImdWk-lg,Halaman Indramayu,indramayu,Nongkrong,3,"Tempatnya enak dan makanannya juga cukup bagus, tapi mohon ditingkatkan lagi pelayanannya. Beberapa pelayan terlihat kurang ramah sehingga pengunjung jadi kurang nyaman. Semoga ke depannya bisa lebih baik",2026-02-28T19:02:21.566Z,Anita permata Sari,116108815847854150200,False,0,id,2026-05-05T05:19:07.458369
Ci9DQUlRQUNvZENodHljRjlvT21WR1oxUlZRaTFyUmtObGFrVjBUbTlaVFZwQmJsRRAB,ChIJxyD8gV-5bi4Rzz6ImdWk-lg,Halaman Indramayu,indramayu,Nongkrong,5,"Tempat ini bakal selalu punya ruang khusus di hati kita. Disini jadi saksi bisu first date saya sama ndoro ayu. Untuk suasananya sangat  tenang sekali, nyaman, dan bikin obrolan mengalir lancar sampai nggak terasa waktu berlalu. Highly recommended buat yang mau first date bisa kesini yakkk🤩",2026-01-30T09:53:56.213Z,Wibowo Krisnaditya,115695828016406215603,False,0,id,2026-05-05T05:19:07.458390
Ci9DQUlRQUNvZENodHljRjlvT2pBNFVISkZhRzg1Ym1ablpVMU1SR3BtVWtWaGVVRRAB,ChIJxyD8gV-5bi4Rzz6ImdWk-lg,Halaman Indramayu,indramayu,Nongkrong,4,"Halaman Coffee, Indramayu
Lokasinya tepat di depan Sport Center Indramayu. Dari luar terlihat kecil, tapi begitu masuk ternyata space-nya luas dengan pilihan indoor dan outdoor yang nyaman untuk nongkrong atau kerja santai.
Untuk makanan dan minuman, semuanya cukup memuaskan.
Pizza-nya enak, nasi gorengnya juga enak, dan kopi Americano-nya oke.
Secara rasa dan tempat, this place actually has a lot of potential.
Namun, yang cukup disayangkan ada di sisi pelayanan. Saat kami datang kondisi tempat tidak ramai, tapi beberapa karyawan terlihat berkumpul tanpa ada greeting sama sekali, bahkan ketika masuk ke area indoor pun dua barista terlihat asik mengobrol tanpa menyapa. Saat makanan disajikan pun hanya diletakkan begitu saja tanpa komunikasi. Mungkin perlu ada evaluasi dari sisi hospitality.
Overall, tempat dan makanannya oke, sayang sekali service-nya masih kurang.
Tapi tetap, ini nice spot buat nongkrong di Indramayu 🙇🏻",2026-01-13T11:13:21.798Z,Abkolik,107076596488869827141,True,1,id,2026-05-05T05:19:07.458405
Ci9DQUlRQUNvZENodHljRjlvT2s1dGRUaERVVTFWYlZGNFNXdzBTRGhxUzBNdGRIYxAB,ChIJxyD8gV-5bi4Rzz6ImdWk-lg,Halaman Indramayu,indramayu,Nongkrong,5,"Masakannya cukup enak, pelayanan nya cukup ramah",2025-11-19T13:38:41.636Z,Adrian Endra,108699843719525594192,True,0,id,2026-05-05T05:19:07.458443
Ci9DQUlRQUNvZENodHljRjlvT2xWMU9FRTNTbWN5YW1SRExTMVFMVWh3U3pSbFJYYxAB,ChIJxyD8gV-5bi4Rzz6ImdWk-lg,Halaman Indramayu,indramayu,Nongkrong,5,"Kalo ga bisa ambil hatinya, ambil aja hikmahnya 😉",2025-10-14T17:11:09.063Z,Reda Adhitia,102994981399617512215,False,0,id,2026-05-05T05:19:07.458467
Ci9DQUlRQUNvZENodHljRjlvT2pGTWNrNWhPV3BtWldwSlJteGhSa280YTBkcVEyYxAB,ChIJHekffOq_bi4RyiCTJYaBv50,Rannum Space,indramayu,Nongkrong,5,"coffeshop strategis di depan mall indramayu, makanan sama minuman nya enak",2026-03-29T15:52:56.628Z,Shodiq Nurfalah,105793803450781376101,True,0,id,2026-05-05T05:19:07.458489
Ci9DQUlRQUNvZENodHljRjlvT2xKV01XMU9kWFpUV0hvdFFuQTJhMEkzT0V3eU4zYxAB,ChIJHekffOq_bi4RyiCTJYaBv50,Rannum Space,indramayu,Nongkrong,2,"Udah antri lama, pas kebagian mau pesan tiba2 close order. Harusnya yg antri biarin dapet, kalo udh mendekati waktu close order, tutup pintu cafe dan bilang order udah closed.",2026-03-24T15:49:03.216Z,Denis Hendriansah,105852723811333014335,True,0,id,2026-05-05T05:19:07.458503
Ci9DQUlRQUNvZENodHljRjlvT2pob2EybDJhMmN4ZUVoamRXdDVla2RMZERjd1UzYxAB,ChIJHekffOq_bi4RyiCTJYaBv50,Rannum Space,indramayu,Nongkrong,5,"makanan enak, buka disini makanan masih hangat karna fresh… rekomended sekali",2026-03-17T16:53:41.969Z,Dul Majid,107798680235894351098,False,0,id,2026-05-05T05:19:07.458513
Ci9DQUlRQUNvZENodHljRjlvT25oeFV6azRUbGxyTWkxM1lrUllhekJHWHkxSldXYxAB,ChIJHekffOq_bi4RyiCTJYaBv50,Rannum Space,indramayu,Nongkrong,5,Makanannya enak tapi rada mahal but its worth it. Cocok buat nongkrong sama temen temen,2026-01-25T08:04:25.061Z,Affan Azzikra,109237796701983380224,True,0,id,2026-05-05T05:19:07.458550
Ci9DQUlRQUNvZENodHljRjlvT2pOdWJsTTVOMFpXTjNaRWJqWnlNR0poYWpZdFpXYxAB,ChIJHekffOq_bi4RyiCTJYaBv50,Rannum Space,indramayu,Nongkrong,4,"Minuman & makanan nya oke, cepat diantar karena kebetulan kondisi lagi sepi. Area outdoor atapnya kurang proper untuk nahan hujan & angin kencang. Area indoor nya ber ac, tapi kurang dingin. Udah minta diturunin lagi suhunya, tetep ga ngaruh alias masih panas.

Overall, a nice experience.",2025-12-29T06:44:03.245Z,Rakha Randhikatama,109879742821620154344,True,0,id,2026-05-05T05:19:07.458568
Ci9DQUlRQUNvZENodHljRjlvT21KTFVtdzJORE5SWkVSalMwWkxWV0Z0UTBoZlpFRRAB,ChIJHekffOq_bi4RyiCTJYaBv50,Rannum Space,indramayu,Nongkrong,5,Tempat oke berdua lebih enak. Nyaman ada ice cream juga coffe noncoffe ada makanan ringan wort it. Sayang klo siang panas. Klo malem enaknya ngopi main bilyard.,2025-10-21T14:57:56.227Z,Muhamad Reval Alinski,101224618501858056781,True,0,id,2026-05-05T05:19:07.458605
Ci9DQUlRQUNvZENodHljRjlvT25ZMFNVdDVXVEpFV1ZkTVFrZFJjbEkwUzFwa1dWRRAB,ChIJHekffOq_bi4RyiCTJYaBv50,Rannum Space,indramayu,Nongkrong,5,"makanan dan minumannya enak-enak. salah satu coffee shop yg siap menjual makanannya, bukan yg cuma bagus bagusan tempat dan kopi doang. topp!",2025-09-29T10:56:29.312Z,Febri Putri Wijayadi,103789631188217908747,False,0,id,2026-05-05T05:19:07.458621
Ci9DQUlRQUNvZENodHljRjlvT2tGMFdrZHhWMFoyVGpBMGRIcFFSalJ0VDNsa1pHYxAB,ChIJHekffOq_bi4RyiCTJYaBv50,Rannum Space,indramayu,Nongkrong,5,"Pertama MLM mingguan ke rannum space Indramayu makanan nya enak harga pas,tempat nya enak buat meetime,,dan suasana nya bikin betah apa lagi ada live musik nya sound dan band nya bagus.bisa request lagu apa aja..sukses selalu",2025-09-13T14:21:27.991Z,Abdul mukasan,106779995262143685336,False,0,id,2026-05-05T05:19:07.458638
Ci9DQUlRQUNvZENodHljRjlvT2tSM1ptVmxSVkJrVjBWTE5IUjRWbXBqTVVGa2EzYxAB,ChIJHekffOq_bi4RyiCTJYaBv50,Rannum Space,indramayu,Nongkrong,5,"Tempat luas dan Nyaman, minuman enak serta pelayan juga sangat ramah.",2025-09-11T06:30:27.405Z,Dina Mila P,115770014483557775185,True,0,id,2026-05-05T05:19:07.458648
Ci9DQUlRQUNvZENodHljRjlvT25od04zaDVia1J3U0VkeWJEbHFNekpPTldKUFZsRRAB,ChIJHekffOq_bi4RyiCTJYaBv50,Rannum Space,indramayu,Nongkrong,3,"First Time kesini, hanya untuk MeTime.
Pesan Ice Cappucino & Pan Fries
Dengan Kondisi yang Tidak Terlalu Crowded
Butuh waktu kurang lebih 30 menit hanya untuk sekedar Kentang Goreng Saja.
OverAll, tempatnya cukup nyaman, pilihan menu juga bervarian.. Cocok untuk Sekedar Hangout atau WFC.

Untuk Malam hari lebih Rekomen ambil space indoor karena di outdoor terlalu banyak nyamuk.",2025-09-05T15:06:23.346Z,casmita,103514625928492163126,False,0,id,2026-05-05T05:19:07.458658
ChdDSUhNMG9nS0VJWE5uTU9Pd3R1aWlnRRAB,ChIJHekffOq_bi4RyiCTJYaBv50,Rannum Space,indramayu,Nongkrong,1,"Baru kali ini kecewa banget sama pelayanan di cafe. Belum pernah2 sebelumnya dapet perlakuan ga enak gini. Waktu mutusin buat makan di Ranum bareng temen2 yang dari Cirebon, sengaja kesitu biar sekalian ngenalin. Ternyata malah disambut dengan pelayanan gaenak. Dari tempat yang udah penuh sarang laba2 not rekomen banget buat sekelas cafe ditengah kota, terus pas kita mau nempatin tempat duduk juga ga jelas banget. Awalnya nanya ke pelayan cafe nya ""ada kursi kosong ga ya buat kita berlima waktu itu"" terus bilangnya ada. Pas kita udah duduk sesuai dengan yang dibilang mas2 pelayannya dan pesen makanan dan minuman, tetiba disuru pindah dimeja luar yang ga nyaman banget. Mana panas lagi kursinya juga ga nyaman. Lain kali tolong lah gitu kalo emang dibooking bilang ke customer nya yang jelasssss. Ini tetiba dipindahin mending tempat buat makannya banyakkk n nyaman. Kecewa banget sii, dan temen2 saya juga kecewa banget sama pelayanan dicafe Indramayu yang ini. NOT RECOMENDED AT ALL kalo cuma buat di take away masih okelah

Semoga bisa diperbaiki yah mas mba dari segi pelayanan, kebersihan tempat, kenyaman. Jangan menang estetik doang dalemnya luarnya udah kaya bangunan mau roboh. Sayang banget padahal ditengah kota. Karena harganya juga pricey harus sebanding dong sama pelayanannya😒

Semoga setelah diperbaiki semuanya bisa lebih maju lagi.

Sorry ga ada foto pas kejadian, karena emang udah ga mood banget buat foto2 makaan belum selesai dibikin juga kita mutusin buat cari cafe lain disekitar situ",2025-05-19T08:22:20.929Z,Saki Archive,112346822712969916146,False,0,id,2026-05-05T05:19:07.458675
ChdDSUhNMG9nS0VJQ0FnTUN3Z3BueV9nRRAB,ChIJ32h4CoO_bi4RP2dB4L1unv8,LO.LO Coffee & Resto Indramayu,indramayu,Nongkrong,1,Tempat nya terlalu gelap... mushola seada nya baget tudak perhatikan kebersihan nya sangat kotor,2025-03-17T12:22:18.512Z,Arsy Shelia,110317799611542899001,True,0,id,2026-05-05T05:19:07.458692
ChdDSUhNMG9nS0VJQ0FnTUNRNEpTc3hnRRAB,ChIJ32h4CoO_bi4RP2dB4L1unv8,LO.LO Coffee & Resto Indramayu,indramayu,Nongkrong,4,"Tempatnya nyaman buat chill, untuk outdoor ada nyamuknya dan sudah diatasi pake obat nyamuk",2025-03-01T04:27:50.390Z,Fajar Pratama,105287633149084798361,True,0,id,2026-05-05T05:19:07.458701
ChdDSUhNMG9nS0VJQ0FnTUNnbE96emxBRRAB,ChIJ32h4CoO_bi4RP2dB4L1unv8,LO.LO Coffee & Resto Indramayu,indramayu,Nongkrong,5,"Bebek nya juara, tongseng yummy, sop iga nya mantap carbonara favorit anak2",2025-02-14T11:44:10.563Z,Lia Rahayu,114598799451667212072,True,0,id,2026-05-05T05:19:07.458710
ChZDSUhNMG9nS0VJQ0FnTUNneEpqVlVnEAE,ChIJ32h4CoO_bi4RP2dB4L1unv8,LO.LO Coffee & Resto Indramayu,indramayu,Nongkrong,3,"Rasa makanan standart, harga makanan agak mahal..
Suasana cukup tapi kurang menarik",2025-02-14T06:14:49.893Z,dias adie,103038607981867689586,True,0,id,2026-05-05T05:19:07.458718
ChdDSUhNMG9nS0VJQ0FnSUNmcHQtV3BnRRAB,ChIJ32h4CoO_bi4RP2dB4L1unv8,LO.LO Coffee & Resto Indramayu,indramayu,Nongkrong,1,"Sesuai nama lolo nunggu makanan 1jam sampe main game ML 2 game, pesan nasgor hambar tanpa rasa ditanya pedes atau gak. gak ada pedasnya. pesan snack total nunggu dari duduk 2.5jam sendiri… LOLO = LOLA",2024-12-28T16:16:36.790Z,Tubagus Wahyu Prawiranata,106308477177732202996,False,0,id,2026-05-05T05:19:07.458736
ChdDSUhNMG9nS0VJQ0FnSURYaUxhLTZnRRAB,ChIJ32h4CoO_bi4RP2dB4L1unv8,LO.LO Coffee & Resto Indramayu,indramayu,Nongkrong,5,Martabak makaroni nya terbaik,2024-10-23T10:17:50.874Z,LSP SARSI,110226213950210346611,False,0,id,2026-05-05T05:19:07.458767
ChZDSUhNMG9nS0VJQ0FnSUNYdWFpRmV3EAE,ChIJ32h4CoO_bi4RP2dB4L1unv8,LO.LO Coffee & Resto Indramayu,indramayu,Nongkrong,5,Enak dan terjangkau,2024-10-18T10:55:23.238Z,PEMUDA BAKUNG OFFICIAL,100398493472361145783,True,0,id,2026-05-05T05:19:07.458776
ChZDSUhNMG9nS0VJQ0FnSURUdjctYUNBEAE,ChIJ32h4CoO_bi4RP2dB4L1unv8,LO.LO Coffee & Resto Indramayu,indramayu,Nongkrong,5,Lolo caffee n resto terbaik,2024-05-30T04:23:45.412Z,Abang Day,105545299291131522355,False,0,id,2026-05-05T05:19:07.458812
ChZDSUhNMG9nS0VJQ0FnSUNUczhlMERREAE,ChIJ32h4CoO_bi4RP2dB4L1unv8,LO.LO Coffee & Resto Indramayu,indramayu,Nongkrong,5,Makanan enak minuman enak suasana nyaman,2024-05-19T00:28:42.487Z,Boby Tulen,113186812490719161488,True,0,id,2026-05-05T05:19:07.458828
ChdDSUhNMG9nS0VJQ0FnSUNqek9tNHpnRRAB,ChIJ32h4CoO_bi4RP2dB4L1unv8,LO.LO Coffee & Resto Indramayu,indramayu,Nongkrong,4,"Kesitu pas siang, acnya puanas pwool",2024-04-18T13:47:15.075Z,Nuke Putri,100137376962010417907,False,0,id,2026-05-05T05:19:07.458843
ChZDSUhNMG9nS0VJQ0FnSUQ5bXNpMFRBEAE,ChIJ32h4CoO_bi4RP2dB4L1unv8,LO.LO Coffee & Resto Indramayu,indramayu,Nongkrong,5,Musik nya juara sih,2024-03-15T15:05:48.858Z,Dermayu Ku_Motovlog,114299557316325005190,True,0,id,2026-05-05T05:19:07.458857
ChdDSUhNMG9nS0VJQ0FnSURKcnJ6MnpnRRAB,ChIJ32h4CoO_bi4RP2dB4L1unv8,LO.LO Coffee & Resto Indramayu,indramayu,Nongkrong,4,Nice place to take lunch+dinner and hang out..,2024-03-07T07:21:49.772Z,Heryando 126,107971454330949244042,True,0,en,2026-05-05T05:19:07.458865
ChZDSUhNMG9nS0VJQ0FnSURkOExHWmNBEAE,ChIJ32h4CoO_bi4RP2dB4L1unv8,LO.LO Coffee & Resto Indramayu,indramayu,Nongkrong,5,WC kurang gimana ya menurut saya.. tapi tempat sangat OK,2024-02-20T13:05:19.679Z,Rohant Brotherhood,118106386903663626694,True,0,id,2026-05-05T05:19:07.458873
ChZDSUhNMG9nS0VJQ0FnSUNtaTVUR0pnEAE,ChIJ32h4CoO_bi4RP2dB4L1unv8,LO.LO Coffee & Resto Indramayu,indramayu,Nongkrong,4,"Menu2nya banyak pilihan.. cocok buat acara keluarga, reuni ataupun nongkrong bareng temen2..
Harga standar lah.. taste makanan worth it lah sama harganya
Tempat duduk juga banyak , jadi gak usah khawatir gak kebagian tempat
Banyak space buat foto2 atau instagramble lah",2024-02-04T12:46:22.635Z,agustina prihantini,108183331818183909390,True,2,id,2026-05-05T05:19:07.458881
ChdDSUhNMG9nS0VJQ0FnSUROMzZxbjFRRRAB,ChIJ32h4CoO_bi4RP2dB4L1unv8,LO.LO Coffee & Resto Indramayu,indramayu,Nongkrong,2,Makanannya emg rasanya enak. Pelayanan juga oke. Cuma lain kali fokusnya k semua pelanggan yaa jgn prioritasin temennya aja. 👍,2024-01-27T15:06:57.393Z,Nurrul Uyung,106954472952813308572,False,0,id,2026-05-05T05:19:07.458901
ChdDSUhNMG9nS0VJQ0FnSUNOdXFPMGlBRRAB,ChIJ32h4CoO_bi4RP2dB4L1unv8,LO.LO Coffee & Resto Indramayu,indramayu,Nongkrong,5,"Ownernya humble🤩makananya enak""cocok buat sma tmn"" DLL",2024-01-13T22:21:47.961Z,Pipit Dayanti,107700590018292525857,False,0,id,2026-05-05T05:19:07.458911
ChdDSUhNMG9nS0VJQ0FnSUMyMjRIbTB3RRAB,ChIJ32h4CoO_bi4RP2dB4L1unv8,LO.LO Coffee & Resto Indramayu,indramayu,Nongkrong,5,"Bisa nongkrong bareng teman, keluarga dan yang lainnya",2023-11-16T01:57:25.547Z,Zefri WAW Channel,113011334166412508047,True,5,id,2026-05-05T05:19:07.458935
Ci9DQUlRQUNvZENodHljRjlvT25wcFoxWlNXbTVJWlY4NU1GbG1iMnRxYkdaa1VrRRAB,ChIJxyD8gV-5bi4Rzz6ImdWk-lg,Halaman Indramayu,indramayu,Nongkrong,5,"Cafe ter the best di kota indrmyu menurutku.. sop iga halaman, nasi goreng kampung halaman, nasi kulit halaman . Uenak poll",2025-09-25T07:55:02.538Z,Faeyza Aqila Garmayu,102360069918428040411,True,0,id,2026-05-05T05:19:07.458951
Ci9DQUlRQUNvZENodHljRjlvT21sUlVrNW9VRlJtVDJoRWJtOVZjbGc1Y1VkdmEwRRAB,ChIJxyD8gV-5bi4Rzz6ImdWk-lg,Halaman Indramayu,indramayu,Nongkrong,5,"Makanan dan minumannya lumayan enak. Kita masuk di ruang AC enak adem. Makanan Dateng cepet. Harga termasuk murah dibandingkan cafe di Kuningan 😅
Good lah Indramayu.. next time InsyaAllah mampir lagi",2025-09-16T11:00:54.632Z,Fina Dwi P,103964642887375157362,True,0,id,2026-05-05T05:19:07.458960
ChdDSUhNMG9nS0VJQ0FnTURvbFlTNzhBRRAB,ChIJxyD8gV-5bi4Rzz6ImdWk-lg,Halaman Indramayu,indramayu,Nongkrong,5,"Tempatnya ada di sebelah kiri klo dari arah pasar baru.

Tempat parkir tersedia, tapi untuk mobil terbatas, bisa parkir di seberang jalan.

Pilih meja, nanti akan diberi buku menu, pesan, dan bayar di kasir klo udah selesai makan.

Harga yang saya cantumkan disini belum termasuk pajak.

Air mineral. Harga 6k.

Chicken katsu. Harga 32k.

Es jeruk. Harga 14k.

Es teh manis. Harga 8k.

Iga goreng mentega. Harga 36k.

Mie ramen original. Harga 30k.

Sop iga halaman. Harga 37k.

Strawberry tea. Harga 23k.",2025-09-06T01:11:54.608Z,Agisha,109496338282562924449,True,0,id,2026-05-05T05:19:07.458976
Ci9DQUlRQUNvZENodHljRjlvT21SbFJWaEhUVEZJV2pOR2FqRTRORWR5UjNwd1ZHYxAB,ChIJxyD8gV-5bi4Rzz6ImdWk-lg,Halaman Indramayu,indramayu,Nongkrong,5,"bener² tempatnya nyaman banget... selain itu makannya oke, enak, aku udah ke 3x nya kesini... next mau mampir lagi nyobain menu lainnya 🥰 pelayannya juga bagus banget..
kalo sambil ngerjain tugas enak sih.. ada tepat charger juga...",2025-08-26T22:38:07.136Z,Nety Net'Not,116169363688127538472,True,0,id,2026-05-05T05:19:07.458986
Ci9DQUlRQUNvZENodHljRjlvT2sxU2NWZHhNbTVzZEdGblMwTlViekZqTkRKbGFuYxAB,ChIJxyD8gV-5bi4Rzz6ImdWk-lg,Halaman Indramayu,indramayu,Nongkrong,2,"suka kehabisan bahan sama suka ga dibikin apa yang di pesan,saya pesan kentang goreng masih tidak dibikin. bikin.",2025-08-23T05:50:16.054Z,Candra Sundoro,105333541094755124413,False,0,id,2026-05-05T05:19:07.458995
Ci9DQUlRQUNvZENodHljRjlvT25wbmRtYzRlRkJZTmpacWRUVmxOVWMxTW1welJHYxAB,ChIJxyD8gV-5bi4Rzz6ImdWk-lg,Halaman Indramayu,indramayu,Nongkrong,5,"Kafe ini cukup nyaman dgn dekorasi yg minimalis namun elegan. Kopi yg disajikan memiliki rasa yg enak dan aroma yg kuat, membuat tiap tegukan terasa mantap.

Pelayannya jg ramah dan profesional sllu siap ngebantu dan ngasih rekomendasi menu dgn senyum yang hangat. Selain kopi, makanan lain yg mereka tawarkan juga lezat dan segar.

Suasana di dalam kafe cukup tenang dan cocok untuk kerja, baca, atau sekadar bersantai dgn tmn2. Tmptnya cukup luas, sehingga kt bs merasa nyaman meskipun kafe sedang ramai. Nanti akan datang lagi 😁😁",2025-07-19T16:54:50.289Z,Ed,118220620606643699065,True,0,id,2026-05-05T05:19:07.459003
ChZDSUhNMG9nS0VJQ0FnTUNJb3R2c0pREAE,ChIJxyD8gV-5bi4Rzz6ImdWk-lg,Halaman Indramayu,indramayu,Nongkrong,1,Pelayanannya perlu diperbaiki ! Waiters nya planga plongo ! sering2 di brifing dan di traning lagi biar gak bikin kecewa pelanggan . !,2025-03-31T14:53:41.822Z,Ivon Nikodemus,103488029291864965796,True,0,id,2026-05-05T05:19:07.459054
ChdDSUhNMG9nS0VJQ0FnTURnb3Z1WnZBRRAB,ChIJxyD8gV-5bi4Rzz6ImdWk-lg,Halaman Indramayu,indramayu,Nongkrong,5,"Halaman Indramayu berada di area SC/Sport Center Indramayu,  menyajikan berbagai mknn.  Seafood capcay dll",2025-02-23T13:56:44.563Z,Warlan Wardjono,100841879818517595543,True,0,id,2026-05-05T05:19:07.459081
ChdDSUhNMG9nS0VJQ0FnTURneE0yZ2xBRRAB,ChIJxyD8gV-5bi4Rzz6ImdWk-lg,Halaman Indramayu,indramayu,Nongkrong,5,Lumayan sering ke sini kl lagi ke inderamayu. Cafe ini menyajikan Makanan dan minuman yang bervariasi. Rasa lumayan enak. Pelayanan baik. Suasana lumayan nyaman dan romantis.,2025-02-22T14:23:17.176Z,ali din,117449970353028088416,True,0,id,2026-05-05T05:19:07.459090
ChZDSUhNMG9nS0VJQ0FnTURJcWR1X09REAE,ChIJHekffOq_bi4RyiCTJYaBv50,Rannum Space,indramayu,Nongkrong,5,"besttt,buat meet time juga asik, whatever that's it, everything tempat ini asik",2025-04-11T05:07:02.470Z,Hamdan 117,114318258557917937028,False,0,id,2026-05-05T05:19:07.459112
ChZDSUhNMG9nS0VJQ0FnTURJcWV2SFVBEAE,ChIJHekffOq_bi4RyiCTJYaBv50,Rannum Space,indramayu,Nongkrong,4,"Good Service,Good place,Good Taste
Auto 🔄",2025-04-11T05:04:54.963Z,Ridho Anugrah,109490505816127556000,False,0,en,2026-05-05T05:19:07.459120
ChdDSUhNMG9nS0VJQ0FnTUNJaC1XcWt3RRAB,ChIJHekffOq_bi4RyiCTJYaBv50,Rannum Space,indramayu,Nongkrong,5,"Orders: southern grizzly chicken steak with lime dressing, Coffee latte.

Saran: untuk dine in perlu diberi opsi pakai gelas asli untuk minuman agar mengurangi sampah plastik.

Kesan: Memuaskan yang saya pesan enak semua, southern grizzly dengan mushroom sauce. Lime dressingnya bikin seger.",2025-04-05T02:59:49.477Z,Lly,102462427810589950821,True,0,id,2026-05-05T05:19:07.459138
ChdDSUhNMG9nS0VJQ0FnTUNJLW8yR193RRAB,ChIJHekffOq_bi4RyiCTJYaBv50,Rannum Space,indramayu,Nongkrong,4,"Croissant enak, matcha juga enak, parkiran luas, staff ramah",2025-04-01T11:33:03.081Z,Fajar Pratama,105287633149084798361,True,0,id,2026-05-05T05:19:07.459147
ChZDSUhNMG9nS0VJQ0FnTUR3dXBySGN3EAE,ChIJHekffOq_bi4RyiCTJYaBv50,Rannum Space,indramayu,Nongkrong,5,Tempat reuni dan bukber bersama,2025-03-25T12:13:33.643Z,Agung Budiono,107994168316699302928,False,0,id,2026-05-05T05:19:07.459161
ChZDSUhNMG9nS0VJQ0FnTUR3dXZUOGFnEAE,ChIJHekffOq_bi4RyiCTJYaBv50,Rannum Space,indramayu,Nongkrong,1,bukber harus nya makan jam 6 malah jam 7 belum sampe makanannya,2025-03-25T12:05:18.829Z,Marzell Richard alfredo,100275398962876471860,False,0,id,2026-05-05T05:19:07.459169
ChdDSUhNMG9nS0VJQ0FnTUR3dXBEbTRRRRAB,ChIJHekffOq_bi4RyiCTJYaBv50,Rannum Space,indramayu,Nongkrong,5,Makanan berkelas 🔥,2025-03-25T11:59:06.163Z,Adi sudrajat,100922414480739584524,False,0,id,2026-05-05T05:19:07.459178
ChZDSUhNMG9nS0VJQ0FnTUR3LUtlY2Z3EAE,ChIJHekffOq_bi4RyiCTJYaBv50,Rannum Space,indramayu,Nongkrong,1,Lama tidak cocok untuk pesanan banyak,2025-03-23T12:19:53.477Z,Reza Bachtiar,105814677941115923157,False,0,id,2026-05-05T05:19:07.459207
ChdDSUhNMG9nS0VJQ0FnSURPLWZlLWd3RRAB,ChIJHekffOq_bi4RyiCTJYaBv50,Rannum Space,indramayu,Nongkrong,5,Asik dan nyaman,2025-02-14T07:36:30.977Z,Yadha Adhitya Pradhana,107168739092929680489,True,0,id,2026-05-05T05:19:07.459239
ChZDSUhNMG9nS0VJQ0FnTUNBeGFPNVV3EAE,ChIJHekffOq_bi4RyiCTJYaBv50,Rannum Space,indramayu,Nongkrong,2,"makanan b aja,pelayanan lama,pesen makanan harus nunggu smpe 40mnt,makanan dah habis minum baru Dateng,",2025-02-02T15:03:05.553Z,Dewi PrapitaSari5,100526505981334299990,False,0,id,2026-05-05T05:19:07.459247
ChdDSUhNMG9nS0VJQ0FnSURfNjhYNDVRRRAB,ChIJHekffOq_bi4RyiCTJYaBv50,Rannum Space,indramayu,Nongkrong,5,"Lokasi di jalan gatot subroto dekat Polres Indramayu, seberang Lapas indramayu.Untuk menu lebih banyak ke western food (macam steak, spagetti, dll) tapi ada makanan indonesia seperti ayam geprek ,ayam bumbu bali , untuk.harga makanan dan minuman (kopi, dll)sesuai harga cafe lah ya...",2025-01-27T07:46:34.941Z,Eka Destarika Fajar,109459810964611548145,True,0,id,2026-05-05T05:19:07.459256
ChdDSUhNMG9nS0VJQ0FnSUNVaE9xcF93RRAB,ChIJNflkjlO5bi4RJccSKMd__7o,DISTRICT Cafe,indramayu,Nongkrong,4,Yg penting ada duit nya..,2019-07-17T15:38:12.861Z,Didi Suandi,111018905527335614909,True,0,id,2026-05-05T05:19:07.459324
ChdDSUhNMG9nS0VJQ0FnSURZdkk3enRRRRAB,ChIJNflkjlO5bi4RJccSKMd__7o,DISTRICT Cafe,indramayu,Nongkrong,3,Saya bingung cara minum nya,2019-05-04T01:49:29.296Z,7rulz langlang jagad,114300053721952352243,True,0,id,2026-05-05T05:19:07.459365
ChdDSUhNMG9nS0VJQ0FnTUR3amV5T3RRRRAB,ChIJd1Y3Z1K5bi4RtsEesze_AnE,Kedai DJIROLOE,indramayu,Nongkrong,5,Tempatnya nyaman,2025-03-27T12:51:15.824Z,kunisa adati31,109172716330460868692,False,0,id,2026-05-05T05:19:07.459398
ChdDSUhNMG9nS0VJQ0FnTUR3allUUHN3RRAB,ChIJd1Y3Z1K5bi4RtsEesze_AnE,Kedai DJIROLOE,indramayu,Nongkrong,5,Bersih dan sejuk,2025-03-27T12:46:58.986Z,Teguh Nur Alamsyah,113152687469670391295,False,0,ms,2026-05-05T05:19:07.459407
ChZDSUhNMG9nS0VJQ0FnSUNzc19udEh3EAE,ChIJd1Y3Z1K5bi4RtsEesze_AnE,Kedai DJIROLOE,indramayu,Nongkrong,5,Tempat nongkrong nya Cozy banget ditambah makanan+minumannya enak,2020-02-13T19:01:49.662Z,Wira Justisia Nega,116463788644789457981,True,0,id,2026-05-05T05:19:07.459440
ChdDSUhNMG9nS0VJQ0FnSUNzbGJxQjl3RRAB,ChIJd1Y3Z1K5bi4RtsEesze_AnE,Kedai DJIROLOE,indramayu,Nongkrong,1,"kotor,menu tdk komplit sesuai daftar menu,pelayanan lama",2020-02-09T04:16:19.386Z,ONE REGAR,100730640088194161021,True,0,id,2026-05-05T05:19:07.459458
ChdDSUhNMG9nS0VJQ0FnSURZbmQ2SGlBRRAB,ChIJd1Y3Z1K5bi4RtsEesze_AnE,Kedai DJIROLOE,indramayu,Nongkrong,4,Tempat asyik buat nongkrong. WiFi lancar. Harga terjangkau.,2019-06-23T00:34:55.248Z,Diah Astuti S R,110833115073512731533,True,0,id,2026-05-05T05:19:07.459580
ChdDSUhNMG9nS0VJQ0FnSUNHdDY2eWd3RRAB,ChIJxyD8gV-5bi4Rzz6ImdWk-lg,Halaman Indramayu,indramayu,Nongkrong,3,"Panas saat siang tapi
Ada didalam AC cukup adem",2025-02-20T00:57:35.209Z,Robani Alzawani,101464505712102105993,True,0,id,2026-05-05T05:19:07.459689
ChZDSUhNMG9nS0VJQ0FnSUN2c0pyWU1BEAE,ChIJxyD8gV-5bi4Rzz6ImdWk-lg,Halaman Indramayu,indramayu,Nongkrong,3,"Pelayanannya bagus, cuma tempat suasana nya kurang tertata rapih dan bersih, terlebih untuk Outdoornya kotor banget",2024-12-07T09:23:00.276Z,Agis Syafana,109203232333630168869,True,0,id,2026-05-05T05:19:07.459745
ChZDSUhNMG9nS0VJQ0FnSUNYc0l2eWZBEAE,ChIJxyD8gV-5bi4Rzz6ImdWk-lg,Halaman Indramayu,indramayu,Nongkrong,1,pelayanan nya jelek bgt bisa bisa nya junggu lama lama ga di layanin pesan nan nya sampe yg dateng baru dilayanin saya yg lama nunggu ga di layanin eh gatau nya ga inget hadehhhhhh💔💔💔💔💔,2024-10-12T13:52:04.827Z,nurika wulandari,115743764140260279749,False,0,id,2026-05-05T05:19:07.459777
ChZDSUhNMG9nS0VJQ0FnSUNfeDg2UVNBEAE,ChIJHekffOq_bi4RyiCTJYaBv50,Rannum Space,indramayu,Nongkrong,4,"Tempat kaya kumuh , dilt 2 kurang terang",2025-01-19T13:13:33.436Z,Heryudy Wasisto,106358479400005592540,True,0,id,2026-05-05T05:19:07.459786
ChdDSUhNMG9nS0VJQ0FnSUNfeE51MG9BRRAB,ChIJHekffOq_bi4RyiCTJYaBv50,Rannum Space,indramayu,Nongkrong,5,"Tempat nyaman, cocok untuk Hangout bersama clien, pelayan bagus",2025-01-12T23:36:42.674Z,raden somantri,110209740175795605369,True,0,id,2026-05-05T05:19:07.459816
ChdDSUhNMG9nS0VJQ0FnSURQbnBUUHRBRRAB,ChIJHekffOq_bi4RyiCTJYaBv50,Rannum Space,indramayu,Nongkrong,5,Outdoor nya diatas dan sangat luas,2024-12-02T14:16:26.795Z,Atunn.s,104605059461194019731,True,0,id,2026-05-05T05:19:07.459824
ChdDSUhNMG9nS0VJQ0FnSURudllLUHRBRRAB,ChIJHekffOq_bi4RyiCTJYaBv50,Rannum Space,indramayu,Nongkrong,3,"pelayanan nya lama bgttttt, buka puasa dari Maghrib sampai habis isya..",2024-10-09T02:41:29.334Z,hadeel selaibeekh,106058146030677805603,False,0,id,2026-05-05T05:19:07.459844
ChdDSUhNMG9nS0VJQ0FnSURIMjRpWjFBRRAB,ChIJHekffOq_bi4RyiCTJYaBv50,Rannum Space,indramayu,Nongkrong,5,"Glad that found this coffee shop in Indramayu.

Comfy atmosphere, the staffs are wonderfully attentive and impressively fluent in English.

Nice place to chat with friends, or maybe enjoy a book on a relaxing afternoon.",2024-09-20T06:40:01.093Z,Rohim Chou,115978615801832722183,True,0,en,2026-05-05T05:19:07.459859
ChZDSUhNMG9nS0VJQ0FnSUM0bk5DeWZ3EAE,ChIJd1Y3Z1K5bi4RtsEesze_AnE,Kedai DJIROLOE,indramayu,Nongkrong,5,"Pelayanan nya ramah, tempatnya nyaman...",2019-06-05T00:38:22.827Z,Muhammad Imam Sentosa A N,116564203243597887042,True,0,id,2026-05-05T05:19:07.459880
ChdDSUhNMG9nS0VJQ0FnSURZajRiWjRnRRAB,ChIJd1Y3Z1K5bi4RtsEesze_AnE,Kedai DJIROLOE,indramayu,Nongkrong,5,"Tempat nyaman, minuman murah. Tapi nadi gorengnya kurang enak",2019-05-27T08:28:25.066Z,Moch Rizal F,113150955347929177596,True,0,id,2026-05-05T05:19:07.459900
ChdDSUhNMG9nS0VJQ0FnSURZb3ItQnlRRRAB,ChIJd1Y3Z1K5bi4RtsEesze_AnE,Kedai DJIROLOE,indramayu,Nongkrong,5,Sangat sangat enak buat nyantai dan ngerjain tugas,2019-05-05T08:01:58.061Z,eno jaya,110772267903793820697,False,0,id,2026-05-05T05:19:07.459923
ChZDSUhNMG9nS0VJQ0FnSURZX1AtR0JREAE,ChIJd1Y3Z1K5bi4RtsEesze_AnE,Kedai DJIROLOE,indramayu,Nongkrong,3,"Disini cocok buat cari wifi.. makanan mirah, bisa pake wifi sepuasnya...",2019-05-04T12:24:30.288Z,ikra kusumasauva,113645371088662447780,True,0,id,2026-05-05T05:19:07.459931
ChdDSUhNMG9nS0VJQ0FnSUNZMmJPNWpnRRAB,ChIJd1Y3Z1K5bi4RtsEesze_AnE,Kedai DJIROLOE,indramayu,Nongkrong,5,Perfect place for hangout,2019-04-16T01:44:48.761Z,Zaki,109741579684640394649,True,0,en,2026-05-05T05:19:07.459968
ChdDSUhNMG9nS0VJQ0FnSURBbDQyMXVnRRAB,ChIJd1Y3Z1K5bi4RtsEesze_AnE,Kedai DJIROLOE,indramayu,Nongkrong,3,"Tempat yang recomended untuk berkumpul dengan teman,",2019-04-15T00:05:43.434Z,Fika Widiana Desi,105029818800346653784,True,0,id,2026-05-05T05:19:07.459977
ChdDSUhNMG9nS0VJQ0FnSUNZa3U3Tzd3RRAB,ChIJd1Y3Z1K5bi4RtsEesze_AnE,Kedai DJIROLOE,indramayu,Nongkrong,5,Tempatnya cozy dan luas wifi super kenceeeenggg,2019-04-08T23:49:31.657Z,Reni Marlina,107327385839347292646,True,0,id,2026-05-05T05:19:07.459993
ChdDSUhNMG9nS0VJQ0FnSUNZdks2RTdnRRAB,ChIJd1Y3Z1K5bi4RtsEesze_AnE,Kedai DJIROLOE,indramayu,Nongkrong,4,Cocok utk ngobrol...suasana santai...,2019-04-07T04:45:55.058Z,Eddy Kristyono,110577272298192412939,True,0,id,2026-05-05T05:19:07.460009
ChZDSUhNMG9nS0VJQ0FnSUNZbU5tSkd3EAE,ChIJd1Y3Z1K5bi4RtsEesze_AnE,Kedai DJIROLOE,indramayu,Nongkrong,5,Tempatnya asyik,2019-04-01T08:02:35.542Z,PEMUDA BAKUNG OFFICIAL,100398493472361145783,True,0,id,2026-05-05T05:19:07.460017
ChZDSUhNMG9nS0VJQ0FnSURvMjd5bE93EAE,ChIJd1Y3Z1K5bi4RtsEesze_AnE,Kedai DJIROLOE,indramayu,Nongkrong,5,"Tempat paling enak buat game dan mainan medsos.
Karena full wifi.",2019-03-22T10:36:09.975Z,RR Design,108583082537286387789,False,0,id,2026-05-05T05:19:07.460032
ChdDSUhNMG9nS0VJQ0FnSURvMEstSzdBRRAB,ChIJd1Y3Z1K5bi4RtsEesze_AnE,Kedai DJIROLOE,indramayu,Nongkrong,5,Tempatnya asik buat nongkrong bareng temen terkoneksi dengan internet WiFi pokoknya asik deh kalo buat kumpul bareng atau Mabar/main bareng,2019-03-09T06:29:05.764Z,Fajar ersa “Jarwo” Nugraha,117431860810249587175,True,0,id,2026-05-05T05:19:07.460062
ChZDSUhNMG9nS0VJQ0FnSURvMElPOFhBEAE,ChIJd1Y3Z1K5bi4RtsEesze_AnE,Kedai DJIROLOE,indramayu,Nongkrong,4,Dapat kupon undian setiap pembelian 20rb.. dpt kartu perdana axis 1 buah..,2019-03-09T04:37:17.608Z,Toplay Com,115046852858297319042,True,0,id,2026-05-05T05:19:07.460071
ChdDSUhNMG9nS0VJQ0FnSURva0lydHNRRRAB,ChIJd1Y3Z1K5bi4RtsEesze_AnE,Kedai DJIROLOE,indramayu,Nongkrong,5,Tempat enak untuk mahasiswa,2019-03-08T16:38:03.727Z,NENGSIH NENGSIH,105524698580934124176,True,2,id,2026-05-05T05:19:07.460079
Ci9DQUlRQUNvZENodHljRjlvT21oaFlqa3RZMXBzVDJkaFl6VkRPRUpIUW1ZeFZVRRAB,ChIJYSZS2nTqbi4RGBU-6Hyr2xI,DAPUR BUNDA,indramayu,Nongkrong,5,Tempatnya luas dan menu makanan dan minumannya banyak.,2026-04-09T14:14:23.247Z,Fadiel Pro,114192220865806051705,True,0,id,2026-05-05T05:19:07.460121
Ci9DQUlRQUNvZENodHljRjlvT25relMyZHVNblZTWVRrdE4xOWlSVFV0VWsxdlFXYxAB,ChIJYSZS2nTqbi4RGBU-6Hyr2xI,DAPUR BUNDA,indramayu,Nongkrong,5,"Puas banget makan di sini, soto betawinya manteeep!
Selain soto betawi, saya pesan nasgor seafood dan spaghetti carbonara semuanya enaaak mantep.",2026-03-26T06:30:50.921Z,Muzainah Nurazijah,112776398722124110826,False,0,id,2026-05-05T05:19:07.460132
Ci9DQUlRQUNvZENodHljRjlvT21WaVRIRlBaVXRtVTJrM1ZURlFMWFZIVWxoTlJVRRAB,ChIJYSZS2nTqbi4RGBU-6Hyr2xI,DAPUR BUNDA,indramayu,Nongkrong,5,"Lumanyan banyak menunya
2026",2026-03-24T11:59:15.876Z,Pasha Ungu,105663765688422981906,False,0,id,2026-05-05T05:19:07.460141
Ci9DQUlRQUNvZENodHljRjlvT2twYVUwWlljV1JtWVZOc1NHZzJhM05IVGtoSWFYYxAB,ChIJYSZS2nTqbi4RGBU-6Hyr2xI,DAPUR BUNDA,indramayu,Nongkrong,5,"Banyak pilihan makanan
Makanan enak
Tempat nyaman
Paling top sama pelayannya ramah bgt, murah senyuuummm 🥰",2026-01-13T05:54:59.744Z,Rie Ariego,113883407386680663905,True,1,id,2026-05-05T05:19:07.460148
Ci9DQUlRQUNvZENodHljRjlvT2pabldHeEtUelJsV1ZCWGNuSnZObWQyUXpjd1RYYxAB,ChIJYSZS2nTqbi4RGBU-6Hyr2xI,DAPUR BUNDA,indramayu,Nongkrong,1,Pesanan salah dan menunggu lama.,2025-11-25T14:15:11.453Z,Abdur Rochman,107077615980444259331,False,0,id,2026-05-05T05:19:07.460164
Ci9DQUlRQUNvZENodHljRjlvT2xKVVVGSkpXamRSUmpKMlVrOVRkR014WlY5UlFsRRAB,ChIJYSZS2nTqbi4RGBU-6Hyr2xI,DAPUR BUNDA,indramayu,Nongkrong,5,Tempatnya bagus makanannya enak murce cocok buat ngedate,2025-10-05T11:35:02.788Z,Leilani Parker,104462944962279363417,True,0,id,2026-05-05T05:19:07.460171
Ci9DQUlRQUNvZENodHljRjlvT21NNWFYZHZORk00V25Rd1ptSXRkWEo1Ym10VkxVRRAB,ChIJYSZS2nTqbi4RGBU-6Hyr2xI,DAPUR BUNDA,indramayu,Nongkrong,4,"👍banyak pilihan menu,
Akses enak di Pinggir jalan, tapi ya kedengeran suara kendaraan",2025-10-02T07:53:37.182Z,M. fathan muzakki,100614709969402769738,True,0,id,2026-05-05T05:19:07.460182
Ci9DQUlRQUNvZENodHljRjlvT2xKTVpVZEdkMmRYUkRKTVozVklaM0Y2WTJKMmRHYxAB,ChIJYSZS2nTqbi4RGBU-6Hyr2xI,DAPUR BUNDA,indramayu,Nongkrong,5,Es teller durian ny enak,2025-08-05T04:00:06.500Z,Daniel Indra Rizki,117388062139624094230,True,0,id,2026-05-05T05:19:07.460197
ChdDSUhNMG9nS0VJQ0FnTURvay1fQWp3RRAB,ChIJYSZS2nTqbi4RGBU-6Hyr2xI,DAPUR BUNDA,indramayu,Nongkrong,1,"kecewa pelayanan nya lemah tidak teliti, telat ngasih info makanan tidak tersedia",2025-04-28T13:45:16.758Z,Dicky Oktora,106210688566779407588,False,0,id,2026-05-05T05:19:07.460232
ChdDSUhNMG9nS0VJQ0FnTURJLWZEMDZ3RRAB,ChIJYSZS2nTqbi4RGBU-6Hyr2xI,DAPUR BUNDA,indramayu,Nongkrong,1,Pelayanan nya kurang lama lagi,2025-04-11T12:30:23.161Z,Sheto Restu Putra,103190555447444696776,True,0,id,2026-05-05T05:19:07.460240
ChdDSUhNMG9nS0VJQ0FnTUN3LW9QZWd3RRAB,ChIJYSZS2nTqbi4RGBU-6Hyr2xI,DAPUR BUNDA,indramayu,Nongkrong,2,"Pelayanan yang sangat buruk, tidak ramah dan jutek jutek dulu dapur bunda tidak seperti ini! Untuk Minumnya kalau tidak ditutup lebih baik di gelas!",2025-03-18T11:41:23.312Z,NEVI TRIJULIYANTI,117212827373498486897,False,0,id,2026-05-05T05:19:07.460254
ChZDSUhNMG9nS0VJQ0FnTUN3NnUyakl3EAE,ChIJYSZS2nTqbi4RGBU-6Hyr2xI,DAPUR BUNDA,indramayu,Nongkrong,1,"Makanan  b aja harga sm rasa makanan ga sebanding
Pelayanan jelek banget.kapokkkkkk ga akan makan di tempat ini lagi.",2025-03-18T05:30:44.044Z,Ayang Delisha,107649676800708937870,False,0,id,2026-05-05T05:19:07.460262
ChZDSUhNMG9nS0VJQ0FnSURQa3Y3T0xnEAE,ChIJYSZS2nTqbi4RGBU-6Hyr2xI,DAPUR BUNDA,indramayu,Nongkrong,1,"Harga mahaL Rasa maknan B jNgantri sampe mo 2 jam 🤣🤣🤣🤣
Pesen tomyan rasanya kaya sayur asam  tokk 🤣🤣
Pesen spageti beef yg dtg bukn mie spageti tapi ky mie ayam goreng🤣🤣🤣
Kapokk gk lagi2 kesini",2024-11-30T15:18:14.120Z,Nok Miri,102558687362338634844,False,0,id,2026-05-05T05:19:07.460280
ChdDSUhNMG9nS0VJQ0FnSUNEajh5Ymh3RRAB,ChIJYSZS2nTqbi4RGBU-6Hyr2xI,DAPUR BUNDA,indramayu,Nongkrong,3,Lumayan. Ok ok saja.,2024-04-06T05:18:02.399Z,Atta Warsita,112656682638445682789,True,0,id,2026-05-05T05:19:07.460324
ChdDSUhNMG9nS0VJQ0FnSURkMXVqVjhnRRAB,ChIJYSZS2nTqbi4RGBU-6Hyr2xI,DAPUR BUNDA,indramayu,Nongkrong,1,Pelayannya cuek,2024-02-23T12:02:03.439Z,X REGADO,114355296558291958724,False,0,id,2026-05-05T05:19:07.460345
ChdDSUhNMG9nS0VJQ0FnSUQxMUpYcV9BRRAB,ChIJYSZS2nTqbi4RGBU-6Hyr2xI,DAPUR BUNDA,indramayu,Nongkrong,1,Mohon untuk di perbaiki lagi pelayanannya,2024-01-05T14:05:05.694Z,Samudraaa.,103183497809331386975,False,0,id,2026-05-05T05:19:07.460359
ChdDSUhNMG9nS0VJQ0FnSUNwdTVLXzl3RRAB,ChIJYSZS2nTqbi4RGBU-6Hyr2xI,DAPUR BUNDA,indramayu,Nongkrong,5,Caffe asik buat quality time sama teman or keluarga,2023-08-11T06:47:55.462Z,Syakhanee,111577860485565319339,True,0,id,2026-05-05T05:19:07.460415
ChZDSUhNMG9nS0VJQ0FnSUR4ZzVIM0JBEAE,ChIJYSZS2nTqbi4RGBU-6Hyr2xI,DAPUR BUNDA,indramayu,Nongkrong,5,Lumpianya enak banget..juara,2023-06-14T11:53:44.453Z,ada saadah,100460840816119033295,False,0,id,2026-05-05T05:19:07.460424
Ci9DQUlRQUNvZENodHljRjlvT2xKeFpFbDZOVTl1ZURZMmNsZHhYMW95UXpCNmRHYxAB,ChIJt2CvuSS5bi4RoY0QAfF-DY4,Seven Coffee Company Indramayu,indramayu,Nongkrong,2,"Beli matcha latte no sugar ,less ice
Takeaway
Pas nyampe dcobaiin loh ko maniisss 😪😀
Zonk banget .....

Ya ampuun knp hrs salaah 😭😭😭 katanya ceremoniaal tp ko rasanyaa jauh bgt , pliissss klo buka ceremonial blg aja bukaaan 😭",2026-05-02T14:47:46.926Z,mitha rahayu,112034745779114106699,False,0,id,2026-05-05T05:19:07.460433
Ci9DQUlRQUNvZENodHljRjlvT21RdFJIbzJTeTB6TFVWdlR6QkJXa3d4VURGRGFrRRAB,ChIJt2CvuSS5bi4RoY0QAfF-DY4,Seven Coffee Company Indramayu,indramayu,Nongkrong,1,Jangan beli disini pakenya kopi sachet 3 ribuan,2026-04-20T00:28:59.604Z,Edi,110578623733667871154,True,0,id,2026-05-05T05:19:07.460441
Ci9DQUlRQUNvZENodHljRjlvT2t4b1ZXOUlMWG8zYlV4Mk5ISjJRMlZOZDJWd1UzYxAB,ChIJt2CvuSS5bi4RoY0QAfF-DY4,Seven Coffee Company Indramayu,indramayu,Nongkrong,5,tempatnya nyamann bgtt sukaa,2026-04-18T14:15:02.541Z,masroni auliyana17,117308622609742085113,False,0,id,2026-05-05T05:19:07.460448
Ci9DQUlRQUNvZENodHljRjlvT2paSGMwdG9TQzFtWjFOUmRrZ3liR3hrUkVzM2RGRRAB,ChIJt2CvuSS5bi4RoY0QAfF-DY4,Seven Coffee Company Indramayu,indramayu,Nongkrong,5,Rackernya ramah,2026-04-14T14:19:40.108Z,Satria Zati Wibawa,110422352214537184212,False,0,id,2026-05-05T05:19:07.460456
Ci9DQUlRQUNvZENodHljRjlvT21oRlNEVlNURzlaUkROUmFEZGpaalpTUkVaaWNrRRAB,ChIJt2CvuSS5bi4RoY0QAfF-DY4,Seven Coffee Company Indramayu,indramayu,Nongkrong,5,Billiardnya bersih dan nyaman pelayanan oke,2026-04-14T13:15:16.341Z,Gavriel Fauzan F,115384989859654887675,False,0,id,2026-05-05T05:19:07.460470
Ci9DQUlRQUNvZENodHljRjlvT2tJNFoyNXVWak5WTkhKSFgwZE9SbG8wU1dKRVYzYxAB,ChIJt2CvuSS5bi4RoY0QAfF-DY4,Seven Coffee Company Indramayu,indramayu,Nongkrong,5,billiard rekomendasi,2026-04-13T07:49:40.630Z,meisya mesa,113974561994574111887,False,0,id,2026-05-05T05:19:07.460485
Ci9DQUlRQUNvZENodHljRjlvT204MVRVbHBNMG95T1RGMFRXTjRiVloyT1RGalRuYxAB,ChIJt2CvuSS5bi4RoY0QAfF-DY4,Seven Coffee Company Indramayu,indramayu,Nongkrong,5,billiard rekomend di Indramayu,2026-04-10T07:10:18.340Z,Annur Sidik,117061730545706412662,False,0,id,2026-05-05T05:19:07.460552
Ci9DQUlRQUNvZENodHljRjlvT21STFVGbEJaRk5tUjBaWFRtdG5lRVl0Wm1ndFltYxAB,ChIJt2CvuSS5bi4RoY0QAfF-DY4,Seven Coffee Company Indramayu,indramayu,Nongkrong,5,Makanan dan minumanya enak enak billiard juga nyaman bersih wc nya bersih pelayanan juga oke rackernya ramah ramah,2026-04-09T04:50:11.098Z,Topas wijayadri,108842063207140711358,False,0,id,2026-05-05T05:19:07.460562
Ci9DQUlRQUNvZENodHljRjlvT2tsMFNtMWliV2htWTNSTU1sVkdURXRoUVVWVWQwRRAB,ChIJt2CvuSS5bi4RoY0QAfF-DY4,Seven Coffee Company Indramayu,indramayu,Nongkrong,5,tempatnya bagus dan bersih,2026-04-05T06:13:51.348Z,Keyla Sinar Millena,116216405436622427049,False,0,id,2026-05-05T05:19:07.460577
Ci9DQUlRQUNvZENodHljRjlvT2s5SGN6SkljV1l0WjB0dFluUTVhbFZOYkZwcU0xRRAB,ChIJt2CvuSS5bi4RoY0QAfF-DY4,Seven Coffee Company Indramayu,indramayu,Nongkrong,5,Nyaman ramah memuaskan,2026-04-03T05:30:30.017Z,Tedy Oge,102900621568085287118,False,0,id,2026-05-05T05:19:07.460609
Ci9DQUlRQUNvZENodHljRjlvT2pSV09IUkNiVXRpWkhacFpVVlNlRkp0UzBwdE5FRRAB,ChIJt2CvuSS5bi4RoY0QAfF-DY4,Seven Coffee Company Indramayu,indramayu,Nongkrong,5,mantap pelayananya,2026-04-02T13:51:17.849Z,Rio Fadilah,108307541394501578987,False,0,id,2026-05-05T05:19:07.460618
ChdDSUhNMG9nS0VJQ0FnSURSb2VQdXF3RRAB,ChIJYSZS2nTqbi4RGBU-6Hyr2xI,DAPUR BUNDA,indramayu,Nongkrong,5,"Tempat nongkrong anak muda. Menu beragam dengan harga terjangkau. Bisa milih suasana terang, sedang dan redup.",2023-04-27T01:54:29.200Z,Agus Sugiyono,102477562121906878015,True,0,id,2026-05-05T05:19:07.460634
ChdDSUhNMG9nS0VJQ0FnSUNoemJmaXB3RRAB,ChIJYSZS2nTqbi4RGBU-6Hyr2xI,DAPUR BUNDA,indramayu,Nongkrong,5,"Tempatnya enk nih semakin gokil aja, menu dan rasanya mantap best lah pokoknya. Tadi mampir nyobain seblak nya beuhh sedep
⭐ Rasa kuahnya sedep, tapi kurang asin buat saya yg suka asin
⭐ Harga seblak prasmanan juga tergolong murah
⭐ Dumpling seafood sejenisnya lengkap
⭐ Bukan cuma seblak, disini itu cafe jadi bisa pesan menu cafe kyk makanan minuman dll, tenang aja rasanya enk👍

*note: untuk yg mesan seblak prasmanan, pertama harus didepan ambil toping kering abis itu masuk, di kasir kasihin tempat yg tadi buat milih toping kering, nah dikasir bisa nambah toping (seafood, baso, enoki, dll), abis itu dikasih nomor nanti tinggal duduk nunggu jadi👌",2023-02-19T10:53:01.836Z,Muhammad Hafizh Al Faritsi,109939155956963447551,True,4,id,2026-05-05T05:19:07.460652
ChZDSUhNMG9nS0VJQ0FnSURtbllQeVF3EAE,ChIJYSZS2nTqbi4RGBU-6Hyr2xI,DAPUR BUNDA,indramayu,Nongkrong,4,Owner ny ramah Menu Varian lumayan lengkap harga ramah dan ekonomis di kantong,2023-02-18T07:04:53.993Z,Kardi,106560090452116704599,True,0,id,2026-05-05T05:19:07.460661
ChdDSUhNMG9nS0VJQ0FnSUQtdnFtUWlBRRAB,ChIJYSZS2nTqbi4RGBU-6Hyr2xI,DAPUR BUNDA,indramayu,Nongkrong,3,Lumayan lah. Good job.,2022-11-30T23:35:10.848Z,Arjuna Gejlug,104021198593765265462,True,0,id,2026-05-05T05:19:07.460676
ChdDSUhNMG9nS0VJQ0FnSURlaEtQYV93RRAB,ChIJYSZS2nTqbi4RGBU-6Hyr2xI,DAPUR BUNDA,indramayu,Nongkrong,5,"Nyaman...makanan dan minuman enak ..
Pelayanan nya ramah",2022-11-05T22:08:29.331Z,Osyah amin,105609167148670494673,True,0,id,2026-05-05T05:19:07.460691
ChdDSUhNMG9nS0VJQ0FnSURlZ3RLSHZBRRAB,ChIJYSZS2nTqbi4RGBU-6Hyr2xI,DAPUR BUNDA,indramayu,Nongkrong,5,Datang lapar pulang kenyang.,2022-10-05T13:31:06.153Z,Zhang Xiao,110016020389785034157,False,0,id,2026-05-05T05:19:07.460701
ChZDSUhNMG9nS0VJQ0FnSUN1LTRuUkVBEAE,ChIJYSZS2nTqbi4RGBU-6Hyr2xI,DAPUR BUNDA,indramayu,Nongkrong,5,"tempatnya enak nyaman, pelayanan ramah",2022-08-07T14:12:22.596Z,Nur Hani,107840441981101765614,False,0,id,2026-05-05T05:19:07.460716
ChdDSUhNMG9nS0VJQ0FnTUNZbnVQLWh3RRAB,ChIJFWFP0nE2aS4Rjf5mPa8xfZk,Cangkir Senja,indramayu,Nongkrong,1,Ra cucuk gabung kro online dinasehati mbetiter,2025-11-11T03:05:37.541Z,Hasan Zabreak,115601769934914562032,True,0,id,2026-05-05T05:19:07.460765
Ci9DQUlRQUNvZENodHljRjlvT21wUmFuWkVSRTVhTUVkck1tTXdjRkIxVEU5TFJVRRAB,ChIJFWFP0nE2aS4Rjf5mPa8xfZk,Cangkir Senja,indramayu,Nongkrong,3,Sip lah cocok buat ngopi da,2025-07-28T12:53:12.413Z,Duaputra variasi art cuttingsetiker (Duaputra variasi art),112876640621871348796,True,0,id,2026-05-05T05:19:07.460773
ChdDSUhNMG9nS0VJQ0FnTUNvblkyd3RBRRAB,ChIJFWFP0nE2aS4Rjf5mPa8xfZk,Cangkir Senja,indramayu,Nongkrong,5,Pelayanan kurang respek untuk online gak gofood gak grab food HP RESTO tidak stanby di tempat / di resto driver datang belum jadi....jadi lama 👎👎👎👎👎,2025-04-19T06:58:38.093Z,Azi Maulana,111021221618563672645,False,0,id,2026-05-05T05:19:07.460794
ChdDSUhNMG9nS0VJQ0FnTURJc29LenZnRRAB,ChIJFWFP0nE2aS4Rjf5mPa8xfZk,Cangkir Senja,indramayu,Nongkrong,1,Pelayanannya kurang memuaskan apa lagi klau lewat online lebih parah lama banget,2025-04-08T15:11:53.154Z,heru pahlawan,105218529326663385799,False,0,id,2026-05-05T05:19:07.460803
ChZDSUhNMG9nS0VJQ0FnSUMzNkptZEV3EAE,ChIJFWFP0nE2aS4Rjf5mPa8xfZk,Cangkir Senja,indramayu,Nongkrong,5,Makanan nya enk udh beberapa x mampir,2024-11-02T12:19:59.510Z,Dapur mbak win Jipay,117352269902552219834,True,0,id,2026-05-05T05:19:07.460834
ChZDSUhNMG9nS0VJQ0FnSUNYLS02T0ZBEAE,ChIJFWFP0nE2aS4Rjf5mPa8xfZk,Cangkir Senja,indramayu,Nongkrong,5,"Laperrrrrr
Mampir buat makan siang skaligus makan malam..
Rekomendasi dari driver kami

Qadarullooh
Ayam kecap nya kurang nendang rasa kecapnya.. lebih dekat ke rasa semur tapi kering
Nasi bakar cuman ada nasi bakar ayam kemangi... Ga ada varian lain.

Juss kosong semua
Hanya ada es jeruk, teh, lemon tea..",2024-10-21T03:04:12.441Z,"A Wahyuningtias, ST",111539596844736474013,True,0,id,2026-05-05T05:19:07.460843
ChdDSUhNMG9nS0VJQ0FnSUNkcXBpS2l3RRAB,ChIJFWFP0nE2aS4Rjf5mPa8xfZk,Cangkir Senja,indramayu,Nongkrong,5,Makanan yang enak dan suasana yang nyaman! Ini tempat terbaik!,2024-02-14T11:45:56.394Z,Adeeva Afsheen Myesha,113351812214520226511,False,0,id,2026-05-05T05:19:07.460895
ChdDSUhNMG9nS0VJQ0FnSURadFp1MTl3RRAB,ChIJFWFP0nE2aS4Rjf5mPa8xfZk,Cangkir Senja,indramayu,Nongkrong,4,Makanan enak tapi tempatnya kurang nyaman aja,2023-10-05T20:26:10.433Z,Bachtiar Ramdan,115401259120869308582,True,1,id,2026-05-05T05:19:07.460918
ChZDSUhNMG9nS0VJQ0FnSUNaanFiOGZ3EAE,ChIJFWFP0nE2aS4Rjf5mPa8xfZk,Cangkir Senja,indramayu,Nongkrong,4,Sebenarnya makanan enak...sayang tempatnya kurang luas...,2023-09-10T13:22:30.401Z,prasetyo nugroho jati R,107318628428844529413,True,0,id,2026-05-05T05:19:07.460927
ChZDSUhNMG9nS0VJQ0FnSUN4MmNpWUVREAE,ChIJFWFP0nE2aS4Rjf5mPa8xfZk,Cangkir Senja,indramayu,Nongkrong,2,Pesen makanan ga on time padahal makanan enak,2023-05-21T06:34:15.093Z,Jefri Mardika (Jeffu),102256546831236445138,True,0,id,2026-05-05T05:19:07.460938
ChdDSUhNMG9nS0VJQ0FnSURSdXJuR193RRAB,ChIJFWFP0nE2aS4Rjf5mPa8xfZk,Cangkir Senja,indramayu,Nongkrong,2,"Lama sampe 1 jam,pekerja kurang ramah",2023-04-23T14:01:57.072Z,Ifani Octan,114880569012554634261,True,0,id,2026-05-05T05:19:07.460945
ChZDSUhNMG9nS0VJQ0FnSUNNeGVLZ013EAE,ChIJFWFP0nE2aS4Rjf5mPa8xfZk,Cangkir Senja,indramayu,Nongkrong,1,"Terbaik lama ya ,",2023-01-16T08:00:48.176Z,Carli Efendi,109193696649723731976,True,0,id,2026-05-05T05:19:07.460960
ChdDSUhNMG9nS0VJQ0FnSURCaExqdjBnRRAB,ChIJFWFP0nE2aS4Rjf5mPa8xfZk,Cangkir Senja,indramayu,Nongkrong,4,Tempat nyaman. Ada wifi dan toilet,2023-01-11T14:29:12.238Z,Agung Purwanto,114858165917988019217,True,0,id,2026-05-05T05:19:07.460967
ChdDSUhNMG9nS0VJQ0FnSURCOEpiSXlnRRAB,ChIJFWFP0nE2aS4Rjf5mPa8xfZk,Cangkir Senja,indramayu,Nongkrong,4,"Lokasi strategis,parkir mudah,menu cukup menggoda dan menggugah selera,pelayanan ramah,sayang ada beberapa sudut meja yang tercium aroma tidak sedap karna penyimpanan pot tanaman yang sejajar dengan hidung,harga murah",2023-01-10T02:34:53.055Z,Aas. Sulaisih,113750082718660446657,True,0,id,2026-05-05T05:19:07.460976
ChdDSUhNMG9nS0VJQ0FnSUR1Z1BQZ2dRRRAB,ChIJFWFP0nE2aS4Rjf5mPa8xfZk,Cangkir Senja,indramayu,Nongkrong,3,Lumayan nyaman dapat wifi juga,2022-08-10T14:14:35.964Z,Mia Mirnawati,113932214411095270127,True,0,id,2026-05-05T05:19:07.461003
ChdDSUhNMG9nS0VJQ0FnSUN1MnJQSzNBRRAB,ChIJFWFP0nE2aS4Rjf5mPa8xfZk,Cangkir Senja,indramayu,Nongkrong,5,Tutug oncomnya enak 🤤,2022-07-26T13:15:39.243Z,Kucluk Guide,107166143618356913067,True,0,id,2026-05-05T05:19:07.461012
ChZDSUhNMG9nS0VJQ0FnSURPZy1MTVhBEAE,ChIJFWFP0nE2aS4Rjf5mPa8xfZk,Cangkir Senja,indramayu,Nongkrong,1,Menu nya enak tapi pengirimannya lama banget. Saran aja kalo mau beli mending langsung ke tempatnya,2022-07-12T14:34:01.238Z,Wanz Reaper,106250325462547056600,False,0,id,2026-05-05T05:19:07.461020
ChZDSUhNMG9nS0VJQ0FnSURtbXRLOWJ3EAE,ChIJjdbj2mY2aS4R0yZ5atgKux4,Cafe Queen,indramayu,Nongkrong,4,Tempatnya luas dan asri makannya enak dan terjangkau semua kalangan,2022-01-25T13:35:08.930Z,Donat gaming1717,109437354626846999027,False,2,id,2026-05-05T05:19:07.461048
ChZDSUhNMG9nS0VJQ0FnSURTeGN6ZkJBEAE,ChIJjdbj2mY2aS4R0yZ5atgKux4,Cafe Queen,indramayu,Nongkrong,4,Enak murah meriah cucok buat pelajar,2021-01-04T10:43:21.767Z,Deliyana Wati,110493442086964806043,True,0,id,2026-05-05T05:19:07.461105
ChZDSUhNMG9nS0VJQ0FnSUNTMVplSFhBEAE,ChIJjdbj2mY2aS4R0yZ5atgKux4,Cafe Queen,indramayu,Nongkrong,5,"Pelayanan nya cepet, ramah dan Harga terjangkau",2020-12-16T23:28:59.363Z,Arie Mardi Tri Frastowo,116433159273906366983,False,0,id,2026-05-05T05:19:07.461122
ChdDSUhNMG9nS0VJQ0FnSURjanNDZnpnRRAB,ChIJjdbj2mY2aS4R0yZ5atgKux4,Cafe Queen,indramayu,Nongkrong,4,Tempatnya lumayan enak. Rasa minuman dan makanannya oke. Harga lumayan mahal. Parkiran luas. Ayam geprek oke pedas,2020-06-12T02:40:49.492Z,MN Khatami,109583298346541537610,True,0,id,2026-05-05T05:19:07.461165
ChdDSUhNMG9nS0VJQ0FnTUNZdkppSV9BRRAB,ChIJqQBXaWpMaS4ReVRHKFvy_-A,Kali Susu Kafe,indramayu,Nongkrong,5,"jumat 02 mei 2025 ( 19.30 wib )

gokil sih ini cafe",2025-05-02T12:41:09.347Z,tono sumantono,115872286745082319344,True,1,id,2026-05-05T05:19:07.461197
ChdDSUhNMG9nS0VJQ0FnSUR4cmF5ZnR3RRAB,ChIJqQBXaWpMaS4ReVRHKFvy_-A,Kali Susu Kafe,indramayu,Nongkrong,5,Makanmannya enaaaak banget.   Mantaaaap👍👍👍👍👍👍,2023-06-13T12:24:48.123Z,Bambang Supardi,102473110431154113939,False,0,id,2026-05-05T05:19:07.461205
ChdDSUhNMG9nS0VJQ0FnSUN4d3JLVTB3RRAB,ChIJqQBXaWpMaS4ReVRHKFvy_-A,Kali Susu Kafe,indramayu,Nongkrong,4,Lumayan utk nongkrong,2023-05-13T14:52:28.496Z,Adi A. Wijaya,100749465648845159220,True,0,id,2026-05-05T05:19:07.461228
ChZDSUhNMG9nS0VJQ0FnSURSNWZHSFd3EAE,ChIJqQBXaWpMaS4ReVRHKFvy_-A,Kali Susu Kafe,indramayu,Nongkrong,5,"Bagus tempatnya bersih, pelayanan cepat dan akses mudah di lokasi bisa go food juga, recomended bareng rekan juga keluarga (Abie Romi)",2023-04-30T04:30:05.493Z,Abie Romi Collection,108055022519196276364,True,0,id,2026-05-05T05:19:07.461245
ChdDSUhNMG9nS0VJQ0FnSURSdXNPV3FRRRAB,ChIJqQBXaWpMaS4ReVRHKFvy_-A,Kali Susu Kafe,indramayu,Nongkrong,4,Makanan y enak dan tempat nyaman tapi sedikit sempit,2023-04-23T14:34:55.457Z,Abdul Kharis,113775736942990174912,True,0,id,2026-05-05T05:19:07.461253
ChdDSUhNMG9nS0VJQ0FnSUNSbk03cTJBRRAB,ChIJqQBXaWpMaS4ReVRHKFvy_-A,Kali Susu Kafe,indramayu,Nongkrong,3,Menurutku hmmm yah gitu deh.....,2023-03-27T14:28:26.211Z,rifqi ayati,108722239644090755828,True,0,id,2026-05-05T05:19:07.461270
ChZDSUhNMG9nS0VJQ0FnSURoNzViYWZREAE,ChIJqQBXaWpMaS4ReVRHKFvy_-A,Kali Susu Kafe,indramayu,Nongkrong,5,"Iga bakarnya, manteppp",2023-03-21T06:07:18.265Z,Wahyudin 29,117887562883889951030,True,0,id,2026-05-05T05:19:07.461281
ChdDSUhNMG9nS0VJQ0FnSURCbVozMTJnRRAB,ChIJqQBXaWpMaS4ReVRHKFvy_-A,Kali Susu Kafe,indramayu,Nongkrong,5,Iga bakarnya enak,2023-01-24T14:04:47.056Z,Lukman Zain MS,102929942023101959315,True,0,id,2026-05-05T05:19:07.461304
ChdDSUhNMG9nS0VJQ0FnSURCb3QyWHd3RRAB,ChIJqQBXaWpMaS4ReVRHKFvy_-A,Kali Susu Kafe,indramayu,Nongkrong,5,Langganan dr prtama buka sampe sekarang ....harga nya yg terjangkau ...pas untuk kantong anak muda 😁,2023-01-15T07:00:34.982Z,Melly Aurora Lie,105729900675602106768,True,1,id,2026-05-05T05:19:07.461312
ChZDSUhNMG9nS0VJQ0FnSUNCOWZ6a0hBEAE,ChIJqQBXaWpMaS4ReVRHKFvy_-A,Kali Susu Kafe,indramayu,Nongkrong,4,Pokok e langganan anak muda,2022-12-31T19:55:04.693Z,Dalban Ireng,106211114934514660634,True,0,id,2026-05-05T05:19:07.461332
ChZDSUhNMG9nS0VJQ0FnSUQydGFtdEJnEAE,ChIJFWFP0nE2aS4Rjf5mPa8xfZk,Cangkir Senja,indramayu,Nongkrong,5,Walaupun tempatnya kecil tapi rasanya bisa di adu,2022-05-21T04:49:09.208Z,Sidat Ku,109208749591661087294,True,0,id,2026-05-05T05:19:07.461354
ChZDSUhNMG9nS0VJQ0FnSUQyMHVUV1RnEAE,ChIJFWFP0nE2aS4Rjf5mPa8xfZk,Cangkir Senja,indramayu,Nongkrong,5,Tempat ternyaman.,2022-05-10T17:27:43.541Z,EVA DWI YANTI,107156613206958499523,True,0,id,2026-05-05T05:19:07.461368
ChZDSUhNMG9nS0VJQ0FnSUQydElqbWFnEAE,ChIJFWFP0nE2aS4Rjf5mPa8xfZk,Cangkir Senja,indramayu,Nongkrong,4,Enak n murah meriah,2022-05-07T14:41:06.854Z,Nafriman Nazir,113788826057623697025,True,0,id,2026-05-05T05:19:07.461376
ChdDSUhNMG9nS0VJQ0FnSUMyMTctRzNBRRAB,ChIJFWFP0nE2aS4Rjf5mPa8xfZk,Cangkir Senja,indramayu,Nongkrong,4,"Lumayan enak , cuma nunggu nya agak lama padahal lagi lumayan sepi , nasi bakarnya thebest sih",2022-04-30T16:01:12.430Z,Ayu Kecill,105037183953541285108,False,0,id,2026-05-05T05:19:07.461383
ChZDSUhNMG9nS0VJQ0FnSURXN0x6aEFnEAE,ChIJFWFP0nE2aS4Rjf5mPa8xfZk,Cangkir Senja,indramayu,Nongkrong,1,"Pelayananan tidak ramah, gak yg cewek gak yg cowok judes semua.
Pilihan menu kurang variatif. Menu yg ada di buku 'pun banyak yg kosong.",2022-03-17T15:05:36.013Z,Arfa Naj,113066514028917686580,True,0,id,2026-05-05T05:19:07.461405
ChdDSUhNMG9nS0VJQ0FnSUNpcC1yVjNBRRAB,ChIJFWFP0nE2aS4Rjf5mPa8xfZk,Cangkir Senja,indramayu,Nongkrong,5,Over all...makanannya enak...beberapa item ya lumayan harus nunggu lama...tp ok..mantep,2022-03-05T06:49:54.822Z,Tatang Irawan,115908988155724080723,True,0,id,2026-05-05T05:19:07.461427
ChdDSUhNMG9nS0VJQ0FnSURNanFuR2dnRRAB,ChIJjdbj2mY2aS4R0yZ5atgKux4,Cafe Queen,indramayu,Nongkrong,5,Sangat membantu untuk kita semua,2019-12-30T01:49:36.147Z,Maz Bonbon,101675374083299521519,True,0,id,2026-05-05T05:19:07.461472
ChZDSUhNMG9nS0VJQ0FnSURNcXM3eEJ3EAE,ChIJjdbj2mY2aS4R0yZ5atgKux4,Cafe Queen,indramayu,Nongkrong,5,Intinya wokey lah ...,2019-12-26T05:23:03.722Z,Vian Anwari,116128034067993070163,False,0,id,2026-05-05T05:19:07.461487
ChdDSUhNMG9nS0VJQ0FnSURVemRhZDlRRRAB,ChIJjdbj2mY2aS4R0yZ5atgKux4,Cafe Queen,indramayu,Nongkrong,5,Nikmat dan harga merakyat,2019-08-31T14:51:47.417Z,Fuad Bajry,106004611949863856556,True,0,id,2026-05-05T05:19:07.461549
ChZDSUhNMG9nS0VJQ0FnSUNVbjVDc0VBEAE,ChIJjdbj2mY2aS4R0yZ5atgKux4,Cafe Queen,indramayu,Nongkrong,2,Biasa biasa saja om,2019-08-09T16:50:48.334Z,Abay Bayu,118265977845766449540,False,0,id,2026-05-05T05:19:07.461588
ChdDSUhNMG9nS0VJQ0FnSURlNzdQXzlRRRAB,ChIJqQBXaWpMaS4ReVRHKFvy_-A,Kali Susu Kafe,indramayu,Nongkrong,5,"Restonya Family friendly banget, pilihan makanannya banyak dan enak2 cocok buat makan bareng.",2022-10-23T04:11:04.786Z,mona affrias,117049348189088655550,True,0,id,2026-05-05T05:19:07.461629
ChZDSUhNMG9nS0VJQ0FnSURldDZIdkxREAE,ChIJqQBXaWpMaS4ReVRHKFvy_-A,Kali Susu Kafe,indramayu,Nongkrong,4,"Sudah langganan di sini,",2022-10-22T03:20:20.019Z,Akhmarudin Muchtar,105273764245613627035,True,0,id,2026-05-05T05:19:07.461639
ChdDSUhNMG9nS0VJQ0FnSUNlaS1MTnpnRRAB,ChIJqQBXaWpMaS4ReVRHKFvy_-A,Kali Susu Kafe,indramayu,Nongkrong,5,"Tempatnya oke nyaman bersih, enak buat nongkrong bareng teman sambil dengerin musik",2022-09-23T17:07:26.847Z,tocatv 26,102481753934500232208,True,0,id,2026-05-05T05:19:07.461648
ChZDSUhNMG9nS0VJQ0FnSUNPcW9TNmFBEAE,ChIJqQBXaWpMaS4ReVRHKFvy_-A,Kali Susu Kafe,indramayu,Nongkrong,5,Tempat yang baik untuk kumpul bersama keluarga,2022-06-07T02:02:32.026Z,Santoz MU,102997135220522091871,True,0,id,2026-05-05T05:19:07.461686
ChdDSUhNMG9nS0VJQ0FnSUQydE95VHJRRRAB,ChIJqQBXaWpMaS4ReVRHKFvy_-A,Kali Susu Kafe,indramayu,Nongkrong,4,"Menu Kopi pinggiran Kota yang cukup lumayan, sajian Vietnam Drift nya yang khas penikmat kopi sejati.

Tempatnya agak sempit tapi cukup baik sih.

Parkir pinggir jalan cocok untuk roda dua.

Toilet sempit cukup bersih

Musholla semit susah selonjor

Semoga bermanfaat.",2022-05-07T15:19:27.125Z,Robani Alzawani,101464505712102105993,True,7,id,2026-05-05T05:19:07.461717
ChZDSUhNMG9nS0VJQ0FnSUMyc05YR0VBEAE,ChIJqQBXaWpMaS4ReVRHKFvy_-A,Kali Susu Kafe,indramayu,Nongkrong,5,Favorit ketika bosan makan di rumah,2022-04-10T14:17:24.615Z,Siti Fauziyah,101867270348420917495,True,0,id,2026-05-05T05:19:07.461734
ChdDSUhNMG9nS0VJQ0FnSUNXdE51NnJ3RRAB,ChIJqQBXaWpMaS4ReVRHKFvy_-A,Kali Susu Kafe,indramayu,Nongkrong,5,Tempat nyaman? Menejernya baik& pelayanya ramah. TOP bgt👍,2022-02-19T07:43:00.696Z,sudarno sudarno,114445074211168266966,True,0,id,2026-05-05T05:19:07.461770
ChZDSUhNMG9nS0VJQ0FnSURHOS1mTFZBEAE,ChIJqQBXaWpMaS4ReVRHKFvy_-A,Kali Susu Kafe,indramayu,Nongkrong,5,Nyaman pelayananya ramah . Manta👍👍,2021-12-12T22:46:17.949Z,Sudarno Bin durya,111725590355273134171,True,0,id,2026-05-05T05:19:07.461787
ChZDSUhNMG9nS0VJQ0FnSUNVbVlTOGJ3EAE,ChIJjdbj2mY2aS4R0yZ5atgKux4,Cafe Queen,indramayu,Nongkrong,5,"Recom buat acara ,makanany ajip",2019-07-28T14:57:28.619Z,Aji Firmansyah,113976623764844756980,True,0,id,2026-05-05T05:19:07.461796
ChdDSUhNMG9nS0VJQ0FnSURraGNYRmhBRRAB,ChIJjdbj2mY2aS4R0yZ5atgKux4,Cafe Queen,indramayu,Nongkrong,5,"When me and the boys wanna hang out, we always go to this cafe.
I love this place, it's cheap, and i really like the food.",2019-07-01T15:59:48.198Z,Asmodheus,102047657614206206679,False,0,en,2026-05-05T05:19:07.461820
ChdDSUhNMG9nS0VJQ0FnSURZb05QNHV3RRAB,ChIJjdbj2mY2aS4R0yZ5atgKux4,Cafe Queen,indramayu,Nongkrong,5,Tempat favoritnya kiddos..,2019-06-28T11:10:47.618Z,Galaxy Games,111061620570696459813,True,1,id,2026-05-05T05:19:07.461829
ChZDSUhNMG9nS0VJQ0FnSURreEllS0hBEAE,ChIJjdbj2mY2aS4R0yZ5atgKux4,Cafe Queen,indramayu,Nongkrong,5,Kafe dengan berbagai menu makanan dan minuman. Konsep ala anak muda buat nongkrong dan bercenda gurau ditempat ini. Harga yang terjangkau jadi tidak usah khawatir kalo kongkow di kafe queen,2019-06-24T18:05:03.589Z,Perdiana,106538942986997673403,True,0,id,2026-05-05T05:19:07.461838
ChdDSUhNMG9nS0VJQ0FnSUNHbjc3RnZBRRAB,ChIJqQBXaWpMaS4ReVRHKFvy_-A,Kali Susu Kafe,indramayu,Nongkrong,4,"Tenpat tongkrongan ,,,,",2021-11-13T18:34:17.397Z,Ang Otib,104658090112978243272,True,0,id,2026-05-05T05:19:07.461892
ChZDSUhNMG9nS0VJQ0FnSUQ2XzdyZFVBEAE,ChIJqQBXaWpMaS4ReVRHKFvy_-A,Kali Susu Kafe,indramayu,Nongkrong,5,"Mantap ,rekomended banget.buat nongkrong",2021-10-16T10:58:08.055Z,QZARAN Channel,104878657269272952873,True,0,id,2026-05-05T05:19:07.461900
ChZDSUhNMG9nS0VJQ0FnSUQ2cnRYNFZnEAE,ChIJqQBXaWpMaS4ReVRHKFvy_-A,Kali Susu Kafe,indramayu,Nongkrong,5,"tersedia di go food dan grab food.
iga bakar nya bikin nagih....eunak e pol",2021-09-30T02:55:32.208Z,RUSLAN INDRAMAYU,104757836732276912554,True,0,id,2026-05-05T05:19:07.461914
ChZDSUhNMG9nS0VJQ0FnSUM2XzRQa0pREAE,ChIJqQBXaWpMaS4ReVRHKFvy_-A,Kali Susu Kafe,indramayu,Nongkrong,5,"Ramah, berada di samping sawah dan kali good view. Toilet dan dekorasi keren dan alhamdulillah belum dapet diskon beberapa kali mampir ..hahah sory",2021-09-17T09:31:40.312Z,DESA SUMURADEM TIMUR,113333491403424859999,True,0,id,2026-05-05T05:19:07.461929
ChZDSUhNMG9nS0VJQ0FnSUM2MmRtNUVREAE,ChIJqQBXaWpMaS4ReVRHKFvy_-A,Kali Susu Kafe,indramayu,Nongkrong,5,"Udah sering gofood dari sini, walau dine in baru 2 kali. Makanan favorit adalah nasgornya.. chicken steak juga oke..",2021-09-08T14:22:26.873Z,Yulita Ika Pawestri,118058593558151723729,True,0,id,2026-05-05T05:19:07.461941
ChZDSUhNMG9nS0VJQ0FnSURhd3R5c1NBEAE,ChIJqQBXaWpMaS4ReVRHKFvy_-A,Kali Susu Kafe,indramayu,Nongkrong,3,Nasi gorengnya murah dan enak,2021-08-17T06:21:02.912Z,Fendhito Pratama,114740949940847793378,True,0,id,2026-05-05T05:19:07.461956
ChZDSUhNMG9nS0VJQ0FnSUNLc19tc1R3EAE,ChIJqQBXaWpMaS4ReVRHKFvy_-A,Kali Susu Kafe,indramayu,Nongkrong,4,Tempat oky pelayan agak lama,2021-04-18T05:35:38.238Z,Valentino Rossi,100020473676431417744,True,0,id,2026-05-05T05:19:07.461971
ChZDSUhNMG9nS0VJQ0FnSUQ1NFpLNkh3EAE,ChIJJ1hevMu5bi4RYXtoVUIpOk4,Coffee zak',indramayu,Nongkrong,1,"Kalo tutup, aplikasi onlinenya di off bos!. Mau minta pembatalan, tapi nomer yg terdaftar juga ga aktif. Jadi nunggu lama harus telpon operator. Nyusahin orang aja",2023-10-25T15:06:16.375Z,Ree AS,115210569813521258302,True,0,id,2026-05-05T05:19:07.462000
ChdDSUhNMG9nS0VJQ0FnSURadEpyRzRBRRAB,ChIJJ1hevMu5bi4RYXtoVUIpOk4,Coffee zak',indramayu,Nongkrong,5,Harga murah tempat nyaman,2023-09-25T11:54:27.544Z,Anwar Masalik,104635432344428468834,False,0,id,2026-05-05T05:19:07.462008
ChZDSUhNMG9nS0VJQ0FnSUR4bVB2Y1F3EAE,ChIJJ1hevMu5bi4RYXtoVUIpOk4,Coffee zak',indramayu,Nongkrong,5,"Tempat yang nyaman untum ngobrol, rapat kerjaan, dan menyendiri karena saking adem dan ruangannya kedap di bagian non smoking.

Es kopi gula aren dan ricebowl sama nasgornya jadi menu pilihan utama saya kalo kesini.
Nah kalo non kopi saya suka mojitonya.. seger...",2023-06-28T06:38:23.105Z,Ceritanya Fandi,116921065452168066174,True,0,id,2026-05-05T05:19:07.462017
ChdDSUhNMG9nS0VJQ0FnSUNxeHFDRzJRRRAB,ChIJJ1hevMu5bi4RYXtoVUIpOk4,Coffee zak',indramayu,Nongkrong,4,"Nyaman, tidak terlalu bising, cocok utk tempat bersantai sambil ngopi, menu kopi dan makanan²'y enak²..",2022-06-10T10:55:54.953Z,widya iswari,102640124003496171231,True,1,id,2026-05-05T05:19:07.462074
ChZDSUhNMG9nS0VJQ0FnSUMyczQ2VUtREAE,ChIJJ1hevMu5bi4RYXtoVUIpOk4,Coffee zak',indramayu,Nongkrong,5,Template seduluran Pada ngopi ....ada live acustik keren,2022-04-27T22:14:19.083Z,ratna yuli,114812437518399310932,False,1,jv,2026-05-05T05:19:07.462096
ChZDSUhNMG9nS0VJQ0FnSURXN1p6OFZ3EAE,ChIJJ1hevMu5bi4RYXtoVUIpOk4,Coffee zak',indramayu,Nongkrong,4,"Wah...ok banget makanannya maknyos
Minuman juga lengkap, tempatnya nyaman fasilitasnya bagus, hanya ketika karaoke an sering terjadi suara gruwug- gruwug",2022-03-31T23:35:40.999Z,Sudirjo Dirjo,116341508263016468607,False,1,id,2026-05-05T05:19:07.462119
ChdDSUhNMG9nS0VJQ0FnSUNxLXItNWp3RRAB,ChIJT81tL_e_bi4Rdv2CbAoyOxI,D&G Cafe,indramayu,Nongkrong,5,"Tempat bagus, memuaskan, pelayanan cepat dan ramah. Cocok utk acara bersama teman, maupun bersama keluarga.",2021-06-04T12:10:24.998Z,Budi Aditya,101054148527390254853,True,0,id,2026-05-05T05:19:07.462186
ChZDSUhNMG9nS0VJQ0FnSURLaDR5QVZBEAE,ChIJT81tL_e_bi4Rdv2CbAoyOxI,D&G Cafe,indramayu,Nongkrong,3,Pelayanannya kurang,2021-05-18T03:29:49.627Z,irfan maulana,116459294107821900652,True,0,id,2026-05-05T05:19:07.462195
ChdDSUhNMG9nS0VJQ0FnSURLX0p6R3RBRRAB,ChIJT81tL_e_bi4Rdv2CbAoyOxI,D&G Cafe,indramayu,Nongkrong,3,Kemarin beli coffe latte..ternyata kemanisan .. Terlalu banyak sirup vanilla jd kopi ya ga terasa.. Hrsnya ditanyakan apakah mau less sugar,2021-05-04T12:00:03.813Z,CINTIA SARI,110079687534421520782,True,0,id,2026-05-05T05:19:07.462210
ChZDSUhNMG9nS0VJQ0FnSUR5aEttMFRREAE,ChIJT81tL_e_bi4Rdv2CbAoyOxI,D&G Cafe,indramayu,Nongkrong,5,Rasa restoran harga kaki lima mantap,2021-02-24T09:58:44.218Z,Try Kusnadi,112482923566833305249,False,0,id,2026-05-05T05:19:07.462218
ChdDSUhNMG9nS0VJQ0FnSUR5aFB5STZnRRAB,ChIJT81tL_e_bi4Rdv2CbAoyOxI,D&G Cafe,indramayu,Nongkrong,5,Sukses terus ya D&G coffee,2021-02-24T07:37:05.429Z,Toko Jamu Candi Timur Tengah,107706755090889594752,True,0,id,2026-05-05T05:19:07.462226
ChdDSUhNMG9nS0VJQ0FnSUR5aFBET3VBRRAB,ChIJT81tL_e_bi4Rdv2CbAoyOxI,D&G Cafe,indramayu,Nongkrong,5,pwnambahan menu baru siap GO 26 feb 2021 pizza istana pizza,2021-02-24T06:13:32.198Z,Candra Tegal,101579469523645684464,True,1,id,2026-05-05T05:19:07.462240
ChdDSUhNMG9nS0VJQ0FnSURTNnFpZ3BRRRAB,ChIJT81tL_e_bi4Rdv2CbAoyOxI,D&G Cafe,indramayu,Nongkrong,5,Makan enak ga bikin kantong kering,2020-12-21T15:38:49.498Z,Muhammad Marzuki,108687411917769086957,True,0,id,2026-05-05T05:19:07.462265
ChdDSUhNMG9nS0VJQ0FnSURjaHRUeTNBRRAB,ChIJT81tL_e_bi4Rdv2CbAoyOxI,D&G Cafe,indramayu,Nongkrong,5,D&G Sae Coffee tempat paling nyaman di kota Indramayu untuk nongkrong dan minum coffee bareng keluarga temen dan sahabat..OK👍👍,2020-06-08T12:55:41.243Z,Juwanda Cpm,113907967807348237197,False,2,id,2026-05-05T05:19:07.462279
ChdDSUhNMG9nS0VJQ0FnSURtaW82bTdnRRAB,ChIJJ1hevMu5bi4RYXtoVUIpOk4,Coffee zak',indramayu,Nongkrong,5,Bagus buat gaul ngopi enjoy tmpat nyantai,2022-01-24T17:03:08.923Z,Supri Yanto,114908738756458914596,True,1,id,2026-05-05T05:19:07.462302
ChdDSUhNMG9nS0VJQ0FnSURHZ3BIVG13RRAB,ChIJJ1hevMu5bi4RYXtoVUIpOk4,Coffee zak',indramayu,Nongkrong,5,Pas buat nyantai,2021-11-22T06:42:57.479Z,Iksan Sori,110698219137386229967,True,0,id,2026-05-05T05:19:07.462366
ChZDSUhNMG9nS0VJQ0FnSUQ2OTdMalRREAE,ChIJJ1hevMu5bi4RYXtoVUIpOk4,Coffee zak',indramayu,Nongkrong,5,"Harga terjangkau, makanan dan minumannya enak.",2021-10-14T14:42:54.855Z,Mulyadi Ahmad,107517582540278096506,True,1,id,2026-05-05T05:19:07.462433
Ci9DQUlRQUNvZENodHljRjlvT21OVmEwTkZNR1JNWTJSTlRuSlFRbDl5Y3pWWVoyYxAB,ChIJt63lr7m-bi4RPIxfsAcWbY0,D'plan Resto & Caffe,indramayu,Nongkrong,5,"muraaaaah bnget tapi rasanya enak
banyak pilihan tempat duduk nya
pasti balik lagi sih 🤍",2026-04-11T10:15:12.267Z,reva febry m,105828498660983173061,False,0,id,2026-05-05T05:19:07.462442
Ci9DQUlRQUNvZENodHljRjlvT25aT1ZuTTVTRjlXVVRGNGEzaDJRM3B3Y1ZCTFJFRRAB,ChIJt63lr7m-bi4RPIxfsAcWbY0,D'plan Resto & Caffe,indramayu,Nongkrong,5,"Tempatnya enak luas .
Makanan nya worth it
Mba2 kasirnya ramah ❤️",2026-04-11T10:13:11.384Z,Alya Caca,107730475348455250092,False,0,id,2026-05-05T05:19:07.462454
Ci9DQUlRQUNvZENodHljRjlvT2pacmNteFVhelZFY2xSMlJGTXlVR1prUVZOYVRHYxAB,ChIJt63lr7m-bi4RPIxfsAcWbY0,D'plan Resto & Caffe,indramayu,Nongkrong,5,"Recommend banget .
Makanan nya enak harga masih terjangkau.
Ramen nya enakkk",2026-04-09T12:07:09.013Z,Pengguna Google,100633440363817149766,False,0,id,2026-05-05T05:19:07.462463
Ci9DQUlRQUNvZENodHljRjlvT21Oc04weExWM1ozWjJaaFdteGlSbk55UnpneVJHYxAB,ChIJt63lr7m-bi4RPIxfsAcWbY0,D'plan Resto & Caffe,indramayu,Nongkrong,1,"komunikasinya buruk, order satu di input double, tanpa konfirmasi ulang pesenan. bad rekomendasi, jangan kesini dah sumpah",2026-04-04T14:57:34.093Z,Mahrajutu,102199802013233983712,True,0,id,2026-05-05T05:19:07.462486
Ci9DQUlRQUNvZENodHljRjlvT2xsc2FESmFSMDlhYjJSMlYzbHdjbUZ1UmxwTVZsRRAB,ChIJt63lr7m-bi4RPIxfsAcWbY0,D'plan Resto & Caffe,indramayu,Nongkrong,5,"Pertama kali makan disini rasanya puas atas rasa makanannya.

Pesan makanan ramen dan roti bakar, jujur rasa makanannya enak enak. Dan harganya terjangkau. Untuk tempatnya ada indor dan outdor.",2026-04-02T15:44:43.689Z,RihanaC,105967450335547932649,True,0,id,2026-05-05T05:19:07.462496
Ci9DQUlRQUNvZENodHljRjlvT2w5RFlYcHFTblkyVWxGWFMwZFdXbWw1YWtKSllVRRAB,ChIJt63lr7m-bi4RPIxfsAcWbY0,D'plan Resto & Caffe,indramayu,Nongkrong,5,"Pelayanannya ramah, harganya pun worth it ramah dikantong",2026-03-14T21:33:20.251Z,Fujianti Kholifah,107452325755150833102,False,0,id,2026-05-05T05:19:07.462513
ChZDSUhNMG9nS0VJQ0FnTURva3FmT2J3EAE,ChIJt63lr7m-bi4RPIxfsAcWbY0,D'plan Resto & Caffe,indramayu,Nongkrong,5,"mba2 kasirnya baik banget 🥰 ramah...
makanan nya enak semua. apalagi miget nya bikin candu 🥰🥰",2025-04-23T10:55:34.217Z,Veli Amelia,118065380832139105478,False,0,id,2026-05-05T05:19:07.462564
ChZDSUhNMG9nS0VJQ0FnTURvek9fbUJ3EAE,ChIJt63lr7m-bi4RPIxfsAcWbY0,D'plan Resto & Caffe,indramayu,Nongkrong,5,"the food is delicious, the service is good, the cashier is beautiful and friendly and the price is not too expensive😍😍",2025-04-22T14:20:52.402Z,Mumut Chimuts,104472114214391011091,False,0,en,2026-05-05T05:19:07.462576
ChZDSUhNMG9nS0VJQ0FnTURvekx1blBREAE,ChIJt63lr7m-bi4RPIxfsAcWbY0,D'plan Resto & Caffe,indramayu,Nongkrong,5,"tempatnya nyaman buat nyantai sama pasangan maupun keluarga,makanan jugaa enak"" buat harga juga worthit bangett,porsi makanan juga oke bgttt, pokonya besttt dehhh, pelayanannya juga ramah"" 🥰🥰🥰",2025-04-22T14:10:50.066Z,AGIS FRIANI,114969061671497668582,False,0,id,2026-05-05T05:19:07.462585
ChdDSUhNMG9nS0VJQ0FnTURvekwyYm5RRRAB,ChIJt63lr7m-bi4RPIxfsAcWbY0,D'plan Resto & Caffe,indramayu,Nongkrong,5,"tempatnya enak .
makanan nya juga worth it ♥️♥️♥️♥️♥️♥️",2025-04-22T13:59:58.877Z,Syerly Apriliani,101439034518547060381,False,0,id,2026-05-05T05:19:07.462594
ChdDSUhNMG9nS0VJQ0FnSUNfbzQtX21RRRAB,ChIJt63lr7m-bi4RPIxfsAcWbY0,D'plan Resto & Caffe,indramayu,Nongkrong,2,Panganan laka sing enak mambu batang batang tikus maning ayam me beli sekolah pelayanan sue pelayan lk sing tobrut,2025-01-18T17:32:35.970Z,Faisal Agam,112050520397184426490,False,0,id,2026-05-05T05:19:07.462610
ChdDSUhNMG9nS0VJQ0FnSURQcXFpVXNRRRAB,ChIJt63lr7m-bi4RPIxfsAcWbY0,D'plan Resto & Caffe,indramayu,Nongkrong,1,"pelayanan lama bgt pdhl sepi, baru dikabarin makanan sold pas udh nunggu sejam",2024-12-01T02:59:10.437Z,Naura Ginizar,103151708333947962577,False,0,id,2026-05-05T05:19:07.462621
ChdDSUhNMG9nS0VJQ0FnSUN3d0pqSnl3RRAB,ChIJSxs8hlW5bi4R07TXTDUXlZw,Kedai Rustic Indramayu,indramayu,Nongkrong,4,"Haii...guys buat anak anak remaja jaman now kalian bisa .nongkrong asik di caffe Rustic.youuu ajak keluarga saudara ,teman, pacar dan gebetan ....untuk nikmatin seafoodnya...lokasinya ga jauh  sekitar kota loh..Jl.Samsat lama Indramayu.",2025-08-06T14:39:12.988Z,riki ZLDcorolladx,101333642042542510946,False,1,id,2026-05-05T05:19:07.462636
ChZDSUhNMG9nS0VJQ0FnSURZbmRmOEdnEAE,ChIJSxs8hlW5bi4R07TXTDUXlZw,Kedai Rustic Indramayu,indramayu,Nongkrong,4,It's great all of it is good,2019-05-19T02:24:26.679Z,JustAPlaingamer,112306513191895367772,True,1,en,2026-05-05T05:19:07.462724
ChdDSUhNMG9nS0VJQ0FnSURZM0lHV3d3RRAB,ChIJSxs8hlW5bi4R07TXTDUXlZw,Kedai Rustic Indramayu,indramayu,Nongkrong,4,"mantap, kalo ada akustiknya lebih mantap lagi",2019-05-03T17:44:55.652Z,Kusnono MJ,103890863274004285590,True,0,id,2026-05-05T05:19:07.462733
ChZDSUhNMG9nS0VJQ0FnSUNZdE9IOVN3EAE,ChIJSxs8hlW5bi4R07TXTDUXlZw,Kedai Rustic Indramayu,indramayu,Nongkrong,5,Tempatnya nyaman dan ada studio musiknya...,2019-04-04T17:03:55.074Z,indra palus,116092580943556646584,False,1,id,2026-05-05T05:19:07.462744
ChdDSUhNMG9nS0VJQ0FnSURJMGRUeF93RRAB,ChIJSxs8hlW5bi4R07TXTDUXlZw,Kedai Rustic Indramayu,indramayu,Nongkrong,5,Nyaman tempatnya,2019-01-09T05:31:34.872Z,Kenangan Mantan,115992180143482948202,True,0,id,2026-05-05T05:19:07.462785
ChdDSUhNMG9nS0VJQ0FnSURjaHZDSmxRRRAB,ChIJT81tL_e_bi4Rdv2CbAoyOxI,D&G Cafe,indramayu,Nongkrong,5,Tempatnya cozi banget....pas buat nangkring....ajib banget....,2020-06-08T11:54:27.222Z,Oma TV Reborn “Omat Saja”,101669928137100895130,False,1,id,2026-05-05T05:19:07.462801
ChZDSUhNMG9nS0VJQ0FnSURjaHRETlRBEAE,ChIJT81tL_e_bi4Rdv2CbAoyOxI,D&G Cafe,indramayu,Nongkrong,5,Kopi nya tiada duanya,2020-06-08T11:45:17.617Z,didi permadi,100690092250502375917,True,2,ms,2026-05-05T05:19:07.462811
ChZDSUhNMG9nS0VJQ0FnSUNzdl9telR3EAE,ChIJT81tL_e_bi4Rdv2CbAoyOxI,D&G Cafe,indramayu,Nongkrong,5,Cocok buat tempat nongkrong,2020-02-19T13:56:50.235Z,Global central Abadi,114267295374202937139,True,1,id,2026-05-05T05:19:07.462827
Ci9DQUlRQUNvZENodHljRjlvT25sVmJYRldRVkp6ZFhOdVVHbzJXV0pHTURBdGVGRRAB,ChIJReaNFkK5bi4Rm5lpp2ppzY8,HOPESPACE Coffee & Eatery,indramayu,Nongkrong,5,"First time makan di hopespace, makanannya enak.. tempatnya nyaman bersih, untuk musholanya jg nyaman & bersih. Pelayanan waitersnya OK juaraa 👍👍",2026-04-30T15:53:11.506Z,Asri Yunita,105291986436220944388,False,0,id,2026-05-05T05:19:07.462852
Ci9DQUlRQUNvZENodHljRjlvT21sM1JWVkVSa3htT1V0R1drUm9iRkJOTFRVeFFuYxAB,ChIJReaNFkK5bi4Rm5lpp2ppzY8,HOPESPACE Coffee & Eatery,indramayu,Nongkrong,5,Kapan kapan kesitu lagi,2026-04-18T05:47:18.215Z,Nawin Ams,114329895948694794284,False,0,id,2026-05-05T05:19:07.462876
Ci9DQUlRQUNvZENodHljRjlvT2tWc05tSmhOREp6TjBadlZHSTBVRVZzYUd0dlVHYxAB,ChIJReaNFkK5bi4Rm5lpp2ppzY8,HOPESPACE Coffee & Eatery,indramayu,Nongkrong,5,tempatnya luas 👍🏻👍🏻,2026-04-07T14:48:10.858Z,Nurameyliah,111713864153463614767,True,0,id,2026-05-05T05:19:07.462890
Ci9DQUlRQUNvZENodHljRjlvT2pkQ2JWRlJTRGx0UzJGWWIyVnVUVU4xWkdoeWJuYxAB,ChIJReaNFkK5bi4Rm5lpp2ppzY8,HOPESPACE Coffee & Eatery,indramayu,Nongkrong,5,"Tempat nyaman.
Harga bersahabat",2026-04-06T11:19:15.649Z,Alex belex bae,112758188663504755009,True,0,id,2026-05-05T05:19:07.462899
Ci9DQUlRQUNvZENodHljRjlvT2tGNlh6WkRSVmRHV1dWTlJscG5TMVZPUlV0UVQwRRAB,ChIJReaNFkK5bi4Rm5lpp2ppzY8,HOPESPACE Coffee & Eatery,indramayu,Nongkrong,5,"Suasana menyenangkan untuk bawa anak² makan disini, karena ada playgroundnya.",2026-04-02T16:26:25.143Z,Bagus Arief,115441632362925769300,True,0,id,2026-05-05T05:19:07.462907
Ci9DQUlRQUNvZENodHljRjlvT21KTUxUSTRSR3hHWW5OeWVuZEZNVlZYUVRoSmIzYxAB,ChIJReaNFkK5bi4Rm5lpp2ppzY8,HOPESPACE Coffee & Eatery,indramayu,Nongkrong,4,Space parkir luas dan makanan bervariasi cocok untuk hang out dgn kawan2👍👍👍,2026-03-31T18:20:13.196Z,Subari 70,108748469616779826713,True,0,id,2026-05-05T05:19:07.462918
Ci9DQUlRQUNvZENodHljRjlvT2xGWGJtMUthbk0xVVhRdE0ySjNObWhCVUcxUVVXYxAB,ChIJReaNFkK5bi4Rm5lpp2ppzY8,HOPESPACE Coffee & Eatery,indramayu,Nongkrong,5,"Makanannya enak, pelayanan sangat baik, harga affordable banget pas buat di kantong, tempatnya asik banget buat di indramayu, sangat rekomended buat jadiin venue acara apapun, sukses terus hopespace coffee and team",2026-03-24T12:27:06.559Z,Ifan Fadhil,100389971133791063013,True,0,id,2026-05-05T05:19:07.462933
Ci9DQUlRQUNvZENodHljRjlvT205WlRrWnpNVE5tVFVZM1MzZERTMGhyVmpONlozYxAB,ChIJReaNFkK5bi4Rm5lpp2ppzY8,HOPESPACE Coffee & Eatery,indramayu,Nongkrong,2,"Kesel gemes gak beretika pula pelayanannya, bahkan hal yg dasarpun harus diminta (seperti tissue), makanan datang lama syekalee bahkan disuruh nunggu ampe sejam minimal 😒, dewasa badmood yang bawa bocil ngereognya kaya apa karna dah lapar 😑 dah gitu makanan/minuman yang kosong tu di tutup ke / di coret gitu, mending yang kosong 1 / 2 lahh ini hampir smua 😅, lucu amat tutup jam 11 malam, jam 7 malam dah pada kosong 🙄, lagi makan tetiba disuruh bayar sopan gak sii 🤔",2026-03-23T13:34:12.797Z,wina azkaa,111701520489746024715,False,0,id,2026-05-05T05:19:07.462948
Ci9DQUlRQUNvZENodHljRjlvT2xOZlUzWjBieloxYVc5Zk0zb3dXSEZzU0MxeldHYxAB,ChIJReaNFkK5bi4Rm5lpp2ppzY8,HOPESPACE Coffee & Eatery,indramayu,Nongkrong,2,"Honestly, this is my first time coming here and my order is taking so long. They said the minimum wait time is 1 hour… what?! OMG, that’s so crazy, bro 😌",2026-03-23T12:54:24.702Z,arifin janah,113231643539743693585,False,0,en,2026-05-05T05:19:07.462957
Ci9DQUlRQUNvZENodHljRjlvT2taUFRHOTNZWGg0YUZsTk5IWkpkbXhMYmxoaWFrRRAB,ChIJReaNFkK5bi4Rm5lpp2ppzY8,HOPESPACE Coffee & Eatery,indramayu,Nongkrong,1,none of the food were good at all… the place was ok but so hot ://,2026-03-23T08:03:37.944Z,yarina ainun nufus,102623659125334107882,False,0,en,2026-05-05T05:19:07.462965
Ci9DQUlRQUNvZENodHljRjlvT2tZemQwbHNWRFYwUVhGMWFHVk9URFl6WTIxaVJtYxAB,ChIJReaNFkK5bi4Rm5lpp2ppzY8,HOPESPACE Coffee & Eatery,indramayu,Nongkrong,2,"makanannya kurang asin,pelit seafood di nasgor",2026-03-18T19:16:35.270Z,olalashsh ola,103598456007599152255,False,0,id,2026-05-05T05:19:07.463006
ChdDSUhNMG9nS0VJQ0FnSUQ2bGRMdXhBRRAB,ChIJJ1hevMu5bi4RYXtoVUIpOk4,Coffee zak',indramayu,Nongkrong,5,Recommended tempat nyaman..,2021-10-06T08:54:45.642Z,ekay violet,110498461935813294017,False,0,id,2026-05-05T05:19:07.463022
ChZDSUhNMG9nS0VJQ0FnSURhaGNpSVBREAE,ChIJJ1hevMu5bi4RYXtoVUIpOk4,Coffee zak',indramayu,Nongkrong,5,Enak rasanya pas,2021-08-24T06:09:42.803Z,Belonksunday,113829470269042952872,True,0,id,2026-05-05T05:19:07.463077
ChZDSUhNMG9nS0VJQ0FnSUNhdmZxcUZBEAE,ChIJJ1hevMu5bi4RYXtoVUIpOk4,Coffee zak',indramayu,Nongkrong,5,Enak buat nongkrong santai...,2021-08-07T16:12:52.317Z,Santai aja _SR,106769467911330216659,False,0,id,2026-05-05T05:19:07.463101
ChZDSUhNMG9nS0VJQ0FnSURqNV9uak13EAE,ChIJt63lr7m-bi4RPIxfsAcWbY0,D'plan Resto & Caffe,indramayu,Nongkrong,5,"Tempat yang nyaman buat nongkrong,ngerjan tugas kuliah,dan berkumpul bareng orang orang terdekat",2024-05-09T12:07:31.508Z,Qinote_ TV,116582061733284006626,True,1,id,2026-05-05T05:19:07.463117
ChZDSUhNMG9nS0VJQ0FnSURqLVlTdmFnEAE,ChIJt63lr7m-bi4RPIxfsAcWbY0,D'plan Resto & Caffe,indramayu,Nongkrong,4,Pokoke muantul wakaji,2024-05-05T07:52:31.284Z,Biyan Keren,106976749074889721608,True,0,id,2026-05-05T05:19:07.463131
ChdDSUhNMG9nS0VJQ0FnSUREcE1iSGpBRRAB,ChIJt63lr7m-bi4RPIxfsAcWbY0,D'plan Resto & Caffe,indramayu,Nongkrong,4,"Mie cemek2nya enak
Pelayanan baik
Suasana kurang bagus",2024-04-05T19:49:46.124Z,mohammad natsir muin,112690939876407888228,True,0,id,2026-05-05T05:19:07.463141
ChZDSUhNMG9nS0VJQ0FnSUM5Xy1qV1hREAE,ChIJt63lr7m-bi4RPIxfsAcWbY0,D'plan Resto & Caffe,indramayu,Nongkrong,4,"Awal agak kaget kerna parkir masuk ke dalam cafe resto, menu² nya beragam dan masuk kantong pelajar juga, ada outdoor dan indoor AC. Pelayanannya agak dicepetin saja ya... yg lainnya sudah oke bagus recomended...",2024-03-11T20:54:41.522Z,Fety Aurora,117198358874792651897,True,1,id,2026-05-05T05:19:07.463157
ChZDSUhNMG9nS0VJQ0FnSUMxNExPNmF3EAE,ChIJt63lr7m-bi4RPIxfsAcWbY0,D'plan Resto & Caffe,indramayu,Nongkrong,5,"Tempatnya luas. Enak buat ngadain event.
Makanan dan minuman nya wort it sih menurut aku.
Sukses buat D'plan 😍😍",2023-12-20T14:36:49.180Z,Apriliana Nurhabibah18,108950639407162516172,False,0,id,2026-05-05T05:19:07.463173
ChZDSUhNMG9nS0VJQ0FnSUMxd0pqNFZREAE,ChIJt63lr7m-bi4RPIxfsAcWbY0,D'plan Resto & Caffe,indramayu,Nongkrong,2,"Cafe tp makanan nya ke makanan pinggir jalan,untuk harga segitu tp keliatan  asal bgt soal makanan nya ga mementingkan kualitas makanan,pernah beli jus alpukat tapi rasa bawang uda beberapa kali di kecewakan karena makanan nya😞",2023-12-20T04:19:16.704Z,Georgia riecta,114476292705760209796,False,0,id,2026-05-05T05:19:07.463181
ChdDSUhNMG9nS0VJQ0FnSUR4ckxLdF9RRRAB,ChIJt63lr7m-bi4RPIxfsAcWbY0,D'plan Resto & Caffe,indramayu,Nongkrong,5,"Makanannya murah, terjangku dan enak",2023-06-03T11:12:04.830Z,Muchamad Rizky Purwanto,104930879128349887111,False,0,id,2026-05-05T05:19:07.463190
ChZDSUhNMG9nS0VJQ0FnSURSell1N1lREAE,ChIJt63lr7m-bi4RPIxfsAcWbY0,D'plan Resto & Caffe,indramayu,Nongkrong,5,"Tempatnya nyaman untuk bersantai, pelayanan ramah dan makanan lumayan👍😍",2023-05-01T07:56:15.143Z,Aan Bae,108716703011717880547,True,1,id,2026-05-05T05:19:07.463213
ChdDSUhNMG9nS0VJQ0FnSUNSNThEeXFnRRAB,ChIJt63lr7m-bi4RPIxfsAcWbY0,D'plan Resto & Caffe,indramayu,Nongkrong,5,"Rekomendasi tempat untuk bukber, nugas, kumpul bareng temen",2023-04-12T11:06:08.235Z,Ade Riski,116625803410454255594,True,0,id,2026-05-05T05:19:07.463223
ChdDSUhNMG9nS0VJQ0FnSUNSbkllemhBRRAB,ChIJt63lr7m-bi4RPIxfsAcWbY0,D'plan Resto & Caffe,indramayu,Nongkrong,5,Bestttt banget makanan nya 💜💜,2023-03-27T16:00:03.814Z,Desi Permatasari,103239754129264361176,False,0,id,2026-05-05T05:19:07.463239
ChdDSUhNMG9nS0VJQ0FnSUNSblB2TnpBRRAB,ChIJt63lr7m-bi4RPIxfsAcWbY0,D'plan Resto & Caffe,indramayu,Nongkrong,5,"Tempat nya enak buat menggalau 😭😭
Pelayan nya ramah2.wort it sih menurut aku ❤️",2023-03-27T15:58:01.339Z,Fikha Gusni,117277016748176685166,False,0,id,2026-05-05T05:19:07.463248
ChdDSUhNMG9nS0VJQ0FnSUNSbkx1N19BRRAB,ChIJt63lr7m-bi4RPIxfsAcWbY0,D'plan Resto & Caffe,indramayu,Nongkrong,5,"Makanan nya enaaakk banget asliii 😭😭
Paling best seller chicken wings 🔥🔥",2023-03-27T15:56:35.279Z,Yani Aryanti,114676312949726378339,False,0,id,2026-05-05T05:19:07.463259
ChZDSUhNMG9nS0VJQ0FnSUNSbkx1Z2NBEAE,ChIJt63lr7m-bi4RPIxfsAcWbY0,D'plan Resto & Caffe,indramayu,Nongkrong,5,"Overall best sih ♥️
Makanan nya enak",2023-03-27T15:55:08.414Z,Riyo Adriyagih,105202945298055315626,False,0,id,2026-05-05T05:19:07.463271
ChZDSUhNMG9nS0VJQ0FnSURocC15RUt3EAE,ChIJt63lr7m-bi4RPIxfsAcWbY0,D'plan Resto & Caffe,indramayu,Nongkrong,4,"Lumayan buat nongkrong dan ngerjain tugas, harganya masih terbilang terjangkau",2023-03-19T13:32:06.088Z,Maula Review,115089722842498603186,True,0,id,2026-05-05T05:19:07.463282
ChdDSUhNMG9nS0VJQ0FnSUNvMmN6UTRnRRAB,ChIJSxs8hlW5bi4R07TXTDUXlZw,Kedai Rustic Indramayu,indramayu,Nongkrong,4,My experience visit to Kedai rustic is good costumer service care and fastcare,2018-11-09T14:32:27.550Z,tegarrizal official,108127952990214903834,False,1,en,2026-05-05T05:19:07.463319
ChdDSUhNMG9nS0VJQ0FnSUNncnNDS3R3RRAB,ChIJSxs8hlW5bi4R07TXTDUXlZw,Kedai Rustic Indramayu,indramayu,Nongkrong,5,cozy place to hang out with Fellas..,2018-07-17T05:47:48.589Z,Gilang Rizki Kautsar,108014776414714048281,True,1,en,2026-05-05T05:19:07.463387
ChZDSUhNMG9nS0VJQ0FnSURRbjhpbFZREAE,ChIJSxs8hlW5bi4R07TXTDUXlZw,Kedai Rustic Indramayu,indramayu,Nongkrong,5,"So far gue jatuh cinta banget sama pan cake with green tea chocolate dari kedai rustic ini.  Pan cake terlembut yang pernh gue makan. Selain emang makanannya yang enak, tempatnya nyaman. Cocoklah kalo buat ajak gebetan atau ajak temen hang out kesini. Kiu lah cobain",2018-07-12T16:38:21.960Z,Anggita Nanda,111131238091653457461,True,0,id,2026-05-05T05:19:07.463403
ChZDSUhNMG9nS0VJQ0FnSURRZ04tS2JnEAE,ChIJSxs8hlW5bi4R07TXTDUXlZw,Kedai Rustic Indramayu,indramayu,Nongkrong,5,"Tempatnya sih enak, nyaman buat nongkrong, cuman sayangnya lahan parkir buat mobil terbatas.",2018-06-25T14:38:11.242Z,Yadi Suryadi,116700250861741707628,True,0,id,2026-05-05T05:19:07.463430
ChdDSUhNMG9nS0VJQ0FnSUN3NW9XYjRnRRAB,ChIJSxs8hlW5bi4R07TXTDUXlZw,Kedai Rustic Indramayu,indramayu,Nongkrong,5,"Tempatnya asik buat nongkrong.. Buat ngobrol n temu kangen sm temen2.. Menunya lengkap, ada menu utama dan cemal cemil.. Minumannya jg pilihannya banyakk.. Nice place 😁",2018-06-23T01:13:20.280Z,Icha SA,101109301894466505217,True,1,id,2026-05-05T05:19:07.463439
Ci9DQUlRQUNvZENodHljRjlvT2pCbFgwVTVURVJSYlhGZmVtTkhZVlJZUVZSMWNuYxAB,ChIJReaNFkK5bi4Rm5lpp2ppzY8,HOPESPACE Coffee & Eatery,indramayu,Nongkrong,5,Enak nyaman.makanan variatif,2026-02-03T02:08:14.835Z,Iman Sulaeman Firdaus,100386179350989370859,True,0,id,2026-05-05T05:19:07.463501
Ci9DQUlRQUNvZENodHljRjlvT21sVWFXSjRia0YxVHpjMVVYcGthR3hTV2taSFYyYxAB,ChIJReaNFkK5bi4Rm5lpp2ppzY8,HOPESPACE Coffee & Eatery,indramayu,Nongkrong,5,"aduh asik banget, masnya ramah bgt cuks, btw eniwe hasilnya sgt sgt keren rekomended boskuhhh",2026-01-30T09:31:07.395Z,nessa nessa,104963741346161965240,False,0,id,2026-05-05T05:19:07.463510
Ci9DQUlRQUNvZENodHljRjlvT21WS1NqY3dObEZRYmxjMFpIZEhkM1prUmxCRE4wRRAB,ChIJReaNFkK5bi4Rm5lpp2ppzY8,HOPESPACE Coffee & Eatery,indramayu,Nongkrong,5,"Tempat luas bisa indoor maupun outdoor, waktu itu kesana udah aga malem, banyak yang udah sold menunya, bisa nobar bola sama nonton live music juga, makanan oke",2026-01-13T08:16:04.503Z,Nurul Andarwati,110362150769460143983,True,0,id,2026-05-05T05:19:07.463559
Ci9DQUlRQUNvZENodHljRjlvT25Zd1VVcEhWRVZzVlc1aFUwZERZazFrVUdGSU4zYxAB,ChIJReaNFkK5bi4Rm5lpp2ppzY8,HOPESPACE Coffee & Eatery,indramayu,Nongkrong,5,"Enak, mantap, harga terjangkau",2026-01-08T14:25:34.494Z,Jesaya Soekamto,108073853971200226610,True,0,id,2026-05-05T05:19:07.463575
Ci9DQUlRQUNvZENodHljRjlvT21sdGQxTmtOVmsyZDNoWmFHVlZiRTF2VlVwS1YxRRAB,ChIJReaNFkK5bi4Rm5lpp2ppzY8,HOPESPACE Coffee & Eatery,indramayu,Nongkrong,5,Tempat di mana kalau ngopi2 sama teman selalu di sini. Suasana adem dan tenang.,2026-01-03T11:06:10.138Z,Karyoni Amdkep,103107257124785336800,True,0,id,2026-05-05T05:19:07.463585
Ci9DQUlRQUNvZENodHljRjlvT2w5d1luRXpVMnQ0ZFdkUkxXbGZUVXRmVDNNNVNVRRAB,ChIJReaNFkK5bi4Rm5lpp2ppzY8,HOPESPACE Coffee & Eatery,indramayu,Nongkrong,5,Saya kira cafe ternyata makanan ya sangat proper. Vibes enak Dan ada live musicnya.,2025-12-21T02:02:06.960Z,Rifki Arbi,102161462505431401521,True,0,id,2026-05-05T05:19:07.463601
ChZDSUhNMG9nS0VJQ0FnSUNOMGRmTFBBEAE,ChIJReaNFkK5bi4Rm5lpp2ppzY8,HOPESPACE Coffee & Eatery,indramayu,Nongkrong,4,"Tempatnya luas, tersedia indoor dan ourdoor. Menunya bervariasi dg harga >20ribu. Kemarin puas dg nasi goreng original, kwetiaw, nasi goreng kambing, apple tea dan lychee tea. Tapi untuk spagheti dan cordon bleu nya kurang memuaskan semoga bs ditingkatkan lg kualitas rasanya.",2025-11-29T15:47:03.686Z,Aria Bela,101170624489381396544,True,0,id,2026-05-05T05:19:07.463639
Ci9DQUlRQUNvZENodHljRjlvT210SWNUZDBOMGRNZVc1Q1RXcFdWalpGV2pWMWMyYxAB,ChIJReaNFkK5bi4Rm5lpp2ppzY8,HOPESPACE Coffee & Eatery,indramayu,Nongkrong,1,"Pelayanan sangat buruk. Minuman disajikan terakhir ketika hidangan sudah selesai disantap. Waktu penyajian pun sangat lama. Dan soal rasa standar saja, bahkan kurang untuk sekelas resto. Suasana di siang hari di bagian outdoor sangat panas meskipun ada banyak kipas tetap saja gerahnya luar biasa.",2025-11-28T12:36:38.628Z,HBS Version,117638337262770628033,True,0,id,2026-05-05T05:19:07.463648
Ci9DQUlRQUNvZENodHljRjlvT21GS1V6bFVabXRTZEVSQmEySm9ZMUpSU1RsdExYYxAB,ChIJReaNFkK5bi4Rm5lpp2ppzY8,HOPESPACE Coffee & Eatery,indramayu,Nongkrong,1,"Makanan dan minuman ok, harga terjangkau, tempatnya luas.",2025-11-22T08:05:20.262Z,Andri Himawan,101179344599110015756,False,0,id,2026-05-05T05:19:07.463656
Ci9DQUlRQUNvZENodHljRjlvT2kxMlVURndhMDFoU0hwRE1HNVRWRmxmUlZGVlIyYxAB,ChIJReaNFkK5bi4Rm5lpp2ppzY8,HOPESPACE Coffee & Eatery,indramayu,Nongkrong,5,"Bagus, adem dan makanannya enak",2025-11-13T23:44:46.072Z,Ayu Erawati,116605775954836657283,True,0,id,2026-05-05T05:19:07.463671
Ci9DQUlRQUNvZENodHljRjlvT2pWMGR6Qk5iMWhaYXpsS1ZUVndabGR1Y3pNNFJtYxAB,ChIJReaNFkK5bi4Rm5lpp2ppzY8,HOPESPACE Coffee & Eatery,indramayu,Nongkrong,4,"Pas pertama gw masuk clear glass door.ke tempat itu gak nyaman sumpah gak ada etika sama sekali mereka.sudah depan kasir baru di tanya ( duduk dimana ???)... ya oke kita jawab...naik ke atas, orang yang jaga di atas
dia sopan,ramah, beretika bagus luar biasa makanan minuman enak 1 dari 10... 8 👍 oh iya ada lagi gw gemes lucu liat kutek kasirnya🥰🤣🤣🤣",2025-11-13T14:23:49.262Z,Joanna,114315156640064976788,True,0,id,2026-05-05T05:19:07.463680
Ci9DQUlRQUNvZENodHljRjlvT25Gell6Sm9VakpRWDB4RU1YSTBibmRCZEd3d1ZYYxAB,ChIJReaNFkK5bi4Rm5lpp2ppzY8,HOPESPACE Coffee & Eatery,indramayu,Nongkrong,5,Tempatnya nyaman dan numpang duduk sambil nikmati goreng pisang hopespace plus lemon tea ice sampai habis..,2025-11-09T06:12:15.103Z,Atoz Tosikin,106740427532360478329,True,0,id,2026-05-05T05:19:07.463694
Ci9DQUlRQUNvZENodHljRjlvT2pSb2FISmxOMDlqYnpGNlZVRnBkVU16WW1GalFWRRAB,ChIJReaNFkK5bi4Rm5lpp2ppzY8,HOPESPACE Coffee & Eatery,indramayu,Nongkrong,5,"Salah satu tempat yang nyaman dan baik di kota indramayu, cocok untuk makan malam, menikmati minuman sambil bekerja atau berkumpul bersama teman-teman.

Lokasi nya strategis karena berada di pinggir jalan raya, lalu disini ada dua lantai jadi tempat nya luas dan area parkir nya juga luas baik untuk mobil atau motor, pelayanan nya juga baik dan cepat.

Pilihan makanan dan minuman nya banyak dan beragam, lalu juga harga yang ditawarkan termasuk murah.",2025-10-23T09:12:54.396Z,Dani Rachmat S.K (Dani Rasuken),110312930998014227165,True,0,id,2026-05-05T05:19:07.463712
ChZDSUhNMG9nS0VJQ0FnSUNoNl9EVUp3EAE,ChIJt63lr7m-bi4RPIxfsAcWbY0,D'plan Resto & Caffe,indramayu,Nongkrong,1,"Overall bagus, cuman untuk segi pelayanan lama nunggu makanan",2023-02-22T14:40:23.271Z,Ajaja Ajiji,103040255151595736473,False,0,id,2026-05-05T05:19:07.463721
ChdDSUhNMG9nS0VJQ0FnSUQtak5HWTNnRRAB,ChIJt63lr7m-bi4RPIxfsAcWbY0,D'plan Resto & Caffe,indramayu,Nongkrong,3,"Meski tempatnya agak masuk ke dalam, tapi nyaman. Pilihan menu terbatas.
Oh iya, santai tanpa rokok, serasa kurang (just pilihan)",2022-11-22T23:00:02.890Z,kangmas bang,109252198378588808716,True,0,id,2026-05-05T05:19:07.463736
ChZDSUhNMG9nS0VJQ0FnSUMyMW9HV1dBEAE,ChIJt63lr7m-bi4RPIxfsAcWbY0,D'plan Resto & Caffe,indramayu,Nongkrong,3,Lantai 2 enak buat santai,2022-07-30T18:06:28.842Z,Andi Alid,108890692341733960446,True,0,id,2026-05-05T05:19:07.463779
ChZDSUhNMG9nS0VJQ0FnSURnNS1PcEJBEAE,ChIJSxs8hlW5bi4R07TXTDUXlZw,Kedai Rustic Indramayu,indramayu,Nongkrong,4,Harga murah meriah,2018-03-18T08:31:48.276Z,Gilang Pahlevi,112536380622544079013,False,0,id,2026-05-05T05:19:07.463823
ChdDSUhNMG9nS0VJQ0FnSUN3cDVtNnV3RRAB,ChIJSxs8hlW5bi4R07TXTDUXlZw,Kedai Rustic Indramayu,indramayu,Nongkrong,5,"Cozy place, free wifi, cheap price",2018-03-08T18:25:42.463Z,julian sabriany,106998283425659277940,False,0,en,2026-05-05T05:19:07.463843
ChZDSUhNMG9nS0VJQ0FnSUNjbnYyUkRBEAE,ChIJuV7_VE25bi4RCx36zqfCqd0,Waroeng Teras d'Nisa,indramayu,Nongkrong,5,Tempat yg sdikit santuy,2020-03-12T07:32:59.960Z,Abdul Rohman (Ang rohman),113441678881047431641,True,0,id,2026-05-05T05:19:07.463921
ChZDSUhNMG9nS0VJQ0FnSURza0szMUt3EAE,ChIJuV7_VE25bi4RCx36zqfCqd0,Waroeng Teras d'Nisa,indramayu,Nongkrong,4,Tempat kopsan dikota indramayu menu ringan dan berat... Lokasi strategis....,2020-02-21T01:17:33.475Z,Eka Priyatna,106980150444661016816,True,0,id,2026-05-05T05:19:07.463935
ChZDSUhNMG9nS0VJQ0FnSUNzdHY2MlhREAE,ChIJuV7_VE25bi4RCx36zqfCqd0,Waroeng Teras d'Nisa,indramayu,Nongkrong,5,Mantap pelayananya bagus rekomedasi lh buat nongkrong sama tmn .pacr atau klrga,2020-02-01T09:46:08.560Z,rail faisal,104838654212709184341,False,0,id,2026-05-05T05:19:07.463942
ChZDSUhNMG9nS0VJQ0FnSUMwbWNleEpREAE,ChIJuV7_VE25bi4RCx36zqfCqd0,Waroeng Teras d'Nisa,indramayu,Nongkrong,5,Tempat nya nyaman,2019-10-02T15:39:02.566Z,Dea Helmias,117870990223980829774,False,0,id,2026-05-05T05:19:07.463959
ChZDSUhNMG9nS0VJQ0FnSURVMU42M0t3EAE,ChIJuV7_VE25bi4RCx36zqfCqd0,Waroeng Teras d'Nisa,indramayu,Nongkrong,4,"Warung yang nyaman untuk dikunjungi, dapat dilihat dari dua arah",2019-08-15T11:23:32.008Z,Cicih R,113117014727871498453,True,0,id,2026-05-05T05:19:07.463981
ChZDSUhNMG9nS0VJQ0FnSUNVOVBXRUZREAE,ChIJuV7_VE25bi4RCx36zqfCqd0,Waroeng Teras d'Nisa,indramayu,Nongkrong,5,"Cafe di tengah kota, dekat jalan raya. Dan dnisa ada hotel",2019-07-19T14:10:12.731Z,Juan Di,101892267829395095747,True,0,id,2026-05-05T05:19:07.464005
ChZDSUhNMG9nS0VJQ0FnSURrdGN6WUt3EAE,ChIJuV7_VE25bi4RCx36zqfCqd0,Waroeng Teras d'Nisa,indramayu,Nongkrong,5,Bagus dan bersih,2019-07-03T04:16:38.266Z,Hendar Abas,112468131876593544633,False,0,id,2026-05-05T05:19:07.464013
ChdDSUhNMG9nS0VJQ0FnSURZdnR1NzBRRRAB,ChIJuV7_VE25bi4RCx36zqfCqd0,Waroeng Teras d'Nisa,indramayu,Nongkrong,5,Tempat nongkrong asik,2019-05-14T05:49:59.933Z,wahyoe leglog,115013995903008250792,True,0,id,2026-05-05T05:19:07.464034
ChdDSUhNMG9nS0VJQ0FnSUNJbzRXRmxnRRAB,ChIJuV7_VE25bi4RCx36zqfCqd0,Waroeng Teras d'Nisa,indramayu,Nongkrong,1,"Penyajian terlalu lama, komplain karena ada rambut di pesanan latte...kirain diganti baru ternyata cuma diambil saja rambutnya, bisanya saya tahu karna lattenya tidak panas lg. Tempat yg sangat tidak recommended",2018-12-04T14:35:35.433Z,Didi Plong,115572362143388349092,True,0,id,2026-05-05T05:19:07.464056
ChZDSUhNMG9nS0VJQ0FnSUR3Z0lUb1dREAE,ChIJuV7_VE25bi4RCx36zqfCqd0,Waroeng Teras d'Nisa,indramayu,Nongkrong,3,Tempat nya dekat dengan pasar indramayu. Sport center. Koam renang. Dan tempat jajanan kota indramayu. Banyak menu yg di sajikan. Lengkap dengan penginapan.,2018-10-18T03:23:29.279Z,Dodi Rosy Ido,105183443794026318766,False,0,id,2026-05-05T05:19:07.464080
ChZDSUhNMG9nS0VJQ0FnSURneTdlQ1F3EAE,ChIJuV7_VE25bi4RCx36zqfCqd0,Waroeng Teras d'Nisa,indramayu,Nongkrong,4,Agak mahal tapi enak,2018-09-15T13:35:22.870Z,Bambang dinda sanjaya,100397991984814324212,True,0,id,2026-05-05T05:19:07.464096
ChdDSUhNMG9nS0VJQ0FnSUNRaFlUbm53RRAB,ChIJuV7_VE25bi4RCx36zqfCqd0,Waroeng Teras d'Nisa,indramayu,Nongkrong,4,"Asik buat nongkrong, menunya variatif, kalau malming biasanya ada live akustik",2018-08-28T15:21:37.048Z,risakempot,112738176635939416937,True,0,id,2026-05-05T05:19:07.464105
ChdDSUhNMG9nS0VJQ0FnSUN3OVBicXpnRRAB,ChIJuV7_VE25bi4RCx36zqfCqd0,Waroeng Teras d'Nisa,indramayu,Nongkrong,5,"Nongkring"" disini aja enak.. colek doni",2018-07-25T10:44:23.801Z,Ratu Shanum Official,112819942579690914021,True,0,id,2026-05-05T05:19:07.464121
ChdDSUhNMG9nS0VJQ0FnSUNncjdIM25RRRAB,ChIJuV7_VE25bi4RCx36zqfCqd0,Waroeng Teras d'Nisa,indramayu,Nongkrong,5,"Recomended place, pelayanan bagus",2018-06-14T16:36:07.343Z,Fahmy Tias Karviga,115339105921584627474,True,0,id,2026-05-05T05:19:07.464147
ChdDSUhNMG9nS0VJQ0FnSUN3bWVXV21RRRAB,ChIJuV7_VE25bi4RCx36zqfCqd0,Waroeng Teras d'Nisa,indramayu,Nongkrong,4,Good place for hang out with friends,2017-12-25T22:06:28.249Z,Indra Haryono,106794936955132373320,True,0,en,2026-05-05T05:19:07.464155
ChZDSUhNMG9nS0VJQ0FnSUNBbE8yQkZnEAE,ChIJuV7_VE25bi4RCx36zqfCqd0,Waroeng Teras d'Nisa,indramayu,Nongkrong,5,Nyaman juga untuk santai-santai dan berkumpul,2017-06-20T18:50:43.366Z,Fraditya Saputra,109547894714077631895,True,0,id,2026-05-05T05:19:07.464163
Ci9DQUlRQUNvZENodHljRjlvT2paWmVsRldjVFZrYVZwaUxVWjBTek5FUkhjeFYxRRAB,ChIJX0LxqUi5bi4RowbdTfDJVns,Kopi Kenangan - Ruko DI Panjaitan Indramayu,indramayu,Nongkrong,5,Mantap cocok buat nongkrong,2026-05-04T08:25:14.232Z,Malik 1928,109998577965395982223,False,0,id,2026-05-05T05:19:07.464171
Ci9DQUlRQUNvZENodHljRjlvT2xWMGJrdGtMVnBwUnpWNmNHVmxSRFI0UW1sck9HYxAB,ChIJX0LxqUi5bi4RowbdTfDJVns,Kopi Kenangan - Ruko DI Panjaitan Indramayu,indramayu,Nongkrong,5,"Big Applause for store manager and barista barista in indramayu, im interested to buy coffee in this place. If you want to buy hot latte with bali kintamani beans, i rlly recommend this place",2026-04-30T20:54:55.710Z,assasin esport,111644987750321556083,False,0,en,2026-05-05T05:19:07.464193
Ci9DQUlRQUNvZENodHljRjlvT21sbFUxbEhRMTkxUkhkMFVreGFSakJHVm10aGMwRRAB,ChIJX0LxqUi5bi4RowbdTfDJVns,Kopi Kenangan - Ruko DI Panjaitan Indramayu,indramayu,Nongkrong,5,"best kopken place ever, cant wait to open another store at indramayu",2026-04-30T20:52:59.714Z,Kevan Christian,106554419962488786241,False,0,en,2026-05-05T05:19:07.464201
Ci9DQUlRQUNvZENodHljRjlvT2pCRVIwdHlXbXBoY2xsU2ExUnRaQzF3VkRScE4yYxAB,ChIJX0LxqUi5bi4RowbdTfDJVns,Kopi Kenangan - Ruko DI Panjaitan Indramayu,indramayu,Nongkrong,5,"Mantap, karyawanya ramah dan baik semua, ngelayaninya juga cepet",2026-04-30T15:39:36.688Z,muhammmad ilham,110210437304058501033,False,0,id,2026-05-05T05:19:07.464215
Ci9DQUlRQUNvZENodHljRjlvT2pZNVQwUnNTVVZRU3pWQ2RrMVVZa04zZFRsMWFuYxAB,ChIJX0LxqUi5bi4RowbdTfDJVns,Kopi Kenangan - Ruko DI Panjaitan Indramayu,indramayu,Nongkrong,5,"Rasa bintang 5, tempat nyaman, pelayan ok.",2026-04-30T12:46:45.237Z,Adam,108036467808821653171,False,0,id,2026-05-05T05:19:07.464223
Ci9DQUlRQUNvZENodHljRjlvT2tnd1JYUXpRWFl3Y0VWSmMzZHRXRkJxTjNZNE1GRRAB,ChIJX0LxqUi5bi4RowbdTfDJVns,Kopi Kenangan - Ruko DI Panjaitan Indramayu,indramayu,Nongkrong,5,"Pelayanan nya bagus, tempat kopinya juga okee",2026-04-30T11:15:32.647Z,Fadli Rahman,110934879650794057540,False,0,id,2026-05-05T05:19:07.464231
Ci9DQUlRQUNvZENodHljRjlvT2xSalkwdHpjVmhzU2pOUFp6VjNVR056ZHpRMlJXYxAB,ChIJX0LxqUi5bi4RowbdTfDJVns,Kopi Kenangan - Ruko DI Panjaitan Indramayu,indramayu,Nongkrong,5,Tempat ngopi yg nyaman di Indramayu,2026-04-30T11:01:02.968Z,MASRUR AZZARKASY,115841714654864887100,False,0,id,2026-05-05T05:19:07.464248
Ci9DQUlRQUNvZENodHljRjlvT25wWE9HaG1la0pVUW1NNFJUaHNjMEpsYzB0U1pIYxAB,ChIJX0LxqUi5bi4RowbdTfDJVns,Kopi Kenangan - Ruko DI Panjaitan Indramayu,indramayu,Nongkrong,5,Sangat rekomendasi ya teman teman,2026-04-30T10:52:21.535Z,Asep Yuskadi,115864706011050212831,False,0,id,2026-05-05T05:19:07.464259
Ci9DQUlRQUNvZENodHljRjlvT2pJMmNHOWhhMXBJWTNNMlFtbFVXRTgzT1hkZlFrRRAB,ChIJX0LxqUi5bi4RowbdTfDJVns,Kopi Kenangan - Ruko DI Panjaitan Indramayu,indramayu,Nongkrong,5,Kopi kenangan emang selalu bikin kenangan apalagi di outlet Indramayu the best poko nya,2026-04-30T10:25:13.686Z,Alif Akbar,115030275207551646580,False,0,id,2026-05-05T05:19:07.464286
Ci9DQUlRQUNvZENodHljRjlvT21jMVkzVXRWRm80UjA1NWFIcEpkbVJDZWw5d1kzYxAB,ChIJX0LxqUi5bi4RowbdTfDJVns,Kopi Kenangan - Ruko DI Panjaitan Indramayu,indramayu,Nongkrong,5,Kopi shop ter the best👍,2026-04-30T10:11:09.226Z,yasara,117507624610721265468,False,0,id,2026-05-05T05:19:07.464294
Ci9DQUlRQUNvZENodHljRjlvT25ad1YyUnhRMnd3Y1hWS1RXaFNibTFUYmsxWVlrRRAB,ChIJX0LxqUi5bi4RowbdTfDJVns,Kopi Kenangan - Ruko DI Panjaitan Indramayu,indramayu,Nongkrong,5,"Tempatnya bikin nyaman,, pelayanan pun sangat ramah sekali",2026-04-30T10:03:35.600Z,Dian Sary,111162635972953957336,False,0,id,2026-05-05T05:19:07.464308
Ci9DQUlRQUNvZENodHljRjlvT2xneU56WjNibmx4TTJkbGIzWnVORTUzV0hFeVRtYxAB,ChIJX0LxqUi5bi4RowbdTfDJVns,Kopi Kenangan - Ruko DI Panjaitan Indramayu,indramayu,Nongkrong,5,Harga dan tempat sesuai kualitas good,2026-04-30T09:44:34.405Z,Feninda Priyanti,104519950512521212094,False,0,id,2026-05-05T05:19:07.464323
Ci9DQUlRQUNvZENodHljRjlvT2pSRGQxQjRXWEZHZGpCaFFuZFRNSGxUV2pOTFozYxAB,ChIJX0LxqUi5bi4RowbdTfDJVns,Kopi Kenangan - Ruko DI Panjaitan Indramayu,indramayu,Nongkrong,5,"Tempat nyaman, luas, kopi enakkk😍😍",2026-04-30T09:07:06.255Z,Yunita Mukharomah,105806188006604592922,False,0,id,2026-05-05T05:19:07.464330
Ci9DQUlRQUNvZENodHljRjlvT2pKcWQwWTJWR3cxYWxKaFVXTmhVR3gwVTJkUlIxRRAB,ChIJX0LxqUi5bi4RowbdTfDJVns,Kopi Kenangan - Ruko DI Panjaitan Indramayu,indramayu,Nongkrong,5,"Untuk tempatnya lumayan bagus dan enak buat ngopi² santuy, staffnya juga ramah² bgt",2026-04-30T08:43:55.476Z,Hana Hanoy,113436276524297853220,False,0,id,2026-05-05T05:19:07.464345
Ci9DQUlRQUNvZENodHljRjlvT21OT2NrdHNUV3BLYld0NVZHTk1iMmczUldoaFNrRRAB,ChIJX0LxqUi5bi4RowbdTfDJVns,Kopi Kenangan - Ruko DI Panjaitan Indramayu,indramayu,Nongkrong,5,"Tempatnya nyaman , strategis banget. Staffnya ramah. Pokoknya harus banget balik lagi ke sini .",2026-04-30T08:43:08.957Z,Dede Purwanti,116684748034452260404,False,0,id,2026-05-05T05:19:07.464353
Ci9DQUlRQUNvZENodHljRjlvT25sc05ubGhPV1Z4YVVOTFlYVnNabEJqUjJoaVFVRRAB,ChIJX0LxqUi5bi4RowbdTfDJVns,Kopi Kenangan - Ruko DI Panjaitan Indramayu,indramayu,Nongkrong,5,tempat nya bagus nyaman,2026-04-30T08:20:40.582Z,Daffa Mahesa,106421116660034513249,False,0,id,2026-05-05T05:19:07.464368
Ci9DQUlRQUNvZENodHljRjlvT2toaVExVjZhVlp2VGt4aVRWOUtjRVI0Wms1b1IxRRAB,ChIJX0LxqUi5bi4RowbdTfDJVns,Kopi Kenangan - Ruko DI Panjaitan Indramayu,indramayu,Nongkrong,5,"aa aa barista nya ramah bgt, pelayanan nya juga bagus, pernah ketinggalan tas isinya duit disitu terus di simpen dan dikembalikan sama aa atif",2026-04-30T07:58:37.195Z,IMAM BUCHORY,104768039905213148070,False,0,id,2026-05-05T05:19:07.464379
Ci9DQUlRQUNvZENodHljRjlvT25FMExXOVVORUpuYVZCV1dEYzBPV3hRVEVKMk0wRRAB,ChIJX0LxqUi5bi4RowbdTfDJVns,Kopi Kenangan - Ruko DI Panjaitan Indramayu,indramayu,Nongkrong,5,best bangett kalo kesnii luas tempatnya ademm,2026-04-30T07:49:28.536Z,Shafa kly,102041581505545457172,False,0,id,2026-05-05T05:19:07.464387
Ci9DQUlRQUNvZENodHljRjlvT21Gc1dtcFhiME5uTVdoc1JYZHRPVmgwVDFnM1ZWRRAB,ChIJX0LxqUi5bi4RowbdTfDJVns,Kopi Kenangan - Ruko DI Panjaitan Indramayu,indramayu,Nongkrong,5,tempat yg nyaman,2026-04-30T07:43:27.394Z,Dimas Saputra,113481401667617035693,False,0,id,2026-05-05T05:19:07.464409
Ci9DQUlRQUNvZENodHljRjlvT2s1bWNYQndXREozTldkRVVISllZa05pYkVaV1NuYxAB,ChIJX0LxqUi5bi4RowbdTfDJVns,Kopi Kenangan - Ruko DI Panjaitan Indramayu,indramayu,Nongkrong,5,Pas dan nyaman di perut,2026-04-30T07:29:22.345Z,Abdul wahid Asyari,111837709371137143566,False,0,id,2026-05-05T05:19:07.464424
Ci9DQUlRQUNvZENodHljRjlvT25kU1ZFSjJTVUpUVTJkdU9TMVBOMUZDWDAxM1duYxAB,ChIJX0LxqUi5bi4RowbdTfDJVns,Kopi Kenangan - Ruko DI Panjaitan Indramayu,indramayu,Nongkrong,5,cocok buat nongkrong,2026-04-30T06:31:36.420Z,Tecno Tecno,113062388852668606604,False,0,id,2026-05-05T05:19:07.464439
Ci9DQUlRQUNvZENodHljRjlvT2pKSVZFVmZhamRyVVRkUlFVcGhOVkYwZFdWVVVYYxAB,ChIJX0LxqUi5bi4RowbdTfDJVns,Kopi Kenangan - Ruko DI Panjaitan Indramayu,indramayu,Nongkrong,5,Tooopppp 👍🏻👍🏻👍🏻👍🏻👍🏻,2026-04-30T04:36:35.468Z,Dicky Laksmana,106831448088086058485,False,0,no,2026-05-05T05:19:07.464460
Ci9DQUlRQUNvZENodHljRjlvT20xeGRVSnRkVFJUWjFSaVRrVjFORGRtYzJwWE4wRRAB,ChIJuSsdwaTHbi4RPHoaVpNB7GI,KOZI Coffee Jatibarang,indramayu,Nongkrong,5,"KOZI Coffee never misses, everything’s so good👍🏻 and the place is super aesthetic n cozy✨",2026-04-28T14:00:13.550Z,Hikmah Nur Azizah,108620949558242274834,False,0,en,2026-05-05T05:19:07.464482
Ci9DQUlRQUNvZENodHljRjlvT2pWTU5EaGhNWHAyWjNwZk1VUnZSSFZzZUdkT1psRRAB,ChIJuSsdwaTHbi4RPHoaVpNB7GI,KOZI Coffee Jatibarang,indramayu,Nongkrong,5,"Jatibarangで、素晴らしいコーヒーとそれ以上に素晴らしい「人の温かさ」に出会えました。
​コーヒーの味はもちろん、店内の雰囲気も良く、非常に居心地の良い場所です。
何より感動したのは、スタッフの誠実な対応です。店にチャージャーを忘れてしまった際も、非常に親切に、そして確実に対応してくれました。旅先での不測の事態に、これほど真摯に助けてくれる店があることに心から感謝しています。
​清潔で、接客も心地よく、Jatibarangを訪れるなら必ず立ち寄るべき場所です。テリマカシ！",2026-04-17T07:17:11.100Z,Satoshi k,108026872420379196763,True,0,ja,2026-05-05T05:19:07.464510
Ci9DQUlRQUNvZENodHljRjlvT2pkRlJtUllkMGt0UWtwVVUzbHdaVkpZWWpWRWVWRRAB,ChIJuSsdwaTHbi4RPHoaVpNB7GI,KOZI Coffee Jatibarang,indramayu,Nongkrong,3,"kalau niatnya buat nongkrong oke, tapi kalau buat makan waduh lama datangnya makanannya, nunggu nya gak sebanding sama rasa makanannya.",2026-04-06T11:38:21.190Z,Ananda Baihaqi,107841630237552025952,True,0,id,2026-05-05T05:19:07.464531
Ci9DQUlRQUNvZENodHljRjlvT25kd2RETlZObXAwZW5Sa1pWb3RTazUyY1dOc1dGRRAB,ChIJuSsdwaTHbi4RPHoaVpNB7GI,KOZI Coffee Jatibarang,indramayu,Nongkrong,1,"Pernah beli spageti ckrimi ciken asin banget
Kayak bukan makan spageti
Tapi kayak makan garam
Ini orang masak gak di cicipin dulu apah",2026-04-03T15:03:09.969Z,Novi Susanti95,110296469416105956061,False,0,id,2026-05-05T05:19:07.464553
Ci9DQUlRQUNvZENodHljRjlvT25OSlQwSkpTa3RqV1ZaUVQydzVPRlZwYmtSd2MyYxAB,ChIJuSsdwaTHbi4RPHoaVpNB7GI,KOZI Coffee Jatibarang,indramayu,Nongkrong,2,Nasi goreng nya asin banget.. penyajian sangat lama... Hampir 1 jam...,2026-04-03T13:40:35.219Z,AKUSARA ABADI,102113883208689944044,False,0,id,2026-05-05T05:19:07.464564
Ci9DQUlRQUNvZENodHljRjlvT2pWalFWWmtibEUxU0ZGaVMzQnRla2t3Tkc5bmNYYxAB,ChIJuSsdwaTHbi4RPHoaVpNB7GI,KOZI Coffee Jatibarang,indramayu,Nongkrong,5,"Tempat ngopi dan nongkrong paling kozi di Jatibarang, suasana nyaman dan unik, kopinya juga mantap",2026-04-03T07:25:15.369Z,darmanto,115370555077982404173,True,0,id,2026-05-05T05:19:07.464573
Ci9DQUlRQUNvZENodHljRjlvT21WdmRtWlZORFpPVkcxUGVrcHFkVUZFYW1Rd04zYxAB,ChIJuSsdwaTHbi4RPHoaVpNB7GI,KOZI Coffee Jatibarang,indramayu,Nongkrong,1,udah nunggu 1 jam loh ya cuma dapet mix platter gosong,2026-03-29T10:18:39.754Z,muhammad iqbal septiadi,105970817076609415996,False,0,id,2026-05-05T05:19:07.464583
Ci9DQUlRQUNvZENodHljRjlvT2xSclQwVlROMjV1TWxONVZtVldjVTFzUTAxU2EyYxAB,ChIJuSsdwaTHbi4RPHoaVpNB7GI,KOZI Coffee Jatibarang,indramayu,Nongkrong,1,"Tempatnya bagus tapi, pelayanannya laamaaa banggeettt..
cukup sekali aja kesitu.",2026-03-25T14:37:16.871Z,irtha karmila,100517109308317803464,False,0,id,2026-05-05T05:19:07.464592
Ci9DQUlRQUNvZENodHljRjlvT2pBNGRuVm1WMFZXTFhFNWNrNDRUbFpqY1ZSQ1ZGRRAB,ChIJuSsdwaTHbi4RPHoaVpNB7GI,KOZI Coffee Jatibarang,indramayu,Nongkrong,3,"Makanan lumayan, tempat oke tapi lama banget makanan datengnya.",2026-03-25T12:40:08.466Z,paudyyy,103753374944014847544,False,0,id,2026-05-05T05:19:07.464601
Ci9DQUlRQUNvZENodHljRjlvT2s5RGJsaExTbGRET1d0UGVXbEhRM2Q2TmxKeGJYYxAB,ChIJuSsdwaTHbi4RPHoaVpNB7GI,KOZI Coffee Jatibarang,indramayu,Nongkrong,4,"Wahhh beberapa kali datang ke kozi karena memang ambience dan makanannya oke semua aku suka❤️
Tapi entah kenapa service nya masih kurang menurutku, hari ini saya bukber dan sudah reservasi jauh jauh hari. Saya ada beberapa pesan paket ramadhan nya, dessert juga. Pertama yang disajikan minuman terlebih dahulu okeeh aku suka banget yang di keluarkan minumannya terlebih dahulu karna ya namanya berbuka puasa pasti minum terlebih dahulu. Namun, setelah 30menit jam berbuka makanan kami belum ada satupun yang di meja, even kenapa ga dessert dulu yg dikeluarkan itu ga masalah. Jdi kami selalu panggil waiters untuk menanyakan terus kenapa makanan nya belum datang.
Kalau case nya kita belum reservasi ya wajar2 aja kalo makanan blm datang. Tapi kan ini kita sudah reservasi dan list menu saat reservasi. Yang harusnya makanan yg sudah di list saat reservasi harus sudah siap, tapi kenyataannya ngaret.
Next nya tolong perbaiki lagi ya service nya❤️✨
Makanan dan tempatnya sudah oke loh, kalau terus2an service nya seperti ini sangat disayangkan sekali🥹",2026-03-17T17:09:54.303Z,Qoriatun Nuriyah,115950296149034585505,False,0,id,2026-05-05T05:19:07.464611
Ci9DQUlRQUNvZENodHljRjlvT2xNd1VqaDJlV1EzTldkSVdXSlJlbUl3UmtORGQxRRAB,ChIJuSsdwaTHbi4RPHoaVpNB7GI,KOZI Coffee Jatibarang,indramayu,Nongkrong,1,"Pelayanan krng profesional pesanan food 1 item orderan grab 55menit ga ckp wkt nya  kelar2 bilg nya LG diproses dngn terpaksa sy cancel....hrs nya pesanan online LBH di utamakan
Kerugian waktu dan persepsi customer yg dikira kami driver lelet dlm pelayanan pesanan, harus nya saya bs dpt orderan yg lain ini cm menunggu yg tidak pst.",2026-03-12T12:32:33.698Z,52 Asik,111290046966250033957,True,0,id,2026-05-05T05:19:07.464621
Ci9DQUlRQUNvZENodHljRjlvT2xwZkxYcE5ZMGxFVUZoWkxUUmtjbGt0UlVoalUxRRAB,ChIJuSsdwaTHbi4RPHoaVpNB7GI,KOZI Coffee Jatibarang,indramayu,Nongkrong,5,"Good place and good food, parkiran cukup",2026-02-22T07:19:17.309Z,Fajar Pratama,105287633149084798361,True,0,en,2026-05-05T05:19:07.464631
Ci9DQUlRQUNvZENodHljRjlvT2xGaGEwRnpYM1V6UkhwUWJsRnFWRkZEU21aS1JGRRAB,ChIJuSsdwaTHbi4RPHoaVpNB7GI,KOZI Coffee Jatibarang,indramayu,Nongkrong,5,spill menunya+harga ka,2026-02-15T19:14:08.768Z,Ahmad Raffa,105972944861578845997,False,0,id,2026-05-05T05:19:07.464646
Ci9DQUlRQUNvZENodHljRjlvT21veE5FNUpkbXMwVERKaVJsRkphbVl5VldkbWRGRRAB,ChIJuSsdwaTHbi4RPHoaVpNB7GI,KOZI Coffee Jatibarang,indramayu,Nongkrong,5,"gaperna gagal makanan & minuman nya, tempatnya jg bner' cozy",2026-02-02T14:17:38.789Z,Stepvani Astuty,101251234582087600792,False,0,id,2026-05-05T05:19:07.464672
Ci9DQUlRQUNvZENodHljRjlvT25ocVVIWnJURWN5WWtnM09VWjVNQzFaWmpGRlIwRRAB,ChIJX0LxqUi5bi4RowbdTfDJVns,Kopi Kenangan - Ruko DI Panjaitan Indramayu,indramayu,Nongkrong,5,Wajib datang ke outlet ini sih !,2026-04-30T03:54:23.436Z,Atsilah sabiqul Fatih,107336366962749030855,False,0,id,2026-05-05T05:19:07.464687
Ci9DQUlRQUNvZENodHljRjlvT2twUGExaHBUMjVUVjE5YVdGbzJTMVEzV2paQk1GRRAB,ChIJX0LxqUi5bi4RowbdTfDJVns,Kopi Kenangan - Ruko DI Panjaitan Indramayu,indramayu,Nongkrong,5,teman nya luas dan nyaman cocok buat kumpul bareng temen,2026-04-30T01:27:02.611Z,Ibnu Baehaki,113181002259585673033,False,0,id,2026-05-05T05:19:07.464710
Ci9DQUlRQUNvZENodHljRjlvT2tGSFkxZzRkV0Z1WVZBME0wY3pjbk5UUjJKTVEwRRAB,ChIJX0LxqUi5bi4RowbdTfDJVns,Kopi Kenangan - Ruko DI Panjaitan Indramayu,indramayu,Nongkrong,5,"nyaman buat gue singgah, bayangin lu lagi cape hidup trus lu dateng kesini dan ditenangin sama harum kopi yg nikmat. sukses trus kopi kenangan!!!",2026-04-30T00:45:19.363Z,another ley,107508254247915032309,False,0,id,2026-05-05T05:19:07.464726
Ci9DQUlRQUNvZENodHljRjlvT2pORmEwdFdiRlZmVUdwMGRITjJXbGgzTmpkMldrRRAB,ChIJX0LxqUi5bi4RowbdTfDJVns,Kopi Kenangan - Ruko DI Panjaitan Indramayu,indramayu,Nongkrong,5,"tempatnya luas, kopinya enak, baristanya juga ramah.",2026-04-30T00:35:25.007Z,Said ahmad syafriza,104452224025152498317,True,0,id,2026-05-05T05:19:07.464735
Ci9DQUlRQUNvZENodHljRjlvT25oYVQzQnRlWG95YlZVMVRtWm9TRmhoVFhoSE5tYxAB,ChIJX0LxqUi5bi4RowbdTfDJVns,Kopi Kenangan - Ruko DI Panjaitan Indramayu,indramayu,Nongkrong,5,"Sayang banget store-nya dirating rendah padahal pelayanannya mantap. Padahal tinggal buang sampah sendiri aja kan ke tempatnya, namanya juga self-service. Kita sebagai sesama pelanggan harusnya bisa lebih peduli dong supaya kenyamanan bareng tetap terjaga. Jangan dikit-dikit rating rendah, kasihan baristanya udah kasih service maksimal",2026-04-26T03:53:04.107Z,Maou Kun,114242497905820554178,False,0,id,2026-05-05T05:19:07.464750
Ci9DQUlRQUNvZENodHljRjlvT2xwTGRVdFZSM1JsUVVaWGRrUmxiblpHZGtFeFRWRRAB,ChIJX0LxqUi5bi4RowbdTfDJVns,Kopi Kenangan - Ruko DI Panjaitan Indramayu,indramayu,Nongkrong,1,kurang karyawan jadi lama ngelayaninya,2026-04-25T04:21:23.815Z,Mas_ fahmi,114015721990328232171,False,0,id,2026-05-05T05:19:07.464765
Ci9DQUlRQUNvZENodHljRjlvT21ORWJ6a3hObEJRVTJOR1pGOXdOR0pOVVVKcFIzYxAB,ChIJuSsdwaTHbi4RPHoaVpNB7GI,KOZI Coffee Jatibarang,indramayu,Nongkrong,5,"Buat nongkrong enjoy banget,
Keren tempat nya,
Ada menu Japanese juga,
Saya suka dengan ramen nya😊😊🍜🍜",2026-01-31T06:23:46.015Z,Radit Lucas,107975508502676065684,False,0,id,2026-05-05T05:19:07.464773
Ci9DQUlRQUNvZENodHljRjlvT2xaa1UzUlZjMU5EUmpkbk5XeHVNMFZwTkVoNU5XYxAB,ChIJuSsdwaTHbi4RPHoaVpNB7GI,KOZI Coffee Jatibarang,indramayu,Nongkrong,5,"Hari jum'at malam saptu, saya makan dengan suami saya,
Untuk makanan'nya  nasi goreng katsu sambal matah,
Enak banget👍👍
Sama Ramen curry juga enak 👍👍,
Tolong di perhatikan meja nya agak berdebu,
Untuk tempat nya bagus,saya suka Kozi coffee jatibarang 👍👍.",2026-01-31T06:00:50.535Z,Nazma Azzahra,100718142325104344986,False,0,id,2026-05-05T05:19:07.464781
Ci9DQUlRQUNvZENodHljRjlvT2tsWVVWVjRZbmRqUkRRd2N6ZDZNakExYUhSR2QxRRAB,ChIJuSsdwaTHbi4RPHoaVpNB7GI,KOZI Coffee Jatibarang,indramayu,Nongkrong,5,Fav banget lah rekomendasi deh mantap,2026-01-22T12:04:25.233Z,Bund4 Aisyah65,115487674654487522547,False,0,id,2026-05-05T05:19:07.464797
Ci9DQUlRQUNvZENodHljRjlvT25aeVNYTnRhVUk0TlhGRlFXZEpNMkpaVkhKRlRtYxAB,ChIJuSsdwaTHbi4RPHoaVpNB7GI,KOZI Coffee Jatibarang,indramayu,Nongkrong,5,Tempat buat ngobrol yg asik,2026-01-22T01:18:38.017Z,Manto Jumanto,105370299356294267883,True,0,id,2026-05-05T05:19:07.464807
Ci9DQUlRQUNvZENodHljRjlvT25oWlJrMXJWMVl5V1dsWE9HSktVSEpqZURsSU5tYxAB,ChIJuSsdwaTHbi4RPHoaVpNB7GI,KOZI Coffee Jatibarang,indramayu,Nongkrong,5,"Tempat ngopi yang nyaman dengan suasana santai. Kopinya enak, tidak terlalu pahit, dan disajikan hangat. Pelayanannya ramah, tempat bersih, dan cocok untuk nongkrong lama. Recommended buat yang mau quality time ☕😊",2026-01-18T05:56:09.426Z,Euis Nikmatul Maullah,110036444893053846163,True,0,id,2026-05-05T05:19:07.464816
Ci9DQUlRQUNvZENodHljRjlvT25oTlVscDFhMXBmZHpOc1EyNWFXVzlEZDJGNWMxRRAB,ChIJuSsdwaTHbi4RPHoaVpNB7GI,KOZI Coffee Jatibarang,indramayu,Nongkrong,5,"Tempatnya estetik dan nyaman buat nongkrong lama, kopi nya jelas terbaik dari KOZI 👍",2026-01-13T03:22:37.048Z,Kang Dhani Waja,103865931321412483791,True,0,id,2026-05-05T05:19:07.464823
Ci9DQUlRQUNvZENodHljRjlvT2paWVdsVjVURmRUWTA5cGVsTklWbEJ1U2tkMU9XYxAB,ChIJuSsdwaTHbi4RPHoaVpNB7GI,KOZI Coffee Jatibarang,indramayu,Nongkrong,1,udah ada biaya pelayanan tapi pelayanan lelet banget,2026-01-07T23:26:42.662Z,rizkyyy syuhadaaa,108906397141271687782,False,0,id,2026-05-05T05:19:07.464838
Ci9DQUlRQUNvZENodHljRjlvT25KRU1IUkljUzFUTUc1RmJHaHFZalZ3V2xReVFtYxAB,ChIJuSsdwaTHbi4RPHoaVpNB7GI,KOZI Coffee Jatibarang,indramayu,Nongkrong,5,Makanannya enak2.. tempatnya beneran KOZI.. 🫶❤️ betah bgt nongkrong lama2 disini..,2026-01-04T00:06:01.523Z,Agatha Tatha,104742337924067882998,True,0,id,2026-05-05T05:19:07.464853
Ci9DQUlRQUNvZENodHljRjlvT21GaGVsVllZMUV5U21Gb1QwWnVkMmRQUjAxVWRFRRAB,ChIJuSsdwaTHbi4RPHoaVpNB7GI,KOZI Coffee Jatibarang,indramayu,Nongkrong,1,Makanan 1 jam baru datang,2026-01-02T07:57:11.979Z,Infinity 888,115404081475662077665,False,0,id,2026-05-05T05:19:07.464864
Ci9DQUlRQUNvZENodHljRjlvT25GU1YxZExkMEpXTkdaZldEWnJSRXR5YTJ0SmRYYxAB,ChIJuSsdwaTHbi4RPHoaVpNB7GI,KOZI Coffee Jatibarang,indramayu,Nongkrong,5,nyaman adem asri saya ga bawa korek tapi minjem sama kasir di kasih baik ramah kasirnya,2026-01-01T12:41:11.687Z,CocGacor Bae,102581146736883453872,False,0,id,2026-05-05T05:19:07.464872
Ci9DQUlRQUNvZENodHljRjlvT2paeVNUaFVjMWM1VUZWRVZISjZSa2RJV0VkVE1FRRAB,ChIJuSsdwaTHbi4RPHoaVpNB7GI,KOZI Coffee Jatibarang,indramayu,Nongkrong,3,Tempatnya unik asyik buat nongki,2025-12-31T12:28:46.100Z,nindya narayana,118309901947916577275,True,0,id,2026-05-05T05:19:07.464888
Ci9DQUlRQUNvZENodHljRjlvT21GRUxUbHFPSEkxYTBJM0xVTkRNalYzTUZrME5VRRAB,ChIJuSsdwaTHbi4RPHoaVpNB7GI,KOZI Coffee Jatibarang,indramayu,Nongkrong,5,Lokasinya mudah ditemukan. Cocok untuk berantai. Dan paling terbaiknya itu dipelayanannya. Benar-benar tidak mengecewakan. Semua karyawannya ramah-ramah sekali. Tempatnya jg bagus dan nyaman. Aku kesitu bawa anak usia 4thn termasuk aman untuk anak anak,2025-12-24T10:40:51.431Z,Nur Evie,113715769610088251044,True,0,id,2026-05-05T05:19:07.464912
Ci9DQUlRQUNvZENodHljRjlvT25OeVRuaHhjQzFLWDBwb2NUSlJSVjlmY25sVVZsRRAB,ChIJuSsdwaTHbi4RPHoaVpNB7GI,KOZI Coffee Jatibarang,indramayu,Nongkrong,2,Makanya gak rekomendasi. Tapi untuk tempat oke,2025-12-22T11:50:29.985Z,Sumi Yati,102415813841883072287,False,0,id,2026-05-05T05:19:07.464921
Ci9DQUlRQUNvZENodHljRjlvT2w5eGFHTXpURVF6TjFacFZUUnBhM3BPV1RkTk0zYxAB,ChIJuSsdwaTHbi4RPHoaVpNB7GI,KOZI Coffee Jatibarang,indramayu,Nongkrong,5,"Ruangannya baguss, cuman yg di atas kalo siang namanya juga Jatibarang, panas banget plis",2025-12-13T07:23:40.374Z,Heryanti Rima Mentari,106716274398064015353,False,0,id,2026-05-05T05:19:07.464958
Ci9DQUlRQUNvZENodHljRjlvT21WNVRsVkVhaTFOYTJkaU1GRjNhMEpOVWxOeVpGRRAB,ChIJuSsdwaTHbi4RPHoaVpNB7GI,KOZI Coffee Jatibarang,indramayu,Nongkrong,5,"Homey, good interior, clean musholla",2025-12-01T07:09:57.414Z,Elga The Hub,115910350764608881558,True,0,id,2026-05-05T05:19:07.464976
Ci9DQUlRQUNvZENodHljRjlvT2xjMlluZFlWMlo0Y0dwMmVFSkJNVzF2V1ZKWlQwRRAB,ChIJuSsdwaTHbi4RPHoaVpNB7GI,KOZI Coffee Jatibarang,indramayu,Nongkrong,2,"Nongki utk yg pertama kali nya bareng istri dan  lngsung terasa ga betah, berasa sumpek, panas dan sprti ga leluasa cuman 15 mnit lngsung out lagi.
Pesan hot coklat harga top rasa nol krasa coklat murahnya dan latte ny sprti rasa coffeemix untung blm pesan makanan lain...
Coba racikan rasa lebih diup lagi...
Spya pengunjung betah dan menikmati... Trims",2025-11-28T17:32:08.032Z,SanVerinCardy,100689776970468339671,True,1,id,2026-05-05T05:19:07.464984
Ci9DQUlRQUNvZENodHljRjlvT2pSaGFtNUJNVmx1U1hCaVEzaHJabFpzYVVSNk1YYxAB,ChIJuSsdwaTHbi4RPHoaVpNB7GI,KOZI Coffee Jatibarang,indramayu,Nongkrong,1,"Makanan lama sekali dateng gak rekomendasi untuk makan siang
Pesan jam 12:30 sampai jam 14:00 masih belum datang makanan",2025-11-26T07:00:42.009Z,Mr Dheem,104066863083001212551,False,0,id,2026-05-05T05:19:07.464993
Ci9DQUlRQUNvZENodHljRjlvT2pGU01uUTNiR0Y1YjFWTFNVUklRbFJHV0dsVmFXYxAB,ChIJuSsdwaTHbi4RPHoaVpNB7GI,KOZI Coffee Jatibarang,indramayu,Nongkrong,5,Tempatnya mantao,2025-11-13T11:51:29.702Z,pirman sukmana,109522642081096849794,False,0,id,2026-05-05T05:19:07.465001
Ci9DQUlRQUNvZENodHljRjlvT21FMFdUaDJRbVF3UXpReFZGaG5helo1T0d0aFRVRRAB,ChIJuSsdwaTHbi4RPHoaVpNB7GI,KOZI Coffee Jatibarang,indramayu,Nongkrong,5,Tempatnya oke makanannya juga oke semuanya oke cuma parkiran doang harus sedikit dirapihin,2025-11-10T18:23:47.155Z,Fathul yasir,100222279381640546485,False,0,id,2026-05-05T05:19:07.465015
Ci9DQUlRQUNvZENodHljRjlvT2w5RFdIRkZTa2xUY0RGTGRUTndibmsxTFdzNWRtYxAB,ChIJuSsdwaTHbi4RPHoaVpNB7GI,KOZI Coffee Jatibarang,indramayu,Nongkrong,5,Saya Belum pernah mampir hanya melihat dari pinggir jalan tapi  kelihatannya teduh dan nyaman itu tempat apalagi bersama kekasih ya kan,2025-10-29T22:30:22.906Z,Al - pung,106061774082828539933,True,0,id,2026-05-05T05:19:07.465030
Ci9DQUlRQUNvZENodHljRjlvT25Fek1ub3dNbWRxZFVKRk1WUnFNR3hOZGw5TGNrRRAB,ChIJuSsdwaTHbi4RPHoaVpNB7GI,KOZI Coffee Jatibarang,indramayu,Nongkrong,4,"recommended buat slowing wfc karena suasana cukup cozy, tapi outdoor buat siang panas banget jadi better kesini nya nyore sekalian.

buat serving beverage, bisa yuk upgrade pake coaster😅 biar ga bikin meja basah + airnya netes kemana mana pas diminum. kalo memungkinkan tambahin sistem order cashless by scan ditiap meja, biar lebih efektif buat remaja kaum cashless + ga bolak balik kalo mau buka bill/nambah menu + motong antrian cashier yang kadang panjangg (banyak benefitnya).

so far so good, cuma detail kecil aja yg perlu ditingkatin dr segi serving + public area👍",2025-10-11T13:36:41.798Z,dwi,108888250589971423422,True,0,id,2026-05-05T05:19:07.465045
