review_id,place_id,place_name,wilayah,kategori,rating,review_text,review_date,reviewer_name,reviewer_id,is_local_guide,likes_count,original_language,scraped_at
ChdDSUhNMG9nS0VJQ0FnSURfX1p6UnZ3RRAB,ChIJCXXnCUUvby4ROEsIACixpqI,Ramen Cemen Majalengka,Majalengka,Nongkrong,5,Ramen & Chicken katsu enak,2025-01-26T13:24:43.492Z,iman sanjaya,113238761780378416208,True,0,ja,2026-05-04T16:21:53.201520
ChdDSUhNMG9nS0VJQ0FnSURYOThmTTdnRRAB,ChIJCXXnCUUvby4ROEsIACixpqI,Ramen Cemen Majalengka,Majalengka,Nongkrong,5,Enak buat nyantuyy,2024-11-01T02:37:14.755Z,Rizki Fadilah Nugraha,115206360314976598813,True,0,id,2026-05-04T16:21:53.201542
ChZDSUhNMG9nS0VJQ0FnSUM1dnJiLUNBEAE,ChIJCXXnCUUvby4ROEsIACixpqI,Ramen Cemen Majalengka,Majalengka,Nongkrong,5,Okelah buat ukuran kita,2023-10-13T22:02:07.732Z,AR_ official,111502308107649389324,True,0,id,2026-05-04T16:21:53.201584
ChZDSUhNMG9nS0VJQ0FnSUNaNm9MU0pREAE,ChIJCXXnCUUvby4ROEsIACixpqI,Ramen Cemen Majalengka,Majalengka,Nongkrong,3,"Pesan ramen cemen kare , nunggu 1 jam an lebih tapi liat orang yang baru datang sampe pulang lagi udah beres ga ngerti lagi",2023-09-08T13:20:51.746Z,Reta Pahmi,112412444865563083747,False,0,id,2026-05-04T16:21:53.201596
ChdDSUhNMG9nS0VJQ0FnSUNJeXVPc2h3RRAB,ChIJCXXnCUUvby4ROEsIACixpqI,Ramen Cemen Majalengka,Majalengka,Nongkrong,5,"Ramen ter enak se-Majalengka. Apalagi udon nya pake kuah kare 😍😁😁 so, pokonya ramen cemen recommended bgt buat dikunjungi sama pacar, teman, keluarga. Harganya juga terjangkau 😄",2022-10-18T11:37:35.436Z,Ai Kurnia,116151007459288465452,False,1,id,2026-05-04T16:21:53.201634
ChdDSUhNMG9nS0VJQ0FnSUN1bzRqUGxnRRAB,ChIJCXXnCUUvby4ROEsIACixpqI,Ramen Cemen Majalengka,Majalengka,Nongkrong,4,"Tempat nongki bareng doi dulu hahah.
Enak rekomended",2022-08-05T00:46:05.019Z,Siska_Yolanda,106995068659053359996,True,0,id,2026-05-04T16:21:53.201646
ChdDSUhNMG9nS0VJQ0FnSUQycUluM21BRRAB,ChIJCXXnCUUvby4ROEsIACixpqI,Ramen Cemen Majalengka,Majalengka,Nongkrong,1,"Sebelum ke tempat eksekusi,sy baca ulasan dulu😁😁😁",2022-05-05T05:47:29.464Z,Aryo Plus,104785362752159840677,True,0,id,2026-05-04T16:21:53.201682
ChZDSUhNMG9nS0VJQ0FnSURVdks3ell3EAE,ChIJCXXnCUUvby4ROEsIACixpqI,Ramen Cemen Majalengka,Majalengka,Nongkrong,5,"Enak. , fav , tp pelayanannya lama banget , nunggu 1 jam makan 10 menit hikz",2022-05-03T11:09:51.628Z,Popy Hopipah,107872197411564481068,True,0,id,2026-05-04T16:21:53.201694
ChdDSUhNMG9nS0VJQ0FnSURtMk9iMXN3RRAB,ChIJCXXnCUUvby4ROEsIACixpqI,Ramen Cemen Majalengka,Majalengka,Nongkrong,4,"@ Menu yg di rekomendasi adalah Ramen cemen harga 20 ribu sd 25 ribu, tergantung toping
@ Ramen cemen yg rasa kari...enak banget kuah nya, mie nya ukuran gede, beda dengan ramen tempat lain, klo saya suka yg mie kecil lebih enak
@ lokasi nya persis di perempatan jl.KH.Abdul Halim no 190 ,Pasar Balong, Majalengka
@ Posisi parkir di pinggir jalan, jadi harus hati2 cari lokasi yg aman",2022-01-18T05:43:55.223Z,Agus Saptono,108400385428400165921,True,0,id,2026-05-04T16:21:53.201722
ChdDSUhNMG9nS0VJQ0FnSUNtOUpEeG93RRAB,ChIJCXXnCUUvby4ROEsIACixpqI,Ramen Cemen Majalengka,Majalengka,Nongkrong,4,"Good ramen, but just little bit pricey",2021-12-20T04:21:44.575Z,Gemilang Rahmandhika,115508356175389446119,True,0,en,2026-05-04T16:21:53.201733
ChdDSUhNMG9nS0VJQ0FnSURHLTZIODlnRRAB,ChIJCXXnCUUvby4ROEsIACixpqI,Ramen Cemen Majalengka,Majalengka,Nongkrong,4,Gak tau kenapa dari dulu gak pernah cocok sama sendoknya 😅 bukan makananya tapi sendoknya harusnya mending diganti,2021-12-10T23:41:46.378Z,Sunardi Sunardi,103387581204042541844,True,0,id,2026-05-04T16:21:53.201744
ChdDSUhNMG9nS0VJQ0FnSURHM083dnB3RRAB,ChIJCXXnCUUvby4ROEsIACixpqI,Ramen Cemen Majalengka,Majalengka,Nongkrong,4,Ramen plus dimsumnya top..,2021-11-21T12:09:31.201Z,Yayan Surayan,108466664964671370231,True,0,id,2026-05-04T16:21:53.201784
ChZDSUhNMG9nS0VJQ0FnSUNHdzlmLVNREAE,ChIJCXXnCUUvby4ROEsIACixpqI,Ramen Cemen Majalengka,Majalengka,Nongkrong,5,"Tepat ok nyaman dan strategis
Harga terjangkau
Rasa enak
Pelayanan baik",2021-11-08T02:00:12.930Z,Chali Look At,102695683212472913620,False,0,id,2026-05-04T16:21:53.201795
ChdDSUhNMG9nS0VJQ0FnSUNHaHFIN3N3RRAB,ChIJCXXnCUUvby4ROEsIACixpqI,Ramen Cemen Majalengka,Majalengka,Nongkrong,5,"Dari zaman kuliah sampe sekarang, rasanya tetap bertahan dengan kualitas terbaik 😎",2021-10-27T13:15:17.745Z,Ayub Fahmi,106506753784756548397,True,0,id,2026-05-04T16:21:53.201815
ChdDSUhNMG9nS0VJQ0FnSUQ2Z3JTOXV3RRAB,ChIJCXXnCUUvby4ROEsIACixpqI,Ramen Cemen Majalengka,Majalengka,Nongkrong,5,"Tempatnya nyaman, ramennya mantapp 😁",2021-09-24T02:00:02.694Z,Lio Agustiana Sopyan,113843519830809199790,True,0,id,2026-05-04T16:21:53.201852
ChdDSUhNMG9nS0VJQ0FnSURhNG9QbXZ3RRAB,ChIJCXXnCUUvby4ROEsIACixpqI,Ramen Cemen Majalengka,Majalengka,Nongkrong,5,Kalo ke sini seringnya makan dimsum siih,2021-08-17T16:10:52.021Z,DERIN ALDANEVA MAS,104782337366145693927,True,0,id,2026-05-04T16:21:53.201879
ChdDSUhNMG9nS0VJQ0FnSUNzMEszd3JnRRAB,ChIJCXXnCUUvby4ROEsIACixpqI,Ramen Cemen Majalengka,Majalengka,Nongkrong,4,"Uenak banget, pak praayyy....",2021-06-28T01:49:17.083Z,Agung Fachruddiyanto,108461005936265815158,True,1,id,2026-05-04T16:21:53.201914
Ci9DQUlRQUNvZENodHljRjlvT25FMFRIVnhablU1VjFnMVFXUkJRM0F6Y1V0bmNXYxAB,ChIJp4HuXpYvby4R0rUWDGuLUJA,Tanagi Ramen Kohi,Majalengka,Nongkrong,5,Ramennya kuahnya enak,2026-04-29T06:02:02.348Z,Dinah Romdlonatullail,112862144015472883927,True,0,id,2026-05-04T16:21:53.201933
Ci9DQUlRQUNvZENodHljRjlvT21OMGIzSkpha3RPWXpGS1YwMTVWbkZmY2xkUFNYYxAB,ChIJp4HuXpYvby4R0rUWDGuLUJA,Tanagi Ramen Kohi,Majalengka,Nongkrong,4,"Tempat nya luas, suasana oke. Makanan nya beragam, rasa sesuai harga,staff nya helpful",2026-04-14T16:22:35.815Z,laura christianty,109861617555018424829,True,0,id,2026-05-04T16:21:53.201952
Ci9DQUlRQUNvZENodHljRjlvT2xKME9Xc3dUVTF6Vm5CMFVURlNWVXAzWVZaclJVRRAB,ChIJp4HuXpYvby4R0rUWDGuLUJA,Tanagi Ramen Kohi,Majalengka,Nongkrong,5,"Makanannya enak, cemilan2nya juga enak, tempatnya enak juga kalau bisa ruangan yg private ditambah lagi",2026-04-13T09:43:35.249Z,Alif NH,116038884875018879976,True,0,id,2026-05-04T16:21:53.201971
Ci9DQUlRQUNvZENodHljRjlvT25wUVVFTnhZMkZpY1VodlJrRmthMmhyZEU5S1gyYxAB,ChIJp4HuXpYvby4R0rUWDGuLUJA,Tanagi Ramen Kohi,Majalengka,Nongkrong,5,Sumpah ini enak bangeeet 😭😭,2026-04-13T09:40:14.099Z,Yuniasari Megandini,107928270802974061625,False,0,id,2026-05-04T16:21:53.201984
Ci9DQUlRQUNvZENodHljRjlvT2tGaVYyWkpOVGhoWVdoYVgyNVBaM0F6WDBoSmNXYxAB,ChIJp4HuXpYvby4R0rUWDGuLUJA,Tanagi Ramen Kohi,Majalengka,Nongkrong,4,"Rasa Makanannya oke,tampat oke,pelayanan oke..
Cuma satu,ada lalat.,ngga biasanya bnyak lalat dsini.",2026-04-12T10:55:39.775Z,MDidis,117304836301820841156,True,0,id,2026-05-04T16:21:53.201995
Ci9DQUlRQUNvZENodHljRjlvT2psRVEwb3pYMHh1T1c1V2NsRTJjVEo1ZEdGWVlXYxAB,ChIJp4HuXpYvby4R0rUWDGuLUJA,Tanagi Ramen Kohi,Majalengka,Nongkrong,5,"OISHIII 🇯🇵🇯🇵🇯🇵 ramen nya ok bgt, place nya easy too find, cozy dan luas, banyak space lucu for taking a pict 😮‼️📸

Sedikit feedback, some part of kaarage nya masih undercooked, mungkin bisa di masak lebih lama atau temperature minyak nya di atur lagi, but overall semuanya oke 🫰🏻😋🍜",2026-04-09T10:19:50.465Z,Anisa Febriyanti,103303584662478485078,True,0,id,2026-05-04T16:21:53.202012
Ci9DQUlRQUNvZENodHljRjlvT2taU1pVWktMV05qVURCS1luWk1TelJIYW1oRU9IYxAB,ChIJp4HuXpYvby4R0rUWDGuLUJA,Tanagi Ramen Kohi,Majalengka,Nongkrong,5,"best best besttt dari bberapa ramen yg pernah saya coba di majalengka, ini termasuk ramen terenak dari segi apapun!!!🤤",2026-04-05T11:36:22.811Z,Tiara Chan,109271247138493662597,False,0,id,2026-05-04T16:21:53.202022
Ci9DQUlRQUNvZENodHljRjlvT21KdU1ubEtlVTVIYVhKRVpDMTJVMjFsYW01QlUxRRAB,ChIJp4HuXpYvby4R0rUWDGuLUJA,Tanagi Ramen Kohi,Majalengka,Nongkrong,5,Ter the best pokoke sih,2026-03-28T04:15:26.051Z,reang ganteng,115152347514118702718,False,0,id,2026-05-04T16:21:53.202056
Ci9DQUlRQUNvZENodHljRjlvT2toRFNXMVNZVWt4YjBwMFlsaGlWbEZXTkZoalNIYxAB,ChIJp4HuXpYvby4R0rUWDGuLUJA,Tanagi Ramen Kohi,Majalengka,Nongkrong,5,"Ramen nya enak, tempatnya nyaman dan harganya juga standar gak terlalu mahal.",2026-03-25T03:08:44.741Z,Rezza Fauzia Husnayain,102850921446246602345,True,0,id,2026-05-04T16:21:53.202066
Ci9DQUlRQUNvZENodHljRjlvT2s5aFZEWmFiRlZFVVZKb1MxUXRjWFo1YUZVM00wRRAB,ChIJp4HuXpYvby4R0rUWDGuLUJA,Tanagi Ramen Kohi,Majalengka,Nongkrong,1,Pelayanan lama.. pesan take away 1 porsi sejam lebih .. kuahnya dikit juga.. rasa b aja,2026-03-24T13:55:34.439Z,Dini Anggun hayati,112897000718607271048,False,0,id,2026-05-04T16:21:53.202076
Ci9DQUlRQUNvZENodHljRjlvT2xkM1VtOTFiRGh0Y1U1NVJtdENVSGhzTkZOMFFtYxAB,ChIJp4HuXpYvby4R0rUWDGuLUJA,Tanagi Ramen Kohi,Majalengka,Nongkrong,3,"Manajemen tolong diperhatikan lg ya flow pemesanannya. Harusnya paham kalau ada potensi order banyak ditambah lah tenaga kerjanya. Order pukul 19:53, sampai pukul 21:00 ramennya masih ada yg belum diantar juga. Padahal kalau lihat di Google nya tutup pukul 21:00.",2026-03-23T14:01:25.322Z,Fauziah Nadha Hilmania,113275818518543363124,True,0,id,2026-05-04T16:21:53.202100
Ci9DQUlRQUNvZENodHljRjlvT21kbWVrSTVkbXBmYWtad1MxODVjRmRsV0Y5T1RGRRAB,ChIJp4HuXpYvby4R0rUWDGuLUJA,Tanagi Ramen Kohi,Majalengka,Nongkrong,5,"Untuk tempatnya lumayan luas, tempat parkir nya juga gede. Tanagi ngadopsi nuansa jepang banget, untuk harganya lumayan terjangkau. Wajib nyobain manggo sunrise sama dry ramen kalo kesini. Pelayanannya cepet, sat set. Semoga kedepannya bisa bayar pake QRIS.",2026-03-23T10:21:01.851Z,Wina Annisa Mediana,103126505557836631186,True,0,id,2026-05-04T16:21:53.202111
Ci9DQUlRQUNvZENodHljRjlvT2twVVZHcE1Za2t3T0dJMU5VbFZTRmx3Ykc1SU0yYxAB,ChIJp4HuXpYvby4R0rUWDGuLUJA,Tanagi Ramen Kohi,Majalengka,Nongkrong,1,"Cukup untuk pertama kali nya dan terakhir kalinya kesini
Datang jam set 4 pas mau masuk ke area dine in dibilang ga masuk dulu karena waiting list , ditanya ya udah kita nunggu depan kasir sama customer yang lain juga nunggu disitu tapi untuk didalem banyak table yang kosong ditanya lah kekasirnya, si kasir bilang karena pesenan lagi banyak jadi untuk orderan dihold dulu ga boleh masuk dulu ke dine in terus ada customer lain udah duduk kaya masnya boleh diduduki meja yg kosongnya ..tolong laah kalau mau mengelabui customer yang kompak jangan beda beda informasi gini
Songkat cerita udah dapet tempat duduk mau pesen dibilang jangan dulu order padahal udah jam ewat 10 menit tadi bilangnya nunggu sampe jam 4 lima menit,  terus balik lagi ketable langsung suami kedepan kekasir dibilang belum order eh ga lama customer lain dtg kekasir bilang udah pesen ,, lah itu orang lian bisa pesen kenapa kita blm belum pesen..
terus udah pesen via barcode bilang nanti kasirnya ke meja buat kasih bill .. hampir sejam baru ketable ya otomatiss itu pesenan ke bar sama kitchenya baru keluar saat payment🤦🏼‍♀️
Tolonglah diperbaiki lagi service nyaaa
Untuk makanannya pun ga panas cuman anget doang dan rasanya biasa ajaa",2026-03-22T23:37:24.487Z,Melly Agustina Widyani,111254246594822088611,False,0,id,2026-05-04T16:21:53.202121
Ci9DQUlRQUNvZENodHljRjlvT2s1QmJXOVhUR1pLUld4ck16RmFOM0ZIWDJnd1dVRRAB,ChIJp4HuXpYvby4R0rUWDGuLUJA,Tanagi Ramen Kohi,Majalengka,Nongkrong,4,"overall oke, tadi saya datang pas situasi rame sekali karna abis lebaran posisi udah pada bosen nasi kalo ya. waktu tunggu makanannya memang cukup lama sih, tapi dari segi pelayanan cukup solutif dalam menghadapi banyaknya orderan, saya paham karna prnh kerja di fnb wkwkw",2026-03-22T17:18:14.712Z,micro nesia,113928458774340507678,False,0,id,2026-05-04T16:21:53.202135
ChdDSUhNMG9nS0VJQ0FnSUNxcGJ1dDdRRRAB,ChIJCXXnCUUvby4ROEsIACixpqI,Ramen Cemen Majalengka,Majalengka,Nongkrong,5,"Ramen khas banget,harga terjangkau",2021-06-13T12:00:51.457Z,Yogi Ramdani,102589495517461609129,True,0,id,2026-05-04T16:21:53.202153
ChdDSUhNMG9nS0VJQ0FnSUNxd2JIUHNRRRAB,ChIJCXXnCUUvby4ROEsIACixpqI,Ramen Cemen Majalengka,Majalengka,Nongkrong,5,Menu Favorit aku disini ramen Cemen yang kuah kare.. ditambah sambelnya lebih enak. Tempatnya juga strategis.,2021-06-09T00:32:43.360Z,Siti Fatimah,106325660886413985174,True,0,id,2026-05-04T16:21:53.202180
ChZDSUhNMG9nS0VJQ0FnSUNxcUs3REhnEAE,ChIJCXXnCUUvby4ROEsIACixpqI,Ramen Cemen Majalengka,Majalengka,Nongkrong,5,"Sumppaaaaa rasanya unik banget, beda sama ramen2 lainnya.. Aku jelajah rasa ramen di area majalengka sama cirebon, rasa ramen cemen emang top banget gak bisa dilupain keq masa lalu aku sama dia :')",2021-05-25T14:21:39.231Z,Leomi,110268958816861326292,True,0,id,2026-05-04T16:21:53.202213
ChZDSUhNMG9nS0VJQ0FnSURLal9UV1FBEAE,ChIJCXXnCUUvby4ROEsIACixpqI,Ramen Cemen Majalengka,Majalengka,Nongkrong,5,Cmn tmpat nya kaya garasi😢,2021-05-20T09:58:37.052Z,teri setiawan,118443285557586822457,True,0,id,2026-05-04T16:21:53.202222
ChdDSUhNMG9nS0VJQ0FnSURLemN6UDJRRRAB,ChIJCXXnCUUvby4ROEsIACixpqI,Ramen Cemen Majalengka,Majalengka,Nongkrong,3,Ketika lihat menu nya terasa wah dengan harga yang lumayan mahal tetapi pas udah nyobain ga recomend banget rasanya biasa saja,2021-05-16T11:48:46.160Z,Dany H,115377275117700867375,True,0,id,2026-05-04T16:21:53.202239
Ci9DQUlRQUNvZENodHljRjlvT21oWE5IRnhWbTQwWjBKYVpIUTRTVEozVW5GVmFuYxAB,ChIJy4RXqqggby4RlVbgJ3g73OY,PIKNIK CAFE,Majalengka,Nongkrong,5,Asyik tempatnya,2026-03-26T09:32:47.742Z,Sawitland Patuanan Majalengka,105052980728120976023,False,0,id,2026-05-04T16:21:53.202261
Ci9DQUlRQUNvZENodHljRjlvT25WV1ozZFhVRkk1ZWtZMU5GaGFTVWs1VkhCd09WRRAB,ChIJy4RXqqggby4RlVbgJ3g73OY,PIKNIK CAFE,Majalengka,Nongkrong,4,"Kopi nya enak, tapi makananya agak kureng plus sempet mati lampu...
Makanan bisa di tingkatkan lagi",2026-03-25T09:35:20.712Z,Muhamad Hasanudin,112175972915958203950,False,0,id,2026-05-04T16:21:53.202270
Ci9DQUlRQUNvZENodHljRjlvT2swNGJUTlJOak5yYnpKVU1EY3hZblI1YlRFd2NVRRAB,ChIJy4RXqqggby4RlVbgJ3g73OY,PIKNIK CAFE,Majalengka,Nongkrong,5,"Tempatnya nyaman, pelayanan ramah, pokoknya 🌟 5 😊",2026-03-12T12:47:06.694Z,Alenna Queen,112189607120093016422,False,0,id,2026-05-04T16:21:53.202280
ChZDSUhNMG9nS0VJQ0FnSUR5eHVfVk1BEAE,ChIJy4RXqqggby4RlVbgJ3g73OY,PIKNIK CAFE,Majalengka,Nongkrong,5,Best coffee shop ever,2025-12-19T13:25:28.564Z,Habibie Faturachman,110892333088303910821,False,0,en,2026-05-04T16:21:53.202321
Ci9DQUlRQUNvZENodHljRjlvT2xKTVNrMVJXbEV3TTJ0dGRVYzNNMHRzTUdzd2FtYxAB,ChIJy4RXqqggby4RlVbgJ3g73OY,PIKNIK CAFE,Majalengka,Nongkrong,4,"Makan nya enak², tempat juga adem",2025-08-20T05:21:25.873Z,Vira Nur Azizah,116071101643116181841,True,0,id,2026-05-04T16:21:53.202351
Ci9DQUlRQUNvZENodHljRjlvT25WclFtTnFOMjl3V1Zkb1MwdzBaa3BXZVcxNWIxRRAB,ChIJy4RXqqggby4RlVbgJ3g73OY,PIKNIK CAFE,Majalengka,Nongkrong,5,Tempat Favorit Ngopi yeuh..teu jauh teuing tp rasana mantap!!!,2025-07-21T05:28:48.984Z,Bayu Rizki Maulana,102183880249922236658,True,0,su,2026-05-04T16:21:53.202367
Ci9DQUlRQUNvZENodHljRjlvT2psWk1WRXRkWEZpUW1oblgzUldhblZEV0dod1NrRRAB,ChIJy4RXqqggby4RlVbgJ3g73OY,PIKNIK CAFE,Majalengka,Nongkrong,5,"Pecinta kopi kalau datang ke Leuwimunding Majalengka bingung mau ngopi dimana, Piknik cafe recomended sekali...",2025-06-28T22:28:38.541Z,Fitrianisa S. Widi,108219417617173203439,True,0,id,2026-05-04T16:21:53.202376
ChdDSUhNMG9nS0VJQ0FnSUNRdGU2UHpRRRAB,ChIJy4RXqqggby4RlVbgJ3g73OY,PIKNIK CAFE,Majalengka,Nongkrong,5,Cafe yang terpopuler di Majalengka,2025-05-23T03:14:07.792Z,Herry,118112755028035391984,True,0,id,2026-05-04T16:21:53.202399
ChdDSUhNMG9nS0VJQ0FnSUNHcDVlaXhRRRAB,ChIJy4RXqqggby4RlVbgJ3g73OY,PIKNIK CAFE,Majalengka,Nongkrong,5,"Tempat nongkrong yg oke di sekitar area leuwimunding. Cocok buat chill, nongkrong bareng temen dan bareng gebetan pastinya wkwk, di area dalem ada tempat untuk no smoking juga jadi untuk yg ga mau kehirup asap rokok bisa di dalam. Open 8 pagi - 10 malem.",2025-05-22T13:15:42.760Z,Muhamad Hafidh,111022210004948442808,False,0,id,2026-05-04T16:21:53.202408
Ci9DQUlRQUNvZENodHljRjlvT2xwcVNrWXhUVzA0YkdzMlMzSjBjV2RmV1dWSldsRRAB,ChIJp4HuXpYvby4R0rUWDGuLUJA,Tanagi Ramen Kohi,Majalengka,Nongkrong,1,"Pelayanan yg sangat mengecewakan sekali, datang ke lokasi sekitar jam 3 sorean terus langsung pesan dan langsung bayar ke kasir, tapi nunggu pesanan datang sampe jam 5an dan yg lebih parahnya lagi, mie ramenya malah belum matang masih terasa tepungnya.",2026-03-22T11:40:56.460Z,Sholih Nashoha,113313568785453563423,False,0,id,2026-05-04T16:21:53.202417
Ci9DQUlRQUNvZENodHljRjlvT2twcU5UWkViWFYzWTNkV1JtTkdiRWhqWVdSSGRuYxAB,ChIJp4HuXpYvby4R0rUWDGuLUJA,Tanagi Ramen Kohi,Majalengka,Nongkrong,3,"Setelah pesan via barcode di hp diarahin payment ke kasir, itu posisinya ga terlalu ramai ok lah paymen di kasir yg tidak ramah. Dari meja saya pesan menu menuju kasir perkiraan makan langkah kaki 50 langkah (merepotkan, buang buang waktu) ga kebayang klo kondisi kedai lgi rame😁 klo cara pesan bisa via hp seharusnya cara pembayarannya gausah ke kasir tolong di upgrad y ibu/bapak. Rasa kuah ramen nya 6/10 porsinya mie nya terlalu sedikit untuk ukuran Ramen. Saat ramen dihidangkan ada 1 lalat hijau gede ok sabar saya hiraukan. Di pertengahan makan nambah lgi itu lalat jadi 2 omg tolonglaa🫠
Oh ya saat saya kibas2 lalat ada karyawan tanagi yg lihat dari kejauhan saya tau krna tidak sengaja saya lihat dan tidak ada tanggapan apa apa😂 padahal ini konsumen lgi diganggu lalat saat makan. Heraan oiya 1 lagi suhu dlm ruangan panass. Udh segitu aja nuhun tanagi",2026-03-22T11:30:51.979Z,Tamara Tv,102051101498585008300,True,0,id,2026-05-04T16:21:53.202428
Ci9DQUlRQUNvZENodHljRjlvT2xwR1prNUNiWFpDV0Vkc1NFZDRVbTVPVW5vMWFVRRAB,ChIJp4HuXpYvby4R0rUWDGuLUJA,Tanagi Ramen Kohi,Majalengka,Nongkrong,1,"Sudah pesan dan payment, tapi ternyata sudah sold out dengan alasan sudah ganti kasir, belum update bla bla.
Makanan yg habis tidak bisa diganti uang kembali dengan alasan sudah tercatat di pembukuan bla bla, akhirnya disuruh ganti menu yg berbeda, lebih murah dan karena masih ada selisih jadi tidak pihak resto tidak ada kembaliannya 🤣🤣🤣🤣. Kalo ada kembaliannya bakal aku kasih tip lebih.
Bukan masalah nominal atau apanya tapi ekspektasi pelanggan dan kenyamanan pelanggan, masa pelanggan disuruh nanggung kesalahan kalian dan mikir lagi buat totalin ganti dari menu yg habis tadi.🤣
Kocakkkk 🤣🤣🤣
Untuk kualitas makanannya lumayan tidak terlalu buruk, tapi untuk service agak dikecewakan karena hal tsb.",2026-03-22T10:43:33.414Z,Rizky Surya Nugraha,114198222129341914332,False,0,id,2026-05-04T16:21:53.202439
Ci9DQUlRQUNvZENodHljRjlvT25RdGNsSnRkVXBsTVZWQ1VuVmFkSEo2UmtKdE9FRRAB,ChIJp4HuXpYvby4R0rUWDGuLUJA,Tanagi Ramen Kohi,Majalengka,Nongkrong,1,"Pelayanan nya Lama Banget pesen jam 13,makanan Nyampe jam 16 , kasir  nya juga jutek"" , bikin kapok pelanggan",2026-03-22T08:30:57.524Z,Riki AL Vares,101562559779525015461,False,0,id,2026-05-04T16:21:53.202449
Ci9DQUlRQUNvZENodHljRjlvT2xkU1UwNTRUMnhXTnpSMGRXRnhaVEZCT1VrMlRWRRAB,ChIJp4HuXpYvby4R0rUWDGuLUJA,Tanagi Ramen Kohi,Majalengka,Nongkrong,1,Nunggunya lama😊,2026-03-22T07:01:01.965Z,Shofiana Mafaza,117068170593262277273,False,0,id,2026-05-04T16:21:53.202467
Ci9DQUlRQUNvZENodHljRjlvT2t0bWNUY3lRWEkwTjJGRk1GRjVRV1JHYUc1RVZXYxAB,ChIJp4HuXpYvby4R0rUWDGuLUJA,Tanagi Ramen Kohi,Majalengka,Nongkrong,1,"klo mau k sini mkn dlu kwkw, lama bgt pelayanan nya, salah berkali"". hampir 2 jam",2026-03-22T06:55:59.327Z,d,107090043114182538220,False,0,id,2026-05-04T16:21:53.202477
Ci9DQUlRQUNvZENodHljRjlvT2xCTk5uQnJaVGx4WTB4WlpqWjVZVFZxWm5wZk1HYxAB,ChIJp4HuXpYvby4R0rUWDGuLUJA,Tanagi Ramen Kohi,Majalengka,Nongkrong,1,Lama pelayanannya,2026-03-22T06:55:38.890Z,drowning in words,118173671000921548901,False,0,id,2026-05-04T16:21:53.202487
Ci9DQUlRQUNvZENodHljRjlvT2tOR1JIbDNPRXcwVDNkcGVqTlNjWFZQTldSMU0xRRAB,ChIJp4HuXpYvby4R0rUWDGuLUJA,Tanagi Ramen Kohi,Majalengka,Nongkrong,5,"Iseng nyari ramen di Majalengka terus nemu Tanagi Ramen di maps dan ternyata ramennya enak banget sumpah, tipe ramen yang otentik gitu loh bukan kemasan. Tadi pesen signature ramen beef, kuro gariku beef sama toripaitan ramen dan semuanya enak. Kalo yang suka kuah creamy cocok bgt pesen signature ramen nya👍
Next pengen coba yang lain.

Stafnya ramah semua, saya dan suami banyam tanyapun dijelaskan dengan baik dan senyum.

Tempatnya nyaman sekali. indoornya adem karena banyak ac, terus outdoornya juga tetep nyaman udah gitu bisa liat pemandangan bukit. Mungkin nanti bisa ditambah lesehannya? Wkwkkwk

Thankyou yaa Tanagi Ramen, semogq bisa mampir ke sini lagi",2026-03-20T14:01:20.668Z,aji mulyo,100978505058165485209,False,0,id,2026-05-04T16:21:53.202497
Ci9DQUlRQUNvZENodHljRjlvT25od09GaFpPRWhzV1dOTE5FcEhhMmhCYkRJd09GRRAB,ChIJp4HuXpYvby4R0rUWDGuLUJA,Tanagi Ramen Kohi,Majalengka,Nongkrong,5,"makanannya enak bangettt, kaka²nya cantik² ganteng², baik baik, pelayanan super duper ramah😍😍 lop lop ke aa² yg mau di suruh fotoin aku sama temen² aku",2026-03-17T20:46:42.124Z,Devi Hartati,109634252930860531415,False,0,id,2026-05-04T16:21:53.202507
Ci9DQUlRQUNvZENodHljRjlvT2xKRFh6UnFkMjlUYkZsdFZXOW5aR2xZUm5ORlRuYxAB,ChIJp4HuXpYvby4R0rUWDGuLUJA,Tanagi Ramen Kohi,Majalengka,Nongkrong,1,"Jangan pernah beli extra telur! di menunya setengah mateng, tapi katanya sop kematangannya itu well done. ANEH !!!!
RAMEN GA ENAK, PELAYANAN BURUK !!
Tempat panas, AC GA GUNA",2026-03-14T06:01:00.047Z,Tiar,101615249130969286903,False,0,id,2026-05-04T16:21:53.202525
Ci9DQUlRQUNvZENodHljRjlvT201eVQwUnJXRGc1TWxRMmEyUXdTMVZJT1dneVRtYxAB,ChIJp4HuXpYvby4R0rUWDGuLUJA,Tanagi Ramen Kohi,Majalengka,Nongkrong,5,"enak rekomend bgt, udh beberapa kli ke sini, pelayanan nya cepet, makanan enkn, parkir nya luass, gratis, harga nya terjangkau, enak pokoknya",2026-03-01T12:21:27.021Z,Dimas,113390418935806538426,False,0,id,2026-05-04T16:21:53.202565
Ci9DQUlRQUNvZENodHljRjlvT2pKTlgxSTFOMlkzTjFSVGJXZ3pRVUpmUW05NmFYYxAB,ChIJp4HuXpYvby4R0rUWDGuLUJA,Tanagi Ramen Kohi,Majalengka,Nongkrong,4,"parkiran luas, nyaman untuk nunggu di luar",2026-02-26T10:20:00.685Z,Otong Supriatna,110816682672058193576,True,0,id,2026-05-04T16:21:53.202574
Ci9DQUlRQUNvZENodHljRjlvT2xkTWVGTkxlSGwzYm05RWRuTlJXRmRZVlZRd1FuYxAB,ChIJp4HuXpYvby4R0rUWDGuLUJA,Tanagi Ramen Kohi,Majalengka,Nongkrong,5,"Disini tempat favorit kalo lagi pengen ramen karena ramen nya menurutku enak banget, dan hidangan"" lain nya jg enak"", tempatnya bersih dan ala"" jepang gitu, dan pelayanan nya pun ramah.",2026-02-18T00:25:26.054Z,Zenita Annaila,101689214770572979662,False,0,id,2026-05-04T16:21:53.202584
Ci9DQUlRQUNvZENodHljRjlvT2tseFdqUndNMmhPVGxaRVNXdE9UMWRWVmpaR04wRRAB,ChIJp4HuXpYvby4R0rUWDGuLUJA,Tanagi Ramen Kohi,Majalengka,Nongkrong,1,pesanan lama datangnya,2026-02-16T13:11:28.600Z,Beast,109171559603742487130,False,0,id,2026-05-04T16:21:53.202594
Ci9DQUlRQUNvZENodHljRjlvT2xwSmNsSlFjVVZxWmpjeldGYzNTMWxrTFc5NkxVRRAB,ChIJp4HuXpYvby4R0rUWDGuLUJA,Tanagi Ramen Kohi,Majalengka,Nongkrong,4,Cafe ala jepang teringat waktu di jepang,2026-02-15T10:02:47.871Z,Diki Jaya,117043199586924916983,False,0,id,2026-05-04T16:21:53.202613
ChdDSUhNMG9nS0VJQ0FnTUR3MFlEanJ3RRAB,ChIJy4RXqqggby4RlVbgJ3g73OY,PIKNIK CAFE,Majalengka,Nongkrong,5,"Tempatnya keren bgt, racikan kopinya pas dan rasa makanannya juga enak, cocok buat kumpul keluarga atau hang out breng temen.",2025-03-26T14:22:43.554Z,Andien,108352812970702593988,True,0,id,2026-05-04T16:21:53.202630
ChZDSUhNMG9nS0VJQ0FnTUR3OUx2cFF3EAE,ChIJy4RXqqggby4RlVbgJ3g73OY,PIKNIK CAFE,Majalengka,Nongkrong,5,"Tempat nongkrong paling oke di Alun-alun Leuwimunding, 2x kesini selalu dengan teman jaman SMA jadi ada nostalgia sendiri ✨",2025-03-24T02:27:25.517Z,Ibnu Jeys,116539570825326315222,True,0,id,2026-05-04T16:21:53.202639
ChZDSUhNMG9nS0VJQ0FnTURnNk1TX2NnEAE,ChIJy4RXqqggby4RlVbgJ3g73OY,PIKNIK CAFE,Majalengka,Nongkrong,5,"hidden gem coffee shop di majalengka, salah satu yang terbaik menurut saya. V60 yang saya pesan rasanya lembut, seimbang antara manis pahit dan asamnya.",2025-02-22T09:02:17.568Z,Raden Danar,109645414046762245647,True,0,id,2026-05-04T16:21:53.202647
ChdDSUhNMG9nS0VJQ0FnSURfbk8yWW5RRRAB,ChIJy4RXqqggby4RlVbgJ3g73OY,PIKNIK CAFE,Majalengka,Nongkrong,5,Ospek kehidupan sehari-hari,2025-01-28T14:52:30.748Z,Seyegan Tv,116952111494935316368,True,0,id,2026-05-04T16:21:53.202662
ChZDSUhNMG9nS0VJQ0FnSUNmOWIzY093EAE,ChIJy4RXqqggby4RlVbgJ3g73OY,PIKNIK CAFE,Majalengka,Nongkrong,4,"Makanannya & minumannya enak , suasananya juga nyaman banget sih.
Cuma yang kurang Wi-Fi nya agak lemot.
Overall cafe ini recommended banget sih",2024-12-31T11:33:05.821Z,Asfian Syah,107930272071653530708,False,0,id,2026-05-04T16:21:53.202672
ChZDSUhNMG9nS0VJQ0FnSUNYNXYyV0ZnEAE,ChIJy4RXqqggby4RlVbgJ3g73OY,PIKNIK CAFE,Majalengka,Nongkrong,4,"Kopinya enak,,tempat nya kuranga adem",2024-10-16T04:56:57.445Z,Dewi Karunia Dina,104694984993975095414,True,0,id,2026-05-04T16:21:53.202705
ChZDSUhNMG9nS0VJQ0FnSURuNEthcU1BEAE,ChIJy4RXqqggby4RlVbgJ3g73OY,PIKNIK CAFE,Majalengka,Nongkrong,5,mantap banget suasana nya,2024-10-02T04:18:25.558Z,ridho amhad,103748086380223575230,False,0,id,2026-05-04T16:21:53.202714
ChZDSUhNMG9nS0VJQ0FnSUNiai1LQUdREAE,ChIJy4RXqqggby4RlVbgJ3g73OY,PIKNIK CAFE,Majalengka,Nongkrong,5,Nyaman tempat nya,2024-07-31T03:36:42.715Z,Z,115815876523323411522,True,0,id,2026-05-04T16:21:53.202730
ChdDSUhNMG9nS0VJQ0FnSUNiMFlUejFRRRAB,ChIJy4RXqqggby4RlVbgJ3g73OY,PIKNIK CAFE,Majalengka,Nongkrong,5,Enak saat malam sambil nongkrong bareng temen keluarga,2024-07-28T06:36:12.713Z,amin bachtiar,118330827037381523473,True,1,id,2026-05-04T16:21:53.202740
ChdDSUhNMG9nS0VJQ0FnSURyNjV6STFnRRAB,ChIJy4RXqqggby4RlVbgJ3g73OY,PIKNIK CAFE,Majalengka,Nongkrong,5,"Tempat yang asik untuk cari pengetahuan tentang jenis jenis kopi
Banyak pilihan juga untuk biji kopinya",2024-07-20T10:23:52.239Z,Ilmi Yanfa,114966152459709172230,False,0,id,2026-05-04T16:21:53.202768
ChdDSUhNMG9nS0VJQ0FnSUQyb3Z5eHh3RRAB,ChIJy4RXqqggby4RlVbgJ3g73OY,PIKNIK CAFE,Majalengka,Nongkrong,3,"Menu kopinya enak, tempatnya lumayan luas buat ngerjain tugas, ada colokan juga

Update
Ke sini beberapa Minggu yg lalu buat ketemuan sama temen kuliah yang lama gak ketemu, ngobrol sekitar 2 jam, tempat lagi sepi banget tapi disindir-sindir sama baristanya 😭😭😭 kaget bgt karena biasa beli kopi di sini dari sejak cafenya di teras rumah",2024-06-26T12:01:10.418Z,Usi Fahrisa Nur,109550227124292788267,True,0,id,2026-05-04T16:21:53.202792
ChZDSUhNMG9nS0VJQ0FnSUR6dnBpakdREAE,ChIJy4RXqqggby4RlVbgJ3g73OY,PIKNIK CAFE,Majalengka,Nongkrong,5,Rasa kopi nya mantap,2024-06-10T11:15:24.148Z,Asep Sutisna,100460932527463591382,True,0,id,2026-05-04T16:21:53.202802
ChZDSUhNMG9nS0VJQ0FnSUMxNHAtZmFnEAE,ChIJy4RXqqggby4RlVbgJ3g73OY,PIKNIK CAFE,Majalengka,Nongkrong,4,"Update April 2024
Chili oilnya masih yang terbaik aromatic, savoury spicy dipairing sama menu baru gyoza. Kalo looksnya keliatan agak pucet, kalo dimakan kulitnya ini nempel dilangit langit mulut. Biasanya kalo makan gyoza dapet crispyness dari bagian bawah nya yang di goreng, tapi disini kurang lama di gorengnya jadi kaya kurang berasa makan gyoza nya. Filler sama kaya dimsum but somehow lebih padet.

Dulu suka bingung pas mau order, soalnya menunya cenderung dikit.

Sekarang menunya lebih variatif, jadi udah ga bingung lagi. Menu fav aku disini adalah dimsum + chili oilnya. Personally suka Dimsumnya karena tekstur dagingnya masih kasar, dan jamur tiram jg yang nambah tekstur dimsumnya jadi ga bosen pas dimakan. Chili oilnya ga cuma pedes, umami kerasa ada bawang putih gorengnya, sama kerasa ada herbs nya gitu tapi gatau apaan. Cuma udah dua hari berturut-turut pesen dimsum, satunya teksturnya bagus (nyatu), pas hari kedua buyar pas dibelah (ga nyatu).

Untuk mocktailnya ga terlalu suka, karena udah minta less sweet tapi masih kemanisan (buat aku). Tapi americanonya enak, wangi dan after taste kopinya cenderung asem.

Lebih enak kalo kesini sore ke malam, karena kalo siang panas banget. Oh iya sama parkir mobil terbatas. Jadi lebih baik bawa motor aja.",2024-04-25T21:13:47.376Z,Mila Amelia,105284637644024897310,True,2,id,2026-05-04T16:21:53.202812
Ci9DQUlRQUNvZENodHljRjlvT205MmNXdzJkeTFsYjBGS2FsRk1YMU5LVEdrNGVHYxAB,ChIJp4HuXpYvby4R0rUWDGuLUJA,Tanagi Ramen Kohi,Majalengka,Nongkrong,5,Sejauh ini ramen dimajalengka yg jadi favorit sih ini,2026-02-12T13:55:29.388Z,Wida Wati,113355267227705205312,True,0,id,2026-05-04T16:21:53.202844
Ci9DQUlRQUNvZENodHljRjlvT21SSFNtRXRUSG90WW5GQ1VWSk9iREpJYTNCWVozYxAB,ChIJp4HuXpYvby4R0rUWDGuLUJA,Tanagi Ramen Kohi,Majalengka,Nongkrong,5,"a tasteful ramen in town.
Recently came to Tanagi ramen, ordered Signature Ramen and chizu ramen, enoki, and drinks. was told that the chizu gravy taste delicious, and yes, the chizu was surprisingly rich and creamy😭.
a small suggestion, perhaps the cashless payment method to be broaden for not only bank transfer.",2026-02-12T04:24:27.788Z,Yuanita Rahayu,111400959351329056379,True,0,en,2026-05-04T16:21:53.202855
Ci9DQUlRQUNvZENodHljRjlvT2xOeGJXWlNZbE5wTTFWdVVqZ3hOazgwWWpWQ1lrRRAB,ChIJp4HuXpYvby4R0rUWDGuLUJA,Tanagi Ramen Kohi,Majalengka,Nongkrong,4,"Ramen nya enak, suasana nya pun enak, cuman mau sedikit kasih saran untuk fasilitas ibadahnya nya mohon diperhatikan kembali kebersihannya. Terimakasih",2026-02-09T09:17:54.465Z,Refina Aprialita,100877485818613925439,False,0,id,2026-05-04T16:21:53.202864
Ci9DQUlRQUNvZENodHljRjlvT2tGUVZIUkxWSGRPV1ZCMFVuQmtOemMyT1Y5WlUwRRAB,ChIJp4HuXpYvby4R0rUWDGuLUJA,Tanagi Ramen Kohi,Majalengka,Nongkrong,5,"bessttttt bangettt🤩
vibes jepang bangettt,cozy, ramennya enak, pelayanan ramahhh",2026-02-09T03:47:13.269Z,Sani Mulyani,111709267434685650151,True,0,id,2026-05-04T16:21:53.202874
Ci9DQUlRQUNvZENodHljRjlvT2xOSWQySklhRGhMUm5kcVlWbzRlWGhHY0cxWExYYxAB,ChIJp4HuXpYvby4R0rUWDGuLUJA,Tanagi Ramen Kohi,Majalengka,Nongkrong,4,"We have been here twice over the past few weeks and it's a good ramen in a great atmosphere.  There is a good selection of ramen to choose from and the flavor of the broth was very satisfying.  Our one disappointment would be that we would prefer the broth to be hotter.  I would say it came out between warm and hot both times.    So, if you don't eat it quickly it will cool.  Otherwise, we feel it is pretty good value and quality of ramen in Majalengka.  The atmosphere is attractive and quiet, very little traffic noise.  We definitely recommend trying Tanagi!",2026-02-05T11:10:12.132Z,Justin Rejda,101504445179587990327,True,0,en,2026-05-04T16:21:53.202892
Ci9DQUlRQUNvZENodHljRjlvT2tkb2RsOXpZbkZpYmw5T1RqYzVNRXN0VXpSV1NIYxAB,ChIJp4HuXpYvby4R0rUWDGuLUJA,Tanagi Ramen Kohi,Majalengka,Nongkrong,3,Tempat Spesial rehat sejenak disudut kota Majalengka sekaligus menikmati TENAGA dari TANAGI khas negeri Sakura.,2026-02-03T11:37:56.112Z,ade sutisna,107754824022108123622,True,0,id,2026-05-04T16:21:53.202902
Ci9DQUlRQUNvZENodHljRjlvT2tZeWNYZ3RkV0ZCWm14ek16aENhM1Z4VmxSRFVHYxAB,ChIJp4HuXpYvby4R0rUWDGuLUJA,Tanagi Ramen Kohi,Majalengka,Nongkrong,4,"Cobain ramen naga merahnya, pedesnya melumer di lidah",2026-01-31T13:58:19.651Z,Tatang Gustawan,117931670600424320240,True,0,id,2026-05-04T16:21:53.202913
ChZDSUhNMG9nS0VJQ0FnSUNqbUtIOE93EAE,ChIJy4RXqqggby4RlVbgJ3g73OY,PIKNIK CAFE,Majalengka,Nongkrong,1,"tolong lebih ditingkatkan cara pelayanan ke konsumen ,terlebih cara bercanda dalam menghandle konsumen ,bukan konsumen yg harus mengerti pelayan tapi sebaliknya,waiters/barista harus lebih sopan,agar konsumen nyaman,tolong lebih diperhatikan lagi...",2024-04-17T14:48:14.036Z,imam gunawan,102154396050870145999,False,1,id,2026-05-04T16:21:53.202938
ChdDSUhNMG9nS0VJQ0FnSUMyamVDRHNBRRAB,ChIJy4RXqqggby4RlVbgJ3g73OY,PIKNIK CAFE,Majalengka,Nongkrong,5,"Rasa kopi hitamnya nomor 1 di Majalengka dan sekitar, rasanya ga kalah sama tempat kopi barista nomor 1 yang di jakarta. Top pokoknya.",2024-02-22T06:50:48.742Z,Denny R,100666125390215505487,True,0,id,2026-05-04T16:21:53.202971
ChdDSUhNMG9nS0VJQ0FnSUR0cFBIaDRRRRAB,ChIJy4RXqqggby4RlVbgJ3g73OY,PIKNIK CAFE,Majalengka,Nongkrong,2,Enak si cuma ada belatungnya semoga kedepan bisa perbaiki lagi dalam pengecekan topping mocktailnya biar gada yang merasa dirugikan,2024-02-02T15:32:59.892Z,Ridho Neiluz Zeinnafis,107461323069460433030,False,2,id,2026-05-04T16:21:53.202980
ChdDSUhNMG9nS0VJQ0FnSUNsLWZ6YS1BRRAB,ChIJy4RXqqggby4RlVbgJ3g73OY,PIKNIK CAFE,Majalengka,Nongkrong,5,"MY FAVORIT PLACE di leuwimunding untuk fokus ngerjain sesuatu. Aku selalu kesini karena tempatnya nyaman, biasanya ga berisik kecuali weekend hehe (tergantung jumlah orang yg datang), dan makanan minumannya enak juga terjangkau.
Oh iyaa baristanya ramah-ramah.
Ada 1 barista favorit buat aku, namanya oyen, hehe iya dia kucing gemoy endut mirip Garfield.",2023-11-22T11:58:31.438Z,Suci Ayunda L,115051392416476269010,False,0,id,2026-05-04T16:21:53.203020
Ci9DQUlRQUNvZENodHljRjlvT2tKSFNEWTNiVUprTkdWZk9EQldiRkpZYjBzd2QzYxAB,ChIJQQqxCwAhby4RZG2CvT-9VjE,Chisaka Ramen Rajagaluh Majalengka,Majalengka,Nongkrong,5,"makanannya enak, tekstur mie nya pas, topping nya gak pelit, salah satu spot ramen yang wajib di coba",2026-05-04T09:18:11.387Z,dora 123,103135087073671468765,False,0,id,2026-05-04T16:21:53.203030
Ci9DQUlRQUNvZENodHljRjlvT21oS1dYVlJSelZWV25aSVVXRnlNRGxoWW1JdGNsRRAB,ChIJQQqxCwAhby4RZG2CvT-9VjE,Chisaka Ramen Rajagaluh Majalengka,Majalengka,Nongkrong,5,"Tempatnya strategis,pelayanannya ramah,rasanya enak",2026-05-03T05:16:50.591Z,Anie Salon Makeup & Decoration,111418560297709040783,True,0,id,2026-05-04T16:21:53.203040
Ci9DQUlRQUNvZENodHljRjlvT2paamNrYzRWVEZEY0ZGUVJsQkVNVTVpWW1oMldtYxAB,ChIJQQqxCwAhby4RZG2CvT-9VjE,Chisaka Ramen Rajagaluh Majalengka,Majalengka,Nongkrong,5,Makananya enak rekomen Ramen di Rajagaluh,2026-05-03T05:05:05.002Z,Kang Isal,118020884185260079545,False,0,id,2026-05-04T16:21:53.203050
Ci9DQUlRQUNvZENodHljRjlvT2s5R1lsOWlkM2d4U1c1T1NYUkRWMGczWkRVd2NHYxAB,ChIJQQqxCwAhby4RZG2CvT-9VjE,Chisaka Ramen Rajagaluh Majalengka,Majalengka,Nongkrong,5,Enak banget setiap meeting sama klient disini karna menenangkan apalagi malem. Di sambut kasir yang ramah.,2026-05-01T06:42:19.222Z,Siska Aulia,106646142457550162077,False,0,id,2026-05-04T16:21:53.203059
Ci9DQUlRQUNvZENodHljRjlvT21zeFRtNVFUV05ZTTB0blVWSnZUR2QzU0VWQ0xVRRAB,ChIJQQqxCwAhby4RZG2CvT-9VjE,Chisaka Ramen Rajagaluh Majalengka,Majalengka,Nongkrong,5,"Mantep rasanya, mantep harganya",2026-03-27T03:36:27.698Z,DEPI SUNGKAWA,112921493438857881588,False,0,id,2026-05-04T16:21:53.203095
Ci9DQUlRQUNvZENodHljRjlvT2psaWIxOVdRMUJzY2sxbWRVb3pZVVJRY3pSaE1IYxAB,ChIJQQqxCwAhby4RZG2CvT-9VjE,Chisaka Ramen Rajagaluh Majalengka,Majalengka,Nongkrong,3,"Lain kali di cek lagi , masa saya nunggu smpe sejam datang kesitu jam 13.00 bru dapet makanan jam 14:30an , kalau ga D tanyain mungkin makanan saya ga dateng"" ,, masa saya datang duluan kesitu keduluan sama yg baru datang /baru pesen, bayangin aja nunggu berjam"" Bawa anak udah mah panas gerah.",2026-03-24T08:09:12.295Z,Ratih Nurhikmah,109079652378761553406,False,0,id,2026-05-04T16:21:53.203105
Ci9DQUlRQUNvZENodHljRjlvT2pZMmFYQllPRkpOUlZOck5HNVBla3hOTkVKa1ZsRRAB,ChIJQQqxCwAhby4RZG2CvT-9VjE,Chisaka Ramen Rajagaluh Majalengka,Majalengka,Nongkrong,4,Tadi waiting list 45 menit. Tapi nggak papa. Lagi nyantai juga. Kalo ramen nya lumayan si. Baru nyobain yang original.nanti kapan kapan nyobain yang lain biar tau mana yang lebih enak.,2026-03-22T09:16:47.504Z,Lani FazarAgustina,103654090964715400749,False,0,id,2026-05-04T16:21:53.203115
Ci9DQUlRQUNvZENodHljRjlvT2tvNFZIcHhOVGhSUXpSb1JqQllUa3RyU25NM1pXYxAB,ChIJQQqxCwAhby4RZG2CvT-9VjE,Chisaka Ramen Rajagaluh Majalengka,Majalengka,Nongkrong,5,"Enak banget ramennya, kiraen kurang semangkok eh ternyata kenyang banget...",2026-02-11T11:40:03.348Z,Himaa Warrii,118038755403301425034,False,0,id,2026-05-04T16:21:53.203134
Ci9DQUlRQUNvZENodHljRjlvT21wSk0zbFRWMlJDVDA1clJFOUJVelprZUhOUmJsRRAB,ChIJQQqxCwAhby4RZG2CvT-9VjE,Chisaka Ramen Rajagaluh Majalengka,Majalengka,Nongkrong,5,"tempat nya nyaman and makanan nya enak enak, harga murah best bnget pokonya 🤩🤩🤩",2026-02-07T00:42:39.308Z,Gais Ramadhan,106740486679673746049,False,0,id,2026-05-04T16:21:53.203142
Ci9DQUlRQUNvZENodHljRjlvT2twaFMzTjBZM1JsUTBKb1VIRjNNMnB0WDBaaWVtYxAB,ChIJQQqxCwAhby4RZG2CvT-9VjE,Chisaka Ramen Rajagaluh Majalengka,Majalengka,Nongkrong,5,"enak, harga worth it terjangkau banget, suasananya cozy banget, makanannya enak semua, ga cuma ramen, ada sushi, dimsum, nasi ayam, bnyak, minumannya juga enak semua",2026-01-21T17:59:09.795Z,mochi klepon,114533216068589857949,True,0,id,2026-05-04T16:21:53.203153
Ci9DQUlRQUNvZENodHljRjlvT201aGQza3RUSGd5VVVkbVYzVTVZMDFZZFdwaVZIYxAB,ChIJQQqxCwAhby4RZG2CvT-9VjE,Chisaka Ramen Rajagaluh Majalengka,Majalengka,Nongkrong,5,"Aku sudah beberapa kali berkunjung, minggu lalu mampir lagi pas lagi ramai ramainya.
Makanan keluar agak lama, tapi gak nyesel sama rasanya..
Dan waktu ambil minuman, ada tragedi minuman ku jatoh hehehe.. Tapi baiknya mas mas nya langsung nyamperin terus nge ganti minuman saya tanpa diminta..
Sukses selalu terimakasih atas pelayanannya",2026-01-16T17:08:02.867Z,Oskar Osiss,115355750192195526128,False,0,id,2026-05-04T16:21:53.203164
Ci9DQUlRQUNvZENodHljRjlvT2psdldURlpVa3REVTNsVE4wMVBVV3RKY2xkTE5IYxAB,ChIJQQqxCwAhby4RZG2CvT-9VjE,Chisaka Ramen Rajagaluh Majalengka,Majalengka,Nongkrong,2,"Pelayanan buruk, pesanan pecah tidak di ganti",2026-01-16T08:03:56.402Z,Ridayat,110147958324876259580,False,0,id,2026-05-04T16:21:53.203172
Ci9DQUlRQUNvZENodHljRjlvT2xod2FYUk9kMG8zTkRSNlNVbE1VUzFtU2tkU2VsRRAB,ChIJQQqxCwAhby4RZG2CvT-9VjE,Chisaka Ramen Rajagaluh Majalengka,Majalengka,Nongkrong,4,"ラーメンの味は本当に日本の味みたいよ。
美味しかった。👍🏻👍🏻👍🏻",2025-12-20T03:37:18.530Z,Nur Aditiana,100612406409775137343,True,0,ja,2026-05-04T16:21:53.203192
Ci9DQUlRQUNvZENodHljRjlvT2twb2RsTkZObHAyWVdKVWRsQjNOa3h6VXkxNFVrRRAB,ChIJQQqxCwAhby4RZG2CvT-9VjE,Chisaka Ramen Rajagaluh Majalengka,Majalengka,Nongkrong,4,"Lumayan Lama nunggunya, mungkin Karna rame juga, tapi nanti kalau liwat lagi mampir lagi.",2025-11-23T08:23:37.349Z,aep amaludin,103503653743943467808,True,0,id,2026-05-04T16:21:53.203202
Ci9DQUlRQUNvZENodHljRjlvT205bkxWUjBjRU5EV1dKSWRFNVdVVGwyUVdWTlkyYxAB,ChIJQQqxCwAhby4RZG2CvT-9VjE,Chisaka Ramen Rajagaluh Majalengka,Majalengka,Nongkrong,4,"Ramen nya enak, cuma sayang pelayanan nya sedikit kurang memuaskan
Pesan lebih dulu tapi mendahulukan pesanan yg baru datang :')",2025-11-09T10:39:04.267Z,Tantri D.E,103634048952688573147,False,0,id,2026-05-04T16:21:53.203213
Ci9DQUlRQUNvZENodHljRjlvT25GSk1qTlVRM2h1UWtORFVHTlBSazFOTTBrNWNGRRAB,ChIJQQqxCwAhby4RZG2CvT-9VjE,Chisaka Ramen Rajagaluh Majalengka,Majalengka,Nongkrong,5,pelayanan sangat ramah makanan sangat enak kuahnya bikin nagih dan tempat pun nyaman 💕🤣,2025-11-06T12:36:42.475Z,Nandita Rahmawati,104514334351719325086,False,0,id,2026-05-04T16:21:53.203222
Ci9DQUlRQUNvZENodHljRjlvT2xsSFMybFpTRU5wVFZSeFIxWllVMnQ0ZEVWZlFYYxAB,ChIJQQqxCwAhby4RZG2CvT-9VjE,Chisaka Ramen Rajagaluh Majalengka,Majalengka,Nongkrong,5,"salah satu ramen terdekat dari rumah, ramennya enakkpoll nagihh, dan pelayanannya baguss ramah ramahh, best lahh. tetap konsisten yaa 😉",2025-11-06T07:34:38.876Z,liyaaasyd,113255381199247542372,False,0,id,2026-05-04T16:21:53.203246
Ci9DQUlRQUNvZENodHljRjlvT2xBMlgwVktWamxoTnpGVGVVcFdkVmRSYkVsck1rRRAB,ChIJQQqxCwAhby4RZG2CvT-9VjE,Chisaka Ramen Rajagaluh Majalengka,Majalengka,Nongkrong,5,"Makanannya enak.
Asli.
Beda sama yang lain.
Kalian perlu mencobanya.

Untuk suasana.
Cuman saran aja.
Untuk sound musiknya.
Speakernya di bagi beberapa tempat saja.
Dan volumenya jangan kenceng2.
Jadi customer enak menikmati makanan sambil ngobrol2.
Kalau musiknya kenceng bagi saya mengganggu custemer yang lagi ngobrol..

Terimakasih.",2025-11-01T06:39:10.881Z,Arief Dedie,114972903534269272739,True,0,id,2026-05-04T16:21:53.203257
Ci9DQUlRQUNvZENodHljRjlvT205elJIWTBWekkxTkRjeFFrWmpPRzlIZVdwMWFtYxAB,ChIJQQqxCwAhby4RZG2CvT-9VjE,Chisaka Ramen Rajagaluh Majalengka,Majalengka,Nongkrong,5,Ramen langganan kalo pas lg pengen ramen,2025-10-04T09:23:54.392Z,Ike Heppiyani,110529756358090970780,True,0,id,2026-05-04T16:21:53.203267
Ci9DQUlRQUNvZENodHljRjlvT2xCVU1rcDNRbWxvV0VkYVUxUkdabTUzZW5SWWVVRRAB,ChIJQQqxCwAhby4RZG2CvT-9VjE,Chisaka Ramen Rajagaluh Majalengka,Majalengka,Nongkrong,5,"Pelayanan yang sangat baik dan ramah, tidak sombong, makanan nya pun enak, apalagi dengan minuman nya seger dan sehat dibadan😁",2025-10-03T11:42:05.085Z,Dini Euis,109224949348230307910,False,0,id,2026-05-04T16:21:53.203283
Ci9DQUlRQUNvZENodHljRjlvT2kxbFowcDZkM2M1UjFsWExXSjJSbFphVFVwNmRWRRAB,ChIJQQqxCwAhby4RZG2CvT-9VjE,Chisaka Ramen Rajagaluh Majalengka,Majalengka,Nongkrong,4,2x ksni pas grandopening sm bln maret.enak2 mknnnya tmptya lmn luas.parkir ada.musholapun ada.,2025-09-03T09:36:19.285Z,ani Suciani,110549531621603032776,True,0,id,2026-05-04T16:21:53.203320
Ci9DQUlRQUNvZENodHljRjlvT2pCVk1FNVVlVEZKT1V0UGEzbDZVRFV0YjJsbk1WRRAB,ChIJQQqxCwAhby4RZG2CvT-9VjE,Chisaka Ramen Rajagaluh Majalengka,Majalengka,Nongkrong,3,"Rasa nya biasa aja, cmn nunggu nya lama banget hampir 40menitan, padahal gk banyak org yg dtg. Pas dtg kuahnya gk panas,",2025-08-15T11:15:58.585Z,iwan ridwan,107426166326163343569,False,0,id,2026-05-04T16:21:53.203346
Ci9DQUlRQUNvZENodHljRjlvT2pkeGRFSnpZa2czZWxCMWNtZFhabXBrUVZWR1prRRAB,ChIJQQqxCwAhby4RZG2CvT-9VjE,Chisaka Ramen Rajagaluh Majalengka,Majalengka,Nongkrong,5,Suasana dipinggir sungai dan dibawah jembatan menambah kenikmatan tersendiri,2025-07-29T06:10:56.484Z,Taman Cikeruh,115864850913029588304,False,0,id,2026-05-04T16:21:53.203356
Ci9DQUlRQUNvZENodHljRjlvT25CdFlVcHFWVmQ0TWs5MVVHdGhPVlZGYlVGbVlrRRAB,ChIJQQqxCwAhby4RZG2CvT-9VjE,Chisaka Ramen Rajagaluh Majalengka,Majalengka,Nongkrong,5,"buat kalian yg mau kesini tpi aga ragu ggra rating orng² klo kalian bnr² penasaran kesini aja krna lidah setiap orng tuu beda² ya tmn², aku juga awalnya gitu cmn ternyata enakk ramennya, cmn emng iya mie nya kyk mie biasa yg kemasan tpi enak harganya juga ramah dikantong❤️❤️❤️",2025-06-22T11:01:00.658Z,Mia Nurul Aulia,116553263205728394239,False,0,id,2026-05-04T16:21:53.203373
ChdDSUhNMG9nS0VOV1Z0OEctLTl2N21nRRAB,ChIJQQqxCwAhby4RZG2CvT-9VjE,Chisaka Ramen Rajagaluh Majalengka,Majalengka,Nongkrong,1,"Ga rekomend ini bukan ramen pait pedes nya mie nya juga kaya mie Indomie ❌❌❌❌ enak di Rajagaluh atas t'samie ramen nya jelas itu 100% ramen

Maaf sy review jujur biar yg beli ga ketipu",2025-06-03T12:56:45.238Z,Ina Febiyanti,101498959610852370440,False,0,id,2026-05-04T16:21:53.203385
ChZDSUhNMG9nS0VMam5uc1Rud2NxakhBEAE,ChIJQQqxCwAhby4RZG2CvT-9VjE,Chisaka Ramen Rajagaluh Majalengka,Majalengka,Nongkrong,4,"Utk makanan & minuman rata2 enak semua. Tempat duduk nyaman utk menikmati hidangan. Lokasi strategis, tp parkiran agak pas2an buat mobil ketika bnyk motor yg parkir. Naahh...cuma kok tdk ada area yg bisa utk merokok, tp gpp lah mgkn konsepnya begitu...overall siip makan disini...salam sukses selalu..",2025-05-07T09:50:00.602Z,Inung Tri Hartono,103027025073577762391,False,0,id,2026-05-04T16:21:53.203403
ChZDSUhNMG9nS0VOekszSW14aTgtMWVnEAE,ChIJQQqxCwAhby4RZG2CvT-9VjE,Chisaka Ramen Rajagaluh Majalengka,Majalengka,Nongkrong,4,"So far, makanan lumayan enak. Parkir mobil kurang memadai. Tidak ada smoking area. Toilet bersih.",2025-05-07T09:45:13.754Z,Adhadi,104906001881596764709,True,0,id,2026-05-04T16:21:53.203412
ChdDSUhNMG9nS0VJQ0FnTUNvamQycTBBRRAB,ChIJQQqxCwAhby4RZG2CvT-9VjE,Chisaka Ramen Rajagaluh Majalengka,Majalengka,Nongkrong,3,"ramennya enakkk, tapi beef nya alot next time mungkin bisa diperbaiki kedepannya ya",2025-04-19T00:46:18.896Z,Arya Fadhillah,100470634464230984702,False,0,id,2026-05-04T16:21:53.203440
ChdDSUhNMG9nS0VJQ0FnTUNvOHI3MzZnRRAB,ChIJQQqxCwAhby4RZG2CvT-9VjE,Chisaka Ramen Rajagaluh Majalengka,Majalengka,Nongkrong,1,"Sushinya ga fresh, ada bagian yg asam entah apa itu. Pulang dr sini diare.",2025-04-16T04:06:09.547Z,Maya Aditia,111856582363194224565,True,0,id,2026-05-04T16:21:53.203450
ChdDSUhNMG9nS0VJQ0FnTURJemRhY3JBRRAB,ChIJQQqxCwAhby4RZG2CvT-9VjE,Chisaka Ramen Rajagaluh Majalengka,Majalengka,Nongkrong,4,家鄉新開的拉麵店聽說是連鎖店來吃時牛肉料理都賣完了只能吃別種料理生意真好,2025-04-12T04:03:11.403Z,楊羊,112613370236340984421,True,0,zh-Hant,2026-05-04T16:21:53.203467
ChdDSUhNMG9nS0VJQ0FnTURJb3A2ODZBRRAB,ChIJQQqxCwAhby4RZG2CvT-9VjE,Chisaka Ramen Rajagaluh Majalengka,Majalengka,Nongkrong,3,"Makanan enak, namun pelayan tidak ramah jutek",2025-04-08T10:32:52.239Z,Ilham f,101263452850310468411,False,0,id,2026-05-04T16:21:53.203476
ChZDSUhNMG9nS0VJQ0FnTUNJNDcyNmZ3EAE,ChIJQQqxCwAhby4RZG2CvT-9VjE,Chisaka Ramen Rajagaluh Majalengka,Majalengka,Nongkrong,3,"Untuk makanan terbilang enak. Kuah kaldunya enak dan segar sehingga tidak cepat ‘enek’ ketika memakannya. Porsinya pun cukup dan toppingnya lengkap. Lalu untuk suasananya juga nyaman dilengkapi penerangan yang cukup terang sehingga memberikan kesan hangat.
Namun cukup disayangkan dari pelayanan karyawannya kurang memuaskan, seperti :
1. Kurang komunikatif.
2. Terdapat beberapa karyawan yang kurang menerapkan 5S (Senyum, Salam, Sapa, Sopan dan Santun)
3. Ketika konsumen sudah selesai makan namun masih menunggu makanan untuk dibawa pulang tapi meja dibersihkan, seakan-akan mengusir secara halus.
4. Pelayanan yang cukup lama.
Semoga masukan dan diatas bisa dijadikan bahan improve kedepannya dan semoga semakin sukses kedepannya !!!",2025-04-04T11:14:41.880Z,Muhamad Hapiz Zulkarnaen,104098156291501394764,False,0,id,2026-05-04T16:21:53.203487
ChdDSUhNMG9nS0VJQ0FnTUNJb19MXzd3RRAB,ChIJQQqxCwAhby4RZG2CvT-9VjE,Chisaka Ramen Rajagaluh Majalengka,Majalengka,Nongkrong,1,"Pelayanan nya lama bgt,mungkin karna datang di jam istirahat. Sampe nunggu 2 jam",2025-04-04T09:40:57.864Z,Feni Listriyanti,105806869792085438783,False,0,id,2026-05-04T16:21:53.203503
ChdDSUhNMG9nS0VJQ0FnTUNJbzZqZWlBRRAB,ChIJQQqxCwAhby4RZG2CvT-9VjE,Chisaka Ramen Rajagaluh Majalengka,Majalengka,Nongkrong,1,"Tolong ini pelayanan nya agak di percepat masa iyaa harus nunggu hampir 2 jam, alesanya istirahat, mana ada istirahat sampe 1jam lebih",2025-04-04T09:29:46.637Z,Matt StoreGaming,115887419462212710488,False,0,id,2026-05-04T16:21:53.203514
ChdDSUhNMG9nS0VJQ0FnTUNJbzRpS2hnRRAB,ChIJQQqxCwAhby4RZG2CvT-9VjE,Chisaka Ramen Rajagaluh Majalengka,Majalengka,Nongkrong,1,"Nunggu istirahat nya lama banget katanya setengah jam, sampe 1 jam lebih nunggu istirahat.",2025-04-04T09:29:02.301Z,Silvi Haryanto,116331987899494982222,False,0,id,2026-05-04T16:21:53.203526
ChdDSUhNMG9nS0VJQ0FnTUNJX3JmZm5RRRAB,ChIJQQqxCwAhby4RZG2CvT-9VjE,Chisaka Ramen Rajagaluh Majalengka,Majalengka,Nongkrong,1,"Restonya agak laen, di depan break sampai jam 18.00 kami datang jam 18.45 dan belum bisa order paling 19.30 dan jam 20.00 close order. Apakah ini laku banget ya dan enak makanannya baru kali ini jam makan malah break close order. Jauh2 pengen makan ramen malah close order unik bikin bisnis F&B pas jam makan malah break bukannya lg rame-ramenya yak.",2025-04-02T12:01:06.869Z,Aef Syaiful Anwar,110338938273274802183,True,0,id,2026-05-04T16:21:53.203537
ChdDSUhNMG9nS0VJQ0FnSURCMF9Lb3R3RRAB,ChIJyZsI31svby4RbuSXSA8NbO0,ROAKRAK,Majalengka,Nongkrong,5,"Pengalaman pertama makan lontong sayur di kedai makan dia putra.. Rasanya enak, ada gorengan bala2 jg dan harga murah ya cocok dikantong..
Harga lontong sayur+bala2= 14k.

Mesti coba ya guys",2023-01-28T01:12:36.592Z,aditya nurhidayat,109491758923242948668,True,3,id,2026-05-04T16:21:53.203634
ChdDSUhNMG9nS0VJQ0FnSUQtcklLQzdRRRAB,ChIJyZsI31svby4RbuSXSA8NbO0,ROAKRAK,Majalengka,Nongkrong,5,Kalo malam cemilannya udah habis,2022-11-23T09:04:09.265Z,Hakim Haidari,106911636779520708234,True,0,id,2026-05-04T16:21:53.203650
ChZDSUhNMG9nS0VJQ0FnSUR1bi16T1pBEAE,ChIJyZsI31svby4RbuSXSA8NbO0,ROAKRAK,Majalengka,Nongkrong,5,"Kedai kopi kreatif bikin point of sales sendiri, tertarik sama system nya nih",2022-09-02T04:19:27.993Z,cariCoding 10,105201421481586082299,False,1,id,2026-05-04T16:21:53.203689
ChdDSUhNMG9nS0VJQ0FnSUN1NnNpQTBnRRAB,ChIJyZsI31svby4RbuSXSA8NbO0,ROAKRAK,Majalengka,Nongkrong,5,"Pilihan kopinya banyak banget enak2, tempat tongkrongannya nyaman",2022-07-26T01:52:11.545Z,Dede Abu Wizdan,105143159535719973326,True,0,id,2026-05-04T16:21:53.203698
Ci9DQUlRQUNvZENodHljRjlvT21nMkxXbGxja0ZvYm1acWVrZExZVEEzTlZsRFQwRRAB,ChIJRfwjUwAvby4R9wloKzxlNL0,TOMORO COFFEE - MAJALENGKA,Majalengka,Nongkrong,1,"Bau banget rokok, charger di motor hilang njirrrr",2026-05-01T14:56:10.456Z,dkkk aaa,112742816810703191595,True,0,id,2026-05-04T16:21:53.203715
Ci9DQUlRQUNvZENodHljRjlvT2tScVNVbE5VamxXVkRoaGVUaDFkRE5DUW5jM2JXYxAB,ChIJRfwjUwAvby4R9wloKzxlNL0,TOMORO COFFEE - MAJALENGKA,Majalengka,Nongkrong,5,"Tempat nyaman, banyak colokan, tp ruangan non smoking nya kecil",2026-04-23T10:18:44.223Z,Hendi Maryanto,106672048444418189741,False,0,id,2026-05-04T16:21:53.203725
Ci9DQUlRQUNvZENodHljRjlvT2xObE1sRlNOblJqV0hSR2NIRnlVMWszU2xrNVgxRRAB,ChIJRfwjUwAvby4R9wloKzxlNL0,TOMORO COFFEE - MAJALENGKA,Majalengka,Nongkrong,5,"Anak aku suka banget kesinii, coffenya enak dan katanya baristanya asik2😆😆",2026-04-21T16:26:18.046Z,Dinda Wiguna Septiani,105930386459712354317,False,0,id,2026-05-04T16:21:53.203738
Ci9DQUlRQUNvZENodHljRjlvT210VlJFUmhUMkZRY1hWclkyOHpjWGxIVUcxSloyYxAB,ChIJRfwjUwAvby4R9wloKzxlNL0,TOMORO COFFEE - MAJALENGKA,Majalengka,Nongkrong,5,setiap pulsek selalu kesini bahkan sampe weekend aja harus kesini. Service is really good and everything in the menu also was just perfect🤍🤍,2026-04-16T09:46:37.494Z,honkai ntoro,103067426594221279206,False,0,id,2026-05-04T16:21:53.203748
Ci9DQUlRQUNvZENodHljRjlvT2xWV1FUSlRkazFwUXkxTVNtZEpiMEp3U1dGMFEyYxAB,ChIJRfwjUwAvby4R9wloKzxlNL0,TOMORO COFFEE - MAJALENGKA,Majalengka,Nongkrong,5,"Lovee this place so muchh, alot of unique things in the menu, dan overall very good sihh",2026-04-16T09:41:07.550Z,Ashetic Hamster,114282132976807608671,False,0,en,2026-05-04T16:21:53.203757
Ci9DQUlRQUNvZENodHljRjlvT25Vd1l6bEZlbTkzTTJ4UFZFdDJXVkZHZFhCM2RXYxAB,ChIJRfwjUwAvby4R9wloKzxlNL0,TOMORO COFFEE - MAJALENGKA,Majalengka,Nongkrong,5,"emang no debat sih best coffe in town😭😭
Pelayanannya bagus bgt, aa sama tetehnya baik dan ramah buangett",2026-04-16T09:39:09.427Z,tak Dianggap,115909147830962165019,False,0,id,2026-05-04T16:21:53.203767
Ci9DQUlRQUNvZENodHljRjlvT2pGTGQzZFJSVkJrUVhwVU5WZENhMWQwTWtjemFHYxAB,ChIJRfwjUwAvby4R9wloKzxlNL0,TOMORO COFFEE - MAJALENGKA,Majalengka,Nongkrong,5,"Sering banget aku kesini sama temen temen, buat ngerjain tugas sama hang outt, coffe and the service was number 1 sihh, really good service disinii, baristnya ramah2",2026-04-16T09:37:59.243Z,Recio Praggya,113984608289957660575,False,0,id,2026-05-04T16:21:53.203776
Ci9DQUlRQUNvZENodHljRjlvT21KamNsRnZMVlV4YVRCVlFsRkljRlJOT1RGR1JFRRAB,ChIJRfwjUwAvby4R9wloKzxlNL0,TOMORO COFFEE - MAJALENGKA,Majalengka,Nongkrong,5,"Kemarin kesini sama anak, wah pelayananny top markotop😍😍, coffenya enak sekalii pokoknya bestt👍👍👍👍",2026-04-16T09:36:30.323Z,nnael stok,110377309848080733430,False,0,id,2026-05-04T16:21:53.203785
Ci9DQUlRQUNvZENodHljRjlvT21GaFZERndiR04xUkhGVFpVMHRRMFU0TmxsV2EwRRAB,ChIJRfwjUwAvby4R9wloKzxlNL0,TOMORO COFFEE - MAJALENGKA,Majalengka,Nongkrong,5,"Makanannya enak bangttt dan servicenya oke bangett, jadi makin nyaman buat ngerjain tugas disini",2026-04-16T09:17:10.372Z,Suhendi Diki,101787896981247239858,False,0,id,2026-05-04T16:21:53.203795
Ci9DQUlRQUNvZENodHljRjlvT20xSmVsTlZjbUpGUVdWUmFsTlpkR3hPYVRCelZtYxAB,ChIJRfwjUwAvby4R9wloKzxlNL0,TOMORO COFFEE - MAJALENGKA,Majalengka,Nongkrong,5,kopi nya enak👍👍👍,2026-04-15T10:58:23.574Z,Rizki Alamsyah,105974919128621752735,False,0,id,2026-05-04T16:21:53.203820
Ci9DQUlRQUNvZENodHljRjlvT25NMVpHSnFjVFJxV2t0WFlXSnJaM1JOYWpGMVIwRRAB,ChIJRfwjUwAvby4R9wloKzxlNL0,TOMORO COFFEE - MAJALENGKA,Majalengka,Nongkrong,5,"Recomend buat gen z, apa lagi nyatu sama tempat billiard",2026-04-13T13:24:14.421Z,Arthur De Capro,109743439301237299771,False,0,ms,2026-05-04T16:21:53.203875
Ci9DQUlRQUNvZENodHljRjlvT21aek0xZFBWM0I0U1V4MWFVZEdiVE5rUVhWVlpFRRAB,ChIJRfwjUwAvby4R9wloKzxlNL0,TOMORO COFFEE - MAJALENGKA,Majalengka,Nongkrong,5,"sangatt murah,tempatnyaa sangat nyamann",2026-04-13T13:23:14.839Z,Maria Merlinda,102364517288929733629,False,0,ms,2026-05-04T16:21:53.203885
Ci9DQUlRQUNvZENodHljRjlvT2t3eWJXcGhiSEJ5U1d4aVdqQjNiV2t0WDNOdFpVRRAB,ChIJxdKp9r4vby4RpVwJAC9UXCk,KOPI HOOK,Majalengka,Nongkrong,5,"Untuk Vietnam drip dan es kopi susu hook bya enak, Pelayanan ramah, Parkiran luas aman",2026-03-03T15:31:43.532Z,Wildan Fadlila,115742068586845223983,True,0,id,2026-05-04T16:21:53.203897
ChdDSUhNMG9nS0VKTGtyZFRlcHNIaHNnRRAB,ChIJxdKp9r4vby4RpVwJAC9UXCk,KOPI HOOK,Majalengka,Nongkrong,5,Kopi terlezat se majalengka,2025-06-14T12:03:10.550Z,ASSCo Komputer,114002117677431673763,True,0,id,2026-05-04T16:21:53.203961
Ci9DQUlRQUNvZENodHljRjlvT25KRVVGRldiSGcxU0VSU1pqTk1RVWxOUTBrNVdFRRAB,ChIJxdKp9r4vby4RpVwJAC9UXCk,KOPI HOOK,Majalengka,Nongkrong,5,Mantap nih kopi hook cocok buat nongkrong,2025-06-11T16:07:02.441Z,nur arif Budiyono,112604042954642169329,True,0,id,2026-05-04T16:21:53.203969
ChdDSUhNMG9nS0VJV1hrdHI1MmV1NDJRRRAB,ChIJxdKp9r4vby4RpVwJAC9UXCk,KOPI HOOK,Majalengka,Nongkrong,5,"Kopi nya enak bjirr, dari luar tempat nya keliatan biasa aja tapi dalem nya adem puoll, bagus banget sii kalo buat nongkrong juga, ada mainannya juga",2025-06-04T13:02:15.394Z,Denisa Khoirunnisa Aulia Asmansyah,101035750208568593220,False,0,id,2026-05-04T16:21:53.203978
ChZDSUhNMG9nS0VKamYtZXFINmFXUU9BEAE,ChIJxdKp9r4vby4RpVwJAC9UXCk,KOPI HOOK,Majalengka,Nongkrong,4,"Bangunan nya estetik, ada outdoor seating namun indoor seating nya terbatas. Pesan piccolo latte, oke rasanya nothing spesial.",2025-05-31T12:09:54.440Z,Alexandro J. Utji,113420963886250146209,True,0,id,2026-05-04T16:21:53.203987
ChZDSUhNMG9nS0VJQ0FnTURvdXQyZU1BEAE,ChIJxdKp9r4vby4RpVwJAC9UXCk,KOPI HOOK,Majalengka,Nongkrong,4,"Baru di renovasi, tempatnya jadi lebih asik untuk nongkrong. Buka dari jam 8 sampai close order jam 11 malam. Must try",2025-04-24T03:47:09.095Z,Dwi J,111896962580737778330,True,0,id,2026-05-04T16:21:53.203996
ChZDSUhNMG9nS0VJQ0FnTUNvaU5iblJBEAE,ChIJxdKp9r4vby4RpVwJAC9UXCk,KOPI HOOK,Majalengka,Nongkrong,5,mantap buat nyantai..tapi kalo bisa menu nya lebih di perbanyak lagi yaa😉,2025-04-14T15:55:45.184Z,Rumput Tetangga,111953507309811383769,True,0,id,2026-05-04T16:21:53.204019
ChdDSUhNMG9nS0VJQ0FnSUNqdzlEWXJnRRAB,ChIJxdKp9r4vby4RpVwJAC9UXCk,KOPI HOOK,Majalengka,Nongkrong,5,mantap dan adem banget,2024-04-25T04:17:41.154Z,erick burixz,105823177258975130998,True,0,id,2026-05-04T16:21:53.204049
ChdDSUhNMG9nS0VJQ0FnSUQyMTl5dHR3RRAB,ChIJyZsI31svby4RbuSXSA8NbO0,ROAKRAK,Majalengka,Nongkrong,5,Nice place to hang out 👌🏻👍🏻,2022-05-27T16:50:52.596Z,Indra Syarifudin,114433787081522862005,False,1,en,2026-05-04T16:21:53.204057
ChdDSUhNMG9nS0VJQ0FnSURXaHBfZHNnRRAB,ChIJyZsI31svby4RbuSXSA8NbO0,ROAKRAK,Majalengka,Nongkrong,5,Tempat yg nyaman buat ngobrol,2022-03-22T14:19:36.597Z,Dede Sunarya,117799558559444605013,True,0,id,2026-05-04T16:21:53.204077
ChZDSUhNMG9nS0VJQ0FnSURtOWVfQUZ3EAE,ChIJyZsI31svby4RbuSXSA8NbO0,ROAKRAK,Majalengka,Nongkrong,4,Cukup cozy buat ngumpul santai sama kawan ataupun saudara. Minuman lumayan beragam dengan harga masuk akal. Sayang cemilan buat ngopi masih kurang variatif.,2022-02-05T06:33:25.632Z,Ending Khoerudin,112451596904363801431,True,0,id,2026-05-04T16:21:53.204122
ChdDSUhNMG9nS0VJQ0FnSURHdC1LLTlBRRAB,ChIJyZsI31svby4RbuSXSA8NbO0,ROAKRAK,Majalengka,Nongkrong,5,Kopinya dan snacknya enak. Tempatnya juga tenang,2021-12-12T14:23:38.334Z,Rizaldi Habibie,106932733263770224067,True,0,id,2026-05-04T16:21:53.204206
ChdDSUhNMG9nS0VJQ0FnSURHbTZ6NzlRRRAB,ChIJyZsI31svby4RbuSXSA8NbO0,ROAKRAK,Majalengka,Nongkrong,5,Tempat yang hangat..sehangat keluarga,2021-12-10T06:32:01.930Z,Vedi Sumantri,102384587139362337652,True,0,ms,2026-05-04T16:21:53.204217
ChZDSUhNMG9nS0VJQ0FnSURHeXZicEt3EAE,ChIJyZsI31svby4RbuSXSA8NbO0,ROAKRAK,Majalengka,Nongkrong,5,Ada tempat bermain anak dan makanan,2021-11-24T05:54:41.632Z,Opik Nurohman,116934243416263838828,False,0,id,2026-05-04T16:21:53.204273
Ci9DQUlRQUNvZENodHljRjlvT2xVeVVsUXRkMkl4U1ZSc2RscHBWRUpLUWpSUE9YYxAB,ChIJRfwjUwAvby4R9wloKzxlNL0,TOMORO COFFEE - MAJALENGKA,Majalengka,Nongkrong,5,"Salah satu tempat yang wajib bgt kalian kunjungi sih, selain menu kopi nya banyak tempatnya juga nyaman bgt, enak buat ngobrol lama.. And the most important, pelayanan dari akang teteh barista nya luar biasaaaa service excelent banget pokoknya.. Thanks you yaaaa ✨✨✨✨✨",2026-04-10T06:30:50.960Z,Risa Balqissa Azalia,102969096626430942425,True,0,id,2026-05-04T16:21:53.204334
Ci9DQUlRQUNvZENodHljRjlvT2tad1UxZHpNak5tTmtONFowZENkVzV1TlMwNE1FRRAB,ChIJRfwjUwAvby4R9wloKzxlNL0,TOMORO COFFEE - MAJALENGKA,Majalengka,Nongkrong,5,"Salah satu coffee shop favorit untuk nongkrong. Pelayanannya bagus, kasir dan baristanya ramah. Racikan minumannya enak.",2026-04-10T06:30:47.082Z,Laras Riyani,112107204056870872170,False,0,id,2026-05-04T16:21:53.204343
Ci9DQUlRQUNvZENodHljRjlvT2pCUmN6aGxha1k0YWpKUWNqTkhNR0ozZDNCTFkyYxAB,ChIJRfwjUwAvby4R9wloKzxlNL0,TOMORO COFFEE - MAJALENGKA,Majalengka,Nongkrong,5,"nice place, luve",2026-04-08T05:34:41.435Z,yuniartria,113332129837913128081,False,0,en,2026-05-04T16:21:53.204379
Ci9DQUlRQUNvZENodHljRjlvT2xkZlNVUjFkMXBHWkZkVFkxWjZXVnBmYkhRd2EzYxAB,ChIJRfwjUwAvby4R9wloKzxlNL0,TOMORO COFFEE - MAJALENGKA,Majalengka,Nongkrong,5,Good place for working space,2026-04-07T07:12:35.944Z,Hilda Nur Fauziah,103519273154129056387,False,0,en,2026-05-04T16:21:53.204395
Ci9DQUlRQUNvZENodHljRjlvT2pCWGJXWkVUbUpSYkc5RVVUVmxiblJpWkVkNFYwRRAB,ChIJRfwjUwAvby4R9wloKzxlNL0,TOMORO COFFEE - MAJALENGKA,Majalengka,Nongkrong,5,"Pelayanan bagus, cepat, rensponsif! Tempatnya enakk ada billiard!",2026-04-07T07:07:21.949Z,Putri Azzahra,109867427929687574271,False,0,id,2026-05-04T16:21:53.204403
Ci9DQUlRQUNvZENodHljRjlvT21GRWNIQkVjR3MxVUc5bVdHRkRiVzFrV2todWIxRRAB,ChIJRfwjUwAvby4R9wloKzxlNL0,TOMORO COFFEE - MAJALENGKA,Majalengka,Nongkrong,5,"Temmpatnya nyaman, pelayanannya baik🤙🏻",2026-04-07T05:02:08.122Z,Tika Surtikayati,113064513893759603438,False,0,id,2026-05-04T16:21:53.204423
ChdDSUhNMG9nS0VJQ0FnSUNIMzR6RC1RRRAB,ChIJRfwjUwAvby4R9wloKzxlNL0,TOMORO COFFEE - MAJALENGKA,Majalengka,Nongkrong,5,tempatnya asik banget,2026-04-06T15:34:18.241Z,Zhran Rmdani,101727724640955348642,False,0,id,2026-05-04T16:21:53.204431
ChdDSUhNMG9nS0VJQ0FnSUR5ck1xczR3RRAB,ChIJxdKp9r4vby4RpVwJAC9UXCk,KOPI HOOK,Majalengka,Nongkrong,5,Tempatnya nyaman dan tentram,2023-12-27T14:28:06.689Z,Ano Herdiyano,114548880822315681395,True,0,id,2026-05-04T16:21:53.204447
ChZDSUhNMG9nS0VJQ0FnSURab3ZQelhnEAE,ChIJxdKp9r4vby4RpVwJAC9UXCk,KOPI HOOK,Majalengka,Nongkrong,5,"Tempat ngechill nyaman, makanan rekomended enak dan ramah dikantong.
Kali ini aq pesen ice sukoci (susu kocok leci) lucu namanya...tapi soal rasa enyaakk...dan temen pesen hot chocolate..
Untuk cemilan langsung pesen 3, dimsum, otak2 dan schotel macaroni....
Buat makan berdua lumayan ngeganjel hehe
Temen2 sobat majalengka dsini cocok buat ngosan (ngobrol santai).

Yuukk dicobain...",2023-09-27T11:47:57.561Z,Jwien Jogja,111243186633828835795,True,0,id,2026-05-04T16:21:53.204462
ChdDSUhNMG9nS0VJQ0FnSURweVpMTi1BRRAB,ChIJxdKp9r4vby4RpVwJAC9UXCk,KOPI HOOK,Majalengka,Nongkrong,5,bageur A Andres na,2023-08-24T12:02:33.516Z,yanyan mardiana adnan,105724530220978213670,False,0,su,2026-05-04T16:21:53.204472
ChZDSUhNMG9nS0VJQ0FnSURwcG8yRmR3EAE,ChIJxdKp9r4vby4RpVwJAC9UXCk,KOPI HOOK,Majalengka,Nongkrong,5,Tempat nyaman buat ngobrol,2023-08-21T06:10:37.457Z,Dhoans Rama Yuanto Al Haq,111767066178833267188,True,0,id,2026-05-04T16:21:53.204482
ChdDSUhNMG9nS0VJQ0FnSUNKMDdHZWtRRRAB,ChIJxdKp9r4vby4RpVwJAC9UXCk,KOPI HOOK,Majalengka,Nongkrong,5,"Tempat enak sih buat santai dari suara"" kendaraan, kopinya mantap""",2023-07-04T12:30:44.309Z,Dede Sumarna,107033534785725377460,True,0,id,2026-05-04T16:21:53.204497
ChZDSUhNMG9nS0VJQ0FnSUN4bGNmdUhREAE,ChIJxdKp9r4vby4RpVwJAC9UXCk,KOPI HOOK,Majalengka,Nongkrong,5,pilihan terbaik untuk nongkrong dengan suasana friendly,2023-05-22T15:00:56.046Z,Firman Abdul Zaelani,107679975380107193268,False,0,id,2026-05-04T16:21:53.204506
ChdDSUhNMG9nS0VJQ0FnSUNXdU5pazhRRRAB,ChIJxdKp9r4vby4RpVwJAC9UXCk,KOPI HOOK,Majalengka,Nongkrong,4,"Tempat parkir tersedia, tapi ga luas, klo ada motor, mobil bakal susah parkir, palingan mobil di pinggir jalan.

Cappuccino hot. Harga 16k.

Pisang crispy. Harga 15k.",2022-02-17T13:47:55.048Z,Agisha,109496338282562924449,True,1,id,2026-05-04T16:21:53.204567
ChdDSUhNMG9nS0VJQ0FnSUNtdWVfUHVBRRAB,ChIJxdKp9r4vby4RpVwJAC9UXCk,KOPI HOOK,Majalengka,Nongkrong,5,"Tempat kopi yang punya signature nya sendiri, selain itu di kopi hook dapat menyewa peralatan camping ataupun hiking",2022-01-03T10:41:00.878Z,Deby Muhamad Budi,110289574906824526790,True,0,id,2026-05-04T16:21:53.204576
Ci9DQUlRQUNvZENodHljRjlvT2xOVFEwVnVRMUU0VFMxcFpreE1lVTlyWXpsRmQxRRAB,ChIJRfwjUwAvby4R9wloKzxlNL0,TOMORO COFFEE - MAJALENGKA,Majalengka,Nongkrong,5,"tempatnya bagus,ramah dan baik",2026-04-06T15:32:12.536Z,Zhran fikhriansyah,108569245786080121244,False,0,id,2026-05-04T16:21:53.204602
Ci9DQUlRQUNvZENodHljRjlvT2xBM1IzVXhhblJ3ZWpkSGRqbEZUVkZQYzBaUVUwRRAB,ChIJRfwjUwAvby4R9wloKzxlNL0,TOMORO COFFEE - MAJALENGKA,Majalengka,Nongkrong,5,matchaa latteee nya NYAMIIII!!!!!♡♡♡♡♡,2026-03-31T06:30:07.898Z,urelliaau,113539166172014300936,False,0,fi,2026-05-04T16:21:53.204639
Ci9DQUlRQUNvZENodHljRjlvT2xoSmJEQkJVRmhGVkVOdlpHOUdiR1E0VFZCYU1YYxAB,ChIJRfwjUwAvby4R9wloKzxlNL0,TOMORO COFFEE - MAJALENGKA,Majalengka,Nongkrong,5,Cerita dari Majalengka,2026-03-29T11:23:29.405Z,Mochamad Angga,111843158682122434063,True,0,id,2026-05-04T16:21:53.204655
Ci9DQUlRQUNvZENodHljRjlvT2poaFYzQllVVEV3TFVoVVVHcFVVMGxtYkRFemNuYxAB,ChIJRfwjUwAvby4R9wloKzxlNL0,TOMORO COFFEE - MAJALENGKA,Majalengka,Nongkrong,5,tempatnya nyaman dan bersih,2026-03-16T14:19:03.725Z,Syifa Ainayya,109813825900514998902,False,0,id,2026-05-04T16:21:53.204670
ChZDSUhNMG9nS0VJQ0FnSURHMkpHS0VnEAE,ChIJyZsI31svby4RbuSXSA8NbO0,ROAKRAK,Majalengka,Nongkrong,3,Tempat enakeun.. Kopina lagi out of stok,2021-11-17T15:58:14.714Z,harri indrayana,113900811785496796888,True,0,su,2026-05-04T16:21:53.204709
ChZDSUhNMG9nS0VJQ0FnSUQ2a05TTkNBEAE,ChIJyZsI31svby4RbuSXSA8NbO0,ROAKRAK,Majalengka,Nongkrong,5,"Senang saya belanja disini,pelayanan ramah harga pantastis.",2021-09-18T06:13:25.559Z,Yati Sri,111979671063078727108,True,0,id,2026-05-04T16:21:53.204787
Ci9DQUlRQUNvZENodHljRjlvT2pOdE1rY3RUMUZ0VFhSMmFXOU9SakZrWWxodWJYYxAB,ChIJZ5p1wcwvby4RX9NkwoG-9EA,Fiksi Coffee 2.0,Majalengka,Nongkrong,1,TOLONG BENERIN AC NYA PANAS BANGET,2026-05-03T09:40:34.405Z,Jihad Hawari,113902172489515575124,True,0,id,2026-05-04T16:21:53.204796
Ci9DQUlRQUNvZENodHljRjlvT2xsemMyOXlhVWhpZGxKSFVYQnhNM1ZvZDNwRVoxRRAB,ChIJZ5p1wcwvby4RX9NkwoG-9EA,Fiksi Coffee 2.0,Majalengka,Nongkrong,5,"Tempat wfc atau nongkrong rekom di majalengka! Aksesnya mudah, tempat super luas indoor dan outdoor, menu yang variatif, harga affordable, pelayanan nya juga ramahh",2026-04-15T02:25:33.494Z,Winda Febrianti,110594155579690217529,True,0,id,2026-05-04T16:21:53.204820
Ci9DQUlRQUNvZENodHljRjlvT2tSVlZGcEJaVkZ2UWtwS01FdzVTWEpUVFhkYVZWRRAB,ChIJZ5p1wcwvby4RX9NkwoG-9EA,Fiksi Coffee 2.0,Majalengka,Nongkrong,4,"Try another coffee shop di Majalengka✨️.
Tempatnya di atas alfamart di depan jalan besar, tapi untuk indoornya gk berisik sama sekali. Lebih cocok untuk WFC karna kursinya PW bgt🤩.
Ice coklat nya basic coklat aja. Cuma terlalu berasa 'milo' dan skm (sudah order less-skm).
Platternya enak🫶🏻💗. Onion ring nya enak tepungnya. Garing dan gak cepat lembek onionnya👌🏻🥹. French friesnya habis, minta ganti makanan lain bisa (diganti cireng). Dan chicken wingsnya ada bau smoky nya dan sauce nya enak.",2026-04-02T09:04:11.358Z,Praya Darasia,117174464552676247854,False,0,id,2026-05-04T16:21:53.204838
Ci9DQUlRQUNvZENodHljRjlvT25OZlZsRkJPRVZKTkhVMFUxWk5abUowYzNwSWVVRRAB,ChIJZ5p1wcwvby4RX9NkwoG-9EA,Fiksi Coffee 2.0,Majalengka,Nongkrong,1,"Makanan lambat, pelayanan lambatt, tidak cekatan, nasi ga ada semua menu ga ada?",2026-03-23T14:31:49.925Z,Ahmad Syakur Giffari,102268054965971350503,False,0,id,2026-05-04T16:21:53.204859
Ci9DQUlRQUNvZENodHljRjlvT2pObmIzaFhXV2xyVFVSMmVYRk5XRzV4VVhkVlQwRRAB,ChIJZ5p1wcwvby4RX9NkwoG-9EA,Fiksi Coffee 2.0,Majalengka,Nongkrong,1,lama ah pelayananya,2026-03-23T14:31:12.090Z,Desmada Haristhya,100267621563634234715,False,0,id,2026-05-04T16:21:53.204868
Ci9DQUlRQUNvZENodHljRjlvT2tRM09HSlBlbmhVWDIxWk9HdHdZbkp0UmxKT2FHYxAB,ChIJZ5p1wcwvby4RX9NkwoG-9EA,Fiksi Coffee 2.0,Majalengka,Nongkrong,5,"Jalan-jalan ke majelengka bareng keluarga, nyari tempat nongki di sosmed, eh ketemunya tempat ini, why ? Karena pas liat sosmed udah tertarik sama suasananya.",2026-02-24T08:56:49.593Z,H. Bang Rei,117452148090118412766,True,0,id,2026-05-04T16:21:53.204907
Ci9DQUlRQUNvZENodHljRjlvT2tsSU9UZHhPVUpMY0c1UFpXVXRUakZyUWpOWk1XYxAB,ChIJZ5p1wcwvby4RX9NkwoG-9EA,Fiksi Coffee 2.0,Majalengka,Nongkrong,1,"Gondok banget pesen makanan nunggu 40 menit lebih padahal kafe waktu itu sepi, curiga ngegofood dari luar kafe ini.",2026-02-11T14:19:09.019Z,Tito S.,116653427582030173957,True,0,id,2026-05-04T16:21:53.204919
Ci9DQUlRQUNvZENodHljRjlvT25nek5Ia3pUVmhNVVVOQ1YzUTVPREJ5YlVsWVRVRRAB,ChIJZ5p1wcwvby4RX9NkwoG-9EA,Fiksi Coffee 2.0,Majalengka,Nongkrong,4,"Tempatnya nyaman, kalo kesini jangan sore suka banyak org dan variannya pas beli banyak yg kosong.",2026-01-21T02:28:01.646Z,Rerere Rere,101833123893021488364,True,0,id,2026-05-04T16:21:53.204927
Ci9DQUlRQUNvZENodHljRjlvT25GUGJqbFVMVUozZVdad1h6aGxXRWRtWlRSUVJWRRAB,ChIJZ5p1wcwvby4RX9NkwoG-9EA,Fiksi Coffee 2.0,Majalengka,Nongkrong,3,"cozy, makanan enak, cuman kalau pesan makan yg pake nasi lama bgt 🙂🙏🏻",2026-01-05T05:37:18.782Z,Lia,104919972471007109042,False,0,id,2026-05-04T16:21:53.204942
Ci9DQUlRQUNvZENodHljRjlvT2poeWRXaDNNRjlvT1ROR2FVcFdSRWRoT0V0eGFGRRAB,ChIJZ5p1wcwvby4RX9NkwoG-9EA,Fiksi Coffee 2.0,Majalengka,Nongkrong,5,"Seruuu poll, sering banget ngadain event² yang seru",2025-12-05T04:29:22.813Z,Afifah Nur'aeni,111524382759937261568,False,0,id,2026-05-04T16:21:53.204958
Ci9DQUlRQUNvZENodHljRjlvT25Cck0yOXZiM0JyYW01T1lXNVNjV0pLZVMxWGMxRRAB,ChIJZ5p1wcwvby4RX9NkwoG-9EA,Fiksi Coffee 2.0,Majalengka,Nongkrong,1,"pesananya lama banget, kuranggg banget",2025-12-04T06:56:11.119Z,naufal yuddha,116813870111195211842,False,0,id,2026-05-04T16:21:53.204968
ChdDSUhNMG9nS0VJQ0FnSUNHaF9meHR3RRAB,ChIJxdKp9r4vby4RpVwJAC9UXCk,KOPI HOOK,Majalengka,Nongkrong,5,Best spot for hang out,2021-11-11T05:40:58.002Z,Eka Nurmanudin,107268277144175422917,True,0,en,2026-05-04T16:21:53.204977
ChdDSUhNMG9nS0VJQ0FnSUQ2MnBQRzRBRRAB,ChIJxdKp9r4vby4RpVwJAC9UXCk,KOPI HOOK,Majalengka,Nongkrong,5,Cocok buat yg gk suka keramaian. Tempatnya tenang. Bisa buka laptop sambil ngerjain tugas ataupun kerjaan kantor tanpa harus terganggu dengan aktifitas kendaraan yg berlalu-lalang.,2021-09-27T08:06:37.275Z,Nano Komara,111277653559728906182,True,0,id,2026-05-04T16:21:53.204994
ChdDSUhNMG9nS0VJQ0FnSUM2ME1xMDJBRRAB,ChIJxdKp9r4vby4RpVwJAC9UXCk,KOPI HOOK,Majalengka,Nongkrong,5,"Pelayanan ramah dan memuaskan
Tempat nyaman",2021-08-28T09:20:59.444Z,Gian M.S,103433495069891077269,False,0,id,2026-05-04T16:21:53.205028
ChdDSUhNMG9nS0VJQ0FnSURxX3RpSjNRRRAB,ChIJxdKp9r4vby4RpVwJAC9UXCk,KOPI HOOK,Majalengka,Nongkrong,4,"Tempatnya mudah dicari, karena deket dengan satu satunya stadion olahraga di Majalengka.
Situasi tenang seperti di rumah, dengan menu yang cukup variatif dan harga yang passss banget.
Pelayanan juga ramah , suasana seperti dengan teman, ngobrol jadi semakin menyenangkan...",2021-07-10T05:00:00.715Z,Gatot S,102252804984516074390,True,0,id,2026-05-04T16:21:53.205058
Ci9DQUlRQUNvZENodHljRjlvT25GdGEzcFlkSEowWldkTmJqSXhkSFIwWjI1emIxRRAB,ChIJZ5p1wcwvby4RX9NkwoG-9EA,Fiksi Coffee 2.0,Majalengka,Nongkrong,1,"pelayanan makanannya lama, dengan alesan tidak masuk akal",2025-12-04T06:25:41.974Z,Shinta Purnamasari,112003250842647763106,False,0,id,2026-05-04T16:21:53.205074
Ci9DQUlRQUNvZENodHljRjlvT25vd1pISTFNVVYxYUd0UldrNUdVSFpMVFhwTFJuYxAB,ChIJZ5p1wcwvby4RX9NkwoG-9EA,Fiksi Coffee 2.0,Majalengka,Nongkrong,1,layanan pesen nya lama banget,2025-12-04T06:25:09.317Z,falleva adzra mahendra,118177149917088319233,False,0,id,2026-05-04T16:21:53.205096
Ci9DQUlRQUNvZENodHljRjlvT2taUU4zUnhUVk5oWmt0RGJrSmZhV05YV2pCNlprRRAB,ChIJZ5p1wcwvby4RX9NkwoG-9EA,Fiksi Coffee 2.0,Majalengka,Nongkrong,5,Tempatnya enak dan nyaman untuk dipake nongkrong sama ngerjain tugas,2025-11-15T11:45:27.007Z,Deby Andriansah,116936938830246472463,True,0,id,2026-05-04T16:21:53.205116
Ci9DQUlRQUNvZENodHljRjlvT2s1bFFUZG9hVmhmTWtWQmFrWnlUbTR4WWt4eU9HYxAB,ChIJZ5p1wcwvby4RX9NkwoG-9EA,Fiksi Coffee 2.0,Majalengka,Nongkrong,5,Possibly the very best coffee I’ve had in Indonesia!!,2025-09-26T04:33:35.121Z,Ida Sanibah,101187534943674757229,False,0,en,2026-05-04T16:21:53.205157
Ci9DQUlRQUNvZENodHljRjlvT2pkcGQzaDNRMlpHVGpOR1NWSjFVVkowWldKdlluYxAB,ChIJZ5p1wcwvby4RX9NkwoG-9EA,Fiksi Coffee 2.0,Majalengka,Nongkrong,1,"rasa kopi nya kaya bukan kopi, gak karuan. tiap pesan makanan banyak menu yang kosong & banyak alasan dapur off lah apa lah. Overprice. kalau enak mah overprice juga ga masalah",2025-09-05T13:02:55.912Z,Alvia Anindita,113895557586645903793,False,0,id,2026-05-04T16:21:53.205167
Ci9DQUlRQUNvZENodHljRjlvT25aMFJWOXhhV2M1TmpoNmRraG5jbmxmVjNOc2IwRRAB,ChIJZ5p1wcwvby4RX9NkwoG-9EA,Fiksi Coffee 2.0,Majalengka,Nongkrong,5,"Pelayanan sangat baik, tadi kopi saya tumpah sama anak saya, pelayan nya langsung membersihkan dengan sigap dan cekatan...dan kopi saya diganti tanpa membayar lagi,.....Terimakasih pelayanan nya sangat baik sekali...selalu menjadi langganan memang kopi fiksi ini kopi nya enak makanan nya enak harga nya murah...",2025-08-18T07:48:31.596Z,Dewit Sulastri,113947026553160367316,False,0,id,2026-05-04T16:21:53.205176
Ci9DQUlRQUNvZENodHljRjlvT2xoSVYwaERaR2w2WkhCVGFubFZVVlU1WmpsdlEzYxAB,ChIJZ5p1wcwvby4RX9NkwoG-9EA,Fiksi Coffee 2.0,Majalengka,Nongkrong,2,"Makanan enak tapi pelayan nya tidak ramah, pesen nasi di kasir bilang nya ga ada nasi tapi pas di tanya ke pelayannya ada nasi. Misskom atau gimana? Jawaban pelayannya juga merendahkan sekali sombong dan angkuh.",2025-08-12T03:34:31.815Z,Ichi Channel,117868525733636873336,False,0,id,2026-05-04T16:21:53.205192
Ci9DQUlRQUNvZENodHljRjlvT2tweFFtUnNWVXBXZG14NlNEaGpNMDR4UlRsUE1VRRAB,ChIJZ5p1wcwvby4RX9NkwoG-9EA,Fiksi Coffee 2.0,Majalengka,Nongkrong,5,"Vanilla latte bisa req pake oat side, nachos nya enak ✨😍 tahu lada garam nya enak.",2025-08-04T08:41:13.613Z,widie rh,102282968730781590164,False,0,id,2026-05-04T16:21:53.205202
Ci9DQUlRQUNvZENodHljRjlvT25aNVNUaFhjWFU0YmxablZHbGpXbEpKY0UweGJtYxAB,ChIJZ5p1wcwvby4RX9NkwoG-9EA,Fiksi Coffee 2.0,Majalengka,Nongkrong,5,"My goto Work from Cafe, Good selection coffee and non coffee drinks",2025-08-04T07:23:45.226Z,Riki Adi Setiawan,108248677002311744320,True,0,en,2026-05-04T16:21:53.205214
Ci9DQUlRQUNvZENodHljRjlvT2pkVVJqUmxOSGM1VUhWd2RrVm1aMnBVTjFONk1YYxAB,ChIJZ5p1wcwvby4RX9NkwoG-9EA,Fiksi Coffee 2.0,Majalengka,Nongkrong,2,Pelayanan tidak ramah sangat sombong. It's okey minuman sm makanan lumayan enak cmn pelayanan tidak ramah.,2025-07-26T13:41:36.012Z,Fani indah Yulianti,116848509219180049108,False,0,id,2026-05-04T16:21:53.205230
Ci9DQUlRQUNvZENodHljRjlvT25SVE1sZHlUamhHWmxGWlRsbGlXR05mVm5ZdFJHYxAB,ChIJZ5p1wcwvby4RX9NkwoG-9EA,Fiksi Coffee 2.0,Majalengka,Nongkrong,5,"Tempatnya nyaman,estetik juga banyak spot foto,menunya lumayan banyak enak juga,AC nya kurang dingin 🙏 tapi over all suka sih udah berapa kali juga ke fiksi,jadi opsi tempat kumpul di majalengka",2025-06-29T05:08:01.008Z,rani Rahmawati,105201666053333808834,True,0,id,2026-05-04T16:21:53.205249
ChZDSUhNMG9nS0VQR1lrdU9QaC1UdEhREAE,ChIJZ5p1wcwvby4RX9NkwoG-9EA,Fiksi Coffee 2.0,Majalengka,Nongkrong,5,Kopinya lebih terasa daripada susunya,2025-06-12T16:32:17.665Z,Pepes Jangkrik,113683894426583670010,True,0,id,2026-05-04T16:21:53.205265
ChZDSUhNMG9nS0VMYUkxOUdYdV9TUGFREAE,ChIJZ5p1wcwvby4RX9NkwoG-9EA,Fiksi Coffee 2.0,Majalengka,Nongkrong,4,"Harga kopi dan makanan affordable.
Rasa kopi lumayan enak dan tidak begitu kuat.
Makanan enak.
Tempat sangat aesthetic, bagus untuk foto""

Kekurangannya hanya panas aja",2025-06-09T04:18:15.662Z,windy riani,111202435726448844230,True,0,id,2026-05-04T16:21:53.205273
ChdDSUhNMG9nS0VLLWs1UC1GZzh5T2pBRRAB,ChIJZ5p1wcwvby4RX9NkwoG-9EA,Fiksi Coffee 2.0,Majalengka,Nongkrong,4,"So so rasanya, tempatnya asik. Keren. Tambahin menu andelan di kopi susunya dong. Jangan cuma kopi susu white or brown sugar aja.",2025-06-07T06:27:18.447Z,Sofyan Pratama,113733709684988450404,True,0,id,2026-05-04T16:21:53.205282
ChdDSUhNMG9nS0VJbUE4SlRrejhtMmx3RRAB,ChIJZ5p1wcwvby4RX9NkwoG-9EA,Fiksi Coffee 2.0,Majalengka,Nongkrong,1,"Kemarin pesan 5 minuman coffee bervariasi tapi semua rasanya sama, sama2 ga karuan. Kopinya ga enak, ga kerasa kopi, full susu, perasa buatan, dan giungnya kayak yang “engga” banget gituuuu. beneran sampe terheran2. Apa emang gitu rasanya ato salah racik😩 tolong di improve ya..",2025-05-30T04:21:29.216Z,puan,108826136755946515487,False,0,id,2026-05-04T16:21:53.205290
ChdDSUhNMG9nS0VPYWlqS3VZejVxVl9RRRAB,ChIJZ5p1wcwvby4RX9NkwoG-9EA,Fiksi Coffee 2.0,Majalengka,Nongkrong,5,"PW banget nongki disini, harga menu makanan minumannya terjangkau bgt sihhhh buat ukuran di majalengka, kalo lagi pulang kampung wajib kesini terus si😭🫶🏻",2025-05-14T06:52:51.008Z,Bella Guna Nabillah,114163092393279696718,False,0,id,2026-05-04T16:21:53.205298
ChdDSUhNMG9nS0VNQ3FqY0dmbTV1dXF3RRAB,ChIJZ5p1wcwvby4RX9NkwoG-9EA,Fiksi Coffee 2.0,Majalengka,Nongkrong,1,"AC gak kerasa sama sekali, panasss dan tidak nyaman, kopinya juga biasa aja",2025-05-13T03:00:44.849Z,03_ Anggi Andiana Purwanti,100650310122683192393,False,0,id,2026-05-04T16:21:53.205307
ChdDSUhNMG9nS0VJQ0FnTUNvX1lXcG9nRRAB,ChIJZ5p1wcwvby4RX9NkwoG-9EA,Fiksi Coffee 2.0,Majalengka,Nongkrong,5,"Pelayanannya tidak ramah ,, waktu mesen makanan yang datang duluan ke tempat gw tapi yang di duluin  malah yang datangnya blakangan  dari saya 👎🏼 waktu saya nanya makanannya jawabnya pada ketus semua  ih GMAU LAGI DATANG KE FIKSI!!! padahal cuma beli mix plater doang tapi nunggu makanannya sampai 1 jam  pada main hp terus karyawannya",2025-04-19T11:42:13.656Z,Amanda fauziah,109965433471261129363,False,0,id,2026-05-04T16:21:53.205331
ChZDSUhNMG9nS0VJQ0FnTURJNE12MFJ3EAE,ChIJZ5p1wcwvby4RX9NkwoG-9EA,Fiksi Coffee 2.0,Majalengka,Nongkrong,3,"Tempat chill, minuman & makanan oke, minusnya  kang parkir gada kerjanya cuman pengen duitny doang",2025-04-06T07:38:14.877Z,Goz pel,116764151190753257358,False,0,id,2026-05-04T16:21:53.205342
ChZDSUhNMG9nS0VJQ0FnTUNJdWZ5Q0RREAE,ChIJZ5p1wcwvby4RX9NkwoG-9EA,Fiksi Coffee 2.0,Majalengka,Nongkrong,3,Parkiran luas. Saya belum berkunjung atau masuk. Hanya lihat dari luar.,2025-04-03T09:20:16.948Z,DANI MUBAROK,116863174710657370005,True,0,id,2026-05-04T16:21:53.205358
Ci9DQUlRQUNvZENodHljRjlvT2taMFNHbHNUVk5KTkhBMVZEbE5VRmhvUVZRNFpVRRAB,ChIJYVzRu2XZbi4RMFeMEFQAIuY,NISKALA COFFEE,Majalengka,Nongkrong,5,"untuk layanan cepat dan tidak terlalu lama menunggu,untuk tempat makan juga luas. ada area dalam,teras,dan rooftop.
suasana juga nyaman
makanan dan minuman juga lumayan sesuai selera.
sayang banget sekarang untuk photobox tidak ada",2026-03-31T05:01:00.117Z,Alanala Saidara Keiran,112230865569710932118,True,0,id,2026-05-04T16:21:53.205383
Ci9DQUlRQUNvZENodHljRjlvT2prMWVUSm1jRm8xZUdweFZqSkpVR3gwUmtoRlQxRRAB,ChIJYVzRu2XZbi4RMFeMEFQAIuY,NISKALA COFFEE,Majalengka,Nongkrong,1,"sori, kecomberannya bisa di tutup ga?, soalnya bau menyengat seperti kotoran sama banyak nyamuk, mau ngopi juga jadi ga enak, di dalam kopinya juga ada plastik, tolonggg di notice🙏.",2026-03-29T14:30:27.192Z,fionaa cantikk,114899166600427917215,False,1,id,2026-05-04T16:21:53.205400
Ci9DQUlRQUNvZENodHljRjlvT213MVRuTkdOalJTYnpSRk1GaENhRWhGYkVOdFlYYxAB,ChIJYVzRu2XZbi4RMFeMEFQAIuY,NISKALA COFFEE,Majalengka,Nongkrong,1,"Makanan gak dateng gaada konfirmasi parah banget nunggu 45 menit gak dateng juga makanan , pas ditanya baru bilang “baru mau dibuat” 🤣🤣 (Yg gak dateng 2 menu lagi) kesel dong mending balik (niat makan siang gagal auto unmood)….
Pas di parkiran karyawannya ada yg ngejar balikin tapi cuma 1 menu yg di retur wqwqq (mana itu KARYAWAN yg balikin nya GAADA KONFIRMASI atau MINTA MAAF mana gapake senyum langsung ngeloyong aja abis ngasih retur)

Bye deh gak kesini lagi 👌🏻",2026-03-24T08:24:12.979Z,Arranisaul Alfi Hani Fawzy,103709844519063294393,False,0,id,2026-05-04T16:21:53.205411
Ci9DQUlRQUNvZENodHljRjlvT2pOeVQwdDZlRmd5VVV0V1pVdE9WMDFpUlRWRE1tYxAB,ChIJYVzRu2XZbi4RMFeMEFQAIuY,NISKALA COFFEE,Majalengka,Nongkrong,5,Tempat nya bagus banget dan pelayanan nya ramah dan suasana nya sangat bagus untuk di pandang sekian bye bye,2026-03-23T05:49:21.349Z,Gibran Atha,107220669318758711078,False,0,id,2026-05-04T16:21:53.205419
Ci9DQUlRQUNvZENodHljRjlvT2psTmRYcHZTSEJtUWs4MVEzVkxSVE5OWTBORlVuYxAB,ChIJYVzRu2XZbi4RMFeMEFQAIuY,NISKALA COFFEE,Majalengka,Nongkrong,1,"Panas bagetttttt ac nya mati. Sudah minta tolong pelayannya, tapi cuman “iya-iya” aja tapi tetep gak bisa nyaa acnya",2026-03-23T05:12:56.956Z,Naufal Fathir Hidayat,109808849533851661458,True,0,id,2026-05-04T16:21:53.205428
Ci9DQUlRQUNvZENodHljRjlvT2tsRlVqWjVPRGwyVDNkV1FqbFBORGhWUkMxelZGRRAB,ChIJYVzRu2XZbi4RMFeMEFQAIuY,NISKALA COFFEE,Majalengka,Nongkrong,1,"lama parah mkananan nya, panass, pkonya ga bgt, takeaway jug lama parah",2026-03-22T06:56:16.048Z,Safira Salsabila,111656934460939587738,False,0,ms,2026-05-04T16:21:53.205445
Ci9DQUlRQUNvZENodHljRjlvT2xSVGRUaFFTVk52T0RFMGNubFhXRTFRWjBOeU4xRRAB,ChIJYVzRu2XZbi4RMFeMEFQAIuY,NISKALA COFFEE,Majalengka,Nongkrong,5,"Suasananya nyaman banget. Makanannya juga enak-enak apalagi cemilan roti bakarnya, asem manis gitu pas pokoknya.
Minumannya juga enak, apalagi  matchanya banyak rasanya. Best banget deh recomended.",2026-01-25T06:23:05.101Z,Fri Afandi,108187599032986069789,False,1,id,2026-05-04T16:21:53.205467
Ci9DQUlRQUNvZENodHljRjlvT25BeU9URldSMGd3WmtrM1IzSlhTbFJxUVd0dlRWRRAB,ChIJYVzRu2XZbi4RMFeMEFQAIuY,NISKALA COFFEE,Majalengka,Nongkrong,5,"Tempatnya enak, pelayanan ramah dan makanan enak",2026-01-10T06:41:53.058Z,Ridwan,115530966436231629653,False,1,id,2026-05-04T16:21:53.205478
Ci9DQUlRQUNvZENodHljRjlvT2poSE1IRnNNMnBSVW14b1NrNVRZbVZLTlhCbGVIYxAB,ChIJYVzRu2XZbi4RMFeMEFQAIuY,NISKALA COFFEE,Majalengka,Nongkrong,4,"chicken curry nya enak, tp sedih bgt suapan trkhir aku menemukan rambut di makanannya😪",2026-01-04T07:47:26.615Z,nel,109358834206307372651,False,0,id,2026-05-04T16:21:53.205487
Ci9DQUlRQUNvZENodHljRjlvT21wR1F6UXdSRmRNUkRjeVQybFZNSFZGZG5kbFpWRRAB,ChIJYVzRu2XZbi4RMFeMEFQAIuY,NISKALA COFFEE,Majalengka,Nongkrong,5,"Tempatnya nyaman banget buat nongkrong atau kerja! Interiornya estetik, vibes-nya tenang tapi tetap hangat. Kopinya enak, terutama kopi susur niskala dan matcha, dan pelayanannya ramah✨

BTW buat yang suka foto-foto, di Niskala Coffee sekarang ada photobox retro yang super gemes dan estetik! 📸",2025-12-07T08:21:14.057Z,Novi Ismayanti,102733935536449776688,True,0,id,2026-05-04T16:21:53.205504
Ci9DQUlRQUNvZENodHljRjlvT25oa2NtTndVbU5pU2tGcmFsb3RTRWhVUnpKeVoxRRAB,ChIJYVzRu2XZbi4RMFeMEFQAIuY,NISKALA COFFEE,Majalengka,Nongkrong,5,"[Positif]
> Tempatnya cozy banget, vibes-nya tenang dan cocok buat santai atau nugas ✨📚
> Ricebowl Chicken Katsu Curry enak! Katsunya crispy, karinya wangi dan creamy 🍛🐔😋
> Regular Tea Ice seger dan manisnya pas, cocok buat nge-reset mulut setelah makan curry ❄️🫖
> Banyak spot duduk nyaman, baik indoor maupun outdoor 🌿
> Barista & staff ramah, pelayanannya cepat 🙌

Negatif
Belum ada

Video selengkapnya follow ig: @arishits
Terima Kasih😃",2025-12-04T09:32:30.396Z,Aris Hits,109422162732130109030,True,1,id,2026-05-04T16:21:53.205512
Ci9DQUlRQUNvZENodHljRjlvT2prek9XazJSMkl5WVV0a1p6UlJXV3RsT0hONWRuYxAB,ChIJYVzRu2XZbi4RMFeMEFQAIuY,NISKALA COFFEE,Majalengka,Nongkrong,5,"Utk makanan masih standar, mereka gak jual rasa tapi ambience. So far oke aja sih, dan ACnya udh dingin wkw",2025-11-05T03:56:00.643Z,Wina Marselina,114518842054443607161,True,0,id,2026-05-04T16:21:53.205528
Ci9DQUlRQUNvZENodHljRjlvT2pCd1RWTnNaRVF5YzJ4QmRGcGlWMEZuUW5CV1NHYxAB,ChIJYVzRu2XZbi4RMFeMEFQAIuY,NISKALA COFFEE,Majalengka,Nongkrong,5,"Suasana nyaman,harga menu nya terjangkau,pelayanan ramah",2025-11-04T05:21:47.906Z,rani Rahmawati,105201666053333808834,True,0,id,2026-05-04T16:21:53.205537
Ci9DQUlRQUNvZENodHljRjlvT21Wa05VdFNWMUZMWWtWd1pFcERPR3BvYlVoMlMyYxAB,ChIJYVzRu2XZbi4RMFeMEFQAIuY,NISKALA COFFEE,Majalengka,Nongkrong,5,"cafe ternyaman, aku suka banget sama makanan disini enak enak semua!✨😘 minumannya apalagi gausah diraguin deh... ada photo booth juga, jadi bisa sekalian photo deh😍😍🤏🏻, mau indoor maupun outdoor ga kalah cakep ko suasanya🥰❗",2025-10-31T14:29:53.517Z,Auliaeuy 1144,107290653435199607217,False,0,id,2026-05-04T16:21:53.205553
Ci9DQUlRQUNvZENodHljRjlvT2xsUFRHNU1RemRUT0hCMlJ6bE9ZM0ZaWm5aamNIYxAB,ChIJYVzRu2XZbi4RMFeMEFQAIuY,NISKALA COFFEE,Majalengka,Nongkrong,3,"Udah beberapa kali nongkrong di sini, tiap dateng rasa makanannya ga konsisten. terakhir kemarin, rasa curry nya hambar banget, ayamnya juga sama gaada rasanya. pelayanannya lama banget, tapi pas makanan datang kayak yang udah lama di diemin a.k.a udah dingin. Untuk beberapa minuman yang udah pernah aku pesan, sejauh ini aman dan konsisten rasanya enak-enak. Saran untuk kedepannya mungkin untuk kitchen crew butuh evaluasi mengenai resep masakan dan takarannya agar selalu sesuai🙏",2025-10-12T11:18:37.363Z,sins,100312018226804521700,True,0,id,2026-05-04T16:21:53.205569
Ci9DQUlRQUNvZENodHljRjlvT214c2NYRkpSM1ZRWWxSQlpGOWZiVkV6WlVOS1UxRRAB,ChIJYVzRu2XZbi4RMFeMEFQAIuY,NISKALA COFFEE,Majalengka,Nongkrong,5,"direkomendasikan Nasi Goreng Niskala yang Best Seller ternyata pas dicoba, emang beneran enak dengan harganya yang ramah dikantong. Tetap pertahankan cita rasanya

Terima Kasih",2025-09-22T06:42:49.139Z,zakiah Ihzata ihya,109408967048286493916,False,0,id,2026-05-04T16:21:53.205591
Ci9DQUlRQUNvZENodHljRjlvT2poTVQwOUxUMGRtV2xCMWVqSk9TVVZwZERaU1IzYxAB,ChIJYVzRu2XZbi4RMFeMEFQAIuY,NISKALA COFFEE,Majalengka,Nongkrong,4,"Tempatnya enak, cm kalo sore area indoornya kesorot matahari silau dan lmyan panas.. utk harga standart, kaget sama tahu cabe garamnya kaya tumis tahu pake sambel huhuhu",2025-09-19T10:13:24.238Z,Wulan Tiwul,110263971547061246510,True,0,id,2026-05-04T16:21:53.205600
Ci9DQUlRQUNvZENodHljRjlvT2tSUmFVZE9NbXRhVWpObFowVmhZa0kxUzNWRlVWRRAB,ChIJYVzRu2XZbi4RMFeMEFQAIuY,NISKALA COFFEE,Majalengka,Nongkrong,5,"Enak banget makanan suasana dan pelayanan ramah ramah banget, next time bakal ajak temen temen, ternyata ada photo bothnya juga",2025-09-17T10:25:35.336Z,Asep Sunandar,109536620873021159618,False,0,id,2026-05-04T16:21:53.205633
Ci9DQUlRQUNvZENodHljRjlvT201Nk9YaE5hbUZFYmtKMVVuRmlNbnBtTlZacmJXYxAB,ChIJYVzRu2XZbi4RMFeMEFQAIuY,NISKALA COFFEE,Majalengka,Nongkrong,5,"Makanan Enak harga terjangkau, Cafe yang bagus ada photo booth serta WIFI GRATIS",2025-09-15T14:19:33.480Z,Riyan Riyanto,114300528584001275055,False,0,id,2026-05-04T16:21:53.205643
Ci9DQUlRQUNvZENodHljRjlvT21SYVIwZGFRazR3UXpCUlZHcGpkMnBxYmxRMllrRRAB,ChIJYVzRu2XZbi4RMFeMEFQAIuY,NISKALA COFFEE,Majalengka,Nongkrong,5,Suasanya nyaman ditambah malam Minggu saya kesana ada Set Upan candlelight dinner tambah romantis suasananya,2025-09-15T14:17:22.488Z,Ahmad Ramdani,100437785213616380234,False,0,id,2026-05-04T16:21:53.205653
Ci9DQUlRQUNvZENodHljRjlvT2tkWFRuTndiRTVtTVVsTGRYZDRUSFJ1TTFGd01IYxAB,ChIJYVzRu2XZbi4RMFeMEFQAIuY,NISKALA COFFEE,Majalengka,Nongkrong,5,"Pelayanannya Ramah, Makanannya enak Harganya terjangkau, suasananya nyaman",2025-09-15T09:18:40.150Z,Dadan Ramdani,110814656156152901087,False,0,id,2026-05-04T16:21:53.205668
Ci9DQUlRQUNvZENodHljRjlvT20wMk1GRmhWRUpTTUdWTk5XZFFiMFZpYkRONWFIYxAB,ChIJYVzRu2XZbi4RMFeMEFQAIuY,NISKALA COFFEE,Majalengka,Nongkrong,1,ga pernah se bete ini nongki di cafe,2025-09-10T11:33:19.267Z,Dinda Maulida,113734610249835421490,False,0,id,2026-05-04T16:21:53.205693
Ci9DQUlRQUNvZENodHljRjlvT21rMVdrVmtUMk5wY201elJIcGpVR1JIVTJsZlUxRRAB,ChIJYVzRu2XZbi4RMFeMEFQAIuY,NISKALA COFFEE,Majalengka,Nongkrong,1,pegawai tdk ramah,2025-09-10T11:32:31.179Z,Marwa Irbah As Sadidah,113127182269295093302,False,0,id,2026-05-04T16:21:53.205703
Ci9DQUlRQUNvZENodHljRjlvT25GcldVdG9NWFJ3VVZwWFFrMDRSbEpvVWxGbGJsRRAB,ChIJYVzRu2XZbi4RMFeMEFQAIuY,NISKALA COFFEE,Majalengka,Nongkrong,4,"untuk harga ny tergolong kantong pelajar ya start 20k,gw psen chiken curry rate 7/10 curry sauce ny trllu over asin trs nasi ny agak kering mungkin krna udh malem psen ny,trus Nasi goreng cabe ijo ny 8/10 enak tekstur nasi ny pulen tp gk benyek👌🏻rice bowl matah ny 8/10 wort it lah untuk menu dari start 20k+",2025-09-06T11:38:48.009Z,The Arula,100134677419416003274,True,0,id,2026-05-04T16:21:53.205712
ChZDSUhNMG9nS0VJQ0FnSUR2eTlhdGRREAE,ChIJYVzRu2XZbi4RMFeMEFQAIuY,NISKALA COFFEE,Majalengka,Nongkrong,5,"Enak bgt tempatnya Adem, Nyaman, Bersih, Pelananan Ramah, Cocok buat ngerjain tugas kuliah, ketemu client bisnis, dan cuma nyantai doang sih.",2025-08-22T01:01:26.800Z,Dilla NSB,107729791849212301983,False,0,id,2026-05-04T16:21:53.205720
Ci9DQUlRQUNvZENodHljRjlvT2tsVVRYVmhVVWN4UjJreE5UTndlVUpyYmkxeU5WRRAB,ChIJYVzRu2XZbi4RMFeMEFQAIuY,NISKALA COFFEE,Majalengka,Nongkrong,3,Hanya komen dari makanan ajhh cukup lama,2025-08-11T06:33:16.195Z,Tika Sartika,118088282451392364436,False,0,id,2026-05-04T16:21:53.205730
Ci9DQUlRQUNvZENodHljRjlvT2xoR2VFbHhSVmxyWTFSS01sVXlhbXRMYkZOeVZWRRAB,ChIJm0ML5O0vby4RFzzqrLoELdE,Dimsum Bos Majalengka,Majalengka,Nongkrong,5,"Enak saya suka banget , cuman Chili oil nya kalau bisa jangan terlalu asik banget",2026-05-04T06:46:52.196Z,Nuraeni Oktaviyanti13,116592661556011957614,False,0,id,2026-05-04T16:21:53.205739
Ci9DQUlRQUNvZENodHljRjlvT2pSRVNEQlNNSE5VVmxCTmRtWlpialJzTkMxRlRuYxAB,ChIJm0ML5O0vby4RFzzqrLoELdE,Dimsum Bos Majalengka,Majalengka,Nongkrong,5,"Dimsumnya  enak dan hangat. Pelayanan cepat, tempat nyaman",2026-03-05T10:58:54.816Z,Iwan Setiawan,115452721549110530772,False,0,id,2026-05-04T16:21:53.205792
Ci9DQUlRQUNvZENodHljRjlvT25WYVJ6bE1OMnBSUmpZd1kyTXpka1puZFc1ZmVrRRAB,ChIJm0ML5O0vby4RFzzqrLoELdE,Dimsum Bos Majalengka,Majalengka,Nongkrong,5,"Dimsumnya enak dan nagih banget, pelayanan nya ramah dan wajib ke sini lagi sii..",2026-02-28T12:57:57.735Z,Mila Amelia,115046835804328107206,False,0,id,2026-05-04T16:21:53.205807
Ci9DQUlRQUNvZENodHljRjlvT25GR1l6TlphRzlCUmw5S1QyWTFYMUZaUmxKbmNIYxAB,ChIJm0ML5O0vby4RFzzqrLoELdE,Dimsum Bos Majalengka,Majalengka,Nongkrong,5,"Dimsumnya enak, tempatnya juga nyaman, plus pelayanannya cepet juga, overall oke bangeeeett ❤❤",2026-02-28T12:55:51.804Z,Rika Nur Azizah,114248262958097812734,False,0,id,2026-05-04T16:21:53.205815
Ci9DQUlRQUNvZENodHljRjlvT2pSWVlteFBYMnRvZG5GVFdXMUpWV1ZLY0ZoRFQzYxAB,ChIJm0ML5O0vby4RFzzqrLoELdE,Dimsum Bos Majalengka,Majalengka,Nongkrong,5,dimsum mentai nya enak bgt🤤,2026-02-28T12:44:28.571Z,Pipih Pujiyani,102393605150526068653,False,0,id,2026-05-04T16:21:53.205823
Ci9DQUlRQUNvZENodHljRjlvT2tndFNUQnRXbloxTVZCNGJFcFdPV1ZETWw5elRXYxAB,ChIJm0ML5O0vby4RFzzqrLoELdE,Dimsum Bos Majalengka,Majalengka,Nongkrong,5,"SELALU ENAK ⭐️⭐️⭐️ pelayanan nya juga ramah, nunggu nya juga ngga terlalu lama, tempat nya juga mungil, kecil, nyaman, SUCH A HIDDEN GEM IN THE MIDDLE OF THE CITY",2026-02-27T10:52:11.649Z,Anisa Febriyanti,103303584662478485078,True,0,id,2026-05-04T16:21:53.205840
Ci9DQUlRQUNvZENodHljRjlvT2pGSVQyRkxNRVZpVkVaWVprNHdSRnBZYUZaemVXYxAB,ChIJm0ML5O0vby4RFzzqrLoELdE,Dimsum Bos Majalengka,Majalengka,Nongkrong,5,pelayanan nya ramah polll🥰,2026-02-17T04:04:05.099Z,zahraanisa,111541225439344461599,False,0,id,2026-05-04T16:21:53.205856
Ci9DQUlRQUNvZENodHljRjlvT21OblpGZFhhMlZ6ZEU1a1NqVm5NMEZwVmxCMk5YYxAB,ChIJm0ML5O0vby4RFzzqrLoELdE,Dimsum Bos Majalengka,Majalengka,Nongkrong,5,"Pelayanannya baguss, worth it to buy!! Let's go ke dimsum boss 😍😍",2026-02-11T08:27:44.617Z,Liliani Yulviya Dewi S,109192994097366493243,False,0,id,2026-05-04T16:21:53.205879
Ci9DQUlRQUNvZENodHljRjlvT21OWE9WUlhZWFZXVFRsZlZsTlpkRFZaVDBsNWIwRRAB,ChIJm0ML5O0vby4RFzzqrLoELdE,Dimsum Bos Majalengka,Majalengka,Nongkrong,5,harganya sangat worth it dikantong dan pelayanannya memuaskan! recommended sekalii 🤩,2026-02-11T08:27:42.810Z,Aviatul Janah,113849519411001595057,False,0,id,2026-05-04T16:21:53.205887
Ci9DQUlRQUNvZENodHljRjlvT2pJd2JGTnhabWRFYjJJeVpWVmllV2hsTldORE1tYxAB,ChIJm0ML5O0vby4RFzzqrLoELdE,Dimsum Bos Majalengka,Majalengka,Nongkrong,5,"Tempat nya nyaman, pelayanan nya ramah 👍🏻",2026-02-09T17:33:29.140Z,Rani Febriana,110448573568203968717,True,0,id,2026-05-04T16:21:53.205895
Ci9DQUlRQUNvZENodHljRjlvT214TWNXaHNNV3c0VDNFeFRrZ3hkbkpyUWxWalNuYxAB,ChIJQWnnQwAvby4R3q644r3UG2Y,Siomay & Batagor CICI MYSHA Majalengka - Asli Ikan Tenggiri,Majalengka,Nongkrong,5,"makanannya enak pelayanannya juga ramah suasananya cozy bangett, pokoknya nyesel kalo gapernah beli disini, asooyy bangett dehhh ( nada pak surya insomnia )",2026-04-26T11:54:44.931Z,Yoga Aditia Pratama,113087994400162443575,False,0,id,2026-05-04T16:21:53.205907
Ci9DQUlRQUNvZENodHljRjlvT214alFXZHNYekZCUm1ocFNsRk9NMjlaYjJKRWJYYxAB,ChIJQWnnQwAvby4R3q644r3UG2Y,Siomay & Batagor CICI MYSHA Majalengka - Asli Ikan Tenggiri,Majalengka,Nongkrong,5,"Dengan harga yang segitu, emang kebayar ama rasa si",2026-04-23T11:34:44.740Z,Bayu Saka,104445075627511955729,False,0,ms,2026-05-04T16:21:53.205917
Ci9DQUlRQUNvZENodHljRjlvT2xocWFVRkROV0p2Y0Y4eVZWOUVMVUZPYXpSQ2ExRRAB,ChIJQWnnQwAvby4R3q644r3UG2Y,Siomay & Batagor CICI MYSHA Majalengka - Asli Ikan Tenggiri,Majalengka,Nongkrong,5,"Lagi mudik ke Maja cari tempat makan di sekitaran Majalengka. Nemu juga yang tempatnya nyaman. Fancy tapi ga pricey. Cocok buat nongki nongki. Kapan kapan coba makan di tempat, sekarang dibawa pulang dulu 😍",2026-04-22T01:20:25.542Z,Zulfa Kamila Nur Azizah,100350339998829947840,False,1,id,2026-05-04T16:21:53.205926
Ci9DQUlRQUNvZENodHljRjlvT21kalptOXBXbFZOZUVwTFVHMDBZbWwzZERaMVgxRRAB,ChIJQWnnQwAvby4R3q644r3UG2Y,Siomay & Batagor CICI MYSHA Majalengka - Asli Ikan Tenggiri,Majalengka,Nongkrong,5,siomaynya full ikan. mantaap bangett. ngga cuma alot ngga cuma keras tapi beneran ikan yang rasanya empukk. dengan harga segitu worth it sih. mantaapp,2026-04-20T03:27:17.942Z,Nabilah Afif,110637451946738102597,False,0,id,2026-05-04T16:21:53.205935
Ci9DQUlRQUNvZENodHljRjlvT2tWQ1kxZGhUekZST1ZoWWVGcHFkMHR2U25keVZWRRAB,ChIJQWnnQwAvby4R3q644r3UG2Y,Siomay & Batagor CICI MYSHA Majalengka - Asli Ikan Tenggiri,Majalengka,Nongkrong,5,pelayanan nya sangat memuaskann karyawan nya ramah sekali dan makanan nya enak,2026-04-18T09:42:11.502Z,Hasya Lulu,108161139168692253587,False,0,id,2026-05-04T16:21:53.205955
Ci9DQUlRQUNvZENodHljRjlvT2pkeGR5MTJkVFJXTm1WSlpqRnRXbGxvVURWek0yYxAB,ChIJQWnnQwAvby4R3q644r3UG2Y,Siomay & Batagor CICI MYSHA Majalengka - Asli Ikan Tenggiri,Majalengka,Nongkrong,5,"Perdana ke sini, ramah sekali pelayanannya😊
Batagornya kerasa banget tenggirinya,bikin nagih👌🏻🤩
Paduan antara tahu putih sama siomaynya juga ngga bikin eneug, mantul...

Enaknya buat kita yang ngga mau kena asap rokok ataupun yang ngga suka cium baunya rokok/vape kita bisa pilih duduknya di dekat kasirnya yaa",2026-04-14T14:06:27.859Z,Rini Apriani Siregar,106132935667665270167,False,0,id,2026-05-04T16:21:53.205987
Ci9DQUlRQUNvZENodHljRjlvT2tKME0wSnFSR1JJVmsxM09FNUVSMWhRTTFGcVdVRRAB,ChIJQWnnQwAvby4R3q644r3UG2Y,Siomay & Batagor CICI MYSHA Majalengka - Asli Ikan Tenggiri,Majalengka,Nongkrong,5,"Baru pertama kali mampir, nyobain mie nya enak.. rempahnya berasa banget. Ada topingnya pula dan samasama enak bikin ketagihan 🤤
Di kasih esteh jg padahal ga pesen, gatau di kasih atau 1paket sma mie ya 😅
Apapun itu terimakasih 🙏
Karyawan dan owner sama2 ramah 👍
Lain kali mau nyoba siomay sama batagornya ☺️
Sukses selalu cici mysha..",2026-04-11T12:49:15.637Z,cindy oktaviani,113878732618461100523,True,0,id,2026-05-04T16:21:53.205996
Ci9DQUlRQUNvZENodHljRjlvT25CMVJGWmFNbkZuUXpodU0zRnBUbVJ0UmpjNExYYxAB,ChIJQWnnQwAvby4R3q644r3UG2Y,Siomay & Batagor CICI MYSHA Majalengka - Asli Ikan Tenggiri,Majalengka,Nongkrong,5,"Menu nya enak2 semua menurutku, pelayanan nya cepat dan ramah👍",2026-04-01T02:39:56.990Z,Ginah Triyani,106383972692504704849,False,0,id,2026-05-04T16:21:53.206018
Ci9DQUlRQUNvZENodHljRjlvT21sTlUzbFNWWEJPTjFoMU9WUkVRWEkwY0ZOb1dXYxAB,ChIJQWnnQwAvby4R3q644r3UG2Y,Siomay & Batagor CICI MYSHA Majalengka - Asli Ikan Tenggiri,Majalengka,Nongkrong,5,Green tea nya enakkkkk,2026-04-01T02:36:59.790Z,Maya Nurhayati,111934416158657727054,False,0,id,2026-05-04T16:21:53.206027
Ci9DQUlRQUNvZENodHljRjlvT2w5a1ExUTJkbE56U1hadFVFdFljVkpwV2sxM1JXYxAB,ChIJQWnnQwAvby4R3q644r3UG2Y,Siomay & Batagor CICI MYSHA Majalengka - Asli Ikan Tenggiri,Majalengka,Nongkrong,5,"Siomay nya enak banget pokoknya, apalagi saos kacang nya mantap banget, free es cream lagi ...",2026-03-31T03:46:04.471Z,Herlinda Gunawan,114003311668924636604,False,0,id,2026-05-04T16:21:53.206039
Ci9DQUlRQUNvZENodHljRjlvT2xkYVVqUkJiemt6YkRkb2RuTmhOR0ZxVW1wcVgzYxAB,ChIJQWnnQwAvby4R3q644r3UG2Y,Siomay & Batagor CICI MYSHA Majalengka - Asli Ikan Tenggiri,Majalengka,Nongkrong,5,"Siomay nya berasa banget ikannya, porsinya jumbo2. Enakkk bangetttt",2026-03-30T05:29:59.137Z,Galih Pratama,112861151252446849363,True,0,id,2026-05-04T16:21:53.206049
Ci9DQUlRQUNvZENodHljRjlvT2xOMlJHSktSVVZITW5GblNHVjJXbWx6TlVGeFRIYxAB,ChIJQWnnQwAvby4R3q644r3UG2Y,Siomay & Batagor CICI MYSHA Majalengka - Asli Ikan Tenggiri,Majalengka,Nongkrong,5,"Batagor siomay ny enak, mantanpzz",2026-03-29T01:59:07.649Z,Niki Dwi,110572792455225614154,False,0,id,2026-05-04T16:21:53.206061
Ci9DQUlRQUNvZENodHljRjlvT2tRMVprSjBSSGhUYUZaeFNEWkNZa0ZHY0ZGWmNFRRAB,ChIJQWnnQwAvby4R3q644r3UG2Y,Siomay & Batagor CICI MYSHA Majalengka - Asli Ikan Tenggiri,Majalengka,Nongkrong,5,Siomay dan batagornya enak,2026-03-27T07:22:09.005Z,Mega Mustika,108739326471823671462,False,0,id,2026-05-04T16:21:53.206069
Ci9DQUlRQUNvZENodHljRjlvT2tsZmJtTkJTQzFLZGtGRlQxZDZWV1V0WDFSUGMxRRAB,ChIJQWnnQwAvby4R3q644r3UG2Y,Siomay & Batagor CICI MYSHA Majalengka - Asli Ikan Tenggiri,Majalengka,Nongkrong,5,"Makanannya enak, trus cepat pelayanan nya
Rekomendasi 👍👍",2026-03-27T06:28:30.295Z,Vijey Bae,112559829397076003068,False,0,id,2026-05-04T16:21:53.206077
Ci9DQUlRQUNvZENodHljRjlvT21GeGIwTkZOUzF5UVRWeU5tSmlUbkF5Wmw5bE5uYxAB,ChIJYVzRu2XZbi4RMFeMEFQAIuY,NISKALA COFFEE,Majalengka,Nongkrong,3,"Makanan nya enak,tp pertama datang ke sana aku nanya table kosong,kebetulan ada d depan yg pake lilin dan hiasa bunga,
Aku pesen yg itu kata si mba² nya,maaf bu tp tempat itu harus pesen di atas 80rb gw tersinggung sih di kira kita beli air mineral doank ke situ ,ampunnnn dahhhhh ....
Padahal udh niat makan ma anak² jd ga mood",2025-07-26T17:59:44.603Z,Bunda Azzam abyan,116243218631244368334,False,0,id,2026-05-04T16:21:53.206097
Ci9DQUlRQUNvZENodHljRjlvT2t0R2RYcEZXbTg0ZEhoS1QyeGllbE5LWmpWTk5XYxAB,ChIJYVzRu2XZbi4RMFeMEFQAIuY,NISKALA COFFEE,Majalengka,Nongkrong,5,"Tempat nongkrong favorit
Kopinya enak2
Harga terjangkau",2025-07-19T11:41:52.902Z,M. Firgi Septian,106915686118902490570,False,0,id,2026-05-04T16:21:53.206107
Ci9DQUlRQUNvZENodHljRjlvT2sxTmMwdzNVV0V0VFhCNFlrOHhkRU5yTlZKRlJuYxAB,ChIJYVzRu2XZbi4RMFeMEFQAIuY,NISKALA COFFEE,Majalengka,Nongkrong,4,Tempatnya asik cuma sayang saya pesen makanan udah nunggu hampir 1 jam masih belum datang,2025-07-13T08:55:18.661Z,Virgiawan Agriyanto,106205889331578743000,False,0,id,2026-05-04T16:21:53.206117
Ci9DQUlRQUNvZENodHljRjlvT2xnek1qaGxUVlZpTFRSSGQzQnhTbW8wY1ZsQ01uYxAB,ChIJYVzRu2XZbi4RMFeMEFQAIuY,NISKALA COFFEE,Majalengka,Nongkrong,5,"Cafe dengan suasana nyaman dan bersih, lokasi samping MAN 3 Majalengka. Tersedia berbagai macam minuman kopi dan non kopi serta makanan lain. Pelayanan juga ramah",2025-06-27T10:45:27.986Z,Gunawan Wijaksono,110218112311284037508,True,0,id,2026-05-04T16:21:53.206142
Ci9DQUlRQUNvZENodHljRjlvT2tSNVJFRXpYMGQyY0ZsSk1VbE9iVVJEZUhGMllWRRAB,ChIJYVzRu2XZbi4RMFeMEFQAIuY,NISKALA COFFEE,Majalengka,Nongkrong,3,"“honest review”

tempatnya biasa aja, oudoornya mungkin kalo siang lebih bagus.
untuk makananya, aku pesen hot caramel latte tp latte artnya kenapa gini sihhh??? sedih bgt huhuhu kurang bagus kalo di foto.
aku juga pesen banana cheese roll a.k.a piscok, piscok pertama dan kedua masih oke pas makan yg ketiga shockkk karena ada rasa bawangnya gituuu entah mungkin dr tangan cooknya atau dr pisau bekas motong bawang di campur buat motong dessert karena berasa bgt rasa bawangnya. tolong perbaiki lagi kebersihannya",2025-06-19T08:35:51.242Z,Revalina Vega,114409380798033853040,False,0,id,2026-05-04T16:21:53.206158
ChZDSUhNMG9nS0VKV2xqOHZGX3VuZWJREAE,ChIJYVzRu2XZbi4RMFeMEFQAIuY,NISKALA COFFEE,Majalengka,Nongkrong,5,Cafe ya enak.. nyaman .. makanan dan cofe ya ok,2025-06-05T12:21:13.653Z,Intan Damayanti,117212840326556121042,True,0,id,2026-05-04T16:21:53.206192
Ci9DQUlRQUNvZENodHljRjlvT2s1eFJHeHpkMDF0YlhKMGVtbHZlR3QxZURaRlUyYxAB,ChIJm0ML5O0vby4RFzzqrLoELdE,Dimsum Bos Majalengka,Majalengka,Nongkrong,5,Yaampun nyesel banget baru tau sekarang😭😭😭 dimsumnya enakkk bgt parahsih bisa tiap hari datang ini mah 😻,2026-02-01T05:09:08.464Z,Dessy Dharma,116135298994954366756,False,0,id,2026-05-04T16:21:53.206216
Ci9DQUlRQUNvZENodHljRjlvT2sxRWRIbFBOR3RLVGtGcFRHWllXamxsY0U1cFZuYxAB,ChIJm0ML5O0vby4RFzzqrLoELdE,Dimsum Bos Majalengka,Majalengka,Nongkrong,5,"Enak,.dimsum nya,, pelayanan nya.,ramah,, rasanya mantep",2026-02-01T05:08:05.711Z,Tyhnaa Tyhnaa,103230035125489781719,False,0,id,2026-05-04T16:21:53.206226
Ci9DQUlRQUNvZENodHljRjlvT2xkek5rd3RVMUI1T0RGbmFHaEhaMEpoTTNKTVdFRRAB,ChIJm0ML5O0vby4RFzzqrLoELdE,Dimsum Bos Majalengka,Majalengka,Nongkrong,5,"Restoran ini terkenal dengan tekstur daging juicy, kulit tipis, dan chili oil yang khas.
Tempatnya luas dan nyaman, cocok untuk makan bersama.",2026-01-28T09:17:38.936Z,Beryl Rabbani,108674946080418402617,False,0,id,2026-05-04T16:21:53.206235
Ci9DQUlRQUNvZENodHljRjlvT2t4Q1FXNXJOVWxxWDFkemVXcEdaMm8zWm5OSmNVRRAB,ChIJm0ML5O0vby4RFzzqrLoELdE,Dimsum Bos Majalengka,Majalengka,Nongkrong,5,enak bangetttt dari dulu jajan dimsum disini terus,2026-01-28T08:31:52.317Z,galeri dinda,105103076179136083828,False,0,id,2026-05-04T16:21:53.206259
Ci9DQUlRQUNvZENodHljRjlvT2w5UmVsRmtaak5NZW05S1dXZHFRemhUVTBjelMzYxAB,ChIJm0ML5O0vby4RFzzqrLoELdE,Dimsum Bos Majalengka,Majalengka,Nongkrong,5,pertama kali coba dimsum disini ternyata enakk pwooll pelayanannya juga ramah' bangett,2026-01-23T10:58:25.038Z,Yuri Sri,112307356290723116081,False,0,id,2026-05-04T16:21:53.206309
Ci9DQUlRQUNvZENodHljRjlvT2poMVJXTnlkRGh4ZWt0MU5reHFZMGRFTm5NeVkyYxAB,ChIJm0ML5O0vby4RFzzqrLoELdE,Dimsum Bos Majalengka,Majalengka,Nongkrong,5,Warung nyeni joss,2026-01-12T15:56:16.107Z,Ahmαd Rezα Mαulαnα,102937433740526664031,False,0,id,2026-05-04T16:21:53.206331
Ci9DQUlRQUNvZENodHljRjlvT21SclF6VnRkME0zTkhreGQwdFRORlJpYTBSeE5WRRAB,ChIJQWnnQwAvby4R3q644r3UG2Y,Siomay & Batagor CICI MYSHA Majalengka - Asli Ikan Tenggiri,Majalengka,Nongkrong,5,"siomay nya enak, bumbu kacangnya premium banget",2026-03-26T13:26:50.661Z,salby,105461535034262488638,False,0,id,2026-05-04T16:21:53.206354
Ci9DQUlRQUNvZENodHljRjlvT201RFQwVjBNemRCYTNOQ04ydGhkMlpVWm0xelJsRRAB,ChIJQWnnQwAvby4R3q644r3UG2Y,Siomay & Batagor CICI MYSHA Majalengka - Asli Ikan Tenggiri,Majalengka,Nongkrong,5,"Menemukan Batagor & Siomay enak di hidden Kota Majalengka. Rasa, siomaynya enak dan di makan dengan chili oil khas Cici Mysha. Akan kembali jajan lagi di sini jika datang ke kota Majalengka 😋😋",2026-03-22T05:19:24.081Z,Rini Okdwiyani,113619218498960076482,False,0,id,2026-05-04T16:21:53.206378
Ci9DQUlRQUNvZENodHljRjlvT21kc2VuRjRSRk5yVTBobFQydFVOM3BGVUROU2RVRRAB,ChIJQWnnQwAvby4R3q644r3UG2Y,Siomay & Batagor CICI MYSHA Majalengka - Asli Ikan Tenggiri,Majalengka,Nongkrong,5,"rasa nya enak,es nya seger walau kurang manis tapi oke lah,tempat nya juga bagus terus bagus, pelayanan nya juga ramah pokonya tempat ini best lah",2026-03-17T10:49:18.100Z,Rava Julio,109826714674148829892,False,0,id,2026-05-04T16:21:53.206393
Ci9DQUlRQUNvZENodHljRjlvT2pkd1ZWZDNPWFYyYUZrM2JVODRTRXhVVkhGSVRIYxAB,ChIJQWnnQwAvby4R3q644r3UG2Y,Siomay & Batagor CICI MYSHA Majalengka - Asli Ikan Tenggiri,Majalengka,Nongkrong,5,"Tempatnya enak dan nyaman,Pelayanan baik dan ramah . pokoknya recomend👍",2026-03-16T14:44:07.902Z,Indra Setiawan,101097220833211914072,False,0,id,2026-05-04T16:21:53.206405
Ci9DQUlRQUNvZENodHljRjlvT2tWc2RsZ3RiRWxGVFRCUlkwMXpXREl0VVVoclJYYxAB,ChIJQWnnQwAvby4R3q644r3UG2Y,Siomay & Batagor CICI MYSHA Majalengka - Asli Ikan Tenggiri,Majalengka,Nongkrong,5,"Pertama kali coba di sini dan langsung suka. Siomay dan batagornya fresh, bumbu kacangnya kental dan gurih. Rasanya mantap dan bikin nagih. Pelayanannya juga cepat dan ramah, tempatnya bersih dan nyaman. Pasti bakal balik lagi ke sini.",2026-03-16T11:05:58.138Z,Indra Az,104945195077168337175,False,0,id,2026-05-04T16:21:53.206414
Ci9DQUlRQUNvZENodHljRjlvT2twTFVqTnhjVjlEVXpNMk1XSXhjR0pHVTNCSVZsRRAB,ChIJQWnnQwAvby4R3q644r3UG2Y,Siomay & Batagor CICI MYSHA Majalengka - Asli Ikan Tenggiri,Majalengka,Nongkrong,5,Siomay nyaa enak teksturnya lembut & empuk banget. apalagi bocil doyan banget sama siomay keju mozarella.,2026-03-14T11:52:02.573Z,Arif Setiady,109197285441499615861,True,0,id,2026-05-04T16:21:53.206423
Ci9DQUlRQUNvZENodHljRjlvT2tVM1UwdzBSVlZoVlRKelV6bFRSbDgwVkdaMVpuYxAB,ChIJQWnnQwAvby4R3q644r3UG2Y,Siomay & Batagor CICI MYSHA Majalengka - Asli Ikan Tenggiri,Majalengka,Nongkrong,5,Fresh dibuat dadakan,2026-03-12T14:24:23.903Z,Sherly Patricia,106833474140807813018,False,0,id,2026-05-04T16:21:53.206454
Ci9DQUlRQUNvZENodHljRjlvT2tORFdGOVBkM2hyVVZOSGNISk9YeTFHVXpaVE0xRRAB,ChIJQWnnQwAvby4R3q644r3UG2Y,Siomay & Batagor CICI MYSHA Majalengka - Asli Ikan Tenggiri,Majalengka,Nongkrong,5,"Siomaynya enak ikan nya beras, harga wort it .. cuss beliiii siomay terenak di majalengka...",2026-03-12T10:55:09.571Z,Nazril Sodikin,111427937768968713210,False,0,id,2026-05-04T16:21:53.206478
Ci9DQUlRQUNvZENodHljRjlvT25OS2FXOWFPVlJ2Tm5WMVJsUm1SalIyWDFsWFRsRRAB,ChIJQWnnQwAvby4R3q644r3UG2Y,Siomay & Batagor CICI MYSHA Majalengka - Asli Ikan Tenggiri,Majalengka,Nongkrong,5,makanan nya enak banget🥰,2026-03-11T14:32:51.140Z,Anisa mustika Febrianty,109426894466177570286,False,0,id,2026-05-04T16:21:53.206487
Ci9DQUlRQUNvZENodHljRjlvT2pCRlUwOXpPVVZSVTB0M04zaDFSWEZyU2xWbVVFRRAB,ChIJQWnnQwAvby4R3q644r3UG2Y,Siomay & Batagor CICI MYSHA Majalengka - Asli Ikan Tenggiri,Majalengka,Nongkrong,5,aku ikut bukber disiniiiiii enak banget 🤤✨,2026-03-11T13:09:42.525Z,Melisa Majalengka,102661622922141576602,False,0,id,2026-05-04T16:21:53.206497
Ci9DQUlRQUNvZENodHljRjlvT2sxNVJGOHRlWE5xVG1wbGQwNW5jbE5GZEMxT05uYxAB,ChIJQWnnQwAvby4R3q644r3UG2Y,Siomay & Batagor CICI MYSHA Majalengka - Asli Ikan Tenggiri,Majalengka,Nongkrong,5,"pelayanan nya ramah, enak bgttt bikin nagih",2026-03-11T13:05:20.396Z,Selsi Apebriyani,111824510927888246442,False,0,id,2026-05-04T16:21:53.206507
Ci9DQUlRQUNvZENodHljRjlvT2s5V1ozaHFRVlpRUkdaNFpVZGxORVJOUVVWTFgxRRAB,ChIJQWnnQwAvby4R3q644r3UG2Y,Siomay & Batagor CICI MYSHA Majalengka - Asli Ikan Tenggiri,Majalengka,Nongkrong,5,Uuueeenakk Siomay Premiumnya,2026-03-11T13:02:12.225Z,Herry Rakhmat Fauzi,107318788861968888884,False,0,id,2026-05-04T16:21:53.206515
ChdDSUhNMG9nS0VJQ0FnSUNmcmRxcG93RRAB,ChIJWUBjbc4pby4Rop6JpaE0fTs,Teras kota Majalengka,Majalengka,Nongkrong,3,"Perlu perbaikan sistim maintainance sarana, kelengkapan fasilitas standar penginapan",2024-12-31T16:00:14.064Z,SISWOYO YUDHODIWIRYO,107644062619440862505,True,0,id,2026-05-04T16:21:53.206535
ChdDSUhNMG9nS0VJQ0FnSUNuamFpTDhBRRAB,ChIJWUBjbc4pby4Rop6JpaE0fTs,Teras kota Majalengka,Majalengka,Nongkrong,5,"Seneng banget datang kesini, udaranya sejuk adem, banyak outlet dan pilihan makanan plua ada playground, mushala dan juga villa penginapan",2024-09-28T11:12:52.668Z,Elda Dheiva Amelinda,104233905283085780933,True,0,id,2026-05-04T16:21:53.206544
ChZDSUhNMG9nS0VJQ0FnSURaMGNYc0J3EAE,ChIJWUBjbc4pby4Rop6JpaE0fTs,Teras kota Majalengka,Majalengka,Nongkrong,5,"Tempatnya enak buat nongkrong sama temen-temen, untuk pesan makanan tidak terpusat di satu tempat, ada 3 tempat, tempat pertama jual makanan berat seperti nasi, tempat kedua jual dessert, tempat ketiga jual kopi,, kopinya juga enak, harga standar..",2023-10-03T04:30:53.875Z,Linda Cahyati,116081106820817178084,True,2,id,2026-05-04T16:21:53.206566
ChZDSUhNMG9nS0VJQ0FnSURaNUtuM0JBEAE,ChIJWUBjbc4pby4Rop6JpaE0fTs,Teras kota Majalengka,Majalengka,Nongkrong,5,Enak utk nginap rombongan,2023-09-24T23:36:19.101Z,Hery setyawan,103887196099935536708,True,1,id,2026-05-04T16:21:53.206589
ChdDSUhNMG9nS0VJQ0FnSUNaN2EtazZnRRAB,ChIJWUBjbc4pby4Rop6JpaE0fTs,Teras kota Majalengka,Majalengka,Nongkrong,5,Tempat ngopi paling oke di Majalengka,2023-09-16T00:31:08.906Z,Enzo Idang,106141100120019956354,False,1,id,2026-05-04T16:21:53.206597
ChdDSUhNMG9nS0VJQ0FnSURSLWRtZHl3RRAB,ChIJWUBjbc4pby4Rop6JpaE0fTs,Teras kota Majalengka,Majalengka,Nongkrong,5,"Cocok buat makan bersama keluarga, ada spot photo nya juga. Ada tempat bermain anak",2023-04-29T11:34:49.208Z,Nani Setia,109728748479188537239,True,2,id,2026-05-04T16:21:53.206626
ChdDSUhNMG9nS0VJQ0FnSUNSd0kzVXF3RRAB,ChIJWUBjbc4pby4Rop6JpaE0fTs,Teras kota Majalengka,Majalengka,Nongkrong,5,Naiss venue buat nongki,2023-03-22T10:50:31.408Z,Arief Hadinata,117538229394755731193,True,0,id,2026-05-04T16:21:53.206641
ChdDSUhNMG9nS0VJQ0FnSUNoNGF6bnFnRRAB,ChIJWUBjbc4pby4Rop6JpaE0fTs,Teras kota Majalengka,Majalengka,Nongkrong,5,"Pernah kemalaman dikota angin nan sepi dan damai,untung ada solusi teras kota Majalengka,suasana alamnya membuat kita adem pas untuk cooling down ,mantap keren,recomended ,saya dari Jember Jawa timur, terimakasih untuk pemilik penginapan dan resto ini,salam seduluran",2023-02-15T01:11:39.691Z,Ida Sri,111159729558929196236,True,1,id,2026-05-04T16:21:53.206670
ChZDSUhNMG9nS0VJQ0FnSUMteXZiUVRREAE,ChIJWUBjbc4pby4Rop6JpaE0fTs,Teras kota Majalengka,Majalengka,Nongkrong,4,"Tempatnya bagus, masih baru. Ada penginapannya, ada tempat bermain anak juga. Makanannya lumayan enak, harga kompetitif. Saran:- menunya ditambahin lagi agar lebih variatif.- Pinggir sungai sebaiknya dipagar mengingat yang datang tidak hanya orang dewasa. - Pinggir jalan sebaiknya diberi pagar & sign arah masuk, mengingat lokasinya di bawah jalan raya dan sering kebablasan jika belum pernah kesini sebelumnya.",2022-11-01T01:43:14.256Z,Ayu DNWS,100143567667116377056,True,1,id,2026-05-04T16:21:53.206680
Ci9DQUlRQUNvZENodHljRjlvT2tWWU5EQm9UMEZxT1hSTVdVVmlOekl0VlVnM1FVRRAB,ChIJe21EiiUvby4RnwfVGtdK_ik,Cemilincik Eatery,Majalengka,Nongkrong,2,"Baru bnget kesini, aku kemakan fyp ig.
Kalo rasa mungkin selera ya, tapi gak cocok di lidah aku, menurutku lebih enak indomie, chili oil nya kayaknya pake AIDA / cabe bubuk lainnya.
Tempatnya juga agak kotor apalagi toiletnya. :(",2026-03-30T09:38:25.257Z,GINA Nmz.,102874638014576641816,False,0,id,2026-05-04T16:21:53.206702
ChZDSUhNMG9nS0VJQ0FnSUMzMmFhWFNnEAE,ChIJe21EiiUvby4RnwfVGtdK_ik,Cemilincik Eatery,Majalengka,Nongkrong,4,"Cocok untuk dipakai tempat nongkrong selepas plng sekolah, suasananya enk dan memiliki pelayanan yg cukup baik",2026-03-23T10:01:35.815Z,Frizal,113721582193093140181,False,0,id,2026-05-04T16:21:53.206716
Ci9DQUlRQUNvZENodHljRjlvT201NWRtUk5Sa3BDWkZVdFdsTnRRVEZ1YkV0WE1XYxAB,ChIJe21EiiUvby4RnwfVGtdK_ik,Cemilincik Eatery,Majalengka,Nongkrong,1,"Tingkatin pelayanannya, kebersihannya juga, makanan udah enak cuman kurang di 2 itu aja, thanks",2026-02-15T09:33:55.044Z,Rafael Jovan,105174625837776869200,False,0,id,2026-05-04T16:21:53.206732
Ci9DQUlRQUNvZENodHljRjlvT2xrNE9FeFlhbmRwVlZaellVUTRNM05PTTJOSmFtYxAB,ChIJe21EiiUvby4RnwfVGtdK_ik,Cemilincik Eatery,Majalengka,Nongkrong,5,enak enak semua makanannya😋,2026-02-14T06:22:22.395Z,teguh Fajar,112898546828401033527,True,0,id,2026-05-04T16:21:53.206742
Ci9DQUlRQUNvZENodHljRjlvT2xSd1lWOTRTV0ZNV0dWVWVGOXllVTVXUVRaWlYwRRAB,ChIJe21EiiUvby4RnwfVGtdK_ik,Cemilincik Eatery,Majalengka,Nongkrong,3,"Sorry to say, tapi kritik dan sarannya mohon diperhatikan untuk kemajuannya, syg bgt soalnya. 1st time ksini gr² kemakan konten di ig, ternyata jauh heda suasana dan menu, ketimbang aditional beef doang juga gak ada ya ampun. Akhirnya Pilih katsu, dan ternyata bnr² segede nuget :(
Bumbunya bau langu, baru sekali ini makan ramen citarasa tangan sendiri yg gak bisa masak ini wkwk itu bnr2 bumbu cabe, bawang, kemiri dong :(

Penyajiannya lamaaa bgt pdhl gak ada org lbh de sejam kayanya kompornya cuma satu apayaa :(
Yang bikin puas cuma air mineralnya doang, mount Toya wkwkwkkwk",2026-02-12T12:02:32.018Z,Wida Wati,113355267227705205312,True,0,id,2026-05-04T16:21:53.206750
Ci9DQUlRQUNvZENodHljRjlvT2sxNmJYSm5Xa1ZqZFhGMmR6WlFkMUk1V1ZORk9XYxAB,ChIJe21EiiUvby4RnwfVGtdK_ik,Cemilincik Eatery,Majalengka,Nongkrong,1,"Tau tempat ini karna fyp di tiktok, lngsung gass nyobain, tapi ga expect pelayanan ny lama banget, nunggu smpe 1jam pesanan belum dtg juga padahal ga terlalu rame.",2026-02-08T13:03:25.478Z,Nissa Nurlaeha,109140620201331128037,True,0,id,2026-05-04T16:21:53.206760
Ci9DQUlRQUNvZENodHljRjlvT2xSZmFXSjFaMUpmZDJ0cVIyUXpWbVZKVkhWVlNVRRAB,ChIJe21EiiUvby4RnwfVGtdK_ik,Cemilincik Eatery,Majalengka,Nongkrong,5,"Edisi istri minta ramen d sini ,bakmie nya enak banget sampe lupa mau foto wkwk",2026-01-13T06:36:23.790Z,Reza Maulana,113085497627153939243,True,0,id,2026-05-04T16:21:53.206779
Ci9DQUlRQUNvZENodHljRjlvT2tzeFRFVk9RelJLZHpaNWJuUlNhRVJYV0RSNGFHYxAB,ChIJe21EiiUvby4RnwfVGtdK_ik,Cemilincik Eatery,Majalengka,Nongkrong,1,"Cukup sekali kesana , tempatnya sempit ramenya kurang kerasa bumbunya beli 2 gratis 1 tp yg satunya ga dikasih toping kuah nya juga kurang bnyak , mejanya goyang , pelayanannya lama banget pdhl cuma sedikitan , alat makan nya sendok nya udah pada ga layak pakai",2025-06-13T03:25:09.834Z,Hena Rismayanti,114447460120148382219,False,0,id,2026-05-04T16:21:53.206795
Ci9DQUlRQUNvZENodHljRjlvT2pSNGVtZDNNRkJ0TlhseFdWSnZVWE5NTlhGMmRYYxAB,ChIJe21EiiUvby4RnwfVGtdK_ik,Cemilincik Eatery,Majalengka,Nongkrong,4,"pertama kalii kesini krna tau dr tiktok, tempatnya masi ga terlalu ramee,makanannya enak,tp ak req telor mateng malah msi stngah mateng sblah wkkw tp gppa,saran aja si untuk minuman nya jgn pake cup plastik biar menarik aja pake gelas atau cangkir,reccomend bgt spicy ramen nya tpi mnurut akuu belum terlalu pedass jd bs ditambahin pke chili oil.
sgitu aja trims",2025-06-07T17:43:20.249Z,Sani Mulyani,111709267434685650151,True,0,id,2026-05-04T16:21:53.206812
ChZDSUhNMG9nS0VJR0Q4WVc4OG9TMWVREAE,ChIJe21EiiUvby4RnwfVGtdK_ik,Cemilincik Eatery,Majalengka,Nongkrong,2,"cukup sekali kesini ga lagi2 pelayanannya kurang, pesanan ada yg ga dateng udh ditunggu 1jam lebih dan ngasih tau ke salah satu pelayannya tetep belum dianterin WONTON SAYA, balik lg nanyain bilangnya nanti dianterin sebentar lg tapi blm juga dateng wkwk sampe ramen udh pada abis wonton belum dianterin juga, pembeli yg baru dateng udh dikasih duluan, auto ga mood langsung pergi. dari segi ramennya udh lumayan enak cuma itu kalo saran dari saya selesain dulu orderan yg dateng lebih dulu jangan di nanti2 semua, kesabaran pelanggan itu beda2 saya dateng jauh2 sangat kecewa",2025-06-01T07:51:34.823Z,Sri Mulyaningsih,109863400193543975175,False,0,id,2026-05-04T16:21:53.206829
ChZDSUhNMG9nS0VNX2Vqb3Z0cF9LdUFnEAE,ChIJe21EiiUvby4RnwfVGtdK_ik,Cemilincik Eatery,Majalengka,Nongkrong,5,Dry ramen dgn bumbu lekohnya suka. Balik lagi kalo mudik,2025-05-11T09:44:12.165Z,Fiqri Amrullah,107505845298111837230,False,0,id,2026-05-04T16:21:53.206849
ChdDSUhNMG9nS0VKYmtrYjZyaFpqN3ZnRRAB,ChIJe21EiiUvby4RnwfVGtdK_ik,Cemilincik Eatery,Majalengka,Nongkrong,5,Pesen spicy ramen 2 porsi & taichannya di bungkus. Super enak!,2025-05-09T23:37:41.854Z,Adi Fardinansyah,112471492769999956363,False,0,id,2026-05-04T16:21:53.206859
ChZDSUhNMG9nS0VQYXRwcEh5X2JIS1Z3EAE,ChIJe21EiiUvby4RnwfVGtdK_ik,Cemilincik Eatery,Majalengka,Nongkrong,1,"Maaf banget waktu pertama emang aku kesana pas masih baru buka, terus ke 2x nya kesana bulan kemarin aku shock ternyata banyak yang g ada, terlalu tergiur postingan @.besokseninco dimsumnya jatuhnya malah kaya siomay amang amang, aku pesen minuman cuma ada es teh, menu nya banyak yang g ada",2025-05-09T11:17:36.671Z,Rindri Rahma,101162242704253411720,False,0,id,2026-05-04T16:21:53.206867
Ci9DQUlRQUNvZENodHljRjlvT2pac1RucFViWGxIZDA5YVRFUTBRbk54ZVhwM00wRRAB,ChIJm0ML5O0vby4RFzzqrLoELdE,Dimsum Bos Majalengka,Majalengka,Nongkrong,5,Enak enak bangettt fav akuu gaada 2 rasanya enak polll banyak juga cabangnya,2026-01-08T03:33:45.343Z,Kirana Octaviany,104163894619920886565,False,0,id,2026-05-04T16:21:53.206875
Ci9DQUlRQUNvZENodHljRjlvT25kUVgxUmlaMkZFZEhCZk9FUnFWSEpvTkVWSFduYxAB,ChIJm0ML5O0vby4RFzzqrLoELdE,Dimsum Bos Majalengka,Majalengka,Nongkrong,5,"Dimsum bos enak sekali topping nya berlimpah, buat wargi metland kertajati bisa banget jajan disini cuma 25 menit dari cluster tanasultan😍",2026-01-08T03:32:41.285Z,Metland Kertajati,114940728269565667978,False,0,id,2026-05-04T16:21:53.206883
Ci9DQUlRQUNvZENodHljRjlvT21GelZrNXBNRFJ6U2pkWE1EbDVVemxGVmpabFZWRRAB,ChIJm0ML5O0vby4RFzzqrLoELdE,Dimsum Bos Majalengka,Majalengka,Nongkrong,5,Chili oilnyaaa enakkk,2026-01-06T05:09:05.257Z,Imas Maskanah,105317850248822024404,False,0,id,2026-05-04T16:21:53.206891
Ci9DQUlRQUNvZENodHljRjlvT214bWFIUjVNMEUxUkRKd01XNHhjMHN3ZFROSWJIYxAB,ChIJm0ML5O0vby4RFzzqrLoELdE,Dimsum Bos Majalengka,Majalengka,Nongkrong,5,tempat nya bersih dan makanan nya enak enak terutama Chili oil,2026-01-06T05:07:53.640Z,Bagus Waniaji4,102808036702175113258,False,0,id,2026-05-04T16:21:53.206900
Ci9DQUlRQUNvZENodHljRjlvT2kxMmRFbGhibFJQVWxsTlFtUjFjRlJzY1ZWamQwRRAB,ChIJm0ML5O0vby4RFzzqrLoELdE,Dimsum Bos Majalengka,Majalengka,Nongkrong,5,"Enak banget, pelayanan ramah + bersih, ga akan nyesel ke sini😊",2026-01-04T05:36:14.033Z,Syehan Dzulfadhli,108574334246935386298,False,0,id,2026-05-04T16:21:53.206915
Ci9DQUlRQUNvZENodHljRjlvT2poR2VsSnFPRVpKYVVoRE4zVlRUa00yVkZFMVpVRRAB,ChIJm0ML5O0vby4RFzzqrLoELdE,Dimsum Bos Majalengka,Majalengka,Nongkrong,5,wenak poolllll😜,2026-01-04T05:34:43.090Z,Maryamgulam Kalukhan,113628979933711121565,False,0,eu,2026-05-04T16:21:53.206931
Ci9DQUlRQUNvZENodHljRjlvT2xnemFqUjRVa1JSWkRkUmFUaHdMVU16Tld0bk5uYxAB,ChIJm0ML5O0vby4RFzzqrLoELdE,Dimsum Bos Majalengka,Majalengka,Nongkrong,5,"dimsum nya ena, lumpia nya enak, mie gocilnya juga enakk. harganya juga masih aman menurutku 👍🏻👍🏻👍🏻",2026-01-04T04:38:37.029Z,Hana Diyanatuazizah,101493811320911829263,False,0,id,2026-05-04T16:21:53.206940
Ci9DQUlRQUNvZENodHljRjlvT2tOYVpsaDVZa1p2V2twTmVuRnVTbXRMYjFWSU4zYxAB,ChIJQWnnQwAvby4R3q644r3UG2Y,Siomay & Batagor CICI MYSHA Majalengka - Asli Ikan Tenggiri,Majalengka,Nongkrong,5,"Enak kerasa bgt bahan premium nya
Worth it bgt buat di coba
Eaos pisan euy",2026-03-11T13:01:55.321Z,abdillah wahidovic,103870309632746721742,False,0,id,2026-05-04T16:21:53.207018
Ci9DQUlRQUNvZENodHljRjlvT2tnNFgzZ3RUM0ZUYVhneldGTmtOMWx5ZVhkRlNFRRAB,ChIJQWnnQwAvby4R3q644r3UG2Y,Siomay & Batagor CICI MYSHA Majalengka - Asli Ikan Tenggiri,Majalengka,Nongkrong,5,Alhamdulillah kenyang enak banget,2026-03-11T13:00:19.585Z,Taufik Hidayah,106915251186247456549,False,0,id,2026-05-04T16:21:53.207034
Ci9DQUlRQUNvZENodHljRjlvT201eWVHa3dUalJmVTFoemRFdE5TMGd6WDB4SVZVRRAB,ChIJQWnnQwAvby4R3q644r3UG2Y,Siomay & Batagor CICI MYSHA Majalengka - Asli Ikan Tenggiri,Majalengka,Nongkrong,5,"makanannya mantap dan tempatnya enakeunn pisann, skenaa abiezzz",2026-03-11T12:51:06.762Z,Rafli Alif Ramadhan,112744023876969503193,False,0,id,2026-05-04T16:21:53.207050
Ci9DQUlRQUNvZENodHljRjlvT2twU2RVcDFlRXBJUjJ0VWRtNVdhMXBVVEZkM2VVRRAB,ChIJQWnnQwAvby4R3q644r3UG2Y,Siomay & Batagor CICI MYSHA Majalengka - Asli Ikan Tenggiri,Majalengka,Nongkrong,5,Cocok banget buat menu buka puasa,2026-03-11T12:50:16.055Z,nadia sukmawati,114379068169608203208,False,0,id,2026-05-04T16:21:53.207059
Ci9DQUlRQUNvZENodHljRjlvT2pkTk0xVnZZMVJmTTNocE4yeFRSMjVLT0cxT1NsRRAB,ChIJQWnnQwAvby4R3q644r3UG2Y,Siomay & Batagor CICI MYSHA Majalengka - Asli Ikan Tenggiri,Majalengka,Nongkrong,5,"Suasananya cukup nyaman, makanannya oke. Mantap pokoknya",2026-03-11T12:49:57.190Z,Adi Rizuki,118182303858672774255,False,0,id,2026-05-04T16:21:53.207066
Ci9DQUlRQUNvZENodHljRjlvT2s1dVMySm5VVmh4YnpaMFZtVTJiR3N6TVdoRU1VRRAB,ChIJQWnnQwAvby4R3q644r3UG2Y,Siomay & Batagor CICI MYSHA Majalengka - Asli Ikan Tenggiri,Majalengka,Nongkrong,5,"Batagornya enak banget, pokoknya harus repeat order",2026-03-11T12:49:39.259Z,Pingkan Maulina,100704023629991653753,False,0,id,2026-05-04T16:21:53.207074
Ci9DQUlRQUNvZENodHljRjlvT2xGd0xWWkNNa3R0VkZWUU1XaFFjMDVQY1VaRVRIYxAB,ChIJQWnnQwAvby4R3q644r3UG2Y,Siomay & Batagor CICI MYSHA Majalengka - Asli Ikan Tenggiri,Majalengka,Nongkrong,5,"Mantaapp.. makanan sangat memuaskan.. Pelayanan yg luar biasa, rekomendasi buat bukber kantor",2026-03-11T12:47:34.654Z,Cepz Yogie,102964244800772434417,True,0,id,2026-05-04T16:21:53.207100
ChdDSUhNMG9nS0VQUE5udGlQLUtISm13RRAB,ChIJe21EiiUvby4RnwfVGtdK_ik,Cemilincik Eatery,Majalengka,Nongkrong,2,Aku dateng pas awal-awal buka nyoba mochi yg coklat enak bangetttttt rasa coklatnya sampe pengen beli lagi tapi keburu kerja jauh. Ngidam sampe hampir dua tahun tapi pas kemarin2 seneng bisa kesana lagi ehh rasa coklatnya beda malah jadi aneh huhu kecewa berat bm belum terpenuhi 😭 tolong kakak owner kembalikan kualitas mochi yg dulu 🥹❤️ buat sekarang maap bintang dua dulu🙏🥹,2025-05-09T10:51:17.614Z,Prtyanthm,106428515574198164023,False,0,id,2026-05-04T16:21:53.207126
ChZDSUhNMG9nS0VJQ0FnTUNZcXI3Tk93EAE,ChIJe21EiiUvby4RnwfVGtdK_ik,Cemilincik Eatery,Majalengka,Nongkrong,4,"Ramen nya enak poll apalgi kuah kaldu nya mantep enak bnget🤩.. oh Iyah untuk minuman nya tdi agak rasa sunlight, mungkin dri gelas nya.. untuk halaman dan ruangan nya tolong agak di bersih2 kak.. biar Susana buat mkn nya juga enak.. oh iya untuk sambel yg di taro di meja luar tolong di ksih tutup biar gak ada debu/kotoran yg masuk🙏🙏..",2025-05-03T10:49:59.563Z,Anggita Wulandari,112564885271215952599,False,0,id,2026-05-04T16:21:53.207136
ChdDSUhNMG9nS0VJQ0FnTUNZMHVuZ2xBRRAB,ChIJe21EiiUvby4RnwfVGtdK_ik,Cemilincik Eatery,Majalengka,Nongkrong,2,"min, kalo niat jualan, orang yg bagian order&pay bisa diem di tempat ga sih? udah beberapa kali slowrespon mulu, yg jaga ga ada, mau order aja kudu tereak2 macam di warung kelontong.",2025-05-03T01:43:54.106Z,jihan mufidah,113824607849828241013,False,0,id,2026-05-04T16:21:53.207145
ChdDSUhNMG9nS0VJQ0FnTURvaExXSnN3RRAB,ChIJe21EiiUvby4RnwfVGtdK_ik,Cemilincik Eatery,Majalengka,Nongkrong,3,"tempatnya sempit, ramen nya ga seenak dulu",2025-04-21T23:57:35.422Z,ana,115195123159163942461,True,0,id,2026-05-04T16:21:53.207167
ChZDSUhNMG9nS0VJQ0FnTURJaUtDbVRREAE,ChIJe21EiiUvby4RnwfVGtdK_ik,Cemilincik Eatery,Majalengka,Nongkrong,1,"ada yg kurang pesanan nya, trs tempat duduk di indoor juga kurang nyaman, meja nya goyang-goyang jadi takut tumpah, mau pindah ke meja lain pun sama meja nya rusak. terus suasana ruangan nya kurang banget karena, gelap lampunya ga di nyalain. staff nya kurang teliti atas pemesan nanya. dan ada yang tidak tersampaikan tapi sudah di list bayar. terus, rasa churry ramen nya sedikit tidak ada rasa. pokonya layanan staff nya bad banget. sama ruangan nya kotor mejanya koto. halaman luarnya juga banyak dedaunan yang jatuh. saran saya sebaiknyaranting pohon itu dibersihkan dan pohon yaang sudah rindang tak terawat sebaiknya di tebang sedikit.",2025-04-06T14:48:12.263Z,Lidia Aprilia,115470746995363037690,False,0,id,2026-05-04T16:21:53.207184
ChZDSUhNMG9nS0VJQ0FnTUNJNllyX2JREAE,ChIJe21EiiUvby4RnwfVGtdK_ik,Cemilincik Eatery,Majalengka,Nongkrong,1,"Ga deh lagi lagi kesini, lama banget pelayanannya, udah hampir 1 jam ga dtg2 makanannya , pdhl ga rame2 banget.
Pelayannya cuma 1, dia kasir, di waitress, dia bebersih, jng2 dia jg yg masak",2025-04-03T06:05:44.521Z,Widia,118086876856424484375,False,0,id,2026-05-04T16:21:53.207193
ChZDSUhNMG9nS0VJQ0FnTUNReVp1OUtnEAE,ChIJe21EiiUvby4RnwfVGtdK_ik,Cemilincik Eatery,Majalengka,Nongkrong,5,"Pelayanan ramah, cepat, ramen nya enak",2025-03-05T11:57:17.497Z,dadang rusmana,103321055773149319407,False,0,id,2026-05-04T16:21:53.207203
ChZDSUhNMG9nS0VJQ0FnTURncHV1VVNREAE,ChIJe21EiiUvby4RnwfVGtdK_ik,Cemilincik Eatery,Majalengka,Nongkrong,2,"Sebelumnya mohon maaf buat owner semoga keluh kesah saya ini dapat di terima dengan baik
1. Pelayanan nya bad banget, pengunjung ga ramai cuma saya aja bertiga sama temen saya, tapi makanannya dateng sampai 1 jam lebih!!!
2. Tempat outdoor nya mohon kalo bekas makan yg sebelum nya di bersihkan dengan benar, banyak noda dan banyak semut jadi ga nyaman buat makan 😊
3. Porsi dimsum nya disini kecil banget, di banding dengan toko sebelah yg harga nya sama tapi porsi nya bikin kenyang
4. Pas pembayaran ga di kasih struk atau nota

Mohon kepada owner buat briefing lagi karyawan nya, sayang banget padahal ramen nya cukup enak, tapi jadi bad karena pelayanan yang kurang menyenangkan 🙏",2025-02-24T11:59:56.403Z,Rosanti Aan,116400211953503634217,False,0,id,2026-05-04T16:21:53.207212
ChdDSUhNMG9nS0VJQ0FnSURmNjc2NzFnRRAB,ChIJe21EiiUvby4RnwfVGtdK_ik,Cemilincik Eatery,Majalengka,Nongkrong,5,"ramennya enak banget+murah
paling recommended itu dimsum nyaa🥰",2025-01-10T11:02:24.967Z,Bungaa Alexander,112306043702659124781,False,0,id,2026-05-04T16:21:53.207243
ChZDSUhNMG9nS0VJQ0FnSURmNl96ZFdBEAE,ChIJe21EiiUvby4RnwfVGtdK_ik,Cemilincik Eatery,Majalengka,Nongkrong,5,"ramen nya enak tiada tanding + murah jdi worth it bgt gaesss, taichan nyaa enak bgttt",2025-01-10T10:47:06.585Z,Andra Ganteng,112955913138772812810,False,0,id,2026-05-04T16:21:53.207252
ChZDSUhNMG9nS0VJQ0FnSURmNjVUY09nEAE,ChIJe21EiiUvby4RnwfVGtdK_ik,Cemilincik Eatery,Majalengka,Nongkrong,5,"Ramenya enak🥰
Pas bangeut hujan hujan makan ramen😍",2025-01-10T10:41:07.162Z,Gladiator rooster Farm,113981829771645247279,False,1,id,2026-05-04T16:21:53.207261
ChdDSUhNMG9nS0VJQ0FnSURmNFlDaDFBRRAB,ChIJe21EiiUvby4RnwfVGtdK_ik,Cemilincik Eatery,Majalengka,Nongkrong,2,"Gelas buat minum nya msh belum bersih soalnya masih kerasa ada rasa sunlight nya, pelayanannya juga judes, saran buat tempat yg dibawah dapurnya tolong di tutup soalnya keliatan kaya ga bersih takut ganggu pelanggan yg mau makan disitu. Untung ramennya enak",2025-01-07T09:27:44.055Z,Majalengka Majalengka,104795172437868891010,False,0,id,2026-05-04T16:21:53.207269
ChdDSUhNMG9nS0VJQ0FnSUNmNS1EYnFBRRAB,ChIJe21EiiUvby4RnwfVGtdK_ik,Cemilincik Eatery,Majalengka,Nongkrong,4,"Makanannya enak, but waktu servingnya lumayan lama",2025-01-02T08:19:02.802Z,Irvan Bastian,106638514076591338342,False,0,id,2026-05-04T16:21:53.207278
ChZDSUhNMG9nS0VJQ0FnSUN2eHFQOERREAE,ChIJe21EiiUvby4RnwfVGtdK_ik,Cemilincik Eatery,Majalengka,Nongkrong,3,"pesanannya lama bngt datengnya pdhl cmn kita doang, trs ternyata tempatnya sempit. untuk sate nya terlalu alott dan untuk ramennya kurang gurih kurang kerasa perbumbu2annya, trs ada mas2 yg nongkrong di meja buat pembeli (kayaknya karyawannya) kita dateng dia ga berdiri atau gmn dia tetep ddk disitu ajaa",2024-12-10T13:45:49.068Z,Kauther Bilansyahhh,108691872718722981195,False,1,id,2026-05-04T16:21:53.207300
ChZDSUhNMG9nS0VJQ0FnSUN2eU5qNWJnEAE,ChIJe21EiiUvby4RnwfVGtdK_ik,Cemilincik Eatery,Majalengka,Nongkrong,4,"I'll keep it simple. Tempat duduk perbanyak, personil kurang banyak.

Ramen Signature best tapi.",2024-12-07T13:39:26.792Z,Andhyka Rahmatullah,114103342501203966990,False,0,id,2026-05-04T16:21:53.207308
ChdDSUhNMG9nS0VJQ0FnSUQzcjl2UDd3RRAB,ChIJe21EiiUvby4RnwfVGtdK_ik,Cemilincik Eatery,Majalengka,Nongkrong,1,sesuai harga . pelayanan parah lama banget . yang dateng akhir di layanin duluan . gua nunggu sampe 1 jam . tgl 16 november di jam 19.00,2024-11-20T08:44:03.450Z,etika putri indriani,112172025489439808338,False,0,id,2026-05-04T16:21:53.207316
ChdDSUhNMG9nS0VJQ0FnSUQzaHEtTC1RRRAB,ChIJe21EiiUvby4RnwfVGtdK_ik,Cemilincik Eatery,Majalengka,Nongkrong,5,enak ramennyaaaaa👍🏻,2024-11-14T14:59:41.812Z,01. Adelia Agustina,100104824797785193231,False,0,id,2026-05-04T16:21:53.207325
ChZDSUhNMG9nS0VJQ0FnSUQzNHJiMVRREAE,ChIJe21EiiUvby4RnwfVGtdK_ik,Cemilincik Eatery,Majalengka,Nongkrong,5,Enak bangett ramen nya 😋,2024-11-13T15:37:27.422Z,Abiyasa Finandika,100241773047349019307,False,0,id,2026-05-04T16:21:53.207333
ChZDSUhNMG9nS0VJQ0FnSUQzNHNhcFRBEAE,ChIJe21EiiUvby4RnwfVGtdK_ik,Cemilincik Eatery,Majalengka,Nongkrong,5,Tempatnya enak... makannannya pun juga enak ... semoga rame terus,2024-11-13T15:33:26.199Z,Egi Ramdana,108312851220355795600,True,0,id,2026-05-04T16:21:53.207342
ChdDSUhNMG9nS0VJQ0FnSUQzNG9hWF93RRAB,ChIJe21EiiUvby4RnwfVGtdK_ik,Cemilincik Eatery,Majalengka,Nongkrong,5,Ramen paling enak yg ada di majalengka😍,2024-11-13T15:33:00.474Z,tiara dwiyanti,103608253131259567994,False,0,id,2026-05-04T16:21:53.207350
ChdDSUhNMG9nS0VJQ0FnSUMzMmJyT3lRRRAB,ChIJe21EiiUvby4RnwfVGtdK_ik,Cemilincik Eatery,Majalengka,Nongkrong,5,enaken si tempat nya. Ramennya juga enak sampe ke tetes terakhir😁,2024-11-07T04:46:02.599Z,Trisna Arizadani,112368557547070041080,False,0,id,2026-05-04T16:21:53.207367
ChZDSUhNMG9nS0VJQ0FnSUMzdWZ5N09REAE,ChIJe21EiiUvby4RnwfVGtdK_ik,Cemilincik Eatery,Majalengka,Nongkrong,5,Ramen nya mantap,2024-11-07T04:32:31.932Z,Nico Armando,103331202243085839584,False,0,id,2026-05-04T16:21:53.207383
ChZDSUhNMG9nS0VJQ0FnSUMzMmFMVmNnEAE,ChIJe21EiiUvby4RnwfVGtdK_ik,Cemilincik Eatery,Majalengka,Nongkrong,5,menu nya enak +harga nya sangat terjangkau,2024-11-07T02:32:38.811Z,Bintang Dewangga,114108234461204172291,False,0,id,2026-05-04T16:21:53.207392
ChZDSUhNMG9nS0VJQ0FnSUMzMGNqWldnEAE,ChIJe21EiiUvby4RnwfVGtdK_ik,Cemilincik Eatery,Majalengka,Nongkrong,3,"kali ke 2 makan disinii buat ramennya rasanya sesuai sama harga nya jadi not bad,tapi tadi pesen dimsum mentai dimsumnya kecil banget terus mentainya pun kayak cuman di taroin mayonaise pedas doang dimsum nya udah dingin pula jadi gak wort ittt,buat tempat nya tolong di bersihin lagi soalnya tadi mau makan di dalem kotor banget lantainya jadi makan di luar selain itu udh oke tolong di tingkat kan lagi ya pelayanan dan kebersihan nya terimakasih",2024-11-06T12:40:40.211Z,clara wachirawit,115117966817945042794,False,0,id,2026-05-04T16:21:53.207405
Ci9DQUlRQUNvZENodHljRjlvT2pNMVFra3lTalJMY0dweFExQmhUazlvU3pVMk1FRRAB,ChIJkUTNJgAvby4RvaI1rYi9uzg,Mie Gacoan Majalengka,Majalengka,Nongkrong,5,Tempat nya bersih,2026-05-04T11:22:43.990Z,Wawan Hermawan,112751015722388749103,False,0,id,2026-05-04T16:21:53.207432
Ci9DQUlRQUNvZENodHljRjlvT2pGNE0zbFBPWEZZU1VwTlJXTjVWMjVqYkdSQ1gxRRAB,ChIJkUTNJgAvby4RvaI1rYi9uzg,Mie Gacoan Majalengka,Majalengka,Nongkrong,1,meuli speaker nu alus,2026-05-04T11:03:35.350Z,Penyu,104445732886922165542,False,0,su,2026-05-04T16:21:53.207442
Ci9DQUlRQUNvZENodHljRjlvT2xoa2JEUXRRVWROYWt0eU9IaHdRVGxvTkd0bFRFRRAB,ChIJkUTNJgAvby4RvaI1rYi9uzg,Mie Gacoan Majalengka,Majalengka,Nongkrong,1,"Gacoan level 4 , kecap nya juga kbnyakan. Klo ga niat masak resign aja dari resto nya.",2026-05-04T08:12:54.569Z,Bandung Bali,116892065031342821528,False,0,id,2026-05-04T16:21:53.207451
Ci9DQUlRQUNvZENodHljRjlvT2xSUWJFczFaM1YzT1hkVGVWZHhkRFZtYmkxS1gzYxAB,ChIJkUTNJgAvby4RvaI1rYi9uzg,Mie Gacoan Majalengka,Majalengka,Nongkrong,5,"Makanan enak, tempat nya juga bersih",2026-05-04T05:34:28.013Z,Green Force,100062417682074484715,False,0,id,2026-05-04T16:21:53.207474
Ci9DQUlRQUNvZENodHljRjlvT2pkNlQwaHZlVE15YWtnM1gyUjVlVE5xZEhCb1psRRAB,ChIJkUTNJgAvby4RvaI1rYi9uzg,Mie Gacoan Majalengka,Majalengka,Nongkrong,5,"Tempat nya nyaman,bersih",2026-05-04T05:32:25.462Z,Didi Supardi,105900243361103471085,False,0,id,2026-05-04T16:21:53.207491
Ci9DQUlRQUNvZENodHljRjlvT2xoNloyNUxRV1pQY2pKdmFtdFVXR2hrYm1KRFZVRRAB,ChIJkUTNJgAvby4RvaI1rYi9uzg,Mie Gacoan Majalengka,Majalengka,Nongkrong,1,"sistem nya benerin lagi, kalo mau di anterin di anterin sekalian, jangan gorengan suruh di ambil mie di anterin, itu juga di anterin nya lama banget. panggil orang pake mic tapi suara nya kek orang bisik bisik, alhasil makanan di diemin kelamaan, es di minuman mencair mie udah pada dingin ngegumpal. pegawe segitu banyak kagak ada yang inisiatif👎🏻👎🏻👎🏻👎🏻",2026-05-03T04:06:04.838Z,Kadyan Martell,105117768676239360014,False,0,id,2026-05-04T16:21:53.207520
Ci9DQUlRQUNvZENodHljRjlvT25ScFRGSlVMV2szTFVkZmEzRlBUVXRDZEVoS05HYxAB,ChIJkUTNJgAvby4RvaI1rYi9uzg,Mie Gacoan Majalengka,Majalengka,Nongkrong,1,Tolong kasir nya di ganti dong Pesenan 57 ribu uang 70ribu di lisan Ditulis 60 ribu Kembalian 7 ribu Pegawai Semua Kaga Ramahh Kagaa Lagi Deh Balik Lagi Ke Gacoan Majalengka,2026-05-02T07:52:58.322Z,asep edwin,113044106942808585801,False,1,id,2026-05-04T16:21:53.207530
Ci9DQUlRQUNvZENodHljRjlvT2tKVWQwb3pNVVY0UTA1SmVEY3RRWFUyY0ZGSE4xRRAB,ChIJkUTNJgAvby4RvaI1rYi9uzg,Mie Gacoan Majalengka,Majalengka,Nongkrong,1,Layanan lambat bagi kami driver shopefood,2026-05-02T04:10:56.124Z,Regi Jamser,118392502695626657393,False,0,id,2026-05-04T16:21:53.207547
Ci9DQUlRQUNvZENodHljRjlvT2xSbFJtb3pkSFpHVm1GaGRtdEliVFJzY201aFduYxAB,ChIJkUTNJgAvby4RvaI1rYi9uzg,Mie Gacoan Majalengka,Majalengka,Nongkrong,1,pas ambil pesenan tiba’ pegawai yang mau ngasih makanannya manggil temennya”gus sambil matanya melihat ke saya” seolah’ saya direndahkan lain kalo adab dibenarkan,2026-05-01T17:22:05.130Z,Ryy Backjb,109338121994580569017,False,0,id,2026-05-04T16:21:53.207557
Ci9DQUlRQUNvZENodHljRjlvT21Ga1ZUUlBaWGN4T1dFdGJVeDJXWEJoU2xrek4yYxAB,ChIJkUTNJgAvby4RvaI1rYi9uzg,Mie Gacoan Majalengka,Majalengka,Nongkrong,5,mie nya enak terus pelayanan nya ramah,2026-04-30T07:46:54.026Z,rifa suryana,103584466675719605720,False,0,id,2026-05-04T16:21:53.207647
Ci9DQUlRQUNvZENodHljRjlvT21aWlpGTkJlV2RpVUdOSWJtWnlkMUEyUVVKeldHYxAB,ChIJkUTNJgAvby4RvaI1rYi9uzg,Mie Gacoan Majalengka,Majalengka,Nongkrong,5,enak bgt ramah ramah pelayanan,2026-04-30T07:44:55.021Z,Sabrina Zahra,117430364024060290675,False,0,id,2026-05-04T16:21:53.207656
Ci9DQUlRQUNvZENodHljRjlvT25aeVUzWkxhMlp2WkU5cGFFMTVkelpSWVZwRVlYYxAB,ChIJkUTNJgAvby4RvaI1rYi9uzg,Mie Gacoan Majalengka,Majalengka,Nongkrong,5,"Pelayanannya okee bgt dan ramah, makanannya juga enak👍",2026-04-29T11:35:05.925Z,Niken Putri Puspitasari,102197790233638989742,False,0,id,2026-05-04T16:21:53.207741
Ci9DQUlRQUNvZENodHljRjlvT2kxd1VXUTNiak5vV0VreFNsSkxjbTk1WkcxUFlsRRAB,ChIJkUTNJgAvby4RvaI1rYi9uzg,Mie Gacoan Majalengka,Majalengka,Nongkrong,2,"pengurus atau managernya apa ga pernah ngecek tempat ya .kursi pada doyong goyang mau patah ga di ganti dengan yg baru apa nunggu ada yg jatoh dulu pas lgi duduk makan baru di ganti.
untuk harga memang murah tpi pelayanan 0 besar makanan udah siap harus ambil sendiri bawa bawa nampan udah kaya pelayan lalu karyawan gunanya apaan ya? masa cuma pada kerja ambil piring kotor doang. se tau saya dimana mana pembeli ga wajib ambil pesanan sendiri kecuali di bungkus!
1 lgi di meja cuma ada nomer dan barcode aja ga ada asbak ga ada tisu",2026-04-29T11:05:23.873Z,Miftahzainul11@yahoo!com Miftahzainl11,101319583485485183246,True,0,id,2026-05-04T16:21:53.207758
Ci9DQUlRQUNvZENodHljRjlvT205SlNIUlZjR3A2ZFc4MWQyMWhWbUZ2VDNFNE1HYxAB,ChIJkUTNJgAvby4RvaI1rYi9uzg,Mie Gacoan Majalengka,Majalengka,Nongkrong,5,pelayanannya ramah,2026-04-29T05:45:08.902Z,Naisa artijah,109475609945721745127,False,0,id,2026-05-04T16:21:53.207772
Ci9DQUlRQUNvZENodHljRjlvT2twaE5VMWZWRWxsV0cwMFYzSnhiMWt5WjI1R09XYxAB,ChIJAxBXJADZbi4RmuwOmuj59nc,Mie Huhah Jatiwangi,Majalengka,Nongkrong,3,"buka dari jam 10.00 - 21.00
untuk tempat luas ada area outdoor juga
pelayananan oke.gak nunggu lama dan gercep💚
tapi buat makanan menurutku sekarang agak kurang rasanya lebih manis mungkin kebanyakan kecap dan pedesny juga kurang padahal waktu itu beli yang lev. 3 lumayan pedes tapi sekarang nggak pedes sama sekali.
untuk suasana nya kurang nyaman,banyak lalat dan kurang bersih.mohon lebih ditingkatkan lagi kebersihannya
aku lebih recommend buat yang mau makan di area outdoor nya aja👍",2026-05-03T10:47:40.625Z,Alanala Saidara Keiran,112230865569710932118,True,0,id,2026-05-04T16:21:53.207804
Ci9DQUlRQUNvZENodHljRjlvT2t3NFJIZDVXbTVrYUdaV0xXcHFORGRCV1doV0xWRRAB,ChIJAxBXJADZbi4RmuwOmuj59nc,Mie Huhah Jatiwangi,Majalengka,Nongkrong,3,pelayanan bagus cuma pas takeaway orderannya kurang 1 pangsit gorengnya gak ada lain kali di liat lagi di cek lagi pesanannya udah bener lengkap belum 😭,2026-04-03T07:24:52.445Z,Chanyeol Park,114516801689607118802,False,0,id,2026-05-04T16:21:53.207815
Ci9DQUlRQUNvZENodHljRjlvT25WeFlWVkdZV1pEYVhjdFdsOHlaemhFV0ZVeFduYxAB,ChIJAxBXJADZbi4RmuwOmuj59nc,Mie Huhah Jatiwangi,Majalengka,Nongkrong,5,"Alhamdulillah di Jatiwangi sekarang ada tempat makan Per Mie an serupa yang ada di Majalengka Kota. Mie nya lebih tebal, enaknya sama dengan kompetitor sebelah. Malah ada tambahan Bakso Besar atau kecil sebagai opsi pelengkapnya. Side Dishnya juga serupa seperti Udang Keju, Udang Rambutan, dll dan sama enaknya. Untuk minuman mungkin beda jauh, karena tidak se variatif yang di Majalengka Kota. Overall harga hampir sama, kalau Pelayanan cukup cepat dan ramah. Area makan juga banyak namun area parkiran agak terbatas. Untuk lokasi strategis, di salah satu jalan terpadat akan kulinernya di Jatiwangi.",2026-03-18T05:32:30.882Z,Fajar Ramadhani,110767216926573698112,True,0,id,2026-05-04T16:21:53.207825
Ci9DQUlRQUNvZENodHljRjlvT2tkR00xbGxjVGs0ZUVsUVVIZFdkVUpoZVhoRldtYxAB,ChIJAxBXJADZbi4RmuwOmuj59nc,Mie Huhah Jatiwangi,Majalengka,Nongkrong,1,"Pertama kali beli mie yg pedesnya level 2 dan udang keju disini, LANGSUNG KENA DIARE YA ALLAH😭🙏
Sy yakin sy kena diare bukan krn level pedesnya, tapi krn kurang higienis.
Kapok bgt! Mau dikasih gratis 1 truk juga gaakan mau saya makan disini lagi😭🙏",2026-02-01T02:39:31.262Z,Wina Marselina,114518842054443607161,True,0,id,2026-05-04T16:21:53.207846
Ci9DQUlRQUNvZENodHljRjlvT25GWFptdHpXa3hwVTJ0b1QwUm1YemxRU1hCdWJGRRAB,ChIJAxBXJADZbi4RmuwOmuj59nc,Mie Huhah Jatiwangi,Majalengka,Nongkrong,3,"Biasa saja..
Cukup lah.",2025-12-19T06:31:58.347Z,Arief Dedie,114972903534269272739,True,0,id,2026-05-04T16:21:53.207855
Ci9DQUlRQUNvZENodHljRjlvT21zek1tOW9kR1paTFdONFNXVXlOM0ZOTUU1WllsRRAB,ChIJAxBXJADZbi4RmuwOmuj59nc,Mie Huhah Jatiwangi,Majalengka,Nongkrong,5,Akhirnya buka cabang lebih deket sama kost an,2025-11-26T08:52:58.149Z,Mirda Oktafiana45,114951657818329151555,False,0,id,2026-05-04T16:21:53.207872
Ci9DQUlRQUNvZENodHljRjlvT25KMFluRXhTekpJY1ZnM2VVeHZaRXhFVjJ4R0xWRRAB,ChIJAxBXJADZbi4RmuwOmuj59nc,Mie Huhah Jatiwangi,Majalengka,Nongkrong,1,"first time ke sini awal di kasir ramah lalu aku pilih dduk di pojok krna aku pikir bakal ga ada yg ganggu, lalu makanan 20 menit dtg disitu pelayanan nya jg bagus lalu ketika mau  makan langsung ada lalat nyamperin bukan 1/2 tapi lebihhh. aku mau makan malah ke ganggu binatang dan menurut aku jijik, tapi awal nya aku masi toleransi karna wajar kali krna di luar ruangan lalu ga lama lalat makin bnyk tp ga sempet ke foto keburu ga mood krna udh nempel ke makanan, tapi untung udang keju ny enak jdi lumyn ga sia"". saran dari aku pilih mejanya di dalem aja dan buat kebersihan nya tolong di jaga lagi yaa...",2025-11-23T09:18:26.272Z,Lulu Nurawalluna,108921681038988712797,False,0,id,2026-05-04T16:21:53.207880
Ci9DQUlRQUNvZENodHljRjlvT2tWVFIzSlZXV1pxUkc1TmIySTVPRVZzYW5OUlRXYxAB,ChIJAxBXJADZbi4RmuwOmuj59nc,Mie Huhah Jatiwangi,Majalengka,Nongkrong,5,Halo ini belum ada di aplikasi gofood ya?,2025-11-14T03:24:41.116Z,gilang dm,113675959725700635667,False,0,id,2026-05-04T16:21:53.207889
Ci9DQUlRQUNvZENodHljRjlvT2xCV05FbFNZa0pvWW01QlVsbGxSVk5zUjE5SFVIYxAB,ChIJAxBXJADZbi4RmuwOmuj59nc,Mie Huhah Jatiwangi,Majalengka,Nongkrong,1,"JUJUR SHIK SHAK SHOK AJA KOK BISA GITU ADA BULUKKK DIDALEM INI😭
TOLONG PERBAIKI LAGI INI SANGAT JOROK BGT",2025-10-09T00:59:05.986Z,Fauziyan Zahra,104087221783304539126,False,0,id,2026-05-04T16:21:53.207913
Ci9DQUlRQUNvZENodHljRjlvT25SVFpuTnRaRUZvTlVsTmJFTTJTVlY1ZEdoQ1kyYxAB,ChIJkUTNJgAvby4RvaI1rYi9uzg,Mie Gacoan Majalengka,Majalengka,Nongkrong,5,gacoan majalengka enaakk bangett dsn pelayanan nya jugaa ramaahh tempatnya jugaa berisih banget,2026-04-29T04:08:12.845Z,bilqis zulfa,113971395808749270502,False,0,id,2026-05-04T16:21:53.207923
Ci9DQUlRQUNvZENodHljRjlvT2t4bU5FMHpWelZzYzNsUk56VktUMFJ2UjB4M2VFRRAB,ChIJkUTNJgAvby4RvaI1rYi9uzg,Mie Gacoan Majalengka,Majalengka,Nongkrong,5,"Enakkk, aku suka udang keju",2026-04-29T04:07:21.653Z,Sartika Nadine,113340409474957088485,False,0,id,2026-05-04T16:21:53.207931
Ci9DQUlRQUNvZENodHljRjlvT25kM2FHVnRURTFKUlVjNWNXWk5PVlpOY0VKUWNuYxAB,ChIJkUTNJgAvby4RvaI1rYi9uzg,Mie Gacoan Majalengka,Majalengka,Nongkrong,5,"mienyaa enak bangett , udang kejunyaa mantep bgtt pokonya",2026-04-28T11:16:12.087Z,Prastika Devi,109086394472549569219,False,0,id,2026-05-04T16:21:53.207947
Ci9DQUlRQUNvZENodHljRjlvT2pKVGRUbGZZa1JaWkhkVlNrMHRNRFJRY25waWVXYxAB,ChIJkUTNJgAvby4RvaI1rYi9uzg,Mie Gacoan Majalengka,Majalengka,Nongkrong,5,Mantap luar biasa,2026-04-28T08:41:30.925Z,Anisa Nurul Hikmah,101353332035597438000,False,0,id,2026-05-04T16:21:53.208003
Ci9DQUlRQUNvZENodHljRjlvT2xCRk5XSXhiVlpXTUVKT2Nrd3lZVzlVZFVWeFdHYxAB,ChIJkUTNJgAvby4RvaI1rYi9uzg,Mie Gacoan Majalengka,Majalengka,Nongkrong,5,"Tempat dan pelayanannya bagus, makanannya enak, harga terjangkau",2026-04-28T04:15:36.417Z,ummu hany,114863899360846523302,True,0,id,2026-05-04T16:21:53.208013
Ci9DQUlRQUNvZENodHljRjlvT2s4NGFEWXRWazF2UWs4MFNHUkZZamhZTFMxMWVXYxAB,ChIJf2Dy9tMvby4Rz0QA4Bf56-w,Foodpedia Tentang Kopi Majalengka,Majalengka,Nongkrong,5,"Pelayanannya ramah, tempatnya bersih, makanan dan minumannya enak enak yeay",2026-05-04T14:27:34.281Z,Candra Ardiansyah,103603277161982688243,False,0,id,2026-05-04T16:21:53.208023
Ci9DQUlRQUNvZENodHljRjlvT2tWR2JuQnhlbFo1YTJOUVMwTklZMDVRVjFNMWJrRRAB,ChIJf2Dy9tMvby4Rz0QA4Bf56-w,Foodpedia Tentang Kopi Majalengka,Majalengka,Nongkrong,5,sofanya cozy banget cuy,2026-05-04T14:26:14.467Z,Raihan Pratama,104595353188757569714,False,0,id,2026-05-04T16:21:53.208032
Ci9DQUlRQUNvZENodHljRjlvT2tSSVZrVkRlVEZQVnkxWFduWnFTemxGWjFOeFRYYxAB,ChIJf2Dy9tMvby4Rz0QA4Bf56-w,Foodpedia Tentang Kopi Majalengka,Majalengka,Nongkrong,5,Es kopi susu nya creamy banget sama suasananya cozy banget enak buat nongkrong sama wfc🥰,2026-05-04T14:23:09.093Z,Yusuf Luri,100020857048642612065,False,0,id,2026-05-04T16:21:53.208040
Ci9DQUlRQUNvZENodHljRjlvT20xcFkzQmtTRXBPV1ZOcmNrNXBPWEYwZURGT2JtYxAB,ChIJf2Dy9tMvby4Rz0QA4Bf56-w,Foodpedia Tentang Kopi Majalengka,Majalengka,Nongkrong,5,"enak bgt tempatnya nyaman full ac, approved👌",2026-03-12T10:51:11.438Z,dwie lestarie,101169436058234905840,False,0,id,2026-05-04T16:21:53.208057
Ci9DQUlRQUNvZENodHljRjlvT21KeGVVSjFlSEYyZFRBMU1VY3dkbWczY1RScWVrRRAB,ChIJf2Dy9tMvby4Rz0QA4Bf56-w,Foodpedia Tentang Kopi Majalengka,Majalengka,Nongkrong,5,"Tempatnya ok pisan, makananya enak",2025-12-21T09:15:59.414Z,Abe Dima,116846459528963672199,True,0,id,2026-05-04T16:21:53.208311
ChZDSUhNMG9nS0VQS2RpLWVQa2J2VFd3EAE,ChIJf2Dy9tMvby4Rz0QA4Bf56-w,Foodpedia Tentang Kopi Majalengka,Majalengka,Nongkrong,1,Pelayan kurang ramah & penyajian lamaaaaaa bngttt,2025-05-19T13:03:58.147Z,Tedi Pratama,117986599337832080427,False,0,id,2026-05-04T16:21:53.208334
ChZDSUhNMG9nS0VJQ0FnTUNJemVQeUhnEAE,ChIJf2Dy9tMvby4Rz0QA4Bf56-w,Foodpedia Tentang Kopi Majalengka,Majalengka,Nongkrong,3,Hanya lihat dari luar saja. Belum pernah masuk. Lokasi mudah di jangkau,2025-04-03T22:53:17.024Z,DANI MUBAROK,116863174710657370005,True,0,id,2026-05-04T16:21:53.208357
ChZDSUhNMG9nS0VJQ0FnSURQbWJTcUJREAE,ChIJf2Dy9tMvby4Rz0QA4Bf56-w,Foodpedia Tentang Kopi Majalengka,Majalengka,Nongkrong,1,Pelayan tidak ramah & Toilet Kotor,2024-12-03T18:51:17.827Z,Rznindia Citra,100579288976403596460,False,0,id,2026-05-04T16:21:53.208369
ChdDSUhNMG9nS0VJQ0FnSUN6aDdhSzJRRRAB,ChIJf2Dy9tMvby4Rz0QA4Bf56-w,Foodpedia Tentang Kopi Majalengka,Majalengka,Nongkrong,5,"Tempatnya cantik banget, ruangan full ac, ada fasilitas mushola dan di balkon ada beberapa kusi menghadap ke view jalan kota Majalengka pastinya cocok buat nyore dan nongki malam. Makanan dan minumannya variatif dan rasa overall enak wajib coba Beefquesadilla dan Burger Beefnya",2024-06-05T16:58:26.973Z,Jajanan Cek,100891072120898484784,True,4,id,2026-05-04T16:21:53.208453
ChdDSUhNMG9nS0VJQ0FnSUM1aThYZWt3RRAB,ChIJf2Dy9tMvby4Rz0QA4Bf56-w,Foodpedia Tentang Kopi Majalengka,Majalengka,Nongkrong,4,Tempatnya enakeun,2023-10-17T04:40:22.132Z,Fitri Amalia,114874563767897926870,False,0,su,2026-05-04T16:21:53.208479
ChdDSUhNMG9nS0VJQ0FnSUM1cVB1QzF3RRAB,ChIJf2Dy9tMvby4Rz0QA4Bf56-w,Foodpedia Tentang Kopi Majalengka,Majalengka,Nongkrong,4,"Setiap penyajiannya lamaaaa banget,padahal cafe lagi kosong.pelayannya pas ngasihin makanan kurang ramah",2023-10-09T23:00:07.520Z,Dhe Leo Pratama,111381056285081584612,True,0,id,2026-05-04T16:21:53.208487
ChZDSUhNMG9nS0VJQ0FnSURKODV1aVBREAE,ChIJf2Dy9tMvby4Rz0QA4Bf56-w,Foodpedia Tentang Kopi Majalengka,Majalengka,Nongkrong,3,"kita sudah pesan, pesanan kita blm habis tapi sudah ditanya oleh waiter untuk diambil yang jelas masih ada walaupun sedikit lagi, karna kita mungkin sbntar lagi pulang its okey lah diambil karna gaenak dia berdiri lama depan kita kaya sedikit memaksa. stlah itu ada waiter lain/barista atau apalah berdua yg sepertinya nemenin tmnnya nongki disitu, diruangan no smoking itu hanya terisi 2 meja dengan mereka liat kita yang lagi asik bercerita extited dan meja kita kosong langsung saling sindir dengan berucap ""pesen pesen lah"" ""minimal pesen"" LAH? jikalau ke org lain ga mungkin karna diruang no smoking cuma 2meja mereka dan kita . punten ya mas mba lain kali sama konsumen jgn kaya gtu gabaik hehe.
(walau saya tau konteks waiter mengambil piring di tmpt kita itu apa) tapi ga etis.",2023-07-22T16:27:02.851Z,Tia Setiawati,106608263811944667144,False,3,id,2026-05-04T16:21:53.208521
ChdDSUhNMG9nS0VJQ0FnSUR4NFlfMjN3RRAB,ChIJf2Dy9tMvby4Rz0QA4Bf56-w,Foodpedia Tentang Kopi Majalengka,Majalengka,Nongkrong,3,Tempat nya nyaman dan pelayanannya baik,2023-06-10T01:39:48.758Z,kang BenRus,103028657963561960846,True,0,id,2026-05-04T16:21:53.208531
ChdDSUhNMG9nS0VJQ0FnSURCanFqdnNBRRAB,ChIJf2Dy9tMvby4Rz0QA4Bf56-w,Foodpedia Tentang Kopi Majalengka,Majalengka,Nongkrong,5,Nongkrong di sini betah banget dari dzuhur sampe magrib. Karena kejebak ujan juga. Bagus tempatnya cozy apalagi di lantai atass,2023-01-19T11:08:26.415Z,Afifa Maulina,113273402593404349169,False,0,id,2026-05-04T16:21:53.208564
ChdDSUhNMG9nS0VJQ0FnSUNCb04yTG1nRRAB,ChIJf2Dy9tMvby4Rz0QA4Bf56-w,Foodpedia Tentang Kopi Majalengka,Majalengka,Nongkrong,5,"Nongkrong lama di sini krn keujanan tp nyaman bgt, cozy tempatnya",2022-12-14T12:53:31.691Z,Siom Pur,101673775862316424436,True,0,id,2026-05-04T16:21:53.208574
ChZDSUhNMG9nS0VJQ0FnSUQtMmNxdFRBEAE,ChIJf2Dy9tMvby4Rz0QA4Bf56-w,Foodpedia Tentang Kopi Majalengka,Majalengka,Nongkrong,5,Cozy bgt betah lama lama,2022-12-04T01:10:05.307Z,Mufi Y Nidar,102819162646703720809,True,0,ms,2026-05-04T16:21:53.208584
ChZDSUhNMG9nS0VJQ0FnSUMtMWN6Ukp3EAE,ChIJf2Dy9tMvby4Rz0QA4Bf56-w,Foodpedia Tentang Kopi Majalengka,Majalengka,Nongkrong,5,"Suasana di dalam nya Cozy Nyaman bett dah ah... Cocok buat kongkow kumpul2 bareng CeeS sahabat.
Makanan dan minumannya ya lumayan lah 👍👍",2022-11-09T13:45:01.183Z,M Haris,103445403507744506709,True,0,id,2026-05-04T16:21:53.208593
ChdDSUhNMG9nS0VJQ0FnSURXOW9fT2lnRRAB,ChIJf2Dy9tMvby4Rz0QA4Bf56-w,Foodpedia Tentang Kopi Majalengka,Majalengka,Nongkrong,4,"Variasi makanan banyak, lumayan enak dan worth it sesuai dgn harga, tempatnya rapih, bersih, nyaman berlama2 disana, kekurangannya para pegawai kurang ramah&terkesan ketus, tolong diperbaiki🙏🏻",2022-03-24T00:52:51.531Z,Yasmin Siti Zahra,114665623664392616654,True,1,id,2026-05-04T16:21:53.208615
ChdDSUhNMG9nS0VJQ0FnSUNXdjdQbTBnRRAB,ChIJf2Dy9tMvby4Rz0QA4Bf56-w,Foodpedia Tentang Kopi Majalengka,Majalengka,Nongkrong,5,Banyak bgt menu nya..sukkaaa ❤️❤️,2022-03-11T09:01:36.195Z,Rumput Tetangga,111953507309811383769,True,0,id,2026-05-04T16:21:53.208636
ChdDSUhNMG9nS0VJQ0FnSUNXNE9qaGpRRRAB,ChIJf2Dy9tMvby4Rz0QA4Bf56-w,Foodpedia Tentang Kopi Majalengka,Majalengka,Nongkrong,1,"Sempet mampir kesini,tolng pelayanannya di perbaiki lgi, jgn sampai ngurangin mood,, pas lgi makan dnger pegawai ngomng nya ketus² banget,",2022-02-15T03:27:37.308Z,Aqila putri,117486622992998125266,False,3,id,2026-05-04T16:21:53.208652
ChZDSUhNMG9nS0VJQ0FnSURHeHNfNmR3EAE,ChIJf2Dy9tMvby4Rz0QA4Bf56-w,Foodpedia Tentang Kopi Majalengka,Majalengka,Nongkrong,4,"Lumayan banyak variasi makanan dan minumannya...rasanya lumayan enak tergantung apa yg kita order..harga sesuai dengan ukuran dan rasa..tmptnya nyaman, pegawainya ramah dan pelayanan cepat...🙏",2021-11-26T10:34:44.976Z,Ika Ratikah,110208766026878151293,True,0,id,2026-05-04T16:21:53.208668
ChZDSUhNMG9nS0VJQ0FnSURHZ3FUS0tREAE,ChIJf2Dy9tMvby4Rz0QA4Bf56-w,Foodpedia Tentang Kopi Majalengka,Majalengka,Nongkrong,1,"Judul nya foodpedia tapi makanannya gak ada yang enak,nyobain nachos asinnnn bangetttt mpe puyeng makan nya🤮🤢",2021-11-22T03:50:18.314Z,Zativa Achmad,102077513561865136407,True,1,id,2026-05-04T16:21:53.208684
Ci9DQUlRQUNvZENodHljRjlvT25KS1dXOXJURTFYVUZsU2NYbFJOVFkwVUMxSFJWRRAB,ChIJX7BlCJEvby4RZETKKAY9_R4,HokBen Ruko Capital Point Majalengka,Majalengka,Nongkrong,3,"Acny kuranv dingin,meskipun pas makan lg ga bnyak org,,terus toiletny kotor,tisu numpuk d tmpat sampah,sprayer di toilet cwe kyny kudu dbnerin,nasiny telat dihidangkan,,ps dtg panas bgd mgkin baru mateng",2026-05-01T10:57:33.372Z,Rd. Dwi Puspitasari,107312055905233135524,True,0,id,2026-05-04T16:21:53.208698
Ci9DQUlRQUNvZENodHljRjlvT2xKb1kzTTVVVWxIWkdOamR6ZzVlVE5ZWDJGQ1IyYxAB,ChIJX7BlCJEvby4RZETKKAY9_R4,HokBen Ruko Capital Point Majalengka,Majalengka,Nongkrong,1,"Buat pesanan ojek online tolong sediakan kresek yang ukuran gede atau apalah biar aman dari hujan, ini cuma di tutup atasnya doang. Emang totebag anti air ?
masa saya harus minta ke toko lain.",2026-04-15T10:11:36.126Z,Wahyu Nur fahrizal,104397167076853006856,False,0,id,2026-05-04T16:21:53.208716
Ci9DQUlRQUNvZENodHljRjlvT2poTWVFeFJhRGhCVkZZeGJHb3plREF3YjJKSFVVRRAB,ChIJX7BlCJEvby4RZETKKAY9_R4,HokBen Ruko Capital Point Majalengka,Majalengka,Nongkrong,1,"Bad attitude
Bad service
Haru berkali kali diulang mnta sendok dan tambahan saos
Dan ujungnya tidak dikasi
Harus saya cek berkali kali dan barulah dikasi
Terkdanh saya suruhan org sudah bilang pin tetep gak dikasi
Hokben yg pelit ato gimna sih",2026-04-07T13:47:17.106Z,FATIN BASYARAHIL,104872866060331359244,False,0,id,2026-05-04T16:21:53.208728
Ci9DQUlRQUNvZENodHljRjlvT2taalVsWTJjRlJhUjFaelQxaHllVVZMV1RkUFMyYxAB,ChIJX7BlCJEvby4RZETKKAY9_R4,HokBen Ruko Capital Point Majalengka,Majalengka,Nongkrong,1,"jujur pegawai lo plengar plenger, lelet bgt padahal cuma mesen 1 take away",2026-03-24T03:51:01.958Z,doktal doktal,110728339264686837533,False,0,id,2026-05-04T16:21:53.208738
Ci9DQUlRQUNvZENodHljRjlvT2kwelYwdHhiRGRXZGxWeWMya3hMVzVXYm1Wa1RVRRAB,ChIJX7BlCJEvby4RZETKKAY9_R4,HokBen Ruko Capital Point Majalengka,Majalengka,Nongkrong,1,"Prosesnya sangat lama, terutama untuk gojek",2026-03-19T09:51:17.675Z,Yosep Firman,102194868524607228796,False,0,id,2026-05-04T16:21:53.208758
Ci9DQUlRQUNvZENodHljRjlvT2xkcU5rWjNWRTloYVhkTmJqSkxlbTVEVURZMllrRRAB,ChIJX7BlCJEvby4RZETKKAY9_R4,HokBen Ruko Capital Point Majalengka,Majalengka,Nongkrong,3,"Rooftop y bocor2 sangat mengganggu kenyamanan dine in dan dirty dishes lama gak ada yg clear up
Pengunjung banyak tapi staff y sangat terbatas, mohon di perhatikan lg untuk pelayanan y
Fyi untuk meringankan pekerjaan para pelayan sebaiknya di sediakan self service clean as you go seperti restaurant2 cepat saji di eropa dan US",2026-03-11T12:04:57.652Z,Rijal Awaluddin,116352827821246394394,True,0,id,2026-05-04T16:21:53.208774
Ci9DQUlRQUNvZENodHljRjlvT2xCeWJuTndOVXhZVlVabGVEbFBVM1Y2ZFV4ck4xRRAB,ChIJX7BlCJEvby4RZETKKAY9_R4,HokBen Ruko Capital Point Majalengka,Majalengka,Nongkrong,1,"Pelayanan tidak sesuai apa yang diucapkan stok kosong tidak segera di refil

Kalau memang fast moving manajemen tau dan bisa mengira2 untuk restok apalgi hari libur.

Penyampaian 10 menit realisasi lebih 30 menit bilang aja tunggu 30-40 menit jangan sampaikan 10 menit",2026-01-25T06:36:55.937Z,Aditya Dwi Setianto,102135566924429354911,True,0,id,2026-05-04T16:21:53.208807
Ci9DQUlRQUNvZENodHljRjlvT214eGRrODJabEJ6TlRNdGFHOUdjVTgzU2xKaFFYYxAB,ChIJX7BlCJEvby4RZETKKAY9_R4,HokBen Ruko Capital Point Majalengka,Majalengka,Nongkrong,5,"Tempatnya Nyaman dan Bersih, menu banyak pilihan, cocok utk makan bersama keluarga",2025-12-18T18:15:29.533Z,Najwa Kayla,112797123940406336132,False,0,id,2026-05-04T16:21:53.208817
Ci9DQUlRQUNvZENodHljRjlvT2pOVVJXVm9SMFpUYlhaelprNVJYMDFvTVdwT05sRRAB,ChIJX7BlCJEvby4RZETKKAY9_R4,HokBen Ruko Capital Point Majalengka,Majalengka,Nongkrong,2,"Tadi pagi beli promo jam dr Shop**pay udh standby di kasir dr jam 9.54,,kasirnya malah di atas, udh dipanggil by audio g mau turun, sampe disusulin sm krywn cwe,
Eh pas turun jalannya nyantai bgt, udh tau d kasir antri, pas nyampe kasir pelayanannya di lama²in, gda senyum²nya mentang² pada beli yg PROMO",2025-11-05T13:11:10.826Z,Katty,104719144269979295103,False,0,id,2026-05-04T16:21:53.208838
Ci9DQUlRQUNvZENodHljRjlvT2pBNGMyczRjbHB1WTA1TVYyNHlOMVZQTFV0bmVVRRAB,ChIJX7BlCJEvby4RZETKKAY9_R4,HokBen Ruko Capital Point Majalengka,Majalengka,Nongkrong,1,Jauh2 otw .QR dikasih menit 10.00 .udah tau promo habis menit 2 10.02 . Sangat mengecewakan promo shopepay. Pelayanan sengaja lambat waktu kburu habis,2025-10-31T03:31:00.790Z,Poco Mamah,101800790867975262813,False,0,id,2026-05-04T16:21:53.208871
Ci9DQUlRQUNvZENodHljRjlvT25ReGNIaDRjbmx1U0VOVVlWQk1SamhZZEdoT1NsRRAB,ChIJX7BlCJEvby4RZETKKAY9_R4,HokBen Ruko Capital Point Majalengka,Majalengka,Nongkrong,1,"pelayanan lama, toilet kotor",2025-08-13T12:49:10.364Z,Vern Vern,104366668539110120216,False,0,id,2026-05-04T16:21:53.208900
Ci9DQUlRQUNvZENodHljRjlvT2pBd2JURlVUVFIxVGtZd1pUSXRWR0ZKVURsNWVGRRAB,ChIJX7BlCJEvby4RZETKKAY9_R4,HokBen Ruko Capital Point Majalengka,Majalengka,Nongkrong,1,Pelayanan lambat dan lama ... Tidak seharus nya org yg Makan tidak di tempat di kenakan pajak,2025-07-24T09:57:39.898Z,Amar Hukum,113709406360745030942,False,0,id,2026-05-04T16:21:53.208914
Ci9DQUlRQUNvZENodHljRjlvT2pab2NXbDFhVk5wTUVaM1JFdEphamxpVDNOUFNHYxAB,ChIJX7BlCJEvby4RZETKKAY9_R4,HokBen Ruko Capital Point Majalengka,Majalengka,Nongkrong,5,tempatnya nyman makanannya juga enak semua👍,2025-06-19T23:14:08.138Z,Faris Arya,106844142967227785896,False,0,id,2026-05-04T16:21:53.208930
ChdDSUhNMG9nS0VKVGkzdjJpdHE2T3lnRRAB,ChIJX7BlCJEvby4RZETKKAY9_R4,HokBen Ruko Capital Point Majalengka,Majalengka,Nongkrong,5,"enak bgt, pelayannya ramah, tempat nya nyaman",2025-06-04T12:50:24.918Z,Rumput Tetangga,111953507309811383769,True,0,id,2026-05-04T16:21:53.208944
ChdDSUhNMG9nS0VKMzB1TTdKc29Tdy1RRRAB,ChIJX7BlCJEvby4RZETKKAY9_R4,HokBen Ruko Capital Point Majalengka,Majalengka,Nongkrong,5,Makanannya enak 👍👍,2025-05-12T05:49:54.002Z,IRMA RAHAYU,116597767221205464239,False,0,id,2026-05-04T16:21:53.208972
ChZDSUhNMG9nS0VQbk11dkNFbS1LUVdBEAE,ChIJX7BlCJEvby4RZETKKAY9_R4,HokBen Ruko Capital Point Majalengka,Majalengka,Nongkrong,5,"Enak banget makannya, harganya juga pas, tempatnya bersih juga, pelayannya juga ramah bangettt",2025-05-10T10:50:49.668Z,Virda QH,112097480664118708289,False,0,id,2026-05-04T16:21:53.208988
ChZDSUhNMG9nS0VJQ0FnTUNZbWUzRVZBEAE,ChIJX7BlCJEvby4RZETKKAY9_R4,HokBen Ruko Capital Point Majalengka,Majalengka,Nongkrong,5,"good service, good food",2025-05-05T12:01:48.406Z,vina st choerunnisa,112933306023438011137,False,0,en,2026-05-04T16:21:53.209007
ChZDSUhNMG9nS0VJQ0FnTUNZbVliME9REAE,ChIJX7BlCJEvby4RZETKKAY9_R4,HokBen Ruko Capital Point Majalengka,Majalengka,Nongkrong,5,Nyaman pelayanan ramah 👍🏻,2025-05-05T11:38:41.373Z,Dadan Rukmana,112020860104794287509,False,0,id,2026-05-04T16:21:53.209019
ChZDSUhNMG9nS0VJQ0FnTUNZNllpU0xREAE,ChIJX7BlCJEvby4RZETKKAY9_R4,HokBen Ruko Capital Point Majalengka,Majalengka,Nongkrong,5,"Pelayanannya baik, makanan nya oke. Plus nya ada menu bubur yang enak dan worth it banget buat aku yang punya bocil gak usah ribet bawa2 makan dari rumah... love banget deh",2025-05-05T09:45:00.694Z,Ai Minayanti,115350076534811335496,False,0,id,2026-05-04T16:21:53.209030
ChZDSUhNMG9nS0VJQ0FnTURvbGF2b1dREAE,ChIJX7BlCJEvby4RZETKKAY9_R4,HokBen Ruko Capital Point Majalengka,Majalengka,Nongkrong,4,"Rasa makanannya sama dengan outlet lainnya, bisa di highlight tempatnya super luas (2 lantai) dan nyaman ada musholahnya di lantai 2. cocok buat makan bareng keluarga. Better saat pesen coba tanyakan menu yg available ready to serve apa aja. waktu pesen ramen agak lama, saat sudah mau diberikan ternyata topping norinya belum aja jadi harus nunggu lagi (overall semuaa topping yg ada di foto sesuai)",2025-04-27T05:24:01.759Z,Hanifaty Fadhilah,113314961099309745322,True,0,id,2026-05-04T16:21:53.209040
ChZDSUhNMG9nS0VJQ0FnTURvNmNlelNREAE,ChIJX7BlCJEvby4RZETKKAY9_R4,HokBen Ruko Capital Point Majalengka,Majalengka,Nongkrong,5,It's quite relaxing here,2025-04-26T11:52:54.935Z,WAGA MAO,109359473820754408665,False,0,en,2026-05-04T16:21:53.209055
ChZDSUhNMG9nS0VJQ0FnTURJMzhTS2ZnEAE,ChIJX7BlCJEvby4RZETKKAY9_R4,HokBen Ruko Capital Point Majalengka,Majalengka,Nongkrong,5,"hokben sekarang udah better bgt si pelayanannya bagus gercep kru nya juga rapi rapi enak diliat,apalagi ada yg mirip oppa oppa wkkwk ganteng🫢mangatt mas ganteng kerjanyaaa🥰",2025-04-14T01:52:14.839Z,evi nuraeni,100276061352709466329,False,0,id,2026-05-04T16:21:53.209066
ChZDSUhNMG9nS0VJQ0FnTURJZ2VlVU9REAE,ChIJX7BlCJEvby4RZETKKAY9_R4,HokBen Ruko Capital Point Majalengka,Majalengka,Nongkrong,5,Makanan dan tempat nya juara,2025-04-10T11:28:11.769Z,Rizal Pauzim,113040513910344024604,False,0,id,2026-05-04T16:21:53.209076
ChdDSUhNMG9nS0VJQ0FnTURJM29DYjZBRRAB,ChIJX7BlCJEvby4RZETKKAY9_R4,HokBen Ruko Capital Point Majalengka,Majalengka,Nongkrong,5,Karyawan nya ramah,2025-04-10T04:22:18.517Z,Muhamad Wildan,107289062852863747423,False,0,id,2026-05-04T16:21:53.209113
ChZDSUhNMG9nS0VJQ0FnTURJbnYtT0VBEAE,ChIJX7BlCJEvby4RZETKKAY9_R4,HokBen Ruko Capital Point Majalengka,Majalengka,Nongkrong,5,Fasilitas nya bersih,2025-04-10T04:21:22.004Z,Jajang Kasep,114626651986481750251,False,0,id,2026-05-04T16:21:53.209125
ChZDSUhNMG9nS0VJQ0FnTURJbnZhUFZnEAE,ChIJX7BlCJEvby4RZETKKAY9_R4,HokBen Ruko Capital Point Majalengka,Majalengka,Nongkrong,5,"Pelayanan ramah , bersih ,nyaman",2025-04-10T03:16:20.490Z,Shavinka Cirebon,109080840273087737604,False,0,id,2026-05-04T16:21:53.209139
ChZDSUhNMG9nS0VJQ0FnTURJdHMzVk5nEAE,ChIJX7BlCJEvby4RZETKKAY9_R4,HokBen Ruko Capital Point Majalengka,Majalengka,Nongkrong,5,fasilitas bagus dan nyaman,2025-04-09T16:29:08.846Z,Bang Wann,111480319491048374780,False,0,id,2026-05-04T16:21:53.209150
ChdDSUhNMG9nS0VJQ0FnTURJdHZpVXdRRRAB,ChIJX7BlCJEvby4RZETKKAY9_R4,HokBen Ruko Capital Point Majalengka,Majalengka,Nongkrong,5,Mantap jos gandos,2025-04-09T15:28:12.555Z,Alip Ahoy,102932176188807304728,False,0,id,2026-05-04T16:21:53.209161
ChZDSUhNMG9nS0VJQ0FnTURJLXVDUFJBEAE,ChIJX7BlCJEvby4RZETKKAY9_R4,HokBen Ruko Capital Point Majalengka,Majalengka,Nongkrong,5,Makanannya enak,2025-04-09T04:57:06.004Z,Aina Rohmah,103306606441446084853,False,0,id,2026-05-04T16:21:53.209178
ChdDSUhNMG9nS0VJQ0FnTURJdXJfbnpBRRAB,ChIJX7BlCJEvby4RZETKKAY9_R4,HokBen Ruko Capital Point Majalengka,Majalengka,Nongkrong,5,makanan nya enak saya suka,2025-04-09T04:53:51.934Z,Anggun Nur Janah,108728454194379760178,False,0,id,2026-05-04T16:21:53.209188
Ci9DQUlRQUNvZENodHljRjlvT21sMGJEQmxWVEp5UjFWdk1Va3RRa3RuTW10b1EzYxAB,ChIJgURscgAvby4RXUxcURZ10Zw,Almaz Fried Chicken - Majalengka,Majalengka,Nongkrong,4,"Layanannya baik suasananya bagus.
Tpi chiken yg ori kecil bgt mana cuma dagingnya doang lagi",2026-04-26T13:39:24.486Z,Mamay Rosmayati,109529627525284101130,False,0,id,2026-05-04T16:21:53.209207
Ci9DQUlRQUNvZENodHljRjlvT2pNeFIzWk5WRVl3VVhaNVFYZDBhazlKTFhkeGVIYxAB,ChIJgURscgAvby4RXUxcURZ10Zw,Almaz Fried Chicken - Majalengka,Majalengka,Nongkrong,1,"Beli paket mykidz katanya nanti dapat free mainan, pas mau diambil eh katanya belum dimasukin payment atau apalah. Padahal anak anak udh excited habis makan mau pecahin balon. Kecewa deh anak anak. Mana sebelumnya sayurannya dikasih yg basi. Meskipun terus diganti yang baru sayurannya, tapi anak anak kecewa karena ga jadi dikasih mainan 😌",2026-04-19T12:08:15.822Z,Tenny Hermawaty,109147316518229983467,False,0,id,2026-05-04T16:21:53.209227
Ci9DQUlRQUNvZENodHljRjlvT2xkeFZWZDZiSFY1Y1VaNk5ESk5XakJsVkZCVE1HYxAB,ChIJgURscgAvby4RXUxcURZ10Zw,Almaz Fried Chicken - Majalengka,Majalengka,Nongkrong,5,"Pertama buka makanan enak, tapi setelah beberapa kali beli setelahnya, rasa beda2 kadang asin banget kadang ayamnya belum matang, akhirnya kapok makan disini. Enaknya disini musholanya luas",2026-04-11T10:20:59.134Z,Junaedi Qudus,115764013542426540225,True,0,id,2026-05-04T16:21:53.209236
Ci9DQUlRQUNvZENodHljRjlvT2xOa2RYbHViRkJoVERONFNsbFJTREJLVW1aSGFuYxAB,ChIJgURscgAvby4RXUxcURZ10Zw,Almaz Fried Chicken - Majalengka,Majalengka,Nongkrong,5,ENAK BANGET GILAAA AYAMNYA GEDE GEDE JUICY LUCY MAHALINI SUKA KALIAN KALIAN YA WAJIB COBAIN SERIUS!! + kebulinya juga berempah banget + ada kismis jadi ada sensasi manisnya kaya si teteh kasir inisial R,2026-04-10T14:48:09.166Z,Muhammad Raihan,112309644487235752757,False,0,id,2026-05-04T16:21:53.209245
Ci9DQUlRQUNvZENodHljRjlvT2tOM2MzSmpSbWRtT1U0NVVGTmhZbDluZVRaTk4xRRAB,ChIJgURscgAvby4RXUxcURZ10Zw,Almaz Fried Chicken - Majalengka,Majalengka,Nongkrong,5,"first time cobain almaz gak expect ternyata seenak itu, tapi susu kurma nya kurang berasa",2026-04-06T11:44:51.273Z,Ananda Baihaqi,107841630237552025952,True,0,id,2026-05-04T16:21:53.209259
Ci9DQUlRQUNvZENodHljRjlvT2xSUFNIZDRVM1JWWmpKTGFscFlUMkZRY1RoalRrRRAB,ChIJgURscgAvby4RXUxcURZ10Zw,Almaz Fried Chicken - Majalengka,Majalengka,Nongkrong,5,"Makanan (ayam goreng & Nasi nya) Bumbu nya Berasa..Enak & recomended, kasir nya jg ramah.",2026-03-29T05:17:00.061Z,didit Imam,106696366199882730128,True,0,id,2026-05-04T16:21:53.209279
Ci9DQUlRQUNvZENodHljRjlvT2tGNFJsUlZha05CUjJ4bU9YQmZSRTFUUkV4NVowRRAB,ChIJgURscgAvby4RXUxcURZ10Zw,Almaz Fried Chicken - Majalengka,Majalengka,Nongkrong,5,Pelayanan ramah dan bersih rapih.,2026-03-25T00:19:01.884Z,Misno Misno,110888363992646367399,False,0,id,2026-05-04T16:21:53.209299
Ci9DQUlRQUNvZENodHljRjlvT20xMWMxRmhOM05vVlZScGVVdDBWRXBTU2xSV1EyYxAB,ChIJgURscgAvby4RXUxcURZ10Zw,Almaz Fried Chicken - Majalengka,Majalengka,Nongkrong,5,"Enak, abuya grup",2026-03-22T08:30:37.158Z,Bidan Leni Kusdiani Apriani SST SKeb Bdn,108740767919988178207,True,0,id,2026-05-04T16:21:53.209307
Ci9DQUlRQUNvZENodHljRjlvT2xWZk1YbEtZbWw2VEc5dmVqTnNiRVUwUXkwMU0wRRAB,ChIJgURscgAvby4RXUxcURZ10Zw,Almaz Fried Chicken - Majalengka,Majalengka,Nongkrong,4,makanan semua nya enak dan Pelayan nya ramah tapi males sama tukang parkir nya ga modal bgt minimal motor kita jok nya di tutupin pake kardus lahh udah tau itu tempat nya panas jadi kalo mau pulang jok nya jadi PANAS BGT.,2026-02-19T03:39:22.999Z,ALIEF REZA,106283853388982204836,False,0,id,2026-05-04T16:21:53.209317
Ci9DQUlRQUNvZENodHljRjlvT2t0WVYxVlNTbTlqVkZZMVIwOVZkVEZCVWxjdGMyYxAB,ChIJgURscgAvby4RXUxcURZ10Zw,Almaz Fried Chicken - Majalengka,Majalengka,Nongkrong,5,"Anakku gak suka pedas, dia juga gak suka makanan yg aneh2. Tapi pas dikasih almaz dia doyan bgt hahaha biarpun kepedesan tapi enak. Stafnya juga juaraaa ramah2 bangetttt. Ada perosotan juga buat anak2 jadi kalo emaknya lagi makan anak anteng tinggal diawasin aja. Dan menurutku ini MURAHHHH dan WORTH ITTT BANGETTTT!!!!!!",2026-02-14T12:09:58.878Z,Dinastee 96,101013256343829599620,False,0,id,2026-05-04T16:21:53.209328
Ci9DQUlRQUNvZENodHljRjlvT2pZeVJteHJPRzFaWjJjMGRpMW9WR1JDUnpob2FXYxAB,ChIJgURscgAvby4RXUxcURZ10Zw,Almaz Fried Chicken - Majalengka,Majalengka,Nongkrong,5,"baarokallohu fiikum ,",2026-01-15T15:08:57.282Z,Abdur Rohim,106429615267397725176,True,0,ar,2026-05-04T16:21:53.209356
Ci9DQUlRQUNvZENodHljRjlvT21OWlpYVm5TbkZyTkhwMGVtVndjbE16WjFWTVpYYxAB,ChIJgURscgAvby4RXUxcURZ10Zw,Almaz Fried Chicken - Majalengka,Majalengka,Nongkrong,4,"Suami pengen coba makan disini.
Nasi kebuli danChiken nya rempahnya berasa.
Saran saya kalo untuk minuman cup es batunya dikit aja untuk makan di tempat🙏",2026-01-11T08:43:22.770Z,AtharGaluh Purnama,106679833552164289577,False,0,id,2026-05-04T16:21:53.209365
Ci9DQUlRQUNvZENodHljRjlvT25GU2JYSm5lbVZyWDFsSlUyOXdkMk5MTjBWb1RtYxAB,ChIJgURscgAvby4RXUxcURZ10Zw,Almaz Fried Chicken - Majalengka,Majalengka,Nongkrong,5,"Beli take away rasa nasi dan ayamnya enak. Ada cooking class juga harga 50rban, dan ada juga paket cooking class 15rb yg bento. Cocok untuk anak2 tk dan sd. Ada playground juga..",2026-01-01T02:12:53.349Z,Rida Budiharjo,117602790731484775842,True,0,id,2026-05-04T16:21:53.209384
ChZDSUhNMG9nS0VJQ0FnTURJdW9fRlRREAE,ChIJX7BlCJEvby4RZETKKAY9_R4,HokBen Ruko Capital Point Majalengka,Majalengka,Nongkrong,5,"pegawai ramah,sangat bagus",2025-04-09T04:49:23.462Z,Syahira Riany,102753139863246349908,False,0,id,2026-05-04T16:21:53.209410
ChdDSUhNMG9nS0VJQ0FnTURJdXRQLV9nRRAB,ChIJX7BlCJEvby4RZETKKAY9_R4,HokBen Ruko Capital Point Majalengka,Majalengka,Nongkrong,5,"karyawan nya cantik dan ganteng,  ramah juga",2025-04-09T04:35:48.231Z,NOVI SRIYANTI,102458881062741445603,False,0,id,2026-05-04T16:21:53.209427
ChZDSUhNMG9nS0VJQ0FnTURJdXNPdFlnEAE,ChIJX7BlCJEvby4RZETKKAY9_R4,HokBen Ruko Capital Point Majalengka,Majalengka,Nongkrong,5,tempat bagus dan karyawannya ramah,2025-04-09T04:33:38.576Z,Windi Apriliani,101009882562355722841,False,0,id,2026-05-04T16:21:53.209437
ChdDSUhNMG9nS0VJQ0FnTURJdXZYU2dnRRAB,ChIJX7BlCJEvby4RZETKKAY9_R4,HokBen Ruko Capital Point Majalengka,Majalengka,Nongkrong,5,"HokBen tempat Istirahat Paling Top Markotop , kalau ke bdg biasanya suka makan disini, suasana enak , nyaman , dan pelayanan ramah",2025-04-09T04:27:26.273Z,noval. argian,100585245974057113444,False,0,id,2026-05-04T16:21:53.209448
ChdDSUhNMG9nS0VJQ0FnTURJdXNYUm9nRRAB,ChIJX7BlCJEvby4RZETKKAY9_R4,HokBen Ruko Capital Point Majalengka,Majalengka,Nongkrong,5,Karyawan nya ramah,2025-04-09T04:23:14.840Z,Rafsnjni 08,107261524187508940354,False,0,id,2026-05-04T16:21:53.209458
ChZDSUhNMG9nS0VJQ0FnTURJdW9XcklnEAE,ChIJX7BlCJEvby4RZETKKAY9_R4,HokBen Ruko Capital Point Majalengka,Majalengka,Nongkrong,5,fasilitas nya bagus dan karyawan nya ramah,2025-04-09T04:22:38.670Z,Deandra Febrian,103037243120412875362,False,0,id,2026-05-04T16:21:53.209467
ChZDSUhNMG9nS0VJQ0FnSUNsbTlTZWVREAE,ChIJX7BlCJEvby4RZETKKAY9_R4,HokBen Ruko Capital Point Majalengka,Majalengka,Nongkrong,5,"Mantap,Tempatnya juga nyaman.",2025-04-09T04:11:21.185Z,Asep Saepurrohman,107996724305159826506,False,0,id,2026-05-04T16:21:53.209491
ChZDSUhNMG9nS0VJQ0FnTURJdXJhd0J3EAE,ChIJX7BlCJEvby4RZETKKAY9_R4,HokBen Ruko Capital Point Majalengka,Majalengka,Nongkrong,5,"Fasilitas nya enak, dan karyawan nya ramah 🙏",2025-04-09T03:59:46.296Z,Muhamad Wildan,101097859931631079954,False,0,id,2026-05-04T16:21:53.209500
Ci9DQUlRQUNvZENodHljRjlvT2twb1NWQTRNSHB1TUY5VE1saGZiR1JYVUVGVVJrRRAB,ChIJgURscgAvby4RXUxcURZ10Zw,Almaz Fried Chicken - Majalengka,Majalengka,Nongkrong,3,"Nasinya sudah berbumbu, seharusnya ayamnya jangan terlalu asin. Jadinya double asin. Paket berdua sambelnya cuma dikasih 1cup sama mayo",2025-12-25T03:19:00.157Z,Hilmiati Zahra,100959281477764737257,False,0,id,2026-05-04T16:21:53.209520
Ci9DQUlRQUNvZENodHljRjlvT2tKTU1uUnFSVWx5ZEdJeFgzbEdNSFV5ZFVrMlNrRRAB,ChIJgURscgAvby4RXUxcURZ10Zw,Almaz Fried Chicken - Majalengka,Majalengka,Nongkrong,3,"Kurang fokus take away, minta saus garlic sampai 3 kali tapi ga ada, padahal mau beli bukan minta",2025-12-23T13:48:53.391Z,Masih Amatir,111753985205146761607,True,0,id,2026-05-04T16:21:53.209530
Ci9DQUlRQUNvZENodHljRjlvT2toWE5YbzBURk4yY0VnME5qaHliVjlmTmpoUlVGRRAB,ChIJgURscgAvby4RXUxcURZ10Zw,Almaz Fried Chicken - Majalengka,Majalengka,Nongkrong,5,"Sebagai orang Indonesia yang biasa dengan makanan berempah, nasi dan ayam almaz ini bener-bener masuk lidah orang Indonesia, enak banget. Servicenya bagus, cepet, ramah-ramah. Suasanya oke, bisa untuk anak-anak sampai orang dewasa. Minus AC di lantai 2 kurang dingin. Selebihnya oke banget. mantappp!💗",2025-12-17T07:15:58.007Z,sins,100312018226804521700,True,0,id,2026-05-04T16:21:53.209539
Ci9DQUlRQUNvZENodHljRjlvT2xkbFJWZERWRlpWZFVKNlZHVjROamxyY1RST2NFRRAB,ChIJgURscgAvby4RXUxcURZ10Zw,Almaz Fried Chicken - Majalengka,Majalengka,Nongkrong,5,Maknyosss pokoknya🤩,2025-12-16T07:30:34.638Z,Elis SN,117621978211643070674,False,0,id,2026-05-04T16:21:53.209552
Ci9DQUlRQUNvZENodHljRjlvT20xdGRXTjFWR3hCYW5KTGRUVlpWVWhaWjI0ekxWRRAB,ChIJgURscgAvby4RXUxcURZ10Zw,Almaz Fried Chicken - Majalengka,Majalengka,Nongkrong,5,Almaz fried chicken rasanya nomor 1... apalgi nasi kebulinya berasa makan di arab....pokonya mantap dan sukses slalu untuk AlMaz Majalengka mua.....h,2025-12-16T07:28:44.928Z,Nunung Rahmat,104622908180508514770,False,0,id,2026-05-04T16:21:53.209562
Ci9DQUlRQUNvZENodHljRjlvT2toNVZUbE9ObmhzYTBwQldYQnlaMEk0TUZkNk9FRRAB,ChIJgURscgAvby4RXUxcURZ10Zw,Almaz Fried Chicken - Majalengka,Majalengka,Nongkrong,5,"Suasana nya lumayan nyaman, adem dan ramah2",2025-12-16T07:24:16.016Z,Siti Aisyah,105256175649149607937,False,0,id,2026-05-04T16:21:53.209575
Ci9DQUlRQUNvZENodHljRjlvT2tweGNpMTVjWFZXZW14aWRHcEdaVnBaV2pOQ1JIYxAB,ChIJgURscgAvby4RXUxcURZ10Zw,Almaz Fried Chicken - Majalengka,Majalengka,Nongkrong,5,"Rekomanded buat makan bareng keluarga disini. Makanannya enak, tempatnya bersih dan nyaman.",2025-12-16T07:21:52.720Z,mila karmila,108310088599906286584,False,0,id,2026-05-04T16:21:53.209586
Ci9DQUlRQUNvZENodHljRjlvT2tGMmFuWk9XSFExWWpCV09USTVaVFYwU0ZGR1drRRAB,ChIJgURscgAvby4RXUxcURZ10Zw,Almaz Fried Chicken - Majalengka,Majalengka,Nongkrong,5,"Suasana enak,ramah pelayanan terjangkau harganya",2025-12-16T07:20:32.194Z,Adah Khodijah,114388802720427297636,False,0,id,2026-05-04T16:21:53.209596
Ci9DQUlRQUNvZENodHljRjlvT21OSlFqUkVTekUzY200NVRVc3lSa0pvZDBwQ05rRRAB,ChIJgURscgAvby4RXUxcURZ10Zw,Almaz Fried Chicken - Majalengka,Majalengka,Nongkrong,5,"Masya Allah...menunya bnyak..anak² jg pda suka..
chiken nya kriuk...lembut daging nya.
top pokonya.
. baarokallahufiikum ❤️❤️🤲🏻",2025-12-16T07:17:49.233Z,Boboci Bonsai,113688853193300108742,False,0,id,2026-05-04T16:21:53.209606
Ci9DQUlRQUNvZENodHljRjlvT2pobGVXaDFVRzEwV0ZsTVNXbHVOMU5wUmxveVgwRRAB,ChIJgURscgAvby4RXUxcURZ10Zw,Almaz Fried Chicken - Majalengka,Majalengka,Nongkrong,5,"Tempatnya sangat nyaman dan bersih, makanan nya enak.",2025-12-16T07:17:29.084Z,nyisiti munawaroh_160,117235391518073877014,False,0,id,2026-05-04T16:21:53.209618
Ci9DQUlRQUNvZENodHljRjlvT2t4aFdUUlZZMWd0Um5wMmNrUkljVEpZVm5weVkzYxAB,ChIJgURscgAvby4RXUxcURZ10Zw,Almaz Fried Chicken - Majalengka,Majalengka,Nongkrong,5,"tempatnya bersih adem, ada mushola yang rapih bngt,makanannya enak, pelayannya ramah 💗",2025-12-15T08:06:04.889Z,selie selvia,104145128299854502669,True,0,id,2026-05-04T16:21:53.209637
Ci9DQUlRQUNvZENodHljRjlvT21rNVlUSkVkRGMwYnpSNmRqZFBSMFZqTWsxRU5IYxAB,ChIJgURscgAvby4RXUxcURZ10Zw,Almaz Fried Chicken - Majalengka,Majalengka,Nongkrong,5,"Resto Chicken ala Saudi di Majalengka, tempatnya nyaman, luas, makanan dan minumannya enak, tersedia berbagai macam paket menu",2025-11-28T11:00:58.395Z,Gunawan Wijaksono,110218112311284037508,True,0,id,2026-05-04T16:21:53.209655
Ci9DQUlRQUNvZENodHljRjlvT2xaTVQxQXRVREp3YmpocVkydEtiSFJxV0ZORlZYYxAB,ChIJgURscgAvby4RXUxcURZ10Zw,Almaz Fried Chicken - Majalengka,Majalengka,Nongkrong,1,Anak saya beli .. nunggu 20 menit ..timer tdk berbunyi paxahal tdk terlalu rame,2025-11-11T11:08:26.311Z,Siti Anggraeni,105415731157610619173,False,0,id,2026-05-04T16:21:53.209681
Ci9DQUlRQUNvZENodHljRjlvT2sxUVRrNUhkVUZzV25Fd09YcGZSMFZVYUdoNVprRRAB,ChIJgURscgAvby4RXUxcURZ10Zw,Almaz Fried Chicken - Majalengka,Majalengka,Nongkrong,4,"Potongan ayamnya besar, rasanya juga unik dibanding fried chicken umumnya. Nasi kebulinya enak.
Tapi kurangnya waktu order itu saus garlic & saus bawangnya ga ada. Air minum juga waktu itu air mineral ga ada, susu kurmanya kosong. Padahal alasan kesitu mau coba saus garlic & susu kurmanya.
Overall lumayan, porsinya jg ngenyangin karena potongan ayamnya besar.",2025-11-04T06:22:44.966Z,Nida Sausan N,111531223795506831780,False,0,id,2026-05-04T16:21:53.209694
Ci9DQUlRQUNvZENodHljRjlvT21GV2VFWk5WR3RpTmtoMFZrWllVV2xUYWxCUVFtYxAB,ChIJgURscgAvby4RXUxcURZ10Zw,Almaz Fried Chicken - Majalengka,Majalengka,Nongkrong,5,Ayamnya meresap bgt bener² nikmat dan lezat pas di lidah,2025-10-29T13:31:44.059Z,Septian Bahri,104695264286272666861,False,0,id,2026-05-04T16:21:53.209704
Ci9DQUlRQUNvZENodHljRjlvT25jM1JVSmZkakJ2VmxCVVMxaExka3hKTVc5c2RFRRAB,ChIJrz2_5Mgvby4RdS81Zd16-2Q,Pizza Hut Restoran,Majalengka,Nongkrong,5,"Sangat nyaman , ramah ramah the best pokonya ❤️❤️❤️❤️",2026-05-04T12:47:02.513Z,Nazla Fatim,117198580696095369955,False,0,id,2026-05-04T16:21:53.209727
Ci9DQUlRQUNvZENodHljRjlvT25WNGJVMXBWM1pYT0VaVmRYVjRRMlp5Umpab1pGRRAB,ChIJrz2_5Mgvby4RdS81Zd16-2Q,Pizza Hut Restoran,Majalengka,Nongkrong,5,"Sangat puas,,,,pelayanan ramah dan cepat",2026-05-04T12:37:29.590Z,Winda Oktaviani,101801133097868258196,False,0,id,2026-05-04T16:21:53.209738
Ci9DQUlRQUNvZENodHljRjlvT25ZeWVrNW1jekZXVWtoMFprODNNMnROYVZsUlZWRRAB,ChIJrz2_5Mgvby4RdS81Zd16-2Q,Pizza Hut Restoran,Majalengka,Nongkrong,5,Tempat nya nyaman & pelayanannya ramah!,2026-05-04T12:15:02.106Z,Aan Tsamrotul Muawanah,104377126551180249641,False,0,id,2026-05-04T16:21:53.209748
Ci9DQUlRQUNvZENodHljRjlvT21sak1tRnlSRXczV25waFlqVnFWR3RhUjFaeVNWRRAB,ChIJrz2_5Mgvby4RdS81Zd16-2Q,Pizza Hut Restoran,Majalengka,Nongkrong,5,"Tempatnya rapi, nyaman, bersih, pizzanya juga enak mantap",2026-05-04T12:08:22.256Z,Fadilla Sofa,110099950803361323279,False,0,id,2026-05-04T16:21:53.209758
Ci9DQUlRQUNvZENodHljRjlvT2tVd2FHTlBXa2hHVW01a05IZHZNamxIVEZOU1JYYxAB,ChIJrz2_5Mgvby4RdS81Zd16-2Q,Pizza Hut Restoran,Majalengka,Nongkrong,5,Pelayanannya memuaskan,2026-05-04T11:50:06.252Z,Ajat Sudrajat,108121222490645589054,False,0,id,2026-05-04T16:21:53.209768
Ci9DQUlRQUNvZENodHljRjlvT21kS1dtbEJZalJuVm01Q1dGaEtSbFJFUXpOU1pFRRAB,ChIJrz2_5Mgvby4RdS81Zd16-2Q,Pizza Hut Restoran,Majalengka,Nongkrong,5,cocok untuk nyantai dan menenangkan pikiran,2026-05-04T11:47:56.731Z,Grasela 19,116264056204889974127,False,0,id,2026-05-04T16:21:53.209777
Ci9DQUlRQUNvZENodHljRjlvT2tSV1QwVkhNMUIxYWxsYWNYcFNhRU5XTkVRNVQzYxAB,ChIJrz2_5Mgvby4RdS81Zd16-2Q,Pizza Hut Restoran,Majalengka,Nongkrong,5,"Tempat strategis ,pelayanan baik",2026-05-04T06:56:10.952Z,Nurfy Ucheu,100622165790949809055,False,0,id,2026-05-04T16:21:53.209802
Ci9DQUlRQUNvZENodHljRjlvT2xSWVEzZ3ROa3BITkd0TmEzcGZSRk54Wm5WUVJuYxAB,ChIJrz2_5Mgvby4RdS81Zd16-2Q,Pizza Hut Restoran,Majalengka,Nongkrong,5,"pelayanan nya ramah, dan tempatnya bersih juga rapih",2026-05-04T06:32:41.551Z,jasciaramadhani,116004461181380579695,False,0,id,2026-05-04T16:21:53.209815
Ci9DQUlRQUNvZENodHljRjlvT2tKaVVrbFpTVlpZTjFWcFZsYzBOMUY2TFZKdlQyYxAB,ChIJrz2_5Mgvby4RdS81Zd16-2Q,Pizza Hut Restoran,Majalengka,Nongkrong,5,Tempatnya bersihhh pass buatt ngademmmm,2026-05-04T06:14:41.364Z,3 Putri Comany,116009543812784872805,False,0,id,2026-05-04T16:21:53.209825
Ci9DQUlRQUNvZENodHljRjlvT2xsNU5tSXdkSE5wV1UxelIyRlVkMmRxUlZveVJtYxAB,ChIJrz2_5Mgvby4RdS81Zd16-2Q,Pizza Hut Restoran,Majalengka,Nongkrong,5,"Rasanya enak, ga berubah dari dulu. Pelayanan nya ramah dan cepet. Tempatnya bersih juga. Selalu puas dine in ataupun take away dsni",2026-05-04T05:09:30.767Z,Rizcha Nabilla,112886559198194084381,False,0,id,2026-05-04T16:21:53.209863
Ci9DQUlRQUNvZENodHljRjlvT25sR09HTjJWM05mTm5CUVJtbFBMVGRrWWpkc1JVRRAB,ChIJrz2_5Mgvby4RdS81Zd16-2Q,Pizza Hut Restoran,Majalengka,Nongkrong,5,Pelayanannya gercep dan informatif,2026-05-03T12:25:14.584Z,Reva Indriyani,105835549023564084332,False,0,id,2026-05-04T16:21:53.209882
Ci9DQUlRQUNvZENodHljRjlvT2kxaVJ6QjFVMWxrVEUxWlZqaHZRMDE2YlRWMmVFRRAB,ChIJrz2_5Mgvby4RdS81Zd16-2Q,Pizza Hut Restoran,Majalengka,Nongkrong,5,"pelayanan nya ramah dan cepat, tempat nya bersih dan rapih",2026-05-03T11:28:32.625Z,deby atul,116658624622440293767,False,0,id,2026-05-04T16:21:53.209900
Ci9DQUlRQUNvZENodHljRjlvT2xSSlkwSlVXa1JsVEVreFN6azFaMlkwZVVWQlVtYxAB,ChIJgURscgAvby4RXUxcURZ10Zw,Almaz Fried Chicken - Majalengka,Majalengka,Nongkrong,5,"sekarang jadi tempat andalan kalo lagi males makan nasi putih wkwkwkwk, luvv bgtt dahh 🤗🤗🤗",2025-10-28T15:52:09.594Z,sinta yuliana,100112564834587253596,True,0,id,2026-05-04T16:21:53.209911
Ci9DQUlRQUNvZENodHljRjlvT21ocGJVWTNRVlkyZFZFeWFsTmpObWRvY1d4Zk5tYxAB,ChIJgURscgAvby4RXUxcURZ10Zw,Almaz Fried Chicken - Majalengka,Majalengka,Nongkrong,5,Agak sedikit bising dan juga space meja makan yang kurang proporsional tapi untuk Quality makanan dan minumannya tetap memuaskan pelayanan agak bagus dikarenakan ada personil yang kurang tatap senyum sapa kepada pelanggan,2025-10-26T04:01:10.754Z,M Riza,111137543549394755970,False,0,id,2026-05-04T16:21:53.209921
Ci9DQUlRQUNvZENodHljRjlvT25SM1ZFUklabXhMTUhBeloyRTRjRkJEV21KMVJWRRAB,ChIJgURscgAvby4RXUxcURZ10Zw,Almaz Fried Chicken - Majalengka,Majalengka,Nongkrong,3,Kenapa rasanya beda dengan di Bandung 🙃 Rasa ayam dominan asin. Nasi kebuli ga begitu kerasa rempahnya. Sementara di cabang yang di Bandung gak kaya gini rasanya.,2025-10-25T07:19:31.062Z,Gerry Ferdiansyah,116138775933193455128,True,0,id,2026-05-04T16:21:53.209931
Ci9DQUlRQUNvZENodHljRjlvT25ONFMwdFJWRTQyV1VveFowNXRjMVptUzA5ZlFuYxAB,ChIJgURscgAvby4RXUxcURZ10Zw,Almaz Fried Chicken - Majalengka,Majalengka,Nongkrong,4,"Makanannya enak, rempahnya emang seperti rasa margarine diayamnya, soda coffe paling, pelayanan jutek",2025-10-22T13:45:36.225Z,Zed Peace,106080148898492286496,False,0,id,2026-05-04T16:21:53.209941
Ci9DQUlRQUNvZENodHljRjlvT21WR05VdFZkMDlNTTAxRE5XMWlVbU5HTXpFMlYzYxAB,ChIJgURscgAvby4RXUxcURZ10Zw,Almaz Fried Chicken - Majalengka,Majalengka,Nongkrong,5,"Makanan nya enak,",2025-10-21T02:18:47.615Z,Ririn Riyanti,109837884419929508881,False,0,id,2026-05-04T16:21:53.209953
Ci9DQUlRQUNvZENodHljRjlvT2s5M1ZURnFVVmcxZVZNNVMySjFiMVJyWkRadFdsRRAB,ChIJgURscgAvby4RXUxcURZ10Zw,Almaz Fried Chicken - Majalengka,Majalengka,Nongkrong,5,Alhamdulillah.. Mantap..👍🏻👍🏻,2025-10-21T02:18:20.140Z,Laelia Rodhiatul Zahra,105372523928933159025,False,0,id,2026-05-04T16:21:53.209966
Ci9DQUlRQUNvZENodHljRjlvT2xaRk9FdDNhMDF2TVMwd2EwNVJjWFZEZVV0bWJVRRAB,ChIJgURscgAvby4RXUxcURZ10Zw,Almaz Fried Chicken - Majalengka,Majalengka,Nongkrong,5,"Enak ayamnya nasinya juga banyak, kenyang",2025-10-20T13:10:22.286Z,Winna Miftahul Janah,101102100073103893399,False,0,id,2026-05-04T16:21:53.210000
Ci9DQUlRQUNvZENodHljRjlvT2xsNVQxWm5VRGhZUjFjeWJ6aEpNR1ZTTUVWU2NYYxAB,ChIJgURscgAvby4RXUxcURZ10Zw,Almaz Fried Chicken - Majalengka,Majalengka,Nongkrong,5,"Pelayanan sangat ramah,baik,rasa sangat enak,lingkungan sekitar bersih, nyaman untuk keluarga, almaz majalengka terbaik",2025-10-20T13:08:41.906Z,zafran zara,101178198506078824572,False,0,id,2026-05-04T16:21:53.210011
Ci9DQUlRQUNvZENodHljRjlvT2kxTk1WbDFiMXBDY0hJNGQxOTVXbkZOVEZCdlVtYxAB,ChIJgURscgAvby4RXUxcURZ10Zw,Almaz Fried Chicken - Majalengka,Majalengka,Nongkrong,5,"Pelayannya ramah
Nyaman untuk keluarga dan Tim",2025-10-20T13:08:29.720Z,rudiyanto,110288884735503081703,False,0,id,2026-05-04T16:21:53.210020
Ci9DQUlRQUNvZENodHljRjlvT2pkMllscHBaRTlCUVU5WVNtMTRaRmQwYTJ4bWFIYxAB,ChIJrz2_5Mgvby4RdS81Zd16-2Q,Pizza Hut Restoran,Majalengka,Nongkrong,5,"Pelayanannya ramah, pizza nya jangan di ragukan udah pasti enak.",2026-05-03T09:59:44.830Z,Dhy Story,114861440140676929275,False,0,id,2026-05-04T16:21:53.210030
Ci9DQUlRQUNvZENodHljRjlvT2tGVmNYaEJWWGN3YzE5TlpFWkZaVkZyWlhKdlkxRRAB,ChIJrz2_5Mgvby4RdS81Zd16-2Q,Pizza Hut Restoran,Majalengka,Nongkrong,5,Enak bangetttt pelayanannya ramah the best,2026-05-03T09:22:00.877Z,Frida Siburian,106209727642137305867,False,0,id,2026-05-04T16:21:53.210039
Ci9DQUlRQUNvZENodHljRjlvT2tvMVpEUXpUV0ZRYzFjM2JIZEpXa3BmV1dGdFowRRAB,ChIJrz2_5Mgvby4RdS81Zd16-2Q,Pizza Hut Restoran,Majalengka,Nongkrong,5,The best pelayanan nya,2026-05-03T09:00:27.642Z,Nunik Nurzanah,104012100370137415454,False,0,id,2026-05-04T16:21:53.210048
Ci9DQUlRQUNvZENodHljRjlvT25sRE5YSXdVM0ZLYVU5WFowNU5RVmxwVTBKMFpIYxAB,ChIJrz2_5Mgvby4RdS81Zd16-2Q,Pizza Hut Restoran,Majalengka,Nongkrong,5,Pelayanan nya bagus,2026-05-03T07:24:02.014Z,Sima Aink,113150832084402100412,False,0,id,2026-05-04T16:21:53.210093
Ci9DQUlRQUNvZENodHljRjlvT2xsTGJXRTRURkk0U1MxMlNGUmpWbXBDY0VOM01uYxAB,ChIJrz2_5Mgvby4RdS81Zd16-2Q,Pizza Hut Restoran,Majalengka,Nongkrong,5,Pelayanannya oke dan informatif.,2026-05-03T07:23:33.877Z,sri rahmawati azhar,111096775281275876619,False,0,id,2026-05-04T16:21:53.210105
Ci9DQUlRQUNvZENodHljRjlvT2xCYWVYSnJlR1ozWHkxYWFsVnpTa2haT1RoU2FVRRAB,ChIJrz2_5Mgvby4RdS81Zd16-2Q,Pizza Hut Restoran,Majalengka,Nongkrong,5,Pelayanan ramah,2026-05-03T06:58:42.237Z,Aidah,105105207170404852052,False,0,id,2026-05-04T16:21:53.210116
Ci9DQUlRQUNvZENodHljRjlvT25SWlkwUm9abEZzVEhCRVRVUnlibEp3WW05elQzYxAB,ChIJrz2_5Mgvby4RdS81Zd16-2Q,Pizza Hut Restoran,Majalengka,Nongkrong,5,"Pizza hut Majalengka tempatnya luas, pelayanannya juga cepat, suasananya jg nyaman, cocok bwt mkn bareng kluarga, teman, atw pasangan..",2026-05-03T06:56:22.709Z,v3 el,112487464687732386909,False,0,id,2026-05-04T16:21:53.210129
Ci9DQUlRQUNvZENodHljRjlvT25STFVWY3haVjloTm1SUFZIbDJWVlpFZGtReU5IYxAB,ChIJrz2_5Mgvby4RdS81Zd16-2Q,Pizza Hut Restoran,Majalengka,Nongkrong,5,"Tempatnya nyaman , pelayanan nya jg baik",2026-05-03T06:09:24.819Z,Devi Fitriani,108498595194882661942,False,0,id,2026-05-04T16:21:53.210138
Ci9DQUlRQUNvZENodHljRjlvT25Gb1N6QmhkRE0wVGtOTU0wbEpkWFJmVW5CU1NIYxAB,ChIJrz2_5Mgvby4RdS81Zd16-2Q,Pizza Hut Restoran,Majalengka,Nongkrong,5,Pelayanan ramah cepat dan baik sekali,2026-05-03T05:50:08.187Z,Eva Uchrina,115567737546750933939,False,0,id,2026-05-04T16:21:53.210149
Ci9DQUlRQUNvZENodHljRjlvT2s5RlgycDNjbE0xVkVFMFptRkhkMjkxY0V0dmFFRRAB,ChIJrz2_5Mgvby4RdS81Zd16-2Q,Pizza Hut Restoran,Majalengka,Nongkrong,5,"Tempat nya nyaman, pelayanan nya juga ramah 🤗",2026-05-03T05:26:30.283Z,Riko Daeng,101441692636731497010,False,0,id,2026-05-04T16:21:53.210167
Ci9DQUlRQUNvZENodHljRjlvT2xWa1RWSmtRbFV5UkVsbWRsaGZlWGR5WmxSUlIwRRAB,ChIJrz2_5Mgvby4RdS81Zd16-2Q,Pizza Hut Restoran,Majalengka,Nongkrong,5,"Pizza nya enak udah langganan, apalagi skrg lg diskon 50% 🥰",2026-05-03T04:26:43.573Z,Anis Khoerunisa,112069071051517028682,False,0,id,2026-05-04T16:21:53.210178
Ci9DQUlRQUNvZENodHljRjlvT21aU2IyOVZiR2MyU1ZOWlZGQjVZbGR5UkRKVlNYYxAB,ChIJrz2_5Mgvby4RdS81Zd16-2Q,Pizza Hut Restoran,Majalengka,Nongkrong,5,"Tempatnya nyaman, pelayanannya bagus dan enak pizza nya ✨",2026-05-02T14:24:28.520Z,Anita Fitriani,114583215834945526568,False,0,id,2026-05-04T16:21:53.210198
Ci9DQUlRQUNvZENodHljRjlvT2xwVFVscFJWakJoWjNJek1rcHVaWGc0VG5kNGMzYxAB,ChIJrz2_5Mgvby4RdS81Zd16-2Q,Pizza Hut Restoran,Majalengka,Nongkrong,5,"Staff nya ramah, pelayanan oke bgt gercepp, ruangan bersih dan wangi..",2026-05-02T10:12:20.701Z,Liza Adelia,117150655438995274111,False,0,id,2026-05-04T16:21:53.210218
Ci9DQUlRQUNvZENodHljRjlvT21WVFVTMXhTek5rTTJKS2FXVjFjRFp4YUhkc1oyYxAB,ChIJrz2_5Mgvby4RdS81Zd16-2Q,Pizza Hut Restoran,Majalengka,Nongkrong,5,Good banget semuanya❤️,2026-05-02T09:40:06.793Z,Yuni Yuningsih,107280886719848379491,False,0,id,2026-05-04T16:21:53.210237
Ci9DQUlRQUNvZENodHljRjlvT2pocU1tWnBlVEpVWlZOTFVqZHpkMDh6T1U4MFMwRRAB,ChIJrz2_5Mgvby4RdS81Zd16-2Q,Pizza Hut Restoran,Majalengka,Nongkrong,5,Pelayanan nya sangat bagus dan ramah,2026-05-02T09:28:52.845Z,Zerio Priyono,114060363997356548636,False,0,id,2026-05-04T16:21:53.210247
Ci9DQUlRQUNvZENodHljRjlvT2pJNVJsTkljalJIVjNWMFpGOVFRMU5sV1RST1dHYxAB,ChIJrz2_5Mgvby4RdS81Zd16-2Q,Pizza Hut Restoran,Majalengka,Nongkrong,5,pelayanannya ramah,2026-05-02T09:07:46.378Z,Intan Snn,101904071219533451052,False,0,id,2026-05-04T16:21:53.210258
Ci9DQUlRQUNvZENodHljRjlvT2kxRVFUTlVNVE13YnpsUVZWWnZZWEJMU0RsS2JrRRAB,ChIJrz2_5Mgvby4RdS81Zd16-2Q,Pizza Hut Restoran,Majalengka,Nongkrong,5,"Pelayanannya sangat memuaskan. Karyawannya ramah.
Pesanan cepat & sesuai",2026-05-02T08:44:43.274Z,Febby Ciptaembunsantika,104158328498767892343,False,0,id,2026-05-04T16:21:53.210270
Ci9DQUlRQUNvZENodHljRjlvT2tsWGRUbFNVa3RPZEVkMFpUbE9RVzB4ZFdGcE5XYxAB,ChIJrz2_5Mgvby4RdS81Zd16-2Q,Pizza Hut Restoran,Majalengka,Nongkrong,5,Good service🩷🩷🩷,2026-05-02T08:40:02.400Z,Elin Novi Herlina,108490733670326959643,False,0,en,2026-05-04T16:21:53.210279
Ci9DQUlRQUNvZENodHljRjlvT2xaV2RWQkNhMHRxUkdSV2N5MXJaQzFrWTBreGFuYxAB,ChIJrz2_5Mgvby4RdS81Zd16-2Q,Pizza Hut Restoran,Majalengka,Nongkrong,5,pelayanan ramah sekali,2026-05-02T07:51:08.759Z,Oktalia Rizki,116785362260302877424,False,0,id,2026-05-04T16:21:53.210307
Ci9DQUlRQUNvZENodHljRjlvT2xadlZ6bFRPSEUzYzJneGRHTldjalp4UjFoVldWRRAB,ChIJrz2_5Mgvby4RdS81Zd16-2Q,Pizza Hut Restoran,Majalengka,Nongkrong,5,Good services 🥰,2026-05-02T07:37:53.043Z,putri andika,107772933821690103479,False,0,en,2026-05-04T16:21:53.210316
Ci9DQUlRQUNvZENodHljRjlvT210WmRHTm9iMkV4YlVGVVFrVjBMV041VkZOemFsRRAB,ChIJrz2_5Mgvby4RdS81Zd16-2Q,Pizza Hut Restoran,Majalengka,Nongkrong,5,Pelanyananny ramah,2026-05-02T07:36:16.048Z,Mumun Munawaroh,103898745927586798258,False,0,jv,2026-05-04T16:21:53.210324
Ci9DQUlRQUNvZENodHljRjlvT25jeVZ6RjVORlkwWVdaSVNtSnhNMWxLWTFaR1MwRRAB,ChIJrz2_5Mgvby4RdS81Zd16-2Q,Pizza Hut Restoran,Majalengka,Nongkrong,5,Pelayanan baik dan cepat,2026-05-02T07:30:41.806Z,Fani Andana,104148475424559274019,False,0,id,2026-05-04T16:21:53.210334
Ci9DQUlRQUNvZENodHljRjlvT21wTlRuVlpNR0ZhYUc1eFlqWnpjRU5FYTFwblYxRRAB,ChIJrz2_5Mgvby4RdS81Zd16-2Q,Pizza Hut Restoran,Majalengka,Nongkrong,5,Pelayanan ramah tempatnya juga enakeun pisan buat bareng keluarga,2026-05-02T07:06:26.404Z,Nina Kusnia,108949863797955469329,False,0,id,2026-05-04T16:21:53.210342
Ci9DQUlRQUNvZENodHljRjlvT25Fd1YyWm9YMGxGY0c0MVRrWkdhVXREYUhkRGIxRRAB,ChIJm9lBg-Evby4RnnFmHbomQn0,Richeese Factory Majalengka,Majalengka,Nongkrong,5,"Pelayanannya ramah, tempatnya bersih🤩",2026-04-16T03:56:57.562Z,Diyanah roudlotul jannah,106764719504272302575,False,0,id,2026-05-04T16:21:53.210412
Ci9DQUlRQUNvZENodHljRjlvT2s5eldEaDZaRTB3T1dVNFVsZ3pRMjV3TkdwYU4zYxAB,ChIJm9lBg-Evby4RnnFmHbomQn0,Richeese Factory Majalengka,Majalengka,Nongkrong,5,Makanannya super enak ayamnya empukk 😍tempatnya bersih nyaman dan pelayanannya juga ramah 😇😇,2026-04-07T03:45:48.399Z,Fitri Herliana,100364510334219109431,False,0,id,2026-05-04T16:21:53.210446
Ci9DQUlRQUNvZENodHljRjlvT25kcE5HYzJSMkpaUjNWbGQyRmtjR1pvVmxaclRVRRAB,ChIJm9lBg-Evby4RnnFmHbomQn0,Richeese Factory Majalengka,Majalengka,Nongkrong,5,"Untuk kasirnya ka rikola pelayanan ramah banget, makasih atas pelayanannya semangat 🥳🥳🥳",2026-04-01T15:44:32.074Z,Giska Gasella,112447986198844476381,False,0,id,2026-05-04T16:21:53.210475
Ci9DQUlRQUNvZENodHljRjlvT2s1MWVGVmhXa2s0TWpWTVRXOVVWbVJwY25Cd1NFRRAB,ChIJm9lBg-Evby4RnnFmHbomQn0,Richeese Factory Majalengka,Majalengka,Nongkrong,5,"Pelayanan bagus,.... Walaupun antri tidak terlalu lama menunggu",2026-03-29T08:31:18.879Z,desi rosida,100727114782745655092,True,0,id,2026-05-04T16:21:53.210507
Ci9DQUlRQUNvZENodHljRjlvT25KVFlWcDNXbVY1U3pKVk5EZzRMV1JCWlZaZk5VRRAB,ChIJDU5gSOcvby4RWjgfrO4CGiI,Bandung Cheesecuit Majalengka,Majalengka,Nongkrong,5,Pelayanan nya baik dan ramah polll🥰Tempat nya juga enak jadi bikin nyaman buat kesini,2026-04-30T23:24:28.552Z,Anik Purwanti,117075537736511458070,False,0,id,2026-05-04T16:21:53.210550
Ci9DQUlRQUNvZENodHljRjlvT25ScUxWcEdVMGg2Y3pSNGNscG9NRU14U1cxNVUwRRAB,ChIJDU5gSOcvby4RWjgfrO4CGiI,Bandung Cheesecuit Majalengka,Majalengka,Nongkrong,5,Bagus bnget rasanya juga enak pokoknya recomen bnget apalagi nikmatin sama orang tersayang👍👍👍,2026-04-30T18:46:47.276Z,Iman Aditya,109395045928985042124,False,0,id,2026-05-04T16:21:53.210560
Ci9DQUlRQUNvZENodHljRjlvT2pJNE5IVXRkVzlLYmpOa05FbDBjSEUxWlVkd1JWRRAB,ChIJDU5gSOcvby4RWjgfrO4CGiI,Bandung Cheesecuit Majalengka,Majalengka,Nongkrong,5,Pokonyaaa semuanya the best apalagi pelayanan nya terbaikkkk banget ✨✨,2026-04-30T13:54:00.345Z,annisa hf,106757532365324032894,False,0,id,2026-05-04T16:21:53.210575
Ci9DQUlRQUNvZENodHljRjlvT2tSTFgxZFpkVUZKWVZWMVRtWkJkR2xLT1dwVk9XYxAB,ChIJDU5gSOcvby4RWjgfrO4CGiI,Bandung Cheesecuit Majalengka,Majalengka,Nongkrong,5,"Mas2 kasirnya cakep, pgn kenalan deh 😂😂😂😂,bkl langganan disini🤣",2026-04-30T13:52:55.068Z,Hasan Asfari,111633237215051928697,False,0,id,2026-05-04T16:21:53.210586
Ci9DQUlRQUNvZENodHljRjlvT2xGSWJEVmZhekF6TmxoMlRDMVVhakEyVVVGRWNXYxAB,ChIJDU5gSOcvby4RWjgfrO4CGiI,Bandung Cheesecuit Majalengka,Majalengka,Nongkrong,5,the bestt pelayanannya mantap,2026-04-30T13:50:09.376Z,F Gaendah,110338578605742002162,False,0,id,2026-05-04T16:21:53.210595
Ci9DQUlRQUNvZENodHljRjlvT2tkUFNFcEVSa1IwU2xkeGJqQlNTMWxmU0ZoeWNYYxAB,ChIJDU5gSOcvby4RWjgfrO4CGiI,Bandung Cheesecuit Majalengka,Majalengka,Nongkrong,5,"SUKA BANGET SAMA PELAYANANNYA ,RAMAH POLLLLLL👍

Cheesecuit nya enak , langganan tiap mudik ke kampung selalu beli iniii 🥰",2026-04-27T04:33:32.614Z,Atin andriani,104847162328826213914,False,1,id,2026-05-04T16:21:53.210668
Ci9DQUlRQUNvZENodHljRjlvT2pOS2IzVnNTRUkwUlRneE1FVldOMXBPZG5WNk5HYxAB,ChIJDU5gSOcvby4RWjgfrO4CGiI,Bandung Cheesecuit Majalengka,Majalengka,Nongkrong,5,bintang 5 tapi ku bukan ancaman mantapp betulll,2026-04-26T15:21:11.566Z,Annisa fawziyyah aziizah,103377757687510926100,False,0,id,2026-05-04T16:21:53.210678
Ci9DQUlRQUNvZENodHljRjlvT25oaGR6ZDVOV2xIVUVOTloxWnlaMDlwVlZOdmIzYxAB,ChIJDU5gSOcvby4RWjgfrO4CGiI,Bandung Cheesecuit Majalengka,Majalengka,Nongkrong,5,pelayan nya ramah,2026-04-26T12:49:56.583Z,Nada Azzahra p,113225156342958889500,False,0,id,2026-05-04T16:21:53.210692
Ci9DQUlRQUNvZENodHljRjlvT2xKV2NEVXhNMlo1YnpGNmFqRjZOek5FUkRWeU4xRRAB,ChIJDU5gSOcvby4RWjgfrO4CGiI,Bandung Cheesecuit Majalengka,Majalengka,Nongkrong,5,Pelayanannya sangat baik,2026-04-26T09:16:52.759Z,KP - Hilmy Miftah Fauzi,103575057737124902990,False,0,id,2026-05-04T16:21:53.210702
Ci9DQUlRQUNvZENodHljRjlvT2xkT01GbHpWR040WXpSMGMxZDBNWHB0WW5OWk4wRRAB,ChIJm9lBg-Evby4RnnFmHbomQn0,Richeese Factory Majalengka,Majalengka,Nongkrong,1,"Tidak rekomen makan disini, staf kurang komunikatif.",2026-03-28T11:43:00.621Z,rully saputra,111368334915912708069,False,0,id,2026-05-04T16:21:53.210723
Ci9DQUlRQUNvZENodHljRjlvT2pBdFpsOURhRzF2T1ROVWFreGlTemxZVmxaVmVYYxAB,ChIJm9lBg-Evby4RnnFmHbomQn0,Richeese Factory Majalengka,Majalengka,Nongkrong,1,", beli disini  staff tidak komunikatif. Tidak ada penyelesaian masalah juga. Berbeda dari cabang yg lain , Tidak rekomen makan disini ternyata, pertama dan terakhir ☺️🙏🏼",2026-03-28T11:39:54.518Z,Nuraeni aini,112742274775257130671,False,0,id,2026-05-04T16:21:53.210734
Ci9DQUlRQUNvZENodHljRjlvT2sweGJYRnJTR3RxYlZaM1FWQjVXWFV3Ym14VmQyYxAB,ChIJm9lBg-Evby4RnnFmHbomQn0,Richeese Factory Majalengka,Majalengka,Nongkrong,5,"tempatnya enak, makanan nya juga jangan diragukan, cocok buat makan bareng siapapun itu",2026-03-28T01:35:37.197Z,Muhamad Rizki Fadilah,113968407000199707360,True,0,id,2026-05-04T16:21:53.210744
Ci9DQUlRQUNvZENodHljRjlvT2w5UmRraHhWVGxNVlV0eFpuSXdVMjV2YUZabE5GRRAB,ChIJm9lBg-Evby4RnnFmHbomQn0,Richeese Factory Majalengka,Majalengka,Nongkrong,5,"RAME POL - dan kotor ya say. Customer nya ga ada kesadaran diri bersihin meja, pelayanan nya juga ga ada yg tugas screening bersihin meja. Agak ngantri tapi ya terhitung lumayan cepet lah penyajian nya..",2026-03-24T05:47:26.190Z,Koharukoharuuu,113417914717890879779,True,0,id,2026-05-04T16:21:53.210772
Ci9DQUlRQUNvZENodHljRjlvT25Wb01GYzBTWFJaY2pGWFltOVBWVzFuYkZndE1WRRAB,ChIJm9lBg-Evby4RnnFmHbomQn0,Richeese Factory Majalengka,Majalengka,Nongkrong,5,Suka bgt disini udara nya sejuk apalgi duduk dibagian rooftop itu enak bgt tempatnya,2026-03-23T14:21:16.288Z,Indah Nur Aeni,103905293585330849332,True,0,id,2026-05-04T16:21:53.210791
Ci9DQUlRQUNvZENodHljRjlvT2xsblpFWXRUbUZRUW1OcFozUjNXVmRMVVhZMGVtYxAB,ChIJm9lBg-Evby4RnnFmHbomQn0,Richeese Factory Majalengka,Majalengka,Nongkrong,5,Karena ada toke,2026-03-21T13:05:02.361Z,Andy Andul,109861489166362931861,True,0,id,2026-05-04T16:21:53.210810
Ci9DQUlRQUNvZENodHljRjlvT2s0dGEwSnVZV1YzVFZrd2VYcEhaVEJsZWt0U1ZHYxAB,ChIJm9lBg-Evby4RnnFmHbomQn0,Richeese Factory Majalengka,Majalengka,Nongkrong,3,"Makanan nya oke, tempat nya kotor sehingga kurang nyaman",2026-03-15T07:56:39.564Z,Hilal Akbar Riswandha,103479833096260816787,False,0,id,2026-05-04T16:21:53.210820
Ci9DQUlRQUNvZENodHljRjlvT2sxS2NHZzNhRXRuUzJScU4ycEVUR0ZsTlRob1lVRRAB,ChIJm9lBg-Evby4RnnFmHbomQn0,Richeese Factory Majalengka,Majalengka,Nongkrong,1,"Demi allah pelayanan nya super super lama bgttt adek gw dari nya pengen banget burger sampe kagak jadi gegara nunggu 1 jam ditambah pas Dateng burgernya tidak sesuai dengan yg di pesen memang sudah di ganti tapi pelayanan nya itu loh kak super super lama bgtt buat karyawan total 10 orang gk bisa ngehandle pesenan burger 1 porsi sampe kita tanyain 3x jawaban nya ""mohon maaf ya kak sedang di proses"" tapi nyatanya pegawai 10 orang tersebut malah ngehandle pesenan ayam yg jelas² burger adek saya udah 1 jam tidak keluar bisa di cek cctv kasir nya ya untuk management 🙏",2026-03-13T13:19:00.004Z,Dinda Fayza,107809245904162370342,False,0,id,2026-05-04T16:21:53.210830
Ci9DQUlRQUNvZENodHljRjlvT25wWmRIbFpWMEoxTWtwclQyZ3lVRzVLT0hkRU5YYxAB,ChIJm9lBg-Evby4RnnFmHbomQn0,Richeese Factory Majalengka,Majalengka,Nongkrong,1,Pelayanan nya lama bangettttt,2026-03-02T06:55:27.950Z,rio akbar,101745710165080453487,False,0,id,2026-05-04T16:21:53.210944
Ci9DQUlRQUNvZENodHljRjlvT205aWNXUk9jRXh5UW1aYVZteFBSeTFHTkVONVNWRRAB,ChIJm9lBg-Evby4RnnFmHbomQn0,Richeese Factory Majalengka,Majalengka,Nongkrong,5,"Sering banget kesini dari pas waktu istri masih hamil sekarang udah lahiran masih tetap sama gak ada yang berubah, enak",2026-02-21T15:15:19.267Z,Agung Aprianto Putra,104064707969231434988,True,0,id,2026-05-04T16:21:53.210973
Ci9DQUlRQUNvZENodHljRjlvT25ORk16bERURlJKYURKUk1XMWFZbXB4V2kxVWFrRRAB,ChIJDU5gSOcvby4RWjgfrO4CGiI,Bandung Cheesecuit Majalengka,Majalengka,Nongkrong,5,Pelayanan nya baik ditambah ada promo member nya juga. Terimakasih kak,2026-04-19T03:53:25.609Z,Siska Aprilia,100673578578691917539,False,0,id,2026-05-04T16:21:53.211023
Ci9DQUlRQUNvZENodHljRjlvT204MlJVdGxPRFJ0VW1jMlVXOTFWeTEzTjJobGNYYxAB,ChIJDU5gSOcvby4RWjgfrO4CGiI,Bandung Cheesecuit Majalengka,Majalengka,Nongkrong,5,the most comfortable place,2026-04-19T03:46:50.865Z,Maulana Ismail,116311787172622729189,True,0,en,2026-05-04T16:21:53.211034
Ci9DQUlRQUNvZENodHljRjlvT25CV1IyTlRUR3RPUmxSQk1UZE5PWEphUm14TmJrRRAB,ChIJDU5gSOcvby4RWjgfrO4CGiI,Bandung Cheesecuit Majalengka,Majalengka,Nongkrong,5,"The bessssttttt siiihhhh...
Keju nya ngeju bangetttt",2026-03-01T22:43:25.543Z,Salsa Khoer,117824257510671559987,False,0,id,2026-05-04T16:21:53.211053
Ci9DQUlRQUNvZENodHljRjlvT2xGeVoyVXpVekJmUWxSS1NXWjNiblJRY2w5c1RtYxAB,ChIJDU5gSOcvby4RWjgfrO4CGiI,Bandung Cheesecuit Majalengka,Majalengka,Nongkrong,5,"Makanannya fresh dan enak banget, suka banget dan pingin beli lagi ih",2026-03-01T13:02:40.226Z,Nebrisa Ayudia Oktaviandita,107583616341002074477,False,0,id,2026-05-04T16:21:53.211128
Ci9DQUlRQUNvZENodHljRjlvT25WaE5rWnJPR3BPTjBkVlkweFZSblZ6VmpKbFNsRRAB,ChIJDU5gSOcvby4RWjgfrO4CGiI,Bandung Cheesecuit Majalengka,Majalengka,Nongkrong,5,Makanannya enak pelayanannya juga baik tadi dibantu oleh ka yogita terimakasiih,2026-02-24T14:58:25.681Z,Suzana Firdaus,113872438525787811134,False,0,id,2026-05-04T16:21:53.211188
Ci9DQUlRQUNvZENodHljRjlvT210WmVURm9UbGsyTlVFdGQxRlFlbmxNVkhWbFJYYxAB,ChIJDU5gSOcvby4RWjgfrO4CGiI,Bandung Cheesecuit Majalengka,Majalengka,Nongkrong,5,"Pelayanannya cepet,orang""nya juga ramah ramah lagi,tempatnya juga bersih aestestic nyaman juga nih buat pengen jajan yang manis manis nongkrong di cheese cuit,pokonya ga bakal nyesel,chesee cuit nya jugaa enak bangett wajib cobaa 😍😍",2026-02-23T15:27:28.782Z,Dhea Amelia,112363856160902920757,False,0,id,2026-05-04T16:21:53.211207
Ci9DQUlRQUNvZENodHljRjlvT21GWlJHNVNMV1JzYW1aRE5EUnRRMFJNWHpKcmJGRRAB,ChIJDU5gSOcvby4RWjgfrO4CGiI,Bandung Cheesecuit Majalengka,Majalengka,Nongkrong,5,"pelayanan nya bagus,ramah apalagi kasirnya ramah+wangi nama kasirnya a yogita🫰",2026-02-23T14:12:19.381Z,Siti Sarah Alkutsr,100012474348894960375,False,0,id,2026-05-04T16:21:53.211233
Ci9DQUlRQUNvZENodHljRjlvT2t4bU1WazNSVWxsTUZKRWNWOXdaRE4wV1VvdGFsRRAB,ChIJDU5gSOcvby4RWjgfrO4CGiI,Bandung Cheesecuit Majalengka,Majalengka,Nongkrong,5,"Packaging-nya mewah, rasanya premium, padahal harganya 20rb-an aja 😍 Favorit aku Lotus sama Matcha-nya. Ini wajib dicoba kalau lagi nyari dessert yang enak dan ramah di kantong 🙌🙌",2026-02-23T14:01:51.269Z,Nia Syaputri,111234514492560037773,True,0,id,2026-05-04T16:21:53.211243
Ci9DQUlRQUNvZENodHljRjlvT2t0SFkzSkhNVGRuT1RkUVpISXdiRnBuUW05M1gzYxAB,ChIJDU5gSOcvby4RWjgfrO4CGiI,Bandung Cheesecuit Majalengka,Majalengka,Nongkrong,5,"Enakk banget chesecuitnnya,karyawan ramah ramah tmpatnya enaken",2026-02-23T13:52:30.448Z,Zaima Nabila,111603860878831914297,False,0,id,2026-05-04T16:21:53.211288
Ci9DQUlRQUNvZENodHljRjlvT2twTlVYaDNNWEpPV2pSQmVYZEZabG94Y1U0d1pXYxAB,ChIJDU5gSOcvby4RWjgfrO4CGiI,Bandung Cheesecuit Majalengka,Majalengka,Nongkrong,5,"Dari awal datang sudah disambut baik sama kak yogita,pelayanan juga ramah dan cepat. Terima kasih banyak kak yogita,overall memuaskan. wenak poll pokoknya next time beli lagii🤤😍",2026-01-20T12:15:03.163Z,leni kartika,103919856490602097595,False,0,id,2026-05-04T16:21:53.211318
Ci9DQUlRQUNvZENodHljRjlvT25OSFdVWjJTRVZ0U0dacGJsUm1iRXRZZWtkeVJuYxAB,ChIJm9lBg-Evby4RnnFmHbomQn0,Richeese Factory Majalengka,Majalengka,Nongkrong,5,"Kasirnya ramah, cepat tidak ada antrian",2026-02-05T06:41:02.202Z,Revi,104826122607637670487,False,0,id,2026-05-04T16:21:53.211339
Ci9DQUlRQUNvZENodHljRjlvT2tsc056bFFUa2R2ZFRaclNFcDZXVFJMTFdFMmJWRRAB,ChIJm9lBg-Evby4RnnFmHbomQn0,Richeese Factory Majalengka,Majalengka,Nongkrong,5,Pelayanan mantap ramah,2026-02-05T06:39:25.897Z,Dian,102874327765244322464,False,0,id,2026-05-04T16:21:53.211348
Ci9DQUlRQUNvZENodHljRjlvT25wdllrdEVOaTFDVTAxaVZIZGlWRVJ0TVRGMFdYYxAB,ChIJm9lBg-Evby4RnnFmHbomQn0,Richeese Factory Majalengka,Majalengka,Nongkrong,5,Pelayanan cepat,2026-02-05T06:37:50.094Z,Faza,101921457502792331287,False,0,id,2026-05-04T16:21:53.211356
Ci9DQUlRQUNvZENodHljRjlvT25wMkxXMUxjakkxVldsRk5sbGhTekZ1WVhORlRtYxAB,ChIJm9lBg-Evby4RnnFmHbomQn0,Richeese Factory Majalengka,Majalengka,Nongkrong,5,mantappp kakkkkkk pelayanannya cepatttt,2026-02-05T06:32:50.706Z,nana,109055335132972169052,False,0,id,2026-05-04T16:21:53.211374
Ci9DQUlRQUNvZENodHljRjlvT201elJVRnVjRGhrVEhORFZtZEVia05TUzNadVRFRRAB,ChIJm9lBg-Evby4RnnFmHbomQn0,Richeese Factory Majalengka,Majalengka,Nongkrong,5,"pelayanan ramah dan cepat, sukaaa bgttt!! lopp🫰🫰",2026-02-05T06:31:14.946Z,nana,104889280278626070944,False,0,id,2026-05-04T16:21:53.211384
Ci9DQUlRQUNvZENodHljRjlvT21SelNVOTZjMXB1WlhSTWNFZHBTbTluZUVwNVFrRRAB,ChIJm9lBg-Evby4RnnFmHbomQn0,Richeese Factory Majalengka,Majalengka,Nongkrong,5,"MAkanann enak, suasana nyaman dan bersih. Pelayanan ramah.",2026-01-24T15:06:35.777Z,aini fajrina adzani,112741428401027440363,True,0,id,2026-05-04T16:21:53.211416
Ci9DQUlRQUNvZENodHljRjlvT25OdVZtRlBhR3A2U2xwVFpGTlFjbnAyUmpjMFZtYxAB,ChIJBbMj_Mspby4RyLqS54isbG4,Login Coffee,Majalengka,Nongkrong,5,Tempat nya mantap banget. Makanan & minum nya juga enak wort it banget sih. Mantap lah pokok nya,2026-04-06T09:35:59.004Z,Fery Ferdiansyah,115395217308684382481,True,0,id,2026-05-04T16:21:53.211432
Ci9DQUlRQUNvZENodHljRjlvT25WT2JVdFhVVFk1YW1oUGRuUnJkVzV4ZGpGNGNHYxAB,ChIJBbMj_Mspby4RyLqS54isbG4,Login Coffee,Majalengka,Nongkrong,5,"Rekomendasi tempat kopi di kasokandel cocok untuk ngopi cantik,tempat nya juga estetik🥰",2026-04-04T11:42:00.510Z,Nazwa Tiara,109360994092952356125,False,0,id,2026-05-04T16:21:53.211451
Ci9DQUlRQUNvZENodHljRjlvT25GblQycGZjMmxrUWkxcGJEZHhTMkZITmtVdGVsRRAB,ChIJBbMj_Mspby4RyLqS54isbG4,Login Coffee,Majalengka,Nongkrong,5,"Pelayanannya ramah, harga entah itu makanan atau minum murah banget, rasanya juga ga mengecewakan, ga kapok ke sini jadi pengen balik lagi",2026-03-28T15:51:13.782Z,gecko solution,111654984388896114221,False,0,id,2026-05-04T16:21:53.211461
Ci9DQUlRQUNvZENodHljRjlvT2xwU1lsQjRaakZRV1Zwb1RXdzFObGMyWDBGclNrRRAB,ChIJBbMj_Mspby4RyLqS54isbG4,Login Coffee,Majalengka,Nongkrong,2,"pas bukber tgl 18 kesini udh reservasi dri tanggal 13, kondisi abis ujan deres jadi stafnya pada sibuk beberes area outdoor. izin menyampaikan beberapa kritikan

yg pertama, makanan datang lama (okelah karena banyak yg bukber) cuman yg aku heran giliran orangnya blm pada dateng makanan udh lengkap, giliran aku dateng paling awal tpi makanan dicicil nya lama. trs ada satu keluarga dateng setelah aku mereka kaya komplen trs jdi aku lihat makanan mereka udh pada ada, giliran giliran aku masih dicicil. sampe akhirnya aku minta take away aja karena udh nunggu ±1 jam, nah kan menu yg ditake away itu paket login b sama cheesecake (yg blm disajikan) kalau ga salah, tpi yg dibungkusin cmn paket login nya doang trs aku nanya cheesecake nya mana?kata staf nya jawab ""ohh cheesecake nya juga"" alhasil harus nunggu lagi, akhirnya aku tinggal aja karena keburu bad mood huhuhuhu. sempet dikontek juga buat direfund cmn aku tolak karena udh ga mood anjay, niatnya mau sambil ngerayain aniv malah zonk 😭

yg kedua, ruangan diindoor sumpek panas gerahh banget asli 😭 pas aku awal dateng aja cmn berdua udh gerah apalagi pas ramean gilaa panas banget 😭

yg ketiga, beberapa meja sama kursinya ada yg udh ga layak kaya dipoto 🙏

terakhir, pegawai nya sih ramah² apalagi waktu itu aa² yg pake rompi yg keliatan sibuk banget sangat membantu,",2026-03-24T09:23:50.323Z,ulan h,116531052040367027916,False,0,id,2026-05-04T16:21:53.211472
Ci9DQUlRQUNvZENodHljRjlvT21sdk5GRTBRV2x0Tkc5MWNGQTRkVzFyY1ZkeE1HYxAB,ChIJBbMj_Mspby4RyLqS54isbG4,Login Coffee,Majalengka,Nongkrong,5,Best coffe baristanya ramah dan harganya terjangkau thank you login💗,2026-03-23T15:24:12.778Z,Ade Nanda,104462881313049065773,False,0,id,2026-05-04T16:21:53.211483
Ci9DQUlRQUNvZENodHljRjlvT21OV1JHcG9hWFJXVUY5Q1pHcEtPR04wVGpSclVsRRAB,ChIJBbMj_Mspby4RyLqS54isbG4,Login Coffee,Majalengka,Nongkrong,1,"Ter untuk waiters laki-laki kulit sawo matang alis tebal agak panjang, pelayananya parah bener pelanggan cm mau minta tolong fotokan malah cuek jalan begitu saja, padahal sudah dengar. Hanya menoleh lirik pakai mata, baru kali ini nemu pelayan aneh kaya gitu",2026-03-21T04:26:55.776Z,Super Man,103745338708031602806,False,0,id,2026-05-04T16:21:53.211498
Ci9DQUlRQUNvZENodHljRjlvT21SQk5YVTNkbmMxVjFwc2FFMUViVmQ1ZGkxR1pHYxAB,ChIJBbMj_Mspby4RyLqS54isbG4,Login Coffee,Majalengka,Nongkrong,5,Tempat nongkrong paling asik semajalengka,2026-03-08T18:24:53.145Z,St Amiatun,106244737960478629918,False,0,id,2026-05-04T16:21:53.211508
Ci9DQUlRQUNvZENodHljRjlvT2xSdFdsSkhXbFo2VHpsMlJXaHhXWFZsTkhCSE5GRRAB,ChIJBbMj_Mspby4RyLqS54isbG4,Login Coffee,Majalengka,Nongkrong,5,"Disini recommended buat nongkrong yang santai dan nyaman, ga berasa diliatin pegawai kalaupun kemalaman apalagi sampe diusir karena cafe mau tutup hehe, senyaman itu pokoknya, cuma makanannya perlu ditambah lagi variasinya, dan kebersihannya karena pernah sih ada kucing dan anak-anaknya ikut nongkrong",2026-01-17T11:13:45.809Z,Ayi Herliyah,114873016376988270787,False,0,id,2026-05-04T16:21:53.211518
Ci9DQUlRQUNvZENodHljRjlvT2pOalRFaFNVMDg0WlRRMVoxUkJhelJ5UkdsU1FWRRAB,ChIJBbMj_Mspby4RyLqS54isbG4,Login Coffee,Majalengka,Nongkrong,5,"mulai dari minuman nya yang murah tapi rasa nya ga murahan, makan nya yang bikin candu, dan semua menu di login coffe tuhh aman di kantong bangettt",2025-11-09T15:17:33.814Z,Arkhaizza putra nemarsyah,101805068555439988884,False,0,id,2026-05-04T16:21:53.211544
Ci9DQUlRQUNvZENodHljRjlvT2twTE9GOUhSMnBxWjBKMFIwSjZjRzVWY1RWRE1WRRAB,ChIJBbMj_Mspby4RyLqS54isbG4,Login Coffee,Majalengka,Nongkrong,5,Rekomendasi banget buat tempat ngopi sambil santai. Suatu hari nanti mungkin saya akan kembali ke sini.,2025-11-04T10:47:09.586Z,Vian Den Bosch,111573844413369257825,True,0,id,2026-05-04T16:21:53.211553
Ci9DQUlRQUNvZENodHljRjlvT2sxcWNtaHZTVE0xYlUxeWVrdE9Nek5sU21OV2RtYxAB,ChIJBbMj_Mspby4RyLqS54isbG4,Login Coffee,Majalengka,Nongkrong,5,"Mantap. Baristanya menurut saya ramah. Minumannya oke. Makanannya oke.
Saran berkunjung sore kemalam, karena kalau siang di Kasokandel puanaseee pooollll...",2025-11-03T04:29:45.708Z,Yuga Pratama,116852307318233163848,True,1,id,2026-05-04T16:21:53.211563
Ci9DQUlRQUNvZENodHljRjlvT21wS1gxSmlTREpWZVhVeWRYZFNiMjluYVhkbWMxRRAB,ChIJBbMj_Mspby4RyLqS54isbG4,Login Coffee,Majalengka,Nongkrong,5,"Sukaa sama ice Japanese nya. Sedikit kaget dan agak lucu jga, soalnya baru 2x ke sini tp baristanya udh tau aku mau pesan apa🙂 but that's okay, there's nothing wrong juga. Thank youu~",2025-09-05T12:30:35.539Z,Park Nara,116329476190150095115,False,1,id,2026-05-04T16:21:53.211605
Ci9DQUlRQUNvZENodHljRjlvT2toRlJuUkdka0ZDWTI1RldtZGpOMHA1VTJKclRVRRAB,ChIJBbMj_Mspby4RyLqS54isbG4,Login Coffee,Majalengka,Nongkrong,4,"Mengejutkan.
Di Kasokandel terdapat coffee shop dengan ambiance suasana yg salah satu terbaik di Majalengka.
Foods and Beverages standar aja.
Parkiran cukup, akses mudah.
Pelayanan standar.
Oke banget untuk nongkrong, killing time dan foto2 juga cukup instagramable.",2025-08-21T17:14:50.009Z,Alfi Arafah,117481176992904028345,True,0,id,2026-05-04T16:21:53.211618
Ci9DQUlRQUNvZENodHljRjlvT25GWlVHUk5kak4zZEZKWU16VTNjMHQxWW14VGNFRRAB,ChIJBbMj_Mspby4RyLqS54isbG4,Login Coffee,Majalengka,Nongkrong,4,"tempatnyaa cozy bgt buat nongss sama temen”, atau pasangan, ada area indoor dan outdoor nya jga,spot fotonya juga okee,bersih dan nyamann, ada colokan jga buat kalian wfc atau sekedar charger,trims.",2025-06-11T02:24:21.882Z,Sani Mulyani,111709267434685650151,True,0,id,2026-05-04T16:21:53.211629
ChZDSUhNMG9nS0VJQ0FnTUNZMmNQaFhREAE,ChIJBbMj_Mspby4RyLqS54isbG4,Login Coffee,Majalengka,Nongkrong,5,"goks luas banget tempatnya, harga affordable dan banyak space menarik buat fotooo",2025-05-05T13:20:57.097Z,fey,103284903496467725419,False,0,id,2026-05-04T16:21:53.211640
Ci9DQUlRQUNvZENodHljRjlvT2t4NFluUmxWamhsVVhOc1ZVOWhlbFZvWHpSa2IxRRAB,ChIJnf1cBggvby4RZmcU_3qDXBs,Es Cokelat Gembira Ria,Majalengka,Nongkrong,4,"Secara keseluruhan enak. Pelayanan luar biasa. Tetapi mungkin ada beberapa poin yg bisa dijadikan masukan :
1. Kuah kaldu kurang gurih
2. Isian pangsit kurang rasa dan kurang juicy
3. Untuk varian mie lampau ayam kampung. Ayam kampungnya terlalu wangi (terlalu banyak jinten/kapulaga/kembang lawang, intinya rempah pada topping ayam terlalu over powering).
4. Jika memungkinkan bisa ditambahkan lada bubuk di meja, untuk menambah cita rasa bakmi dan kuah kaldu.",2026-04-22T11:08:52.480Z,Lutfi Fatma K,103502983166725017780,True,0,id,2026-05-04T16:21:53.211650
Ci9DQUlRQUNvZENodHljRjlvT2pBNWFTMWZSMFp0VFVWMFpUUkphakZ5WjBsQ1psRRAB,ChIJnf1cBggvby4RZmcU_3qDXBs,Es Cokelat Gembira Ria,Majalengka,Nongkrong,5,"Cobain makan di Bakmi Gembira Ria, langsung jatuh cinta! Rasanya enak banget, bumbunya berasa dan bikin nagih. Ditambah pelayanannya yang ramah, bikin betah makan di sini. Pokoknya wajib banget dicoba",2026-04-14T10:27:35.081Z,Afifah nafisah,116751861868637501414,True,0,id,2026-05-04T16:21:53.211670
Ci9DQUlRQUNvZENodHljRjlvT205QmNXRTViV0pFV25GQmFUVmxiSEp1YVhwMVVFRRAB,ChIJnf1cBggvby4RZmcU_3qDXBs,Es Cokelat Gembira Ria,Majalengka,Nongkrong,5,"es coklatnya enak bgt, mau balik lagi kesini!",2026-02-20T20:01:06.487Z,Tania Ayu,105425116498904245247,False,0,id,2026-05-04T16:21:53.211695
Ci9DQUlRQUNvZENodHljRjlvT2xCR2FUTTNRMDQxTW5vemQwSllVMnhLWkhndFIxRRAB,ChIJnf1cBggvby4RZmcU_3qDXBs,Es Cokelat Gembira Ria,Majalengka,Nongkrong,5,"Kuliner ke majalengka, sayang pas sampai di jam set 8 malam sudah banyak yg soldout, viewnya jadul ,anak 90 an will be comfort, coklat dan rotinya ya lumayan, yaminnya oke, mau coba dimsum. Sudah sold out, next even ke majalengka we try again, thank you",2026-02-17T07:44:50.019Z,Chusnul ch,106922469360711859435,True,0,id,2026-05-04T16:21:53.211704
Ci9DQUlRQUNvZENodHljRjlvT2pOeU9FdExhMHczZFZZMlMzQldSMHBUVWw5MWEyYxAB,ChIJnf1cBggvby4RZmcU_3qDXBs,Es Cokelat Gembira Ria,Majalengka,Nongkrong,5,Bakmie terbaik dimajalengka.. the best,2026-02-05T03:58:33.036Z,Saepul,112645114624270202821,False,0,id,2026-05-04T16:21:53.211728
Ci9DQUlRQUNvZENodHljRjlvT21KTFYwNWFNbDlGWm14allUWktjVWxrV0VwVVlYYxAB,ChIJJVq-oHAhby4R-F_LncXIKn0,T'samie Noodle Bar,Majalengka,Nongkrong,5,"Recommended bangetzzzzzzzz
Ramen nomor 1 semajalengkaaaaaa🤏🏻🤏🏻🤏🏻🤏🏻",2026-05-04T04:49:33.182Z,Febyianti Nur Sari,116915232247526533488,False,0,id,2026-05-04T16:21:53.211814
Ci9DQUlRQUNvZENodHljRjlvT2xGeGVuaEhaRGcwUjJNMmFHMHhNRVEyYVRWa1RrRRAB,ChIJJVq-oHAhby4R-F_LncXIKn0,T'samie Noodle Bar,Majalengka,Nongkrong,5,Lumayan lama nunggu karna rame overall bagus dan enak,2026-05-03T18:19:36.363Z,D'ms Racing Apparel,114281637535595545172,True,0,id,2026-05-04T16:21:53.211825
Ci9DQUlRQUNvZENodHljRjlvT21wamQycFdUMFJJZUdNd2RYbFRSV3AwTm1keGFHYxAB,ChIJJVq-oHAhby4R-F_LncXIKn0,T'samie Noodle Bar,Majalengka,Nongkrong,4,"Entah berapa kali Saya sudah kesana tapi tadi sore waktunya sesuai tanggapan yang saya buat, saya kecewa dengan pelayanan nya karena saya sudah memilih kursi yang kosong di bagian depan saya bertiga sama anak dan istri meskipun anak saya masih kecil tapi itungannya saya tetap bertiga taunya di samperin pelayan suruh pindah tempat duduk ke belakang karena kursi yang saya duduki katanya untuk 4 orang padahal kursi itu kosong loh saya bertiga kalo diambil kursinya satu gapapa tapi saya seperti di usir padahal saya sama sama konsumen sama sama ngantri sama sama bayar kok, lain kali jangan seperti itu biarkan konsumen memilih tempat duduk yang dia inginkan sendiri",2026-05-02T12:29:23.122Z,"Albim Nobaktian Susilo, S.H.",100442389052212575888,False,0,id,2026-05-04T16:21:53.211835
Ci9DQUlRQUNvZENodHljRjlvT25wR1dDMUdkM2RrYjJrNFQyUlFkWEpPWXpNNWVWRRAB,ChIJJVq-oHAhby4R-F_LncXIKn0,T'samie Noodle Bar,Majalengka,Nongkrong,5,Aaaaaaaaaa 😭 baru nemuin ramen yg seenak enak enak ini mau yg dry ramen ataupun yg ramen kuah nya juga enakkk. Apalagi minuman nya 😻😻 wajib di coba !,2026-04-16T06:18:49.748Z,upil lipu,111986797557120685592,False,0,id,2026-05-04T16:21:53.211867
Ci9DQUlRQUNvZENodHljRjlvT2xKVFlYSlpSbnA1ZEdSbWNrWlZOSEJSWVhCMlUwRRAB,ChIJJVq-oHAhby4R-F_LncXIKn0,T'samie Noodle Bar,Majalengka,Nongkrong,5,"Recomended banget ramen nya, harga terjangkau, tempat sekarang mah lebih luas jd ga terlalu waiting list spt sblmnya..sukses selalu",2026-04-11T13:23:15.954Z,Rina Maka,111186250862183553186,False,0,id,2026-05-04T16:21:53.211878
Ci9DQUlRQUNvZENodHljRjlvT2xSM1R6SjNhbTR5TlZGVmRVNXlhbWRZWVhWUE5IYxAB,ChIJJVq-oHAhby4R-F_LncXIKn0,T'samie Noodle Bar,Majalengka,Nongkrong,1,"Pertama kali, dan lihatlah wkwkwkwk
Managementnya lebih modern deh, ngikutin zaman gimana bisa besar dll bukan merasa besar kepala wkwkwkwkwk
Udah ah wkwkwkwkwkwk
WKWKWKWKWKWKWKWKW",2026-04-07T12:32:24.940Z,Van Helsing,101627909083689651489,True,0,id,2026-05-04T16:21:53.211897
Ci9DQUlRQUNvZENodHljRjlvT2xKSmRXeGpURkIyTUhFNGFITkNRM05QWTNaUk1rRRAB,ChIJJVq-oHAhby4R-F_LncXIKn0,T'samie Noodle Bar,Majalengka,Nongkrong,3,"makanan boleh enak tapi jujur ini lama banget pelayanannya, waiting list 1jam lebih. pelayannya ditanya jawab jutek",2026-04-05T05:31:45.399Z,Novi Laraswati,113244796264318612644,False,0,id,2026-05-04T16:21:53.211906
Ci9DQUlRQUNvZENodHljRjlvT2xSdkxUZFVkRVpwU0U0eVJHazBTVXhVVGpOU2NrRRAB,ChIJJVq-oHAhby4R-F_LncXIKn0,T'samie Noodle Bar,Majalengka,Nongkrong,5,"Bikin selalu datang lagi, toripaitannya paling enak sih..  👍🏻",2026-04-03T19:56:07.506Z,mia sumiyati,104779387968406994480,False,0,id,2026-05-04T16:21:53.211925
Ci9DQUlRQUNvZENodHljRjlvT2toYVFXMVpTblp3VFROdFoyOHdkRXRvYURBd1JYYxAB,ChIJJVq-oHAhby4R-F_LncXIKn0,T'samie Noodle Bar,Majalengka,Nongkrong,5,BONON APPROVED 👍🏻✔️,2026-04-01T04:22:58.979Z,Bonon,110281788362470320473,True,0,en,2026-05-04T16:21:53.211934
Ci9DQUlRQUNvZENodHljRjlvT20xb1RFWTJTMmxCTFhNd1VuSk5ZMjU1YzFCT1gyYxAB,ChIJJVq-oHAhby4R-F_LncXIKn0,T'samie Noodle Bar,Majalengka,Nongkrong,3,"Sedikit kecewa dengan pelayanannya..
Pas nunggu ramen terus hujan, dapet tempat di ujung dan air hujan nya nyiprat tepat d atas meja
Niat konfirmasi ke pelayan laki² yg kebetulan lewat buat minta pindah meja, tapi di jawab dengan nada ketus dan jawab sambil nyelonong, gak ada inisiatif buat bantu sama sekali
Padahal dari pertama buka selalu aman meskipun antri tetep di tunggu..",2026-03-29T12:55:53.355Z,Tantri D.E,103634048952688573147,False,0,id,2026-05-04T16:21:53.211964
Ci9DQUlRQUNvZENodHljRjlvT2tkbGEzRk1lbVpxV1hwVWVIZFZYMnhOTkVobk1uYxAB,ChIJJVq-oHAhby4R-F_LncXIKn0,T'samie Noodle Bar,Majalengka,Nongkrong,4,"Enak bgt makanan nya,cuma pelayanan nya lama bgt bisa sampe 1 jam lebih",2026-03-28T05:50:52.141Z,Bima Gilang,102951094552734741715,False,0,id,2026-05-04T16:21:53.211974
Ci9DQUlRQUNvZENodHljRjlvT21SeFJXaE9jalk0VWxWeVgySmFkR2xIZG5kWE5tYxAB,ChIJJVq-oHAhby4R-F_LncXIKn0,T'samie Noodle Bar,Majalengka,Nongkrong,5,"recommended bangettttt pokonya tempat makan ramen terdekat dan nyaman, rasanya enakkk harga juga pas, jujur belum nemu lagi yg seenak ini 🥹",2026-02-25T06:06:10.432Z,hilda_kmgyu,116771084755849285691,True,0,id,2026-05-04T16:21:53.211999
ChdDSUhNMG9nS0VJQ0FnTURvMmNQZ3l3RRAB,ChIJBbMj_Mspby4RyLqS54isbG4,Login Coffee,Majalengka,Nongkrong,5,"Cool place. Waiters are very nice and helpful
Enjoyed the nobar
Very Recommended",2025-04-26T15:00:58.419Z,Fitri Hanisa,102073362641151144759,False,1,en,2026-05-04T16:21:53.212008
ChZDSUhNMG9nS0VJQ0FnTURvaXZYMElBEAE,ChIJBbMj_Mspby4RyLqS54isbG4,Login Coffee,Majalengka,Nongkrong,5,Eh tutup jamber sih pengen kesitu udh tengah malem tapi takut nutup,2025-04-23T16:24:41.518Z,Shivra Dhebora,106810903060427711256,False,1,id,2026-05-04T16:21:53.212017
ChdDSUhNMG9nS0VJQ0FnTUNvaElua2pRRRAB,ChIJBbMj_Mspby4RyLqS54isbG4,Login Coffee,Majalengka,Nongkrong,5,"Kesini pas bukber sama temen-temen, tempatnya cozy, ada area outdoor sama indoor juga. Menu makanan nya lumayan, rasanya juga enak. Pelayanannya memuaskan, tapi kalo mau datang ramean harus booking dulu ya (ini berlaku pas bulan puasa gak tau kalau hari2 biasa)

Buat yang mau nongkrong santai bisa banget dateng ke sini buat nikmatin suasananya.",2025-04-15T05:15:54.296Z,Elka1574,106850891194393503388,True,0,id,2026-05-04T16:21:53.212026
ChZDSUhNMG9nS0VJQ0FnTURJM2UtQWJREAE,ChIJBbMj_Mspby4RyLqS54isbG4,Login Coffee,Majalengka,Nongkrong,5,"Waktu lagi mudik ke Majalengka coba nyari coffe shop dan ternyata ketemu login dari rumah cuma sekitar 8 menitan dan pas nyampe juga gak terlalu penuh apa karna datang nya setalah beberapa hari Lebaran. Untuk coffe susu gula aren nya ok enak juga, untuk harganya termasuk murah wkwkw next kalau lg main ke majalengka mau mampir lagi 💃",2025-04-12T10:40:55.162Z,ririn rahmayanti,116513135847664633080,True,0,id,2026-05-04T16:21:53.212036
ChdDSUhNMG9nS0VJQ0FnTUR3eC1tZl9BRRAB,ChIJBbMj_Mspby4RyLqS54isbG4,Login Coffee,Majalengka,Nongkrong,5,"Pelayanan nya oke banget, rasa makanan dan minuman nya ga ngecewain👍👍👍",2025-03-28T17:03:57.659Z,Tiara Amoura,116489587701342237186,False,0,id,2026-05-04T16:21:53.212054
ChdDSUhNMG9nS0VJQ0FnTUN3dEtxSGdRRRAB,ChIJBbMj_Mspby4RyLqS54isbG4,Login Coffee,Majalengka,Nongkrong,4,"Terima kasih telah memberikan pelayanan yang terbaik, makanan berat nya juga enak apalagi nasi gorengnya, untuk snack/camilan saya recomendasikan membeli french fries, onion rings, dan mix platter",2025-03-16T22:50:50.309Z,M Bais Nizar N,111371952892913197977,True,0,id,2026-05-04T16:21:53.212071
ChZDSUhNMG9nS0VJQ0FnTUNRMmFhU0hBEAE,ChIJBbMj_Mspby4RyLqS54isbG4,Login Coffee,Majalengka,Nongkrong,5,"Untuk yg di ruang vip terlalu pengap,sehingga ketika ada pengunjung yg d vip,ruangan terasa bau yg bercampuran makanan dan keringat yg tak sedap,mohon untuk diperbaiki lagi ya agar pengunjung lebih nyaman,terimakasih",2025-03-05T21:18:25.205Z,Myla,111655103046283840629,False,1,id,2026-05-04T16:21:53.212080
ChdDSUhNMG9nS0VJQ0FnTUNBNzhubzJBRRAB,ChIJBbMj_Mspby4RyLqS54isbG4,Login Coffee,Majalengka,Nongkrong,5,"Tempatnya enak,makanan+minuman juga enak ramah di kantong juga,ada spot foto bagus juga",2025-02-05T16:06:59.381Z,Aditya Azhwari,106009614879096584648,True,1,id,2026-05-04T16:21:53.212116
ChZDSUhNMG9nS0VJQ0FnSURQdDVEdktREAE,ChIJBbMj_Mspby4RyLqS54isbG4,Login Coffee,Majalengka,Nongkrong,2,"Kali k 2 dtg sini. Tmpt besar luas, mostly outdoor, better dtg sore-malem selain lbh estetik jg gabakal kepanasan. Ac nyala tp ga kerasa adem samsek, mgkin kalah sm panas dr luar. Vibe tmpt enak sbnernya buat nongkrong. Kl buat makan dlm keadaan lapar mnding jangan, soalny makanan keluar lamaaaaaa bangettttt. Rasa lumayan, sesuai hrg. Pertama kli dtg wkt awal buka sih sore malem gt nyaman outdoor an adeeem. Kmren dtg lunch kelaparan wehh",2024-12-06T09:01:05.159Z,Phoebe Ann,105304345052918971973,True,0,id,2026-05-04T16:21:53.212150
ChdDSUhNMG9nS0VJQ0FnSURQaS1IUmlBRRAB,ChIJBbMj_Mspby4RyLqS54isbG4,Login Coffee,Majalengka,Nongkrong,5,"tempatnya bagus buat nyantai, nongkrong sambil main game",2024-12-05T14:34:44.848Z,ajigaluh purnama,115123522016189627644,False,0,id,2026-05-04T16:21:53.212160
ChZDSUhNMG9nS0VJQ0FnSURQNGJDWFJnEAE,ChIJBbMj_Mspby4RyLqS54isbG4,Login Coffee,Majalengka,Nongkrong,5,cantikkk sekaliii ni capee ga nyesel gua nongkrong di login coffe soalnya suasana nya udh cakep makanannya juga ga kalah cakep,2024-12-03T03:43:40.919Z,Ilham Toing,108199165912871760971,False,0,id,2026-05-04T16:21:53.212170
ChZDSUhNMG9nS0VJQ0FnSURQa3Vfdkp3EAE,ChIJBbMj_Mspby4RyLqS54isbG4,Login Coffee,Majalengka,Nongkrong,5,gausa di raguin si gila gue tiap minggu kesini worth guys😍,2024-11-30T16:05:23.040Z,Yuniar Dita,104773365863310621864,False,0,id,2026-05-04T16:21:53.212180
ChZDSUhNMG9nS0VJQ0FnSUNQazhTRkVREAE,ChIJBbMj_Mspby4RyLqS54isbG4,Login Coffee,Majalengka,Nongkrong,5,Enak buat nongkrong dan sering ada live music cocok untuk menghilangkan penat,2024-11-27T16:50:22.245Z,M. Leo Rodiansyah Gustiano,111854036044965653213,False,0,id,2026-05-04T16:21:53.212189
Ci9DQUlRQUNvZENodHljRjlvT2w5bGMwbDBVMU5tT1VwSVpEbFdhSEpsTTNwbWFXYxAB,ChIJnf1cBggvby4RZmcU_3qDXBs,Es Cokelat Gembira Ria,Majalengka,Nongkrong,5,Bakmie terenak di majalengka😍😍,2025-11-04T10:41:34.461Z,Seema Medina,117731329179325350145,False,0,id,2026-05-04T16:21:53.212229
Ci9DQUlRQUNvZENodHljRjlvT2xRMlZIaGxTVFJ6Tm5GV1RHdGtSekZRV1VGd05HYxAB,ChIJnf1cBggvby4RZmcU_3qDXBs,Es Cokelat Gembira Ria,Majalengka,Nongkrong,5,"bner” bestt banget bakmiee nya,ayam panggang ny bner” smookie,tempatnya enakeunn ngantri nya jga ga lama padahal lg lumayan ramee,pelayanan ramah poll",2025-10-27T12:27:31.225Z,Sani Mulyani,111709267434685650151,True,0,id,2026-05-04T16:21:53.212239
Ci9DQUlRQUNvZENodHljRjlvT2pSTGFuZHFWMVZqWmpGSlFYVk5aakV4TVV0dllrRRAB,ChIJnf1cBggvby4RZmcU_3qDXBs,Es Cokelat Gembira Ria,Majalengka,Nongkrong,5,"Es coklat dan rotinya enak, harga terjangkau, tempatnya nyaman",2025-09-23T10:01:10.250Z,Gunawan Wijaksono,110218112311284037508,True,0,id,2026-05-04T16:21:53.212263
Ci9DQUlRQUNvZENodHljRjlvT25nelUwRkthRkExVjFOQk5HaHpZbTVGUVRGNmFYYxAB,ChIJnf1cBggvby4RZmcU_3qDXBs,Es Cokelat Gembira Ria,Majalengka,Nongkrong,4,We've eaten here a number of times and it is consistently good.  The noodle dishes are always very tasty and satisfying.  The staff are courteous and welcoming.  I recommend trying it out when you in Majalengka and looking for a good meal.,2025-09-06T01:35:07.533Z,Justin Rejda,101504445179587990327,True,0,en,2026-05-04T16:21:53.212279
ChdDSUhNMG9nS0VMaTVzcm53cHRUYTVnRRAB,ChIJnf1cBggvby4RZmcU_3qDXBs,Es Cokelat Gembira Ria,Majalengka,Nongkrong,5,mie ayam bangka terenak se majalengkaaa sih,2025-05-15T03:51:11.276Z,Aulia Zahra Diva,111670624119596239233,False,0,id,2026-05-04T16:21:53.212324
ChdDSUhNMG9nS0VJQ0FnTURvNHFiVGt3RRAB,ChIJnf1cBggvby4RZmcU_3qDXBs,Es Cokelat Gembira Ria,Majalengka,Nongkrong,5,"Tempat buat penikmat es cokelat dan varian mie ayam dan yamien dgn suasana masa lampau, pelayannya jg ramah2.. Sukses terus Es Cokelat Gembira Ria😊👍",2025-04-23T08:14:26.258Z,Nakama Ahmadi,101478170163624760588,True,0,id,2026-05-04T16:21:53.212340
ChZDSUhNMG9nS0VJQ0FnTUNneDRtb1pBEAE,ChIJnf1cBggvby4RZmcU_3qDXBs,Es Cokelat Gembira Ria,Majalengka,Nongkrong,5,"Tempat ngebakmie favorite Istri, Menu Rekom Bakmie Lampau, & Mie Ayam Bangka
Tempat juga sangat nyaman adem dan asri berkonsep tema jadul vintage",2025-04-11T10:33:47.481Z,Abdul Kustiana,105934886556375436237,True,0,id,2026-05-04T16:21:53.212350
Ci9DQUlRQUNvZENodHljRjlvT2pCbVMyWnRaMTlLV2pOWVEycHFkWGhSY1Rack9HYxAB,ChIJJVq-oHAhby4R-F_LncXIKn0,T'samie Noodle Bar,Majalengka,Nongkrong,5,"mantap kak, sukses selalu",2026-02-16T16:24:40.583Z,Nazwa Sahatunnisa,111709314141055779659,False,0,id,2026-05-04T16:21:53.212380
Ci9DQUlRQUNvZENodHljRjlvT2xOaVdYTTNSV1pVT1doNWJVOUhSaTFPV201M1drRRAB,ChIJJVq-oHAhby4R-F_LncXIKn0,T'samie Noodle Bar,Majalengka,Nongkrong,1,sumpah ga enak banget jauh sama tanagi,2026-02-10T11:13:11.471Z,Grims,102894690175271836050,False,0,id,2026-05-04T16:21:53.212406
Ci9DQUlRQUNvZENodHljRjlvT21wWU5YRXhVbUp1ZUd4cldFcFhNa3hYVTFVeWVXYxAB,ChIJJVq-oHAhby4R-F_LncXIKn0,T'samie Noodle Bar,Majalengka,Nongkrong,5,Tempat ramen terenak yg pernah Saya makan,2026-01-27T08:56:23.258Z,arifin sapari,111027359718166035673,True,0,id,2026-05-04T16:21:53.212424
Ci9DQUlRQUNvZENodHljRjlvT2xCQk9UZHVXbUZXYzBVNVgxSTVSMVZYV2poa1VrRRAB,ChIJJVq-oHAhby4R-F_LncXIKn0,T'samie Noodle Bar,Majalengka,Nongkrong,5,"Ramennya enak, suasana nyaman, pelayanan super ramah, wajib mampir",2026-01-20T14:46:46.169Z,Bagoes Dwi Prasodjo,105564822900127673785,True,0,id,2026-05-04T16:21:53.212448
Ci9DQUlRQUNvZENodHljRjlvT2pWMGFsZFFUVE5VT1VWR2NEVjVOVlJSVTFCTGFuYxAB,ChIJJVq-oHAhby4R-F_LncXIKn0,T'samie Noodle Bar,Majalengka,Nongkrong,5,"Tempatnya bagus, ramennya juga enak 😍",2026-01-11T04:25:51.166Z,Rani Octavia,106843196935324877123,False,0,id,2026-05-04T16:21:53.212463
Ci9DQUlRQUNvZENodHljRjlvT25obGRIRk5VVUZWTmxoRWEyUjNYM1Z3ZUZaeFdVRRAB,ChIJJVq-oHAhby4R-F_LncXIKn0,T'samie Noodle Bar,Majalengka,Nongkrong,5,"pelayanannya baik sekali, mienya enak, real pict dan tempatnya nyaman <3. next bakal repeat order🫶🏻",2026-01-04T07:01:12.139Z,sha dm,104478325436115179331,False,0,id,2026-05-04T16:21:53.212479
Ci9DQUlRQUNvZENodHljRjlvT2t0M01taHRjbXh3U1dSVVh6UlRTVmhTVEc1ME4yYxAB,ChIJJVq-oHAhby4R-F_LncXIKn0,T'samie Noodle Bar,Majalengka,Nongkrong,1,"Sekelas mie doang lama bgt, gatau apa yg bikin lama. Mau sepi mau rame tetep aja lamaa. R juga biasa ajasi menurutku menang viral doang",2026-01-01T07:08:04.175Z,A sw,103341413792331072902,False,0,id,2026-05-04T16:21:53.212497
Ci9DQUlRQUNvZENodHljRjlvT25JM1NHTkJlRnBxYUZGdFdGTlhRMHRLVFZWU2VWRRAB,ChIJJVq-oHAhby4R-F_LncXIKn0,T'samie Noodle Bar,Majalengka,Nongkrong,1,"pelayanan mengecewakan...
masa yang baru datang duluan dapat makanannya.
Rasanya ga tau... udah kenyang sama minum",2025-12-28T08:00:16.309Z,aka arry,111592418180172129143,False,0,id,2026-05-04T16:21:53.212510
Ci9DQUlRQUNvZENodHljRjlvT2pabFNVTldjRWcyWm5kS1JFUlRSbDlLZWt3M1gwRRAB,ChIJJVq-oHAhby4R-F_LncXIKn0,T'samie Noodle Bar,Majalengka,Nongkrong,5,"Ramen terenak seCirebon seMajalengka raya hehehe
Kuah Toripaitannya enak bgt, lembut dan berasa kaldunya..
Kalau Miso nya enak jg seger ada asem2nya dkit..
Pecinta pedas wajib cobain deh menu Niboshi Ramennya, enak pedasnya pas..
Tempat nyaman, view bagus dan udara jg segar.. walaupun jauh2 dr Cirebon ga menyesal, bener2 puas..
Lengkap sudah ada musholahnya..",2025-12-20T13:23:24.039Z,Mifta Rahma,102282880243179949442,True,0,id,2026-05-04T16:21:53.212527
Ci9DQUlRQUNvZENodHljRjlvT2xWdWVHMHRSMWgzU3pSV1VXOUZXbkpPTVhBMU5FRRAB,ChIJJVq-oHAhby4R-F_LncXIKn0,T'samie Noodle Bar,Majalengka,Nongkrong,5,"Salah satu ramen andalan! Kalo bm ramen pasti ke sini. ramennya enak, porsinya lumayan banyak, harganya pas, dan cukup banyak varian rasanya. Suasananya adem, tempatnya pun cukup luas.",2025-12-17T10:13:00.215Z,sins,100312018226804521700,True,0,id,2026-05-04T16:21:53.212535
Ci9DQUlRQUNvZENodHljRjlvT2xoSFVVSlFhV2RJYTNScmNYQjZjbVJsY1RCUWJXYxAB,ChIJpZckhEclby4RWf04oZ_ZfRU,Kopi Kenangan - Ruko Capital Point Majalengka,Majalengka,Nongkrong,5,"Barista ramah, pelayanan oke, tempatnya bersih dan nyaman❤️❤️",2026-05-04T13:51:20.500Z,Nurul Hidayanti,106064226065294571737,False,0,id,2026-05-04T16:21:53.212551
Ci9DQUlRQUNvZENodHljRjlvT2pNNGFsZHRXVnBDWTA1R1RYUmhVMEp3VFZsUmVuYxAB,ChIJpZckhEclby4RWf04oZ_ZfRU,Kopi Kenangan - Ruko Capital Point Majalengka,Majalengka,Nongkrong,5,tempat ngopi favorite,2026-05-04T11:00:41.854Z,sandi prasetya,112439464676863346880,False,0,id,2026-05-04T16:21:53.212564
Ci9DQUlRQUNvZENodHljRjlvT2xwdlpXVlNaMG80ZGpOaldUWkdWVWc0UlhFMlRuYxAB,ChIJpZckhEclby4RWf04oZ_ZfRU,Kopi Kenangan - Ruko Capital Point Majalengka,Majalengka,Nongkrong,5,"mantap,
suasanany gak bising",2026-05-04T10:59:31.039Z,lintang maharani,107056434287567127057,False,0,id,2026-05-04T16:21:53.212574
Ci9DQUlRQUNvZENodHljRjlvT25WWVZUQmpMV3hEVDBsaFFYRTVibFJmT1dzeFIxRRAB,ChIJpZckhEclby4RWf04oZ_ZfRU,Kopi Kenangan - Ruko Capital Point Majalengka,Majalengka,Nongkrong,5,"KOPINYA ENAK POL! Tempatnya nyaman, baristnya ramah dan satset😍",2026-04-30T09:03:08.443Z,Yunita Mukharomah,105806188006604592922,False,0,id,2026-05-04T16:21:53.212590
Ci9DQUlRQUNvZENodHljRjlvT2tnMFVVUlBhM0pEUlU5cFpWZHpSRW94VGpWNldXYxAB,ChIJpZckhEclby4RWf04oZ_ZfRU,Kopi Kenangan - Ruko Capital Point Majalengka,Majalengka,Nongkrong,5,"pelayanannya ramah, gercep juga terus tempatnya bersih jadi nyaman. pertahankan ya kak!",2026-04-28T03:47:49.773Z,Dian Maharani,116161891862078616846,False,0,id,2026-05-04T16:21:53.212599
Ci9DQUlRQUNvZENodHljRjlvT25CS2REQlpOV2xvWTNoTFVUWXljakJvTm0xc05YYxAB,ChIJpZckhEclby4RWf04oZ_ZfRU,Kopi Kenangan - Ruko Capital Point Majalengka,Majalengka,Nongkrong,5,"Pelayanannnya ramah dan gercep, suka sama suasananya yang hangat jadi ketika ingin me time or qualitytime with someone tu enak, tempatnya juga bersih...",2026-04-12T22:16:44.938Z,Echa Agustina,112283290341788480704,False,0,id,2026-05-04T16:21:53.212610
Ci9DQUlRQUNvZENodHljRjlvT2tGVVFVVk5SM2sxVWs1WFFqWk9lbkZZUTNwVFJrRRAB,ChIJpZckhEclby4RWf04oZ_ZfRU,Kopi Kenangan - Ruko Capital Point Majalengka,Majalengka,Nongkrong,2,Lama banget gila. Sekali dua kali oke lah. Ini hampir tiap ke tempat pasti lama banget,2026-04-10T04:05:57.049Z,Imelda Fransisca Sudirlan,116507338386486346017,False,0,id,2026-05-04T16:21:53.212624
Ci9DQUlRQUNvZENodHljRjlvT25oYVMzWjBVVXREYXpSMlExaE5WbTFsVFhwUVptYxAB,ChIJpZckhEclby4RWf04oZ_ZfRU,Kopi Kenangan - Ruko Capital Point Majalengka,Majalengka,Nongkrong,5,"Dapet juga tempat ngopi enak yang std. Caffe2 banyak seputas Ciamis dan Banjar, tapi males nyoba. Mendik yang pasti2 enak, tapi cuma ada di Majalengka.",2026-04-07T11:32:03.592Z,Richa chan,108957360280598145680,True,0,id,2026-05-04T16:21:53.212633
Ci9DQUlRQUNvZENodHljRjlvT21WT1RHbHdVVmgxVDFCeVlURTJjazlOTTBoMGQyYxAB,ChIJpZckhEclby4RWf04oZ_ZfRU,Kopi Kenangan - Ruko Capital Point Majalengka,Majalengka,Nongkrong,5,"tempatnya nyaman banget, bersih, pelayanannya juga ramah ramah🥰",2026-03-29T10:24:42.474Z,tasya aura,106669039367588853136,False,0,id,2026-05-04T16:21:53.212658
Ci9DQUlRQUNvZENodHljRjlvT25Sa09HMUlNa0ZhU1RKa1NHOHpVMkpTUzNGSFRFRRAB,ChIJpZckhEclby4RWf04oZ_ZfRU,Kopi Kenangan - Ruko Capital Point Majalengka,Majalengka,Nongkrong,5,matchaaaaa kopken the besttt drinkkk ever,2026-03-29T04:23:16.455Z,Annisa Nurul,107533958913712569561,False,0,fi,2026-05-04T16:21:53.212684
Ci9DQUlRQUNvZENodHljRjlvT20xNE5HeHBPRTVtTTNNeFJWQkpOM1UxVFRCS1dYYxAB,ChIJpZckhEclby4RWf04oZ_ZfRU,Kopi Kenangan - Ruko Capital Point Majalengka,Majalengka,Nongkrong,5,canele aren my number one uno,2026-03-29T04:22:29.459Z,Aevnnislyn,112482588913019359721,False,0,en,2026-05-04T16:21:53.212694
Ci9DQUlRQUNvZENodHljRjlvT21scE9FcDBTbEkxTVd4U1JHbFFURWwxZVVSdmMxRRAB,ChIJpZckhEclby4RWf04oZ_ZfRU,Kopi Kenangan - Ruko Capital Point Majalengka,Majalengka,Nongkrong,5,canele aren the best,2026-03-29T04:21:35.953Z,KeluargaRoblox,112278090089643450911,False,0,en,2026-05-04T16:21:53.212703
Ci9DQUlRQUNvZENodHljRjlvT25WTmJWUnlaazg1YTNWNGMzbGhTR3hyWVdsSFdIYxAB,ChIJpZckhEclby4RWf04oZ_ZfRU,Kopi Kenangan - Ruko Capital Point Majalengka,Majalengka,Nongkrong,5,canele aren + matcha the top tierrr,2026-03-29T04:20:25.637Z,Annisa Nurul,116577240497055684014,False,0,en,2026-05-04T16:21:53.212721
Ci9DQUlRQUNvZENodHljRjlvT25oVmN6QlBNVVpKVGxseVV6VnhPRUp5TUdOYU1VRRAB,ChIJpZckhEclby4RWf04oZ_ZfRU,Kopi Kenangan - Ruko Capital Point Majalengka,Majalengka,Nongkrong,5,Tempat nugas favorit,2026-03-29T04:15:04.112Z,Suci Ihtisabi,104502315875039874046,False,0,id,2026-05-04T16:21:53.212731
ChZDSUhNMG9nS0VJQ0FnSUNQN3NTRUFnEAE,ChIJBbMj_Mspby4RyLqS54isbG4,Login Coffee,Majalengka,Nongkrong,5,"Racikan Cofee Nya Enak Dan Pas , Rekomendasi Buat Yg Mau Nongskuy",2024-11-24T15:38:14.131Z,ADE RONI ROHMATULLAH,116160814315793477771,False,0,id,2026-05-04T16:21:53.212740
ChZDSUhNMG9nS0VJQ0FnSUNQN29UaFR3EAE,ChIJBbMj_Mspby4RyLqS54isbG4,Login Coffee,Majalengka,Nongkrong,5,Bagus tempat nya sangat nyaman buat santai” rekomend banget dah pokoknya dari kopi nya sama makanan nya top👍🏻,2024-11-24T15:37:41.985Z,Ade yana priatna,104961546904814589596,False,0,id,2026-05-04T16:21:53.212750
ChZDSUhNMG9nS0VJQ0FnSUNQN29URUh3EAE,ChIJBbMj_Mspby4RyLqS54isbG4,Login Coffee,Majalengka,Nongkrong,5,Tempat rekomendasi buat nongkrong anak muda sekitar Majalengka 👍,2024-11-24T15:37:18.216Z,Malba Nabil Fauzan,109698129989668715207,False,0,id,2026-05-04T16:21:53.212762
ChZDSUhNMG9nS0VJQ0FnSUQzNHZyMkNnEAE,ChIJBbMj_Mspby4RyLqS54isbG4,Login Coffee,Majalengka,Nongkrong,5,"good and comfy place, affordable price, great service 🤍",2024-11-13T15:31:46.243Z,Nana Yura,114010138135500624237,False,0,en,2026-05-04T16:21:53.212770
ChdDSUhNMG9nS0VJQ0FnSUQzdk1IZmxBRRAB,ChIJBbMj_Mspby4RyLqS54isbG4,Login Coffee,Majalengka,Nongkrong,5,Sangat rekomendasi buat nongkrong,2024-11-13T07:11:24.084Z,Piit Gantil,113772874923064786804,False,0,id,2026-05-04T16:21:53.212788
ChdDSUhNMG9nS0VJQ0FnSUQzbkppVTdBRRAB,ChIJBbMj_Mspby4RyLqS54isbG4,Login Coffee,Majalengka,Nongkrong,5,Banyak varian makanan danpelayanan ramah,2024-11-13T03:02:52.858Z,KANG SLOWMO 13,100235097104023221164,False,0,id,2026-05-04T16:21:53.212796
ChZDSUhNMG9nS0VJQ0FnSUQzbE5YM0VBEAE,ChIJBbMj_Mspby4RyLqS54isbG4,Login Coffee,Majalengka,Nongkrong,5,"Makan di Login Coffee,makanan nya enak dan tempatnya nyaman",2024-11-12T13:13:20.943Z,Ratrimar Ratniti,115759883056273464148,False,0,id,2026-05-04T16:21:53.212827
Ci9DQUlRQUNvZENodHljRjlvT2xSS2RWaHhRMlZoVFVWS01qQXljbE4xVmxGaldIYxAB,ChIJJVq-oHAhby4R-F_LncXIKn0,T'samie Noodle Bar,Majalengka,Nongkrong,5,Best favorit ramen mayu,2025-12-11T13:16:49.448Z,TOKO WINDY,116857984371394958337,True,0,id,2026-05-04T16:21:53.212843
Ci9DQUlRQUNvZENodHljRjlvT2paaVVrNXBNVWhQYTJzNGFUUmxRMU5sZUROa1UyYxAB,ChIJJVq-oHAhby4R-F_LncXIKn0,T'samie Noodle Bar,Majalengka,Nongkrong,5,"Enjoy, ruame kalo weekend, porsi banyak",2025-11-27T04:06:32.689Z,Khafif Amrizal,106088481365557750950,True,0,jv,2026-05-04T16:21:53.212881
Ci9DQUlRQUNvZENodHljRjlvT21ScGRtUlBlVVZJZGtsT1ZuRTViazR0YlVKR2MxRRAB,ChIJJVq-oHAhby4R-F_LncXIKn0,T'samie Noodle Bar,Majalengka,Nongkrong,5,daridulu sampe sekarang rasa gapernah berubah ditambah skrng pelayanannya lebih ramah,2025-11-22T15:52:13.405Z,ana,115195123159163942461,True,0,id,2026-05-04T16:21:53.212890
Ci9DQUlRQUNvZENodHljRjlvT2tOeWJtaDZRMUJxUWkxQ2RFZFRjWHBFTFVsbU1HYxAB,ChIJJVq-oHAhby4R-F_LncXIKn0,T'samie Noodle Bar,Majalengka,Nongkrong,5,"Ramennya enak, mienya kenyal dan mengenyangkan..
Tempat cukup nyaman dan cozy..
Meskipun waiting list tempat duduk tpi ga lama kok nunggunya, dan nunggu makanannya juga ga lama..
Pelayananya sangat puas sekali, klo bisa aku kasing bintang 10 😁. aku 2 kali request : baby chair dan mangkok kosong pdhal aku duduk diatas dan si kaka nya harus ngambil ke bawah. bahkan awal dateng ada drama minuman tumpah dan Masyaallah kakanya cekatan langsung lap in lantai bekas minuman tumpah.
Di meja pilihan menu jga ada kaka yg bantu utk pilih menu jdi kita ga bingung mau pilih apa, minimal tau yg rasa manis, gurih, asem..😅
Mushola nya juga nyaman cukup utk berjamaah, toiletnya juga bersih.
The best deh pokoknya 🤗
Terimakasih t'samie noodle semoga lancar, berkah dan makin ramai.🤲🏻 🥰🥰",2025-11-22T13:45:02.521Z,Emi Nurani,112811939145263949091,False,0,id,2026-05-04T16:21:53.212900
Ci9DQUlRQUNvZENodHljRjlvT25oc2NEbGhXbkp4WTJwUk5UQTNWRVppTTJaUFptYxAB,ChIJJVq-oHAhby4R-F_LncXIKn0,T'samie Noodle Bar,Majalengka,Nongkrong,5,"Ramen nya enakk polll kuahnya ngaldu bangett
Tempatnya nyaman dan ramee
Waktu kesana waiting list karena weekend tempat duduknya full, tapi nunggunya ga lama kok
Harganya super worth it sama rasa ramennya
Sangat recommended sih ini 💕",2025-11-19T08:44:43.794Z,Ai Lelasari,114263269564727341118,True,1,id,2026-05-04T16:21:53.212926
Ci9DQUlRQUNvZENodHljRjlvT21Gd1JYQjBMVXhsZFhBelFsTjViVWMyUjFoTWVsRRAB,ChIJJVq-oHAhby4R-F_LncXIKn0,T'samie Noodle Bar,Majalengka,Nongkrong,3,tempatnya enak pelayananya baik,2025-11-19T03:33:58.250Z,dessy Indra,113672732787658071589,True,0,id,2026-05-04T16:21:53.212938
ChdDSUhNMG9nS0VJQ0FnTURnbXVxZzdRRRAB,ChIJnf1cBggvby4RZmcU_3qDXBs,Es Cokelat Gembira Ria,Majalengka,Nongkrong,5,"Mie lampau nya enak, ayamnya banyak
Minuman cokelat standar aja
Tempatnya asik buat nongki dengan suasana vintage atau jadul",2025-02-24T05:08:56.936Z,Dhinny Setiawati,117441368409587313911,True,0,id,2026-05-04T16:21:53.212955
ChZDSUhNMG9nS0VJQ0FnTUNnMHFiY0N3EAE,ChIJnf1cBggvby4RZmcU_3qDXBs,Es Cokelat Gembira Ria,Majalengka,Nongkrong,5,makanannya enak2 mantepp,2025-02-15T15:39:07.448Z,Adi Ramdan,101693097705533079102,False,0,id,2026-05-04T16:21:53.212972
ChZDSUhNMG9nS0VJQ0FnSURmdHZUblB3EAE,ChIJnf1cBggvby4RZmcU_3qDXBs,Es Cokelat Gembira Ria,Majalengka,Nongkrong,5,mie bangka nya rekomendasi banget enak,2025-01-06T10:24:18.440Z,ana,115195123159163942461,True,0,id,2026-05-04T16:21:53.212995
ChZDSUhNMG9nS0VJQ0FnSUNmcDRHcFZnEAE,ChIJnf1cBggvby4RZmcU_3qDXBs,Es Cokelat Gembira Ria,Majalengka,Nongkrong,5,"bakmi nya enak sekali, tempatnya juga nyaman walaupun ramai, jarak antara mejanya diatur dengan baik.",2025-01-02T07:23:43.083Z,Revy Virgiansyah,100671425444682699703,True,0,id,2026-05-04T16:21:53.213003
ChdDSUhNMG9nS0VJQ0FnSUNmbVpHUXR3RRAB,ChIJnf1cBggvby4RZmcU_3qDXBs,Es Cokelat Gembira Ria,Majalengka,Nongkrong,5,Tadi nyobain menu yang best seller nya dan enak sekali. Sangat suka sekali dengan vibe jaman dulunya,2024-12-30T14:51:03.675Z,Widya Alfionita,101916238581237918663,False,0,id,2026-05-04T16:21:53.213021
ChdDSUhNMG9nS0VJQ0FnSURQOGZpNF9BRRAB,ChIJnf1cBggvby4RZmcU_3qDXBs,Es Cokelat Gembira Ria,Majalengka,Nongkrong,5,Makanan nya enak enak... Bakmi nya dan tempat nya terkesan lampau jadi cukup nyaman... Coklat dan roti nya enak...,2024-12-03T11:01:09.511Z,Kurnia Surya Saputra (Surya),117448032439967470552,True,0,id,2026-05-04T16:21:53.213047
Ci9DQUlRQUNvZENodHljRjlvT2todE5EZHRhVzU2VUdGUVZqSTVVVEU0TkRrek4yYxAB,ChIJpShbT94vby4RLkJPJpiFHTo,DIMSUM HIRO - MAJALENGKA,Majalengka,Nongkrong,5,"Enak banget, si dimsumnya full dagingg",2026-02-19T05:43:06.354Z,Naura Yasminna,116643384144648141115,False,0,id,2026-05-04T16:21:53.213056
Ci9DQUlRQUNvZENodHljRjlvT2pOME1XczNNRTlNZG5oSFJXZGtNV3RNUkhSTmVFRRAB,ChIJpShbT94vby4RLkJPJpiFHTo,DIMSUM HIRO - MAJALENGKA,Majalengka,Nongkrong,5,"tempatnya oke, makanan juga enak, recommended bngt buat nge date pokoknya!!!",2025-12-07T14:33:13.811Z,Muhamad Rizki Fadilah,113968407000199707360,True,0,id,2026-05-04T16:21:53.213128
Ci9DQUlRQUNvZENodHljRjlvT2xkR1N6ZHlha3hRT1ZOS1ZtWlZNVlJaVjE5a2NIYxAB,ChIJpShbT94vby4RLkJPJpiFHTo,DIMSUM HIRO - MAJALENGKA,Majalengka,Nongkrong,5,"Makanannya enak dan tempatnya nyaman, cocok untuk membawa keluarga.",2025-08-31T10:53:30.907Z,Ihsan NA,102071523304643997097,False,0,id,2026-05-04T16:21:53.213157
Ci9DQUlRQUNvZENodHljRjlvT25scU4zQnVNVUo0YTAwNWFuZFdVbFJOV2poSlprRRAB,ChIJpShbT94vby4RLkJPJpiFHTo,DIMSUM HIRO - MAJALENGKA,Majalengka,Nongkrong,5,Rekomen banget buat yg lagi bm dimsum dengan berbagai banyak pilihan,2025-08-14T07:27:39.401Z,Istrinya Hyungsik,101185601062513738307,False,0,id,2026-05-04T16:21:53.213167
Ci9DQUlRQUNvZENodHljRjlvT2tKdGJVNHhPSFJ3VjNBNGVHbFhVSFJWT0hObGNHYxAB,ChIJpShbT94vby4RLkJPJpiFHTo,DIMSUM HIRO - MAJALENGKA,Majalengka,Nongkrong,2,"DULU dimsum hiro adalah dimsum paling enak se majalengka & udah langganan, aga sedih sekarang kualitasnya menurun ga kaya dulu, dimsumnya hambar gada asin2 nya sama sekali, chili oilnya skrng aneh ga fresh kaya yg udah lama, pelayanan lama bget kaya padahal lagi sepi, harusnya kukusan udah ready sebelum pembeli datang jangan dadak ngukus, semoga bisa diperbaiki kedepannya",2025-07-23T01:40:28.439Z,siska octalinda,104221346122091110493,False,0,id,2026-05-04T16:21:53.213183
ChdDSUhNMG9nS0VJQ0FnTUNZc3NxaWh3RRAB,ChIJpShbT94vby4RLkJPJpiFHTo,DIMSUM HIRO - MAJALENGKA,Majalengka,Nongkrong,3,"Kami baru menyadari Otaru Backyard itu ternyata adalah Dimsum Hiro (atau versi lain darinya).
Saran dari kami, tanyakan dulu ketersediaan menu yang akan dipilih, karena akan buang waktu ketika setelah menunggu beberapa saat ternyata menunya sudah sold out.",2025-05-06T10:43:45.463Z,Ginanjar,116846136039021313865,True,0,id,2026-05-04T16:21:53.213222
Ci9DQUlRQUNvZENodHljRjlvT2psMGNrbFhWREZQVTE4NGJYTmhVMGt5ZGpSMU9HYxAB,ChIJwWOYl00pby4RbLMQj7yOBv8,Nangkring Kadipaten,Majalengka,Nongkrong,1,"Enjoy sekali disini. Makanan dan minuman cukup memuaskan.
Hanya saja saya kecewa dengan beberapa tindakan karyawan laki-laki, posisi kami request musik kepada kasir dan sudah di konfirmasi dan lagu tersebut sudah di putar, namun karyawan laki-laki itu mengubah lagunya dengan sengaja, dan saya lihat sendiri bahwa karyawan laki-laki itu tau kami request lagu tersebut. Jika lagu yang kami request tidak diizinkan, saya rasa tidak mungkin krna kasir pasti konfirmasi kepada kami bahwa itu tidak boleh. Sebenarnya tidak masalah, karena genre yang di putar karyawan laki-laki itu tidak berbeda da saya suka dengan genre yg di putar, hanya saja etika. Setidaknya menyelesaikan satu lagu terlebih dahulu.
Bukan perkara musik, tapi ""etika"".",2026-05-04T13:11:10.487Z,Sri Wulan,115077811559258054681,False,0,id,2026-05-04T16:21:53.213238
Ci9DQUlRQUNvZENodHljRjlvT2xRMlRVZElaVzlPUnpSNmVUVnVSSGRGVGtKbmRHYxAB,ChIJwWOYl00pby4RbLMQj7yOBv8,Nangkring Kadipaten,Majalengka,Nongkrong,5,Beli ikan goreng sama ayam. Harganya murah meriah dan rasanya enak . Makan disini karena mau transit sebelum ke cirebon. Untuk tempat sangat nyaman,2026-04-24T15:39:14.826Z,ilham inayatullah,110074624576851729760,True,0,id,2026-05-04T16:21:53.213249
Ci9DQUlRQUNvZENodHljRjlvT21WQ1RYcEhUV3Q2Y1daclRGVmFTa1IyVlVnMlMxRRAB,ChIJwWOYl00pby4RbLMQj7yOBv8,Nangkring Kadipaten,Majalengka,Nongkrong,5,"Nangkring itu tempat nongkrong yg pas di kadipaten, di luar nampak biasa saja namun pas masuk ke dalam, luat biasa",2026-04-12T22:32:20.031Z,Tatang Somantri,109867498180201514331,True,0,id,2026-05-04T16:21:53.213258
Ci9DQUlRQUNvZENodHljRjlvT2toc1JrcGFOVFJpVlc4d04yUllTSGRRZEZOWVVVRRAB,ChIJwWOYl00pby4RbLMQj7yOBv8,Nangkring Kadipaten,Majalengka,Nongkrong,5,FAVVV BANGET POKOKNYA DI SINI💋💋💋,2026-03-27T07:36:17.924Z,Cici Anisah,105877658724112787397,False,0,id,2026-05-04T16:21:53.213267
Ci9DQUlRQUNvZENodHljRjlvT2xBeVFVVjNUalF3VWxGR1FXdFRUMVJtUjJRNWRGRRAB,ChIJwWOYl00pby4RbLMQj7yOBv8,Nangkring Kadipaten,Majalengka,Nongkrong,1,Pelayanan Kurang ramah . makanan lama . Waiternya kaya enggak niat kerja . Orang dapur kebanyakan bercanda . Sangat tidak Recomended !!! Enggak lagi2 dan kapok ..,2026-03-25T14:17:25.420Z,Abdullah Fnu,118025872416687621978,False,0,id,2026-05-04T16:21:53.213276
Ci9DQUlRQUNvZENodHljRjlvT2pZd2NrMXFOemhFUm1KMlZFTTFRbDlMYjBkeFJtYxAB,ChIJwWOYl00pby4RbLMQj7yOBv8,Nangkring Kadipaten,Majalengka,Nongkrong,1,"Service buruk, pesan dr jam set. 9 malam    nunggu 1 jam pesanan belum lengkap, di siapin di meja cuma satu"", itupun datang satu"" nya lama",2026-03-07T14:39:33.776Z,Apip Nurazizah,115301756622671755121,False,0,id,2026-05-04T16:21:53.213292
Ci9DQUlRQUNvZENodHljRjlvT2tWTWEwOVBXV2wyVm5wZmJYQnlUbk5oUkRWeFUwRRAB,ChIJwWOYl00pby4RbLMQj7yOBv8,Nangkring Kadipaten,Majalengka,Nongkrong,5,"Suasana bagus dan nyaman. Menu lengkap.
Sayang lupa berfoto",2025-12-23T04:32:19.883Z,budi indriyanto,111941417717562615775,True,0,id,2026-05-04T16:21:53.213336
Ci9DQUlRQUNvZENodHljRjlvT21weFExWlpZVkJOZEhOeVVVRkpXWHBtVVdSVFUxRRAB,ChIJwWOYl00pby4RbLMQj7yOBv8,Nangkring Kadipaten,Majalengka,Nongkrong,5,"Smg jodoh ya

Google me, SUBINA RRI",2025-11-19T09:35:09.659Z,Fikry Subina,101674285186346800958,True,0,id,2026-05-04T16:21:53.213346
Ci9DQUlRQUNvZENodHljRjlvT214eWFtRjZWRmhGVVVGTWNFVldhbmR2UXpad1owRRAB,ChIJpZckhEclby4RWf04oZ_ZfRU,Kopi Kenangan - Ruko Capital Point Majalengka,Majalengka,Nongkrong,3,Baru x ini gw denger pelayan yg sebutin nama nama pesenan cust teriak teriak nya kyk marah marah,2026-03-26T09:43:51.641Z,Alpiyani Rochendy,107914630354457044503,False,0,id,2026-05-04T16:21:53.213419
Ci9DQUlRQUNvZENodHljRjlvT2twVlVFNTBPREJUWDFRMFZFMU5OVUZDVVRkWVVYYxAB,ChIJpZckhEclby4RWf04oZ_ZfRU,Kopi Kenangan - Ruko Capital Point Majalengka,Majalengka,Nongkrong,1,"Minus semua muanyaaa, pesen pickup baru ready setelah 1 jam, dan pas dirasain anehh rasanya ga kaya biasanya, cenderung ke tidak berasa, maaf baru kali ini saya kecewa banget sama kopi kenangan, biasanya pesen enak, kentel, creamy, ini encer dan tidak berasa, udah nunggu lama, minuman ga ke minum, tolong di pelajari lagi mas/mba SOP gramasi nyaa, dan management waktunya!",2026-03-20T15:15:35.592Z,Prifi Arniliandri,108062606247064467711,False,0,id,2026-05-04T16:21:53.213431
Ci9DQUlRQUNvZENodHljRjlvT2xWaFZXOTJjekoxYVdzelR6UXRlbnA2YlRob2JrRRAB,ChIJpZckhEclby4RWf04oZ_ZfRU,Kopi Kenangan - Ruko Capital Point Majalengka,Majalengka,Nongkrong,2,menunggu lama dan di cancel,2026-03-19T08:35:51.647Z,aris purnomo,107134478869708061756,False,0,id,2026-05-04T16:21:53.213442
Ci9DQUlRQUNvZENodHljRjlvT2xoV2FYcFVNR3RoVEVWSlpYa3phMXBYY2tWSmJWRRAB,ChIJpZckhEclby4RWf04oZ_ZfRU,Kopi Kenangan - Ruko Capital Point Majalengka,Majalengka,Nongkrong,5,"Tempatnya enak,harga bersahabat,rasanya selalu pas baik kopi atau non kopinya",2026-02-24T15:28:42.263Z,Sri Rachmayanti,109725192774476434256,False,0,id,2026-05-04T16:21:53.213457
Ci9DQUlRQUNvZENodHljRjlvT2pSYWFTMWtNM0JwY0ZKQlNFcFZhMG81TkZSSmVWRRAB,ChIJpZckhEclby4RWf04oZ_ZfRU,Kopi Kenangan - Ruko Capital Point Majalengka,Majalengka,Nongkrong,5,"Langganan kopi ataupun nonkopi, enak",2026-02-22T00:26:34.543Z,Agung Aprianto Putra,104064707969231434988,True,0,id,2026-05-04T16:21:53.213466
Ci9DQUlRQUNvZENodHljRjlvT21GeVZ6WXdlVkZpWTFKd2IxYzRiVUpKY2pocFVFRRAB,ChIJpZckhEclby4RWf04oZ_ZfRU,Kopi Kenangan - Ruko Capital Point Majalengka,Majalengka,Nongkrong,5,100000% worth it🥰🥰,2026-02-17T12:15:46.571Z,Renada Alvioni,101502702621078431883,False,0,en,2026-05-04T16:21:53.213482
Ci9DQUlRQUNvZENodHljRjlvT2xaTGFEVTRXbXQxTlhsVGNHTnpSbWhyYWw5RWNFRRAB,ChIJpZckhEclby4RWf04oZ_ZfRU,Kopi Kenangan - Ruko Capital Point Majalengka,Majalengka,Nongkrong,5,"Tenang suasananya, gak ada musik
2 lantai
Dalam melayani pelanggan kurang senyum aja sih
Rasa dan tempat bintang lima",2026-02-17T07:04:12.400Z,winda lestari,105452263365692770236,True,0,id,2026-05-04T16:21:53.213492
Ci9DQUlRQUNvZENodHljRjlvT25WT1VGb3pUalJWTjJkTk1HUlZSV3hPWkVSeFQxRRAB,ChIJpZckhEclby4RWf04oZ_ZfRU,Kopi Kenangan - Ruko Capital Point Majalengka,Majalengka,Nongkrong,5,"The best coffee shop,
tempat nongkrong dengan harga terjangkau",2026-02-16T10:02:57.456Z,Angga Nugraha,114750393348524390032,False,0,id,2026-05-04T16:21:53.213512
Ci9DQUlRQUNvZENodHljRjlvT21oT2F6SjVkbWwwT0dWT2RtdE1WMUl6U0RoUlJXYxAB,ChIJpZckhEclby4RWf04oZ_ZfRU,Kopi Kenangan - Ruko Capital Point Majalengka,Majalengka,Nongkrong,5,Ramah di kantong dan banyak promo via voucher tiktok ataupun qpon,2026-02-16T09:35:41.282Z,Adella Novi,109918186275977083868,False,0,id,2026-05-04T16:21:53.213539
Ci9DQUlRQUNvZENodHljRjlvT2pZd1JWTnNTVWhEUkVGR2RUZHJUVEpHU1hScWEzYxAB,ChIJpZckhEclby4RWf04oZ_ZfRU,Kopi Kenangan - Ruko Capital Point Majalengka,Majalengka,Nongkrong,5,Ramah dikantong dan cocok kopinya pas,2026-02-16T09:34:44.390Z,Risma Cantika,117708538121760785702,False,0,id,2026-05-04T16:21:53.213548
Ci9DQUlRQUNvZENodHljRjlvT21vdFlrUnplR1JRWTNWdVJtdzBRVFpIVEZGRllrRRAB,ChIJpZckhEclby4RWf04oZ_ZfRU,Kopi Kenangan - Ruko Capital Point Majalengka,Majalengka,Nongkrong,3,"Rasa kopinya enak sih, standar kopi kenangan yang emang cocok di lidah kami. Ditambah tempatnya yang nyaman dan estetik. Tapi, untuk pelayanannya cukup lelet, memang ada 2 antrian saat kami beli, tetapi bila dibandingkan dengan kopi kenangan serupa ditempat lain, pelayanan disini memang tidak satset.. Para pegawai terkesan ketawa ketiwi saat sedang mengerjakan pesanan.. Mungkin bisa diperbaiki untuk kedepannya",2026-02-03T13:35:03.079Z,FindingPW,113166468596589461542,True,0,id,2026-05-04T16:21:53.213565
Ci9DQUlRQUNvZENodHljRjlvT2xaclUwWllPRGx1WWtaM1JETldOamMzYTNkRE4zYxAB,ChIJpZckhEclby4RWf04oZ_ZfRU,Kopi Kenangan - Ruko Capital Point Majalengka,Majalengka,Nongkrong,5,mantap rekomen banget tempatny cocok untuk ngumpul bareng teman atau untuk sekedar meet time karena suasananya tenang,2026-01-29T15:44:16.967Z,Andre Bima Gautama Panjaitan,104332440970597922801,False,0,id,2026-05-04T16:21:53.213574
Ci9DQUlRQUNvZENodHljRjlvT2xOcFMyWmZSVUpDWXpKR1owdHJTa2xZYzJNNVgwRRAB,ChIJpZckhEclby4RWf04oZ_ZfRU,Kopi Kenangan - Ruko Capital Point Majalengka,Majalengka,Nongkrong,5,"kakak kakak yang jaga nya pada baik dan ramah, tempat nya bersih adem, kopi nya enak banget, semuanya perfect!",2026-01-14T09:54:17.931Z,Keyla Nurmala,109167748581446789139,False,0,id,2026-05-04T16:21:53.213584
ChdDSUhNMG9nS0VJQ0FnTURRN0tpUjRBRRAB,ChIJpShbT94vby4RLkJPJpiFHTo,DIMSUM HIRO - MAJALENGKA,Majalengka,Nongkrong,1,"set makan berminyak semua, wadah dimsum selagi ada yang bersih kenapa pake yang udh ada item"" nya??? didalem dimsumnya ada tangkai cabe nya😀 ayam geprek nya paling parah asin bener mana sambel nya seuprit, tempat seadanya overall ga worth it buat harga segitu🙏",2025-03-09T14:32:59.300Z,Kay Loovi,116502229630862646876,False,0,id,2026-05-04T16:21:53.213647
ChdDSUhNMG9nS0VJQ0FnSUMzZzVmSTlBRRAB,ChIJpShbT94vby4RLkJPJpiFHTo,DIMSUM HIRO - MAJALENGKA,Majalengka,Nongkrong,5,"Enak banget please, selalu langganan
Masukan buat owner
Karena bahan2 naik. Lebih baik naiknya harga jgn turunin kualitas, karena enak bangettttt",2024-11-08T15:06:02.109Z,tiarno clara,108677983149388932768,True,0,id,2026-05-04T16:21:53.213656
ChZDSUhNMG9nS0VJQ0FnSUNIbE1ha1VREAE,ChIJpShbT94vby4RLkJPJpiFHTo,DIMSUM HIRO - MAJALENGKA,Majalengka,Nongkrong,5,Dimsum nya enak dan menu menu lain nya juga enak jadi bikin nagih deh,2024-09-01T14:01:49.415Z,iva khansa,107429926846559486774,False,0,id,2026-05-04T16:21:53.213689
ChdDSUhNMG9nS0VJQ0FnSUNINVA2WnN3RRAB,ChIJpShbT94vby4RLkJPJpiFHTo,DIMSUM HIRO - MAJALENGKA,Majalengka,Nongkrong,5,"Makanan disini enak banget, pelayanan juga baik ramah, suasana nya bagus buat makan di tempat.",2024-09-01T12:26:07.443Z,Ahmad Tegar Septayudha,115609826233850712518,False,0,id,2026-05-04T16:21:53.213698
ChdDSUhNMG9nS0VJQ0FnSUNINUs2OXdRRRAB,ChIJpShbT94vby4RLkJPJpiFHTo,DIMSUM HIRO - MAJALENGKA,Majalengka,Nongkrong,5,Dimsum nya enak dan bikin nagih dan ada menu yang lain terus enak enak lagi,2024-09-01T12:22:04.517Z,Ara Chaira,115702138144832784105,False,0,id,2026-05-04T16:21:53.213710
ChdDSUhNMG9nS0VJQ0FnSUNieE9Mem5RRRAB,ChIJpShbT94vby4RLkJPJpiFHTo,DIMSUM HIRO - MAJALENGKA,Majalengka,Nongkrong,5,"Dimsum nya enak asli,
Saya mesen :
dimsum ayam, rasanya beneran ayam, bumbunya pas, teksturnya pas
Dimsum udang, daging udangnya terasa, terasa manis udangnya, teksturnya pas

Dua2nya mantab, overall terenak di Majalengka sejauh yang saya cobain.",2024-07-23T12:01:08.594Z,Bryant Pribadi,103258015415136775339,False,0,id,2026-05-04T16:21:53.213727
ChdDSUhNMG9nS0VJQ0FnSURydTRpSnRnRRAB,ChIJpShbT94vby4RLkJPJpiFHTo,DIMSUM HIRO - MAJALENGKA,Majalengka,Nongkrong,5,"Tempatnya sangat nyaman, pelayanannya ramah dan miminnya asik asik, harganya murah dan sangat worth it, dana pelajar banget, sangat cocok buat pelajar yang mau nongkrong🤩",2024-07-20T14:35:27.692Z,Riza Zikri,105007803412836442400,False,0,id,2026-05-04T16:21:53.213736
ChdDSUhNMG9nS0VJQ0FnSURyMjVMUG1RRRAB,ChIJpShbT94vby4RLkJPJpiFHTo,DIMSUM HIRO - MAJALENGKA,Majalengka,Nongkrong,1,Kapok lma bngt playanan nya nunggu 1jam lbih yg di pesen jga sdikit pdhl lgi ga bnyk yg beli tpi lma bngt,2024-07-20T13:31:53.664Z,Lia Ambarwati,103705949702962661269,False,1,id,2026-05-04T16:21:53.213760
ChZDSUhNMG9nS0VJQ0FnSURydU9XVVZnEAE,ChIJpShbT94vby4RLkJPJpiFHTo,DIMSUM HIRO - MAJALENGKA,Majalengka,Nongkrong,4,"Dumsumnya enak, tipe yang banyak dagingnya. Kemarin pesan yang kukus dan goreng, untuk yang goreng too oily jadi cukup greasy saat dimakan.

Saya juga pesan kimbab mentai, saus mentainya ada rasa asam dan pedasnya. Pretty good untuk yang suka rasa asam.

Terkahir pesan croffle caramel. Topping caramel, taburan palm sugar, dan irisan kacang almondnya cukup banyak. Tetapi untuk adonanya belum matang sampai dalam, saat dimakan masih sedikit berasa adonan tepungnya.",2024-07-14T12:51:18.114Z,Kyntan Palupi,102471200640793152211,True,1,id,2026-05-04T16:21:53.213770
ChdDSUhNMG9nS0VNdTdqOWU5cGFLRXRnRRAB,ChIJwWOYl00pby4RbLMQj7yOBv8,Nangkring Kadipaten,Majalengka,Nongkrong,5,"Cocok untuk kumpul keluarga ataupun kumpul bareng teman , suasana cukup nyaman, makanan lumayan enak, tapi untuk tempat aga nyempil. Tidak semua orang tau kecuali udah pernah kesini atau udah langganan.",2025-05-27T11:21:53.399Z,desi rosida,100727114782745655092,True,0,id,2026-05-04T16:21:53.213782
ChZDSUhNMG9nS0VNbUZrb2o1bk1iQUd3EAE,ChIJwWOYl00pby4RbLMQj7yOBv8,Nangkring Kadipaten,Majalengka,Nongkrong,4,"Lumayan enak, saya tidak kapok makan disini",2025-05-08T07:17:05.438Z,kusmiyati yumi,116841805821653396438,False,0,id,2026-05-04T16:21:53.213818
ChZDSUhNMG9nS0VJQ0FnTUNvN3J6OFV3EAE,ChIJwWOYl00pby4RbLMQj7yOBv8,Nangkring Kadipaten,Majalengka,Nongkrong,5,"Makanannya enak ,pelayanan nya cepat 👏",2025-04-17T05:17:27.589Z,anggi Yuliya citra,100867873794179123628,False,1,id,2026-05-04T16:21:53.213851
ChZDSUhNMG9nS0VJQ0FnTUR3a05UZENREAE,ChIJwWOYl00pby4RbLMQj7yOBv8,Nangkring Kadipaten,Majalengka,Nongkrong,5,"Layanan nya suka banget 🩵 makanan nya enak enak, tempat nya bersih ga liat lalat satu pun 🫣🩷",2025-03-22T18:22:00.155Z,Eli Komalasari,104271975045457316817,False,0,id,2026-05-04T16:21:53.213884
ChZDSUhNMG9nS0VJQ0FnTUNBX3J1VUdnEAE,ChIJwWOYl00pby4RbLMQj7yOBv8,Nangkring Kadipaten,Majalengka,Nongkrong,5,Sempat mampir sebentar buat meeting sambil mudik ke tasik,2025-02-01T09:53:17.327Z,Reza Kusuma,111301470132985654578,True,0,id,2026-05-04T16:21:53.213902
ChZDSUhNMG9nS0VJQ0FnSUN2LXF1TWR3EAE,ChIJwWOYl00pby4RbLMQj7yOBv8,Nangkring Kadipaten,Majalengka,Nongkrong,5,"Cocok untuk bersantai setelah lelah bekerja, ada karaoke dan varian menu makanan yang banyak. Tempatnya luas dan bersih.",2024-12-10T10:33:19.509Z,Naufal Albantany,115692843308658590557,True,0,id,2026-05-04T16:21:53.213961
ChZDSUhNMG9nS0VJQ0FnSURQN28zNlV3EAE,ChIJwWOYl00pby4RbLMQj7yOBv8,Nangkring Kadipaten,Majalengka,Nongkrong,4,"Dari luar keliatannya kecil karena berada di samping minimarket, tapi ternyata di dalamnya luas. Tempat duduknya ada banyak jenis.
Terdapat ruangan VIP bisa dipakai rapat untuk 6-8 orang, bisa sewa proyektornya juga. Di luarnya ada tempat karaoke, cuma sayangnya area karaoke dekat dengan ruang VIP jadi suara orang nyanyi terdengar jelas di ruangan.
Menu makanan dan minuman cukup bervariasi dan harganya terjangkau. Rasa cukup oke.",2024-12-02T13:28:02.812Z,shelly sk,103744151260555212021,True,0,id,2026-05-04T16:21:53.213970
ChdDSUhNMG9nS0VJQ0FnSUR6bGVXaTJ3RRAB,ChIJpShbT94vby4RLkJPJpiFHTo,DIMSUM HIRO - MAJALENGKA,Majalengka,Nongkrong,5,"Woii, Telur gulung By Hiro nya harus cobain!",2024-06-11T07:38:12.263Z,kirst Kosch,104383783311605694213,False,0,id,2026-05-04T16:21:53.213979
ChZDSUhNMG9nS0VJQ0FnSUR6bGNXeE13EAE,ChIJpShbT94vby4RLkJPJpiFHTo,DIMSUM HIRO - MAJALENGKA,Majalengka,Nongkrong,5,Resto Terlengkapp guyss,2024-06-11T07:36:44.790Z,Akun Kesatu,101795041977833485156,False,0,id,2026-05-04T16:21:53.213989
ChdDSUhNMG9nS0VJQ0FnSURUby1icS1nRRAB,ChIJpShbT94vby4RLkJPJpiFHTo,DIMSUM HIRO - MAJALENGKA,Majalengka,Nongkrong,5,"Bayangkan kamu makan dimsum yang rasanya luarbiasa sampai susah untuk di bayangkan, ah disinilah makan dimsum reel lezat maknyus",2024-05-27T07:52:41.255Z,Samsul Maarif,100791974752073083348,False,0,id,2026-05-04T16:21:53.214019
ChZDSUhNMG9nS0VJQ0FnSUNUZ2FPV0tnEAE,ChIJpShbT94vby4RLkJPJpiFHTo,DIMSUM HIRO - MAJALENGKA,Majalengka,Nongkrong,5,"Dimsum nya the best, Ayam gepreknya juara sekaiii",2024-05-15T13:26:22.550Z,Mar Thea,106666426433780041065,False,0,id,2026-05-04T16:21:53.214034
ChdDSUhNMG9nS0VJQ0FnSUNUZ1pYcnh3RRAB,ChIJpShbT94vby4RLkJPJpiFHTo,DIMSUM HIRO - MAJALENGKA,Majalengka,Nongkrong,5,Aku suka banget kumis namanya gede,2024-05-15T13:14:48.636Z,kirana labiba,104495450244007228332,False,0,id,2026-05-04T16:21:53.214042
Ci9DQUlRQUNvZENodHljRjlvT25kR1h6UXRjMGRGTTJkWFVIVjVlVGh2Tldaa05IYxAB,ChIJpZckhEclby4RWf04oZ_ZfRU,Kopi Kenangan - Ruko Capital Point Majalengka,Majalengka,Nongkrong,3,"Lama, padahal gak ngantri",2026-01-02T05:27:10.360Z,Setiawan 17,109216258842550388843,False,0,id,2026-05-04T16:21:53.214093
Ci9DQUlRQUNvZENodHljRjlvT25rMlkzQkNhMjlHU3pKSVZVNUdWbDlQTkRaelRsRRAB,ChIJpZckhEclby4RWf04oZ_ZfRU,Kopi Kenangan - Ruko Capital Point Majalengka,Majalengka,Nongkrong,1,"Pelayanan nya sangat kecut, kalah sama tukang parkir nya ramah",2025-11-29T06:39:05.325Z,Deri Iman,107619502346950121714,False,0,id,2026-05-04T16:21:53.214127
Ci9DQUlRQUNvZENodHljRjlvT25KamFHOUplVmhSU2xNeldFVnBjMjlZVkZaelZXYxAB,ChIJpZckhEclby4RWf04oZ_ZfRU,Kopi Kenangan - Ruko Capital Point Majalengka,Majalengka,Nongkrong,5,Ini wifinya kenapa ya gada pw nya tapi gabisa login malah login ke web kopken,2025-11-10T09:07:31.184Z,Moch Firman Romdhoni,118333951564869313117,False,0,id,2026-05-04T16:21:53.214145
Ci9DQUlRQUNvZENodHljRjlvT21OclIzaHFPR2xWUW10Q09FdE9TemR6UjNaVmNWRRAB,ChIJpZckhEclby4RWf04oZ_ZfRU,Kopi Kenangan - Ruko Capital Point Majalengka,Majalengka,Nongkrong,1,"Pelayanan SANGAT LAMA, barusan pesen cuman 1 kopi aja antrinya lama. Semua pada tanya orderan kok belum selesai2
Mohon harusnya kalau banyak yg komplain seperti ini segera diperbaiki tingkat pelayanan dan ketepatan nya
Tempat sudah di ruko yg sangat bagus tapi kenapa kok seperti ini?
Semoga SANGAT MEMBANTU kritik dan saran dari kami",2025-10-24T14:14:29.224Z,MM,113428378243341459973,False,0,id,2026-05-04T16:21:53.214158
Ci9DQUlRQUNvZENodHljRjlvT25KaE5GcFpUVFozWm5abGNsbG9RbTl0TlMxTk9FRRAB,ChIJpZckhEclby4RWf04oZ_ZfRU,Kopi Kenangan - Ruko Capital Point Majalengka,Majalengka,Nongkrong,1,"Baristanya kampungan, gak ramah",2025-10-08T03:44:07.145Z,Adi Iswanto,110788711249425287976,False,0,id,2026-05-04T16:21:53.214177
Ci9DQUlRQUNvZENodHljRjlvT21aalFsWndXR1ZZVFVvek0wdHVWa2h5ZEdsalJVRRAB,ChIJpZckhEclby4RWf04oZ_ZfRU,Kopi Kenangan - Ruko Capital Point Majalengka,Majalengka,Nongkrong,2,"Pesanan dan barang yang datang tidak sesuai
Pelayaanan tidak mengenakan
Mungkin bisa jadi perbaikan kedepannya",2025-10-07T09:34:24.416Z,Blqs,103729410116242017128,True,0,id,2026-05-04T16:21:53.214187
ChdDSUhNMG9nS0VJQ0FnSUNYdmR6NXlBRRAB,ChIJwWOYl00pby4RbLMQj7yOBv8,Nangkring Kadipaten,Majalengka,Nongkrong,3,"Dateng kesini pas malming, cukup ramai dan ada live musicnya juga, menu cukup bervarian tapi sayangnya pas saya dateng kesini menunya pada habis 😢",2024-10-19T17:14:52.209Z,Reni Marlina,107327385839347292646,True,0,id,2026-05-04T16:21:53.214213
ChZDSUhNMG9nS0VJQ0FnSUNuMnZ5d0t3EAE,ChIJwWOYl00pby4RbLMQj7yOBv8,Nangkring Kadipaten,Majalengka,Nongkrong,5,"Mantap, makanan, pelayanan dan tempat VIP Room nya ok banget 👌",2024-09-25T05:31:45.864Z,Elda Dheiva Amelinda,104233905283085780933,True,1,id,2026-05-04T16:21:53.214262
ChdDSUhNMG9nS0VJQ0FnSURIcjZpbTFBRRAB,ChIJwWOYl00pby4RbLMQj7yOBv8,Nangkring Kadipaten,Majalengka,Nongkrong,5,"Ada banyak jenis makanan yg dapat kita pilih. Harga terjangkau. Para pegawai ramah, suasana resto nyaman. Dan lokasi sangat straregis. Tetap pertahankan!",2024-09-21T03:43:42.183Z,Adholfina,100568836982912330442,True,0,id,2026-05-04T16:21:53.214271
Ci9DQUlRQUNvZENodHljRjlvT21NNVVTMTFkbnBtZEVKU1NrdERXblp5YkVWU1JGRRAB,ChIJYVLqMlwnby4RsSVJWgn89W4,Rumah Jagawalungan Majalengka,Majalengka,Nongkrong,5,"tempatnya nyaman, makanan enak sebetulnya, cuma udah 2x kesini suka pas banget ada aki2 yg gatau siapa, yg pertama dia keluar kamar mandi gapake baju (agak gimana gituh kan kita lagi makan) mana ngeliatin mulu, terus yg terakhir masih aki2 yg sama pas aku mau bayar ngeliatin mulu mana bolak balik masuk ke tempat bikin kopi, penampilannya sih gak kayak karyawan gatau siapa.",2026-04-23T14:20:36.296Z,Susi Susanti,107242686387063766704,False,0,id,2026-05-04T16:21:53.214296
Ci9DQUlRQUNvZENodHljRjlvT21OMmRqVkhXRVpUYm1aSVJURjVVMUJWVlVwQ1lXYxAB,ChIJYVLqMlwnby4RsSVJWgn89W4,Rumah Jagawalungan Majalengka,Majalengka,Nongkrong,5,"Tempat nya enak buat nenangin diri, tempat healing terbaik sambil ngopi2, makanan the best pokok nya",2026-04-09T10:54:16.725Z,Muhammad Megan Lokeswara,117579833434295406561,False,0,id,2026-05-04T16:21:53.214311
Ci9DQUlRQUNvZENodHljRjlvT21VelEyOTROVmxKYkVWTmRsaDJaSEJ0TXpOQ1ZHYxAB,ChIJYVLqMlwnby4RsSVJWgn89W4,Rumah Jagawalungan Majalengka,Majalengka,Nongkrong,5,"Cukup baik,tapi untuk tempat kendaraan harus lebih luas lagi dan rapih",2026-03-30T03:23:02.607Z,Fajrul Falah Ramadhan,100393290254588910918,False,0,id,2026-05-04T16:21:53.214320
Ci9DQUlRQUNvZENodHljRjlvT2tSTmMxSkhWRGxpZVRWVlpqQXllbkZTY2toamFIYxAB,ChIJYVLqMlwnby4RsSVJWgn89W4,Rumah Jagawalungan Majalengka,Majalengka,Nongkrong,1,"Ga banget pokoknya ga bangetttt, pdhl udh reservasi TPI makanan Dateng telat dan itu lama bngtttttt 😭 pokonya cukup sekali aja masih bnyk yg hrs d perbaiki dari makanan nya juga",2026-03-09T05:16:59.485Z,it's me Shin,114787644394208800473,False,0,id,2026-05-04T16:21:53.214332
Ci9DQUlRQUNvZENodHljRjlvT2kxT1gySkZhVGwzU21GTlFWOXRlSEpqTm5CaGJHYxAB,ChIJYVLqMlwnby4RsSVJWgn89W4,Rumah Jagawalungan Majalengka,Majalengka,Nongkrong,1,"nasi nya keras, kesalahan jumlah pesanan harusnya tanggung jawab cafe tapi tetap bayar",2026-03-09T00:42:55.957Z,moonaplume,108480337809505067327,False,0,id,2026-05-04T16:21:53.214343
Ci9DQUlRQUNvZENodHljRjlvT25BM1dFeFdhMkp2Vld4YWJVODRRWGN0U1Y5RFQyYxAB,ChIJYVLqMlwnby4RsSVJWgn89W4,Rumah Jagawalungan Majalengka,Majalengka,Nongkrong,1,"mohon maaf pelayanan kurang, makanan yang datang telat minuman juga sama. keburu mood hilang",2026-03-09T00:26:49.142Z,Yogi Nugraha,102917481367751447379,False,0,id,2026-05-04T16:21:53.214355
Ci9DQUlRQUNvZENodHljRjlvT2toaWFqaHhXSGxZUVVab2JtWTRhVkpaYjFGS2FrRRAB,ChIJYVLqMlwnby4RsSVJWgn89W4,Rumah Jagawalungan Majalengka,Majalengka,Nongkrong,1,pelayanan yang kurang,2026-03-09T00:24:24.767Z,Fy16,110084499684137204907,False,0,id,2026-05-04T16:21:53.214364
Ci9DQUlRQUNvZENodHljRjlvT25VNVVrcGxUVGxYVEdabFJVcFNlRjk1TUV4bVVFRRAB,ChIJYVLqMlwnby4RsSVJWgn89W4,Rumah Jagawalungan Majalengka,Majalengka,Nongkrong,1,Makanan dan pelayanan sangat buruk,2026-03-09T00:20:35.999Z,Asep Supriatna,112100263070931369263,False,0,id,2026-05-04T16:21:53.214374
Ci9DQUlRQUNvZENodHljRjlvT2tSc1QxRjNTRk5IT1RkMk5ubFBNbUprV0VRelFtYxAB,ChIJYVLqMlwnby4RsSVJWgn89W4,Rumah Jagawalungan Majalengka,Majalengka,Nongkrong,5,"Layanan dan sajiannya cukup memukau. Pesan Sei Sapi yang katanya menu populer, rasanya overall menggugah, hanya tekstur dagingnya agak kurang empuk, tapi masih enak. Secara lokasi sangat nyaman, alami, dan jauh dari hiruk pikuk kota.",2026-02-21T06:31:41.160Z,Muhammad Alif Fathullah,103519914942518878876,True,0,id,2026-05-04T16:21:53.214390
Ci9DQUlRQUNvZENodHljRjlvT2tvNFozcExhMEZoWVhFM1ZsOUtXRXBKYzB0c1kwRRAB,ChIJYVLqMlwnby4RsSVJWgn89W4,Rumah Jagawalungan Majalengka,Majalengka,Nongkrong,5,Kopi legit nya the best👍,2025-11-06T01:02:26.792Z,Erna Rosliani,110139547848860130367,True,0,id,2026-05-04T16:21:53.214429
Ci9DQUlRQUNvZENodHljRjlvT2s1V2EyRmFhbWw0Vms4NWRESXdWWEJ1YzFVeE1WRRAB,ChIJYVLqMlwnby4RsSVJWgn89W4,Rumah Jagawalungan Majalengka,Majalengka,Nongkrong,1,Makanan tidak bisa di nikmati,2025-09-27T13:42:09.567Z,zika gaming,102896201691718950151,False,0,id,2026-05-04T16:21:53.214439
Ci9DQUlRQUNvZENodHljRjlvT2xSUFpXbzFSME5RV2xsSU1rOUhlRU4zUkhReGJFRRAB,ChIJYVLqMlwnby4RsSVJWgn89W4,Rumah Jagawalungan Majalengka,Majalengka,Nongkrong,5,Pangsitnya juraaaa.. makanan nya enak enak dan muraaah🥹🥹..,2025-09-18T14:37:40.983Z,Pringga Fitradi Triputra,111794833357651100500,True,0,id,2026-05-04T16:21:53.214456
Ci9DQUlRQUNvZENodHljRjlvT2pkS1ZGWmlMWGQyWDBNMFJtbEhOVFJ0U2pjMWVGRRAB,ChIJYVLqMlwnby4RsSVJWgn89W4,Rumah Jagawalungan Majalengka,Majalengka,Nongkrong,5,"tempat ngopi pinggir sungai, makanannya enak, harganya ramah di kantong",2025-09-03T01:20:17.328Z,imas Badriyah,118384988393835167723,True,0,id,2026-05-04T16:21:53.214473
Ci9DQUlRQUNvZENodHljRjlvT2t3M09XZDNValZ2V1VzemRsVmhibTR6VDE4ME4wRRAB,ChIJYVLqMlwnby4RsSVJWgn89W4,Rumah Jagawalungan Majalengka,Majalengka,Nongkrong,4,Banyak sekali pilihan menu dari makanan n minumanya,2025-06-17T11:17:26.230Z,Asep Cucu Suhara,107568068504666743984,True,0,id,2026-05-04T16:21:53.214506
ChZDSUhNMG9nS0VPZWk5N0xTdDVMRER3EAE,ChIJYVLqMlwnby4RsSVJWgn89W4,Rumah Jagawalungan Majalengka,Majalengka,Nongkrong,5,"Pokoknya best lah untuk bersantai menikmati alam dengan kopi dan makanan yang ada disini untuk harganya pertengahan tidak terlalu murah tidak terlalu mahal juga jangan lupa untuk coba menu nasi goreng kampung disini enak bangetttttt pertama kali Nemu nasi goreng kampung yang enak dari segi rasa pas dan topping ya juga lebih banyak dari yang lain karena ditambah sate 2 tusuk yang jadi makanan ini best untuk dicoba untuk fasilitas disini juga lengkap ada toilet, tempat karaoke di lantai dua free wifi dan ada musholla di samping kalo kalian mau kesini waktu yang pas dari jam 3 sore sampai jam 6 waktu yang pas lah menikmati sore hari untuk bersantai karena kalo jam 6 waktu udah gelap disini banyak nyamuk jadi rekomendasi waktu sebelum gelap aja supaya bisa menikmati suasana yang tenang",2025-05-17T08:54:38.646Z,Tri Nuryanto,117961163698076360287,True,0,id,2026-05-04T16:21:53.214522
ChdDSUhNMG9nS0VJQ0FnTUNJcFpId2pnRRAB,ChIJYVLqMlwnby4RsSVJWgn89W4,Rumah Jagawalungan Majalengka,Majalengka,Nongkrong,1,"Sudah lama menunggu, begitu datang masakannya tidak ada sendok, dan harus menunggu lagi padahal tamu nya cuman saya  sekeluarga 4 orang dewasa dan anak"".,",2025-04-03T13:43:33.862Z,Mul Yana,115058151149842076371,False,0,id,2026-05-04T16:21:53.214531
ChdDSUhNMG9nS0VJQ0FnSUQzdmJtM3VBRRAB,ChIJYVLqMlwnby4RsSVJWgn89W4,Rumah Jagawalungan Majalengka,Majalengka,Nongkrong,4,"Tempatnya sangat nyaman, namun perlu diperhatikan mengenai lalat, karena lokasi pinggir sungai. Diperlukan alat pengusir lalat, atau lainnya agar pengunjung nyaman..
Makanannya enak sesuai harga.
Wajib coba bersama pasangan kalo kesini.
Fasilitas lengkap ada lesehan, tempat karaoke..",2024-11-18T02:48:52.049Z,Kia Tama,101143641597863252201,True,0,id,2026-05-04T16:21:53.214583
ChdDSUhNMG9nS0VJQ0FnSURueHNESTlBRRAB,ChIJYVLqMlwnby4RsSVJWgn89W4,Rumah Jagawalungan Majalengka,Majalengka,Nongkrong,5,"Akses jalan menuju lokasi rusak ,gelap dan sepi",2024-10-05T09:18:03.108Z,nanang sugandi,114997866836336121678,True,0,id,2026-05-04T16:21:53.214600
ChdDSUhNMG9nS0VJQ0FnSURuc056a3Z3RRAB,ChIJYVLqMlwnby4RsSVJWgn89W4,Rumah Jagawalungan Majalengka,Majalengka,Nongkrong,5,Tempatnya syahdu sekali,2024-10-02T09:03:06.912Z,Kiki Muhamad Mudzakir,109739262754586204421,True,0,id,2026-05-04T16:21:53.214621
ChZDSUhNMG9nS0VJQ0FnSUNuOF9YUFF3EAE,ChIJYVLqMlwnby4RsSVJWgn89W4,Rumah Jagawalungan Majalengka,Majalengka,Nongkrong,5,Enakeun sampe malem nih nongkrong disinih,2024-09-29T19:36:45.362Z,Rizki Fadilah Nugraha,115206360314976598813,True,0,su,2026-05-04T16:21:53.214630
Ci9DQUlRQUNvZENodHljRjlvT2pCWWIxWmZkREp5TkRGWFNVZHFVMmg1TkdaWVNHYxAB,ChIJv8tJJeEvby4Ro8NXO17pVAs,Salad Yook Majalengka,Majalengka,Nongkrong,5,"Datang kesini untuk sarapan,menu sarapannya ternyata sangat recommended.Buah buahannya yang seger,apalagi chiken teriyaki nya duhh enakk nyooo🫰🏻 Pelayanannya juga ramah sekali,sukaa sekali kalau disambut dengan senyuman⭐⭐⭐⭐⭐
Ditambah lagi sama suasananya yang cukup adem yaa karena dibawah pohon rindang🤗",2026-05-01T09:25:40.816Z,h.nifuji,117059434461353636447,True,0,id,2026-05-04T16:21:53.214647
Ci9DQUlRQUNvZENodHljRjlvT20wNGJFOVljVFkwYlhsS1gwRXpaREZZWlcwd2NHYxAB,ChIJv8tJJeEvby4Ro8NXO17pVAs,Salad Yook Majalengka,Majalengka,Nongkrong,4,Makanannya enak dan terjangkau,2026-04-30T07:43:09.576Z,Fiar,113035556163389898010,True,0,id,2026-05-04T16:21:53.214662
Ci9DQUlRQUNvZENodHljRjlvT21zM2RITldPSEJFUjNocGFYaG9SV3c0ZFRrNFRsRRAB,ChIJv8tJJeEvby4Ro8NXO17pVAs,Salad Yook Majalengka,Majalengka,Nongkrong,2,Saya beberapa kali beli salad dapat nya basi trus Kmren sempet beli jg sy komplen sm pelayan nya di jawab nya singkat,2026-04-12T10:38:49.627Z,Neneng Priyati Priyati,105694123204783333643,False,0,id,2026-05-04T16:21:53.214674
Ci9DQUlRQUNvZENodHljRjlvT21nd1Z6YzJVblF4WmxWVUxYVlBiblprTTBRdFJVRRAB,ChIJv8tJJeEvby4Ro8NXO17pVAs,Salad Yook Majalengka,Majalengka,Nongkrong,5,"Enakeun buat sarapan, makanannya juga cocok dan harganya murah. Mantap",2026-03-26T05:35:08.663Z,Bily Muhamad Fachri,110638485654920416481,True,0,su,2026-05-04T16:21:53.214683
Ci9DQUlRQUNvZENodHljRjlvT21rMFZHVTFVRlZKVUVSa1dHTlNhRzQ1V2tKNVVIYxAB,ChIJv8tJJeEvby4Ro8NXO17pVAs,Salad Yook Majalengka,Majalengka,Nongkrong,5,"selalu jd salad buah terfavorit di majalengka 😝💗 pernah nyoba sarapan disinii ternyata menu-menu nya kok enak2 semua ya??
- nasi kuning 9/10: nasi kuningnya enaak berbumbu dan wangii rempah. kondimen lainnya juga pas rasanyaa. sambelnya pliss enak bgtt cocok kali lah dimakan sm nasi.
- buah potong 10/10: of course wajibb dipesen krn ini seger2 bgtt fresh bgt???😍 loove it
- roti canai 7/10: enak but not special
- risol mayo 9/10: gendud-gendud plis?? kenyang bgt inii mah reall isinya telor smoke beef sm mayo nya itu enak bgtt kulitnya ga terlalu tebel.
- hot chocolate 9/10: duh ini mah udah pasti enaakk. ga terlalu manis dan rasa coklatnya juga “ada” bgtt. pecinta coklat panas plizz harus nyobaa

baruu bgt kmren pesen salad alfo nya ituu ih enak bgt lah ga pernah mengecewakan rasanya masih sama dan konsisten dari dulu saladnya selalu enaakk 🍈🍊🥝🍓🍎🥣",2026-03-18T13:42:33.340Z,shalma,105263426007911685681,True,0,id,2026-05-04T16:21:53.214693
Ci9DQUlRQUNvZENodHljRjlvT2toeVJXeFdWMTlEY1V4SlJrUkhhbGRrUzJ3M1kzYxAB,ChIJv8tJJeEvby4Ro8NXO17pVAs,Salad Yook Majalengka,Majalengka,Nongkrong,5,"Masakan cukup enak, variasi lumayan banyak, hanya saja kalau siang ada menu yang sudah kosong, suasana nyaman.",2026-01-25T07:30:03.488Z,Ari K Santayuda,101355922606908047602,True,0,id,2026-05-04T16:21:53.214727
Ci9DQUlRQUNvZENodHljRjlvT25GUVVGQTJlRzV4YTIxdWRDMTJhV1ZSZDE5dU1sRRAB,ChIJv8tJJeEvby4Ro8NXO17pVAs,Salad Yook Majalengka,Majalengka,Nongkrong,5,"Suasana nyaman untuk sarapan pagi, masakan enak dan harga ramah di kantong, pelayanan super ramah",2026-01-20T14:41:46.064Z,Bagoes Dwi Prasodjo,105564822900127673785,True,0,id,2026-05-04T16:21:53.214737
Ci9DQUlRQUNvZENodHljRjlvT2pFM2J6TkJSa0ZpWkV4Mk5uRnROVUl4YlZRd1RrRRAB,ChIJv8tJJeEvby4Ro8NXO17pVAs,Salad Yook Majalengka,Majalengka,Nongkrong,5,Makanannya enak banget jempol deh,2026-01-15T03:00:49.010Z,ottonk arith,105496584405026564776,True,0,id,2026-05-04T16:21:53.214748
Ci9DQUlRQUNvZENodHljRjlvT2xWTWNXVTViM001YUZOWFIxSkJhVXhJTVhOdlNXYxAB,ChIJv8tJJeEvby4Ro8NXO17pVAs,Salad Yook Majalengka,Majalengka,Nongkrong,4,sangt nymn untuk main berdua buat nytai nytai,2026-01-05T04:56:25.349Z,Almuhq,103248612013108661242,True,0,id,2026-05-04T16:21:53.214758
ChdDSUhNMG9nS0VJQ0FnSURSbU5EOWxRRRAB,ChIJv8tJJeEvby4Ro8NXO17pVAs,Salad Yook Majalengka,Majalengka,Nongkrong,5,"tempatnya enak buat nongkrong, varian saladnya banyak pilihan cocok buat anak2 atw dewasa",2026-01-01T01:17:42.262Z,Dede Abu Wizdan,105143159535719973326,True,1,id,2026-05-04T16:21:53.214767
Ci9DQUlRQUNvZENodHljRjlvT2tsT1pubEhMVGxhTWxKT2NYQjJZVVZWVFhsQlYyYxAB,ChIJv8tJJeEvby4Ro8NXO17pVAs,Salad Yook Majalengka,Majalengka,Nongkrong,5,"Bener bgtt makanan nya Taste good Feel good, Mantapp poll 😻selain itu tempatnya cozy, aesthetic pula. Kebetulan aku ke sana sore jdi adem bgtt",2025-12-08T03:47:45.476Z,upil lipu,111986797557120685592,False,0,id,2026-05-04T16:21:53.214792
Ci9DQUlRQUNvZENodHljRjlvT2xGTFYyOUpaM1pZUmpNMFJXOTFaRWxSZWpaVE0zYxAB,ChIJv8tJJeEvby4Ro8NXO17pVAs,Salad Yook Majalengka,Majalengka,Nongkrong,5,Aku suka bgt sama salad buahnya rasanya mantapp sesuai sama yang org2 bilang 🤩Aku sebenernya order online tapii aku beri ulasannya disini aja ehehe next nya mau cobain dateng langsung 😋,2025-11-30T13:31:51.491Z,Yoyoh Tunayah,114027622599352741960,False,0,id,2026-05-04T16:21:53.214818
Ci9DQUlRQUNvZENodHljRjlvT25semJVazRiSGh2TVc5VFFrWktUbGxtTkV0V2JVRRAB,ChIJv8tJJeEvby4Ro8NXO17pVAs,Salad Yook Majalengka,Majalengka,Nongkrong,5,"Seneng bgt akhirnya nyobaiin salad buah disini harganya juga pas banget, saus nya juga banyak pilihannya kalo inget jadi pengen balik lagi. Kayanya aku bakal beli lagi sih",2025-11-26T16:53:04.434Z,Sonia Jadik Gunawan,117142005180789336646,False,0,id,2026-05-04T16:21:53.214831
ChZDSUhNMG9nS0VJQ0FnSURIcVliUFV3EAE,ChIJYVLqMlwnby4RsSVJWgn89W4,Rumah Jagawalungan Majalengka,Majalengka,Nongkrong,5,"tempat ngopi yang cocok untuk singgah kalo lagi perjalanan patah hati, hahaha tempat ngopi jagawalungan cafe udah bikin betah berkali-kali, makasih yaaaaa",2024-09-17T14:35:31.150Z,Room Rais,115357646309722443906,False,0,id,2026-05-04T16:21:53.214841
ChdDSUhNMG9nS0VJQ0FnSUNIaTRiWWhnRRAB,ChIJYVLqMlwnby4RsSVJWgn89W4,Rumah Jagawalungan Majalengka,Majalengka,Nongkrong,5,"Kopi nya mantap, pemandangannya keren pinggir sungai, cocok banget buat kongkow bareng temen-teman  ☕️",2024-09-08T19:38:26.342Z,NAKAYOSHI GAKUIN,111307322693458464859,True,1,id,2026-05-04T16:21:53.214849
ChZDSUhNMG9nS0VJQ0FnSURieDRpZUxnEAE,ChIJYVLqMlwnby4RsSVJWgn89W4,Rumah Jagawalungan Majalengka,Majalengka,Nongkrong,5,"pelayanan nya ramah ramah sekali,,,😍😍😍",2024-08-10T00:10:34.335Z,Dicky Oktora,106210688566779407588,False,0,id,2026-05-04T16:21:53.214875
ChZDSUhNMG9nS0VJQ0FnSUNyaEpPdFRnEAE,ChIJYVLqMlwnby4RsSVJWgn89W4,Rumah Jagawalungan Majalengka,Majalengka,Nongkrong,4,Terletak di ring Road.. OK lah untuk melepas penat sejenak,2024-07-04T01:51:07.491Z,iWant,115911197160286154567,True,0,ms,2026-05-04T16:21:53.214886
ChZDSUhNMG9nS0VJQ0FnSURqbkxhcE9BEAE,ChIJYVLqMlwnby4RsSVJWgn89W4,Rumah Jagawalungan Majalengka,Majalengka,Nongkrong,4,"Tempatnya luas dan nyaman. Parkir lumayan, mushola ada juga. Pelayanan baik, penyajian makanan juga terhitung lumayan cepet ya. Rasa makanan enak, cuma takoyaki nya buat aku terlalu asin apalagi ditambah saos tomat. Untuk harga relatif ya…",2024-04-30T13:47:56.284Z,nisa wangsanegara,116330467843427134873,True,0,id,2026-05-04T16:21:53.214913
ChZDSUhNMG9nS0VJQ0FnSUNqMHBYLUZ3EAE,ChIJYVLqMlwnby4RsSVJWgn89W4,Rumah Jagawalungan Majalengka,Majalengka,Nongkrong,5,Semuanya nyaman dijagawalungan👍👍,2024-04-19T16:48:40.234Z,Hamba Allah,105297482717079463173,False,0,id,2026-05-04T16:21:53.214931
ChZDSUhNMG9nS0VJQ0FnSUNqMUt6d1FREAE,ChIJYVLqMlwnby4RsSVJWgn89W4,Rumah Jagawalungan Majalengka,Majalengka,Nongkrong,5,"Harus hari apa yaa biar tempat karoke yg di atas ngga di booking, perasaan tiap kesini selalu ada aja yg booking wkwkw, gw pengen nyanyi di atas heyy wkwk",2024-04-18T05:23:10.405Z,Rumput Tetangga,111953507309811383769,True,0,id,2026-05-04T16:21:53.214940
Ci9DQUlRQUNvZENodHljRjlvT2xCWVRYSXlVMmM1VXpJeWVsUTVXRmx3UzFkUFEzYxAB,ChIJv8tJJeEvby4Ro8NXO17pVAs,Salad Yook Majalengka,Majalengka,Nongkrong,5,Sudah tak terhitung singgah kesini.tpi kbnykn take a way nya.klu mkn dtmpt bru 4x.mknn minumnya enak2.plynnnya ramah dn tmptny ada indoor outdoor.,2025-09-02T14:27:35.942Z,ani Suciani,110549531621603032776,True,0,id,2026-05-04T16:21:53.214963
ChZDSUhNMG9nS0VJQ0FnSURpMGVicmF3EAE,ChIJv8tJJeEvby4Ro8NXO17pVAs,Salad Yook Majalengka,Majalengka,Nongkrong,5,"Saladnya dan jus nya juara enak banget, nasi kuning oke, bubur candil enak, cemilan-cemilannya oke banget dah pokoknyaa.
Ownernya ramah bin cantik pula, tempatnya nyaman😅",2025-07-26T06:00:00.328Z,Putri Gilang,106067161171690148944,False,0,id,2026-05-04T16:21:53.214989
Ci9DQUlRQUNvZENodHljRjlvT25FM1kwUlJSMjEwUW1kNGMwaGlhRkZTYTFoQ2QzYxAB,ChIJv8tJJeEvby4Ro8NXO17pVAs,Salad Yook Majalengka,Majalengka,Nongkrong,5,"Pisang goreng wijen, dimsum sama jus nya enak²😁👍🏻",2025-07-26T04:24:58.258Z,Ika Ratikah,110208766026878151293,True,0,id,2026-05-04T16:21:53.215001
ChdDSUhNMG9nS0VJQ0FnSURGMWRQUW93RRAB,ChIJv8tJJeEvby4Ro8NXO17pVAs,Salad Yook Majalengka,Majalengka,Nongkrong,5,Salad palace in da town!,2025-07-25T00:28:27.427Z,Pandu Rahadian,105994811576991786087,True,1,ha,2026-05-04T16:21:53.215011
Ci9DQUlRQUNvZENodHljRjlvT2w5bU5FcG9UVnB3TVdZNGIzUjNjWEJIZVZaVFoxRRAB,ChIJv8tJJeEvby4Ro8NXO17pVAs,Salad Yook Majalengka,Majalengka,Nongkrong,5,"Cafenya buka dari pagii.. cocok bgt buat sarapann, suasananya cozy cocok buat sambil kerja.
Iseng2 sambil gambar disini
Suskes terus salad yook 💕",2025-06-20T06:13:18.028Z,Andini Ulfah,115793187719574056296,True,0,id,2026-05-04T16:21:53.215034
ChdDSUhNMG9nS0VQclg4YmFlN09teGxBRRAB,ChIJv8tJJeEvby4Ro8NXO17pVAs,Salad Yook Majalengka,Majalengka,Nongkrong,5,Tempat asik buat sarapan,2025-06-14T12:02:41.456Z,ASSCo Komputer,114002117677431673763,True,0,id,2026-05-04T16:21:53.215043
ChdDSUhNMG9nS0VNajlzWWZqbFBxanpBRRAB,ChIJv8tJJeEvby4Ro8NXO17pVAs,Salad Yook Majalengka,Majalengka,Nongkrong,1,Makanannya harga mahal nasi kuning di luaran 7 ribuan dijual 10 ribuan bubur Candil beli di pasar 3 ribuan dijual 10 ribuan. Untuk rasa standar biasa aja cuma harga resto rasa kaki lima. Harusnya pengusaha itu buat slogan harga Kaki lima rasa bintang lima,2025-06-01T04:53:47.907Z,aisyah tama,105997262507583393217,True,0,id,2026-05-04T16:21:53.215059
ChZDSUhNMG9nS0VJcnFxc0RvbnRuQ1NREAE,ChIJv8tJJeEvby4Ro8NXO17pVAs,Salad Yook Majalengka,Majalengka,Nongkrong,5,"Bolak balik ke sini, ntah sarapan, wfa, atau cuma ambil take away salad/jus-nya. Sebagai orang luar kota yang pertama aku recommend ini, sih, kalau lagi pengen salad buah/jus enak dan worth it!!✨✨✨

Pudding kue-nya juga recommend bangett, sukak❤️",2025-05-13T08:25:24.005Z,sofia miranda,105278283966955619501,True,0,id,2026-05-04T16:21:53.215068
ChdDSUhNMG9nS0VNX0tsUGVOOU9hem93RRAB,ChIJv8tJJeEvby4Ro8NXO17pVAs,Salad Yook Majalengka,Majalengka,Nongkrong,5,"Menu sarapannya enak-enak semua, harganya termasuk murah dan sesuai juga isiannya gak pelit, tempatnya nyaman❤️",2025-05-13T04:46:37.732Z,nadya salsabilla,103033923558853676781,True,0,id,2026-05-04T16:21:53.215076
ChdDSUhNMG9nS0VJcm1qWWlicTRDSHlBRRAB,ChIJv8tJJeEvby4Ro8NXO17pVAs,Salad Yook Majalengka,Majalengka,Nongkrong,4,"""MAKAN SEHAT BISA SE-NYAMAN INI??!""
Lagi di Majalengka? Wajib mampir ke Salad Yoo - tempat makan cozy dengan vibe adem, estetik, dan pastinya menu sehat yang
NGGAK NGEBOHONGIN RASA!
Dari salad segar, smoothies kekinian, sampai camilan sehat, semua dibikin fresh & penuh cinta.
Cocok buat nongkrong, nugas, healing, atau me time.
Sekali ke sini, fix bakal balik lagi!
Lokasi: Salad Yook - Majalengka
Tag temen yang harus kamu ajak ke sini!
#SaladYoo #MajalengkaHits
#TempatMakanSehat #CaféMajalengka
#CozyPlaceMajalengka #HealthyFoodID #fypdong",2025-05-10T06:58:23.398Z,ceu mpoye,117422040624960523027,True,0,id,2026-05-04T16:21:53.215098
ChdDSUhNMG9nS0VJQ0FnTUNZdnN2UWpnRRAB,ChIJv8tJJeEvby4Ro8NXO17pVAs,Salad Yook Majalengka,Majalengka,Nongkrong,5,"Makanan nya enak semuaa. tempat nya cozy banget , pelayanan nya juga ramah ramah banget next mampir lagi sih kalo main ke majalengka",2025-05-04T16:05:20.143Z,Putra Renata,107622078825184418079,False,0,id,2026-05-04T16:21:53.215118
ChZDSUhNMG9nS0VJQ0FnTURvcnMyRFJ3EAE,ChIJv8tJJeEvby4Ro8NXO17pVAs,Salad Yook Majalengka,Majalengka,Nongkrong,5,"Tempatnya nyaman, soal rasa jangan diragukan lagu, fresh healthy. Selalu reapet order.",2025-04-25T02:39:11.959Z,Sindy Amalia,101142967693384556072,False,0,id,2026-05-04T16:21:53.215135
Ci9DQUlRQUNvZENodHljRjlvT2s5VFJuaHRVR052UzBSelNHVnVOMmR4V0ZSSFMzYxAB,ChIJY30txOIlby4RwXqpmwFSKg8,"MIE HUHAH ""BERLEVEL""",Majalengka,Nongkrong,2,"kecewa padahal langganan makan disini, tolong untuk station noodle diperhatikan lagi saat memproduksi mie, kenapa bisa ada benda asing di makanan seperti ini....             26 APRIL 2026",2026-04-26T21:43:42.475Z,Randy Eka Pratama,110676797914489160048,True,1,id,2026-05-04T16:21:53.215147
Ci9DQUlRQUNvZENodHljRjlvT2xONVpUVlJPRXhLTVhJeWJtUk9TbVZGZUhreVMyYxAB,ChIJY30txOIlby4RwXqpmwFSKg8,"MIE HUHAH ""BERLEVEL""",Majalengka,Nongkrong,5,"Tempatnya adem, harga murah, gak nunggu lama, rasa enak. Barakallahu fiikum",2026-03-29T08:03:34.659Z,Ilyas Ahmad,106077199178667668735,True,0,id,2026-05-04T16:21:53.215159
Ci9DQUlRQUNvZENodHljRjlvT2pkc1YyZ3diemQ2YnpCTWFUbFJiVE5MUWxFM2MyYxAB,ChIJY30txOIlby4RwXqpmwFSKg8,"MIE HUHAH ""BERLEVEL""",Majalengka,Nongkrong,2,makanannya enak tapi saya pesen udang keju malah di kasih nya mie rambutan,2026-03-19T15:15:30.826Z,Blacki 214,118190163783287659896,False,0,id,2026-05-04T16:21:53.215168
ChZDSUhNMG9nS0VJQ0FnSURfc183SEpREAE,ChIJY30txOIlby4RwXqpmwFSKg8,"MIE HUHAH ""BERLEVEL""",Majalengka,Nongkrong,5,"Tadi kesini lagi untuk kesekian kalinya dan alhamdulillah baru kali ini dapat mie yang masih panas, enak banget. Karna biasanya dapet yg agak dingin terus.
Selain mie nya yang enak, udang keju sama siomay dimsumnya juga ga kalah enak apalagi kalo ditambah sama saus.
Pelayanannya juga baik, makanan disajikan cukup cepat. Cuman untuk tempatnya menurut ku kurang nyaman, apalagi kalo lagi rame + banyak pengamen.",2026-02-08T09:06:33.516Z,NOVA,111320826156041428176,True,0,id,2026-05-04T16:21:53.215206
Ci9DQUlRQUNvZENodHljRjlvT25SbWNtbEpOREp1YURJeE4wbEhTVWxMYlZCUk5GRRAB,ChIJY30txOIlby4RwXqpmwFSKg8,"MIE HUHAH ""BERLEVEL""",Majalengka,Nongkrong,5,Sering mampir.. enk eminya..,2026-01-23T09:57:11.022Z,Awan Irawan,116377844880980497036,True,0,id,2026-05-04T16:21:53.215216
Ci9DQUlRQUNvZENodHljRjlvT2pkVUxXbFNhRU4xVTFaeFZFOUNjM2hSV0ZkMU9VRRAB,ChIJY30txOIlby4RwXqpmwFSKg8,"MIE HUHAH ""BERLEVEL""",Majalengka,Nongkrong,4,Makannya enak selalu fresh disajikan hangat dan panas,2026-01-06T09:10:27.299Z,Nugie Adhitiya sunandar,103712888789273672603,True,0,id,2026-05-04T16:21:53.215224
Ci9DQUlRQUNvZENodHljRjlvT2s1RWNEZFlabnBtYUY5cFNVaG5ZbXd4UTNCSlRIYxAB,ChIJY30txOIlby4RwXqpmwFSKg8,"MIE HUHAH ""BERLEVEL""",Majalengka,Nongkrong,5,Makanannya enak harganya terjangkau,2025-11-11T06:36:16.105Z,Alenna Queen,112189607120093016422,False,0,id,2026-05-04T16:21:53.215257
Ci9DQUlRQUNvZENodHljRjlvT2pCdWRFSkpjVFppWkhNMFNWTnNkRXhzZVZCNldVRRAB,ChIJY30txOIlby4RwXqpmwFSKg8,"MIE HUHAH ""BERLEVEL""",Majalengka,Nongkrong,2,"Rasa bisa bersaing sih sama brand sebelah, tapi saya gak suka kasirnya cuek bener sama pegawai cwo nya cungar cengir gak jelas terus yg cwo ngeliatin mulu lalu ketawa ketiwi orang yg ngomongin mah keliatan kok, perbaiki lagi pelayanannya",2025-10-28T11:06:49.311Z,Veilfie,111185971064999523914,True,0,id,2026-05-04T16:21:53.215265
Ci9DQUlRQUNvZENodHljRjlvT25Ob1JqRmxTazlwUWw5QlNEVXpha2MzT1Voa2NXYxAB,ChIJY30txOIlby4RwXqpmwFSKg8,"MIE HUHAH ""BERLEVEL""",Majalengka,Nongkrong,2,"Pelayanan lama, nunggu udah hampir sejam, padahal pesen duluan tapi orang yang pesen belakangan di duluin, kicik",2025-10-11T13:36:05.934Z,Maulana Dian risa,102497065359382051493,False,0,id,2026-05-04T16:21:53.215274
Ci9DQUlRQUNvZENodHljRjlvT25sblgweDRkVkZFZEhWNU9HOU9TazgxWlhvMmFFRRAB,ChIJY30txOIlby4RwXqpmwFSKg8,"MIE HUHAH ""BERLEVEL""",Majalengka,Nongkrong,5,"Tempat enak, makanannya juga enak saya makan disini bersama teman kerja.",2025-09-29T04:31:00.769Z,Slamet Riyadi,101709390045141205054,True,0,id,2026-05-04T16:21:53.215287
Ci9DQUlRQUNvZENodHljRjlvT2pWM1NtVmpSMEZMYVRSUWNrRXpaemg1VlZwV2MxRRAB,ChIJY30txOIlby4RwXqpmwFSKg8,"MIE HUHAH ""BERLEVEL""",Majalengka,Nongkrong,4,"Mienya seperti mie ayam biasa, cara pembeliannya mirip mie gacoan, lumayan enak",2025-09-17T22:23:13.751Z,Mohammad Mirzalianda,100819689893670342844,True,0,id,2026-05-04T16:21:53.215295
Ci9DQUlRQUNvZENodHljRjlvT2xnMExVc3pUSGRIZEVSMmRUZzVTVXhOTVhaTWRsRRAB,ChIJY30txOIlby4RwXqpmwFSKg8,"MIE HUHAH ""BERLEVEL""",Majalengka,Nongkrong,1,"Enak banget mie nya kalo pas taun lalu mah, sekarang beuh ga konsisten rasanya, kadang asin kadang manis banget,, udang keju nya apaan asin banget, yang bikinnya pengen kawin kah?",2025-09-07T11:32:26.063Z,Izmi Amaludin,110634103522572594219,False,0,id,2026-05-04T16:21:53.215304
Ci9DQUlRQUNvZENodHljRjlvT21oUk0zQTJkVXhMYjNWcVYyeFRUbmN6V210TGJHYxAB,ChIJd5ux8Ggvby4RnzDn6LXOe78,Humble Coffee,Majalengka,Nongkrong,5,Harganya terjangkou,2026-01-25T12:31:22.090Z,masroy Kct2,112633302987309262899,False,0,id,2026-05-04T16:21:53.215328
Ci9DQUlRQUNvZENodHljRjlvT21SRFVVMU5hWEpuWWpCemJubGFlREpOWVRORVVXYxAB,ChIJd5ux8Ggvby4RnzDn6LXOe78,Humble Coffee,Majalengka,Nongkrong,5,Pengalaman di sini Alhamdulillah pelayanan nya sangat baik dan saya sangat nyaman sekali terimakasih 🤗🙏,2025-11-22T04:51:39.105Z,Saroh Maesaroh,103537463996222515242,False,0,id,2026-05-04T16:21:53.215337
Ci9DQUlRQUNvZENodHljRjlvT2pGRldqQnhXVVZDVVhsM04xbDZWR2hSTW5Gc1ptYxAB,ChIJd5ux8Ggvby4RnzDn6LXOe78,Humble Coffee,Majalengka,Nongkrong,4,"Untuk harga masuk harga menengah ke bawah, suasana enak dan nyaman parkiran juga nyaman lebih banyak menu yang enak dan unik",2025-10-06T09:01:21.594Z,Dwi Cahyadi,107859146643221921728,True,0,id,2026-05-04T16:21:53.215347
Ci9DQUlRQUNvZENodHljRjlvT2xCc1pXWkVSVGxDZG1ORVJrdHJjell6WTBFMGFHYxAB,ChIJd5ux8Ggvby4RnzDn6LXOe78,Humble Coffee,Majalengka,Nongkrong,3,caffe resto nya enakeun pelayanan ramah dan mba mba baik,2025-09-30T02:40:46.300Z,alifia putri,103401301433165587099,False,0,su,2026-05-04T16:21:53.215356
Ci9DQUlRQUNvZENodHljRjlvT2xkUWRXSnlXa1l0YWxkRk9ETndkSGczTUVWQlkyYxAB,ChIJd5ux8Ggvby4RnzDn6LXOe78,Humble Coffee,Majalengka,Nongkrong,5,"The one and only cafe in kertajati.
Ada coffe dan non coffe serta cemilan, nuansa ornamen kayu jati, clasic namun kekinian ala cafe, pindahan dulu lokasinya di Majalengka kota, now in Kertajati",2025-08-10T03:46:00.311Z,Win Mtwn,116863309507614223508,True,1,id,2026-05-04T16:21:53.215372
Ci9DQUlRQUNvZENodHljRjlvT25wdU9IWmlOek5zY1habWFYaERaVWszVnpWSFVrRRAB,ChIJd5ux8Ggvby4RnzDn6LXOe78,Humble Coffee,Majalengka,Nongkrong,2,"Pelayanan tidak profesional, ketika pengunjung datang dan mulai duduk di tempat sampai 30 menitan tak ada satu pelayanpun yang menghampiri dan menanyakan mau memesan apa. Masa semua pengunjung harus langsung datang ke kasir ketika mau memesan ?.",2025-07-08T12:05:30.890Z,Tubagus Rangin,110357430184761232303,False,0,id,2026-05-04T16:21:53.215381
ChZDSUhNMG9nS0VJQ0FnSUNHa0xXTUJBEAE,ChIJd5ux8Ggvby4RnzDn6LXOe78,Humble Coffee,Majalengka,Nongkrong,5,Mantaf sudah hadir lagi,2025-04-13T23:48:50.141Z,abah gatot,117190197217815810026,True,0,id,2026-05-04T16:21:53.215409
ChdDSUhNMG9nS0VJQ0FnTURBbzRxRG5nRRAB,ChIJd5ux8Ggvby4RnzDn6LXOe78,Humble Coffee,Majalengka,Nongkrong,3,"Pelayanannya lama, sy datang di weekday yg tdk terlalu ramai dan pesan es teh manis..baru datang sktr 20 menit. Makanannya lebih lama lg. Rasa okelah tp utk harga cukup pricey, sate maranggi sapi 32k blm termasuk nasi ukurannya mungiill bgt.",2025-02-11T13:22:43.079Z,Karina Dwi,114975498910170048556,False,0,id,2026-05-04T16:21:53.215431
ChdDSUhNMG9nS0VJQ0FnSURUdDREdjlnRRAB,ChIJd5ux8Ggvby4RnzDn6LXOe78,Humble Coffee,Majalengka,Nongkrong,5,Baguss tempatny,2024-05-29T04:15:53.924Z,jery22,111132592000338227977,True,0,id,2026-05-04T16:21:53.215475
Ci9DQUlRQUNvZENodHljRjlvT2xkRVgyVjZaMnBNV2t4MWVqUkhTMDV0TUhOVlduYxAB,ChIJybV0hpY7by4RIN-TmbaGw2k,Istana Coffee & Eatery,Majalengka,Nongkrong,5,Enak tempat nya,2026-05-03T21:03:45.456Z,JONATHAN AGUSTIA RASULI,114604924318485652693,True,0,id,2026-05-04T16:21:53.215491
Ci9DQUlRQUNvZENodHljRjlvT21STFYweExUbmhtVEU5QmVqQldTMHBUTkhsVloxRRAB,ChIJybV0hpY7by4RIN-TmbaGw2k,Istana Coffee & Eatery,Majalengka,Nongkrong,5,"Akhirnya di daerah majalengka ada tempat makan yang asik banget untuk bawa anak dan keluarga. Sebelum makan, kalian bisa ajak anak-anak untuk bermain di mini zoo. Ada tempat untuk belajar berkuda juga yaa. Untuk tempat makannya di lantai 2. Makan sambil lihat pemandangan gunung. Ada mushola juga . Untuk makanan rasanya standar cukup enak dan harganya cukup terjangkau.",2026-04-14T21:44:15.668Z,lina marlina,114441480681174920323,True,0,id,2026-05-04T16:21:53.215501
Ci9DQUlRQUNvZENodHljRjlvT21aMmQxQXhOblZoVTNKcU9VSmpOa1l3WWtGRmJsRRAB,ChIJybV0hpY7by4RIN-TmbaGw2k,Istana Coffee & Eatery,Majalengka,Nongkrong,5,"Makanannya enak, pelayanannya juga ramah. Pokoknya kalo ke majalengka jangan lupa mampir ke istana coffe & Eatery ya.. rekomendeedd pokonyaa 👍🏻👍🏻",2026-01-19T05:39:36.811Z,Erni Rosmayanti,116087085036307638082,False,0,id,2026-05-04T16:21:53.215510
Ci9DQUlRQUNvZENodHljRjlvT2tsSlNGZEpSbEZaTFdWYWVEbFVjRFphYmxaaGNFRRAB,ChIJybV0hpY7by4RIN-TmbaGw2k,Istana Coffee & Eatery,Majalengka,Nongkrong,5,"Makanan dan minuman nya enak , apalagi matcha latte nya sama kopi istana nya 😍",2026-01-01T22:16:18.322Z,Ikhsan Kamil,117129671254764329013,False,0,id,2026-05-04T16:21:53.215519
Ci9DQUlRQUNvZENodHljRjlvT21OTlFXMXZXR0kzTVhGa1FYQTFhMkV3TXpseVIzYxAB,ChIJybV0hpY7by4RIN-TmbaGw2k,Istana Coffee & Eatery,Majalengka,Nongkrong,4,"Pas kesini weekday jadi ga terlalu rame kebetulan pas lagi ujan jugaa,cafe mewah dengan harga yang worth it cocok buat para keluarga cemara siii and cauple golss jgg soalny ke bner"" seru apalgi buat deeptalk smbil liat jalan raya🥺🤍",2025-10-16T04:09:37.078Z,Ririss,110377111511549369929,True,0,id,2026-05-04T16:21:53.215531
Ci9DQUlRQUNvZENodHljRjlvT21SdWNGTnZZbUZDV0RkdlYyTjFaRTR4T0ZSaU5IYxAB,ChIJybV0hpY7by4RIN-TmbaGw2k,Istana Coffee & Eatery,Majalengka,Nongkrong,3,layanan terlalu lama sampai menunggu 1 jam hingga makanannya sudah habis baru minumannya,2025-07-06T08:52:54.670Z,Zahira Jihan Talita,108843178140616829017,False,0,id,2026-05-04T16:21:53.215548
ChZDSUhNMG9nS0VJQ0FnTUNJcDYzZkpBEAE,ChIJybV0hpY7by4RIN-TmbaGw2k,Istana Coffee & Eatery,Majalengka,Nongkrong,5,"Friendly Staff, Great Coffee.",2025-04-05T05:57:31.914Z,Kamus Berjalan,110579610035123825106,True,0,en,2026-05-04T16:21:53.215568
ChdDSUhNMG9nS0VJQ0FnSURIMWF2ZHZ3RRAB,ChIJybV0hpY7by4RIN-TmbaGw2k,Istana Coffee & Eatery,Majalengka,Nongkrong,5,"Nyaman dan bersih tempatnya, enak untuk santai², pokonya kopi dan makannya juga the best, enak²banget,",2024-09-18T14:51:42.517Z,Muhammad Akbar,112274798433180737906,False,0,id,2026-05-04T16:21:53.215584
ChZDSUhNMG9nS0VJQ0FnSURIbGFPa1Z3EAE,ChIJybV0hpY7by4RIN-TmbaGw2k,Istana Coffee & Eatery,Majalengka,Nongkrong,5,"makanan minumannya enak”,tempatnya jg bersih dan nyaman , pokoknya rekomend bgtt🤩",2024-09-18T13:00:37.250Z,Tikaa Aullia,116904760847474216486,False,0,id,2026-05-04T16:21:53.215592
ChZDSUhNMG9nS0VJQ0FnSURIbGQzSFFBEAE,ChIJybV0hpY7by4RIN-TmbaGw2k,Istana Coffee & Eatery,Majalengka,Nongkrong,5,Nyaman dan bersih tempatnya enak untuk santai²adem pokonya+makannya juga thebest banget tidak gagal dalam hal makanan dan suasana nya juga pokonya mantull bangett dehh,2024-09-18T12:56:58.558Z,Ardi Agung,102776593679937455389,False,0,id,2026-05-04T16:21:53.215600
ChdDSUhNMG9nS0VJQ0FnSURIbGQzQnZRRRAB,ChIJybV0hpY7by4RIN-TmbaGw2k,Istana Coffee & Eatery,Majalengka,Nongkrong,5,"Untuk Caffe dan resto tempatnya bersih nyaman,pelayanan nya juga ramah² ,makanan nya juga enak² ,apalagi makanan dan minuman yang best seller nya the best pokonya🤩",2024-09-18T12:56:36.881Z,Gilang mubarok,114109187218863171263,False,0,id,2026-05-04T16:21:53.215611
ChZDSUhNMG9nS0VJQ0FnSURIbFkzSWZnEAE,ChIJybV0hpY7by4RIN-TmbaGw2k,Istana Coffee & Eatery,Majalengka,Nongkrong,5,"Rekomendasi tempat nongki di Majalengka sih, selain tempatnya yg cozy makanan nya juga murah dan enak-enak banget apalagi kopi susu arennya best bangett deh wajib bgt kalo ke Majalengka ke sini",2024-09-18T12:51:36.939Z,Anne Fitri Maelani,106366494854621092611,False,0,id,2026-05-04T16:21:53.215621
ChZDSUhNMG9nS0VJQ0FnSURIbGZXWUtnEAE,ChIJybV0hpY7by4RIN-TmbaGw2k,Istana Coffee & Eatery,Majalengka,Nongkrong,5,"Tempatnya bersih,suasananya juga adem dan pemandangannya sangat bagus,enak banget kalo buat liburan bareng keluarga.
Makanan dan minumannya juga enak🙏",2024-09-18T12:50:43.691Z,Rio Bae,103358426249404849181,False,0,id,2026-05-04T16:21:53.215635
ChdDSUhNMG9nS0VJQ0FnSURIbFpXb3RnRRAB,ChIJybV0hpY7by4RIN-TmbaGw2k,Istana Coffee & Eatery,Majalengka,Nongkrong,5,Coffee nya mantap pokoknya,2024-09-18T12:48:00.468Z,Muhammad surya Atmaja,110618076531420651732,False,0,id,2026-05-04T16:21:53.215649
ChdDSUhNMG9nS0VJQ0FnSURIbGNuZXNnRRAB,ChIJybV0hpY7by4RIN-TmbaGw2k,Istana Coffee & Eatery,Majalengka,Nongkrong,5,Makanan nya enak enak tempat nya bersih bersih apalagi coffe bes seler nya bikin rekomen banget,2024-09-18T12:38:38.006Z,Agil Rahman,115214469352726486388,False,0,id,2026-05-04T16:21:53.215666
ChdDSUhNMG9nS0VJQ0FnSURIbGJiLXFBRRAB,ChIJybV0hpY7by4RIN-TmbaGw2k,Istana Coffee & Eatery,Majalengka,Nongkrong,5,"Makanan dan minumannya enak sekali, best menu Iga Bakar & Kopi Gula aren",2024-09-18T12:20:34.417Z,Muchamad Iqbal (Balle),115921445098936829115,False,0,id,2026-05-04T16:21:53.215684
ChdDSUhNMG9nS0VJQ0FnSURIbGZxejhBRRAB,ChIJybV0hpY7by4RIN-TmbaGw2k,Istana Coffee & Eatery,Majalengka,Nongkrong,5,"Tempatnya bersih, fasilitasnya lengkap ada stable berkuda bagi yg mempunyai keluarga yg mau latihan berkuda tempatnya cocok banget  kemudian ada mini zoo dan  ada cafe/resto dan pemandangannya  bagus banget dgn background gunung ceremai cocok utk menghabiskan waktu dg keluarga",2024-09-18T12:13:56.123Z,Jamhur Hatta,107658042838538887267,False,0,id,2026-05-04T16:21:53.215699
ChdDSUhNMG9nS0VJQ0FnTURva3ZteG1BRRAB,ChIJv8tJJeEvby4Ro8NXO17pVAs,Salad Yook Majalengka,Majalengka,Nongkrong,5,"Makanan nya enak, tempat nya nyaman,",2025-04-23T10:25:20.410Z,mugiat moko,100103906786479130984,True,0,id,2026-05-04T16:21:53.215717
ChdDSUhNMG9nS0VJQ0FnTURROGN5SHNnRRAB,ChIJv8tJJeEvby4Ro8NXO17pVAs,Salad Yook Majalengka,Majalengka,Nongkrong,5,"Baru sempat kasih review. Semoga bisa bermanfaat.
Ini salah satu salad terenak yang ada di Majalengka, semua varian menunya enak banget salad puding the best pokoknya
Pelayanannya juga sangat amat ramah",2025-03-11T20:07:48.678Z,Afifah nafisah,116751861868637501414,True,0,id,2026-05-04T16:21:53.215734
ChZDSUhNMG9nS0VJQ0FnTURRak9pNVhREAE,ChIJv8tJJeEvby4Ro8NXO17pVAs,Salad Yook Majalengka,Majalengka,Nongkrong,4,"Banyak menunya tapi untuk salad cuma 2 agak skeptis ya dgn nama kedainya haha, oke lah but untuk org pecinta salad pertama kali dtg pasti nyari menu salad utamanya tapi menunya terbatas salad buah",2025-03-09T09:43:46.425Z,Win Mtwn,116863309507614223508,True,0,id,2026-05-04T16:21:53.215744
ChdDSUhNMG9nS0VJQ0FnTUNBeWRmMC1RRRAB,ChIJv8tJJeEvby4Ro8NXO17pVAs,Salad Yook Majalengka,Majalengka,Nongkrong,5,"Pokokna mah barudak kudu sarapan kadieu.
Dijamin pelayanan edan alus pisan.
Makanan dan minuman na moal gagal 👍",2025-02-02T02:23:27.749Z,Aris Putra,107496718649074700505,False,0,su,2026-05-04T16:21:53.215753
ChdDSUhNMG9nS0VJQ0FnSURmbWJmYWtBRRAB,ChIJv8tJJeEvby4Ro8NXO17pVAs,Salad Yook Majalengka,Majalengka,Nongkrong,5,"Tempatnya enak buat nongkrong, pelayanan ramah, makanannya juga enak2, harga terjangkau.",2025-01-08T04:59:07.575Z,Anggi Sekar Ananda,110489476488293977243,False,0,id,2026-05-04T16:21:53.215770
ChZDSUhNMG9nS0VJQ0FnSURmZ096dkpREAE,ChIJv8tJJeEvby4Ro8NXO17pVAs,Salad Yook Majalengka,Majalengka,Nongkrong,5,"Tempat sarapan rekomended di Majalengka
Menunya beragam dari mulai makanan berat (nasi kuning), cemilan goreng bakwan jagung, pisang goreng, candil, pastel, risol, dimsum dll pokoknya semua enak

Tempatnya kecil tapi adem bgt karena dibawah pohon dan banyak meja kursinya
Untuk harga murah meriah dan worth it dengan porsi makanannya",2025-01-03T06:43:37.221Z,Dhinny Setiawati,117441368409587313911,True,0,id,2026-05-04T16:21:53.215802
ChdDSUhNMG9nS0VJQ0FnSURqdmU3bXRRRRAB,ChIJd5ux8Ggvby4RnzDn6LXOe78,Humble Coffee,Majalengka,Nongkrong,5,malam hari gni ngopi sambil chill deket kolam adem,2024-05-06T16:39:50.550Z,Rreyalrifa,101906566074428827672,True,0,id,2026-05-04T16:21:53.215812
ChZDSUhNMG9nS0VJQ0FnSURqdXR5WVdREAE,ChIJd5ux8Ggvby4RnzDn6LXOe78,Humble Coffee,Majalengka,Nongkrong,4,"Malam kesitu ternyata banyak menu yg kosong, tp tempat luar biasa👍👍",2024-05-02T06:38:59.031Z,Ari Hermanto,109786128823709893297,True,0,id,2026-05-04T16:21:53.215821
ChZDSUhNMG9nS0VJQ0FnSUREZy1tRGRBEAE,ChIJd5ux8Ggvby4RnzDn6LXOe78,Humble Coffee,Majalengka,Nongkrong,1,Tanggal 14 April 2024 Coffe ini sudah berhenti beroperasi soal nya pas kesana sudah dijual ruko nyaaa🥲🥲🥲,2024-04-13T12:42:57.391Z,Villian Eka Pratiwi,105312504722059081625,False,0,id,2026-05-04T16:21:53.215830
ChdDSUhNMG9nS0VJQ0FnSUREa3BTMnB3RRAB,ChIJd5ux8Ggvby4RnzDn6LXOe78,Humble Coffee,Majalengka,Nongkrong,2,"pelayanan lama, makanan biasa aja dengan harga yang cukup mahal.",2024-04-07T12:13:18.482Z,Wira,101398476798671604237,False,0,id,2026-05-04T16:21:53.215849
ChZDSUhNMG9nS0VJQ0FnSURENHNQS2N3EAE,ChIJd5ux8Ggvby4RnzDn6LXOe78,Humble Coffee,Majalengka,Nongkrong,1,"pelayanan nya lama BANGET, saya sudah reservasi sebelumnya, emang disini full tapi yang namanya pelayanan hrus sudah bisa ngehandle apalagi saat bulan puasa orang"" harus segera berbuka ini belum dikasih minum, terus makanan nya datang lama bangett, ya wajar saja ngeburu"" karna 'lapar' terus katanya free takjil, tapi gak dikasih hahaha. biasanya ditempat lain yang rame sekalipun perasaan selalu TEPAT datang makanannya. yu bisa yu pelayanan nya di perbaiki",2024-04-07T11:30:43.532Z,silvi roffiana,104757527628601767268,False,0,id,2026-05-04T16:21:53.215985
ChdDSUhNMG9nS0VJQ0FnSUMxMFpfSnVBRRAB,ChIJd5ux8Ggvby4RnzDn6LXOe78,Humble Coffee,Majalengka,Nongkrong,5,americano black-nya mantabs..,2023-12-31T15:18:21.719Z,Beny Pinandita,110915241110687339342,True,0,id,2026-05-04T16:21:53.216072
ChZDSUhNMG9nS0VJQ0FnSURWdjg2ZFBBEAE,ChIJd5ux8Ggvby4RnzDn6LXOe78,Humble Coffee,Majalengka,Nongkrong,5,"Tempatnya nyaman, dan owner-nya humble sesuai dengan Nama Cafenya",2023-12-19T15:57:07.241Z,M Rizal Selamet,101174771630845789488,True,0,id,2026-05-04T16:21:53.216109
ChdDSUhNMG9nS0VJQ0FnSURWcC1EMDh3RRAB,ChIJd5ux8Ggvby4RnzDn6LXOe78,Humble Coffee,Majalengka,Nongkrong,5,"Tempatnya seru ...
Makanan nya enak..
Tapi porsi minumannya kurang banyak...
Kebersihan ok...",2023-12-17T14:23:10.130Z,Ugi Sugianto,102091244202277349957,True,1,id,2026-05-04T16:21:53.216123
ChZDSUhNMG9nS0VJQ0FnSUNsLWNyc05nEAE,ChIJd5ux8Ggvby4RnzDn6LXOe78,Humble Coffee,Majalengka,Nongkrong,5,"bbrpa kali ke humble suka bgt ama konsepnya. Btw swimming pools nya bisa dipake para customer ga si wkwkwkw

Kaka barista aka yudha semangat wkwkw",2023-11-23T06:45:00.323Z,Asep Sutendi,109488457146382006758,False,0,id,2026-05-04T16:21:53.216134
ChdDSUhNMG9nS0VJQ0FnSUNsem9ESWpnRRAB,ChIJd5ux8Ggvby4RnzDn6LXOe78,Humble Coffee,Majalengka,Nongkrong,1,"1jam nunggu,terpaksa tanya pelayan ,eh malah yg di pesan tak ada ... #ya agak gmn ya!!!!!!!!!!!!!!!!!!!!",2023-11-18T14:22:16.228Z,vindri meiliyanti,106411418349903502641,False,1,id,2026-05-04T16:21:53.216146
ChdDSUhNMG9nS0VJQ0FnSUM1MGRlQjNnRRAB,ChIJd5ux8Ggvby4RnzDn6LXOe78,Humble Coffee,Majalengka,Nongkrong,5,"Salah satu favorite cafe di Majalengka
Untuk makan sama minumannya oke bangett pilihan banyak untuk harga sekitar 20rb ke atas
Ada live musik tiap weekend
Tempatnya juga ada yg lesehan
Trs di dalem ada kolam renang barangkali mau renang trs diliatin sama pengujung cafe wkwkwk
Sbnrnya banyk tmpat duduk nya , ada banyak macem konsep juga
Cuma ini foto2 ps dateng keadaan mati lampu wkwkw gatau kenapa random bgt thtb listrik nya jegleg haha
Recommend ✌️",2023-10-15T02:06:51.842Z,Farid RM,102798414519493970053,True,0,id,2026-05-04T16:21:53.216176
ChZDSUhNMG9nS0VJQ0FnSURaenRtN1B3EAE,ChIJd5ux8Ggvby4RnzDn6LXOe78,Humble Coffee,Majalengka,Nongkrong,4,"Menunya oke, ada yang beda dari kafe lain.
Rasa sama harganya standar kafe kafe majalengka.
Harusnya menu Rosa quencher. Seger.
Tempatnya enak, nyaman. Mau duduk ada, mau lesehan juga ada.",2023-10-01T04:49:13.370Z,Tezar Pangestu,102974139719884615292,True,0,id,2026-05-04T16:21:53.216189
ChZDSUhNMG9nS0VJQ0FnSUNiN3AtUk13EAE,ChIJybV0hpY7by4RIN-TmbaGw2k,Istana Coffee & Eatery,Majalengka,Nongkrong,5,Tempatnya bagus banget.. Makanan dan minuman mantap..   Suasana syahdu..,2024-07-27T11:12:24.496Z,yopy tan,114374828100409557584,True,0,id,2026-05-04T16:21:53.216237
ChZDSUhNMG9nS0VJQ0FnSUNibEs3elF3EAE,ChIJybV0hpY7by4RIN-TmbaGw2k,Istana Coffee & Eatery,Majalengka,Nongkrong,5,"Suka kopi istananya, bikin no sugar klo yg kurang suka manis",2024-07-23T17:32:26.640Z,uci fazafik,109324208342810456771,True,0,id,2026-05-04T16:21:53.216251
ChZDSUhNMG9nS0VJQ0FnSUNMNG9fOURnEAE,ChIJybV0hpY7by4RIN-TmbaGw2k,Istana Coffee & Eatery,Majalengka,Nongkrong,1,"Pesen duluan malah ngeduluin sama yg baru pesen,mana pada laperr,pelayanan na kureng ramahh mon maap 😭🙏",2024-06-17T08:16:06.766Z,Dewi Sartika,104189240739507867968,False,0,id,2026-05-04T16:21:53.216262
ChdDSUhNMG9nS0VJQ0FnSURaenNYMXN3RRAB,ChIJybV0hpY7by4RIN-TmbaGw2k,Istana Coffee & Eatery,Majalengka,Nongkrong,5,"Tempatny cocok buat kumpul keluarga, ada zoo nya ... harga standar",2023-10-01T04:56:43.174Z,melly utami,106818507637934420066,True,0,id,2026-05-04T16:21:53.216282
ChdDSUhNMG9nS0VJQ0FnSUN4cmE3djd3RRAB,ChIJybV0hpY7by4RIN-TmbaGw2k,Istana Coffee & Eatery,Majalengka,Nongkrong,5,Tempatnya recommended buat nongkrong dan bareng keluarga..,2023-05-23T13:21:25.862Z,melly utami,107211299657284486475,True,7,id,2026-05-04T16:21:53.216300
ChZDSUhNMG9nS0VJQ0FnSUN4b2ZUQVRBEAE,ChIJybV0hpY7by4RIN-TmbaGw2k,Istana Coffee & Eatery,Majalengka,Nongkrong,5,"Makan nya enak , tempat nya bagus 😍,  nyaman",2023-05-19T07:53:18.280Z,Resa Rosilawati,105054231858267316655,False,0,id,2026-05-04T16:21:53.216343
ChZDSUhNMG9nS0VJQ0FnSUN4dHNlVkhBEAE,ChIJybV0hpY7by4RIN-TmbaGw2k,Istana Coffee & Eatery,Majalengka,Nongkrong,5,Luar biasa kopi v60 nya muantappppppp.........,2023-05-17T10:01:42.469Z,nishimura asepu,114686239679380595183,False,0,id,2026-05-04T16:21:53.216354
ChdDSUhNMG9nS0VJQ0FnSUN4dHA3ejFBRRAB,ChIJybV0hpY7by4RIN-TmbaGw2k,Istana Coffee & Eatery,Majalengka,Nongkrong,5,Kasir nya cantik masih jmblo gak ya,2023-05-17T08:23:08.807Z,Agus Rahman,106587271202977833543,False,1,id,2026-05-04T16:21:53.216372
ChdDSUhNMG9nS0VJQ0FnSUN4NXVPVmlBRRAB,ChIJybV0hpY7by4RIN-TmbaGw2k,Istana Coffee & Eatery,Majalengka,Nongkrong,5,"Suka tempatnya, deket dari rumah",2023-05-16T19:08:35.939Z,Dede Reni Nuraeni,100747272879341695340,False,1,id,2026-05-04T16:21:53.216389
ChZDSUhNMG9nS0VJQ0FnSUNadnYtaEtnEAE,ChIJd5ux8Ggvby4RnzDn6LXOe78,Humble Coffee,Majalengka,Nongkrong,2,"Lamaaaaa banget padahal sepi banget, cuma isi 3 meja, di awal udah make sure yang dipesen ada, udah ditunggu 45 menit, baru bilang yang dipesen ngga ada",2023-09-11T13:15:11.945Z,Rosa Aghnia Rusyda,113712065397534905959,False,0,id,2026-05-04T16:21:53.216421
ChZDSUhNMG9nS0VJQ0FnSUNaMUotaUhnEAE,ChIJd5ux8Ggvby4RnzDn6LXOe78,Humble Coffee,Majalengka,Nongkrong,5,Yg belum pernah nyoba masuk mungkin ga nyangka tempatnya senyaman ini,2023-09-05T06:21:26.244Z,Dede Abu Wizdan,105143159535719973326,True,1,id,2026-05-04T16:21:53.216448
ChdDSUhNMG9nS0VJQ0FnSURKNjdERzdRRRAB,ChIJd5ux8Ggvby4RnzDn6LXOe78,Humble Coffee,Majalengka,Nongkrong,5,"Citayeum kidul berlokasi di perbukitan dengan pemandangan yang masyaa Allah bagus, indah dan segar. Pas di atas bukit bisa santai ada warung kopi ada toko grosir, bengkel dan kios pupuk. Orang-orangnya ramah-ramah. Beuhhh masyaa Allah. NIKMAT",2023-07-23T04:02:25.348Z,Jajang Punya,108249128139922399243,False,0,id,2026-05-04T16:21:53.216460
ChZDSUhNMG9nS0VJQ0FnSUNKaC1HT0h3EAE,ChIJd5ux8Ggvby4RnzDn6LXOe78,Humble Coffee,Majalengka,Nongkrong,4,Ya cukup lumayan lah harga standart,2023-07-06T03:58:47.354Z,yayan zidan,106646745929524573829,True,0,id,2026-05-04T16:21:53.216469
ChdDSUhNMG9nS0VJQ0FnSURSbTZhQW9BRRAB,ChIJd5ux8Ggvby4RnzDn6LXOe78,Humble Coffee,Majalengka,Nongkrong,4,"makannya enak dan murah, hanya saja kursinya kurang nyaman",2023-05-04T10:33:02.164Z,Fajria Wati,101829931119516219688,False,0,id,2026-05-04T16:21:53.216496
ChdDSUhNMG9nS0VJQ0FnSURSbmFDNXpRRRAB,ChIJd5ux8Ggvby4RnzDn6LXOe78,Humble Coffee,Majalengka,Nongkrong,5,Perfect Kopi Gula Aren in Majalengka ! The pool is cozy as well.,2023-05-01T15:37:46.736Z,miranda warokka,112550240163559604892,True,0,en,2026-05-04T16:21:53.216506
ChZDSUhNMG9nS0VJQ0FnSUN4aHZIbUtBEAE,ChIJybV0hpY7by4RIN-TmbaGw2k,Istana Coffee & Eatery,Majalengka,Nongkrong,5,Tempat nya nyaman untuk bersantai,2023-05-16T09:01:55.482Z,Firman Fadli,104577363854875914603,False,1,id,2026-05-04T16:21:53.216535
ChZDSUhNMG9nS0VJQ0FnSUN4aHVUUUxBEAE,ChIJybV0hpY7by4RIN-TmbaGw2k,Istana Coffee & Eatery,Majalengka,Nongkrong,5,Tempat Nya nyaman pokoknya enak buat meetime keluarga harus cobain. 😍😍😍,2023-05-16T07:12:29.407Z,Diki Hanan,114027497154556782706,False,1,id,2026-05-04T16:21:53.216545
ChdDSUhNMG9nS0VJQ0FnSUN4LXAzNy1BRRAB,ChIJybV0hpY7by4RIN-TmbaGw2k,Istana Coffee & Eatery,Majalengka,Nongkrong,5,"Suasananya enak bgt bisa bawa keluarga,, rekomendasi bgt makan nya juga anak pelayannya ramah ,,,",2023-05-16T05:07:38.100Z,allmrrmc,109438281012858912145,False,2,id,2026-05-04T16:21:53.216564
ChZDSUhNMG9nS0VJQ0FnSURSdVp2Z0t3EAE,ChIJybV0hpY7by4RIN-TmbaGw2k,Istana Coffee & Eatery,Majalengka,Nongkrong,5,Makanannya enakkk tempatnya bagus,2023-04-29T08:16:23.117Z,Rahma Dwiharti,101664979862022006506,False,2,id,2026-05-04T16:21:53.216574
ChdDSUhNMG9nS0VJQ0FnSURSdWRPUi1RRRAB,ChIJybV0hpY7by4RIN-TmbaGw2k,Istana Coffee & Eatery,Majalengka,Nongkrong,5,Recomended banget oksip,2023-04-29T08:04:06.658Z,Erlangga Nugraha,102142224330947045100,False,0,id,2026-05-04T16:21:53.216583
ChdDSUhNMG9nS0VJQ0FnSURSdVozVHZBRRAB,ChIJybV0hpY7by4RIN-TmbaGw2k,Istana Coffee & Eatery,Majalengka,Nongkrong,5,Wahana berkuda no 1 di majalengka memang keren ada caffee nya juga makanan nya enak apalagi kopinya tempatnya keren pokonya recommended banget 👍,2023-04-29T07:45:19.557Z,Riza Bakhtiar,106264286290837757099,False,1,id,2026-05-04T16:21:53.216593
ChZDSUhNMG9nS0VJQ0FnSURSdWMySUVREAE,ChIJybV0hpY7by4RIN-TmbaGw2k,Istana Coffee & Eatery,Majalengka,Nongkrong,5,"Keren banget caffe nya kopi nya juga enak sama makan nanya pelayanan nya juga bagus , recommended banget pokoknya gaesss",2023-04-29T07:40:37.841Z,Arbe,102598354675082762371,False,0,id,2026-05-04T16:21:53.216607
ChdDSUhNMG9nS0VJQ0FnSURSakoyUDR3RRAB,ChIJybV0hpY7by4RIN-TmbaGw2k,Istana Coffee & Eatery,Majalengka,Nongkrong,1,"Tempat bagus, pelayanan jelek pesan untuk buka dari siang, nyampe buka puasa belum di sajikan 👎👎👎👎",2023-04-19T10:52:40.475Z,dwiki tafwidhi,105046869272761605094,False,0,id,2026-05-04T16:21:53.216618
ChZDSUhNMG9nS0VJQ0FnSURoOHJlS0ZREAE,ChIJybV0hpY7by4RIN-TmbaGw2k,Istana Coffee & Eatery,Majalengka,Nongkrong,1,"Pelayanan buruk, kebersihan buruk, bau dari toilet sampai tempat makan outdor, padahal sepi",2023-03-05T22:14:21.217Z,Andini Sumarrni,110325253812535434975,False,0,id,2026-05-04T16:21:53.216631
Ci9DQUlRQUNvZENodHljRjlvT25KQmJqWmFNMFpLV201SlMyODBURk0yU210S1NFRRAB,ChIJHeLQbQYjby4RjSIJafFE6RU,Cikadongdong Coffee and Food,Majalengka,Nongkrong,5,"Cafe dengan view menarik karena sebelah nya ada sungai dan ada keseruan org2 yg sedang river tubing... Spot duduk yg cukup bervariasi seperti menghadap sungai, lesehan, taman atas dll. Utk harga masih worth it dikantong

Utk fasilitas yg tersedia ada toilet cowok/e yg sangat bersih dan juga musholla di sebelah nya.",2026-03-26T07:19:04.499Z,Zaid,112207692813218252630,True,0,id,2026-05-04T16:21:53.216657
Ci9DQUlRQUNvZENodHljRjlvT201R1dGVktUakJCV2tKMlJWVm1RMWhFZGpoM0xWRRAB,ChIJHeLQbQYjby4RjSIJafFE6RU,Cikadongdong Coffee and Food,Majalengka,Nongkrong,1,kita dibuat menunggu satu jam setengah untuk makanan dan minuman sedangkan jelas jelas orang dibelakang kita sudah mendapatkan semua dan ketika ditegur si kasir baru mencetak ulang bill reall terskippp sebenernya gamau ngerate gini tapi bener bener ga layak buat ditungguin,2026-03-23T07:20:39.070Z,Muhammad Sirojuddin,106711319573048191851,False,0,id,2026-05-04T16:21:53.216678
Ci9DQUlRQUNvZENodHljRjlvT2pGdVJEUndObk15ZDA5U2MwaFhWRkZOVUhsdVUyYxAB,ChIJHeLQbQYjby4RjSIJafFE6RU,Cikadongdong Coffee and Food,Majalengka,Nongkrong,5,"Suasananya sejuk, samping aliran sungai  jadi bisa sambil liat orang orang yang sedang river tubing, makanan dan minuman lumayan enak, harganya pun relatif murah. rekomend buat yang nyari tempat yang tenang dan sejuk",2026-01-28T03:26:39.309Z,Moch Qobus Lubaaba (qobusallubaab),100165848293829102459,True,0,id,2026-05-04T16:21:53.216692
Ci9DQUlRQUNvZENodHljRjlvT25GQ05XNXpja3hRVXkxcVNrZDFlRU5qYnkxa2RrRRAB,ChIJHeLQbQYjby4RjSIJafFE6RU,Cikadongdong Coffee and Food,Majalengka,Nongkrong,4,Pas kesana pas event katanya. Jadi berisik bgt 😭😭 gagal healing,2026-01-25T23:13:37.787Z,panda roti,103490936370938929676,True,0,id,2026-05-04T16:21:53.216761
Ci9DQUlRQUNvZENodHljRjlvT2sxVFlsVklUelJKYlRWa1VIUlphazVZWjNKaE9YYxAB,ChIJHeLQbQYjby4RjSIJafFE6RU,Cikadongdong Coffee and Food,Majalengka,Nongkrong,5,"Seneng deh makan di cafe ini. Lokasinya asyik banget karena di pinggir sungai berarus, jadi sambil makan/minum kita bisa dengar suara air. Selain itu, cafe ini juga dibikin nggak asal-asalan, terlihat dari penataan dan pemilihan material dan warnanya yang menyatu dengan alam.

Kami datang pagi hari, jadi cafe masih sepi dan pelayanannya terhitung cepat. Kopi nanas dan japanese drip-nya enak. Teh leci cukup enak, tapi teh lemon perlu dikoreksi rasanya. Saran saya, untuk ukuran gelas seperti itu, pakai lemon peras dari 1 buah lemon, sehingga rasanya tidak tertutupi rasa teh dan gula. Pakai lemon lokal rasanya juga mantap kok dan harganya tidak mahal, yang penting rasa lemon-nya harus tetap di-high light.

Kami juga memesan snack dan rasanya boleh banget dicoba, yaitu pisang bakar dan mie goreng. Ini benaran enak, loh... Tapi cheese and sausage roll-nya mohon maaf belum bisa jadi pilihan. Coba pakai easy melt (harga lebih murah dari moza), pilih sosis yang dagingnya di atas 50℅. Menurut kami, untuk yang tadi kami pesan rasa kejunya sangat minim dan sosisnya rasa terigu.

Kamar mandi bersih, pelayanan oke, banyak tanaman, duh pokoknya betah deh nongkrong lama-lama di sini. Di sini juga dekat banget dengan lokasi River tubing jadi bisa sekalian arung jeram.",2025-07-08T05:20:51.067Z,Fatih Dipanegara,116349563087768214676,True,0,id,2026-05-04T16:21:53.216786
ChdDSUhNMG9nS0VJQ0FnTURJcU5xaHJBRRAB,ChIJHeLQbQYjby4RjSIJafFE6RU,Cikadongdong Coffee and Food,Majalengka,Nongkrong,5,Mantap pokok nya !!!!!,2025-04-06T16:54:44.092Z,Haryadi Pratama,112446414495941943955,True,0,id,2026-05-04T16:21:53.216807
ChdDSUhNMG9nS0VJQ0FnSUNmeTVhRWtnRRAB,ChIJHeLQbQYjby4RjSIJafFE6RU,Cikadongdong Coffee and Food,Majalengka,Nongkrong,4,"Sukaaa bgt sm pelayanannya, ramah banget, makanan alhamdulillah cocok, pesan menu paket liwet harus menunggu kurleb 45menit tp rasanya cocok di lidah, suasananya asri bgt, walopun aga panas krn majalengka emang puanasss, mungkin bisa ditambah kipas angin di sudut2..sekali lagi nuhuun sm para pelayannya yg baik2 senyum terus pdhl kliatan cape 🤩",2025-01-01T15:35:00.696Z,Bubu Revie,100939420868048299516,True,0,id,2026-05-04T16:21:53.216834
ChZDSUhNMG9nS0VJQ0FnSUNYbFBMX1V3EAE,ChIJHeLQbQYjby4RjSIJafFE6RU,Cikadongdong Coffee and Food,Majalengka,Nongkrong,4,good place to rest with coffee,2024-10-13T14:26:13.731Z,Jackie Chan,102906778379757296546,True,0,en,2026-05-04T16:21:53.216860
ChdDSUhNMG9nS0VJQ0FnSUN6aVBQcXdBRRAB,ChIJHeLQbQYjby4RjSIJafFE6RU,Cikadongdong Coffee and Food,Majalengka,Nongkrong,5,"Pelayannya ramah, makanan enak-enak, suasana cocok buat healing... 👍",2024-05-30T07:15:42.772Z,Muhaimin Al Ma'arif,111063678224143438903,False,1,id,2026-05-04T16:21:53.216878
ChdDSUhNMG9nS0VJQ0FnSUNWMDVHeV9RRRAB,ChIJHeLQbQYjby4RjSIJafFE6RU,Cikadongdong Coffee and Food,Majalengka,Nongkrong,4,"Rekomendasi Mie Kuahnya enak.
Tempatnya sejuk dan asri, sayangnya pas kesitu cafenya lagi diplester ulang.
Harga standat caffe.",2023-12-09T07:03:53.899Z,Masyhurun Fiinaa,116093047332189917349,True,3,id,2026-05-04T16:21:53.216927
ChZDSUhNMG9nS0VJQ0FnSUNwclBUTVRnEAE,ChIJHeLQbQYjby4RjSIJafFE6RU,Cikadongdong Coffee and Food,Majalengka,Nongkrong,5,Tempat nya nyaman buat yg suka alam ada out bound juga 30.000 ada cafe dan pemandangan alam so guys segera kunjungi,2023-07-30T06:54:59.751Z,Muhamad Fiqri,105736608545620889002,True,2,id,2026-05-04T16:21:53.216937
ChdDSUhNMG9nS0VJQ0FnSURKclBULXlRRRAB,ChIJHeLQbQYjby4RjSIJafFE6RU,Cikadongdong Coffee and Food,Majalengka,Nongkrong,5,"Tempat ngopi paling enak d cikadongdong, d suguhi live music, makanannya jg enak,  murah & bersih tempatnya.",2023-07-12T10:07:33.093Z,Wo Putung,117743294617749078771,True,0,id,2026-05-04T16:21:53.216957
ChZDSUhNMG9nS0VJQ0FnSURSdXBibUh3EAE,ChIJHeLQbQYjby4RjSIJafFE6RU,Cikadongdong Coffee and Food,Majalengka,Nongkrong,1,Penyajian lama hampir 2 jam nunggu. Ga worth it sama harga nya. Makanan mengecewakan. Nasi masih mentah. Ayam nya kurang mateng. Pokonya ga recomended kata aku hehe,2023-04-23T13:16:50.045Z,Rinaputri Hantika,106785853746894946417,False,0,id,2026-05-04T16:21:53.216975
ChZDSUhNMG9nS0VJQ0FnSURoZ2E2WlBREAE,ChIJHeLQbQYjby4RjSIJafFE6RU,Cikadongdong Coffee and Food,Majalengka,Nongkrong,4,Tempat yg seru walaupun perjalanan menuju ksana cukup extrem .. note klo kesana jangan lewat curug cipetey yah jalannya terlalu kecil ..,2023-03-10T09:15:33.150Z,Kiki Mimo,115836629181568266768,True,0,id,2026-05-04T16:21:53.216985
ChdDSUhNMG9nS0VJQ0FnSUNod29uaXBnRRAB,ChIJHeLQbQYjby4RjSIJafFE6RU,Cikadongdong Coffee and Food,Majalengka,Nongkrong,5,"Maa Syaa Allah bgt ini tempatnya keren abis,adeeem bgt bikin tenang..
makanan juga enak harga terjangkau,ada nasi liwet juga cuma harus reservasi dulu klo pengen nasi liwetnya..
bisa karokean juga 🤭👍",2023-02-08T14:51:51.742Z,Lindiana Sari Samsoni,110950376622260851213,True,1,id,2026-05-04T16:21:53.216995
ChdDSUhNMG9nS0VJQ0FnSUNCemNPMjRRRRAB,ChIJHeLQbQYjby4RjSIJafFE6RU,Cikadongdong Coffee and Food,Majalengka,Nongkrong,1,"Berawal dari postingan di IG, akhirnya kuputusan untuk mengisi liburan tahun baru di tempat ini. Perjalanan menuju tempat melewati jalanan yg sempit, terjal dan banyak sekali tikungan tajam, diperluakan keahlian untuk mengendarai roda 4.. Setelah kami sampai, kami disuguhkan tempat makan yang cukup eksotis, dengan pemandangan sungai yang alami. Namun disaat kita memesan beberapa menu makanan, sayang sekali penyajianya sangat lama, terutama main menu yang sangat lama, lebih dari satu jam kami menunggu, kita memesan menu rice bowl dan nasi goreng. Sudah sangat tidak wajar apabila disajikan lebih dari 1 jam. Pada saat awal , kita memesan paket nasi liwet, namun harus reservasi dahulu dan harus menunggu 2 jam , sehingga kami batalkan.  Kecewa...itu yg kami rasakan...dan jawaban dari waitersnya beralasan banyak pesanan.
Sangat disayangkan, dengan keunggulan tempat yang  bagus dan alami, tidak diimbangan pelayanan dari pihak resto, bayak yang harus diperbaiki tterutama management resto, sehingga tidak mengecewakan konsumen.",2023-01-01T12:55:28.156Z,dinna rosdiani,113737113981393943400,True,0,id,2026-05-04T16:21:53.217015
ChdDSUhNMG9nS0VJQ0FnSUNCeE1md3lRRRAB,ChIJHeLQbQYjby4RjSIJafFE6RU,Cikadongdong Coffee and Food,Majalengka,Nongkrong,5,"Suasana dan interiornya sangat ciamik. Jangan lupa menu nya juga. Soal harga masih sesuai kantong. Pokoknya goooodd.
Oh ya, buat owner, bisa tambahin mainan anak di atas /parkiran, biar yang bawa bocil bisa lebih nyaman lagi. Terimakasih pelayanannya ...",2022-12-17T13:26:02.847Z,kangmas bang,109252198378588808716,True,5,id,2026-05-04T16:21:53.217027
ChdDSUhNMG9nS0VJQ0FnSURlOVBDdml3RRAB,ChIJHeLQbQYjby4RjSIJafFE6RU,Cikadongdong Coffee and Food,Majalengka,Nongkrong,5,"Makanan dan minumannya rekomendasi semua. Asik banget nongki sorean disini. Tempatnya adem, kebabnya nagih banget sih, ada paket liwetnya juga",2022-10-03T15:01:17.490Z,Aii Alliyah Azizah,110921001116435661359,True,1,id,2026-05-04T16:21:53.217038
ChZDSUhNMG9nS0VJQ0FnSURlOUtDZU5REAE,ChIJHeLQbQYjby4RjSIJafFE6RU,Cikadongdong Coffee and Food,Majalengka,Nongkrong,5,"Tempatnya Alam banget sih para pecinta alam pasti bakalan betah, dekat wisata river tubing. Menu makanan dan minumannya beragam dan rekomendasi. ada paket nasi liwetnya komplit, roti bakarnya enak cream cheesenya nagih banget. Semua minumannya berasa dan harus cobain sih kopi & tehnya karena kopi dan tehnya hasil alam asli dari desa payung. Tempat dan Cafe rekomendasi wajib masuk bucket list.",2022-10-03T14:52:01.718Z,Jajanan Cek,100891072120898484784,True,7,id,2026-05-04T16:21:53.217048
ChZDSUhNMG9nS0VJQ0FnSUR1Z3NPNEpBEAE,ChIJHeLQbQYjby4RjSIJafFE6RU,Cikadongdong Coffee and Food,Majalengka,Nongkrong,5,"Tempat yg sejuk, sembari ngopi ditemani gemiricik air sungai cikadongdong.
Keren buat nongkrong",2022-08-16T13:42:43.472Z,Leemeatz Ngatmin,103582475492606349940,True,3,id,2026-05-04T16:21:53.217059
Ci9DQUlRQUNvZENodHljRjlvT2s1TFNsOVpkekp3WDNobFdGbHpiVFpVZDNCVU5XYxAB,ChIJf4m4VoAvby4RJoKJ4dgvtFY,La Reina cafe,Majalengka,Nongkrong,5,Sepertinya tutup permanen....,2025-10-02T11:44:07.327Z,Diki Saprudin,102883017060467866805,True,0,id,2026-05-04T16:21:53.217069
ChZDSUhNMG9nS0VJQ0FnSURKLWZEbkxnEAE,ChIJf4m4VoAvby4RJoKJ4dgvtFY,La Reina cafe,Majalengka,Nongkrong,5,Kopi keleponya mantap,2023-07-20T10:18:20.958Z,Tegar Subangkit Wardani,110253738421392937082,True,0,id,2026-05-04T16:21:53.217139
ChdDSUhNMG9nS0VJQ0FnSUNSem9tWDRRRRAB,ChIJf4m4VoAvby4RJoKJ4dgvtFY,La Reina cafe,Majalengka,Nongkrong,5,"Please demi apaaa haruss sih kesini selain tempat nya yg unik ,, makanan nya juga enak enak bangettt 😭😭😬😬
Udah gitu pelayanan nya juga ramah ,, syuka dehh pokonya 😍😍
Biar lah bintang yang berbicara🤩",2023-04-02T03:42:27.923Z,Dinda Hasan,108766283254716893866,False,2,id,2026-05-04T16:21:53.217157
ChZDSUhNMG9nS0VJQ0FnSURCN1pTVVBBEAE,ChIJf4m4VoAvby4RJoKJ4dgvtFY,La Reina cafe,Majalengka,Nongkrong,5,"Tempatnya unik, pelayanannya ramah bgt, harga dan rasa enak.",2023-01-26T06:03:20.229Z,Cintia cey,114078136872863171816,False,0,id,2026-05-04T16:21:53.217189
ChdDSUhNMG9nS0VJQ0FnSURCeG96VXJ3RRAB,ChIJf4m4VoAvby4RJoKJ4dgvtFY,La Reina cafe,Majalengka,Nongkrong,5,Kedai kopi yang buka sampe tengah malam.. enak buat nongkrong mah,2023-01-18T01:27:33.552Z,Nanda Ardiana,110147026040577495713,False,1,id,2026-05-04T16:21:53.217198
ChZDSUhNMG9nS0VJQ0FnSUQyNDZmZlF3EAE,ChIJf4m4VoAvby4RJoKJ4dgvtFY,La Reina cafe,Majalengka,Nongkrong,5,Tempat yang nyaman,2022-05-24T02:20:49.702Z,Al Thof Dzafif,108917017247424829315,True,0,id,2026-05-04T16:21:53.217262
ChZDSUhNMG9nS0VJQ0FnSURXOGNEdkRBEAE,ChIJf4m4VoAvby4RJoKJ4dgvtFY,La Reina cafe,Majalengka,Nongkrong,4,"Tempatnya ada di sebelah kanan klo dari arah ayam penyet Surabaya.

Tempat parkir hanya bisa untuk motor, untuk mobil kurang memadai, bisa di pinggir jalan, atau waktu itu saya parkir di toko sebelah yang kebetulan udah tutup.

Pesan dan langsung bayar di kasir.

Tempat duduk ada 2 area, yang dekat kasir ber ac, yang di bawah hanya pakai kipas.

Caramel latte iced. Harga 20k.

Spicy wings. Ada french fries nya. Harga 20k.",2022-03-27T14:19:28.160Z,Agisha,109496338282562924449,True,1,id,2026-05-04T16:21:53.217295
ChZDSUhNMG9nS0VJQ0FnSUNHNFBtUk1BEAE,ChIJf4m4VoAvby4RJoKJ4dgvtFY,La Reina cafe,Majalengka,Nongkrong,5,Mantap untuk nongkrong nih ..,2021-10-17T11:37:00.675Z,Mister Kim Seok Young,103069954145607444735,True,0,id,2026-05-04T16:21:53.217327
ChdDSUhNMG9nS0VJQ0FnSUM2M0tqeGxBRRAB,ChIJf4m4VoAvby4RJoKJ4dgvtFY,La Reina cafe,Majalengka,Nongkrong,5,Mantap sekalii! Apalagi barista nyaa woww,2021-08-31T23:04:13.059Z,Muhammad Restu Illaahi,106799472271246082892,False,0,id,2026-05-04T16:21:53.217343
ChdDSUhNMG9nS0VJQ0FnSURxNHZiWV9nRRAB,ChIJf4m4VoAvby4RJoKJ4dgvtFY,La Reina cafe,Majalengka,Nongkrong,5,"Good ambience, delicious food and drink. Must try..",2021-07-03T09:35:28.099Z,Desi Fal,101406479527837659537,False,0,en,2026-05-04T16:21:53.217360
ChdDSUhNMG9nS0VJQ0FnSUNxX2ZfTXl3RRAB,ChIJf4m4VoAvby4RJoKJ4dgvtFY,La Reina cafe,Majalengka,Nongkrong,5,the best matcha latte semajalengka dahh,2021-06-16T15:19:42.549Z,Pradita Dinda,105561375084341540225,False,1,id,2026-05-04T16:21:53.217385
ChdDSUhNMG9nS0VJQ0FnSUNxNGJlU3dBRRAB,ChIJf4m4VoAvby4RJoKJ4dgvtFY,La Reina cafe,Majalengka,Nongkrong,5,The best cafe in majalengka,2021-06-09T16:01:24.590Z,Asep Maulana Ramdhan,101098591559425349814,True,1,en,2026-05-04T16:21:53.217393
Ci9DQUlRQUNvZENodHljRjlvT21vMllucFpNMDFNZEhCcWVHMDRMV1ZtT1dwemVuYxAB,ChIJY30txOIlby4RwXqpmwFSKg8,"MIE HUHAH ""BERLEVEL""",Majalengka,Nongkrong,2,"Baru nyoba lagi setelah setaun gakesini coba beli mie lvl 5,kenapa lvl 5 nya asin bgt yaa termasuk udang keju dan somaynya rasanya cuma asin doang.Aga kecewa si padahal dlu ini enak bgt",2025-07-27T12:10:17.977Z,Muhamad Handikis19,114288818367295246835,False,0,id,2026-05-04T16:21:53.217401
Ci9DQUlRQUNvZENodHljRjlvT25sNFJucFdhWEpITkd0eWVuQkNNemhSY3paSU1FRRAB,ChIJY30txOIlby4RwXqpmwFSKg8,"MIE HUHAH ""BERLEVEL""",Majalengka,Nongkrong,5,"Klo lagi mager masak buat makan malam, selalu kesini",2025-07-07T23:58:34.202Z,Iggie,115327745740985816521,False,0,id,2026-05-04T16:21:53.217426
ChZDSUhNMG9nS0VONnFpc0hfNVBYcFZ3EAE,ChIJY30txOIlby4RwXqpmwFSKg8,"MIE HUHAH ""BERLEVEL""",Majalengka,Nongkrong,5,semua makanan nya enak pas dilidah,2025-05-28T20:23:14.083Z,Ooy Hoeriyah,112408468570689477017,False,0,id,2026-05-04T16:21:53.217443
ChZDSUhNMG9nS0VJVGs1dWpnX2NIc2V3EAE,ChIJY30txOIlby4RwXqpmwFSKg8,"MIE HUHAH ""BERLEVEL""",Majalengka,Nongkrong,5,teteh kasirnya ramah dan  baik bgtttt,2025-05-25T11:08:25.761Z,NADIA RESTIANA,103124810565692752932,False,0,id,2026-05-04T16:21:53.217459
ChdDSUhNMG9nS0VNR1p5Y2lqOEo2Y3l3RRAB,ChIJY30txOIlby4RwXqpmwFSKg8,"MIE HUHAH ""BERLEVEL""",Majalengka,Nongkrong,1,"DEMIALLAH Saya order jam 8 malam tgl 13 Mei 2025
Ini Mie gak di bumbuin atau gmn sih ? Ga ada rasa, HAMBAR !
Pesen level 2 Malah dikasih yg level 0, gabisa bedain ? GAK KELIATAN CABE NYA SAMSEK ! Malah yg ada MANISSS !
Keadaan Mie dingin banget!
Pelayan pada cengengesan gak jelas!
Bad banget pokonya kecewa!

Order hampir 100 ribu gak ada enaknya samsek!",2025-05-13T18:02:20.297Z,MEITSYA WAHYUNI,113361361864237838270,False,0,id,2026-05-04T16:21:53.217469
ChZDSUhNMG9nS0VJQ0FnTUNZN3NyNmFREAE,ChIJY30txOIlby4RwXqpmwFSKg8,"MIE HUHAH ""BERLEVEL""",Majalengka,Nongkrong,5,Pelayanan nya cepat walau banyak yg beli.. makanannya enak ramah dikantong...👍,2025-05-04T12:21:32.077Z,desi rosida,100727114782745655092,True,0,id,2026-05-04T16:21:53.217479
ChZDSUhNMG9nS0VJQ0FnTUNJcmJuRUx3EAE,ChIJY30txOIlby4RwXqpmwFSKg8,"MIE HUHAH ""BERLEVEL""",Majalengka,Nongkrong,5,"Paling suka sama DIMSUM nya sih full daging trus JUICY...
Untuk rasa mie nya masih sama kaya duluu gurih nya dapet pedesnya nendang,, Disini kalian bisa request mau pesen (asin pedas manis) / (asin pedas) Jangan coba² level 20 bisa mati kalian...Level 10 aja udh pedes...
Untuk porsi nya cukup bikin perut kalian kenyanggg,,",2025-04-04T00:09:43.427Z,Elis Triapriyanti,108309887349671906903,True,0,id,2026-05-04T16:21:53.217491
ChdDSUhNMG9nS0VJQ0FnTUNJbXNEV3p3RRAB,ChIJY30txOIlby4RwXqpmwFSKg8,"MIE HUHAH ""BERLEVEL""",Majalengka,Nongkrong,2,"Pelayanannya lama banget, take a way sampe nunggu 1 jam lebih",2025-04-01T06:25:54.819Z,Yasmine Aulia,103219966094843835248,False,0,id,2026-05-04T16:21:53.217502
ChZDSUhNMG9nS0VJQ0FnTURRZy1PT0x3EAE,ChIJY30txOIlby4RwXqpmwFSKg8,"MIE HUHAH ""BERLEVEL""",Majalengka,Nongkrong,1,Pelayanan sangat buruk. Nanya kasir malah diem aja!,2025-03-13T15:12:29.952Z,percobaan Google,102095029330975632829,False,0,id,2026-05-04T16:21:53.217521
ChdDSUhNMG9nS0VJQ0FnSURmMHViX3ZRRRAB,ChIJY30txOIlby4RwXqpmwFSKg8,"MIE HUHAH ""BERLEVEL""",Majalengka,Nongkrong,4,"Tempatnya enak, makanannya Nice bro, bagus lah buat nongkrong sama temen atau keluarga",2025-01-05T06:42:26.379Z,Deboer Bantarest,110141276728243569649,True,0,id,2026-05-04T16:21:53.217553
ChZDSUhNMG9nS0VJQ0FnSURoa1lLSFp3EAE,ChIJY30txOIlby4RwXqpmwFSKg8,"MIE HUHAH ""BERLEVEL""",Majalengka,Nongkrong,5,"Enak...murah...kenyang, yg utama cepat saji",2024-12-30T06:49:31.642Z,Dede Abu Wizdan,105143159535719973326,True,5,id,2026-05-04T16:21:53.217562
ChZDSUhNMG9nS0VJQ0FnSUN2dm96UUJREAE,ChIJY30txOIlby4RwXqpmwFSKg8,"MIE HUHAH ""BERLEVEL""",Majalengka,Nongkrong,1,"Makanan nya lumayan sih, cuma nunggu nya lama banget setengah jam lebih, pelayanan BURUK tidak profesional, kebersihannya KURANG!! jadi males banget beli di sini",2024-12-11T11:50:26.816Z,Muraina,100953135438002219804,False,0,id,2026-05-04T16:21:53.217571
ChdDSUhNMG9nS0VJQ0FnSUNQX2JTQjF3RRAB,ChIJY30txOIlby4RwXqpmwFSKg8,"MIE HUHAH ""BERLEVEL""",Majalengka,Nongkrong,1,"katanya mie huhah tapi ko ga bikin huhah huhah huhah😹😹 lvl 2 ga kerasa apa²,ga pedes sm sekali,udang kejunya asem karna kejunya mungkin (?),buat rasa dimsumnya enak enak aja sih tpi masa dimsum sausnya saus chicken? tolong di jdikan evaluasi ya min🥸",2024-11-27T08:35:03.163Z,Safira ramadhani Putri,114188028381000486267,False,0,id,2026-05-04T16:21:53.217581
Ci9DQUlRQUNvZENodHljRjlvT21WdmVrNVBjbXRKWTB4alZYTXpNWHBLVXpKT1luYxAB,ChIJl-HTFbYvby4RX6s8jvbQWGA,Sewangi coffee & eatery,Majalengka,Nongkrong,4,"Kesini H+5 after lebaran, udah bm banget pizzanya taunya gaada, trus bnyk menu yg blm ready juga jadi pesen itu aja. Agak kecewa sih krna besoknya otw bdg lgi gatau bisa kesini lagi kapan:(",2026-04-10T03:39:40.950Z,Miladia,112313789125956980888,True,0,id,2026-05-04T16:21:53.217603
Ci9DQUlRQUNvZENodHljRjlvT2xKbmVGYzJRekZHUVV4ck9Xa3RSVjlRWWxsVlQwRRAB,ChIJl-HTFbYvby4RX6s8jvbQWGA,Sewangi coffee & eatery,Majalengka,Nongkrong,5,"kopi susu enak, tapi ga ekspek dengan ayam bakarnya yg enak banget. worth it dengan harga yang diberikan, suasana kafe nyaman banget",2026-04-10T03:08:46.151Z,Invoker,106580201816207664396,False,0,id,2026-05-04T16:21:53.217613
Ci9DQUlRQUNvZENodHljRjlvT21sdmFrRTJNVmM1TTA1U1FXZDNUVzgwZEdSUmQyYxAB,ChIJl-HTFbYvby4RX6s8jvbQWGA,Sewangi coffee & eatery,Majalengka,Nongkrong,5,Overall semuanya berat👌,2026-03-29T10:36:06.051Z,Nayaka Khalifadien,117981012292880312250,False,0,id,2026-05-04T16:21:53.217622
Ci9DQUlRQUNvZENodHljRjlvT2tOQ0xTMUJaa2RtZG0xTVdIUTBVbFV6WDNZM1pVRRAB,ChIJl-HTFbYvby4RX6s8jvbQWGA,Sewangi coffee & eatery,Majalengka,Nongkrong,5,"Untuk kopi yang cuma 15k best sih ini, nagihhh",2026-03-26T05:38:08.249Z,Bily Muhamad Fachri,110638485654920416481,True,0,id,2026-05-04T16:21:53.217631
Ci9DQUlRQUNvZENodHljRjlvT2xWMVNEbEdhMFY2VEdWVWRsQkhja2c1VUMweVlsRRAB,ChIJl-HTFbYvby4RX6s8jvbQWGA,Sewangi coffee & eatery,Majalengka,Nongkrong,3,Lelet dalam persiapan makanan,2026-03-19T11:24:52.683Z,Majalengka Berkreasi,111719117985525286851,False,0,id,2026-05-04T16:21:53.217640
Ci9DQUlRQUNvZENodHljRjlvT21JeGVITmlaWGxIYW5KeFNrZHNlV1ozUmw5TlRIYxAB,ChIJl-HTFbYvby4RX6s8jvbQWGA,Sewangi coffee & eatery,Majalengka,Nongkrong,2,"Pelayanan tidak jelas, harga yang telah deal di awal tiba2 naik. Pesanan sangat tidak sesuai saya relah merekomendasikan makanan tapi tidak sesuai dengan pesanan",2026-03-18T12:14:00.848Z,Garra Pratama Syaoqie,113190018096104290395,False,0,id,2026-05-04T16:21:53.217649
Ci9DQUlRQUNvZENodHljRjlvT21oMFNEVk9VMHhST0hvMGVUWkhjVlJvVjFkdVdWRRAB,ChIJl-HTFbYvby4RX6s8jvbQWGA,Sewangi coffee & eatery,Majalengka,Nongkrong,5,"menunya ok untuk harganya standar, waiters nya baik, tempatnya luas ada toilet dan mushola juga",2026-03-13T08:51:25.609Z,hilda_kmgyu,116771084755849285691,True,0,id,2026-05-04T16:21:53.217659
Ci9DQUlRQUNvZENodHljRjlvT25vMk5HaFJhMHBwVkZSVk1HOVFVVXRUVDNFeFNWRRAB,ChIJl-HTFbYvby4RX6s8jvbQWGA,Sewangi coffee & eatery,Majalengka,Nongkrong,1,"kecewa. udah reservasi h-1 dan datang jam 5 (1 jam sblm buka puasa), tapi pas nyampe nunggu sampe jam 7 waktu isya makanan blm jadi semua, ujung²nya ada kesalahan teknis bahan masak habis dan ganti menu + bayar lagi. Padahal dateng bukber dari cafe msih sepi, tpi yg dateng cuma minum doang wkwk. Konfirmasi berkali² dijawabnya tunggu dulu, mau foto² jadi gak mood, buka puasa cuma sama air doang krn ujungnya makanan di take away stlah nunggu lama.

Semoga kalian lebih berani tanggung jawab deh, minimal ada kompensasi, maaf doang gak cukup bikin kenyang nahan lapar.",2026-03-01T07:11:47.846Z,Anna,114591242692430020038,False,0,id,2026-05-04T16:21:53.217668
Ci9DQUlRQUNvZENodHljRjlvT214TGNuWnlNa1kxUVVOSUxVNVJja0Z4UzNOTGJIYxAB,ChIJl-HTFbYvby4RX6s8jvbQWGA,Sewangi coffee & eatery,Majalengka,Nongkrong,4,"Salah satu cafe di majalengka yang menu makanan beratnya lumayan bervariatif, jadi bisa ngopi cantik sekaligus isi perut

cobain nasi oga bakar paket, lucu banget  platingnya pake nampah gitu, isinya ada nasi, iga bakar, emping, tempe tepung, sambal kecap cabai dan sambal merah juga kuah iga.

iga nya lembut poll, ga effort motong dan ngunyahnya, kuah iga nya juga seger biar ga seret makannya hihi. sambalnya pedas banget sungguh, cuma cocol dikit udah berasa

minumnya pesan kopi creamy, zuzur kurang suka karena kopinya ga berasa. cuma berasa air gula dan susu tok.

kalau tempatnya bagus, cocok buat nongki sore hari dan siang tapi di waktu mendung jadi lebih syahdu.
Meja dan kursinya juga ada banyak, bisa buat makan2 bareng teman kantor",2026-02-11T14:49:57.571Z,Chintiya NW,107956529901431784981,True,0,id,2026-05-04T16:21:53.217687
Ci9DQUlRQUNvZENodHljRjlvT2toV1ZrOTFTRWx4WW5FeVZ6UjJRV3RSY1U1MFIzYxAB,ChIJl-HTFbYvby4RX6s8jvbQWGA,Sewangi coffee & eatery,Majalengka,Nongkrong,4,"Tempatnya enak, adem jugaaa... harga minuman dan makanan nya masih worth it. Minusnya dikit, berisik sama kendaraan aja sihh sisanya worth it ☝🏻🥹",2026-02-08T08:55:18.487Z,Desfita_s,105555163100201458580,False,0,id,2026-05-04T16:21:53.217706
Ci9DQUlRQUNvZENodHljRjlvT2xGeU9IcHFUMkpaT0VoVU9FMWFhbE5DYmtsNGJIYxAB,ChIJl-HTFbYvby4RX6s8jvbQWGA,Sewangi coffee & eatery,Majalengka,Nongkrong,4,"Menu makan berat bisa ditambah, americano citrus enak",2026-02-01T13:42:09.153Z,Herry Wisata,105494236111830970426,True,0,id,2026-05-04T16:21:53.217727
Ci9DQUlRQUNvZENodHljRjlvT25aTlRtcFpZalprV25kQ2J6SlNMV2hJV25aemEwRRAB,ChIJl-HTFbYvby4RX6s8jvbQWGA,Sewangi coffee & eatery,Majalengka,Nongkrong,5,"Pertamakali kesini
Stafnya ramah, sigap melayani, dan murah senyum.
Pelayanannya baik, tidak terlalu lama menunggu.""
Sarannya sangat membantu untuk memilih menu.""
Makanan & Minuman:

""Nasi goreng kambingnya enak gurih, dagingnya empuk tidak bau kambing.""

""Jus buahnya segar dan tidak menggunakan pemanis buatan.""

""Pizza bulgogi dan  pizza chicken mushroom mpuk creame bikin nagih jadi andalan. rasanya enak

""Harga masih tergolong standar kelas menengah atas.""
""Harga makanan dan minuman terjangkau.""
Konsep modern minimalis, romantis dengan permainan cahaya di malam hari.""
- ""Suasananya aesthetic, cocok untuk keluarga dan nongkrong.""
""Outdoornya kalo sore to malem , sejuk, bisa menikmati citylight di malam hari.""",2025-12-27T10:59:26.345Z,Ibrahim 21,103697171818164490606,True,0,id,2026-05-04T16:21:53.217746
Ci9DQUlRQUNvZENodHljRjlvT214cmFGTlhiVU50WDNSa2RYb3hWVzlFUVhCdFFXYxAB,ChIJl-HTFbYvby4RX6s8jvbQWGA,Sewangi coffee & eatery,Majalengka,Nongkrong,5,"Cafe sangat rekomendasi untuk kalian yang berada di majalengka coffenya enak dan makanannya juga enak harganya sangat bersahabat, tempatnya enak buat nongkrong nongkrong👍🏻",2025-12-07T13:07:01.628Z,Erlangga WrP,108715710543680988108,False,0,id,2026-05-04T16:21:53.217755
Ci9DQUlRQUNvZENodHljRjlvT21NM1NUTkVNR1ZmY2t3dGNIVTFTRkkzYkVrNFptYxAB,ChIJl-HTFbYvby4RX6s8jvbQWGA,Sewangi coffee & eatery,Majalengka,Nongkrong,5,Pelita ILmu best..,2025-11-29T14:40:00.491Z,MANG Q'MUNG,115870271703418603185,True,0,id,2026-05-04T16:21:53.217781
Ci9DQUlRQUNvZENodHljRjlvT2paTE5ETldSa3h6WVVWcWRXWlNiRnBFTlRKUmNVRRAB,ChIJl-HTFbYvby4RX6s8jvbQWGA,Sewangi coffee & eatery,Majalengka,Nongkrong,4,"lumayan worth it untuk ngafe cantik aja si, soalnya harga lumayan hehehehe 🙏",2025-11-11T11:45:59.653Z,sinta yuliana,100112564834587253596,True,0,id,2026-05-04T16:21:53.217840
Ci9DQUlRQUNvZENodHljRjlvT25kQ2FYUnZZbDluU1hCMFJFczRlbXMyVVVKVk9VRRAB,ChIJl-HTFbYvby4RX6s8jvbQWGA,Sewangi coffee & eatery,Majalengka,Nongkrong,5,"Overall, cafe ini cocok buat kamu yang suka tempat tenang buat kerja sambil ngopi.",2025-11-02T10:45:25.987Z,Ninda Imalda,110455526901113810247,False,0,id,2026-05-04T16:21:53.217872
Ci9DQUlRQUNvZENodHljRjlvT201WVkwNVlkVUZwWmxwYWNrZHhjRVV6YkdGaU4zYxAB,ChIJl-HTFbYvby4RX6s8jvbQWGA,Sewangi coffee & eatery,Majalengka,Nongkrong,5,Pelayanan disini sangat ramah dan membuat pengalaman makan menjadi lebih menyenangkan,2025-11-02T09:45:58.047Z,Misi Insanii,113809436861698747240,False,0,id,2026-05-04T16:21:53.217901
Ci9DQUlRQUNvZENodHljRjlvT2t4c2VUVlZia055U21sdU5VRjRaVmhSVUdOQ1ozYxAB,ChIJl-HTFbYvby4RX6s8jvbQWGA,Sewangi coffee & eatery,Majalengka,Nongkrong,5,"caffe nya sangat aesthetic dan juga nyaman
makanannya enak banget dan harganya juga sangat terjangkau,cocok buat nongkrong bareng teman atau keluarga.
jangan lupa mampir yaaww🙌🏻",2025-11-02T08:52:47.182Z,Ira savira Bilqis,108945699666608526122,False,0,id,2026-05-04T16:21:53.217919
Ci9DQUlRQUNvZENodHljRjlvT2toV2FEVXhUbmQ1TnpKVVVuWlNaekpLTTNOVlVsRRAB,ChIJl-HTFbYvby4RX6s8jvbQWGA,Sewangi coffee & eatery,Majalengka,Nongkrong,5,Tempat nya bagus makanan nya juga enak enak jangan lupa mampir ya gays,2025-11-02T08:52:29.816Z,Elis Elis,100560502926990901637,False,0,id,2026-05-04T16:21:53.217929
Ci9DQUlRQUNvZENodHljRjlvT2pGbE5XVm9NVFJTYzB4NlRtdzFaems0YmxWWlZsRRAB,ChIJl-HTFbYvby4RX6s8jvbQWGA,Sewangi coffee & eatery,Majalengka,Nongkrong,5,"Tempatnya Bagus bangettt,makanannya enak-enak lagiii😍,sangat di rekomendasikan!!",2025-11-02T08:52:21.907Z,Tiara Aulia,111520585456704156315,False,0,id,2026-05-04T16:21:53.217942
Ci9DQUlRQUNvZENodHljRjlvT2tkUFRVZzBOMlZQUWtrMmQxZGZUM2t0UWtsbFEyYxAB,ChIJl-HTFbYvby4RX6s8jvbQWGA,Sewangi coffee & eatery,Majalengka,Nongkrong,5,Sangattt memuassskan sekali,2025-11-01T17:53:02.315Z,Mugi Nur,118063183446327278167,False,0,ms,2026-05-04T16:21:53.217954
Ci9DQUlRQUNvZENodHljRjlvT2tOT1RWTmZVVXhDVkdRMFIzRlVhR1J5WkdkTE5uYxAB,ChIJl-HTFbYvby4RX6s8jvbQWGA,Sewangi coffee & eatery,Majalengka,Nongkrong,5,Tempatnya bagus kopi nya juga enak enak. Rame bgttt cocok buat nongkrong,2025-11-01T15:52:55.685Z,Riza Bakhtiar,106264286290837757099,False,0,id,2026-05-04T16:21:53.217967
Ci9DQUlRQUNvZENodHljRjlvT2pGQ1MxODFjbXhhT1ZOb2JUaGZlbTVwU1V0cVJHYxAB,ChIJl-HTFbYvby4RX6s8jvbQWGA,Sewangi coffee & eatery,Majalengka,Nongkrong,5,"tempatnya strategis cocok buat nongkrong
kopi nya manteppp",2025-11-01T15:48:41.378Z,Adam Ramdhani,111282131271736813684,False,0,id,2026-05-04T16:21:53.217977
Ci9DQUlRQUNvZENodHljRjlvT2xocWN6RlZVMWt3ZGpGdU1reEVWVXBuZDBSdmMyYxAB,ChIJl-HTFbYvby4RX6s8jvbQWGA,Sewangi coffee & eatery,Majalengka,Nongkrong,5,Makanan sama minumannya enak apalagi Ayam taliwang nya kopi susunya juga murah cuman 15rb  tapi enak. Walaupun makanannya waiting list tapi wajar si malam minggu rame pol. Bakal jdi tempat favorit buat nongkrong di Majalengka sih. Cafe ya juga nyaman bgt,2025-11-01T15:09:46.508Z,Anne Fitri Maelani,106366494854621092611,False,0,id,2026-05-04T16:21:53.217987
Ci9DQUlRQUNvZENodHljRjlvT2pSWmJERjBNR3B0ZDB4Q1dVMUxjRlJuVGxaWldVRRAB,ChIJFVaxHEgvby4RsONK0D1Qid4,Tigadelapan Majalengka,Majalengka,Nongkrong,1,Sayang saja entah filosofi apa yg dia pakai. sorry sbg wanita dilambangkan sprti ini rasanya tidak elok. cukup kaget sama lambagnya,2026-04-25T04:39:35.106Z,Hani Yuniarti,108810194235173826343,True,0,id,2026-05-04T16:21:53.218009
Ci9DQUlRQUNvZENodHljRjlvT204eWRGZG5SbXQxV1U4elFXVnhWV0pSVWxkTU1VRRAB,ChIJFVaxHEgvby4RsONK0D1Qid4,Tigadelapan Majalengka,Majalengka,Nongkrong,5,"Salah satu tempat ngopi dsn nongkrong yang perlu dikunjungi kalau lagi cari tempat buat chill in di Majalengka. Tempatnya cukup asri, hijau, ada indoor ber-ac juga outdoor yg bisa menikmati angin ngahiliwir.

Pelayanan crew cafe sangat humble, helpful dan paham product knowledge menu yang ditawarkan. Secara harga juga cukup affordable.

Kopi2nya otentik, rasa cukup kuat, cukup variatif dalam pilihan dan recommended. Snacking-nya juga surprisingly enak secara ini di Majalengka. Pizza, burnt cheesecake dan other cheesecake-nya layak dicoba. Hanya dalam platters-nya untuk varian sausage-nya perlu improvement atau changes the sources atau changes the brand, maaf sausage-nya berasa tepung dan gak enak.

Its worth it to visit!!",2026-04-01T02:14:40.396Z,Gunawan Goony,114963945839221076796,True,0,id,2026-05-04T16:21:53.218036
Ci9DQUlRQUNvZENodHljRjlvT2xGeVVsUlpNV2c0WTNSbFRXY3lUbUZoVDJoaVZsRRAB,ChIJFVaxHEgvby4RsONK0D1Qid4,Tigadelapan Majalengka,Majalengka,Nongkrong,2,"Tempatnya kurang terawat dan kotor, banyak menu yang tidak ready juga. Pegawainya banyak santainya.",2026-03-28T10:26:19.463Z,Nocbit Watanabe,117774634334956717531,False,0,id,2026-05-04T16:21:53.218045
Ci9DQUlRQUNvZENodHljRjlvT21SRFdWZEdkakJrTkVOdU15MHlVbll5WTNCZlZIYxAB,ChIJFVaxHEgvby4RsONK0D1Qid4,Tigadelapan Majalengka,Majalengka,Nongkrong,1,"Pelayanan nya cukup lama, waktu hari biasa tax nya seperti biasa, tapi waktu libur lebaran seperti ini kok bisa ya naik 3x lipat dari yang sebelumnya!?",2026-03-24T14:38:06.423Z,Rafi Akbar Rasyid,109464183842111476084,False,0,id,2026-05-04T16:21:53.218054
Ci9DQUlRQUNvZENodHljRjlvT2xaT1FXcENNR3gyUVU5a1YwRmtRVlpGUXpSVFUxRRAB,ChIJFVaxHEgvby4RsONK0D1Qid4,Tigadelapan Majalengka,Majalengka,Nongkrong,1,"Pesen pizza lama2 nunggu 2 jam, pesanan nya kelewat haduhh",2026-03-23T08:02:25.951Z,Leopard brilliant_idea,100846802107428754516,False,0,id,2026-05-04T16:21:53.218098
Ci9DQUlRQUNvZENodHljRjlvT2tSb2VYZEVPVU0zZUZaM1FtRkdPRkF5Y25CclpHYxAB,ChIJFVaxHEgvby4RsONK0D1Qid4,Tigadelapan Majalengka,Majalengka,Nongkrong,5,"Kopi susu gula aren creamy, suasana lesehan asli sunda",2026-03-08T16:14:10.576Z,daruforexid,111354709779419610105,True,0,id,2026-05-04T16:21:53.218116
Ci9DQUlRQUNvZENodHljRjlvT25SZk1uSnhWa0o1VG1WVldIb3RSWHBGTFhScE5WRRAB,ChIJFVaxHEgvby4RsONK0D1Qid4,Tigadelapan Majalengka,Majalengka,Nongkrong,5,"Biasanya rame Skali, sampe susah parkir,
Kali ini..... Leluasa. Yg lain tarawehan 😂😂😂
Vibe nya ok bgts
Kopi nya,.. buat pejuang aslam. Masih ada asemnya, note, Americano item.
Yg lainnya belum coba ✌️
Cheesecake..  ini bikin senyum2. Mantap lah

Overall all. Nice place togo bila sedang trip ke majalengka",2026-03-02T13:00:17.376Z,Sun Arya,114673651322332766424,True,0,id,2026-05-04T16:21:53.218127
Ci9DQUlRQUNvZENodHljRjlvT20xemRWRlpOek0xVUdKdmNsRmlSV3BCVkY5WlZWRRAB,ChIJFVaxHEgvby4RsONK0D1Qid4,Tigadelapan Majalengka,Majalengka,Nongkrong,5,"tempatnya luas bngt, banyak tempat duduk di luar dan di dalam ruangan, tempat parkir lumayan luas di halaman depan, cukup untuk beberapa mobil, toiletnya bersih, ada Mushola juga. paling pnting makanannya enak",2026-01-10T15:59:10.430Z,selie selvia,104145128299854502669,True,0,id,2026-05-04T16:21:53.218156
Ci9DQUlRQUNvZENodHljRjlvT2t0RlJqbFVNa0pqZDE5dGR6TjNRbmd5Y0dWVWNIYxAB,ChIJFVaxHEgvby4RsONK0D1Qid4,Tigadelapan Majalengka,Majalengka,Nongkrong,4,Mahalll polllll😭 main course nya spaghetti??? fr not worth it buat aku yg nyari main course 🍚 🫠 pelayanan nya kurang satset sih,2026-01-10T03:39:07.250Z,Winda Nur Fauziah,117318011532053855525,True,0,id,2026-05-04T16:21:53.218167
Ci9DQUlRQUNvZENodHljRjlvT2pNeVJqSnlXbHBoYzJacVRTMVdObmRoTFhCU1JWRRAB,ChIJFVaxHEgvby4RsONK0D1Qid4,Tigadelapan Majalengka,Majalengka,Nongkrong,5,Tempatnya nyaman,2025-12-24T16:43:49.448Z,Tuti Usmawati,108699787843003466558,True,0,id,2026-05-04T16:21:53.218192
Ci9DQUlRQUNvZENodHljRjlvT2tOcWNucHVSMjB3VjJsRUxXcDFkRlJPYlc5NWMzYxAB,ChIJWZcEcwApby4R0k_8d9WnyL4,Papagesha Kadipaten,Majalengka,Nongkrong,5,"Soal rasaaaa ngga usah tanya, bikin cabang di jatiwangi ke arah utara dong",2025-11-20T09:31:47.951Z,Noviani Triwahyuni,100824621678198746448,True,1,id,2026-05-04T16:21:53.218229
Ci9DQUlRQUNvZENodHljRjlvT2psWmVFUkhOWGxSUmxWb2FFOTBOM05NUldOeGIxRRAB,ChIJWZcEcwApby4R0k_8d9WnyL4,Papagesha Kadipaten,Majalengka,Nongkrong,5,"Tempatnya nyaman buat nongkrong santai, konsepnya simpel tapi hangat. Es kopi susunya enak, rasanya pas, nggak terlalu manis dan ada aroma kopinya. Harganya juga ramah di kantong. Cocok buat kumpul bareng teman atau sekadar ngopi sore. Recommended! ☕✨",2025-06-22T20:07:21.254Z,k,118207686339076502526,True,0,id,2026-05-04T16:21:53.218280
ChZDSUhNMG9nS0VJNy14YlhIcTdUeGZnEAE,ChIJWZcEcwApby4R0k_8d9WnyL4,Papagesha Kadipaten,Majalengka,Nongkrong,5,"pelayanannya ramah, kopinya enak, tempatnya juga strategis langsung keliatan dari jalan utama soo worth it buat nongkrong sama ngopi disini",2025-06-03T15:18:47.442Z,Riri Sri Wulandari Syaharani,108159945698375287910,False,0,id,2026-05-04T16:21:53.218301
ChZDSUhNMG9nS0VJQ0FnSUNYdmJLMEdREAE,ChIJWZcEcwApby4R0k_8d9WnyL4,Papagesha Kadipaten,Majalengka,Nongkrong,5,"Menurut saya menunya sedikit bgt dan kurang banyakk, tempatnya kecil tapi strategis di pinggir jalan raya, pelayanannya ramah, kopi signature papagesha enakk bgt creamy, wajib cobain siiii",2025-04-27T07:39:38.774Z,Reni Marlina,107327385839347292646,True,0,id,2026-05-04T16:21:53.218340
ChdDSUhNMG9nS0VJQ0FnTURJd01EWmh3RRAB,ChIJWZcEcwApby4R0k_8d9WnyL4,Papagesha Kadipaten,Majalengka,Nongkrong,5,Es Kopi Susu nya masih yang terenak yang pernah saya coba 👍,2025-04-06T02:36:55.488Z,Budi Pangestu,117976246029498369847,True,0,id,2026-05-04T16:21:53.218368
Ci9DQUlRQUNvZENodHljRjlvT213elNGQldWMGRNUlhGTmREQnRVbGRpVEhCdVpFRRAB,ChIJl-HTFbYvby4RX6s8jvbQWGA,Sewangi coffee & eatery,Majalengka,Nongkrong,5,"suasananya seru banget, pelayanannya ramah dan jempol lah, untuk makanannya enak semua mulai makanan berat sampai snacknya, walaupun agak lama tapi ya maklum karena malam minggu, tapi makanan yang disediakan enak dan minumannya juga gak kalah Joss❤️😘😘😋🤤",2025-11-01T14:36:13.732Z,Remaja Senja,102709117966433761494,False,0,id,2026-05-04T16:21:53.218411
Ci9DQUlRQUNvZENodHljRjlvT25sTFpqUkNjVU5WTlhoQmFEWllOVmQzWDFZNFFXYxAB,ChIJl-HTFbYvby4RX6s8jvbQWGA,Sewangi coffee & eatery,Majalengka,Nongkrong,5,Makanan nya mantap coy,2025-11-01T14:34:37.809Z,Riki Romadhoni,114621990338169320765,False,0,id,2026-05-04T16:21:53.218421
Ci9DQUlRQUNvZENodHljRjlvT2w5RmVGOUVSblEzVFhNeFZGVktiMUJ3Y0VaUVFYYxAB,ChIJl-HTFbYvby4RX6s8jvbQWGA,Sewangi coffee & eatery,Majalengka,Nongkrong,5,"Tempat nya nyaman dan estetik mewah adem, dan untuk makanan enak jugaa, ga rugi deh datang ke sewangi.  Abang abang waiters nya ramah ganteng juga cihuyyy",2025-11-01T14:31:23.485Z,Muhammad Maulana,107464876722822833098,False,0,id,2026-05-04T16:21:53.218438
Ci9DQUlRQUNvZENodHljRjlvT2tGTU9YWTFXVlEwY2tKWlRYcFBhVEpUYnpZeFJHYxAB,ChIJl-HTFbYvby4RX6s8jvbQWGA,Sewangi coffee & eatery,Majalengka,Nongkrong,1,Udah nunggu 2 jam ternyata belum dibikin,2025-11-01T14:02:39.003Z,Google _C,102093424503794831512,False,0,id,2026-05-04T16:21:53.218448
Ci9DQUlRQUNvZENodHljRjlvT25seFRWUkxYMDVKVEVKNE1tMHRjMFZrWjBWTWJXYxAB,ChIJl-HTFbYvby4RX6s8jvbQWGA,Sewangi coffee & eatery,Majalengka,Nongkrong,1,Waiting 2 WHOLE HOURS FOR NOTHING WOWWWW aint no way dude ts isnt funny,2025-11-01T14:01:32.083Z,Ceko_240,110451998463338543456,False,0,en,2026-05-04T16:21:53.218458
Ci9DQUlRQUNvZENodHljRjlvT25wM1ZVcEhNRFZNU2xoUU5XVnliM2hhUkhWaVFuYxAB,ChIJl-HTFbYvby4RX6s8jvbQWGA,Sewangi coffee & eatery,Majalengka,Nongkrong,5,"BINTANGGG 10000,APALAGIII MATCHA NYAAA🤍",2025-10-30T13:47:49.057Z,Hamidah Rachmanita,107595655694468257767,True,0,id,2026-05-04T16:21:53.218467
Ci9DQUlRQUNvZENodHljRjlvT2paUWIweDZRMU10Wm5oQ1RWQklPR05rT0ZaWk5WRRAB,ChIJl-HTFbYvby4RX6s8jvbQWGA,Sewangi coffee & eatery,Majalengka,Nongkrong,5,"Beli nasi goreng sewangi dan paket liwet rasanya enak banget
Terus rasa kue tiramisunya enak juga sama kopsus nya mantul
Worth it buat keluarga dan nongki bareng temen🥰😋😋",2025-10-02T11:43:35.316Z,Luisviton,111614331023745107036,False,0,id,2026-05-04T16:21:53.218484
Ci9DQUlRQUNvZENodHljRjlvT25Ga1ptdHVUbVJSYVhWcFVsSlFOa3B0WXpGeGFrRRAB,ChIJl-HTFbYvby4RX6s8jvbQWGA,Sewangi coffee & eatery,Majalengka,Nongkrong,3,sengaja mampir kesini jauh jauh dari sumedang hehe mantep sih makanan enak mba nya ramah yg nganter makanan nya,2025-09-30T02:41:44.078Z,alifia putri,103401301433165587099,False,0,id,2026-05-04T16:21:53.218493
ChZDSUhNMG9nS0VJQ0FnSUNQeFkydGVnEAE,ChIJWZcEcwApby4R0k_8d9WnyL4,Papagesha Kadipaten,Majalengka,Nongkrong,5,"kopinya bikin nagih, best banget murah tapi ga murahan",2024-11-26T09:17:52.183Z,Msz_yubyub Channel,100476721758355973637,False,0,id,2026-05-04T16:21:53.218506
ChZDSUhNMG9nS0VJQ0FnSURuNDRMbldREAE,ChIJWZcEcwApby4R0k_8d9WnyL4,Papagesha Kadipaten,Majalengka,Nongkrong,5,Pelayananya baik..,2024-10-09T13:07:41.948Z,Dipo Sindytia Sutandi,102635332745740114692,False,0,id,2026-05-04T16:21:53.218532
ChZDSUhNMG9nS0VJQ0FnSURiZ2RTUlVBEAE,ChIJWZcEcwApby4R0k_8d9WnyL4,Papagesha Kadipaten,Majalengka,Nongkrong,5,Tempat nongkrong. Sambil minum kopi... Hawanya syahdu. Sejuk,2024-08-06T03:14:30.154Z,samijo Darmawan,105240984055556809671,True,0,id,2026-05-04T16:21:53.218571
ChdDSUhNMG9nS0VJQ0FnSUNUcXVDOG1nRRAB,ChIJWZcEcwApby4R0k_8d9WnyL4,Papagesha Kadipaten,Majalengka,Nongkrong,5,"Sayangnya pilihan minuman nya sedikit, karyawan nya enak diajak ngobrol, plus nya ada wifi bagi konsumen",2024-05-13T09:51:05.071Z,Muhammad Dzulkifli Q,112389868285998593977,False,0,id,2026-05-04T16:21:53.218617
ChZDSUhNMG9nS0VJQ0FnSUNEN2VYWVNBEAE,ChIJWZcEcwApby4R0k_8d9WnyL4,Papagesha Kadipaten,Majalengka,Nongkrong,5,"Baika dan ramah, enak untuk di ajak komunikasi, orangnya santun dan selalu baik, ngga pernah membeda bedakan irang yg berkunjung, tetap di layani dgn baik",2024-03-31T11:51:58.938Z,KABANDUNGAN CHANEL,112564328348080004847,False,1,id,2026-05-04T16:21:53.218640
ChZDSUhNMG9nS0VJQ0FnSUNEMHJxc0tBEAE,ChIJWZcEcwApby4R0k_8d9WnyL4,Papagesha Kadipaten,Majalengka,Nongkrong,5,Salah satu coffeshop terbaik yg ada di mjl,2024-03-26T10:55:15.171Z,Fufu Khalfalah,117773430774720549343,True,1,id,2026-05-04T16:21:53.218655
Ci9DQUlRQUNvZENodHljRjlvT2paMGFraG1ibVZYUWxaU1NrbEtVRVpxUm1oblZYYxAB,ChIJFVaxHEgvby4RsONK0D1Qid4,Tigadelapan Majalengka,Majalengka,Nongkrong,5,Kopinya ueenaaak....,2025-12-22T11:27:31.042Z,Agus Chollo,110366687076086826174,True,0,id,2026-05-04T16:21:53.218664
Ci9DQUlRQUNvZENodHljRjlvT21sMFpEVXRPVEJJYkhKQmVtMTRRbVJtZWpGSlprRRAB,ChIJFVaxHEgvby4RsONK0D1Qid4,Tigadelapan Majalengka,Majalengka,Nongkrong,4,"Tempat nya luas,makanan bisa dnikmati anak2 juga",2025-12-19T00:29:21.899Z,laura christianty,109861617555018424829,True,1,id,2026-05-04T16:21:53.218672
Ci9DQUlRQUNvZENodHljRjlvT2tjeFQySnFRemxqZGpCeGNHbFZjVnBuT1hseWVuYxAB,ChIJFVaxHEgvby4RsONK0D1Qid4,Tigadelapan Majalengka,Majalengka,Nongkrong,1,pelayanan jelekkkkkkkkk,2025-12-13T13:10:24.148Z,Cici Ratna suci,105035795597297130067,False,0,id,2026-05-04T16:21:53.218680
Ci9DQUlRQUNvZENodHljRjlvT21GQmFqZE1WMkZRYmpCWFJVZHRVWFpYUm1WZlVWRRAB,ChIJFVaxHEgvby4RsONK0D1Qid4,Tigadelapan Majalengka,Majalengka,Nongkrong,5,"Salah satu Coffeeshop yang oke si Majalengka.
Family friendly",2025-12-06T00:50:55.572Z,Azil,111980496354861678784,True,0,id,2026-05-04T16:21:53.218690
Ci9DQUlRQUNvZENodHljRjlvT25od2JGUjRaREp3YVRsU2JsRXhhREJSUkc0NVdtYxAB,ChIJFVaxHEgvby4RsONK0D1Qid4,Tigadelapan Majalengka,Majalengka,Nongkrong,2,"tanggal 22 november kurang lebih jam 19.00 kasir yg pake kacamata tidak ramah, tidak menunjukan senyum sama sekali pdhl sebagai kasir harus nya punya attitude 5S. Ditambah nanya baik baik untuk kursi sofa yg diluar dijawab ketus bilang harus tamu 5-6 orang pdhl jelas jelas kita tamu 5-6 orang jadi tempat duduk harus pindah pindah ribet",2025-11-22T15:47:10.256Z,ana,115195123159163942461,True,0,id,2026-05-04T16:21:53.218719
Ci9DQUlRQUNvZENodHljRjlvT2pKR1IzQkhhR2RLTVdSRGJIVkJOR0ZyY1ZoWFJHYxAB,ChIJFVaxHEgvby4RsONK0D1Qid4,Tigadelapan Majalengka,Majalengka,Nongkrong,5,"tempatnyaa nyaman bangett, banyak spot yang bisa dipilih dan instagramable bangettt, makanannya enak enakk, pelayanannyaa mantaappp, cocok buatt foto fotooo, pokonyaa haruss mampirrr ke tigadelapan majalengkaaa!!!🤩🤩🤩🤩",2025-11-02T09:43:33.890Z,Ervina Nurdhyani,101718523496120934723,False,0,id,2026-05-04T16:21:53.218737
Ci9DQUlRQUNvZENodHljRjlvT2xsQlZVdEVRbnBQVVRKMFgwbENkVEpWVmxGSmVHYxAB,ChIJFVaxHEgvby4RsONK0D1Qid4,Tigadelapan Majalengka,Majalengka,Nongkrong,5,Nice space to jam with ur assigns!,2025-10-30T15:47:04.439Z,Han Na,108194722352884436731,True,0,en,2026-05-04T16:21:53.218748
Ci9DQUlRQUNvZENodHljRjlvT2tkRFZFTjRhVmh1ZVhOQk1tZGpkemhRWDBReWIxRRAB,ChIJFVaxHEgvby4RsONK0D1Qid4,Tigadelapan Majalengka,Majalengka,Nongkrong,5,"Ok⁉️⁉️ for me this place kinda overprice, tapi worth it kok, not for everyday aja, coffee disini lumayan unik, ada hint buah nyaa, cocok buat yang mau explore new taste and new way too enjoy coffee",2025-10-24T06:12:27.806Z,Anisa Febriyanti,103303584662478485078,True,0,id,2026-05-04T16:21:53.218766
Ci9DQUlRQUNvZENodHljRjlvT2twU2F6UXlPVzlxYnpoNVIzUjJaVWR5U2w5dWVtYxAB,ChIJFVaxHEgvby4RsONK0D1Qid4,Tigadelapan Majalengka,Majalengka,Nongkrong,5,"Tempatnya nyaman, menu2nya enak.
Nyaman buat nongkrong.",2025-10-18T14:46:17.043Z,Yuliana 23,100527092405258898355,False,0,id,2026-05-04T16:21:53.218776
Ci9DQUlRQUNvZENodHljRjlvT25OdFNFeFBlblJFVDJJME5sZGlXVlJRUldkRGJrRRAB,ChIJFVaxHEgvby4RsONK0D1Qid4,Tigadelapan Majalengka,Majalengka,Nongkrong,5,"First date diajak kesinii hhiii,ke walopun udh bbrpa kali ksnii gbkal nemuin kata bosenn appgi with my fav person ahahhaa🥺🤍",2025-10-16T03:34:26.382Z,Ririss,110377111511549369929,True,0,id,2026-05-04T16:21:53.218795
Ci9DQUlRQUNvZENodHljRjlvT2poM2FqbFBSa2xuY0ZGdlUxcDBkSGhDVG5OcGVsRRAB,ChIJFVaxHEgvby4RsONK0D1Qid4,Tigadelapan Majalengka,Majalengka,Nongkrong,1,Ribeut kasir na ga bisa oven bil sagala nyaho tamu bareng datang beda beberapa menit saja,2025-10-09T06:18:55.020Z,Rahayu Mubarok,110488815198551615752,False,0,su,2026-05-04T16:21:53.218822
Ci9DQUlRQUNvZENodHljRjlvT25WeFNqQmZNamhtVkZoTmQyeG9VMlZPUkU5dmJIYxAB,ChIJFVaxHEgvby4RsONK0D1Qid4,Tigadelapan Majalengka,Majalengka,Nongkrong,5,"Nice to know that there’s a peaceful open-space café in Majalengka. Harga kopinya sih udah kayak di Bandung ya. Nyobain tiramisu cakenya enak disantap pas masih dingin. Kesini enaknya sore-sore biar ngadem, tapi aku kesini siang pun masih oke karena bisa pilih indoor dan adem. Colokan juga tersedia.",2025-09-28T10:15:00.883Z,Annisa Fadhila,114360850484887841332,False,0,id,2026-05-04T16:21:53.218840
Ci9DQUlRQUNvZENodHljRjlvT25Wck1XWXRUM0JJYWtoM1puZHFTazFCZVhoWVJWRRAB,ChIJFVaxHEgvby4RsONK0D1Qid4,Tigadelapan Majalengka,Majalengka,Nongkrong,5,"tempatnya nyaman, makanannya enak",2025-09-23T04:39:41.536Z,Conidia Adirenun,100872933589387197245,False,0,id,2026-05-04T16:21:53.218848
ChZDSUhNMG9nS0VJQ0FnSUR0OTdYR1R3EAE,ChIJWZcEcwApby4R0k_8d9WnyL4,Papagesha Kadipaten,Majalengka,Nongkrong,5,Terlengkap d kota subang,2024-02-08T03:45:55.741Z,Perlengkapan Ulang tahun /subang,102544640566161863196,True,0,id,2026-05-04T16:21:53.218873
ChdDSUhNMG9nS0VJQ0FnSUN0eEtldnR3RRAB,ChIJWZcEcwApby4R0k_8d9WnyL4,Papagesha Kadipaten,Majalengka,Nongkrong,5,ngopi? papagesha aja kak,2024-01-29T03:14:32.441Z,Ardi Mardiana,105525972916712165742,True,0,sn,2026-05-04T16:21:53.218886
ChZDSUhNMG9nS0VJQ0FnSUMxMF9iM1N3EAE,ChIJWZcEcwApby4R0k_8d9WnyL4,Papagesha Kadipaten,Majalengka,Nongkrong,5,"Papagesha Cabang Kadipaten, jd lebih dekat",2024-01-03T07:34:36.189Z,Gunawan Wijaksono,110218112311284037508,True,1,id,2026-05-04T16:21:53.218895
ChZDSUhNMG9nS0VJQ0FnSUMxNEozWkNREAE,ChIJWZcEcwApby4R0k_8d9WnyL4,Papagesha Kadipaten,Majalengka,Nongkrong,5,Lebih dekeeeettt 😍,2023-12-20T14:22:36.233Z,Alpiyani Rochendy,107914630354457044503,False,1,id,2026-05-04T16:21:53.218903
Ci9DQUlRQUNvZENodHljRjlvT21kcFUxZHBZakZzVTNCcE5FRndlRFJGV2xONWQwRRAB,ChIJFVaxHEgvby4RsONK0D1Qid4,Tigadelapan Majalengka,Majalengka,Nongkrong,5,"Rekomendasi foto aesthetic, pelayan super ramah",2025-09-21T09:57:03.089Z,Santi San,117792603473223620792,False,0,id,2026-05-04T16:21:53.218934
Ci9DQUlRQUNvZENodHljRjlvT21oNVdUSlZWa1pCVjI0MFZuWmhaRGROVkZSeVgyYxAB,ChIJFVaxHEgvby4RsONK0D1Qid4,Tigadelapan Majalengka,Majalengka,Nongkrong,5,"Pelayanannya baik, tempatnya jugq bagus",2025-09-21T05:40:45.356Z,Ayung Fauzia,109752857389950390731,False,0,id,2026-05-04T16:21:53.218951
Ci9DQUlRQUNvZENodHljRjlvT2tRMExXVmxlR3RRU2pOQ2R6aFFPRk0wZEZSb2MxRRAB,ChIJFVaxHEgvby4RsONK0D1Qid4,Tigadelapan Majalengka,Majalengka,Nongkrong,5,Makanan nya enak pelayanannya juga ramah-ramah,2025-09-16T10:37:50.409Z,Rica Hardianti,100046984355271264097,False,0,id,2026-05-04T16:21:53.218976
Ci9DQUlRQUNvZENodHljRjlvT2tsWVkwMWtTRlJOYldsVVYyTm1Va0pTVkdKMGQyYxAB,ChIJFVaxHEgvby4RsONK0D1Qid4,Tigadelapan Majalengka,Majalengka,Nongkrong,5,"Tempatjya baguss, pelayananya juga bagus. Good deh buat nongkrong",2025-09-15T06:58:17.465Z,Muhammad Fajarr,104312922133885477682,False,0,id,2026-05-04T16:21:53.218984
Ci9DQUlRQUNvZENodHljRjlvT2xJMlJTMDVaV2t6VWs1Nk5rcEhORjlLWTNjeVQzYxAB,ChIJFVaxHEgvby4RsONK0D1Qid4,Tigadelapan Majalengka,Majalengka,Nongkrong,5,cozy bngt tempat nya dan non coffe nya rekomended bngt,2025-09-15T04:50:51.549Z,nindia fauziah,113982319183328668532,False,0,id,2026-05-04T16:21:53.218992
Ci9DQUlRQUNvZENodHljRjlvT21GSExVWXpMVE0yWTB0ZmExWkNaMHBhTTFsMlNGRRAB,ChIJAS7FeyAlby4RW2CAaTljDKg,Garasi 66 Cafe & Resto,Majalengka,Nongkrong,1,"udh bagus tp pelayanan adminnya slowrespon sekali, tidak ada konfirmasi lebih lanjut soal reservasi, padahal sudah di chat dari pagi",2026-03-13T10:24:41.413Z,Aisya Nabila Zara,104971443092237122301,False,0,id,2026-05-04T16:21:53.219027
Ci9DQUlRQUNvZENodHljRjlvT2xwaU5sTjZaMGxQUm1STFJ6Sk5OVEpJWVY5MFEzYxAB,ChIJAS7FeyAlby4RW2CAaTljDKg,Garasi 66 Cafe & Resto,Majalengka,Nongkrong,1,admin wa nya slowresp padahal udh reservasi,2026-03-13T10:23:12.171Z,jacyndry,109658226970399232414,False,0,id,2026-05-04T16:21:53.219040
Ci9DQUlRQUNvZENodHljRjlvT2xaU05YTlRiQzExYlhwbWVuSk9iV2xZVkhkSE1XYxAB,ChIJAS7FeyAlby4RW2CAaTljDKg,Garasi 66 Cafe & Resto,Majalengka,Nongkrong,3,"Makanannya enak, kopinya lumayan enak juga.
Pelayanannya kurang baik, sudah booking dan bayar lunas di depan. Order banyak lebih dari 250rb kalo sesuai syarat cafe harusnya dpt tempat duduk yg lebih nyaman, karena order utk 5 orang dewasa dan 2 anak. sudah konfirmasi juga saat booking. pas nyampe sana ternyata yg disediakan meja bulat kecil yang cukup buat bertiga. Tidak ada permintaan maaf, mereka merasa benar. karena di chat pun ga ada keterangan jelas tempat duduk yg di dapat seperti apa. Kita datang lebih awal jam 17.30. Tapi makanan yg diutamakan disiapkan di meja-meja yg blm ada orangnya. Sedangkan makanan nasi kita datang di jam 18.20 . SEMOGA PELAYANANNYA DIPERBAIKI.",2026-03-10T13:45:32.099Z,savrinadeya shea,114665717505727477694,False,0,id,2026-05-04T16:21:53.219049
Ci9DQUlRQUNvZENodHljRjlvT21KNVRVTlBjbUl4ZDJScmVUQTNXbmRqVlhoVVIyYxAB,ChIJAS7FeyAlby4RW2CAaTljDKg,Garasi 66 Cafe & Resto,Majalengka,Nongkrong,5,"First time ngopi disini, tempatnya cozy, makanannya jga lumayan enak, harga terjangkau. Tempatnya masuk ke gang-an, jd mungkin yg baru pertama kali kesini hrs effort ngemaps dlu klo bukan asli daerah sana wkwk. Tempatnya enak buat hangout sama temen, pacar, keluarga. Mushola sama toiletnya terpisah bangunan dg cafenya. Tp so far pelayanannya bagus.",2026-03-06T13:19:24.556Z,Indah Puspitasari,110357293387138884314,True,0,id,2026-05-04T16:21:53.219070
Ci9DQUlRQUNvZENodHljRjlvT2pGUWJVbENObkZWV0RGWVZqQmpaM0F5T1dOVVkyYxAB,ChIJAS7FeyAlby4RW2CAaTljDKg,Garasi 66 Cafe & Resto,Majalengka,Nongkrong,4,"Minuman enak, makanan datang cepat, bisa request diputerin film dari laptop server, tapi kecewa banget pesen sate taichan 35k dapet lontong frozen dan cuma 5 tusuk. Mending gak usah sedia lontong kalau gak siap, stand by nasi aja daripada ngeluarin lontong dari kulkas.",2026-02-11T14:21:26.612Z,Tito S.,116653427582030173957,True,0,id,2026-05-04T16:21:53.219100
Ci9DQUlRQUNvZENodHljRjlvT21kRGVuTmxPV0oxZUMwMVlubEpXbU42TFZOWmExRRAB,ChIJAS7FeyAlby4RW2CAaTljDKg,Garasi 66 Cafe & Resto,Majalengka,Nongkrong,5,Enak dan nyaman,2026-01-27T08:26:22.148Z,Irvan Susanto,117387729320383762153,True,0,id,2026-05-04T16:21:53.219119
Ci9DQUlRQUNvZENodHljRjlvT2xWNlFsSXdMWEJQUTNOM1F5MUNPUzFUYUZjNWQyYxAB,ChIJAS7FeyAlby4RW2CAaTljDKg,Garasi 66 Cafe & Resto,Majalengka,Nongkrong,5,"Harga nya standar.. ngga semahal cafe2, porsi cukup.. kwetiaw enak,  tp spagetinya kurang.. minuman harga pas tp mantep2. Tempat bersih.",2025-12-28T08:13:00.288Z,Su Rahman,113948625128492776794,True,0,id,2026-05-04T16:21:53.219140
Ci9DQUlRQUNvZENodHljRjlvT2tSWWFHbHZRbVF5UVdZeFZETlNWbWgxTXprdE5GRRAB,ChIJAS7FeyAlby4RW2CAaTljDKg,Garasi 66 Cafe & Resto,Majalengka,Nongkrong,5,"Mulai dari makanan, service, suasananya oke banget. Harganya terjangkau, servicenya baik, suasananya juga nyaman banget buat nongkrong. Dekat dengan mushola, jadi kalau misal datang sore sore keburu maghrib, ga harus jauh jauh nyari tempat sholat, karena di depannya juga ada🤩 Mamang parkirnya juga super ramah. Pokoknya recomended!👌🏻",2025-12-27T06:47:22.405Z,sins,100312018226804521700,True,0,id,2026-05-04T16:21:53.219151
Ci9DQUlRQUNvZENodHljRjlvT2sxQmNsWjRXRFp5Wm1RelkxRlBNSEpJVVVsMGRYYxAB,ChIJAS7FeyAlby4RW2CAaTljDKg,Garasi 66 Cafe & Resto,Majalengka,Nongkrong,5,Cafe nya instagramable banget. Menunya enak2. Pelayanan jg ramah2. Tapi untuk tempat parkir mobil agak terbatas kayanya ya. Untungnya kesana pas lagi ga begitu rame,2025-11-24T15:36:18.347Z,Layna Dewi Fitry,108304286301604880495,True,0,id,2026-05-04T16:21:53.219177
Ci9DQUlRQUNvZENodHljRjlvT25keE1XRjZhbVpyTkhJeGFHUlJhVnAyZEhwWlpVRRAB,ChIJAS7FeyAlby4RW2CAaTljDKg,Garasi 66 Cafe & Resto,Majalengka,Nongkrong,3,Tempat nyman mknan enak..ruang AC tpi panas..saran AC bsa tmbah 1 lgi biar tmbh nymn,2025-09-06T09:48:56.643Z,M. Herlan Setiadi,111551387796245773572,True,0,ms,2026-05-04T16:21:53.219203
Ci9DQUlRQUNvZENodHljRjlvT2xGRmMydGZabGhFZUhKa2R6UTFRWGRoVFVwcVluYxAB,ChIJAS7FeyAlby4RW2CAaTljDKg,Garasi 66 Cafe & Resto,Majalengka,Nongkrong,4,"semua menu enak, nyaman dan pelayanan yang ramah .. terus semangat memperbaiki pelayanan dan sukses.",2025-08-08T11:22:51.057Z,Deassy Arifiani,115489057083378609291,False,0,id,2026-05-04T16:21:53.219212
Ci9DQUlRQUNvZENodHljRjlvT21SbGNFUm1ibTFTVm1kTVZrTnhTV0pRTms5VlZuYxAB,ChIJAS7FeyAlby4RW2CAaTljDKg,Garasi 66 Cafe & Resto,Majalengka,Nongkrong,5,Croisant nya bestttt🥰🥰🥰,2025-07-15T14:37:57.649Z,Chintia Alma Monica,114556490860768795892,False,0,id,2026-05-04T16:21:53.219242
Ci9DQUlRQUNvZENodHljRjlvT204MlEyTjBRbWt0WVhwaWNHZEVSRFoyZDNOTloyYxAB,ChIJAS7FeyAlby4RW2CAaTljDKg,Garasi 66 Cafe & Resto,Majalengka,Nongkrong,5,"Temapat nyaman,service baik,makanan minumannya enak",2025-06-30T04:10:41.674Z,apriyanto kusumawidi,111985193172983734500,True,0,id,2026-05-04T16:21:53.219251
Ci9DQUlRQUNvZENodHljRjlvT25rdFMweDFUVE01WTI1TlEwbHlOek41WVV0dE1YYxAB,ChIJAS7FeyAlby4RW2CAaTljDKg,Garasi 66 Cafe & Resto,Majalengka,Nongkrong,5,Rapat Tim Travel haji dan umroh di cafe ini.Jadi ada ruangan vip dan umum gitu. Luas juga sih cafe nya. Parkiran juga luas ada mushollanya. Good deh buat cafe nya.,2025-06-16T13:19:13.792Z,agus alfajrie,109434338029489252273,True,0,id,2026-05-04T16:21:53.219267
ChdDSUhNMG9nS0VLYUxtY2JJaU9XdHdRRRAB,ChIJAS7FeyAlby4RW2CAaTljDKg,Garasi 66 Cafe & Resto,Majalengka,Nongkrong,5,Keren ini dan enak Coffe nya,2025-06-04T13:47:10.817Z,Pejuang Baitullah,108979763391260723876,True,0,id,2026-05-04T16:21:53.219276
ChZDSUhNMG9nS0VJQ0FnTURJa3MtTkdREAE,ChIJAS7FeyAlby4RW2CAaTljDKg,Garasi 66 Cafe & Resto,Majalengka,Nongkrong,5,"Terbaiiiiik, tempat nyaman buat nongkrong. Bocil friendly",2025-04-08T13:31:18.480Z,Noviani Triwahyuni,100824621678198746448,True,0,id,2026-05-04T16:21:53.219292
ChZDSUhNMG9nS0VJQ0FnTURJa3ZYbVd3EAE,ChIJAS7FeyAlby4RW2CAaTljDKg,Garasi 66 Cafe & Resto,Majalengka,Nongkrong,5,"Suasana nya bener2 nyaman karna dia indor dan kek adem dn mewah gtu
Mam nya real enak enak parahh 1000/10",2025-04-08T13:14:01.358Z,Ima hoeriyah,113909666144472142148,True,0,id,2026-05-04T16:21:53.219300
ChZDSUhNMG9nS0VJQ0FnTUNJdnJlVEVREAE,ChIJAS7FeyAlby4RW2CAaTljDKg,Garasi 66 Cafe & Resto,Majalengka,Nongkrong,5,"suasana enak, bersih, harga standard, recommended lah 😊👌",2025-04-02T10:21:25.900Z,Teguh Waluyo,105615574376790910515,True,0,id,2026-05-04T16:21:53.219309
ChZDSUhNMG9nS0VJQ0FnTUNJcUxudGVnEAE,ChIJAS7FeyAlby4RW2CAaTljDKg,Garasi 66 Cafe & Resto,Majalengka,Nongkrong,3,Dessertnya enak enakkk tp makanan beratnya kurang pdhl waktu itu laper mau buka puasa jd ga abis sama sekali cukup mengecewakan aku waktu itu pesen spageti aglio e elio & classic burger makanan beratnya🥴,2025-03-29T21:34:49.332Z,TANTY HILMIANTY,102616344025448780664,False,0,id,2026-05-04T16:21:53.219318
ChdDSUhNMG9nS0VJQ0FnTUN3djUtNHZRRRAB,ChIJAS7FeyAlby4RW2CAaTljDKg,Garasi 66 Cafe & Resto,Majalengka,Nongkrong,5,"Makanan enak, relatif murah, tempat bersih.
Recomended buat yg mau nongkrong atau ketemuan dengan clien",2025-03-22T10:47:42.706Z,Aji Daud,105444323014330339540,True,0,id,2026-05-04T16:21:53.219348
ChZDSUhNMG9nS0VJQ0FnTUNRdXNhOFZBEAE,ChIJAS7FeyAlby4RW2CAaTljDKg,Garasi 66 Cafe & Resto,Majalengka,Nongkrong,5,cita rasanya mantabs..👍🏻,2025-03-03T19:26:23.591Z,Beny Pinandita,110915241110687339342,True,0,id,2026-05-04T16:21:53.219372
Ci9DQUlRQUNvZENodHljRjlvT2pkYWVrbzRRblJ2VERWcVZEaGpURzlzUlVrelNHYxAB,ChIJXTS3cKshby4RorqwyCiOCc4,Papagesha Rajagaluh,Majalengka,Nongkrong,5,"kopinya enakk, cabang terdekat",2026-02-25T00:12:30.646Z,hilda_kmgyu,116771084755849285691,True,0,id,2026-05-04T16:21:53.219441
Ci9DQUlRQUNvZENodHljRjlvT2t3MGJXbElTVTlQTkZBM2JFVktibmRGY3poa2NtYxAB,ChIJXTS3cKshby4RorqwyCiOCc4,Papagesha Rajagaluh,Majalengka,Nongkrong,2,"Rasa kopi dengan harga segitu menurut saya ga enak, somehow kebanyakan susu juga",2026-02-20T20:02:40.764Z,Tania Ayu,105425116498904245247,False,0,id,2026-05-04T16:21:53.219451
ChdDSUhNMG9nS0VJQ0FnTUNnd3M3YWxnRRAB,ChIJAS7FeyAlby4RW2CAaTljDKg,Garasi 66 Cafe & Resto,Majalengka,Nongkrong,4,"Garasi 66 recommended sekali food & beverages y, variatif & enak², service OK dan suasana ""hommy"" pisaaaaaannnn serasa feel@home 😍😎",2025-02-15T08:33:56.356Z,Farida Hidayat,113385229105221201175,True,0,id,2026-05-04T16:21:53.219553
ChZDSUhNMG9nS0VJQ0FnTURBOGJQR0t3EAE,ChIJAS7FeyAlby4RW2CAaTljDKg,Garasi 66 Cafe & Resto,Majalengka,Nongkrong,5,"wah mantap banget suasananya bikin betah,nanti pokoknya wajib kesana lagi😁👍",2025-02-10T00:09:16.286Z,Koteps,102047414646434781144,False,0,id,2026-05-04T16:21:53.219563
ChZDSUhNMG9nS0VJQ0FnSURfcWJya0dREAE,ChIJAS7FeyAlby4RW2CAaTljDKg,Garasi 66 Cafe & Resto,Majalengka,Nongkrong,4,"makanannya enak, suasana nya kids friendly, cuma pelayanannya kurang memuaskan",2025-01-25T07:10:02.773Z,ana,115195123159163942461,True,0,id,2026-05-04T16:21:53.219580
ChdDSUhNMG9nS0VJQ0FnSURudHNPU3hnRRAB,ChIJAS7FeyAlby4RW2CAaTljDKg,Garasi 66 Cafe & Resto,Majalengka,Nongkrong,5,Tempat dan suasananya cozy banget!! Makanannya enak dan harganya cukup affordable!!,2024-10-05T17:37:55.522Z,Khoirunnisa Hanifah,103574060404842414575,False,0,id,2026-05-04T16:21:53.219625
ChZDSUhNMG9nS0VJQ0FnSURIdXN5REpnEAE,ChIJAS7FeyAlby4RW2CAaTljDKg,Garasi 66 Cafe & Resto,Majalengka,Nongkrong,5,"plsss ini cafe pelayanannya toppppp banget kakanya pada ramah ramah pollll terus murah senyummm, aku minjem gunting juga di ambilin. baikk baikkkk banget deh pokoknya aaaa. kopinya juga enakkk enakkkkk, bakallll ke sini lagi siiiiiii.",2024-09-15T01:45:15.163Z,Giofani Aprilian,109096976641682908640,False,0,id,2026-05-04T16:21:53.219634
ChZDSUhNMG9nS0VJQ0FnSUNQekw3c0l3EAE,ChIJY30txOIlby4RwXqpmwFSKg8,"MIE HUHAH ""BERLEVEL""",Majalengka,Nongkrong,4,"Makanan nya enak, pelayanan nya baik..",2024-11-22T03:44:30.778Z,Ai Siti julaeha,113292344738996797177,False,0,id,2026-05-04T16:21:53.219643
ChdDSUhNMG9nS0VJQ0FnSUM3NzQ3NDZBRRAB,ChIJY30txOIlby4RwXqpmwFSKg8,"MIE HUHAH ""BERLEVEL""",Majalengka,Nongkrong,5,"rasa enak ini di banding mie G yg disana,, pelayanan juga lbh ramahh dsni,, apa lagi??",2024-08-19T12:28:56.401Z,feli ayu,113916132314985798825,False,0,id,2026-05-04T16:21:53.219682
ChZDSUhNMG9nS0VJQ0FnSUNiLWM3Z1RBEAE,ChIJY30txOIlby4RwXqpmwFSKg8,"MIE HUHAH ""BERLEVEL""",Majalengka,Nongkrong,1,Tidak ramah. Kecewa pelyanan jelek kurang memuaskan,2024-07-29T06:32:27.476Z,Adi Aziz,107353726142392523481,False,0,id,2026-05-04T16:21:53.219726
ChdDSUhNMG9nS0VJQ0FnSUNiLWZieDh3RRAB,ChIJY30txOIlby4RwXqpmwFSKg8,"MIE HUHAH ""BERLEVEL""",Majalengka,Nongkrong,1,Pelayanan buruk. Kecewa,2024-07-29T06:30:34.309Z,Yuli Stiani,118158818833950921641,False,0,id,2026-05-04T16:21:53.219738
ChdDSUhNMG9nS0VJQ0FnSUNicnNlZ3hnRRAB,ChIJY30txOIlby4RwXqpmwFSKg8,"MIE HUHAH ""BERLEVEL""",Majalengka,Nongkrong,4,"Hari ini adalah pertama kalinya saya dan istri makan di sini, untuk makanan saya akui enak dengan harga yg cukup terjangkau. Yang membuat kami kecewa ketika nota pesanan kami hilang sehingga pesanan yg sudah kami tunggu jadi semakin lama. Dan saya kira akan ada kompensasi setelah mereka melakukan kesalahan, ternyata tidak.",2024-07-27T08:58:56.734Z,Rai Rianto,113851552067180346518,False,0,id,2026-05-04T16:21:53.219748
ChRDSUhNMG9nS0VJQ0FnTUNva0tnZxAB,ChIJXTS3cKshby4RorqwyCiOCc4,Papagesha Rajagaluh,Majalengka,Nongkrong,5,"Tolong tetap buka sampai lebaran tahun depan, karena bakal kesini terus",2025-04-14T10:11:09.642Z,Hamas Fadila Susanto,107390059465281542348,True,0,id,2026-05-04T16:21:53.219810
ChZDSUhNMG9nS0VJQ0FnSURiOVlQYUpnEAE,ChIJXTS3cKshby4RorqwyCiOCc4,Papagesha Rajagaluh,Majalengka,Nongkrong,5,Cepet simpel sih,2024-08-08T01:22:35.690Z,Momok soang,108119159538888396837,True,0,id,2026-05-04T16:21:53.219868
ChZDSUhNMG9nS0VJQ0FnSUNqaXU2MUtnEAE,ChIJXTS3cKshby4RorqwyCiOCc4,Papagesha Rajagaluh,Majalengka,Nongkrong,5,kopinya jgan ditanya lagi uenak poll,2024-04-19T23:18:44.853Z,Bellyni A'Bilqis,108639334804308145396,False,0,id,2026-05-04T16:21:53.219927
ChZDSUhNMG9nS0VJQ0FnSUNkOG9qQmFBEAE,ChIJXTS3cKshby4RorqwyCiOCc4,Papagesha Rajagaluh,Majalengka,Nongkrong,5,Saya kasih bintang 5 ya. Kopi susu papa Enak buanget,2024-02-14T07:58:09.964Z,Iwang id,117388181744129090196,True,1,id,2026-05-04T16:21:53.219935
ChdDSUhNMG9nS0VJQ0FnSUMxb29hTzRnRRAB,ChIJXTS3cKshby4RorqwyCiOCc4,Papagesha Rajagaluh,Majalengka,Nongkrong,4,"Pas kesana kebetulan sedang sepi jd bisa damai mengerjakan tugas, walaupun pinggir jalan tp waktu itu masih bisa fokus nugas + demus. Minumannya oke bgt buat nemenin nugas makanannya juga enak pas itu beli kentangnya rekomended pelayanannya ramah.",2023-12-26T08:11:54.640Z,Dewi Shofarotu R,112242549901317152031,True,1,id,2026-05-04T16:21:53.219954
ChdDSUhNMG9nS0VJQ0FnSURKbVBqUjhBRRAB,ChIJXTS3cKshby4RorqwyCiOCc4,Papagesha Rajagaluh,Majalengka,Nongkrong,5,Lokasi di rajagaluh pinggirjalan.parkir mobil susah.tapi kopinya enaaaaqqqq bgt.aku beli yg kopi susu,2023-07-10T08:46:21.264Z,wiwik setianingrum,108644969306908755258,True,1,id,2026-05-04T16:21:53.219963
ChZDSUhNMG9nS0VJQ0FnSUNock5MRGJnEAE,ChIJXTS3cKshby4RorqwyCiOCc4,Papagesha Rajagaluh,Majalengka,Nongkrong,5,Japanese nya mantap..,2023-02-07T06:33:26.269Z,deny chia,110109754371225596288,True,0,id,2026-05-04T16:21:53.219987
ChZDSUhNMG9nS0VJQ0FnSURCcHZQYVp3EAE,ChIJXTS3cKshby4RorqwyCiOCc4,Papagesha Rajagaluh,Majalengka,Nongkrong,4,"Friendly server and easy to order. Thought the signature drink (Eskosu) is a bit too much on the creamer/milk, makes me barely could taste the coffee.",2023-01-18T10:35:33.461Z,Indra Subagja,101829583636802215423,True,0,en,2026-05-04T16:21:53.219998
Ci9DQUlRQUNvZENodHljRjlvT2s0eU9YQTFaMnRsUXpWS1VreHBOWHBuVUhWQ2FFRRAB,ChIJd_EkD0w3by4RpjB1X8QWB-M,Marlina Kopi,Majalengka,Nongkrong,5,"enak tempatnya, pelayanannya juga oke.. makanan cepet datangnya, staff nya gercep dan ramah""",2026-05-02T13:28:38.802Z,Puji Trilestari,104080527443315210132,False,0,id,2026-05-04T16:21:53.220008
Ci9DQUlRQUNvZENodHljRjlvT2tScmJGSjJZbk5PTTBkeE5ETlNhR0l0V25aa1gwRRAB,ChIJd_EkD0w3by4RpjB1X8QWB-M,Marlina Kopi,Majalengka,Nongkrong,1,"pelayanan sangat buruk,nunggu 1 jam lbh pas sampe makanan nya rasa nya kacau ayam kyk sudah lama di ricebowl nya dan yang paling parah pelayan wanita yang di panggil pura2 gak liat",2026-04-19T01:17:08.086Z,Laksamana Fitra,113259496324246612285,False,0,id,2026-05-04T16:21:53.220019
Ci9DQUlRQUNvZENodHljRjlvT2pGUk1pMVFTbWxLZDNOWVpHMXRkV2xmUldoNVluYxAB,ChIJd_EkD0w3by4RpjB1X8QWB-M,Marlina Kopi,Majalengka,Nongkrong,3,"makan disana nunggu lama bgt,dah gt pas dateng makanan nya ancur rasa nya,dah gt aslii yg paling parah mba mba waiter nya di pnggl pura pura gak liat dan gak denger aslii buruk pelanyanan nya kira makan disana krn asli gak ada pilihan tempat lain krn kt nginap di hotel marlina nya,untung pelayanan hotel nya oke tp utk resto parah bgt aslii,dan jam sarapan di jam 9 pg agak aneh sih kt dah keburu laper akhr nya order makanan di luar hotel",2026-04-19T01:03:08.831Z,fitra laksamana,112369572228323597320,False,0,id,2026-05-04T16:21:53.220029
Ci9DQUlRQUNvZENodHljRjlvT205R2NYVmZTWGhmT0ZSNFozWjNaQzAxZWxCbWNYYxAB,ChIJd_EkD0w3by4RpjB1X8QWB-M,Marlina Kopi,Majalengka,Nongkrong,5,"Cuaca yang sejuk dan sangat asri sangat nyaman, juga makanan yang enak dan tentu saja lengkap mulai dari makanan ringan sampai makanan berat, semuanya ada dengan konsep kekinian..tempat luas dan sangat teduh cocok untuk reuni,kumpulan,bahkan untuk acara keluarga ataupun kantor",2026-04-18T17:40:57.027Z,Rizka Sagara,116989010942927875559,False,0,id,2026-05-04T16:21:53.220038
Ci9DQUlRQUNvZENodHljRjlvT2pOUFdXWldZMjFCWjE5TVV6VjRNMGhoUjJGM2VXYxAB,ChIJd_EkD0w3by4RpjB1X8QWB-M,Marlina Kopi,Majalengka,Nongkrong,5,"Menemukan permata tersembunyi di Lemahsugih! Marlina Kafe menawarkan konsep yang sangat menarik dengan suasana yang menyejukkan. Makanannya enak, porsinya pas, dan kualitas bahannya segar. Sangat cocok untuk bersantai di akhir pekan bersama orang tersayang. Stafnya ramah dan sangat membantu. Suasana kafe yang tenang bikin betah berlama-lama. Sangat direkomendasikan bagi siapa saja yang mencari tempat makan enak dan nyaman!",2026-04-18T17:37:54.590Z,Dina kania,113827337827860908905,False,0,id,2026-05-04T16:21:53.220047
Ci9DQUlRQUNvZENodHljRjlvT2s1VlFrbFBZbXBZZFZwR1VsbGhjV2cyTTJ0dWVIYxAB,ChIJd_EkD0w3by4RpjB1X8QWB-M,Marlina Kopi,Majalengka,Nongkrong,5,"Menemukan permata tersembunyi di Lemahsugih! Marlina Kafe menawarkan konsep yang sangat menarik dengan suasana yang menyejukkan. Makanannya enak, porsinya pas, dan kualitas bahannya segar. Sangat cocok untuk bersantai di akhir pekan bersama orang tersayang. Stafnya ramah dan sangat membantu. Suasana kafe yang tenang bikin betah berlama-lama. Sangat direkomendasikan bagi siapa saja yang mencari tempat makan enak dan nyaman!",2026-04-18T17:37:54.535Z,Savannah Clemens,103422232252950604243,False,0,id,2026-05-04T16:21:53.220056
Ci9DQUlRQUNvZENodHljRjlvT2xWU1puZFdjM1JVU0ZkVWVtazFSalpzUlRnek5XYxAB,ChIJd_EkD0w3by4RpjB1X8QWB-M,Marlina Kopi,Majalengka,Nongkrong,5,"Rekomendasi tempat nongkrong paling oke di Lemahsugih! Marlina Kafe punya pilihan menu yang beragam dan rasanya lezat semua. Kopi dan camilannya juara! Tempatnya bersih, tertata rapi, dan suasananya sangat mendukung untuk berbincang santai. Pelayanannya sangat ramah dan bikin betah. Benar-benar destinasi kuliner yang menyenangkan. Sangat senang bisa berkunjung ke sini. Sukses terus untuk Marlina Kafe!",2026-04-18T17:36:01.652Z,Yoona Salsabila,106648361042349429298,False,0,id,2026-05-04T16:21:53.220067
ChdDSUhNMG9nS0VJQ0FnSUMtb3FPRXl3RRAB,ChIJd_EkD0w3by4RpjB1X8QWB-M,Marlina Kopi,Majalengka,Nongkrong,5,Suasananya enak sejuk..makanannya  biasa saja..lalatnya yg luar biasa mengganggu  dan bikin jijay .. pengelola coba sediakan lalat trap...lem lalat simpan di area tempat makan,2026-04-12T06:54:44.003Z,andy troyandi,100518274161990118443,True,1,id,2026-05-04T16:21:53.220077
Ci9DQUlRQUNvZENodHljRjlvT21sTmFteDJURTEyY0ZkM2QwZFRXVXd3WDFadFYxRRAB,ChIJd_EkD0w3by4RpjB1X8QWB-M,Marlina Kopi,Majalengka,Nongkrong,5,Karena waktu mampir pas jalur balik maka antriannya 2 jam + makanan saayana ajah,2026-04-08T10:22:00.235Z,Suwala Perdana,105340845648387720350,True,0,id,2026-05-04T16:21:53.220102
Ci9DQUlRQUNvZENodHljRjlvT2s1QlJETjRZV1JPTkRCQ1owbGFhRmx0WW5wNGFWRRAB,ChIJd_EkD0w3by4RpjB1X8QWB-M,Marlina Kopi,Majalengka,Nongkrong,5,"tempat makan, nongkrong,ngopi di suasana pegunungan. akses jalan msh oke",2026-04-04T09:19:45.950Z,yusup encuerror,115379106856070077592,True,0,id,2026-05-04T16:21:53.220120
Ci9DQUlRQUNvZENodHljRjlvT2kxWWJIUnZXalowTW5OMVRqbHhZakJyUkhCWmQwRRAB,ChIJd_EkD0w3by4RpjB1X8QWB-M,Marlina Kopi,Majalengka,Nongkrong,4,"Harga makanan menu oke lah buat di cafe yang view dan ambience nya ngalam

Nasi gorengnya enak, tapi kalau rice bowl ayamnya sorry (kaya kurang fresh, tapi habis anyway karena sayang?)

Terus ada banyak lalat ):

Would be better kalo di meja ada lilin? karena serangga kaya lalat itu banyan mondar mandir dan ganggu

Aku selalu ke sini sih setiap ke mjk",2026-03-31T12:59:24.300Z,Dama,103547202102568802405,True,0,id,2026-05-04T16:21:53.220138
Ci9DQUlRQUNvZENodHljRjlvT2t3d1N6bHFaM2RoY0ZaU1FsbG9iMUJIVG1KRmJGRRAB,ChIJd_EkD0w3by4RpjB1X8QWB-M,Marlina Kopi,Majalengka,Nongkrong,4,"Kafe yang enak buat nongkrong, cuma karena di tempat terpencil dan jarang, jadi ramai terus",2026-03-30T12:06:35.281Z,nugraha sarengat,103469962710240094505,True,0,id,2026-05-04T16:21:53.220150
Ci9DQUlRQUNvZENodHljRjlvT25GNk1XODFlRGxsVFhnNFFrUk9iMFpCZWtaRlNVRRAB,ChIJd_EkD0w3by4RpjB1X8QWB-M,Marlina Kopi,Majalengka,Nongkrong,1,"Kecewa berat, pelayanan kurang memuaskan, waktu bukber sudah pesen dan chat adminnya, tapi ketika mau di bawa pesenan nya gak ada di list..",2026-03-30T05:19:46.553Z,Duda Keren,100984940420380481689,False,0,id,2026-05-04T16:21:53.220160
Ci9DQUlRQUNvZENodHljRjlvT2xGdVYzZGZkRkJGYm05a1pGQnJja2R3YjB4ZlNIYxAB,ChIJd_EkD0w3by4RpjB1X8QWB-M,Marlina Kopi,Majalengka,Nongkrong,4,"ada yang harus di perbaiki baik dari segi harga dan ketersediaan menu ,saran saja untuk ukuran gelas yang agak lebih besar agar sebanding dengan harganya ,, untuk rasa dan suasana memang top terimakasih 🙏 semoga saran dari saya menjadi koreksi untuk perusahaan anda agar lebih memuaskan pelanggan",2026-03-28T03:55:28.386Z,dara novita,115347206733485851262,False,1,id,2026-05-04T16:21:53.220170
Ci9DQUlRQUNvZENodHljRjlvT25seFZqbHJlVmd4TVRRMmQzbGlNbWxVYUc1WFNHYxAB,ChIJd_EkD0w3by4RpjB1X8QWB-M,Marlina Kopi,Majalengka,Nongkrong,2,"untuk makanan, harga dan suasana sangat oke, tapi dalam pelayanann terutama kasir mohon lebih di tingkatkan lagi dalam berkomunikasi smaa ekspresi wajahnya.. terimakasih.",2026-03-26T09:33:26.318Z,cintamaull 2103,106389691102216796279,False,0,id,2026-05-04T16:21:53.220186
Ci9DQUlRQUNvZENodHljRjlvT21WUmQzVjBSMjV5UjJsWFJsVjBORlF3V0VkQ1RVRRAB,ChIJd_EkD0w3by4RpjB1X8QWB-M,Marlina Kopi,Majalengka,Nongkrong,1,"Makanannya B aja dan agak pricey.
Pelayanan sangat kurang.
Suasana nya B aja bahkan kurang tertata dengan rapi.
Antri super lama",2026-03-23T12:19:11.836Z,Beni Setiawan,112975786709726777141,True,0,id,2026-05-04T16:21:53.220195
Ci9DQUlRQUNvZENodHljRjlvT2s1YVJUZ3liVU5aUm1KRFJXdENhQzFXZVVwcGJYYxAB,ChIJd_EkD0w3by4RpjB1X8QWB-M,Marlina Kopi,Majalengka,Nongkrong,1,"service lama, antri doang 2 jam",2026-03-23T06:58:12.974Z,Dini Novianti,107458296847866797383,False,0,id,2026-05-04T16:21:53.220204
Ci9DQUlRQUNvZENodHljRjlvT21GMFNWWlhkVEp5UkV3elQyMDRlRkkyV0VKR1VGRRAB,ChIJvfYF8_Ylby4RpSB3y-miUVA,Duahiji Coffee & Tea,Majalengka,Nongkrong,2,"Bill tagihan,, alias bukan lunas, mohon kpd cashier cowk yg sesuai kl krj. Kpd ownr hati2 kpd kryawan spt ini 🙏",2025-06-23T16:43:03.195Z,Asep Irawan,113544207850300312002,False,0,id,2026-05-04T16:21:53.220278
ChdDSUhNMG9nS0VJQ0FnTUR3bV9uazB3RRAB,ChIJvfYF8_Ylby4RpSB3y-miUVA,Duahiji Coffee & Tea,Majalengka,Nongkrong,4,"makanannya lumayan enak,tapi pelayanan nya lama bangettttt,kasian yg lagi puasa blm minum minum",2025-03-28T11:53:32.393Z,Dinar Nuraisyah,102602914898909051066,False,0,id,2026-05-04T16:21:53.220310
ChdDSUhNMG9nS0VJQ0FnSUNudjdMYXNnRRAB,ChIJvfYF8_Ylby4RpSB3y-miUVA,Duahiji Coffee & Tea,Majalengka,Nongkrong,5,Tempat yang bagus dan nyaman,2024-10-01T17:15:28.141Z,Haris Adzie Vidia,111926024204519394693,True,0,id,2026-05-04T16:21:53.220339
Ci9DQUlRQUNvZENodHljRjlvT2poWk5UaDRkVlpLTTFCcFVXZzBUVGRTUjBsMGQxRRAB,ChIJd_EkD0w3by4RpjB1X8QWB-M,Marlina Kopi,Majalengka,Nongkrong,1,"Bad service, lelet, bad attitude cashier, kapok",2026-03-23T06:55:41.115Z,Risa Rayani,105482038096504820261,False,0,id,2026-05-04T16:21:53.220369
Ci9DQUlRQUNvZENodHljRjlvT25Kck1GVkNPVTF5VW0xdFVFVjVTMVp0VFU5dVpXYxAB,ChIJd_EkD0w3by4RpjB1X8QWB-M,Marlina Kopi,Majalengka,Nongkrong,1,"kecewa dengan ketelitian staf kasir. saya sudah antre satu jam dan menunggu pesanan keluar satu jam lagi, tapi ternyata ada menu yang saya pesan tidak diinput ke sistem. padahal saya sudah memastikan ketersediaan menu tersebut dua kali saat memesan dalam jumlah banyak untuk keluarga. staf terlihat kurang fokus dan tidak serius melayani di tengah antrean yang sangat padat. sebagai pengunjung dari luar kota, manajemen pelayanan di sini sangat tidak menghargai waktu pelanggan. cukup sekali saja saya berkunjung",2026-03-22T18:33:34.792Z,aisyaa r,107612587287604680657,False,0,id,2026-05-04T16:21:53.220378
Ci9DQUlRQUNvZENodHljRjlvT21sSGNUaFZOekJ4TW5WelQxcFFTUzFGVFRCek1uYxAB,ChIJd_EkD0w3by4RpjB1X8QWB-M,Marlina Kopi,Majalengka,Nongkrong,2,"Aku pesen makan sekitar jam 2 setelah ngantri 30 menitan, pas udh di kasir mbanya banyak ngelamun bahkan aku ngulang ngomong pesenan pun gak kedengeran sama mbanya, abis itu nunggu minumannya kira kira 30 mnt terus makanannya baru dateng jam setengah 5, setelah nunggu selama itu pesenan aku ternyata udh pada dingin jadi rasanya kurang maksimal apalagi buat dinilai, mie kuah bandung, spaghetti, dimsum, sama egg beef burgernya. Roti burgernya bukan yg lembut dan padet gitu, trs dagingnya keras, coffe latte nya cukup manis bukan yg strong, pesen cireng juga tapi gak dateng pas ditanyain katanya lagi sibuk mungkin banyak pelanggan jadi yaudah. Wifi nya gangguan dan gak ada musik sedangkan sinyal juga agak susah apalagi pas hujan jadi ini lumayan mengganggu apalagi dengan waktu tunggu pesanan yg lama, mungkin bisa disediakan board games biar gak terlalu boring. Pas hujan deres airnya nyiprat banyak karena area semi outdoor jadi semua meja digeser ketengah, pas hujan itu juga ada katak loncat ke meja:( Pengunjungnya banyak banget hari itu jadi mungkin banyak faktor juga yg bikin pelayanannya seperti ini, semoga kedepannya bisa diperbaiki yaa",2026-03-22T17:14:33.900Z,Imas Dewi Rani,111058366944750463801,False,0,id,2026-05-04T16:21:53.220387
Ci9DQUlRQUNvZENodHljRjlvT21WeGJEUjJNbmRPZFcxbFZHZHVjRTQ0ZFZOc1ptYxAB,ChIJd_EkD0w3by4RpjB1X8QWB-M,Marlina Kopi,Majalengka,Nongkrong,2,"Saya order rice bowl nasi nya keras, fire wings ayam nya bau seperti sudah beberapa hari di kulkas saos nya juga kurang, ramen nya kurang, kentang goreng nya lumayan. Alat makan cuma dikasih sendok plastik yang mudah patah.

Dari segi pelayanan agak kurang, karena sedang memberikan pelayanan malah ngobrol sama rekan kerja nya sampe saya harus ngulang pesanan.

Sarannya mungkin kualitas bahan baku lebih ditingkatkan dan untuk karyawannya tolong diberikan training agar lebih baik.",2026-03-19T13:13:38.111Z,Rima Ismayanti,103333554136172888745,False,0,id,2026-05-04T16:21:53.220399
Ci9DQUlRQUNvZENodHljRjlvT2tKTlUzQlBkRTk2YVdobVNraDJNVXBVY1VOdVdWRRAB,ChIJd_EkD0w3by4RpjB1X8QWB-M,Marlina Kopi,Majalengka,Nongkrong,4,"Pengalaman yang sangat buruk masa buka puasa makan nasi. Nasinya dingin keras, ayam nya keras. Berasa makan batu.",2026-03-17T11:44:20.313Z,Khozan Arsyad,112470738202194015625,False,0,id,2026-05-04T16:21:53.220408
Ci9DQUlRQUNvZENodHljRjlvT2xabmVIaGxWVlZNWWxOclJFZFZNVzFXWkRGMGQxRRAB,ChIJd_EkD0w3by4RpjB1X8QWB-M,Marlina Kopi,Majalengka,Nongkrong,1,"tempat oke, makanan nya LAMAAAA BGT padahal udah reservasi dari jauh jauh hari",2026-03-07T11:47:35.602Z,nindya berliana,105179943628154394138,False,0,id,2026-05-04T16:21:53.220418
Ci9DQUlRQUNvZENodHljRjlvT2tVek1YSmpWSEJXTTBGcFUyTm1lR1ZOYkVaV1FsRRAB,ChIJd_EkD0w3by4RpjB1X8QWB-M,Marlina Kopi,Majalengka,Nongkrong,5,"Malam tahun baru di sini terasa sangat meriah dan seru dengan guest star dari luar, makanan minuman cukup enak 👍",2026-02-26T08:24:08.897Z,Adam_Amirul,101436203039994285147,True,0,id,2026-05-04T16:21:53.220435
Ci9DQUlRQUNvZENodHljRjlvT2taMGIxazRSR2sxY1hKbWNtcFZWelV6UVhGTVVVRRAB,ChIJd_EkD0w3by4RpjB1X8QWB-M,Marlina Kopi,Majalengka,Nongkrong,1,Pelayanan buruk,2026-02-24T02:15:16.965Z,TiskoNet Tasone,113514877206743399955,True,0,id,2026-05-04T16:21:53.220446
Ci9DQUlRQUNvZENodHljRjlvT2kxU1ZEQTNaSFpQYlMxR2RVTlBYM1YxVlU5MFoxRRAB,ChIJd_EkD0w3by4RpjB1X8QWB-M,Marlina Kopi,Majalengka,Nongkrong,5,"Kafe nyaman, tempatnya adem sahdu enak buat berlama lama santai..
Makananya enak ikan bakarnya khas lembut empuk dan enak.. saran sambel jgn terlalu pedas jadi kurang menikmati rasa autentik sambalnya..",2026-02-14T10:33:28.395Z,De arRubby,104668991906658188223,True,0,id,2026-05-04T16:21:53.220468
Ci9DQUlRQUNvZENodHljRjlvT21KNFVuSmZOa0pSYlRWNVowWXRlSE51ZWxSdlJsRRAB,ChIJd_EkD0w3by4RpjB1X8QWB-M,Marlina Kopi,Majalengka,Nongkrong,5,Suasananya seruu beneran nyaman,2026-01-22T07:18:28.043Z,The Dream Show,117173515527891755308,False,0,id,2026-05-04T16:21:53.220499
Ci9DQUlRQUNvZENodHljRjlvT2pOWWFXWXhWVjlIYlRFNVF6SkxWbUpyVDI5eVFXYxAB,ChIJd_EkD0w3by4RpjB1X8QWB-M,Marlina Kopi,Majalengka,Nongkrong,5,Tempat sangat sejuk cocok buat nongkiii dan pelayanan sangat ramahh 🤩🤩,2026-01-10T07:01:49.208Z,Laelatul Fitriah,116723920307984240257,False,0,id,2026-05-04T16:21:53.220507
Ci9DQUlRQUNvZENodHljRjlvT2tsSVJtMHRhRkpsTlZSWVkyOXBWWGRVVkdoUVVGRRAB,ChIJd_EkD0w3by4RpjB1X8QWB-M,Marlina Kopi,Majalengka,Nongkrong,1,"Kurang worth it perjalanan tempuh sejam lebih, nyampe sana beli rice bowl ditake away cuma pake sterofom dan dilapisi plastik bening, minimal pake paper bowl, tukang rice bowl pinggir jalan aja pake paper bowl ini sekelas cafe pake sterofom dan plastik 🙃.
Makanan kurang semua, masaknya kaya asal2an, ricebowl aja ga ada timun / seladanya. Chicken katsu hambar, ayam geprek Cenghar ga ngerti jga itu sambel apaan ga ada arah dan tujuan sambelnya, pedes ngga asin jga ngga. Kalo nasi goreng enak yg lain kurang. Tolong lebih ditingkatkan lagi semuanya. Cukup sekali kesana dan ga akan balik lagi.",2026-01-08T09:28:32.067Z,Riley Carr,107231514439095872804,False,0,id,2026-05-04T16:21:53.220516
Ci9DQUlRQUNvZENodHljRjlvT2pCeldtZG5UMFE1WVZkRFFUUXhhbDlSUW10WU1uYxAB,ChIJd_EkD0w3by4RpjB1X8QWB-M,Marlina Kopi,Majalengka,Nongkrong,5,"Chicken Katsu, Ice Cream, Coffee, Bomboloni",2026-01-02T14:15:09.542Z,Daniel Kris Hamonangan Sitompul,113439252133000652151,True,0,en,2026-05-04T16:21:53.220531
Ci9DQUlRQUNvZENodHljRjlvT201RlRESm1UMGRsWW5aU01VZERhbTVOZUVoRGFHYxAB,ChIJW3OpQ7clby4Rp2osIZNz8eo,Mamirin,Majalengka,Nongkrong,5,wajib mampir sihhh ke mamirin💋,2026-04-18T07:47:00.114Z,Hani Nuraeni,100521571745181076533,False,0,id,2026-05-04T16:21:53.220564
ChZDSUhNMG9nS0VJQ0FnSURyMkszUEpBEAE,ChIJW3OpQ7clby4Rp2osIZNz8eo,Mamirin,Majalengka,Nongkrong,5,"Tempat area AC-nya nyaman, pelayanannya juga ramah & cepat.
Hakata saikoro beef ramen & Niku Udonnya enak banget, imho mungkin ini yang paling enak yang pernah sy rasa di Majalengka.
Varian menu lain yang dicoba jg overall enak2..",2026-04-04T15:52:20.782Z,Sean Rozano,107951829661634257742,True,0,id,2026-05-04T16:21:53.220601
Ci9DQUlRQUNvZENodHljRjlvT2xOcldXMVVZVEZZTTNCTk1XMXlkM2hSVlhNeVpVRRAB,ChIJW3OpQ7clby4Rp2osIZNz8eo,Mamirin,Majalengka,Nongkrong,5,"Makanannya enak, porsinya kenyang banget, pelayanannya cepat, tempatnya nyaman, toiletnya bersiiiiiiiih. Terima kasih yaaa... Mampir dalam perjalanan menuju Bandung di jam makan siang. Kalau lewat majalengka lagi wajib mampir ini mah.",2026-03-27T14:58:13.926Z,Dini Permatasari,105507801275126947763,False,0,id,2026-05-04T16:21:53.220609
Ci9DQUlRQUNvZENodHljRjlvT2psbmJYbHBiMXBoV0MxUGVXOTVOSFZaUjBnM1kwRRAB,ChIJW3OpQ7clby4Rp2osIZNz8eo,Mamirin,Majalengka,Nongkrong,5,"Tempat bangus , nyaman ..
Makanan nya juga enak² .. cocok untuk acara kumpul keluarga ato kumpul bersama temen²😍😍",2026-03-16T05:36:47.478Z,vie febrian,104540327132693582261,False,0,id,2026-05-04T16:21:53.220629
Ci9DQUlRQUNvZENodHljRjlvT25Sc1VtWlNjVkJJT0hsWlZWODRkVm8xWXpoSFEyYxAB,ChIJW3OpQ7clby4Rp2osIZNz8eo,Mamirin,Majalengka,Nongkrong,4,"Buka bersama disini...harga cukup tinggi sekali, mushola kecil banget asa tidak sepadan dgn harga",2026-03-10T03:01:17.050Z,Aljauzi Channel,103076279296241368698,True,0,id,2026-05-04T16:21:53.220637
Ci9DQUlRQUNvZENodHljRjlvT2tGalYyUkhaMVY2UldSalNYTldaM1pVVUhoaFFsRRAB,ChIJW3OpQ7clby4Rp2osIZNz8eo,Mamirin,Majalengka,Nongkrong,5,Kafe yang strategis di pusat kota Majalengka dengan makanan dan minuman yang enak enak,2026-02-04T07:43:43.821Z,djonih sos,118049003351458428815,True,0,id,2026-05-04T16:21:53.220659
Ci9DQUlRQUNvZENodHljRjlvT21wc1ZtMURMV0UyUTJSUU5YSmlVMVpQZERsd05rRRAB,ChIJW3OpQ7clby4Rp2osIZNz8eo,Mamirin,Majalengka,Nongkrong,5,Mantap.. Ga usah ragu gaes rekomended,2026-02-03T12:57:05.565Z,Dina Fitri,113254054118640353146,False,0,id,2026-05-04T16:21:53.220667
Ci9DQUlRQUNvZENodHljRjlvT2tSemJFeHFkM1F5UVRCNVgwdDRkMnhPTTFvMlUzYxAB,ChIJW3OpQ7clby4Rp2osIZNz8eo,Mamirin,Majalengka,Nongkrong,5,"Maa Syaa Allah resto terenak di Majalengka
Dr pertama masuk, udah dikasih suguhan label halal di plangnya, menjanjikan in syaa Allah semua hidangan dsni Halal...
Dgn harga yg dilampirkan dan suguhan porsi& kualitas rasa sangat sangat worth it... baiknya klo dtg ksni dlm keadaan perut lg benar2 laparrrr, jd g sampe kekenyangan
Selalu berkah usahanya & pertahankan kualitas, barokallahu fiikum...",2026-01-25T10:38:06.118Z,endah lucky,108581657780382233566,False,0,id,2026-05-04T16:21:53.220682
ChZDSUhNMG9nS0VJQ0FnSURqdmVYdWJnEAE,ChIJvfYF8_Ylby4RpSB3y-miUVA,Duahiji Coffee & Tea,Majalengka,Nongkrong,5,Tempat yg nyaman buat nongrong brg teman,2024-05-06T17:03:39.950Z,Rreyalrifa,101906566074428827672,True,0,id,2026-05-04T16:21:53.220715
ChZDSUhNMG9nS0VJQ0FnSUNqN09DZlF3EAE,ChIJvfYF8_Ylby4RpSB3y-miUVA,Duahiji Coffee & Tea,Majalengka,Nongkrong,4,Tempat yang bagus dan tenang,2024-04-18T16:53:33.116Z,Adi Pratama,116835937092778762608,True,0,id,2026-05-04T16:21:53.220725
ChdDSUhNMG9nS0VJQ0FnSUREbl9yVDF3RRAB,ChIJvfYF8_Ylby4RpSB3y-miUVA,Duahiji Coffee & Tea,Majalengka,Nongkrong,4,"kita review makanan nya dulu.
Saya pesan 2minuman, cika dan ciko. lalu untuk makanan nya saya pesan risol ayam dan kentang goreng.
- Cika coffee = Menurut saya kopinya terlalu banyak susu, ini bukan creamy tapi lebih ke susu nya yang di banyakin.
- Ciko coffee = Justru kopi yang ini yang lebih enak, ini seperti kopi KSK punya FM tapi lebih ke less sugar.
- French fries = biasa aja, kentang di goreng kasih cocolan saus
- Risol ayam = biasa aja, di goreng biasa.
Mungkin menu untuk makanan nya harus lebih di banyakin lagi sih ya.

Review pelayanan nya
- sumpah semua makanan yang di sajikan sudah dingin, dan lama banget datang nya. bahkan es kopi yang saya pesan es nya sudah cair karena kelamaan di kasih ke kita nya. makanan yg di sajikan ke kita dan ke customer yg baru datang barengan 🙂. Mungkin karena lagi banyak customer jadi pelayan nya bingung tapi harusnya bisa di antisipasi ya.

Review Tempat dan Suasana
- untuk lantai paling atas menurut ku lampu nya terlalu gelap ya karena itu depan nya area persawahan jadi kurang pencahayaan nya, kebetulan kami datang kesana di malam hari. daripada ada tempat lesehan lebih baik pakai bangku dan meja kecil aja sih, apalagi itu mejanya dari keramik kurang ok. dan untuk tangga nya mungkin bisa di renov lebih baik lagi.",2024-04-16T04:23:46.077Z,Tita Sri Monika,116844606697647724994,False,0,id,2026-05-04T16:21:53.220743
ChZDSUhNMG9nS0VJQ0FnSUNCMy1PbU5BEAE,ChIJvfYF8_Ylby4RpSB3y-miUVA,Duahiji Coffee & Tea,Majalengka,Nongkrong,5,"Recommended Poko na mah,,sok kalap Ai order di sini teh,,,apalagi tempat nya,,duh bikin candu pisan...",2023-10-09T09:42:19.088Z,Kang Achri,103585411206516988380,True,1,su,2026-05-04T16:21:53.220815
ChZDSUhNMG9nS0VJQ0FnSUNwbEpxNkZBEAE,ChIJvfYF8_Ylby4RpSB3y-miUVA,Duahiji Coffee & Tea,Majalengka,Nongkrong,5,"Untuk rasa kopinya lumayan.
Suana adem, langsung memandang perbukitan.",2023-07-29T09:21:47.491Z,Ali Anwar,109838155621993485923,True,0,id,2026-05-04T16:21:53.220838
ChZDSUhNMG9nS0VJQ0FnSUR1NVl6ZVl3EAE,ChIJvfYF8_Ylby4RpSB3y-miUVA,Duahiji Coffee & Tea,Majalengka,Nongkrong,5,"Cafe yg recommended, cocok untuk kumpul bersama teman krn dilengkapi dengan games seperti uno, uno stacko, dan catur. Pilihan menu yang ditawarkan juga cukup beragam.",2023-07-01T15:39:59.382Z,Hesyandi,115916615834820966667,True,0,id,2026-05-04T16:21:53.220863
Ci9DQUlRQUNvZENodHljRjlvT210a2J5MHpaVXQyYVc5TmMxRXRUMDVEVlU1SVdIYxAB,ChIJd_EkD0w3by4RpjB1X8QWB-M,Marlina Kopi,Majalengka,Nongkrong,5,"Cafe dengan konsep outdoor ya yg di tonjolkan, pernah 2 kali ke sini untuk melepas penat sekedar ngopi dan jajan, dari daerah saya sekitar 1 jam, karena tempatnya di bukit jadi perjalanan pastinya naik turun ya dengan jalan pas""'san, bisa di bilang seperti itu
Makanan: enak setandar caffe ya waktu itu saya pesen dimsumnya
TMinuman: Enak jUga ada coffe khasnya dari biji apa gituh saya lupa, tapi ya enak
Atmosfer: luas karena banyak tempat, banyak spot nongkrongnya juga,
Layanan: cepat, Ok
Harga: setandar Cafe lah ya mulai dari 15 k",2026-01-02T11:05:45.796Z,Hud Hud,114068680996132095509,True,0,id,2026-05-04T16:21:53.220872
Ci9DQUlRQUNvZENodHljRjlvT21ZNVJHNTFPRmxRUjJSU0xWbzFhVkJQYUVwcFUyYxAB,ChIJd_EkD0w3by4RpjB1X8QWB-M,Marlina Kopi,Majalengka,Nongkrong,5,"makanan enak enakk semuaaa , tempat oke, prlayanan cepettt. dikira bakal biasa hihi👍👍",2026-01-02T07:54:31.147Z,VIRDA LUTVIA RESFA,111465681037925040240,False,0,id,2026-05-04T16:21:53.220881
Ci9DQUlRQUNvZENodHljRjlvT2xNNWNrTnBaRjlpYjJKb1VsbEJWRzB4T0haMGQzYxAB,ChIJd_EkD0w3by4RpjB1X8QWB-M,Marlina Kopi,Majalengka,Nongkrong,1,Cukup 1 kali ke sini. Pesan makanan 8 item di kirim 3 kali.,2026-01-01T08:32:32.314Z,Yopi Setiabudi Jauhari,111839361447608980421,False,0,id,2026-05-04T16:21:53.220890
Ci9DQUlRQUNvZENodHljRjlvT25kaGVuQklkVU5UYjE5RE5GZFJRM0JtZW1wbk5HYxAB,ChIJd_EkD0w3by4RpjB1X8QWB-M,Marlina Kopi,Majalengka,Nongkrong,1,"Lama banget pelayananya, sampe nunggu sejam, keburuu kenyaaang jadi pesanannya kesalip sama yang lainn",2026-01-01T08:02:42.864Z,Ai Chintya Ratnawati,114107398738293417839,True,0,id,2026-05-04T16:21:53.220898
Ci9DQUlRQUNvZENodHljRjlvT25kcVNWTnRiR2xMTlVoYU1GRlpWVXRYUzNoTFoxRRAB,ChIJd_EkD0w3by4RpjB1X8QWB-M,Marlina Kopi,Majalengka,Nongkrong,1,"Tempat nya enak dan lumayan lah buat liburan
Kalau masalah harga kl ukuran majalengka agak mahal mungkin jual tempat. Yg lebih mengecewakan lagi kita pesan makanan nunggu sampe 1 jam dan akhirnya kita cancel malah yg pesan belakangan disediakan lebih awal. Baiknya kl caffe itu minuman dulu lah di sajikan.",2026-01-01T07:57:46.321Z,Aef Syaiful Anwar,110338938273274802183,True,0,id,2026-05-04T16:21:53.220907
Ci9DQUlRQUNvZENodHljRjlvT201YVNXbDBNVVpyTTIwMGQyRXlWbEpDUjNoM2QzYxAB,ChIJd_EkD0w3by4RpjB1X8QWB-M,Marlina Kopi,Majalengka,Nongkrong,5,Cafe dengan review terbaik,2025-12-29T15:24:36.149Z,sonny Paracraftz,112763191120178552003,True,0,id,2026-05-04T16:21:53.220930
Ci9DQUlRQUNvZENodHljRjlvT2pKaVgxWkVURWRzZHpWNVJrRXRTMlozVVd0c1VYYxAB,ChIJd_EkD0w3by4RpjB1X8QWB-M,Marlina Kopi,Majalengka,Nongkrong,5,"Ga nyangka, dengan harga segitu dapet porsinya lumayan gede dan ga ada yg zonk ..
Tahu lada garam nya enakk. Soft sekalih...
Pisang goreng gula aren nya jg enak..
SOP ayam nya ga nyangka itu jg enak seger mantap.
Staff nya ramah2 dan baik semua..",2025-12-25T11:36:24.510Z,Lucy hidayati j,116571920996325900031,True,0,id,2026-05-04T16:21:53.220946
Ci9DQUlRQUNvZENodHljRjlvT25WSVFtMUtlVlZwVGxOTVRrMVZXbkZFWmpCUmFYYxAB,ChIJW3OpQ7clby4Rp2osIZNz8eo,Mamirin,Majalengka,Nongkrong,5,"Kalau mau cari Resto dengan penyajian yg apik dan cepat, porsi besar, rasa enak, tempat yg nyaman,Mamirin bisa jadi referensi, Thanks to Mas Waiter’s nya karena gercep mengamankan si meong, ini buat saya nilai plus karena sepeduli itu Resto dg kenyamanan pengunjung. Mamirin makes my lunch perfect",2026-01-11T11:54:37.918Z,Indri Astuti,104605522248038496240,True,0,id,2026-05-04T16:21:53.220975
Ci9DQUlRQUNvZENodHljRjlvT2pkS2JHVmZZM1JYUVU1dlRFWkhhRXR2YTJoNGNWRRAB,ChIJW3OpQ7clby4Rp2osIZNz8eo,Mamirin,Majalengka,Nongkrong,5,Makanannya enak,2026-01-10T08:24:33.346Z,Deden Kurniawan Army,106015861481698350172,True,0,id,2026-05-04T16:21:53.220984
Ci9DQUlRQUNvZENodHljRjlvT21OdVlubHJlbkl6T1VKWGIzY3dMVEJyZVhJMWFuYxAB,ChIJW3OpQ7clby4Rp2osIZNz8eo,Mamirin,Majalengka,Nongkrong,5,"tempat nyaman,, menunya uenak pool,, pelayanannya cepat dan ramah",2026-01-04T05:42:15.388Z,Jejeh Hujaepah,111221805972327863165,False,0,id,2026-05-04T16:21:53.221006
Ci9DQUlRQUNvZENodHljRjlvT2s5RFZuSkRhR1pRZDBkSVVGRm1XbXBLYjBKNlNXYxAB,ChIJW3OpQ7clby4Rp2osIZNz8eo,Mamirin,Majalengka,Nongkrong,5,nyaman tempatnya,2026-01-02T13:34:06.261Z,athaya nurafifah,118047984708513438759,False,0,id,2026-05-04T16:21:53.221032
Ci9DQUlRQUNvZENodHljRjlvT2s5SmIxaHVhRmhQZWt4NFNsZG9WRXBRUWpoMWVIYxAB,ChIJW3OpQ7clby4Rp2osIZNz8eo,Mamirin,Majalengka,Nongkrong,5,Enakk mantull buat nongki di majalengka sambil nugass,2026-01-02T13:33:51.635Z,Tsari Alfyani,100249171260088805465,False,0,id,2026-05-04T16:21:53.221040
Ci9DQUlRQUNvZENodHljRjlvT2pNeWQxSjBSM0ptTUVOQlpGZENSVkJ5ZUZSUGNXYxAB,ChIJW3OpQ7clby4Rp2osIZNz8eo,Mamirin,Majalengka,Nongkrong,5,"Makanan & minumanya enak
Bumbunya berani",2026-01-02T07:53:16.249Z,Ahmad Agus S,116189706132137275839,True,0,id,2026-05-04T16:21:53.221048
Ci9DQUlRQUNvZENodHljRjlvT21Wd1ZXUTBkVU5VZEZSUFMyRjViWE5YTkRJM2RVRRAB,ChIJW3OpQ7clby4Rp2osIZNz8eo,Mamirin,Majalengka,Nongkrong,5,Tempat pertemuan diskusi da bercerita paling nyaman dimajalengka 🥳,2025-12-12T04:23:35.371Z,Leddy Drisman,111953026666197810530,True,0,id,2026-05-04T16:21:53.221070
Ci9DQUlRQUNvZENodHljRjlvT2tOTVdrMXVhWFZRV1VWUGEwRnFPVUZTWVdWYU1YYxAB,ChIJW3OpQ7clby4Rp2osIZNz8eo,Mamirin,Majalengka,Nongkrong,5,"Cafe ini terletak dijantung kota majalengka tepatnya depan alun2 cigasong
Suasana nyaman, pelayanan oke, menu banyak, makanan cocok dilidah, harga terjangkau",2025-11-02T11:15:31.238Z,Andy Andy,103705977022256783831,True,0,id,2026-05-04T16:21:53.221129
Ci9DQUlRQUNvZENodHljRjlvT2xGWGMxbGZTRzFIV1hsTmFtRndjV3hWWkdOWE1FRRAB,ChIJW3OpQ7clby4Rp2osIZNz8eo,Mamirin,Majalengka,Nongkrong,5,Pengen kesana lagi,2025-10-29T19:36:25.402Z,Karim Pamela,101135268508103131706,True,0,id,2026-05-04T16:21:53.221139
Ci9DQUlRQUNvZENodHljRjlvT25Kd1JHazVlV2h2VEdNdFdIZEVRbVZxZFVGTVpsRRAB,ChIJW3OpQ7clby4Rp2osIZNz8eo,Mamirin,Majalengka,Nongkrong,5,"Mau makan enak porsi besar.... yok makan di sini... banyak macamnya, mulai yg tradisional kayak mie godhok, soto betawi,   rawon, menu asia seperti ramen, dll... yurop juga ada....  semuanya uwenaaak... kuenyaaang...  harganya masih terjangkau.. asal jangan tiap hari 😄...tapi ada kritik dikit yaaa.... di sini gak ada fresh juice... saya minta teh sereh juga gak ada 😅",2025-09-30T13:08:03.982Z,Q Q Tea,110717767931756936156,True,0,id,2026-05-04T16:21:53.221157
Ci9DQUlRQUNvZENodHljRjlvT2xSdldtVXdURU5XTldJeFZFdDZhMnBvVmxWRFVHYxAB,ChIJW3OpQ7clby4Rp2osIZNz8eo,Mamirin,Majalengka,Nongkrong,5,Enak pisan pokokna mah...kalian harus nyoba,2025-09-22T13:07:31.925Z,Aries Firmansyah_150,113279901328511351091,True,0,su,2026-05-04T16:21:53.221167
Ci9DQUlRQUNvZENodHljRjlvT21seWNXRjJia2RCZWxsR1ZVUmljM0kzZEZkUlRsRRAB,ChIJp8Q7dUclby4Rs9Cm0KI3ZPM,Buddys Coffee & Grill,Majalengka,Nongkrong,5,Saya kira tempatnya biasa saja gataunya enak bngt buat nongki santai,2026-05-03T20:49:10.614Z,JONATHAN AGUSTIA RASULI,114604924318485652693,True,0,id,2026-05-04T16:21:53.221176
Ci9DQUlRQUNvZENodHljRjlvT21WU1FubE5lWGRsVGtsWmF6RlNSRlJMUkZNeFMzYxAB,ChIJp8Q7dUclby4Rs9Cm0KI3ZPM,Buddys Coffee & Grill,Majalengka,Nongkrong,5,Nice place for chilling…,2026-05-01T07:09:37.900Z,Jemani,104846353091058838904,True,0,en,2026-05-04T16:21:53.221198
Ci9DQUlRQUNvZENodHljRjlvT21WNVZqUXlha2hYVUhCTk1HdGZkbWxZYVRaYU1YYxAB,ChIJp8Q7dUclby4Rs9Cm0KI3ZPM,Buddys Coffee & Grill,Majalengka,Nongkrong,5,Tempat dan makanannya nyaman dan enak. Bisa diulangi lagi makan disini besok lusa,2026-05-01T06:25:18.409Z,Firman Maulana,115629697182168905920,True,0,id,2026-05-04T16:21:53.221206
Ci9DQUlRQUNvZENodHljRjlvT2t0UGJFTXRNRlV0Ym5NMU1rczVhbkpoYjA4eGIzYxAB,ChIJp8Q7dUclby4Rs9Cm0KI3ZPM,Buddys Coffee & Grill,Majalengka,Nongkrong,5,Kopi arennya enak,2026-04-13T09:39:21.982Z,Alif NH,116038884875018879976,True,0,id,2026-05-04T16:21:53.221237
Ci9DQUlRQUNvZENodHljRjlvT2psR05WTTJUVEZ6WlRaRFNHNXlkVEJsWkVWclZrRRAB,ChIJp8Q7dUclby4Rs9Cm0KI3ZPM,Buddys Coffee & Grill,Majalengka,Nongkrong,5,"Bagus sekali, sangat rekomendasi👍
Pelayanan bagus, informatif dan ramah, good job. Makanan dan minuman enakkkk dan terjangkau. Khususnya untuk suasanaaa 10000/10, nyamaan sekali, adem, tenang dan dapet banget ambience nya. Kalo udah rameee, tetappp dijagaa dan ditingkatkan lagiiii yg bagus2nya, 💯",2026-04-11T07:39:03.948Z,Dzikry D,102561830824216927397,True,0,id,2026-05-04T16:21:53.221253
Ci9DQUlRQUNvZENodHljRjlvT2tkbllqQnJRMEZ5WkVwRWRGOW5abUZuWVVaMVIxRRAB,ChIJp8Q7dUclby4Rs9Cm0KI3ZPM,Buddys Coffee & Grill,Majalengka,Nongkrong,5,"Kafe ini menghadirkan suasana yang sangat menenangkan dengan hamparan pesawahan yang hijau dan luas sebagai pemandangan utama. Udara sejuk dan alami berpadu dengan suasana yang nyaman, membuat setiap momen terasa lebih santai dan damai. Tempat ini cocok untuk melepas penat sambil menikmati minuman hangat atau hidangan ringan, ditemani pemandangan alam yang begitu menyejukkan hati.",2026-04-01T05:55:58.363Z,HAN'S Verrater,108513984697986590574,True,0,id,2026-05-04T16:21:53.221269
Ci9DQUlRQUNvZENodHljRjlvT2xGUmVWSkVkRmxJT0VSQ2FFVnVNa0pDYUhJM1pXYxAB,ChIJp8Q7dUclby4Rs9Cm0KI3ZPM,Buddys Coffee & Grill,Majalengka,Nongkrong,5,"ayam taliwang, sop iga sama katsunya GONG SEKALIII😭🫶🏻 mau balik lagi kalo ada kesempatan waktu balik kampuungg",2026-03-26T07:30:05.191Z,Toko Amis,101409889294831294377,False,0,id,2026-05-04T16:21:53.221284
Ci9DQUlRQUNvZENodHljRjlvT2xWRmQxODNTemwwZG5ZeFducEVRMWRmZUZSbWRYYxAB,ChIJp8Q7dUclby4Rs9Cm0KI3ZPM,Buddys Coffee & Grill,Majalengka,Nongkrong,1,"Pelayanan makanan datangnya lamaaaaa, nasi agak keras dan ayamnya terasa alot,r rsa hambarr, Nasi gorengnya kurang enak, tidak sesuai harganya yang mahal. Free salad buahnya ada yang asem. 👎👎👎",2026-03-13T22:37:32.821Z,Renova Station,116200258987308699016,True,0,id,2026-05-04T16:21:53.221315
Ci9DQUlRQUNvZENodHljRjlvT21oT05rVmFkRk54ZURkdE5IUnhha3h2VW1OdFFsRRAB,ChIJp8Q7dUclby4Rs9Cm0KI3ZPM,Buddys Coffee & Grill,Majalengka,Nongkrong,3,"bad experience wajar namanya juga pembeli ada rasa kecewanya yang tidak sesuai mah, semoga kedepannya lebih baik lagi...
thx",2026-03-11T05:08:13.406Z,VENDA,104650453035830666245,False,0,id,2026-05-04T16:21:53.221324
ChdDSUhNMG9nS0VJQ0FnSURSaWFuSnRnRRAB,ChIJvfYF8_Ylby4RpSB3y-miUVA,Duahiji Coffee & Tea,Majalengka,Nongkrong,5,"Cocok untuk tempat Nongkrong kumpul bareng teman-teman, untuk fasilitas disediakan berbagai macam mainan untuk menambah keseruan ketika quality time. Harga dari minuman standar cafe dengan banyak pilihan menu. Untuk tempat parkir aga susah ketika banyak pengunjung.",2023-04-28T03:41:24.979Z,Anggun Lestary bahari,111338065118501412811,False,0,id,2026-05-04T16:21:53.221355
ChdDSUhNMG9nS0VJQ0FnSUNSbHRMbXpBRRAB,ChIJvfYF8_Ylby4RpSB3y-miUVA,Duahiji Coffee & Tea,Majalengka,Nongkrong,5,Harus Reservasi dulu nggk kalau buat Bukber?,2023-04-01T02:39:56.775Z,Max-Pro Digital Printing,100765754254580317465,True,0,id,2026-05-04T16:21:53.221373
ChdDSUhNMG9nS0VJQ0FnSURoNHFHQjBBRRAB,ChIJvfYF8_Ylby4RpSB3y-miUVA,Duahiji Coffee & Tea,Majalengka,Nongkrong,5,Bagus tempatnya,2023-03-05T03:48:46.313Z,sulis tiono,116424537405699101306,True,0,id,2026-05-04T16:21:53.221395
ChZDSUhNMG9nS0VJQ0FnSUNoM2NIWVh3EAE,ChIJvfYF8_Ylby4RpSB3y-miUVA,Duahiji Coffee & Tea,Majalengka,Nongkrong,5,"Pertama di sini dan baru pesan dua jenis minuman, matcha dan kopi susu, agak kemanisan untuk keduanya. Mungkin menu lain ada yang oke, cuma belum sempat mencicip saja.
Terus buat note bintang lima di sini untuk tempat dan suasananya sih. Cozy. Tempat boleh dibilang kecil, tapi muat buat banyak orang. Lantai 1 untuk parkiran, coffee bar ada di lantai 2 dan lantai 3 jadi rooftop, kalau malam cerah cocok banget sepertinya di rooftop ini.",2023-02-20T03:53:46.897Z,Radityo Kuswihatmo,105690880320367299682,True,0,id,2026-05-04T16:21:53.221412
Ci9DQUlRQUNvZENodHljRjlvT21wUlJuaDFOVlZOVUd4eGMyZFlWR2xLVmpoQlNGRRAB,ChIJW3OpQ7clby4Rp2osIZNz8eo,Mamirin,Majalengka,Nongkrong,5,Nasi campur Bali di mamirin enak banget kalian harus cobain!!!😍,2025-09-20T11:39:00.863Z,Nida Rezkia,116478189962891664137,True,0,id,2026-05-04T16:21:53.221434
Ci9DQUlRQUNvZENodHljRjlvT2xKcFJYWlBTVkkyTWpCSkxYRktZVU5CY0dwSlUyYxAB,ChIJW3OpQ7clby4Rp2osIZNz8eo,Mamirin,Majalengka,Nongkrong,5,Tempat ngafe di majalengka enakenak makanan dan minumannny,2025-09-07T17:34:42.870Z,DiEDU Channel,105471987239490203000,True,0,id,2026-05-04T16:21:53.221443
Ci9DQUlRQUNvZENodHljRjlvT2w5T1IwUm5OMjgxWm1rM1dVZzVkbTFwVW1sUk5sRRAB,ChIJW3OpQ7clby4Rp2osIZNz8eo,Mamirin,Majalengka,Nongkrong,5,"IT'S EASIEST 10/10, The price is sooo worthhhh, and the taste?? dang it.. wonderful mane",2025-08-29T09:30:12.871Z,Biney Moser,102436563233605221814,True,0,en,2026-05-04T16:21:53.221451
Ci9DQUlRQUNvZENodHljRjlvT2xSNWFEZE5ZM0ZxZFdabVdGTTVURFpCVVZwdU1HYxAB,ChIJW3OpQ7clby4Rp2osIZNz8eo,Mamirin,Majalengka,Nongkrong,5,"Serving ok, taste ok bangeut, ada AC lagi 🤩 tapi kayaknya dibanding caffee sekitar paling mahal. Beda kelas, nais sih ada opsi.

Note : dengan kelas yg berbeda, banyak Hal kecil yg harus diliat, salahsatunya, walaupun sudah last order, jangan clean area saat Masih ada cust👌🏾

Overall worthed",2025-08-24T07:06:41.369Z,Sun Arya,114673651322332766424,True,0,id,2026-05-04T16:21:53.221474
ChZDSUhNMG9nS0VJQ0FnSUQ1NHVMbWV3EAE,ChIJW3OpQ7clby4Rp2osIZNz8eo,Mamirin,Majalengka,Nongkrong,5,Tempat piknik paling asik sambil makan stik,2025-07-25T00:28:52.832Z,Pandu Rahadian,105994811576991786087,True,1,id,2026-05-04T16:21:53.221483
Ci9DQUlRQUNvZENodHljRjlvT201RFRrdGZiMkUyUlZWV1JYTmFjamxNYjNGaGVVRRAB,ChIJW3OpQ7clby4Rp2osIZNz8eo,Mamirin,Majalengka,Nongkrong,4,"Menu oke, pelayanan oke, tempat nya bagus jg CUMA perbaikan buat ramen yg ditake away itu tolong jgn cm pake keresek aja. kan bisa beli bowl gitu buat take away biar ngga malu2in. mks",2025-07-03T08:12:53.000Z,marklee29,103511968842355578619,False,0,id,2026-05-04T16:21:53.221511
Ci9DQUlRQUNvZENodHljRjlvT214NlJVSnhZekkzU25ZNFRuTmZVekpuV25Ka1RrRRAB,ChIJW3OpQ7clby4Rp2osIZNz8eo,Mamirin,Majalengka,Nongkrong,5,Overall makanannya enak dan affordable,2025-06-27T06:48:28.665Z,Ega Risnatayuga,109729442758766806101,True,0,id,2026-05-04T16:21:53.221528
Ci9DQUlRQUNvZENodHljRjlvT2tsdlRtUnZhMVJOTldKTFJXeEJVRWRmWVdOVldFRRAB,ChIJp8Q7dUclby4Rs9Cm0KI3ZPM,Buddys Coffee & Grill,Majalengka,Nongkrong,5,Sangt is the best buddys coffee,2026-02-11T11:53:03.668Z,Dea Nadi,111240703112554801845,False,0,en,2026-05-04T16:21:53.221541
Ci9DQUlRQUNvZENodHljRjlvT2xNMVMyWm9iR1JxZFc5b04xODBSMU54VG14U1luYxAB,ChIJp8Q7dUclby4Rs9Cm0KI3ZPM,Buddys Coffee & Grill,Majalengka,Nongkrong,5,Tempatnya nyaman dan bersih,2026-02-08T11:45:20.475Z,Gusthand,102855941062881204155,False,0,id,2026-05-04T16:21:53.221549
Ci9DQUlRQUNvZENodHljRjlvT2sxS1JYZzRUalpJT0RST2NqSnlOVVI1Y0cwMVdHYxAB,ChIJp8Q7dUclby4Rs9Cm0KI3ZPM,Buddys Coffee & Grill,Majalengka,Nongkrong,5,Kedai Kopi dengan nuansa bali... Kopinya nikmat 👍,2026-01-26T05:09:56.537Z,Kang Dhani Waja,103865931321412483791,True,0,id,2026-05-04T16:21:53.221581
Ci9DQUlRQUNvZENodHljRjlvT21Kd1IyMUtjbFZVTUZNM1REVktNM2g0ZFdJNFFVRRAB,ChIJp8Q7dUclby4Rs9Cm0KI3ZPM,Buddys Coffee & Grill,Majalengka,Nongkrong,5,"Cukup enak dan Affordable, Suasana nya nyaman karena di dataran tinggi.",2026-01-22T09:27:25.614Z,Ari K Santayuda,101355922606908047602,True,0,id,2026-05-04T16:21:53.221590
Ci9DQUlRQUNvZENodHljRjlvT21SNGVHcHZibGcwVGt4eFpHeEtjRFI1TFZWek5VRRAB,ChIJp8Q7dUclby4Rs9Cm0KI3ZPM,Buddys Coffee & Grill,Majalengka,Nongkrong,5,"Kafe di Majalengka Dengan nuansa khas Bali yang Instragramable. Cocok untuk makan bareng atau sekedar ngopi2 cantik bersama sahabat maupun keluarga.
Disini Makanan dan minuman nya enak enak ...harga masih terjangkau",2026-01-07T15:13:38.232Z,desi rosida,100727114782745655092,True,0,id,2026-05-04T16:21:53.221599
Ci9DQUlRQUNvZENodHljRjlvT2pkaVNqaDZaV3hZT1ZSaVlqWnBTbTlYU2tSRGVWRRAB,ChIJp8Q7dUclby4Rs9Cm0KI3ZPM,Buddys Coffee & Grill,Majalengka,Nongkrong,3,Yes untuk makanannya,2025-12-30T13:01:30.783Z,Sapudin Batubara,109996580035221832169,False,0,id,2026-05-04T16:21:53.221615
Ci9DQUlRQUNvZENodHljRjlvT2tsUlIwTklkWEJRZEdGRE4wVmhPRUU1TkcxTWFWRRAB,ChIJp8Q7dUclby4Rs9Cm0KI3ZPM,Buddys Coffee & Grill,Majalengka,Nongkrong,5,"makan dll menurut saya oke banget cuman untuk suasana, terutama musim hujan sangat mengerikan karena tidak ada bagunan di sekitar dan rawan petir",2025-12-01T10:29:51.539Z,Lanang Purwaraksa,103562962145429763811,False,0,id,2026-05-04T16:21:53.221646
Ci9DQUlRQUNvZENodHljRjlvT2xwb1VVdFpVSGs0YkZoRWRXdDVlbUoxVlZKaWJWRRAB,ChIJp8Q7dUclby4Rs9Cm0KI3ZPM,Buddys Coffee & Grill,Majalengka,Nongkrong,4,Ksana pas musim hujan. Baiknya ada pelayanan Payung sm kang parkir nya,2025-11-20T08:14:43.094Z,Ade TM,115009587175921064706,True,0,id,2026-05-04T16:21:53.221662
Ci9DQUlRQUNvZENodHljRjlvT2xsalRuWTJhR1ZvUkZVdFZTMXFhbXh2Vmw5T01WRRAB,ChIJp8Q7dUclby4Rs9Cm0KI3ZPM,Buddys Coffee & Grill,Majalengka,Nongkrong,4,"Nyaman,,enak buat foto2,,,sipp",2025-11-09T15:43:09.654Z,Rahma Islamiati,103207130037006844511,True,0,id,2026-05-04T16:21:53.221677
ChZDSUhNMG9nS0VJQ0FnSUR4dU56VUZnEAE,ChIJp8Q7dUclby4Rs9Cm0KI3ZPM,Buddys Coffee & Grill,Majalengka,Nongkrong,5,"Tempatnya bagus,, makannya juga enak dan kopi nyaa juga mantap ❤",2025-10-18T07:22:50.193Z,Deasy Permata,117061848780415515151,True,3,id,2026-05-04T16:21:53.221686
Ci9DQUlRQUNvZENodHljRjlvT2xOSVUyRXhUSHBDTjFWYVVubFNjRU41ZGpob1ZuYxAB,ChIJzYHlCkUvby4RsSaSMYT_kAs,Kedai KopiApik,Majalengka,Nongkrong,3,"punten a lebih baik dianter dari pada kita yg bawa pesenan , kadang saya sebagai pembeli harus bulak balik buat ngambil. Jadi pelayanannya kurang terasa",2026-05-04T13:01:54.516Z,Halo Riot,103947454960928338210,False,0,id,2026-05-04T16:21:53.221708
Ci9DQUlRQUNvZENodHljRjlvT201YVZFTmFRMDVYYUhJeExXVnRTelozYlhWRlNuYxAB,ChIJzYHlCkUvby4RsSaSMYT_kAs,Kedai KopiApik,Majalengka,Nongkrong,5,"tempat nya nyaman, suasana nya oke, makanan dan minuman nya enak2 semua. Decaf Coffee Latte nya enak bangettttt✨
Aneh nya tiap dateng kesini selalu ketemu orang yg dikenal wkwk (sialnya wktu itu ktemu mantan) 🤣",2026-05-02T01:17:32.328Z,Anne Tiaristi,116976764906234129892,True,0,id,2026-05-04T16:21:53.221729
Ci9DQUlRQUNvZENodHljRjlvT2tGRlVrNTZhMFJIT0VJemJsbDFlVlJqUVVsTk5uYxAB,ChIJzYHlCkUvby4RsSaSMYT_kAs,Kedai KopiApik,Majalengka,Nongkrong,4,"Kopi nya enak, tmpatnya bisa plih ruangan ber Ac, outdoor atau ruangan kipas angin deket ke pintu keluar. Pesanan datang lumayan cepet",2026-04-14T16:09:59.382Z,laura christianty,109861617555018424829,True,0,id,2026-05-04T16:21:53.221754
Ci9DQUlRQUNvZENodHljRjlvT2tGQ2JsOXhkMFpYYlY5SVRHNDBhVEpVTlVObU1YYxAB,ChIJzYHlCkUvby4RsSaSMYT_kAs,Kedai KopiApik,Majalengka,Nongkrong,5,"Tolong untuk owner tambah sdm ya biar pelayananya gk lama , sy pesan japanesse masa 1 jam blm kelar2 terima kasih",2026-04-05T01:54:51.727Z,Devid Akbar Handryansyah,108275767205174625385,False,0,id,2026-05-04T16:21:53.221771
Ci9DQUlRQUNvZENodHljRjlvT25aUGRWTmhWSEJJU2tKQlV6aFZUVXBsYWxSUmIyYxAB,ChIJzYHlCkUvby4RsSaSMYT_kAs,Kedai KopiApik,Majalengka,Nongkrong,5,"saya datang kesini malam minggu dan lumayan rame, untuk parkiran untungnya cukup luas. Kopi disini enak dan harganya tergolong cukup murah dibandingkan kafe lain, makanannya juga enak namun sudah banyak yang kosong jika datang nya malam.
Pelayanannya ramah, dan lumayan cepet meskipun ramai, tempatnya juga bersih dan banyak tempat duduk (ada outdoor juga)",2026-04-03T16:21:42.399Z,Husni Bintang Mubarraq,111950972323522278768,True,0,id,2026-05-04T16:21:53.221781
Ci9DQUlRQUNvZENodHljRjlvT25Kek0ySTFNVE0zVTNGcVVrSkRNWFpxV1Y4M1RsRRAB,ChIJzYHlCkUvby4RsSaSMYT_kAs,Kedai KopiApik,Majalengka,Nongkrong,5,"•harga dan rasa 10/10
•tempat 10/10 (luas dan nyaman)
•musholapun besar dan alat solatnya bersih
•wc…….. bersih juga, sukak banget di sediain pembalut free 🫰🏻🫰🏻🫰🏻🫰🏻🫰🏻🫰🏻
•semua pegawai ramah ramah, apalagi ownernya",2026-03-08T12:36:16.463Z,anggia putri,116738175557898678740,False,0,id,2026-05-04T16:21:53.221819
Ci9DQUlRQUNvZENodHljRjlvT2xOR2QwTmhaSGxNU1ZRNVMwRjZRbHBWVEZwMFgyYxAB,ChIJzYHlCkUvby4RsSaSMYT_kAs,Kedai KopiApik,Majalengka,Nongkrong,5,"Tempat baru kopiapik bagus, parkiran luas sejuk karena pohonya besar dan rindang",2026-01-21T02:34:49.684Z,PAPI TWINS,117246333566108879979,True,0,id,2026-05-04T16:21:53.221857
Ci9DQUlRQUNvZENodHljRjlvT21sdFF6WnlRa3R0Y0ZJNWNsbEVhVzlrZVRjeVJsRRAB,ChIJp8Q7dUclby4Rs9Cm0KI3ZPM,Buddys Coffee & Grill,Majalengka,Nongkrong,5,"Oke...cm jauh dari rumah...
Kalau deket bisa di kunjungi tiap minggu",2025-10-01T11:46:29.238Z,wiji,106172356862959790721,False,0,id,2026-05-04T16:21:53.221874
ChdDSUhNMG9nS0VJQ0FnSUM1di11aXBRRRAB,ChIJp8Q7dUclby4Rs9Cm0KI3ZPM,Buddys Coffee & Grill,Majalengka,Nongkrong,4,"Hallo buddys👋🏻 buat yg msih bingung klo weekdays-weekend milih”tmpat nongkrong,ad rekomendasi nih vibes ny kayak di Bali‼️",2025-09-06T11:53:24.021Z,The Arula,100134677419416003274,True,4,id,2026-05-04T16:21:53.221889
Ci9DQUlRQUNvZENodHljRjlvT2xoWlZqSTRkM0ZJY1dwdFp6TkJSRU5uVlROUVJFRRAB,ChIJp8Q7dUclby4Rs9Cm0KI3ZPM,Buddys Coffee & Grill,Majalengka,Nongkrong,5,"Bagus, Nyaman, adem, Steaknya juga enak, Pelayanannya juga ramah dan bagus",2025-08-22T07:46:58.806Z,Great Wish,100086813528801395462,True,0,id,2026-05-04T16:21:53.221950
Ci9DQUlRQUNvZENodHljRjlvT2tNMWFtZFpRVzgwYjB4SmRFeDJNbVpyV2tRNGJYYxAB,ChIJp8Q7dUclby4Rs9Cm0KI3ZPM,Buddys Coffee & Grill,Majalengka,Nongkrong,5,"Kedua kalinya kesini..pertama dlu pas awal buka..suasana nyaman ada indoor AC, outdoor non ac pemandangan dikelilingi sawah. Mkanan enak, harga wajar..salah 1 pilihan cafe nyaman di mjl",2025-08-03T10:41:40.017Z,M. Herlan Setiadi,111551387796245773572,True,0,id,2026-05-04T16:21:53.221978
Ci9DQUlRQUNvZENodHljRjlvT25oYVdUTmpOMjFCVVZWSGNXRlNWVFpGUW5oNVpVRRAB,ChIJp8Q7dUclby4Rs9Cm0KI3ZPM,Buddys Coffee & Grill,Majalengka,Nongkrong,4,"Makanannya enak harganya pas, tempatnya nyaman. Menu makanan dan minumannya nya kurang bervariasi.",2025-08-03T06:35:45.430Z,Yesi Tia Gunawati Kusmana,110494553116375049673,True,0,id,2026-05-04T16:21:53.221987
Ci9DQUlRQUNvZENodHljRjlvT25KMmJYSm9hWEkxYzJaaU4wMXpiM1ZGVTAxTFpuYxAB,ChIJp8Q7dUclby4Rs9Cm0KI3ZPM,Buddys Coffee & Grill,Majalengka,Nongkrong,5,"Makanan enak cuma kurang lengkap terutama menu dessert & makanan anak sering kosong kayak pancake, banana split.
Minuman rasanya biasa aja ga ada yg istimewa semoga ke depan lbh menarik lg
Tempatnya cozy banget ada indoor dan outdoor",2025-07-10T12:27:51.522Z,Winna Islamiyathi,101693237642536065875,False,0,id,2026-05-04T16:21:53.221997
Ci9DQUlRQUNvZENodHljRjlvT20xaWVIa3pXVmh2V0ZoeE4yTlFUVEp5WmxoaUxXYxAB,ChIJp8Q7dUclby4Rs9Cm0KI3ZPM,Buddys Coffee & Grill,Majalengka,Nongkrong,4,"Mampir nongkrong disini mumpung ke Majalengka. Tapi sayang pas ujan. View ketutup ujan. Tapi bikin syahdu.
Suasana lumayan cozy. Terutama ruang terbuka. Pohon kamboja nya bikin estetik. Tp utk ruang non smoking terlalu serius.
Untuk makanan, rasanya enak.
Kopi dirty mocca nya enak juga.",2025-06-29T02:47:45.489Z,ardian11,105716631932690677894,True,0,id,2026-05-04T16:21:53.222006
Ci9DQUlRQUNvZENodHljRjlvT2xWeVZGVk9lVmxEWjFGcmFtVnVlbGwzUkdGcGNGRRAB,ChIJzYHlCkUvby4RsSaSMYT_kAs,Kedai KopiApik,Majalengka,Nongkrong,5,please you need more rest room at least have 4,2025-11-08T10:07:18.280Z,Training Center JCS,113389527000185440547,False,0,en,2026-05-04T16:21:53.222055
ChdDSUhNMG9nS0VJQ0FnSUMyMTQzcHJRRRAB,ChIJzYHlCkUvby4RsSaSMYT_kAs,Kedai KopiApik,Majalengka,Nongkrong,5,"Tempat baru cerita baru rasa terbaharui. Mantap.
Pernah sekali gelasnya aga boncel dikit dan saya baru sadar pas udah abis dan ketauan ManOp nya, seketika langsung dikasih compliment. Uhhh act of service yang mantap.
Saran berkunjung : pagi siang sore malam tetap enjoy.",2025-11-03T04:38:02.340Z,Yuga Pratama,116852307318233163848,True,0,id,2026-05-04T16:21:53.222065
Ci9DQUlRQUNvZENodHljRjlvT2pGc1ZtazFiWE5OVkdWeGVHNVBRbkpvYlRScVpIYxAB,ChIJzYHlCkUvby4RsSaSMYT_kAs,Kedai KopiApik,Majalengka,Nongkrong,5,"Dateng dimalem minggu, suasana cukup ramai, kurang live music aja sih 😁, sayang makan sama minuman ga di foto karena take away",2025-10-28T08:36:52.570Z,Dicky Zainal,110338194725477955349,True,0,id,2026-05-04T16:21:53.222116
ChdDSUhNMG9nS0VJQ0FnSURRbXRfajNRRRAB,ChIJzYHlCkUvby4RsSaSMYT_kAs,Kedai KopiApik,Majalengka,Nongkrong,5,"Best in town. Saya bisa menghabiskan waktu di Kopi Apik sepulang kerja atau Pagi saat weekend.
The OG Coffe Shop in town 👍🏻",2025-10-21T01:15:16.883Z,Hanif Kazwini,115158167810550900108,True,0,id,2026-05-04T16:21:53.222133
Ci9DQUlRQUNvZENodHljRjlvT2w5clNXSjJhSEZpVmtsMVZrMHhiR3A0YkVOMFgzYxAB,ChIJzYHlCkUvby4RsSaSMYT_kAs,Kedai KopiApik,Majalengka,Nongkrong,4,"hi! setiap ke apik aku dateng selalu pagi pagi sekalian jalan jalan, pelayanan mereka udah ok tapii mereka terlalu berisik padahal niat aku ke apik mau makan dan minum dengan damai bersama menu mereka!
makanannya aku kasih bintang soalnya butter croissant mereka satu satunya yg ada di majalengka dan rasanya enak lohhh!",2025-10-04T11:16:42.109Z,lulu mahdya,101495255055693953125,False,0,id,2026-05-04T16:21:53.222157
ChZDSUhNMG9nS0VJQ0FnSUNSX3UyOER3EAE,ChIJzYHlCkUvby4RsSaSMYT_kAs,Kedai KopiApik,Majalengka,Nongkrong,5,"vibe nya fill nya kopiapik yg dulu....mulai kerasa lg.... kehangatan bak keluarga terasa, disini bkn sekedar ngopi...disini sy dapatkan sebuah penyelesaian, sebuah solusi, inspirasi dan lain lain",2025-10-04T05:18:05.587Z,yanyan mardiana adnan,105724530220978213670,False,0,id,2026-05-04T16:21:53.222171
Ci9DQUlRQUNvZENodHljRjlvT25WMWNrMXNSM1JSTlUxcVdrTnJUMGRrWWtSS04wRRAB,ChIJzYHlCkUvby4RsSaSMYT_kAs,Kedai KopiApik,Majalengka,Nongkrong,1,Pesanan 1 jam lebih tidak datang ternyata tidak masuk ke dapur,2025-10-03T14:02:56.404Z,Restu Syahmagun,106352906323299198986,False,0,id,2026-05-04T16:21:53.222181
Ci9DQUlRQUNvZENodHljRjlvT2kwNGVEZFBRWGw2WlVKS1FWbExNMTlEU1hSUWJuYxAB,ChIJzYHlCkUvby4RsSaSMYT_kAs,Kedai KopiApik,Majalengka,Nongkrong,1,"Pesan makanan sudah 1 jam lebih belum jadi, pas di komplen ternyata ga masuk ke kitchen",2025-10-03T13:57:30.826Z,Alam Purnama,112916202140612513035,False,0,id,2026-05-04T16:21:53.222191
Ci9DQUlRQUNvZENodHljRjlvT2xONlRTMXFMVWxRZFdoNmJWUmZValozTVZOeFNsRRAB,ChIJzYHlCkUvby4RsSaSMYT_kAs,Kedai KopiApik,Majalengka,Nongkrong,5,"enak banget buat nyantai, cocok buat nugas tempatnya, buat kopi lemon nyaa enakk, tahu lada garam juga okee",2025-10-02T11:12:40.860Z,Arum Daunie,117658106669103187251,False,0,id,2026-05-04T16:21:53.222201
ChdDSUhNMG9nS0VJQ0FnSURkN2VYOGpnRRAB,ChIJtzuFPqsvby4RVgOxIt9rMZk,Mudmud Coffee&Tea,Majalengka,Nongkrong,5,"Nice place, staf ramah dan helpful, cocok untuk grup juga",2026-03-14T12:21:36.024Z,Santi Hartini,108606563490167550994,True,0,id,2026-05-04T16:21:53.222238
Ci9DQUlRQUNvZENodHljRjlvT2kxTVZtOWxiWGRaWTBaS2VtTjFPVjlyYWxFeVdFRRAB,ChIJtzuFPqsvby4RVgOxIt9rMZk,Mudmud Coffee&Tea,Majalengka,Nongkrong,5,sangat asik dan seru tempat nyah dan nyaman untuk bersantai atau pun mengerjakan tugas,2026-03-06T15:25:56.069Z,k,118207686339076502526,True,0,id,2026-05-04T16:21:53.222248
Ci9DQUlRQUNvZENodHljRjlvT25oeGFEVnJSR0p1TjNkek1HaDBRblp3VlVNd1ZIYxAB,ChIJtzuFPqsvby4RVgOxIt9rMZk,Mudmud Coffee&Tea,Majalengka,Nongkrong,5,"Jujur suka bgt sama kopi dan matcha disini, semua nya enak dan creamy abis, mix plater nya juga enak, TAPI MAU CHILLI OIL BUAT DIMSUM NYA PLSSS",2025-10-24T06:09:13.393Z,Anisa Febriyanti,103303584662478485078,True,0,id,2026-05-04T16:21:53.222258
Ci9DQUlRQUNvZENodHljRjlvT2xsaVZteDNYMnhwYlU5UFEzZFNXa2c0WDFwUU5VRRAB,ChIJtzuFPqsvby4RVgOxIt9rMZk,Mudmud Coffee&Tea,Majalengka,Nongkrong,5,"Belum ada duanya... ini mah, hayu melipir di Jalur Mambo Majalengka",2025-10-04T13:38:05.910Z,Agung Fachruddiyanto,108461005936265815158,True,0,id,2026-05-04T16:21:53.222276
Ci9DQUlRQUNvZENodHljRjlvT21WbGNUSlZMVXBmYzJjeFkyY3hXRlZZVTNaZk1IYxAB,ChIJtzuFPqsvby4RVgOxIt9rMZk,Mudmud Coffee&Tea,Majalengka,Nongkrong,5,"Mampir berjalan kaki ke tempat ini buat ngopi sebentar di sela-sela kegiatan di Majalengka. Tempatnya syahdu, di tengah kota yang cukup sibuk. Saya memilih tempat duduk di belakang, cukup sepi dan tenang, sambil menikmati segelas kopi susu panas dan otak-otak goreng Singapura. Seperti melegakan mata dan pikiran yang penat.",2025-08-19T06:07:17.812Z,br14n 1m4g3s,114320973606499870769,True,0,id,2026-05-04T16:21:53.222294
ChdDSUhNMG9nS0VMV21vWV95cjYtaXdRRRAB,ChIJtzuFPqsvby4RVgOxIt9rMZk,Mudmud Coffee&Tea,Majalengka,Nongkrong,5,Cafe kekinian yang keren sekali nyaman ramah pelayanan ya,2025-06-05T12:22:42.980Z,Intan Damayanti,117212840326556121042,True,0,id,2026-05-04T16:21:53.222305
ChZDSUhNMG9nS0VJU1ZwT2JDcGZ5alV3EAE,ChIJtzuFPqsvby4RVgOxIt9rMZk,Mudmud Coffee&Tea,Majalengka,Nongkrong,5,"Tempatnya enak dan makanannya juga ok, disana banyak teman smp hehe",2025-05-21T02:47:19.948Z,Dhani Trianggara,112872026044081362712,False,0,id,2026-05-04T16:21:53.222314
ChZDSUhNMG9nS0VJQ0FnTUNnNUl2UFV3EAE,ChIJtzuFPqsvby4RVgOxIt9rMZk,Mudmud Coffee&Tea,Majalengka,Nongkrong,5,"tempatnya cozyy, manual nya enak semuaaa layanan mantap bgt ramah cakepp",2025-02-14T11:03:24.764Z,bunga alya,114657150264421806821,False,0,id,2026-05-04T16:21:53.222353
ChZDSUhNMG9nS0VJQ0FnTUNncE52Vk5BEAE,ChIJtzuFPqsvby4RVgOxIt9rMZk,Mudmud Coffee&Tea,Majalengka,Nongkrong,5,Enak dan nyaman,2025-02-14T09:22:02.731Z,Diky Alfian,109298041696361881265,False,0,id,2026-05-04T16:21:53.222361
ChdDSUhNMG9nS0VJQ0FnTUNncEp1ZnhRRRAB,ChIJtzuFPqsvby4RVgOxIt9rMZk,Mudmud Coffee&Tea,Majalengka,Nongkrong,5,"tempatnya nyaman untuk nongkrong,
makanan minumannya enak enak",2025-02-14T09:21:22.567Z,radit anugrah,104976363470213812812,False,0,id,2026-05-04T16:21:53.222369
ChdDSUhNMG9nS0VJQ0FnTUNBd2EzMnJ3RRAB,ChIJtzuFPqsvby4RVgOxIt9rMZk,Mudmud Coffee&Tea,Majalengka,Nongkrong,5,"Tempatnyaa enakk buatt nongkrong nihh apalagi sore2 enakk bngett ademm, terus makanan dan minumannya enak2 wort itt dehh,pokoknya gak pernah nyesell kalo kesanaa🤤",2025-02-01T12:29:44.176Z,Pevi Pebriani,109120220985830000121,False,0,id,2026-05-04T16:21:53.222377
Ci9DQUlRQUNvZENodHljRjlvT2pjdGVVUlJOMjF2Wm1kUVoxTTRMVnBQWXpGM05rRRAB,ChIJzYHlCkUvby4RsSaSMYT_kAs,Kedai KopiApik,Majalengka,Nongkrong,5,"Pertama kali ke kedai kopiApik. Makanan dan minumannya enak, termasuk pricey untuk di Majalengka, tapi so far tempatnya nyaman 👍",2025-09-17T11:16:59.429Z,Arum Dwidayanti,111579688305350785134,True,0,id,2026-05-04T16:21:53.222406
Ci9DQUlRQUNvZENodHljRjlvT21OU1IyeGFaazR6VGxaS1RXVnBSRWd5ZEdwUmRVRRAB,ChIJzYHlCkUvby4RsSaSMYT_kAs,Kedai KopiApik,Majalengka,Nongkrong,5,"Tempat nyaman sepoi sepoi.. dibawah pohon rindang
Kopinya enaakkkkkk 🫶🏻",2025-09-09T02:18:54.101Z,Andini Ulfah,115793187719574056296,True,0,id,2026-05-04T16:21:53.222422
Ci9DQUlRQUNvZENodHljRjlvT2xSblFsWjBaMDVxZVRoZmJWUmFjWE16TTB0VFltYxAB,ChIJzYHlCkUvby4RsSaSMYT_kAs,Kedai KopiApik,Majalengka,Nongkrong,5,"Tempat ngobrol santuyyyy....
Asik tempatnya, enak makanannya....",2025-09-04T13:28:40.348Z,Hernu Sulistyo,117385234032971341626,True,0,id,2026-05-04T16:21:53.222431
Ci9DQUlRQUNvZENodHljRjlvT2preWNHRXlkV05VVnkxRGRVODBhM0JYWTBWZldWRRAB,ChIJzYHlCkUvby4RsSaSMYT_kAs,Kedai KopiApik,Majalengka,Nongkrong,5,"Yg menu ""magic"" strong tp lembut",2025-08-12T23:11:21.164Z,Riska Siti,108636472536348808558,True,0,id,2026-05-04T16:21:53.222454
Ci9DQUlRQUNvZENodHljRjlvT2xOTGRHcERRbmt0TlhKeGNWUlVRbkJIT1c5eFkxRRAB,ChIJzYHlCkUvby4RsSaSMYT_kAs,Kedai KopiApik,Majalengka,Nongkrong,5,"⭐️⭐️⭐️⭐️⭐️
“Tempat ngopi yang nyaman banget di Majalengka!”
Kopi Apik benar-benar sesuai namanya — kopinya apik dan suasananya juga menyenangkan. Menu kopinya beragam, dari espresso sampai manual brew, semuanya terasa fresh dan punya karakter rasa yang jelas.

Tempatnya nyaman buat nongkrong atau kerja, ada area indoor dan outdoor. pencahayaan hangat, dan colokan listrik tersedia di beberapa meja. Pelayanannya ramah dan cepat, baristanya juga bisa kasih rekomendasi sesuai selera kita.

Harga cukup terjangkau untuk kualitas rasa dan suasana yang ditawarkan. Cocok untuk nongkrong sore, me time, atau sekadar mampir buat take away.

📍 Lokasi strategis di pusat kota Majalengka, gampang dijangkau dan parkirnya lumayan luas.
Pasti bakal balik lagi kalau ke Majalengka!",2025-08-02T11:36:05.275Z,Aba & Embun,106138439048950095648,True,0,id,2026-05-04T16:21:53.222473
ChZDSUhNMG9nS0VJQ0FnSUNfNmFYOFRBEAE,ChIJtzuFPqsvby4RVgOxIt9rMZk,Mudmud Coffee&Tea,Majalengka,Nongkrong,5,"menu nya enak dan ramah dikantong, kopi susu nya terbaik. cuman disayangkan tempatnya kurang luas.",2025-01-17T09:44:56.843Z,trisna rafi,100073908987346713742,False,0,id,2026-05-04T16:21:53.222482
ChZDSUhNMG9nS0VJQ0FnSUNYa2JiUUNREAE,ChIJtzuFPqsvby4RVgOxIt9rMZk,Mudmud Coffee&Tea,Majalengka,Nongkrong,5,eskosu nya parah sihhh creamyy bgtttt,2024-10-17T14:59:25.278Z,Fifi Milady,117927298276809902189,False,0,id,2026-05-04T16:21:53.222491
ChdDSUhNMG9nS0VJQ0FnSUNieGFhajFnRRAB,ChIJtzuFPqsvby4RVgOxIt9rMZk,Mudmud Coffee&Tea,Majalengka,Nongkrong,5,Kopi susu arenn recomend pisan pokona,2024-07-29T10:15:10.697Z,Nurfizhar Filalah,111507046728370416953,False,0,id,2026-05-04T16:21:53.222506
ChdDSUhNMG9nS0VJQ0FnSURqdlltb3dnRRAB,ChIJtzuFPqsvby4RVgOxIt9rMZk,Mudmud Coffee&Tea,Majalengka,Nongkrong,5,charcoalnya favorit gua bgt selain sering gw beli online bikin nagih,2024-05-06T16:52:08.023Z,Rreyalrifa,101906566074428827672,True,3,id,2026-05-04T16:21:53.222537
ChZDSUhNMG9nS0VJQ0FnSUREZzdIckpnEAE,ChIJtzuFPqsvby4RVgOxIt9rMZk,Mudmud Coffee&Tea,Majalengka,Nongkrong,5,Bagus enak buat ngobrol panjang estetik kalau ke alun alun majalengka wajib datang kesini yaa,2024-04-13T12:38:24.699Z,Villian Eka Pratiwi,105312504722059081625,False,0,id,2026-05-04T16:21:53.222552
ChdDSUhNMG9nS0VJQ0FnSUREc3JTdnpRRRAB,ChIJtzuFPqsvby4RVgOxIt9rMZk,Mudmud Coffee&Tea,Majalengka,Nongkrong,5,"Good, dari pelayanan sampai ke suguhan semua dirasa cukupp pass dengan disediakan juga kartu uno dan lain lain",2024-04-07T16:05:43.301Z,Warhol Present,105209388224413061642,True,0,id,2026-05-04T16:21:53.222560
ChZDSUhNMG9nS0VJQ0FnSUREa29PVmVBEAE,ChIJtzuFPqsvby4RVgOxIt9rMZk,Mudmud Coffee&Tea,Majalengka,Nongkrong,5,"Mantap👍
Soal rasa nya pas ngga ada yang kurang,
Tempat nya cocok buat santai",2024-04-07T13:20:07.159Z,agus luffiana,105752135041958811505,False,0,id,2026-05-04T16:21:53.222569
ChZDSUhNMG9nS0VJQ0FnSUNkNUppM2VnEAE,ChIJtzuFPqsvby4RVgOxIt9rMZk,Mudmud Coffee&Tea,Majalengka,Nongkrong,5,"Dari luar agak kurang kelihatan bagus sih. Tapi di dalam lumayan. Enak juga menunya, kopi susu gula arennya creamy dan presentasinya juga unik. Ku juga cobain non coffee yang mango enak juga.",2024-03-26T03:15:08.925Z,Radityo Kuswihatmo,105690880320367299682,True,0,id,2026-05-04T16:21:53.222592
ChdDSUhNMG9nS0VJQ0FnSUNkNkpXQnV3RRAB,ChIJtzuFPqsvby4RVgOxIt9rMZk,Mudmud Coffee&Tea,Majalengka,Nongkrong,5,"Tempatnya lucu ternyata kalau dari dalam. Penyajiannya juga lucu-lucu. Mana termasuk murah juga ini. Kopi-kopian enggak ada yang lebih dari 22 ribu. Dari luar terlihat kecil tapi ternyata di belakang juga ada tempatnya. Paling minusnya satu, mejanya enggak enak buat kerja pake laptop.",2024-02-11T04:53:31.027Z,Imma Ismaniar,109967435832883102989,False,2,id,2026-05-04T16:21:53.222604
ChdDSUhNMG9nS0VJQ0FnSUN0cnR5M2dBRRAB,ChIJtzuFPqsvby4RVgOxIt9rMZk,Mudmud Coffee&Tea,Majalengka,Nongkrong,5,"Kopi susu nya enak banget, NO debat 👍🏼",2024-01-30T10:16:42.018Z,Bhayu ekahudaya,106878729517915690084,False,0,id,2026-05-04T16:21:53.222615
ChZDSUhNMG9nS0VJQ0FnSURKcTZtaVpREAE,ChIJtzuFPqsvby4RVgOxIt9rMZk,Mudmud Coffee&Tea,Majalengka,Nongkrong,5,"Tempat nya nyaman luas, ada lantai dua sama lantai tiga (cocok buat menikmati sunset/malam). Ramah Smokers.
Rasa kopinya ok, buat yang gak terlalu suka kopi, tapi pengen nyoba kopi, bisa coba menu cika, caramel (enak). Makanannya ok, harganya lumayan standar untuk ukuran majalengka.
Parkir motor mobil aman soalnya luas.",2023-07-23T01:29:15.712Z,Tezar Pangestu,102974139719884615292,True,0,id,2026-05-04T16:21:53.222667
ChZDSUhNMG9nS0VJQ0FnSUNKbXBpR1R3EAE,ChIJtzuFPqsvby4RVgOxIt9rMZk,Mudmud Coffee&Tea,Majalengka,Nongkrong,5,"Asik abis nih tempat,,baru tau tengah kota ada tempat kek gini,,next time harus nyoba sore/malem hari..kayak nya Vibe nya lebih asiek...Makanan nya juga enak,,nanti coba menu lain ahh
Recomen Poko nya,,,🤘",2023-06-25T08:41:51.739Z,Kang Achri,103585411206516988380,True,2,id,2026-05-04T16:21:53.222675
ChdDSUhNMG9nS0VJQ0FnSUNodExDRzBnRRAB,ChIJtzuFPqsvby4RVgOxIt9rMZk,Mudmud Coffee&Tea,Majalengka,Nongkrong,5,"Enak, harga standar. Varian minuman nya juga lumayan... ada croffle juga buat temen minum sambil nongkrong",2023-02-06T11:56:08.222Z,nisa wangsanegara,116330467843427134873,True,0,id,2026-05-04T16:21:53.222735
Ci9DQUlRQUNvZENodHljRjlvT25OWVVHRlpZMHQxVjAxRWFITjVXVzkyV1MxWU5FRRAB,ChIJe9QWtBTfbi4RO0Lzlydfca0,KAMPUNG MERTUA CAFE & RESTO,Majalengka,Nongkrong,1,Banyak tikus di lokasi,2026-04-20T08:42:29.085Z,Edi,110578623733667871154,True,0,id,2026-05-04T16:21:53.222744
Ci9DQUlRQUNvZENodHljRjlvT25WS1ZsOHdSekJvUVVwSFUzcGpOREZCWm5ZeGVuYxAB,ChIJe9QWtBTfbi4RO0Lzlydfca0,KAMPUNG MERTUA CAFE & RESTO,Majalengka,Nongkrong,4,Tempat nyaman sekali..,2026-04-19T12:12:57.942Z,Herdee,113325480834642170030,True,0,id,2026-05-04T16:21:53.222755
Ci9DQUlRQUNvZENodHljRjlvT25SZlpsSTJPVzFGVmkxSVRWZEhZbWRHTFZFeVVWRRAB,ChIJe9QWtBTfbi4RO0Lzlydfca0,KAMPUNG MERTUA CAFE & RESTO,Majalengka,Nongkrong,1,Pesen jam 5 sore dianter jam 7 waw…. Saran kalo kesini harus bawa tenda sama alat pancing biar ngga bosen nunggu..,2026-04-11T13:24:21.163Z,Hasan Maarif,107590615578960199153,True,0,id,2026-05-04T16:21:53.222765
Ci9DQUlRQUNvZENodHljRjlvT2pOSlpVOXRTVmR0WlRWUloxTlNkbk5tZW5kc2RrRRAB,ChIJe9QWtBTfbi4RO0Lzlydfca0,KAMPUNG MERTUA CAFE & RESTO,Majalengka,Nongkrong,1,"Admin ga jelas mau reservasi dari 1 minggu sebelum malah gabisa mentang² cuman berdua, trs disuruh dateng langsung giliran udah smpe resto nya malah ditanyain udah booking belom 🥴pokonya admin nya ga ngsih info pdhl kalau emg udah full kasih tau customer nya lewat chat atau apa udah jauh² dtng malah full",2026-03-27T09:29:20.068Z,Uvutvwevwe,114882989276882788502,True,0,id,2026-05-04T16:21:53.222798
Ci9DQUlRQUNvZENodHljRjlvT2tveFVtUkZhekpuWTNNNFFVeG1YM1pWTWxsTVdIYxAB,ChIJe9QWtBTfbi4RO0Lzlydfca0,KAMPUNG MERTUA CAFE & RESTO,Majalengka,Nongkrong,5,"Rumah makan yang suasananya tenang dengan alam pedesaan, banyak spot foto juga, tempatnya luas untuk acara kumpul keluarga juga,
Parkiran mobil juga bisa.",2026-03-25T22:33:22.965Z,joko plato,112395938465247828392,True,0,id,2026-05-04T16:21:53.222809
Ci9DQUlRQUNvZENodHljRjlvT2pCU1ptSTNTSFI2U1hsRGNTMDFWM2g0ZEhSYWMwRRAB,ChIJe9QWtBTfbi4RO0Lzlydfca0,KAMPUNG MERTUA CAFE & RESTO,Majalengka,Nongkrong,1,"Mesennye kapan, datengnye kapan, pelayanan yang sangat tidak mantap. Tolonglah pelayanannya di benerin, masa harus nunggu berjam jam.",2026-03-24T09:15:14.167Z,Qoriatul Alawiyah,103673987950619504183,False,0,id,2026-05-04T16:21:53.222821
Ci9DQUlRQUNvZENodHljRjlvT2t4aVFUVnRlSEZ1Y2pkQmVGVnNZVE01TTFKcFRVRRAB,ChIJe9QWtBTfbi4RO0Lzlydfca0,KAMPUNG MERTUA CAFE & RESTO,Majalengka,Nongkrong,1,"Jika memang belum siap atau tidak siap sebaiknya jangan buka dulu, kasian orang udah nunggu berjam jam, tidak datang datang makanan & minumannya padahal yg di pesan hanya ayam goreng",2026-03-24T02:11:59.513Z,Kang Asep,101214762361831355573,False,0,id,2026-05-04T16:21:53.222830
Ci9DQUlRQUNvZENodHljRjlvT21SalozYzBOR3hTVkZKeFlUTkdhV3AxTFROTGQxRRAB,ChIJe9QWtBTfbi4RO0Lzlydfca0,KAMPUNG MERTUA CAFE & RESTO,Majalengka,Nongkrong,1,"admin ig nya ga jelas ngasih info, kasir ga ramah",2026-03-22T14:58:09.110Z,Ratu Ageng gandasari,109166797916317021412,False,0,id,2026-05-04T16:21:53.222840
Ci9DQUlRQUNvZENodHljRjlvT21aR2FrUkpNRTlpZFU5SFNITkxkV1pzVVRka1FrRRAB,ChIJe9QWtBTfbi4RO0Lzlydfca0,KAMPUNG MERTUA CAFE & RESTO,Majalengka,Nongkrong,2,Tolong pemilik resto luang kan waktu dan evaluasi kinerja karyawan pelayanan terlalu lama,2026-03-22T12:00:13.841Z,Hendra Legawa,109194766434860834634,True,0,id,2026-05-04T16:21:53.222857
Ci9DQUlRQUNvZENodHljRjlvT21ScVlUbEViV3RhYkhvdFYwczVWV05vZUdGMlFXYxAB,ChIJe9QWtBTfbi4RO0Lzlydfca0,KAMPUNG MERTUA CAFE & RESTO,Majalengka,Nongkrong,1,"Lamaa udah hampir lebih dari 2 jam makanan ga datang datang, minumannya juga telat. Maksain buka padahal pelayanan sama bahan makanannya banyak yg ga ready",2026-03-22T08:33:51.987Z,Ega Naura,101677736749421512202,False,0,id,2026-05-04T16:21:53.222865
Ci9DQUlRQUNvZENodHljRjlvT2xWUlpHdE1NREJvZUY5alQxUnRRMmRNVEVZMVRFRRAB,ChIJe9QWtBTfbi4RO0Lzlydfca0,KAMPUNG MERTUA CAFE & RESTO,Majalengka,Nongkrong,3,"Pelayan nya kurang ramah, kurang satset",2026-03-19T18:19:04.725Z,Vivi Lutfiah,104346789288959459207,False,0,id,2026-05-04T16:21:53.222874
Ci9DQUlRQUNvZENodHljRjlvT2tsaFVXTjJTV1paZFVwSlJsQjFiV2gwUmpWVWVrRRAB,ChIJe9QWtBTfbi4RO0Lzlydfca0,KAMPUNG MERTUA CAFE & RESTO,Majalengka,Nongkrong,5,"Tempatnya udah semakin luas dari awal dulu kesini, jadi bisa banget buat bikin acara makan bareng dengan member besar. Parkiran di dalem jadi aman. Buat pilihan menu nya banyak, enak juga. Terpenting lagi ada mushola buat yg mau bukber disini, jadi tenang",2026-03-18T02:56:15.768Z,Gita Puspitasari,111093369766985827043,False,0,id,2026-05-04T16:21:53.222882
Ci9DQUlRQUNvZENodHljRjlvT2w5M1UxOWpNUzFGWkZoNGVucE5NeTA1U1Y5R2JWRRAB,ChIJe9QWtBTfbi4RO0Lzlydfca0,KAMPUNG MERTUA CAFE & RESTO,Majalengka,Nongkrong,5,"pelayanan sangat ramahh, tempat luass, di+ ada dokumentasi dari pihak restoo sukaaa😍😍",2026-03-17T17:14:25.371Z,Maudi Purnama Sari,116357958508225006548,False,0,id,2026-05-04T16:21:53.222891
Ci9DQUlRQUNvZENodHljRjlvT2tabWRXMXRPRmxxTUdFd2VqSnVkRWhTY0RSd1UwRRAB,ChIJe9QWtBTfbi4RO0Lzlydfca0,KAMPUNG MERTUA CAFE & RESTO,Majalengka,Nongkrong,5,"Worth to buy,getting vibes and chill
HIDUP JOK...❤️",2026-03-17T07:51:20.334Z,Dias Muhammad,117795169689302707023,False,0,en,2026-05-04T16:21:53.222899
Ci9DQUlRQUNvZENodHljRjlvT21kaExUa3ROVTVXZFZRNGRHMXRiSE5SYmpsWWJGRRAB,ChIJe9QWtBTfbi4RO0Lzlydfca0,KAMPUNG MERTUA CAFE & RESTO,Majalengka,Nongkrong,5,Cocok tempat untuk brsntai,2026-03-17T07:15:31.618Z,Aji Nanda Andriyatno,102938592654113644192,False,0,id,2026-05-04T16:21:53.222909
Ci9DQUlRQUNvZENodHljRjlvT2pCNWRISTNjVGsxTnpoNlNWSjZaMjB3VEhaRE5sRRAB,ChIJe9QWtBTfbi4RO0Lzlydfca0,KAMPUNG MERTUA CAFE & RESTO,Majalengka,Nongkrong,1,"Mau reservasi adminnya slow respon banget,bilangnya masih nampung terus disuruh isi format reservasi udah ngisi malah bikin SG fullbooking kecewa banget! Pantes resto dapet rate 3,8 awokawok",2026-03-17T07:01:54.737Z,Lizi Saelendra,104449374843851810445,False,0,id,2026-05-04T16:21:53.222920
Ci9DQUlRQUNvZENodHljRjlvT21Wd1kzWnZVV3gzVjB0ZlpGaFVUR3g2TjJFMk4xRRAB,ChIJMUTT5UMvby4RoIO0Rpi3OvI,Resto Cafe 99,Majalengka,Nongkrong,5,"Makanannya enak, dan pelayanannya bagus.",2026-03-25T10:30:53.205Z,Ihsan Fathurrahman,115931957321217686796,False,0,id,2026-05-04T16:21:53.222950
Ci9DQUlRQUNvZENodHljRjlvT21wQ1VrbE1aRWRoU1hsR2VUbGpSWEkxUzFsT1YyYxAB,ChIJMUTT5UMvby4RoIO0Rpi3OvI,Resto Cafe 99,Majalengka,Nongkrong,5,Pelayanannya terbaikk untuk acara iftarr disinii dan makananya enak 🥰,2026-03-15T00:48:37.434Z,Wina Indriyani,117286617069195399377,False,0,id,2026-05-04T16:21:53.222960
Ci9DQUlRQUNvZENodHljRjlvT2toMFRGaEdkamR0Y0hnME1XOVFkMHRhVDBzd2FrRRAB,ChIJMUTT5UMvby4RoIO0Rpi3OvI,Resto Cafe 99,Majalengka,Nongkrong,5,"Acara wedding aku di nov25 di resto ini, best banget semuaaaanya, tempatnya bagus, cateringnya enak teratata teratur dan termanage dengan baik, fasilitas dari resto utk acara juga banyak yg free bisa dipakai di acara wedding, admin resto nya ramah helpfull informatif, pokonyaa klo ada event recommended bangett bangett❤️🙏🏻",2025-11-09T04:51:02.663Z,Anisa Tajliya,101360770673398962163,False,0,id,2026-05-04T16:21:53.222995
Ci9DQUlRQUNvZENodHljRjlvT2tKb2NXbDBjMVV0YUc5cFFWOVZPV1ZyU0ZoNmNIYxAB,ChIJMUTT5UMvby4RoIO0Rpi3OvI,Resto Cafe 99,Majalengka,Nongkrong,5,"Buat acara wedding adik sepupu disini, alhamdulillah bagus banget. Tempat luas, karyawan2nya enak diajak diskusi, makanan enak,  dan servicenya baik.
Terima kasih banyak resto 99",2025-10-24T23:31:44.432Z,Fajar Widyastuti,114022119620830810652,False,0,id,2026-05-04T16:21:53.223003
Ci9DQUlRQUNvZENodHljRjlvT2tsMlZYUXRWV1Y2TjI5V1JqVkpVR3RRY3pVd2RFRRAB,ChIJMUTT5UMvby4RoIO0Rpi3OvI,Resto Cafe 99,Majalengka,Nongkrong,5,"makanan enak
pelayanan memuaskan
suasana bagus dan nyaman",2025-08-10T06:03:50.043Z,depa fajar,114191380132304693736,False,0,id,2026-05-04T16:21:53.223043
Ci9DQUlRQUNvZENodHljRjlvT25ablRrRTRZa3BmWkhwaFRFWkxNazVIYkVsUVFWRRAB,ChIJMUTT5UMvby4RoIO0Rpi3OvI,Resto Cafe 99,Majalengka,Nongkrong,5,Acara Syiar Baitullah Kurma Travel Cabang Majalengka,2025-08-03T06:37:53.603Z,Mahboeb Mamdoeh,116309038621991330122,True,0,id,2026-05-04T16:21:53.223053
Ci9DQUlRQUNvZENodHljRjlvT25GT2IzRXhiV2xrTkRFd1QyMXhUa2QyVmpaaGFVRRAB,ChIJMUTT5UMvby4RoIO0Rpi3OvI,Resto Cafe 99,Majalengka,Nongkrong,5,"Pelayanan ramah, tempat strategis,nyaman,makanannya maknyusss👍❤️pkknya top markotop deh",2025-08-03T02:01:11.511Z,Sri Wahyuni,117509935655888564842,False,0,id,2026-05-04T16:21:53.223061
Ci9DQUlRQUNvZENodHljRjlvT2pFNE5qTnBjazFSVkROa2QwMDVWMGRuVFdNek5XYxAB,ChIJMUTT5UMvby4RoIO0Rpi3OvI,Resto Cafe 99,Majalengka,Nongkrong,5,"Kami mengadakan ReuniAlumni SMANSA Angkatan Tahun 1985 tgl 2 Agustus 2025 di Restro Cafe 99 ini,tempat sangat luas untuk parkir kendaraan roda 4 dan roda 2, tempatnya bersih, nyaman, tenang, pemandangan sangat sejuk, bisa melihat sawah. Makanan enak, petugas melayani dg cepat, fasilitas yg disiapkan cukup lengkap. Petugasnya ramah², tempat reuni di gazebo bisa menampung 80 orang...
Pokonya TOP dech..",2025-08-03T00:39:08.262Z,Yuyun Fitri Rayandini,115680020870929979144,False,0,id,2026-05-04T16:21:53.223070
Ci9DQUlRQUNvZENodHljRjlvT2tWUExWZG1SekZFU0c1ek0zQXlXbXBTTWtOcVdVRRAB,ChIJMUTT5UMvby4RoIO0Rpi3OvI,Resto Cafe 99,Majalengka,Nongkrong,4,"ramah, cepat pelayanannya",2025-07-19T10:08:19.433Z,Dinda Dewi larasati,110650526086515412955,False,0,id,2026-05-04T16:21:53.223092
Ci9DQUlRQUNvZENodHljRjlvT2xvNFUyNWlRbXhuY1dKSmEyNWxaelZOTjBsWFFWRRAB,ChIJe9QWtBTfbi4RO0Lzlydfca0,KAMPUNG MERTUA CAFE & RESTO,Majalengka,Nongkrong,1,"Resto ter gajelas, mau reservasi buat bukber malah disuruh dateng pas udh di tempat malah dibilang udh full booking semua☺
Tolong, ini mau pada makan bukan minta🙏🏻",2026-03-17T05:43:59.404Z,Devina Madinah,115344363433632932575,False,0,id,2026-05-04T16:21:53.223119
Ci9DQUlRQUNvZENodHljRjlvT2tRMGNHeFJja2RCYm5sS01rRmlTSEJNWjI1V1IzYxAB,ChIJe9QWtBTfbi4RO0Lzlydfca0,KAMPUNG MERTUA CAFE & RESTO,Majalengka,Nongkrong,1,"Sangat mengecewakan, padahal boking H-2. Sangat buruk !!!
1. Pesanan tidak sesuai.
2. Makanan kurang matang.
3. Pelayanan buruk.
4. Area KOTOR

Tidak akan pernah mampir lagi !!!!",2026-03-16T13:03:41.277Z,fisca zanara,116974395931848120034,False,1,id,2026-05-04T16:21:53.223130
Ci9DQUlRQUNvZENodHljRjlvT21kVVpFd3RWbXBtUm1GRlUyVjBkWE5tYUZCYVExRRAB,ChIJe9QWtBTfbi4RO0Lzlydfca0,KAMPUNG MERTUA CAFE & RESTO,Majalengka,Nongkrong,2,Pengalaman kurag baik bagi kawan kawan pabrik dikarnakan pelayanan yag kurang dalam penyiapan makanannya.,2026-03-16T12:56:17.307Z,angara pertama1,118147719077890327965,False,1,id,2026-05-04T16:21:53.223140
Ci9DQUlRQUNvZENodHljRjlvT21nelltcEtiVkIzZUZSSllWOHdTVjlGY0dSMVYzYxAB,ChIJe9QWtBTfbi4RO0Lzlydfca0,KAMPUNG MERTUA CAFE & RESTO,Majalengka,Nongkrong,5,"first time ke kampung mertua, aku pesen ayam penyet enak banget untuk sambelnya ga terlalu pedes masi bisa di nikmatin, ayamnya juga besar buat harga segitu worthit banget. terus dapet es cholate enak banget manisnya pas, coklatnya kerasa banget pokonya love deh🫰🏻",2026-03-15T14:16:39.466Z,Dita Ayu Fitriyani,104202298053419670736,False,0,id,2026-05-04T16:21:53.223149
Ci9DQUlRQUNvZENodHljRjlvT2xGQlZrZHRha3BHUTNkWVduYzRXV2Q0YWtzd1kyYxAB,ChIJe9QWtBTfbi4RO0Lzlydfca0,KAMPUNG MERTUA CAFE & RESTO,Majalengka,Nongkrong,5,"first time kesini ternyata tempatnya luas pwoll, makanan nya enak aku pesen ayam penyet rate 8/10. terahir juga aku dapet ice chocolate enakk pokonya recomend dehh worthit to try💋",2026-03-15T14:13:55.058Z,Aurelliu Ezebha,115306346937523051121,False,0,id,2026-05-04T16:21:53.223158
Ci9DQUlRQUNvZENodHljRjlvT2s1NGJHRjJkR3hYYURkMWRFOHRjMEpuTjBRdFpYYxAB,ChIJe9QWtBTfbi4RO0Lzlydfca0,KAMPUNG MERTUA CAFE & RESTO,Majalengka,Nongkrong,5,"Rasa makanannya sangat authentic. Ada perpaduan rasa gurih dan sedikit smoky yang bikin nagih dari suapan pertama, tempat nya luas, minumannya enak🫶🏻🫶🏻",2026-03-15T14:13:09.353Z,Dini melyani,111864184376351436567,False,0,id,2026-05-04T16:21:53.223169
Ci9DQUlRQUNvZENodHljRjlvT2t0YVRWaGxkMnRNVDBGTlpITmFXamhuWmtSVk5WRRAB,ChIJe9QWtBTfbi4RO0Lzlydfca0,KAMPUNG MERTUA CAFE & RESTO,Majalengka,Nongkrong,2,"buruk bgt plis, adminnya gajelas",2026-03-15T08:07:20.831Z,Rahma Ama,104679431060633432091,False,0,id,2026-05-04T16:21:53.223186
Ci9DQUlRQUNvZENodHljRjlvT2s1cmJrbHFORkV5T0Uxb1YzUnNOMWt3TkVwdlZuYxAB,ChIJe9QWtBTfbi4RO0Lzlydfca0,KAMPUNG MERTUA CAFE & RESTO,Majalengka,Nongkrong,5,"“Pelayanannya sangat baik, baik saat mengantarkan hidangan maupun saat merespons pesanan melalui chat. Respons terhadap masukan dan keluhan pelanggan juga ditangani dengan sangat baik dan bijaksana.” 😊

Dan yang  paling saya suka adalah tempat nya. Nuansa tempat nya membuat pikiran dan hati lebih tenang. Cocok banget buat orang orang  yang lagi banyak pikiran dan butuh tempat yang teduh dan butuh ketenangan. The best deh pokoknya🤩",2026-03-15T03:35:58.049Z,Rida maulida,110298123128797811355,False,0,id,2026-05-04T16:21:53.223196
Ci9DQUlRQUNvZENodHljRjlvT2tnNVQya3hTRnBqWW5adlJtOUJZVXRRVVRabFVHYxAB,ChIJe9QWtBTfbi4RO0Lzlydfca0,KAMPUNG MERTUA CAFE & RESTO,Majalengka,Nongkrong,5,"makanan dateng nya cepat, rasa nya juga enak, parkiran luas, harga nya ramah dikantong. rekomendasi buat makan bareng keluarga besar ataupun bareng teman teman.",2026-03-14T03:42:23.218Z,dvaaar,104566449783368820151,False,0,id,2026-05-04T16:21:53.223211
Ci9DQUlRQUNvZENodHljRjlvT2tWeFUyVmhXbHA1V0d0d05VNURMWEEyWmxCU1ZYYxAB,ChIJe9QWtBTfbi4RO0Lzlydfca0,KAMPUNG MERTUA CAFE & RESTO,Majalengka,Nongkrong,5,Makannanya enak sih jujur. Kopi nya lumayan,2026-03-13T13:49:29.499Z,Ayu Yusrina,118017437913953962088,False,0,id,2026-05-04T16:21:53.223229
Ci9DQUlRQUNvZENodHljRjlvT2poU01sbDRPV2hxUkRWRFdWcFdaRU4wZW1wQldGRRAB,ChIJe9QWtBTfbi4RO0Lzlydfca0,KAMPUNG MERTUA CAFE & RESTO,Majalengka,Nongkrong,5,bagus banget tempat nya nyaman dan strategis,2026-03-13T12:20:37.551Z,Ai fitri Wulandari,103533788835718734972,False,0,id,2026-05-04T16:21:53.223237
Ci9DQUlRQUNvZENodHljRjlvT2psSVdFWkZSMGR6VTBKNk1FWnNZM0p3ZDJOb01VRRAB,ChIJe9QWtBTfbi4RO0Lzlydfca0,KAMPUNG MERTUA CAFE & RESTO,Majalengka,Nongkrong,5,"Hidden gem....
River side a.k.a pinggir kali
Landscape dan penataan tempat cukup bagus, banyak tanaman hijau.
Akses jalan agak susah karena cukup sempit hanya bisa dilalui 1 mobil (tidak bisa berpapasan).",2026-03-12T00:29:18.861Z,Hernu Sulistyo,117385234032971341626,True,0,id,2026-05-04T16:21:53.223252
Ci9DQUlRQUNvZENodHljRjlvT2pSSlpUTmlkMVpXY20xUFlVdDRZalJXWmtaSlJsRRAB,ChIJe9QWtBTfbi4RO0Lzlydfca0,KAMPUNG MERTUA CAFE & RESTO,Majalengka,Nongkrong,5,"pelayanan nyaa sangatt sangattt baikk dan ramahh, untuk makanannya juga enakk banget gaada yang mengecewakan, pokonya tempat nya comfortable buat dipake kumpul bareng keluarga teman dalam jumlah yang besar.",2026-03-11T06:26:28.167Z,Divia Ratuagitsna,116376357694914789070,False,0,id,2026-05-04T16:21:53.223260
Ci9DQUlRQUNvZENodHljRjlvT25FNFZEWjBZVzl2VEROd1MzQmpSRlZWUm01aWVWRRAB,ChIJe9QWtBTfbi4RO0Lzlydfca0,KAMPUNG MERTUA CAFE & RESTO,Majalengka,Nongkrong,5,lovee bangett sama kasir sama waiters nyaa lucuu lucuuu😋😋,2026-03-11T04:17:16.602Z,Reva Rahmawati,116830187531267635086,False,0,id,2026-05-04T16:21:53.223269
Ci9DQUlRQUNvZENodHljRjlvT2xSVVRURnlVa2RRV1U1R09WazVZakozV2w5RVVsRRAB,ChIJe9QWtBTfbi4RO0Lzlydfca0,KAMPUNG MERTUA CAFE & RESTO,Majalengka,Nongkrong,2,lampu nya serem,2026-03-09T11:29:04.996Z,Aprian Aap,117055367488821764270,False,1,id,2026-05-04T16:21:53.223277
Ci9DQUlRQUNvZENodHljRjlvT25OdldERmxVMVp5WldaVFlYZ3dRbTF3YTBKQ1JXYxAB,ChIJe9QWtBTfbi4RO0Lzlydfca0,KAMPUNG MERTUA CAFE & RESTO,Majalengka,Nongkrong,5,"tempat nya cocok banget buat makan sama keluarga ataupun nongkrong sama temen,apalagi buat bukber beuhhhh vibes nya dapet banget pokok nyaaa👍👍",2026-03-09T10:17:53.402Z,Aulia Az-zahra,101201129783573143822,False,0,id,2026-05-04T16:21:53.223285
Ci9DQUlRQUNvZENodHljRjlvT2tSSGVqTlNOR3M1WjE5VFgzSjBNMlF6YTJWdmQxRRAB,ChIJf-zKikQvby4R7210k3VqvKY,Sanes Burger And Coffee,Majalengka,Nongkrong,5,JOSJISS tapi kalo digedein dikit lebih josjis dah,2026-04-06T03:48:10.122Z,Kevin Grobbee,111123771395750647004,False,0,su,2026-05-04T16:21:53.223319
Ci9DQUlRQUNvZENodHljRjlvT2pKRk0xOWZYMWM1ZFdaUk1ITmxaM2R2YnpKWU1HYxAB,ChIJf-zKikQvby4R7210k3VqvKY,Sanes Burger And Coffee,Majalengka,Nongkrong,5,"Double beef patty burger & Es kopi susu gula arennya enak..
Kayaknya burger ter-enak di Majalengka yg pernah dicoba.. 👍",2026-03-28T02:50:04.386Z,Sean Rozano,107951829661634257742,True,0,id,2026-05-04T16:21:53.223335
Ci9DQUlRQUNvZENodHljRjlvT2xGbVMxQk1VRlZ1WDJwaFZsUktiMk53V0RSbE5VRRAB,ChIJf-zKikQvby4R7210k3VqvKY,Sanes Burger And Coffee,Majalengka,Nongkrong,5,"Burger ter enak se kota Majalengka, tentu tidak lupa dgn lemon kopi andalannyaa💜",2026-03-27T17:22:45.120Z,caramelo latte,107808401867301187612,False,0,id,2026-05-04T16:21:53.223346
Ci9DQUlRQUNvZENodHljRjlvT2pWMk1rUmFkMmxKU1RkbVZHb3hkbFprYUhscGQxRRAB,ChIJf-zKikQvby4R7210k3VqvKY,Sanes Burger And Coffee,Majalengka,Nongkrong,4,"susah parkir R4, jadi gak bisa berlama-lama menikmati best burger in town.... hehehe
FREE air es !!",2026-02-08T06:59:29.308Z,Ginanjar,116846136039021313865,True,0,id,2026-05-04T16:21:53.223370
Ci9DQUlRQUNvZENodHljRjlvT2paNGFVVnNXVlJqVTFOTFJua3lOVWxmVGw5cGRuYxAB,ChIJf-zKikQvby4R7210k3VqvKY,Sanes Burger And Coffee,Majalengka,Nongkrong,5,"tempat dan makanan nyaa enakk bangettt, suasana nya nyaman dan tenang, wajib cobain lemon cofee sama burger nya si kalo kesinii...

tempat favorit kita dari sma!!!☝🏻",2026-01-04T14:06:04.181Z,ncaaalipp,112587450241840244180,False,0,id,2026-05-04T16:21:53.223393
Ci9DQUlRQUNvZENodHljRjlvT2pJMFNUSkRiRTVLY0dwNk4xVlFiMnREV1dGMmFrRRAB,ChIJf-zKikQvby4R7210k3VqvKY,Sanes Burger And Coffee,Majalengka,Nongkrong,5,"Double Burger, Yakisoba",2026-01-02T14:29:13.211Z,Daniel Kris Hamonangan Sitompul,113439252133000652151,True,0,en,2026-05-04T16:21:53.223402
Ci9DQUlRQUNvZENodHljRjlvT2t0UVYxaE9VVVUxUWtzelRHWlpZbkpLTWpkNk1FRRAB,ChIJf-zKikQvby4R7210k3VqvKY,Sanes Burger And Coffee,Majalengka,Nongkrong,5,"Salah satu tempat makan burger lokal yang recommended di Kota Majalengka. Walau tempat nya sangat kecil, tapi kualitas burger nya di atas rata-rata. Kalau makan dine-in akan diberikan french fries pada burger nya, namun kalau take away hanya burger nya saja.
Sayang tempat nya terbatas dan rada panas untuk santap di tempat…

Usul buat owner, menu nya di post juga di IG biar pelanggan baru punya gambaran mengenai makanan/minuman apa yg dijual 🙏🙏🙏",2025-11-07T14:23:15.224Z,Alexandro J. Utji,113420963886250146209,True,0,id,2026-05-04T16:21:53.223431
Ci9DQUlRQUNvZENodHljRjlvT25ScFdGVm5PVGs1TkZORmRFVmxVMUJaZGpCeFJWRRAB,ChIJf-zKikQvby4R7210k3VqvKY,Sanes Burger And Coffee,Majalengka,Nongkrong,5,Lemon coffee dan burger nya juaraaaak 🤤🤤🤤,2025-10-23T07:55:38.941Z,elsa nurfiani,117275115052166129609,True,0,id,2026-05-04T16:21:53.223440
ChZDSUhNMG9nS0VJQ0FnSURpdXFUYWJnEAE,ChIJf-zKikQvby4R7210k3VqvKY,Sanes Burger And Coffee,Majalengka,Nongkrong,5,"Eskopi dan Burger nya terbaik, tempatnya walaupun kecil tapi enakeun. Cocok buat menyendiri tapi cocok juga buat ngumpul bersama teman",2025-10-08T02:27:29.784Z,Hanif Kazwini,115158167810550900108,True,0,id,2026-05-04T16:21:53.223448
Ci9DQUlRQUNvZENodHljRjlvT25Zek5reEVUbDl1T1dWS2FUaHpjSFo2ZVVORFZGRRAB,ChIJf-zKikQvby4R7210k3VqvKY,Sanes Burger And Coffee,Majalengka,Nongkrong,5,"Tempat ngopi paling enakeun sa Majalengka. Walaupun tempatnya kecil, tapi es kopsu nya juara, burger nya the best, makannya enak semua. Aku hidup bersama saneskape. Baristanya semua besti",2025-10-08T02:22:25.359Z,Han,100137356440208318955,False,0,id,2026-05-04T16:21:53.223457
Ci9DQUlRQUNvZENodHljRjlvT2pFMVRVUkNhREpWTmtnNWJEQmZiRkJ2YzBFeFRXYxAB,ChIJf-zKikQvby4R7210k3VqvKY,Sanes Burger And Coffee,Majalengka,Nongkrong,5,Burger terenak dengan harga terjangkau di Majalengka,2025-08-01T07:40:23.360Z,Arief Budiman,107503722540450577172,True,0,id,2026-05-04T16:21:53.223465
ChdDSUhNMG9nS0VJQ0FnTUR3d0pmaXRBRRAB,ChIJf-zKikQvby4R7210k3VqvKY,Sanes Burger And Coffee,Majalengka,Nongkrong,5,"nyaman, ramah, baik banget pelayanannyaaa pliss pertahanin yaa semangatt aku sukaa nnt bakal sering kesanaa nyaman banget soalnyaaa",2025-03-22T15:02:30.841Z,giezca Justina Izzati,104978648805171893912,False,0,id,2026-05-04T16:21:53.223488
ChdDSUhNMG9nS0VJQ0FnSUMzaW8taHFBRRAB,ChIJf-zKikQvby4R7210k3VqvKY,Sanes Burger And Coffee,Majalengka,Nongkrong,4,Kesini karena kepagian sampe Majalengkanya. Dan Alhamdulilah ada cafe yang sudah buka dari jam 7 pagi. Pesan Cappucino dan menu sarapan pagi. Tempatnya sih kecil tapi taste kopi dan menu sarapannya enak. Ada novel juga buat sekedar baca baca.,2024-11-04T14:29:54.488Z,Ageng Sutadiredja,105084980630766096744,True,0,id,2026-05-04T16:21:53.223523
ChdDSUhNMG9nS0VJQ0FnSURBeWIzUG5BRRAB,ChIJf-zKikQvby4R7210k3VqvKY,Sanes Burger And Coffee,Majalengka,Nongkrong,5,Sangat menyenangkn.. ditambah menu yg serba berselera....,2024-10-23T08:14:30.777Z,Budhi Budhiharto,114391450402363299229,True,2,id,2026-05-04T16:21:53.223542
ChZDSUhNMG9nS0VJQ0FnSUNyaHVHMkR3EAE,ChIJf-zKikQvby4R7210k3VqvKY,Sanes Burger And Coffee,Majalengka,Nongkrong,5,Terimakasih sudah mempercayakan Foto Shoot nya ke Dian Photo Studio.,2024-07-06T12:28:46.735Z,Dian Sudiana,100414220105539164578,True,0,id,2026-05-04T16:21:53.223571
ChZDSUhNMG9nS0VJQ0FnSURUM292dU1nEAE,ChIJf-zKikQvby4R7210k3VqvKY,Sanes Burger And Coffee,Majalengka,Nongkrong,5,Baguss pengerjaan ny cepat rapi. Dan nyaman tempatny,2024-05-25T01:37:05.223Z,jery22,111132592000338227977,True,0,id,2026-05-04T16:21:53.223586
ChdDSUhNMG9nS0VJQ0FnSURqNE0tazRRRRAB,ChIJf-zKikQvby4R7210k3VqvKY,Sanes Burger And Coffee,Majalengka,Nongkrong,4,"Lokasi dekat dengan pusat kota. Tempat emang sempit tapi nyaman. Kalau kehabisan kuota atau lagi detox internet ada buku yg bisa dibaca. Saya pesen lemonee coffee, enak seger. Pelayanannya ramah juga.",2024-04-28T06:30:25.958Z,Tezar Pangestu,102974139719884615292,True,0,id,2026-05-04T16:21:53.223595
Ci9DQUlRQUNvZENodHljRjlvT2tGdFFVTnpSbkJ2TlU1VFNWWnhOSEZJY1RaZlZtYxAB,ChIJe9QWtBTfbi4RO0Lzlydfca0,KAMPUNG MERTUA CAFE & RESTO,Majalengka,Nongkrong,5,"Bintang 5 pokonya tempat nya nyaman
Makanan nya enak lovee bgttt kesukaan gen z 🩷",2026-03-09T04:53:13.503Z,dewi Sri,109845607663050196673,False,0,id,2026-05-04T16:21:53.223619
Ci9DQUlRQUNvZENodHljRjlvT2xsTGFVVTRha3hTZFdKQmRESklaMkp1YW5ocmFGRRAB,ChIJe9QWtBTfbi4RO0Lzlydfca0,KAMPUNG MERTUA CAFE & RESTO,Majalengka,Nongkrong,5,"Rekomen buat bukber banyak orang, 216 orang menu udah beres sebelum magrib, terimakasih kampung mertua 🥰",2026-03-09T04:33:57.812Z,Mega Jaya,106478056498929320461,False,0,id,2026-05-04T16:21:53.223627
Ci9DQUlRQUNvZENodHljRjlvT2kxUldDMXNibkJ0YldSRE56SjJRekpSVW5CWk1uYxAB,ChIJe9QWtBTfbi4RO0Lzlydfca0,KAMPUNG MERTUA CAFE & RESTO,Majalengka,Nongkrong,5,"Rekomendasi tempat bukber, menu nya udah siap pas kita Dateng🥰",2026-03-09T04:13:01.687Z,Sunflower You,109553628436704699423,False,0,id,2026-05-04T16:21:53.223643
Ci9DQUlRQUNvZENodHljRjlvT2xaSFVuVXRNRFJ4VVVoWU4yRm5WVzFHZEVweFFsRRAB,ChIJe9QWtBTfbi4RO0Lzlydfca0,KAMPUNG MERTUA CAFE & RESTO,Majalengka,Nongkrong,1,"pelayanan jelek, kalo emng ga mampus nampung banyak orang yg bukber jangan terima !!! telat banget sampe satu jam lebih, pelayanan jelek!! lambat!!!!!!!",2026-03-08T11:35:11.480Z,caa knsa,110414726462859659578,False,0,id,2026-05-04T16:21:53.223651
Ci9DQUlRQUNvZENodHljRjlvT2tkNmFITndjekl0VFdGc1JIQnhUVU16Tm5SMU1XYxAB,ChIJe9QWtBTfbi4RO0Lzlydfca0,KAMPUNG MERTUA CAFE & RESTO,Majalengka,Nongkrong,1,"Kalo ga mampu jangan terima"" aja reservasian.",2026-03-08T11:35:09.539Z,Mia Rahmawati sukma (Mia),111899643698696213362,False,1,id,2026-05-04T16:21:53.223660
Ci9DQUlRQUNvZENodHljRjlvT2xwalZ6UnpTekF6ZFdKak9HVllORlZzVFZObU9GRRAB,ChIJe9QWtBTfbi4RO0Lzlydfca0,KAMPUNG MERTUA CAFE & RESTO,Majalengka,Nongkrong,5,"Kalian wajib kesini sih manteman tempatnya luas, nyaman dan astetik banget bangett, apalagi di bagian belakang cantik poll tempatnya berasa nemu hidden gem wkwk. Makanan disini juga luyaman murah apalagi disini kalian bisa ngebaso sambil ngopi2 cantik😽",2026-03-07T05:09:08.108Z,Azizahh,105312245692188357562,True,0,id,2026-05-04T16:21:53.223672
Ci9DQUlRQUNvZENodHljRjlvT2pSNWFrdFJOR3AzZWtkNU9VcFpPSE5tVTBSc1psRRAB,ChIJe9QWtBTfbi4RO0Lzlydfca0,KAMPUNG MERTUA CAFE & RESTO,Majalengka,Nongkrong,4,"Kali kedua bukber disinii, makanan nya enakk pwolll, tempat nya luass bersih jg, admin nya apalagii ramahh lucuu dan friendly abiesss, rekomendasi buat yang mau healing tipis tipiss, soalnya banyak yg ijoo ijoo segerr, night view nya jg cakepp, tempat parkir nya luasss best gausah khawatirr, emang all goodd sihh",2026-03-06T15:31:01.489Z,anisa rahmadini,116279460446171734155,False,0,id,2026-05-04T16:21:53.223683
Ci9DQUlRQUNvZENodHljRjlvT2tsTGRUVllRbXR0U1VSc09WSTVha3BYVDFWalJrRRAB,ChIJe9QWtBTfbi4RO0Lzlydfca0,KAMPUNG MERTUA CAFE & RESTO,Majalengka,Nongkrong,5,"cocok banget buat bukber atau kumpul keluarga,tempat ny nyaman pelayanan ny juga bagus🥰🤍",2026-03-06T14:53:53.045Z,Hanny Apriani,107762258120530847974,False,0,id,2026-05-04T16:21:53.223691
Ci9DQUlRQUNvZENodHljRjlvT2pKMmFFZG5OMTlpTld4T1VVeDBVVzAxTFhaalNIYxAB,ChIJe9QWtBTfbi4RO0Lzlydfca0,KAMPUNG MERTUA CAFE & RESTO,Majalengka,Nongkrong,1,"Penyediaan menu makanan kurang, pesanan tidak lengkap jadi harus pesan ulang, sudah reservasi tidak tercatat!!",2026-03-01T13:53:07.421Z,Nisah,100520597093464453134,False,0,id,2026-05-04T16:21:53.223705
Ci9DQUlRQUNvZENodHljRjlvT2tGUlEzRk9RMGQ1WnpCdFZXNUxNbFF3WjBsT1NHYxAB,ChIJe9QWtBTfbi4RO0Lzlydfca0,KAMPUNG MERTUA CAFE & RESTO,Majalengka,Nongkrong,1,"Pelayanan mengecewakan banget, lg puasa pesen sblum maghrib sampai adzn isya tdk ada kabar d tanya ke pelayan blang nya on progres eh ga lama dtg lg bilang kosong. pelayan dapur blang nya ga ada konfirmasi dr atas ke bawah... ini mah bkin sakit orang aja.",2026-03-01T12:45:29.805Z,reyza desmayana,117908668600356859446,False,0,id,2026-05-04T16:21:53.223716
Ci9DQUlRQUNvZENodHljRjlvT2xwaU1VSktTSFZ3Vm13d1ZFeG9ZMHczTUZGVk0wRRAB,ChIJe9QWtBTfbi4RO0Lzlydfca0,KAMPUNG MERTUA CAFE & RESTO,Majalengka,Nongkrong,5,"sumpah pelayanan nya okee, respon nya cepatt, dan tempat nyaa okee, soalnya aku sambil foto yearbook",2026-02-27T01:11:36.863Z,Syifa fauziah,110989675129797202558,False,0,id,2026-05-04T16:21:53.223725
ChZDSUhNMG9nS0VJQ0FnTUNZdHA3MEJnEAE,ChIJMUTT5UMvby4RoIO0Rpi3OvI,Resto Cafe 99,Majalengka,Nongkrong,5,"pelayannan cepat, super mantap makanan dan lainnya bisa untuk acara lamaran juga, tengkyu resto 99",2025-05-04T06:08:31.285Z,SHOFI NURULFAJRI,109268925775316310698,False,0,id,2026-05-04T16:21:53.223765
ChZDSUhNMG9nS0VJQ0FnTUNZLUxHeGJBEAE,ChIJMUTT5UMvby4RoIO0Rpi3OvI,Resto Cafe 99,Majalengka,Nongkrong,5,"Tempatnya luas dan nyaman untuk acara keluarga atau kantor, makanannya enak, fasilitasnya lengkap, ada tempat parkir yang luas",2025-05-01T07:33:30.351Z,Yane Y.,102073549653475290852,False,0,id,2026-05-04T16:21:53.223775
ChZDSUhNMG9nS0VJQ0FnTUNZNExudmRnEAE,ChIJMUTT5UMvby4RoIO0Rpi3OvI,Resto Cafe 99,Majalengka,Nongkrong,5,"Tempatnya sejuk , makanannya enak & mantap 👍🏻👍🏻",2025-04-30T06:54:27.602Z,Annisa Prima Lestari,111884958747508343923,False,0,id,2026-05-04T16:21:53.223784
ChZDSUhNMG9nS0VJQ0FnTURvbGNfU0RnEAE,ChIJMUTT5UMvby4RoIO0Rpi3OvI,Resto Cafe 99,Majalengka,Nongkrong,5,"Kami kesini utk mengadakan kumpul keluarga dlm rangka halbil...Suasananya adem, asri, pemandanggannya indah, bisa lihat gunung Margatapa dan gunung Panten dari jauh...

Tempatnya luas, kami memilih tempat di pendopo belakang, dikelilingi kebun dan sawah,betul2 pemandangan yg sudah mahal ,susah ditemui di kota2 besar...

Makanannya enak2, porsinya juga banyak banget,cemilannya juga enak2 dan bisa banget klo kita mau request....tempatnya luas,dan kids friendly... tidak ada batasan waktu utk tempat yg kami pakai,yaitu pendopo belakang.karyawannya juga ramah2, bahkan kami dapat oleh2 1 paket gurame bakar,sup,2 nasi dari Ibu owner yg notabene adalah teman kk Ipar saya☺️, trimakasih Bu🙏, juga kami dibantu utk segalanya oleh putrinya Ibu Mimin ini (owner Resto Cafe 99), trimakasih,Kak☺️🙏

Oya , parkirannya luas, muat banyak mobil, ada bbrp pilihan ruangan juga, dan ada banyak spot foto yg cantik2 di outdoornya...musholanya juga nyaman dan adem,meskipun ga terlalu besar, bentuknya spt rumah panggung yg mungil....
Overall, semuanya sangat memuaskan dan recomanded utk ngadain berbagai event...trimakasih Resto Café 99🙏☺️",2025-04-27T06:00:43.744Z,Sri Bayu asih,110892701109530078774,True,0,id,2026-05-04T16:21:53.223794
ChZDSUhNMG9nS0VJQ0FnTURveWUyUWFBEAE,ChIJMUTT5UMvby4RoIO0Rpi3OvI,Resto Cafe 99,Majalengka,Nongkrong,5,"Cocok untuk mengadakan acara halal bihalal ataupun reunian, makanan enak, tempatnya luas dan nyaman, parkirannya juga luas. Viewnya langsung bukit panten adem, sukses selalu untuk Resto Cafe 99",2025-04-26T07:49:23.466Z,Endang Hartati,110214475050043792933,False,0,id,2026-05-04T16:21:53.223806
ChZDSUhNMG9nS0VJQ0FnTUNJN2JERlZBEAE,ChIJMUTT5UMvby4RoIO0Rpi3OvI,Resto Cafe 99,Majalengka,Nongkrong,5,"Adem banget suasananya,,,Karena saya kesini nya malem agak ngeri² sedep ,,,Lahan parkirnya luas bisa parkir mobil juga,,, Tp toiletnya agak bau yhhh?!..
Makanan nya Oke, nyaman bersih juga tempatnya..Cocok nihh buat tempat kumpul keluarga/meeting room/reunian dll.",2025-04-04T00:48:28.951Z,Elis Triapriyanti,108309887349671906903,True,0,id,2026-05-04T16:21:53.223815
ChZDSUhNMG9nS0VJQ0FnTUR3dWQySUJREAE,ChIJMUTT5UMvby4RoIO0Rpi3OvI,Resto Cafe 99,Majalengka,Nongkrong,3,"Pertama kesini pelayanan kurang menurut saya. Karna saya pesan dari jam 5 . Minuman & takjil sudah duluan si sediakan kemudian nasi Dateng jam 6 lebih 15.an . Yang bikin kesel Snack nya Gk di bikin2 smpe jam 8 malem saya nunggu. Pas di panggil waiters nya bilang kalo lupa GK di bikinin. Sya tunjukin nota nya baru mw d bikin stelah nunggu eh balik lagi nanya lagi pesanannya, kemudian krna lama sya minta d bungkus ajh bawa pulang, pas udah jadi eh ngasal bikin yang penting ada . Tolong di perhatikan lagi pelayanan ny. Trmksh",2025-03-27T00:34:26.606Z,Asmari,113211171974047577112,False,0,id,2026-05-04T16:21:53.223825
ChZDSUhNMG9nS0VJQ0FnTUN3LTVEbEtnEAE,ChIJMUTT5UMvby4RoIO0Rpi3OvI,Resto Cafe 99,Majalengka,Nongkrong,5,"Tempatnya nyaman, makanannya uenakk",2025-03-21T13:05:55.116Z,Riko Arafat,113027500091030768796,True,0,id,2026-05-04T16:21:53.223841
ChdDSUhNMG9nS0VJQ0FnSUNfdTd5U2tBRRAB,ChIJMUTT5UMvby4RoIO0Rpi3OvI,Resto Cafe 99,Majalengka,Nongkrong,5,Untuk pelayanan dan makanan memuaskan,2025-01-19T08:27:58.657Z,heryani se,111754428718345032791,False,0,id,2026-05-04T16:21:53.223872
ChZDSUhNMG9nS0VJQ0FnSUQzM2JPbFBREAE,ChIJMUTT5UMvby4RoIO0Rpi3OvI,Resto Cafe 99,Majalengka,Nongkrong,5,Bagus tempatnya,2024-11-18T00:41:36.412Z,Irfan Zila,111784585021248184173,True,0,id,2026-05-04T16:21:53.223888
ChZDSUhNMG9nS0VJQ0FnSUNsNGFtQkt3EAE,ChIJf-zKikQvby4R7210k3VqvKY,Sanes Burger And Coffee,Majalengka,Nongkrong,5,buat yg nyari kafe kopi yg bukanya pagi2 bisa langsung kesini sih,2023-11-20T12:17:57.641Z,Ikrima Inayatulloh,104816560721449544605,True,0,id,2026-05-04T16:21:53.223924
ChdDSUhNMG9nS0VJQ0FnSUNGcllmUi1RRRAB,ChIJf-zKikQvby4R7210k3VqvKY,Sanes Burger And Coffee,Majalengka,Nongkrong,5,"Kecil nan syahdu, kopi lemon nya thebest",2023-10-31T07:46:27.021Z,AL MIRAJ,105611141138522526340,True,1,id,2026-05-04T16:21:53.223933
ChdDSUhNMG9nS0VJQ0FnSUM1eDdTNDBnRRAB,ChIJf-zKikQvby4R7210k3VqvKY,Sanes Burger And Coffee,Majalengka,Nongkrong,5,"Tempat warung joneng di Cigasong tempatnya bersih, makanannya endul bangett apalagi gorengannya renyah",2023-10-17T14:33:13.040Z,Nisa Febriani,117780227924576985705,False,0,id,2026-05-04T16:21:53.223950
ChZDSUhNMG9nS0VJQ0FnSURwaDdEbVNnEAE,ChIJf-zKikQvby4R7210k3VqvKY,Sanes Burger And Coffee,Majalengka,Nongkrong,5,"Enak nya ngiring calik, adem bro",2023-08-30T06:24:44.210Z,Bayu Koswara,111428376082596400713,False,0,su,2026-05-04T16:21:53.223961
ChZDSUhNMG9nS0VJQ0FnSURVemNxZ01REAE,ChIJf-zKikQvby4R7210k3VqvKY,Sanes Burger And Coffee,Majalengka,Nongkrong,5,Cocok untuk ngopi pagi di majalengka,2023-07-24T12:52:43.889Z,AD Rahayu,103287680892913352586,False,1,id,2026-05-04T16:21:53.223972
ChdDSUhNMG9nS0VJQ0FnSUQyaHVxc25RRRAB,ChIJf-zKikQvby4R7210k3VqvKY,Sanes Burger And Coffee,Majalengka,Nongkrong,5,Rekomendasi ngopi pagi. Owner nya bisa debus,2023-05-26T02:31:28.305Z,NR DN,113773987201028835650,False,0,id,2026-05-04T16:21:53.223994
Ci9DQUlRQUNvZENodHljRjlvT2s5TWRraHhRbUpWYTJOWmVtZ3pZazlhY0VaRldWRRAB,ChIJM54QPwAvby4RupcY2uylL4U,Tjap Lapan,Majalengka,Nongkrong,4,Minuman yang menyegarkan,2026-04-14T08:14:46.356Z,asep Sparrow,100241418957547947157,True,0,id,2026-05-04T16:21:53.224003
Ci9DQUlRQUNvZENodHljRjlvT2pVeFJXMWZXa0pFY2tKTE4zTkxVMm93ZVRoT1YzYxAB,ChIJM54QPwAvby4RupcY2uylL4U,Tjap Lapan,Majalengka,Nongkrong,5,lucu menunya juga sangat pelajar sekali,2026-04-08T08:08:22.279Z,Aida Nuryanti,111493115646491358790,False,0,id,2026-05-04T16:21:53.224012
Ci9DQUlRQUNvZENodHljRjlvT2pkU1NUUnJZMlI1TUROd2F6VldUemR5YVhreVVIYxAB,ChIJM54QPwAvby4RupcY2uylL4U,Tjap Lapan,Majalengka,Nongkrong,5,"Tempatnya baguss vintage, cuman kalo malam pencahayaannya kurang untuk spot foto dan untuk makanannya oke lebihh suka ke dessert nyaa💖",2026-03-06T13:53:42.220Z,Cicin Widyanengsih,112512866220670125084,False,0,id,2026-05-04T16:21:53.224022
Ci9DQUlRQUNvZENodHljRjlvT2xaV1kyeDRabVkxWTBwck5qSklURjlFWVRaWFYwRRAB,ChIJM54QPwAvby4RupcY2uylL4U,Tjap Lapan,Majalengka,Nongkrong,5,"oke bgt tempatnya buat dijadiin tempat nongkrong,makanannya enak” pelayanan nya oke jugaa",2026-02-09T03:13:14.800Z,Sani Mulyani,111709267434685650151,True,1,id,2026-05-04T16:21:53.224038
Ci9DQUlRQUNvZENodHljRjlvT210YVJqUmFUalJxWjI4MFIzTk1aR3RVVUdacGNYYxAB,ChIJM54QPwAvby4RupcY2uylL4U,Tjap Lapan,Majalengka,Nongkrong,5,"Enakk banget makanannya, pelayanannya ramah bgt. Sehatsehatt mamii and team🥰🫶🏻",2026-01-31T14:22:41.924Z,Meican,107084540483702039785,False,0,id,2026-05-04T16:21:53.224055
Ci9DQUlRQUNvZENodHljRjlvT201TWQyVnZMWG8yWTNselJDMTBSUzFDVnkxZlZrRRAB,ChIJM54QPwAvby4RupcY2uylL4U,Tjap Lapan,Majalengka,Nongkrong,1,Pelayanan lelet banget,2026-01-24T05:54:53.460Z,Muhamad Zidan,102092803196911815025,False,0,id,2026-05-04T16:21:53.224063
Ci9DQUlRQUNvZENodHljRjlvT2xWUWVHSlVhVjh0UlhCUGQyNDJPRWhrZEd4TWJYYxAB,ChIJM54QPwAvby4RupcY2uylL4U,Tjap Lapan,Majalengka,Nongkrong,1,Makanannya enak tapi buka jam 8 chef baru dateng jam 9 wkwkwkwkwk. terus masakannya dtgnya lama banget sampe keburu kenyang.,2026-01-18T02:32:22.773Z,randyani alitha,117552954184506776780,True,0,id,2026-05-04T16:21:53.224072
Ci9DQUlRQUNvZENodHljRjlvT21kTVNHUlJXRXhGZGxKaWRHZHVZMFJRT1c4NFJuYxAB,ChIJM54QPwAvby4RupcY2uylL4U,Tjap Lapan,Majalengka,Nongkrong,5,Dessert enak dan banyak mainan untuk nongkrong bersama teman atau anak2,2026-01-06T10:04:06.208Z,Sandra Crysani2910,115101961192466884231,True,1,id,2026-05-04T16:21:53.224095
Ci9DQUlRQUNvZENodHljRjlvT21GRFRXRk9iVmhxV25WVGEyZGllVzQwV21WRWQwRRAB,ChIJM54QPwAvby4RupcY2uylL4U,Tjap Lapan,Majalengka,Nongkrong,2,"Baru kali ini pesan menu Makan Nasinya dingiin, mana lama penyajianya padahal yg pesan cuman saya sekeluarga (4orang)!",2026-01-01T14:01:42.990Z,Muh Fahrul,102911512823831301714,False,0,id,2026-05-04T16:21:53.224122
Ci9DQUlRQUNvZENodHljRjlvT2tndE5teFlSMDUyYTNweVdHaHFXR0Z1ZW14bVUwRRAB,ChIJM54QPwAvby4RupcY2uylL4U,Tjap Lapan,Majalengka,Nongkrong,5,"Lumayan ensk.... gimna selera...
Klo aku penyuka manis banget.. kurang sedikit manisnya di per es an... heeeheee",2025-11-23T13:15:45.824Z,Ani Sili Mulyani,106035128657915699522,True,0,id,2026-05-04T16:21:53.224149
Ci9DQUlRQUNvZENodHljRjlvT2psNVdtTjJZMVJQV1dOUmJFcGxVbXAzYlZCV1JtYxAB,ChIJM54QPwAvby4RupcY2uylL4U,Tjap Lapan,Majalengka,Nongkrong,4,"Mampir kesini saat lagi mudik, tempatnya lumayan ok untuk nongkrong.",2025-11-10T13:36:26.664Z,Muhamad Lutfi,113456840586526859852,False,1,id,2026-05-04T16:21:53.224159
Ci9DQUlRQUNvZENodHljRjlvT25BMGFGZHpRa2xMZG1oMlgwTlBTbVpyZURsNk5rRRAB,ChIJM54QPwAvby4RupcY2uylL4U,Tjap Lapan,Majalengka,Nongkrong,5,"Menunya banyak pwol, sampe keder 😅
Nasi lemak ✨
Mie Kari Malaysia ✨
Pempek Mie ✨
Roti Kukus Tiramisu ✨
Es Campur Tjap Lapan ✨
Sate ayam original ✨
Cireng cukonya tidak sesuai ekspektasi, kecil pwol 😅

Overall enaaaaaaaak semua 🫶🏻",2025-11-01T12:50:17.750Z,Afifah nafisah,116751861868637501414,True,0,id,2026-05-04T16:21:53.224168
Ci9DQUlRQUNvZENodHljRjlvT25BM2JHc3dZMTh3Tm1Odk5tbGphRlZoZEdwclQxRRAB,ChIJM54QPwAvby4RupcY2uylL4U,Tjap Lapan,Majalengka,Nongkrong,5,Makanan nya enak2 playannya ramah tempatnya adem dan suka 🥰,2025-10-27T03:39:59.357Z,Dahlia Anggita,107603118308678345519,False,0,id,2026-05-04T16:21:53.224185
ChZDSUhNMG9nS0VJQ0FnSUR6dXFmdWZBEAE,ChIJMUTT5UMvby4RoIO0Rpi3OvI,Resto Cafe 99,Majalengka,Nongkrong,4,"Tempatnya udah oke banget, luas adem dengan suasa alam sawah. Tapi untuk servicenya dan makanannya bisa lebih ditingkatkan lagi. Overall recommended",2024-06-09T13:05:44.469Z,Moulina Rizkya,101908018552302755408,False,0,id,2026-05-04T16:21:53.224238
ChdDSUhNMG9nS0VJQ0FnSURqcjlpOHNnRRAB,ChIJMUTT5UMvby4RoIO0Rpi3OvI,Resto Cafe 99,Majalengka,Nongkrong,5,"Makanan mantap,",2024-05-09T00:01:01.570Z,Sunanto,101258503543676431794,True,0,id,2026-05-04T16:21:53.224262
Ci9DQUlRQUNvZENodHljRjlvT2xaRlQwVkhlRU5UY1Mxd2QxWnZNMUZmUkROc2RFRRAB,ChIJRz9GdFwnby4RvyndG3jgLA8,The Crumbs Coffee,Majalengka,Nongkrong,5,Makanan dan minumannya enak enakk dg harga yg masih terjangkau,2026-04-08T08:12:34.119Z,caramelo latte,107808401867301187612,False,0,id,2026-05-04T16:21:53.224301
Ci9DQUlRQUNvZENodHljRjlvT25kM1ZqWkxRbnBNYWpZNFREbEhNVXA1WW5vNFZGRRAB,ChIJRz9GdFwnby4RvyndG3jgLA8,The Crumbs Coffee,Majalengka,Nongkrong,5,"Dealer motor terbaik, pelayanan ramah dan cepat .rekomen buat pengambilan motor baru.",2026-03-11T06:29:55.136Z,Joni Jons,118054916788867072198,False,0,id,2026-05-04T16:21:53.224319
Ci9DQUlRQUNvZENodHljRjlvT21KSGNpMHlWR0p4UjA0MWVWSjRPVTlrVm5SclVrRRAB,ChIJRz9GdFwnby4RvyndG3jgLA8,The Crumbs Coffee,Majalengka,Nongkrong,4,Makanannya cukup enak dan suasananya cukup enak hanya saja lahan parkir yang tidak terlalu besar jadi cukup riskan untuk kendaraan terutama roda 4,2026-02-28T05:04:15.374Z,Akagami TV,114369924297889864709,False,0,id,2026-05-04T16:21:53.224328
Ci9DQUlRQUNvZENodHljRjlvT21RM1JUSlRibU5ZUzJObGRFcFdNMVF0ZEVaa00wRRAB,ChIJRz9GdFwnby4RvyndG3jgLA8,The Crumbs Coffee,Majalengka,Nongkrong,5,Posisi tidak jauh dari jalan utama Bandung-Cirebon,2026-02-20T11:04:38.095Z,Warnoto Yakusa,106477533070415540606,True,0,id,2026-05-04T16:21:53.224336
Ci9DQUlRQUNvZENodHljRjlvT25Wa1pGODFXamh6VWt0Wk5HbGxWQzFWVmxaYWFFRRAB,ChIJRz9GdFwnby4RvyndG3jgLA8,The Crumbs Coffee,Majalengka,Nongkrong,5,Enak2 makanan dan minumannya..,2026-02-05T18:59:34.440Z,Nakama Ahmadi,101478170163624760588,True,0,id,2026-05-04T16:21:53.224351
Ci9DQUlRQUNvZENodHljRjlvT25Ob09YVXdSMUpWUWxkR1EyZE1jbkpPWm1GVmVVRRAB,ChIJRz9GdFwnby4RvyndG3jgLA8,The Crumbs Coffee,Majalengka,Nongkrong,4,"Emmm menurutku hire karyawan sih kak, kopi udah enak, makanan enak sayang aja gitu kalo servicenya kurang. Nunggu takeaway kopi 2 cup hampir setengah jam? Trs ketika ada yg pesen dan bayar dicuekin orangnya ngebelakangin bikin kopi, cust selanjutnya juga gitu. Malah ketika cust lain mau pesen dia jawabnya sambil jalan kesana kemari sambil nganterin pesenan ke meja lain.",2025-11-15T13:56:15.787Z,Ayu Fujiana,100375143502070471064,False,0,id,2026-05-04T16:21:53.224381
Ci9DQUlRQUNvZENodHljRjlvT2s4MVluVjJWMlJwVVVsVFl6STFWRXBzTnpkcFZrRRAB,ChIJRz9GdFwnby4RvyndG3jgLA8,The Crumbs Coffee,Majalengka,Nongkrong,5,"ini bner” definisi ramah dikantong umr majalengka akwkkwk, masakannya enak dgn harga segituu, cmaa karna blm ada karyawan jd aga lamaa yaa,trs tempatnya blm terlalu luas,tp okee buat nongki",2025-10-27T12:30:42.904Z,Sani Mulyani,111709267434685650151,True,0,id,2026-05-04T16:21:53.224389
Ci9DQUlRQUNvZENodHljRjlvT2xaemR6ZFJOMjlQTFZoTFpHSm5WVXhpVEROaGVsRRAB,ChIJRz9GdFwnby4RvyndG3jgLA8,The Crumbs Coffee,Majalengka,Nongkrong,1,Songong yg pemilik laki2nya.Ente sama aja matiin rejeki ente sendiri!!  Makanan nya mahal2. Mana rasa kagak enak pisan dimulut. 👎ditanya baik2 jawabnya tibggi bae. Cukup buat pengalaman yg bruk di cafe yg ini!,2025-10-20T13:53:07.809Z,Lufi Mufin,115740860182342961095,False,0,id,2026-05-04T16:21:53.224397
Ci9DQUlRQUNvZENodHljRjlvT25SalNYSmlUWGgwZW5sbWJqbGxaakJ4VFU5TFpVRRAB,ChIJRz9GdFwnby4RvyndG3jgLA8,The Crumbs Coffee,Majalengka,Nongkrong,5,"Kukurilingan deui ka kedai kopi sekitaran Majalengka. Sekarang kita Nyobain The Crumbs Coffee Jatiwangi.

Ok, mulai dengan akses jalan sangat mudah, karena tidak jauh dari Jalan Nasional, Baik mau pake kendaraan pribadi atau Umum bisa kok. Tempat parkir cukup luas ya di dalam, karena kami tidak hapal jadi pas kesana parkirnya di pinggir jalan, tapi aman ko.

Ok, menunya cukup bervariasi, baik makanan dan minum nya. Tempat duduk ada indoor ada outdoor, suasananya nyaman dan homy banget.

Rasa dari makanannya enak, harganya stardar kafe tapi porsinya lumayan banyak dan bikin kenyang.

owner dan stafnya sangat ramah, di sebelah cafe ada masjid jadi enak kalo mau ibadah.

apalagi ya ?
kayaknya cukup dulu deh, bisa dicoba ya kalo ke jatiwangi.",2025-08-19T13:26:26.002Z,Maulana Yusuf,102792550443187850813,True,0,id,2026-05-04T16:21:53.224406
ChdDSUhNMG9nS0VJQ0FnTURJazcyRTRBRRAB,ChIJRz9GdFwnby4RvyndG3jgLA8,The Crumbs Coffee,Majalengka,Nongkrong,5,"Cafe terdekat yang pernah ku kunjungi dengan menu Newyork Cheesecake nya yang sangat ENAAAAKK!! Wajib untuk di coba! It is The Crumbs✨

Hear me out, everyONEEEE
Tidak pernah kulewatkan satu kalipun ketika aku berkunjung ke The Crumbs Coffee, menu yang selalu ku pesan salah satunya pasti Newyork Cheesecake😗🫶
Sangaaaatt lembut, merupakan hal pertama yang akan kalian katakan ketika menyendok bagian samping Cheesecake yang sangat menggoda untuk dilahap itu🤤 hmmm..

Untuk kalian yang gampang enek saat memakan dessert, ku sarankan untuk meminum kopi sebagai pairing cheesecake ini. Jika tidak bisa meminum kopi, maka belilah minuman apapun dengan tingkat rasa manis yang rendah atau bisa juga diganti dengan mojito/squash. Sebenarnya Caramel Latte juga termasuk minuman dengan rasa manis, tetapi terbantu dengan aroma kopi yang menyegarkan jadi cocok saja ku rasa.

Kalau ku tidak salah mengingat, menu dengan porsi besar yang ku pesan adalah French Fries 'n Chicken Crumbs. Disajikan dengan hangat, dan sesuai dengan nama menunya- ayam dengan balutan tepung panir yang digoreng sampai golden brown memiliki rasa yang enaak dan lembut, serta garing-renyah dari crumbs nya sangat onpoint. Mwuehehhe>< full of happiness nyahh thank you!

Dan maaf untuk bintang di bagian suasananya🙏 benar memang nyaman rasanya ketika berkunjung, akan tetapi aku malah merasa seperti sedang berkunjung ke rumah saudara😭
Benaar feels hommy sekali tapi tuh yaa entah kenapa kalau di dalam rasanya terlalu private, tapi mau di luar pun rasanya terbuka banget :< sekali lagiii maaf yaa

Baik. Aku cukupkan sampai di sini review nya, terima kasih atas pelayanannya dan juga terima kasih untuk yang membaca review ini. Please follow for more, and thank you! Salam hangat dari Revi Syilfiah🤗",2025-08-05T14:58:20.991Z,Revi Syilfiah,106510703448381724041,True,0,id,2026-05-04T16:21:53.224415
ChZDSUhNMG9nS0VQLW4zWks4OGNhUlJREAE,ChIJRz9GdFwnby4RvyndG3jgLA8,The Crumbs Coffee,Majalengka,Nongkrong,5,"Majalengka punya cafe yang Oke juga nihh.. Enak suasananya, kopinya juga oke",2025-06-16T03:31:57.560Z,Muhamad Ariansyah,106276812432103765369,True,0,id,2026-05-04T16:21:53.224437
ChdDSUhNMG9nS0VMYlkycVdjZzlQaWdBRRAB,ChIJRz9GdFwnby4RvyndG3jgLA8,The Crumbs Coffee,Majalengka,Nongkrong,5,"Alhamdulillah pertama kali kesini pelayanan sangat ramah, makanannya enak-enak, tempat nya jg bersih,the crumbs Coffee ⭐⭐⭐⭐⭐",2025-06-08T06:07:14.124Z,Pasha Oppo,106291191443750114496,True,0,id,2026-05-04T16:21:53.224448
Ci9DQUlRQUNvZENodHljRjlvT2xCeFFtOWlUelJ2ZERaWGVVcDBXbGxtZFdscVVYYxAB,ChIJFRPCGAAlby4R_hQp5lBQ-iY,NASA Coffee Bar,Majalengka,Nongkrong,5,kk nya ramah ramah ^^,2026-03-13T04:32:09.037Z,yuki bella,107513521026445388190,False,0,id,2026-05-04T16:21:53.224483
Ci9DQUlRQUNvZENodHljRjlvT2tWcmFrMDNUMEZzTUhsMFFsaDFZV1Z2TmtGNGFWRRAB,ChIJFRPCGAAlby4R_hQp5lBQ-iY,NASA Coffee Bar,Majalengka,Nongkrong,1,"sangat mengecewakan saya sudah reservasi h-2 malah ga ke list sudah dp juga otomatis makanan saya lama keluarnya, nunggu hampir 2 jam.",2026-03-09T12:03:13.809Z,Velinda Qirani,107387569665193645047,False,0,id,2026-05-04T16:21:53.224493
Ci9DQUlRQUNvZENodHljRjlvT201V1JsSnpRbFUwWkdOc1MzSjRSMTkyY0ZWUVYzYxAB,ChIJFRPCGAAlby4R_hQp5lBQ-iY,NASA Coffee Bar,Majalengka,Nongkrong,3,"sudah dp dan reservasi h-2 tp tdk dpt tempat (tdk masuk ke dalam list), bad service, udh dtg dari set 6 sampai jam 7 makanan masih belum disajikan",2026-03-08T12:03:28.972Z,fitria khoirunnisa,101054908985616434852,False,0,id,2026-05-04T16:21:53.224503
Ci9DQUlRQUNvZENodHljRjlvT2kwM1VqRk5RbU5tWm5WMFZEQnNYMFUxUjNwUVJFRRAB,ChIJFRPCGAAlby4R_hQp5lBQ-iY,NASA Coffee Bar,Majalengka,Nongkrong,5,"makanan enak, murah lagi terus tempat nya juga pw banget buat nongkrong sama temen atau pacar. 10/10",2026-02-28T14:17:54.434Z,putri nur aisyah,100838673340917471948,False,0,id,2026-05-04T16:21:53.224512
ChdDSUhNMG9nS0VJQ0FnTURvdGQtTDd3RRAB,ChIJFRPCGAAlby4R_hQp5lBQ-iY,NASA Coffee Bar,Majalengka,Nongkrong,4,Makanannya oke cm minus pelayanan kasirnya jelek bgt,2025-12-09T10:57:15.700Z,WarmLemon Ti,108731774475782665345,False,0,id,2026-05-04T16:21:53.224528
Ci9DQUlRQUNvZENodHljRjlvT210bGQydDFYMDV6YjFSR2RWZDBiV1E0T1dOTE5sRRAB,ChIJFRPCGAAlby4R_hQp5lBQ-iY,NASA Coffee Bar,Majalengka,Nongkrong,4,tempat nyaman ber AC. Tapi sayang gak ada area non smoking.,2025-12-06T10:04:24.973Z,Rain Tan,106758467816141511826,True,0,id,2026-05-04T16:21:53.224537
Ci9DQUlRQUNvZENodHljRjlvT2tSdmFFVjNaMnQwVW5SRFREbDVRM040U2xrMFdrRRAB,ChIJFRPCGAAlby4R_hQp5lBQ-iY,NASA Coffee Bar,Majalengka,Nongkrong,5,"Suasana nyaman, tempat sholat deket ke masjid sekolah",2025-08-11T09:21:58.751Z,Junaedi Qudus,115764013542426540225,True,0,id,2026-05-04T16:21:53.224573
ChdDSUhNMG9nS0VLU01xT0tac0tPSTd3RRAB,ChIJRz9GdFwnby4RvyndG3jgLA8,The Crumbs Coffee,Majalengka,Nongkrong,5,"Best bgttt, cheeseecake dan tahu baksonya juara❤️‍🔥",2025-05-13T15:57:06.707Z,Meican,107084540483702039785,False,0,id,2026-05-04T16:21:53.224621
ChdDSUhNMG9nS0VJQ0FnSUNpanRITjR3RRAB,ChIJRz9GdFwnby4RvyndG3jgLA8,The Crumbs Coffee,Majalengka,Nongkrong,5,One of my favorite coffee.. Enak enak mau makanan atau minuman nya.. Mau makanan berat atau sekedar nongkrong buat ngopi doang jg bisa..,2024-10-04T13:59:00.249Z,syifa masyrifatul,114819829038829115924,True,0,id,2026-05-04T16:21:53.224677
ChZDSUhNMG9nS0VJQ0FnSUNuNzZTZkJBEAE,ChIJRz9GdFwnby4RvyndG3jgLA8,The Crumbs Coffee,Majalengka,Nongkrong,5,Cheese cake nya enak,2024-10-01T11:49:13.384Z,Teti Rismayanti,109998601752222917176,False,0,id,2026-05-04T16:21:53.224685
ChZDSUhNMG9nS0VJQ0FnSURIM1pLZ0FREAE,ChIJRz9GdFwnby4RvyndG3jgLA8,The Crumbs Coffee,Majalengka,Nongkrong,5,"1. enak bgt minuman milk strawberry, serius 100/100
2. nasi beef nya enak tp beefnya ada yang alot gitu
3. otak otak enak, tp menurutku kaya asin gitu, tp mayan lah
4. suasananya enak ya, di indoor atau outdoor
5. pelayanan cepet sih, mas nya ramah

sayang bgt kesana pas udh malem jadi menunya ada yg udah abis.",2024-09-19T03:00:57.225Z,Yenn,116042594821795530806,True,0,id,2026-05-04T16:21:53.224694
ChdDSUhNMG9nS0VJQ0FnSUQ3bU5paGtRRRAB,ChIJRz9GdFwnby4RvyndG3jgLA8,The Crumbs Coffee,Majalengka,Nongkrong,3,3x kesana tutup kenapa ya?,2024-08-20T22:40:51.310Z,Koko KILOMAX,106609385858993563272,True,0,id,2026-05-04T16:21:53.224708
ChZDSUhNMG9nS0VJQ0FnSUNMcWM3V01REAE,ChIJRz9GdFwnby4RvyndG3jgLA8,The Crumbs Coffee,Majalengka,Nongkrong,5,The crumbs salah satu coffee shop recommended di area jatiwangi. Makanan atau minumanya enak dan worth to buy.,2024-06-20T22:13:23.607Z,Ratna Mirnasari,112227021765860442351,True,2,id,2026-05-04T16:21:53.224724
ChRDSUhNMG9nS0VJQ0FnSURqaXM5ahAB,ChIJRz9GdFwnby4RvyndG3jgLA8,The Crumbs Coffee,Majalengka,Nongkrong,5,"Makanannya enak, tempat nyaman, ada mushola , pelayanan cepat, dan tidak ada tukang parkir wqwq",2024-05-01T15:46:09.069Z,Satria Tegar Wicaksono,114590630638266711020,True,1,id,2026-05-04T16:21:53.224732
ChdDSUhNMG9nS0VJQ0FnSUNONW9PRjBnRRAB,ChIJRz9GdFwnby4RvyndG3jgLA8,The Crumbs Coffee,Majalengka,Nongkrong,5,"Salah satu tempat ngopi yang recommended. Rasa makanan dan kopinya enak sekali. Menu yang patut dicoba : minuman varian kopi, risoles ayam pedas. Tersedia juga menu nasi/makanan berat. Tempat bisa pilih outdoor atau indoor",2024-01-14T06:34:26.717Z,Nurul Wulandari,110400475791758116630,True,0,id,2026-05-04T16:21:53.224764
ChdDSUhNMG9nS0VJQ0FnSURWMC1lcS1nRRAB,ChIJRz9GdFwnby4RvyndG3jgLA8,The Crumbs Coffee,Majalengka,Nongkrong,5,Kopi TERENAAAKKKKKKKK🙌🫶,2023-12-15T19:12:46.874Z,Fizar Aulia Rahman,114111697057734611458,True,1,mi,2026-05-04T16:21:53.224773
ChZDSUhNMG9nS0VJQ0FnSUNWc0xIUFRnEAE,ChIJRz9GdFwnby4RvyndG3jgLA8,The Crumbs Coffee,Majalengka,Nongkrong,5,"Kami sering menyebutnya dengan singkatan TC, maa syaa Allah kopinya ajib dan worth it sekali karena diproduksi dengan sepenuh hati mulai dari green bean sampai ke susunya. Asli ga akan nyesel karena ini bukan cafe jadi jadian tapi dikelola oleh orang yg profesional",2023-12-05T02:34:41.919Z,Irfan Dhiyaulhaq,105492845252904236327,False,0,id,2026-05-04T16:21:53.224782
ChZDSUhNMG9nS0VJQ0FnTUNJbG9YbGNREAE,ChIJFRPCGAAlby4R_hQp5lBQ-iY,NASA Coffee Bar,Majalengka,Nongkrong,2,"pelayanan lama pas kemaren iftar udah maghrib belum ada apa apa di meja alhasil nunggu😏baru ada nasi 1 porsi, nasi nya udah keras pula😏",2025-04-01T16:25:49.459Z,Novi Noviasari,107204799917181546499,False,0,id,2026-05-04T16:21:53.224807
ChZDSUhNMG9nS0VJQ0FnTURRbkxidVpBEAE,ChIJFRPCGAAlby4R_hQp5lBQ-iY,NASA Coffee Bar,Majalengka,Nongkrong,5,Ke sini buat acara lari. Lanjut maksi dan ngopi. Es kopi susu dan nasi katsu nya enak.,2025-03-09T16:34:40.057Z,Iqbal Pratama Abdi Zay,106005585343066901224,True,0,id,2026-05-04T16:21:53.224827
ChZDSUhNMG9nS0VJQ0FnSUNfaU1UTFN3EAE,ChIJFRPCGAAlby4R_hQp5lBQ-iY,NASA Coffee Bar,Majalengka,Nongkrong,5,"Tempat nya seru banget , enak buat di pake kumpul” bareng temen” , ada tempat billiard nya juga , makanan enak” dan ramah di kantong , recommended 👍🏻",2025-01-12T06:57:27.692Z,Adzanni,105290090288576334227,False,0,id,2026-05-04T16:21:53.224859
ChdDSUhNMG9nS0VJQ0FnSURmdG9TNjBBRRAB,ChIJFRPCGAAlby4R_hQp5lBQ-iY,NASA Coffee Bar,Majalengka,Nongkrong,5,suasana nya enak cuma harus nya tempat smooking dan non smooking dipisah.,2025-01-06T10:16:49.890Z,ana,115195123159163942461,True,0,id,2026-05-04T16:21:53.224867
ChdDSUhNMG9nS0VJQ0FnSURmMU1xY19RRRAB,ChIJFRPCGAAlby4R_hQp5lBQ-iY,NASA Coffee Bar,Majalengka,Nongkrong,1,"pelayanannya kurang sekali, saya menunggu makanannya sampai 3 jam sedangkan pelanggan lain yang baru sampai, makanannya datang duluan",2025-01-04T05:04:13.804Z,chitra dewi pratiwy,118172716355066483611,False,0,id,2026-05-04T16:21:53.224876
ChdDSUhNMG9nS0VJQ0FnSUQzeFBlWnNRRRAB,ChIJFRPCGAAlby4R_hQp5lBQ-iY,NASA Coffee Bar,Majalengka,Nongkrong,5,"Ramah, pelayanannya baik",2024-11-12T08:50:15.348Z,Ferdy Ferdiansyah,103207051996336220552,True,0,id,2026-05-04T16:21:53.224918
ChZDSUhNMG9nS0VJQ0FnSUMzbTZidmJBEAE,ChIJFRPCGAAlby4R_hQp5lBQ-iY,NASA Coffee Bar,Majalengka,Nongkrong,5,"Tempat yg seru sih buat nyantai bareng temen. Makanannya jg approve. Cuma tadi pas pesen yg Hot Hazelnut, malah cenderung dingin minumannya. Overall ok lah~",2024-11-09T12:15:36.245Z,Ratna Mirnasari,112227021765860442351,True,0,id,2026-05-04T16:21:53.224926
ChZDSUhNMG9nS0VJQ0FnSUNsdFliQ2ZBEAE,ChIJRz9GdFwnby4RvyndG3jgLA8,The Crumbs Coffee,Majalengka,Nongkrong,5,makanan n' minuman nya verry good.,2023-11-23T16:12:12.336Z,Ang Gates,117554017420140649247,False,0,id,2026-05-04T16:21:53.224950
ChdDSUhNMG9nS0VJQ0FnSUNaaExmczZ3RRAB,ChIJRz9GdFwnby4RvyndG3jgLA8,The Crumbs Coffee,Majalengka,Nongkrong,5,"Enaaaaaak, muraaaaaah",2023-09-04T10:23:33.270Z,Ajeng Fatimah,118415800822488203174,False,0,mi,2026-05-04T16:21:53.224967
ChZDSUhNMG9nS0VJQ0FnSUN4d0pUTFZBEAE,ChIJRz9GdFwnby4RvyndG3jgLA8,The Crumbs Coffee,Majalengka,Nongkrong,5,Es Jagung nya bikin nagih loh😍,2023-05-08T01:59:42.742Z,Dela Nurhidayati25,101722728729064881862,True,1,id,2026-05-04T16:21:53.224996
ChdDSUhNMG9nS0VJQ0FnSURlbHNYZTBnRRAB,ChIJRz9GdFwnby4RvyndG3jgLA8,The Crumbs Coffee,Majalengka,Nongkrong,5,Tempat duduknya ada indoor dan outdoor.,2023-05-02T15:06:02.952Z,Sabila Mahabatika,117506326108857553571,True,0,id,2026-05-04T16:21:53.225003
ChZDSUhNMG9nS0VJQ0FnSURodDRULU1REAE,ChIJRz9GdFwnby4RvyndG3jgLA8,The Crumbs Coffee,Majalengka,Nongkrong,5,"Selalu order online dan tdk pernah kecewa... Disini gada lg yg menu variatif dan enak2 inovatif spt di the crumbs. Makanan enak2, langganan bngt risoles sm tahu walik n crispy ciken bites, cobain cheesecake sm daifuku nya jg ternyata OK worth it, ini cobain matcha ny jg ok tebel ga kemanisan, biasanya yg jual matcha2 dsni isinya gula pake air wkk. Sayang klo malem sk lama nggu nya mgkin krn rame",2023-03-20T07:28:14.101Z,Phoebe Ann,105304345052918971973,True,0,id,2026-05-04T16:21:53.225028
Ci9DQUlRQUNvZENodHljRjlvT205dVVUUmFiaTFITFZwTk4ySnNNekZIV25GVmJGRRAB,ChIJ5bGKffopby4RPiscPBU3_xI,Samoja coffee,Majalengka,Nongkrong,1,Minuman doang lama.,2026-03-22T14:57:18.236Z,Siti RD (rede),109635443413079330353,False,0,id,2026-05-04T16:21:53.225053
Ci9DQUlRQUNvZENodHljRjlvT2pkemR6QkNkVE5GVjFGdlRUaHlha1oxZGpodU0yYxAB,ChIJ5bGKffopby4RPiscPBU3_xI,Samoja coffee,Majalengka,Nongkrong,1,pelayanannya lambat padahal ini sudah reservasi dan untuk bukber,2026-03-18T12:01:10.889Z,Relitan Sanozanduar,115970345496553507586,False,0,id,2026-05-04T16:21:53.225069
Ci9DQUlRQUNvZENodHljRjlvT21KaWJtRnNabEI1VDJOYUxYRnhhWEpKTTFRd2VWRRAB,ChIJ5bGKffopby4RPiscPBU3_xI,Samoja coffee,Majalengka,Nongkrong,1,Makanan nya lama sampai,2026-03-18T12:00:17.127Z,Dennis Andreas Widana,103784209375204347205,False,0,id,2026-05-04T16:21:53.225079
Ci9DQUlRQUNvZENodHljRjlvT25kcVRHNUtRMDlZVmt4RVVrVkdVR1F6TkdwYUxXYxAB,ChIJ5bGKffopby4RPiscPBU3_xI,Samoja coffee,Majalengka,Nongkrong,1,pelayanan nya lama banget,2026-03-18T11:59:41.146Z,Rizki Ahmad Fahrezi,105830504559061827282,False,0,id,2026-05-04T16:21:53.225100
Ci9DQUlRQUNvZENodHljRjlvT2xKNE5rVnNia1oxUm5oSFZubEpRblp0U3pWNU5IYxAB,ChIJ5bGKffopby4RPiscPBU3_xI,Samoja coffee,Majalengka,Nongkrong,3,haduhh udah tau musim hujan knp ga di renov yah kan pd bocor gaenak bgt buat makan,2026-03-13T11:47:30.102Z,Rizki Gunawan,106223990215814603571,False,0,id,2026-05-04T16:21:53.225109
Ci9DQUlRQUNvZENodHljRjlvT25BM1VtbHRZWEE0Tldsd2REUkRVM0pNZDJ0c1RrRRAB,ChIJ5bGKffopby4RPiscPBU3_xI,Samoja coffee,Majalengka,Nongkrong,4,"Please inj wajib masukin menunya ke toko oren sama ijo sih, biar kalau mau pesen enak",2025-10-28T02:40:25.044Z,LeeHyura,112835323277979237219,True,0,id,2026-05-04T16:21:53.225166
Ci9DQUlRQUNvZENodHljRjlvT21KbVMwUTNiblZ5V1VWVmVGTkNPRFZxVUVscGRtYxAB,ChIJ5bGKffopby4RPiscPBU3_xI,Samoja coffee,Majalengka,Nongkrong,4,"sekitar 4 taun lalu saya kesana dan emang cafe nya dekat dengan rumah, suasana outdoor nya enak kalo siang sampai sore hari",2025-07-29T13:34:37.110Z,Sonia Aprillia,101962088423085669626,False,0,id,2026-05-04T16:21:53.225182
ChZDSUhNMG9nS0VJQ0FnSURfdjZQWlNBEAE,ChIJ5bGKffopby4RPiscPBU3_xI,Samoja coffee,Majalengka,Nongkrong,5,suasananya nyaman buat ngopi..,2025-01-28T14:39:32.919Z,Beny Pinandita,110915241110687339342,True,0,id,2026-05-04T16:21:53.225207
ChZDSUhNMG9nS0VJQ0FnSURfMy1tZk9nEAE,ChIJ5bGKffopby4RPiscPBU3_xI,Samoja coffee,Majalengka,Nongkrong,3,Lebih dikit dari kata LUMAYAN😊,2025-01-28T12:52:49.378Z,Andi Rustandi,103772277999398792798,True,0,id,2026-05-04T16:21:53.225219
ChdDSUhNMG9nS0VJQ0FnSURuX3ZMVnpRRRAB,ChIJFRPCGAAlby4R_hQp5lBQ-iY,NASA Coffee Bar,Majalengka,Nongkrong,5,Mantapppp tempatnya..,2024-10-06T11:06:48.566Z,angga brain,112644743658019317299,False,0,id,2026-05-04T16:21:53.225235
ChdDSUhNMG9nS0VJQ0FnSURuX3N5amtRRRAB,ChIJFRPCGAAlby4R_hQp5lBQ-iY,NASA Coffee Bar,Majalengka,Nongkrong,5,Tempat nya cozy bgt... Sagala aya pokokna,2024-10-06T10:54:55.903Z,Andik Hendro,118258017601012705381,False,0,su,2026-05-04T16:21:53.225250
ChdDSUhNMG9nS0VJQ0FnSURuX3JTQTVnRRAB,ChIJFRPCGAAlby4R_hQp5lBQ-iY,NASA Coffee Bar,Majalengka,Nongkrong,5,"Tempat oke, harga oke, meja oke",2024-10-06T10:49:41.821Z,Bimo Jatikusumo,118027965220544583450,True,0,id,2026-05-04T16:21:53.225258
ChZDSUhNMG9nS0VJQ0FnSURuX3BqLVF3EAE,ChIJFRPCGAAlby4R_hQp5lBQ-iY,NASA Coffee Bar,Majalengka,Nongkrong,5,Rutinkeunnn turnament billiarnya...,2024-10-06T10:40:32.082Z,Enok Susilah,115697567187936159766,False,0,id,2026-05-04T16:21:53.225295
ChZDSUhNMG9nS0VJQ0FnSURuX3BDNmJ3EAE,ChIJFRPCGAAlby4R_hQp5lBQ-iY,NASA Coffee Bar,Majalengka,Nongkrong,5,Mantap nasa cafe & biliar,2024-10-06T10:32:36.204Z,Badot Kasep,113454544014557220140,False,0,id,2026-05-04T16:21:53.225311
ChZDSUhNMG9nS0VJQ0FnSUN2dC1LMFZREAE,ChIJ5bGKffopby4RPiscPBU3_xI,Samoja coffee,Majalengka,Nongkrong,5,"americano nya enak,
seger fruity",2024-12-15T17:09:48.344Z,gia herawan,115277990016818237263,False,0,id,2026-05-04T16:21:53.225319
ChdDSUhNMG9nS0VJQ0FnSUNYazRuaWdBRRAB,ChIJ5bGKffopby4RPiscPBU3_xI,Samoja coffee,Majalengka,Nongkrong,5,"Bang, fotoin!
Siaap!!
Cekrek cekrek
Menemani si Babeh, instruktur senam aerobik yg diselenggarakan di Samoja Coffee. Latihan berkisar Jam 9 sampai jam 10an, selesai senam kita makan bareng dan berfoto bersama.

Samoja jam segini blm buka, kita hanya pake tempatnya aja. Jujur asik banget, adem. Mungkin klo ditambah pohonan besar bisa lbh adem dan rindang.
Dri segi tempat good pisan lah, jempol

Terima kasih Samoja",2024-10-21T15:32:05.859Z,Sahara,114953591934416670048,True,0,id,2026-05-04T16:21:53.225328
ChZDSUhNMG9nS0VJQ0FnSUNiZ3FQRVFBEAE,ChIJ5bGKffopby4RPiscPBU3_xI,Samoja coffee,Majalengka,Nongkrong,5,"Makan di senja hari....

Harga terjangkau, rasa luarbiasa !",2024-07-24T21:43:15.805Z,廖忠江RONYLIAO,110764737107312519974,True,0,id,2026-05-04T16:21:53.225358
ChZDSUhNMG9nS0VJQ0FnSURMbTQ3c093EAE,ChIJ5bGKffopby4RPiscPBU3_xI,Samoja coffee,Majalengka,Nongkrong,4,"Tempat oke, nyaman. Apalagi kalo ada acara nobar cocok banget.
Minuman dan makanan 8/10.
Cuman menurut saya kurangnya di pembayaran, belum tersedia pembayaran non tunai/ qris. Untuk manajemen samoja saya harap kedepannya bisa disediakan opsi transaksi via qris atau non tunai lainnya agar lebih fleksibel ketika melakukan pembayaran.",2024-07-01T05:45:14.485Z,Goz pel,116764151190753257358,False,0,id,2026-05-04T16:21:53.225366
ChZDSUhNMG9nS0VJQ0FnSUR6Z3ZUaUJBEAE,ChIJ5bGKffopby4RPiscPBU3_xI,Samoja coffee,Majalengka,Nongkrong,4,"Tempatnya nyaman, pelayanannya baik, menunya cukup oke.",2024-06-08T16:19:26.125Z,Kyntan Palupi,102471200640793152211,True,0,id,2026-05-04T16:21:53.225388
ChZDSUhNMG9nS0VJQ0FnSURqdmMyWUNnEAE,ChIJ5bGKffopby4RPiscPBU3_xI,Samoja coffee,Majalengka,Nongkrong,5,Tempat yg enak klo malming selalu ada live musicnya,2024-05-06T17:08:04.511Z,Rreyalrifa,101906566074428827672,True,0,id,2026-05-04T16:21:53.225439
ChdDSUhNMG9nS0VJQ0FnSUNqdjUzby1RRRAB,ChIJ5bGKffopby4RPiscPBU3_xI,Samoja coffee,Majalengka,Nongkrong,1,"Rasa minumannya beda, udah nunggu lama pas datang malah rasanya beda, pas bulan kemaren kesini enak tapi sekarang beda",2024-04-27T18:00:45.349Z,Produk Local,113689519817050276012,False,0,id,2026-05-04T16:21:53.225447
ChdDSUhNMG9nS0VJQ0FnSUREaTc2RjhBRRAB,ChIJ5bGKffopby4RPiscPBU3_xI,Samoja coffee,Majalengka,Nongkrong,4,"Suasana alam, nyaman untuk me time, deep talk bareng pasangan, temen, dan keluarga.",2024-04-14T06:06:10.259Z,Ilham Clevz,115462521907485492767,True,0,id,2026-05-04T16:21:53.225457
Ci9DQUlRQUNvZENodHljRjlvT21aeE9GSnBlRmsyZVVGVVYxbHRlREJUWjNCTVZIYxAB,ChIJ8fuCI0Uvby4RqR2FxK2T9mU,Parapatan Kopi,Majalengka,Nongkrong,1,"jasa cetak fotonya lama, gak menjamin, php, banyak alasan",2025-12-24T08:48:22.066Z,Dede Syifa Izzatul Aulia,110473271816983637508,True,0,id,2026-05-04T16:21:53.225498
ChdDSUhNMG9nS0VJQ0FnSURic1A2dGpBRRAB,ChIJ8fuCI0Uvby4RqR2FxK2T9mU,Parapatan Kopi,Majalengka,Nongkrong,5,"Pelayanannya ramah bagus dan sat set
Suasananya retro dan homy,
Namun lantai dua saranku penataan tempat duduknya ditambahin lahi untuk yang datang sendiri - 4 orang, kurang enak aja kalo duduk berdua di table 6 orang kan hehe .

Serving fnb nya cepat, aku baru duduk sekitar 3 menit makanan dan minumanku sudah diantarkan.

Gudegnya wuenak iki auto lahap kang.
Kuetiaw nya nice ga terlalu gemuk enak dikunyahnya.
Cireng nya enak krispi dan empuk juga at the same time, dikasi sambal manis juga.

Untuk price affordable ku pesan 2 minuman 3 makanan under 100k totalnya",2024-08-01T07:56:47.276Z,Rama Ramdani gumilar,107762441368984586469,False,0,id,2026-05-04T16:21:53.225552
ChZDSUhNMG9nS0VJQ0FnSURMdk5tVEVnEAE,ChIJ8fuCI0Uvby4RqR2FxK2T9mU,Parapatan Kopi,Majalengka,Nongkrong,5,"buat kaum introvert enakeun, gatau emng tadi belum rame aja gitu ya tempatnya. suka bgt sama kwetiau goreng + aren latte ice nyaa",2024-06-26T07:44:17.964Z,Maharani Rahmaa,114293357699172332302,False,0,id,2026-05-04T16:21:53.225562
ChdDSUhNMG9nS0VJQ0FnSUQ5dl9TbGhBRRAB,ChIJ8fuCI0Uvby4RqR2FxK2T9mU,Parapatan Kopi,Majalengka,Nongkrong,5,"The coffee and food are delicious, affordable, and clean. The place is cozy with a vintage ornament theme.",2024-03-22T21:11:11.042Z,Azzam Rousand Fikri,105329463003806733124,True,0,en,2026-05-04T16:21:53.225570
ChdDSUhNMG9nS0VJQ0FnSUM5LTZYSjNRRRAB,ChIJ8fuCI0Uvby4RqR2FxK2T9mU,Parapatan Kopi,Majalengka,Nongkrong,5,"Nemu kopi prapatan g sengaja pas lagi lewat majalengka dan nyari tempat makan dan istirahat untuk isi daya HP. Turn out tempatnya adem krena banyak pohon dan nyamaan, ada dua lantai dan spacious bgt. Harga minuman kopi, coklat dllnya masih ada yg under 20k dan kynya maks 25k deh. Cemilan sampai makan berat ada, harganya di kisaran 15-25K juga. Krena harga yg murah, awalnya ngira rasa makanan n minumannya bakal biasa aja. Tapi ternyataa enaak, minuman kopinya berasa dan mirip sama di kopisop harga 25k ke atas. Selain itu w pesen coklat less sugar, dia g pake sirop tpi pake bubuk, buat pencinta coklat yg agak pahit pasti bakal suka banget. Trus mie goreng Jawa yg harganya 18k aja itu udh komplit ada isian bakso, telor, ayam sayur dll, rasanya 🔥🔥🔥 juara enaaak bgt.
Fiks bakal balik lagi klo nnti2 main ke dket alun2 majalengka.",2024-03-10T11:33:11.495Z,Atqiya Nura,117876525117590801160,True,1,id,2026-05-04T16:21:53.225587
ChdDSUhNMG9nS0VJQ0FnSURKdWFDaTFBRRAB,ChIJ8fuCI0Uvby4RqR2FxK2T9mU,Parapatan Kopi,Majalengka,Nongkrong,5,Kopi nya recomended,2023-07-20T06:21:37.106Z,Hasanudin,113394688796795062112,True,0,id,2026-05-04T16:21:53.225622
ChZDSUhNMG9nS0VJQ0FnSURKa0p1YU1nEAE,ChIJ8fuCI0Uvby4RqR2FxK2T9mU,Parapatan Kopi,Majalengka,Nongkrong,5,"Apakah prapatan foto masih menyediakan jasa print&scan film negatif, kalau ada berapa harga nya? Terimakasih",2023-07-09T06:28:11.478Z,Ichwan Alfayadh Endin,103960930671142060033,True,1,id,2026-05-04T16:21:53.225649
ChdDSUhNMG9nS0VJQ0FnSUNlal8yMXNBRRAB,ChIJ8fuCI0Uvby4RqR2FxK2T9mU,Parapatan Kopi,Majalengka,Nongkrong,4,Tempatnya bersih nyaman..harga²nya sesuai hanya tidak ada makanan berat..kebanyakan cemilan..so far bagus ko 🙏,2022-09-27T03:54:03.583Z,Ika Ratikah,110208766026878151293,True,0,id,2026-05-04T16:21:53.225673
ChdDSUhNMG9nS0VJQ0FnSUQ5aXVTZXNBRRAB,ChIJ5bGKffopby4RPiscPBU3_xI,Samoja coffee,Majalengka,Nongkrong,5,"Tempat best buat healing sambil kerja haha.. Ato pas pulang kerja penat melipir k sini paling passs, buat introvet tempat keheningan dan byk makanan soale taurus , ini tempat paling joss tempat dekat kemana² krn dekat pusat kota , menu oke pelayanan oke swasana oke bgt adeM palagi klo menjelang malem akustikan sambil sruput kopi beuhH TOP",2024-03-15T08:08:06.169Z,ajeng epriyanti,107689220456684002769,True,0,id,2026-05-04T16:21:53.225683
ChdDSUhNMG9nS0VJQ0FnSURkcGFyYjd3RRAB,ChIJ5bGKffopby4RPiscPBU3_xI,Samoja coffee,Majalengka,Nongkrong,3,"Pas dikasir gak dikasih struk makanan banyak yang kosong, mau minta password wifi gangguan. Pelayanan ramahh cuma fasilitas kurang",2024-02-25T13:31:38.586Z,Rara Kania,115567365960789725172,False,0,id,2026-05-04T16:21:53.225691
ChdDSUhNMG9nS0VJQ0FnSUMxdVk2WDNBRRAB,ChIJ5bGKffopby4RPiscPBU3_xI,Samoja coffee,Majalengka,Nongkrong,5,"Tempatnya sejuk estetik, makanan dan minumannya juga enak mantap. Harga relatif terjangkau",2024-01-01T11:11:07.650Z,Anton Noor Rochman,108956374609910239358,True,0,id,2026-05-04T16:21:53.225736
ChZDSUhNMG9nS0VJQ0FnSURsaDd6alJ3EAE,ChIJ5bGKffopby4RPiscPBU3_xI,Samoja coffee,Majalengka,Nongkrong,5,"Makanannya enak, sambelnya pedes juarak
Harga terjangkau, cocok neh buat malam mingguan, ada Live akustik, Instagramable banget di Majalengka suer!!!",2023-12-16T10:07:02.235Z,Hafidz Zulfan,103215514319109414094,True,0,id,2026-05-04T16:21:53.225769
ChdDSUhNMG9nS0VJQ0FnSUNWMjZiLTJBRRAB,ChIJ5bGKffopby4RPiscPBU3_xI,Samoja coffee,Majalengka,Nongkrong,5,"Bersih ,nyaman dan murah, masakannya mantap jiwa",2023-12-09T13:00:49.849Z,FF Alvaro,101901700872791764235,True,0,id,2026-05-04T16:21:53.225778
ChdDSUhNMG9nS0VJQ0FnSURsd0tmeW9nRRAB,ChIJ5bGKffopby4RPiscPBU3_xI,Samoja coffee,Majalengka,Nongkrong,5,"Cafe estetik, cozy, nyaman, lebih byk outdoor , ada live music jg makanan oke lah ya standar, coffe taste not bad standar jg. Bagus si tempat nongki",2023-11-29T18:07:20.651Z,Win Mtwn,116863309507614223508,True,1,id,2026-05-04T16:21:53.225788
ChdDSUhNMG9nS0VJQ0FnSURPNFpiYmhBRRAB,ChIJ8fuCI0Uvby4RqR2FxK2T9mU,Parapatan Kopi,Majalengka,Nongkrong,5,Kalian wajib banget mampir kesini selain enak harga nya ramah dikantong jangan lupa bintang limannya,2022-07-07T10:49:51.817Z,Siska Nuratini04,118269321262162792601,False,0,id,2026-05-04T16:21:53.225797
ChdDSUhNMG9nS0VJQ0FnSUNtOFo3dXhnRRAB,ChIJ8fuCI0Uvby4RqR2FxK2T9mU,Parapatan Kopi,Majalengka,Nongkrong,4,"Tempat luas, nyaman",2022-01-01T09:13:07.427Z,nisa wangsanegara,116330467843427134873,True,0,id,2026-05-04T16:21:53.225815
ChZDSUhNMG9nS0VJQ0FnSUNtcExPelh3EAE,ChIJ8fuCI0Uvby4RqR2FxK2T9mU,Parapatan Kopi,Majalengka,Nongkrong,5,makananya enak bgt trs terjangkau,2021-12-19T02:11:30.371Z,Cindy Claudia,116673178165928547863,False,0,id,2026-05-04T16:21:53.225824
ChdDSUhNMG9nS0VJQ0FnSUNtaElySnNnRRAB,ChIJ8fuCI0Uvby4RqR2FxK2T9mU,Parapatan Kopi,Majalengka,Nongkrong,5,gilaaa enak bgett gayss!!!!,2021-12-18T12:09:02.290Z,Muhammad Rizqy Prayoga,112472983733877921479,False,0,id,2026-05-04T16:21:53.225838
ChdDSUhNMG9nS0VJQ0FnSUNtaElxaHZRRRAB,ChIJ8fuCI0Uvby4RqR2FxK2T9mU,Parapatan Kopi,Majalengka,Nongkrong,5,Tempat nya bersih nyaman terus makanannya jga Enak fresh cocok bngt buat makan bareng temen maupun keluarga,2021-12-18T12:08:56.213Z,Adam Aljabar,102989172643624977390,False,0,id,2026-05-04T16:21:53.225847
ChZDSUhNMG9nS0VJQ0FnSUNHbFBMLU9BEAE,ChIJ8fuCI0Uvby4RqR2FxK2T9mU,Parapatan Kopi,Majalengka,Nongkrong,4,"Kopinya mantap, tempatnya adem, klasik lagi.",2021-10-21T07:16:56.907Z,sdn buninagara1,115085119146965714593,False,0,id,2026-05-04T16:21:53.225855
ChZDSUhNMG9nS0VJQ0FnSUQ2bk1DcFlBEAE,ChIJ8fuCI0Uvby4RqR2FxK2T9mU,Parapatan Kopi,Majalengka,Nongkrong,2,"Banyak item yang gaada, kursinya berdebu",2021-09-23T04:35:29.979Z,Silva Ekaputra Utama,113293093300275355151,False,0,id,2026-05-04T16:21:53.225863
ChZDSUhNMG9nS0VJQ0FnSURxNl9mVmZnEAE,ChIJ8fuCI0Uvby4RqR2FxK2T9mU,Parapatan Kopi,Majalengka,Nongkrong,5,"Tempat nongkrong bareng ngopi ya disini tempat yg nyaman dan tenang,
Sangat rekomendasi pokoknya",2021-07-16T00:30:31.210Z,Antonius Mulyono,106128891437301623912,True,0,id,2026-05-04T16:21:53.225872
ChdDSUhNMG9nS0VJQ0FnSUNxd052di13RRAB,ChIJ8fuCI0Uvby4RqR2FxK2T9mU,Parapatan Kopi,Majalengka,Nongkrong,5,"Posisi di tengah kota Majalengka. Konsep bangunan lama dg berbagai pernak pernik kopi, studio foto juga ada disini. Yang paling utama harus Dateng kesini, rasakan kenikmatan ngopi sesungguhnya dg pelayanan yg sangat ramah",2021-05-23T03:18:40.831Z,LANCONGAN BERSAMA,109007840618459409182,True,2,id,2026-05-04T16:21:53.225886
ChZDSUhNMG9nS0VJQ0FnSURTeTZPSWNREAE,ChIJ8fuCI0Uvby4RqR2FxK2T9mU,Parapatan Kopi,Majalengka,Nongkrong,5,Buat ngopi ngopi,2021-01-09T09:52:59.959Z,Grisna Fazavara Valetta,107703900553649137391,True,0,id,2026-05-04T16:21:53.225923
ChZDSUhNMG9nS0VJQ0FnSURTczhDM0dREAE,ChIJ8fuCI0Uvby4RqR2FxK2T9mU,Parapatan Kopi,Majalengka,Nongkrong,5,Pelopor coffee shop di Majalengka,2021-01-08T07:42:50.572Z,Indra Subarsyah,115200012026770581676,True,0,id,2026-05-04T16:21:53.225931
Ci9DQUlRQUNvZENodHljRjlvT25CZlZYSnFjbkZ1TlVkUExXeHZRemRTZG01Qk5YYxAB,ChIJM54QPwAvby4RupcY2uylL4U,Tjap Lapan,Majalengka,Nongkrong,3,"Tempat makan ala kopitiam baru di kota majalengka dengan vibes rumah china jadul.
Pesan makananya es sekop tjap lapan dan nasi tim
Rasanya so so sama harganya, es sekop tjap lapan isinya (roti tawar + ice cream + silky puding + taburan kacang + skm coklat)
Lumayan buat pilihan makan siang di kota majalengka",2025-10-11T09:01:40.403Z,Chintiya NW,107956529901431784981,True,0,id,2026-05-04T16:21:53.225957
Ci9DQUlRQUNvZENodHljRjlvT204M01GbG9WamRwWW5GR2MzQkViRjlSYzJ0VlFsRRAB,ChIJM54QPwAvby4RupcY2uylL4U,Tjap Lapan,Majalengka,Nongkrong,5,worth it sekalii untuk dana pelajar,2025-09-27T04:17:25.690Z,laila dhiya,114214363550049931583,False,0,id,2026-05-04T16:21:53.225965
Ci9DQUlRQUNvZENodHljRjlvT2xka2JEaFpPV05NYjJGWlZWYzBSMGhoZDA1UGExRRAB,ChIJM54QPwAvby4RupcY2uylL4U,Tjap Lapan,Majalengka,Nongkrong,5,Wort it banget guys buat pelajar dan mahasiswa dari harga sampai rasa makanan nya🤩,2025-09-27T04:16:52.076Z,Malsa Khiyarotun,100969823025864672303,False,0,id,2026-05-04T16:21:53.225974
Ci9DQUlRQUNvZENodHljRjlvT21JeVJqSXRWRE0xZFU1V1kyeE5ZM0JPV2s5Q2RWRRAB,ChIJM54QPwAvby4RupcY2uylL4U,Tjap Lapan,Majalengka,Nongkrong,5,Tempatnya cozy cocok buat nongkrong,2025-09-21T11:49:00.782Z,Gina Amelia,110346105103944032060,False,0,id,2026-05-04T16:21:53.225997
Ci9DQUlRQUNvZENodHljRjlvT2xaUVEwUk9PV05sZWw5ZlVteFJhV0V3Wm5wTU1VRRAB,ChIJM54QPwAvby4RupcY2uylL4U,Tjap Lapan,Majalengka,Nongkrong,5,Tempat nya enak suasananya kaya tahun 90 an,2025-09-21T11:47:17.450Z,Nina Rosmanah,113077519720424848346,False,0,id,2026-05-04T16:21:53.226005
Ci9DQUlRQUNvZENodHljRjlvT2xNNVpGQmFOVVYwZDFkSWVXSjFMVWx5TWxGNFZYYxAB,ChIJM54QPwAvby4RupcY2uylL4U,Tjap Lapan,Majalengka,Nongkrong,5,"makanannya enak bangett harganya pas dikantong, pelayanannya ramahhh, suasananya nyamannnn",2025-09-21T11:21:21.133Z,Ummu Zean,104491577668707492633,False,0,id,2026-05-04T16:21:53.226013
Ci9DQUlRQUNvZENodHljRjlvT2psTk5HMUhVemd0UWxGc1RFbGxZV1Y0WVY5a1lYYxAB,ChIJM54QPwAvby4RupcY2uylL4U,Tjap Lapan,Majalengka,Nongkrong,5,"Makanannya khas Melayu bgt, enak, kenyang dan harganya ramah di kantong",2025-09-21T11:21:05.042Z,Nabila Widad,112220576762035120803,False,0,id,2026-05-04T16:21:53.226022
Ci9DQUlRQUNvZENodHljRjlvT21oelpGTmZXbWM1TUhaelpXdzViMHhTZFROWVJYYxAB,ChIJM54QPwAvby4RupcY2uylL4U,Tjap Lapan,Majalengka,Nongkrong,5,"sangat rekomendasi, tempatnya bersih dan adem, banyak spot untuk foto ala china, pelayanannya sangat baik🤗💓",2025-09-20T12:14:28.368Z,Siti Jamilah,108724466354139036559,False,0,id,2026-05-04T16:21:53.226030
Ci9DQUlRQUNvZENodHljRjlvT2tSellYTllOWHB4VTJvMU9YZGlaVEpMYkVOSVNYYxAB,ChIJM54QPwAvby4RupcY2uylL4U,Tjap Lapan,Majalengka,Nongkrong,5,"sangat recommended buat nongkrong bareng temen ataupun pacar, banyak sport foto lucu🤩",2025-09-20T12:14:12.646Z,risma 947,107864342738939084120,False,0,id,2026-05-04T16:21:53.226039
Ci9DQUlRQUNvZENodHljRjlvT2s1Qk4wSlhjblJhZVdoM2RWZGZOQzFyZGtrMFVtYxAB,ChIJM54QPwAvby4RupcY2uylL4U,Tjap Lapan,Majalengka,Nongkrong,5,"The place is very comfortable and quiet, suitable for introverts when they want some alone time.",2025-09-20T08:28:33.125Z,Salsa Majalengka,114062285154441679370,False,0,en,2026-05-04T16:21:53.226071
Ci9DQUlRQUNvZENodHljRjlvT2sxM1gwVk9ielZoY0VZeVJtVm5TbnBpV0UxaVZrRRAB,ChIJM54QPwAvby4RupcY2uylL4U,Tjap Lapan,Majalengka,Nongkrong,5,tempat nya enak banget pelayanan nya juga nyaman banget,2025-09-20T08:27:26.124Z,Haya Najwa,105377010119511672649,False,0,id,2026-05-04T16:21:53.226121
ChZDSUhNMG9nS0VJQ0FnSURpZ3VuRmVBEAE,ChIJ8fuCI0Uvby4RqR2FxK2T9mU,Parapatan Kopi,Majalengka,Nongkrong,4,Tempat nyaman adem parkir aman dan luas,2020-11-29T16:29:21.615Z,rahmat saripudin,104683143076484073564,True,0,id,2026-05-04T16:21:53.226163
ChdDSUhNMG9nS0VJQ0FnSUNpMGRMQ2lBRRAB,ChIJ8fuCI0Uvby4RqR2FxK2T9mU,Parapatan Kopi,Majalengka,Nongkrong,3,Tempat nya cukup nyaman untuk santai.,2020-11-06T04:07:50.080Z,Asep Bedog,116331269944716391221,True,1,id,2026-05-04T16:21:53.226172
ChZDSUhNMG9nS0VJQ0FnSUM4X3VUSmFREAE,ChIJ8fuCI0Uvby4RqR2FxK2T9mU,Parapatan Kopi,Majalengka,Nongkrong,4,"Harga premium, tapi memuaskan, Kopinya mantap jiwa",2020-07-26T00:25:10.883Z,Imanul Budi,100427071061993928784,True,0,id,2026-05-04T16:21:53.226220
Ci9DQUlRQUNvZENodHljRjlvT2w5aFdGOXFOekZJUlZnM2IxRXpaRVE1Ylc1WWVFRRAB,ChIJX2gfH0Ivby4RDL-furDpmhk,Papagesha,Majalengka,Nongkrong,1,"pramusani lebih ditingkatkan lagi terutama dalam memberikan service, jangan bergantung pada suatu kondisi jadi mengeluhkan kondisi tersebut, dan lebih hangat lagi berinteraksi agar tidak menimbulkan kesan so asik. over all bagus tempatny dan makannya enak",2026-05-03T00:45:52.508Z,Haikal H,109066289069117819054,False,0,id,2026-05-04T16:21:53.226252
Ci9DQUlRQUNvZENodHljRjlvT25aWWVGSmtMWEpWU0V4MFRtMXdiV3BPZFU5eFZtYxAB,ChIJX2gfH0Ivby4RDL-furDpmhk,Papagesha,Majalengka,Nongkrong,5,"Singgah di cafe hits rekomendasi Majalengka, awalnya dikira hanya teras depan aja jadi aga kurang nyaman ternyata salah besar whahahah area belakang ada indoor dan outdoor luas banget, pelayanan nya oke banget super ramah
Menu nya variatif juga, cuma tadi pas beli croissant nya terlalu kering jadi di makan nya gabisa rapih karena remahan nya berantakan banget",2026-04-13T13:32:13.801Z,Winda Febrianti,110594155579690217529,True,0,id,2026-05-04T16:21:53.226271
Ci9DQUlRQUNvZENodHljRjlvT2xSSGRYWXdjRGxxZFMxUFVIcFBkV1ZqVDNaT1FWRRAB,ChIJX2gfH0Ivby4RDL-furDpmhk,Papagesha,Majalengka,Nongkrong,5,Punya ponakan silakan berkunjung lengkap menu nya cocok buat nongkrong semua usia,2026-03-28T03:24:13.104Z,Arif Moer,106899066847259632117,True,0,id,2026-05-04T16:21:53.226295
Ci9DQUlRQUNvZENodHljRjlvT25ONmQxbGhhMEpEWlZkcVVVcEJSR2syUlU5R01GRRAB,ChIJX2gfH0Ivby4RDL-furDpmhk,Papagesha,Majalengka,Nongkrong,2,"pelayanannya kurang banget sekarang, pegawai barunya tolong di training lagi. saya sudah pesan di depan tapi pelayannya kurang responsif bahkan pesanan saya tidak sampai ke dapur belakang jadi harus nunggu lebih lama lagi untuk pesanannya datang. 2 minggu yang lalu juga saya kesana terus memesan untuk di take away tapi ketika akan diambil pas pulang malah disuruh antri lagi (yang mana antriannya panjang banget) dan pelayan di depan juga ngga mau bantu.",2026-03-26T15:38:44.849Z,rhenaldo wati,114859438677093516564,False,0,id,2026-05-04T16:21:53.226310
Ci9DQUlRQUNvZENodHljRjlvT21neFpIbG5lRWhVY2xaWmFGRlpaMGRYWTJsWGNHYxAB,ChIJX2gfH0Ivby4RDL-furDpmhk,Papagesha,Majalengka,Nongkrong,2,"sorry to say ak kemarin kesel bgt sm pelayan nya, ak kemarin minta tolong buat fotoin ak sm tmn ak pdhl bilang jg “a maaf mau minta tolong fotoin” trus dia jwb “ nanti ya saya nya lagi lap” in dl meja yg basah “ trus pas udah kita tungguin udah selesai mlh pergi gitu aja ke belakang dan ga difotoin wkwk KESEL BANGET.",2026-03-13T07:09:18.512Z,Hilma halilatul mardiyyah,111206261098720506160,False,0,id,2026-05-04T16:21:53.226319
Ci9DQUlRQUNvZENodHljRjlvT25kTlZUbFJRUzExT0dSblZUSXhTSGt5TlRodGFIYxAB,ChIJX2gfH0Ivby4RDL-furDpmhk,Papagesha,Majalengka,Nongkrong,4,"Kopi nya enak ga heran selalu ramai.. tapi kemarin pesen camilan nya kentang goreng nya lama ga dateng² sampe kopi nya udh abis,tapi yg blkangan dateng udah di kasi.. sebelum aku kasih rating ini udah bilang duluan ya ke waiters nya 😊",2026-01-24T02:03:04.303Z,Ayu Trisna Yanti,100176706714554934023,True,0,id,2026-05-04T16:21:53.226330
Ci9DQUlRQUNvZENodHljRjlvT2tGWFltRkhlbFJqVm1kM05taEVOM05wVDFKb1MzYxAB,ChIJX2gfH0Ivby4RDL-furDpmhk,Papagesha,Majalengka,Nongkrong,5,"Mudik mampir dulu kesini karna butuh kafein, tutup nya jam 11 malem. Tempat nya oke banget. Tapi americano nya menurut ku kurang pekat.",2026-01-19T05:04:48.642Z,Lupi Alpiani,115838090552416912959,False,0,id,2026-05-04T16:21:53.226341
Ci9DQUlRQUNvZENodHljRjlvT214RVJEaGFRV3N4UkhGeFVVZEdialI0TFVaWlJGRRAB,ChIJX2gfH0Ivby4RDL-furDpmhk,Papagesha,Majalengka,Nongkrong,5,kopi nyah enak dan untuk tempat nyah cukup nyaman,2026-01-18T14:31:38.457Z,k,118207686339076502526,True,0,id,2026-05-04T16:21:53.226349
Ci9DQUlRQUNvZENodHljRjlvT25WeFNIbE5UMUZJU0ZKT2JuZE5Sa2szVVVORVNXYxAB,ChIJX2gfH0Ivby4RDL-furDpmhk,Papagesha,Majalengka,Nongkrong,1,pelayanya kalo negur biasa aja kali kan disini kita juga beli kursi sama meja juga udh sesuai🫣,2026-01-14T09:15:07.143Z,Fadli Ghaffar (fadly),108358376107064035284,False,0,id,2026-05-04T16:21:53.226358
Ci9DQUlRQUNvZENodHljRjlvT2pFdE5rOXlTRk4xVEMxc1lscE9Obmh6TkhFeU1uYxAB,ChIJX2gfH0Ivby4RDL-furDpmhk,Papagesha,Majalengka,Nongkrong,5,"Salah satu coffe shop yang recomended di Majalengka. Kopi susu, croissant, dan rice bowl nya enak. Jujur rice bowl nya enak banget, apalagi sambelnya. Tapi porsinya agak sedikit ternyata, tapi dari segi rasa semuanya enakkk👌🏻 tempatnya nyaman, dan untungnya pas ke sana siang siang cuma ada beberapa orang jadi masih banyak meja yang kosong. Tempatnya lucu dan instagramable banget😻",2025-12-27T06:56:10.448Z,sins,100312018226804521700,True,0,id,2026-05-04T16:21:53.236345
Ci9DQUlRQUNvZENodHljRjlvT2xGQk5XdHZRbkpWYlZScGIzYzBPR0ZpVWpkWVNVRRAB,ChIJX2gfH0Ivby4RDL-furDpmhk,Papagesha,Majalengka,Nongkrong,5,"Kopinya enak, sayang tempat parkir mobil ga terlalu luas",2025-12-18T01:12:57.534Z,Nova,112928688348925628835,True,0,id,2026-05-04T16:21:53.236422
Ci9DQUlRQUNvZENodHljRjlvT2xwTlR6QmpOMDFVWjJsaFlVeGlZbG8zWldWNVVtYxAB,ChIJX2gfH0Ivby4RDL-furDpmhk,Papagesha,Majalengka,Nongkrong,4,Kopinya enak minus parkiran aja,2025-12-17T17:18:34.131Z,Haryono sh,118209546851605248521,True,0,id,2026-05-04T16:21:53.236434
Ci9DQUlRQUNvZENodHljRjlvT2xOYVptdG5ObFpUWTNSUk5WSXdMVm95U0RSaVlYYxAB,ChIJX2gfH0Ivby4RDL-furDpmhk,Papagesha,Majalengka,Nongkrong,5,aku kecantol papa island enak poll 😭🫶,2025-12-05T04:21:33.492Z,Afifah Nur'aeni,111524382759937261568,False,0,id,2026-05-04T16:21:53.236463
Ci9DQUlRQUNvZENodHljRjlvT21SS1VWVjRkR1I0TURkUVpIaDRjMGgyU1c5T05FRRAB,ChIJX2gfH0Ivby4RDL-furDpmhk,Papagesha,Majalengka,Nongkrong,5,kopi nya enyak apalagi kueh nya hmmm pas .. 👏🏻👏🏻,2025-11-27T04:08:59.538Z,Geza Alfarizi,106813563732789524506,False,0,id,2026-05-04T16:21:53.236474
Ci9DQUlRQUNvZENodHljRjlvT21Oc1duRlhUMDFJVG5GbVkzUXdlVXBRV0ZGYU1tYxAB,ChIJX2gfH0Ivby4RDL-furDpmhk,Papagesha,Majalengka,Nongkrong,1,"ngusir pembeli karna meja yg buat 5 org dipakai cuma berdua, apa salah ny bilang boleh sharing meja ga karna lagi rame. minus attitude mentang2 udah lumayan gede 👎",2025-11-15T13:03:21.511Z,Akun Baru,108844216916688727612,False,0,id,2026-05-04T16:21:53.236483
Ci9DQUlRQUNvZENodHljRjlvT2pGTGFIVTJUV3h2U2twS1FtRTJZMEZPZURSQ2JrRRAB,ChIJX2gfH0Ivby4RDL-furDpmhk,Papagesha,Majalengka,Nongkrong,5,Salah satu kopi terenak di majalengka.,2025-11-11T04:50:39.965Z,Tri Yuni R,106007823817736186907,True,0,id,2026-05-04T16:21:53.236495
Ci9DQUlRQUNvZENodHljRjlvT25GNE9IZGhMVXBQVmt4MWVFWTFTMWxsYzNGSWNWRRAB,ChIJM54QPwAvby4RupcY2uylL4U,Tjap Lapan,Majalengka,Nongkrong,5,"tempatnya bagus,nyaman,makanan nya juga enakk💯",2025-09-20T06:12:48.696Z,Anis Azhar,118214064607238395462,False,0,id,2026-05-04T16:21:53.236520
Ci9DQUlRQUNvZENodHljRjlvT25wQlQxYzNNME5IZEU1Qk1IQnZRbm95TUZaS1UxRRAB,ChIJ4dQsogxcwSYRViFyrhkJV3o,Esajaya Coffee dan Esajaya Karya Grup,Majalengka,Nongkrong,4,"cafe nya tipe industrial gitu, banyak pernak pernik kaws..
Indoornya tidak ber ac, udara dapat dari atap..

menu makanan berat hanya chicken katsu macam-macam sambal, kemarin cobain yang matah.. porsinya lumayan banyak dapat telur ceplok juga, untuk kopinya lumayan bukan tipe kopi strong",2026-04-11T12:25:07.081Z,Chintiya NW,107956529901431784981,True,0,id,2026-05-04T16:21:53.236610
Ci9DQUlRQUNvZENodHljRjlvT2tzMlNIQjNSR0pIU2xaVGExRkVOeTF6ZEhNd2IzYxAB,ChIJ4dQsogxcwSYRViFyrhkJV3o,Esajaya Coffee dan Esajaya Karya Grup,Majalengka,Nongkrong,5,"Enak mix platternya dan matchanya 🍵💚
Tempanya juga nyaman..",2026-03-22T15:22:26.124Z,Silver Line,117672454655216030469,False,0,id,2026-05-04T16:21:53.236648
Ci9DQUlRQUNvZENodHljRjlvT2sxSU0yZGtOVWxKVVZBMFQzVXhWVzFRVTFaTVMwRRAB,ChIJ4dQsogxcwSYRViFyrhkJV3o,Esajaya Coffee dan Esajaya Karya Grup,Majalengka,Nongkrong,5,"tempat nya enak, kopi nya cocok abiez
pelayanan cepat n ramah👍🏻👍🏻",2026-03-18T15:21:16.016Z,super Nichol,104729346415785380837,False,0,id,2026-05-04T16:21:53.236665
Ci9DQUlRQUNvZENodHljRjlvT214b2IyaHdRbFpzVnpkUE4wZEVlVVpKY2xSUFYwRRAB,ChIJ4dQsogxcwSYRViFyrhkJV3o,Esajaya Coffee dan Esajaya Karya Grup,Majalengka,Nongkrong,5,best coffee in town,2026-03-18T14:49:31.029Z,Putri Sinta Nadilah,115014703792021441033,False,0,en,2026-05-04T16:21:53.236689
Ci9DQUlRQUNvZENodHljRjlvT21jMGJHOW1PR3B5WjNOalpHTkZVVWx5T0ZWR1pFRRAB,ChIJ4dQsogxcwSYRViFyrhkJV3o,Esajaya Coffee dan Esajaya Karya Grup,Majalengka,Nongkrong,1,"kurang professional, udah reservasi malah ngga masuk list",2026-03-17T11:12:09.139Z,Dafa faturokhman,102636126434299127017,False,0,id,2026-05-04T16:21:53.236707
Ci9DQUlRQUNvZENodHljRjlvT2xSNVpqTldibFZ6VDBJeVJUTjRZbXBtYWpBdGQzYxAB,ChIJ4dQsogxcwSYRViFyrhkJV3o,Esajaya Coffee dan Esajaya Karya Grup,Majalengka,Nongkrong,3,"Tempatnya nyaman cozy, cuman sayang udah reservasi bukber udah 45 menit makanan baru keluar tp gapapa ditingkatkan lagi ya kak:)",2026-03-16T11:46:32.579Z,Nisa Lj,108557597398166451745,False,0,id,2026-05-04T16:21:53.236716
Ci9DQUlRQUNvZENodHljRjlvT21GbkxVeHFPRWQ2ZERCRVJsWmtSalZ0Y2xCNGVrRRAB,ChIJ4dQsogxcwSYRViFyrhkJV3o,Esajaya Coffee dan Esajaya Karya Grup,Majalengka,Nongkrong,5,"cozyyy abiesss pokonya buat nongkrong mah,pelayanan okee ramah bgt org” nyaa, coffee nya okee",2026-02-09T03:05:46.338Z,Sani Mulyani,111709267434685650151,True,0,id,2026-05-04T16:21:53.236732
Ci9DQUlRQUNvZENodHljRjlvT2pWek5YUkVhalJQWlZoTmFFdEJZbVprTVRkTWNHYxAB,ChIJ4dQsogxcwSYRViFyrhkJV3o,Esajaya Coffee dan Esajaya Karya Grup,Majalengka,Nongkrong,5,okee bangettt nyamann tempatnyaa,2026-01-25T08:44:18.629Z,Putri Manda,106950430792126031654,False,0,id,2026-05-04T16:21:53.236745
Ci9DQUlRQUNvZENodHljRjlvT2xjMWQzRkVORlJwVmtORlYxZDBMVTlFZFc0M05VRRAB,ChIJ4dQsogxcwSYRViFyrhkJV3o,Esajaya Coffee dan Esajaya Karya Grup,Majalengka,Nongkrong,5,"Harga nya worth it,makanannyaa enakkkk . Tempatnyaa bagus aesthetic cocok buat nongkrongggg🤩🤩🤩🤩",2026-01-24T12:26:48.007Z,Gisela Rimarsanda,105838386146965830292,False,0,id,2026-05-04T16:21:53.236755
Ci9DQUlRQUNvZENodHljRjlvT2tNemIwTk1Zak4zVTAwd2RsRnJaVmcyZEVwcGNuYxAB,ChIJ4dQsogxcwSYRViFyrhkJV3o,Esajaya Coffee dan Esajaya Karya Grup,Majalengka,Nongkrong,5,"Baguss, cafenya aesthetic makanan sm minumannya  juga enakk enakk pelayanannyaa juga baikkk👍💯💯",2026-01-24T12:25:51.963Z,Devi Khalishah Zamil,117915576940147252516,False,0,id,2026-05-04T16:21:53.236763
Ci9DQUlRQUNvZENodHljRjlvT21vd2NGaE5ZbHBIYVZrdFNYVktXRU5pUjBSelZIYxAB,ChIJX2gfH0Ivby4RDL-furDpmhk,Papagesha,Majalengka,Nongkrong,5,matchanya mantap,2025-10-26T05:22:11.397Z,Jnanna,114832353229727088419,True,0,id,2026-05-04T16:21:53.236788
Ci9DQUlRQUNvZENodHljRjlvT2xSSVoydDRhVFZTU0dSU1ZFMU5hVzEyVUdNeFkyYxAB,ChIJX2gfH0Ivby4RDL-furDpmhk,Papagesha,Majalengka,Nongkrong,5,"Tempatnya aesthetic, bersih, nyaman. Untuk kopinya rasanya enak legit, matcha nya pas hint pahit manis nya. Makanan nya enak ✨🫶🏻🫶🏻",2025-09-28T05:55:51.532Z,Putri Nisa,114502904635759359522,False,0,id,2026-05-04T16:21:53.236819
Ci9DQUlRQUNvZENodHljRjlvT21OUVgzSndVV3d6Vkdkbllra3RTVGxqZVRaVFZXYxAB,ChIJX2gfH0Ivby4RDL-furDpmhk,Papagesha,Majalengka,Nongkrong,5,good coffee shop at majalengka,2025-09-09T10:32:37.316Z,Nur Wedia,100313306025997708797,False,0,id,2026-05-04T16:21:53.236856
Ci9DQUlRQUNvZENodHljRjlvT2xGUFJrTjVNVFEzUkVjMFZrOU1VVEYyZW5kamJYYxAB,ChIJX2gfH0Ivby4RDL-furDpmhk,Papagesha,Majalengka,Nongkrong,5,Ini Coffee Shop paling enak sih kopi susu papagesha ini se Majalengka,2025-09-09T10:28:20.391Z,OFFICIAL CHANNEL LIOW,118429510049304421669,False,0,id,2026-05-04T16:21:53.236886
Ci9DQUlRQUNvZENodHljRjlvT25SYVVFTkJNbVo0VVVaTmRIWTVjRGs0VTNWNGVWRRAB,ChIJX2gfH0Ivby4RDL-furDpmhk,Papagesha,Majalengka,Nongkrong,5,"Tempatnya nyaman.. kopinya enakkkk, matchanya lumayan

Cocok untuk wfh dan nongki2",2025-09-09T02:01:24.431Z,Andini Ulfah,115793187719574056296,True,0,id,2026-05-04T16:21:53.236900
Ci9DQUlRQUNvZENodHljRjlvT20xUlNXWkhhVmxQWm1SWFlVSm9XRkZrYVRacFZrRRAB,ChIJ4dQsogxcwSYRViFyrhkJV3o,Esajaya Coffee dan Esajaya Karya Grup,Majalengka,Nongkrong,5,rekomenn bangett buat nongkrong,2026-01-24T08:19:54.059Z,Alief Rizkulloh,100409856166967071160,False,0,id,2026-05-04T16:21:53.236932
Ci9DQUlRQUNvZENodHljRjlvT2t4T1VEVnBjRWRuYUVoMVN6VnJTMDlxTFdGcVZVRRAB,ChIJ4dQsogxcwSYRViFyrhkJV3o,Esajaya Coffee dan Esajaya Karya Grup,Majalengka,Nongkrong,5,"pelayanan nya ramah , menu nya enak , tempat nya nyaman",2026-01-24T05:45:00.783Z,trans mart109,115374811148227688721,False,0,id,2026-05-04T16:21:53.236947
Ci9DQUlRQUNvZENodHljRjlvT25OVUxVeHVielI0VTNVeWVGUndjVlE0VDFaaVpIYxAB,ChIJ4dQsogxcwSYRViFyrhkJV3o,Esajaya Coffee dan Esajaya Karya Grup,Majalengka,Nongkrong,5,"tenpat nya enak , luas dan nyaman , makananan nya enak enak",2026-01-24T05:42:54.402Z,ERRO DEFAN APRYANSAH,106932667418059696029,False,0,id,2026-05-04T16:21:53.236961
Ci9DQUlRQUNvZENodHljRjlvT2tvMWFrWklOWGhTTm5scFdtOHhjbGRFYmxSS1FVRRAB,ChIJ4dQsogxcwSYRViFyrhkJV3o,Esajaya Coffee dan Esajaya Karya Grup,Majalengka,Nongkrong,5,"greeter nya baik dan ramah, tempatnya juga nyaman",2026-01-23T14:59:05.087Z,Reki Ibrahim “eki” Hidayat,107510870817116690406,False,0,id,2026-05-04T16:21:53.236969
Ci9DQUlRQUNvZENodHljRjlvT25FM2JXdzBjSGhuTUc5MlNITm5aMlJCUWsxQ1EzYxAB,ChIJ4dQsogxcwSYRViFyrhkJV3o,Esajaya Coffee dan Esajaya Karya Grup,Majalengka,Nongkrong,5,greeter nya sangat baik,2026-01-23T14:56:32.647Z,Adhika Akbar,102717121084243671751,False,0,id,2026-05-04T16:21:53.236977
Ci9DQUlRQUNvZENodHljRjlvT2xwRlIxTldWSEZJUjA1TWIwTmxXV1U1YXpad2JsRRAB,ChIJ4dQsogxcwSYRViFyrhkJV3o,Esajaya Coffee dan Esajaya Karya Grup,Majalengka,Nongkrong,5,Pelayanannya asik ramah spt pepatah sunda kaisar bapak ramah sekali.. terus maju dan berkembang esa jaya,2026-01-23T11:47:34.381Z,Parkhurst,117028661889769556867,False,0,id,2026-05-04T16:21:53.237014
Ci9DQUlRQUNvZENodHljRjlvT210a1JWaFFXREpvWkdGc2EzZzBkRkUxUmtGVU4yYxAB,ChIJ4dQsogxcwSYRViFyrhkJV3o,Esajaya Coffee dan Esajaya Karya Grup,Majalengka,Nongkrong,5,"Pelayanan nya bagus banget, makanannya enak dan worth it dengan harga. Ga mahal untuk ukuran rasa yg disajiin",2026-01-23T11:46:29.260Z,Muhammad Hk,109934426943805863292,False,0,id,2026-05-04T16:21:53.237022
Ci9DQUlRQUNvZENodHljRjlvT2xacmJ6QkRMVEZYV1hkbFpHVklNMFIwWlhkdWIxRRAB,ChIJ4dQsogxcwSYRViFyrhkJV3o,Esajaya Coffee dan Esajaya Karya Grup,Majalengka,Nongkrong,5,Good drinks n food 👍🏻👍🏻,2026-01-22T14:41:23.326Z,Salsabila Syahira,107304484509137317094,False,0,en,2026-05-04T16:21:53.237030
Ci9DQUlRQUNvZENodHljRjlvT2xKVWVuSjFhVlprV1dOMlZGWllkbUptVmtsaFUwRRAB,ChIJ4dQsogxcwSYRViFyrhkJV3o,Esajaya Coffee dan Esajaya Karya Grup,Majalengka,Nongkrong,5,"Comfy, cocok buatt wfc, ga terlalu berisikk, kopi susunyaa enakk",2026-01-22T12:12:28.389Z,Auliya Nurissilmi Kaaffah,116492180945492833606,False,0,id,2026-05-04T16:21:53.237038
Ci9DQUlRQUNvZENodHljRjlvT25sS2JpMHlkM0pVY3pSNVozTk9Va1pLTVVKcWFXYxAB,ChIJ4dQsogxcwSYRViFyrhkJV3o,Esajaya Coffee dan Esajaya Karya Grup,Majalengka,Nongkrong,5,spot fotonya bagus & pelayan nya sangat ramah,2026-01-22T08:57:58.780Z,Gita Cahyani,111383426265532200357,False,0,id,2026-05-04T16:21:53.237046
Ci9DQUlRQUNvZENodHljRjlvT25wRk1IWkZTMWd4VnpaTGRXVmFUSFY0TlhCcFgzYxAB,ChIJ4dQsogxcwSYRViFyrhkJV3o,Esajaya Coffee dan Esajaya Karya Grup,Majalengka,Nongkrong,5,Tempatnya nyaman banget,2026-01-21T13:20:47.387Z,Rafasya sulistio Junior,105312658539790918288,False,0,id,2026-05-04T16:21:53.237054
Ci9DQUlRQUNvZENodHljRjlvT2xsa2VVdEhUQzEyVDBaalVqbFlTekF3YVZrMFprRRAB,ChIJ4dQsogxcwSYRViFyrhkJV3o,Esajaya Coffee dan Esajaya Karya Grup,Majalengka,Nongkrong,5,kopi nya sangat enak dan tempat nya sangat baik bersih dan pelayanan nya sangat ramah,2026-01-21T13:20:11.597Z,khaizanalbarabasi,114645671050360726749,False,0,id,2026-05-04T16:21:53.237062
Ci9DQUlRQUNvZENodHljRjlvT2xaa2RucFlOemx0T0VnM1FrWm5TbFE1TkRsdFUzYxAB,ChIJ4dQsogxcwSYRViFyrhkJV3o,Esajaya Coffee dan Esajaya Karya Grup,Majalengka,Nongkrong,5,"makanannyaa enakk porsinyaa banyakk, tempatnya nyamann dan banyak spot fotonyaa. pelayanannya ramah dan baikk. sarannya menu nasinyaa agak dibanyakin^^",2026-01-21T13:07:31.890Z,Xierillawangi Suhaya,114419222438413819863,False,0,id,2026-05-04T16:21:53.237072
Ci9DQUlRQUNvZENodHljRjlvT2tkaFRFdG9Xa1p4UzBSaGVrdEZWVzVOVlVaWFVHYxAB,ChIJ4dQsogxcwSYRViFyrhkJV3o,Esajaya Coffee dan Esajaya Karya Grup,Majalengka,Nongkrong,5,"tempatnya nyaman, makanann enak sama murah rekomendasi",2026-01-21T13:07:07.856Z,Nanda Aditya,112536042099334594679,False,0,id,2026-05-04T16:21:53.237093
Ci9DQUlRQUNvZENodHljRjlvT2tKaVFXVm9UbGd3VVd4WFFteHlMVEI1VW1kbWVtYxAB,ChIJ4dQsogxcwSYRViFyrhkJV3o,Esajaya Coffee dan Esajaya Karya Grup,Majalengka,Nongkrong,5,"kopinya enak, tempatnya cozy",2026-01-21T11:52:17.808Z,timothea aletha,103183868662083771122,False,0,id,2026-05-04T16:21:53.237102
Ci9DQUlRQUNvZENodHljRjlvT2pCSFUxaHlibnB5WWtGQ1ZuSTJjazFUWmpCSFNWRRAB,ChIJX2gfH0Ivby4RDL-furDpmhk,Papagesha,Majalengka,Nongkrong,5,"Nyobain lagi Kedai Kopi di Majalengka, rekomendasi dari teman.

ok, Kita mulai dari akses jalan, akses jalan sangat mudah, karena dari Tugu Bola Dunia itu deket. Fasilitas parkir terbatas karena ada di pinggir jalan.

Kesan pertama masuk, serasa di teras rumah da emang teras rumah sih, jujur kirain sempit tapi ternyata ada backroom yang luas dan nyaman, ada indoor, outdoor, ada area berac juga.

Menunya cukup bervariasi, ada minuman, rotirotian, juga hotplate, Rasanya enak, kopi susu ya rekomendasi, cuma comel (Coklat Meleleh) nya karena kurang panas tidak meleleh, kalo yang lainnya enak. Oh ya stafnya juga sangat ramah, satu lagi menunya ga bisa dibawa ke tempat duduk. 😇🙏.

Apalagi pas kesana lagi hujan, suasananya syahdu. enak buat nongkrong nongkrong, tapi emang buat anak muda kalo keluarga agak kurang sih apalagi kalo bawa orang tua.",2025-08-12T23:16:50.503Z,Maulana Yusuf,102792550443187850813,True,0,id,2026-05-04T16:21:53.237133
Ci9DQUlRQUNvZENodHljRjlvT2xoRWJtZG1kV3h3VTB4VGF6Uk1MVE5FY2tKcGIyYxAB,ChIJX2gfH0Ivby4RDL-furDpmhk,Papagesha,Majalengka,Nongkrong,3,"baristanya kurang ramah, saya sebagai pembeli ingin ngobrol sembari menunggu pesanan saya, tetapi dibalasnya judes sama baristanya, pdhl kondisi store cuma saya doang, maksudnya tidak sedang terburu buru karena banyak pembeli🙏🏻",2025-08-04T15:05:03.448Z,Fauzi Rahman,106342861207330120998,True,0,id,2026-05-04T16:21:53.237149
Ci9DQUlRQUNvZENodHljRjlvT20xWk5YTkZYMjF5ZFdOVlpFUkpOMkpYVlhGQlRGRRAB,ChIJ4dQsogxcwSYRViFyrhkJV3o,Esajaya Coffee dan Esajaya Karya Grup,Majalengka,Nongkrong,5,"tempat nya nyaman,minumannya enakk dan pelayanan nya ramahh🤩🌟🌟",2026-01-21T11:49:39.386Z,Zhilvia Anggraini,116056005093016747930,False,0,id,2026-05-04T16:21:53.237203
Ci9DQUlRQUNvZENodHljRjlvT21sUk5VRjJjalpZT0ZkeFpHTnBlalIwUTBOQ1JYYxAB,ChIJ4dQsogxcwSYRViFyrhkJV3o,Esajaya Coffee dan Esajaya Karya Grup,Majalengka,Nongkrong,5,Enakkk bangetttt sumpaaa,2026-01-21T11:48:54.169Z,Ainun Fitriyani,113470279148789518972,False,0,id,2026-05-04T16:21:53.237212
Ci9DQUlRQUNvZENodHljRjlvT2pWNFdsRm5ibXBoVjFBNVZXWnVjVEJQUkdaYVdIYxAB,ChIJ4dQsogxcwSYRViFyrhkJV3o,Esajaya Coffee dan Esajaya Karya Grup,Majalengka,Nongkrong,5,Kopi terbaik se Majalengka!!,2026-01-21T08:45:19.168Z,Sonia Nanda,100762503495795180022,False,0,id,2026-05-04T16:21:53.237220
Ci9DQUlRQUNvZENodHljRjlvT2pSNlV6Sk5SSGd0YURsV1dITXlWWGs1UnpSbVVHYxAB,ChIJ4dQsogxcwSYRViFyrhkJV3o,Esajaya Coffee dan Esajaya Karya Grup,Majalengka,Nongkrong,5,Tempatnya bagus dan nyaman👍🏻,2026-01-21T08:43:02.070Z,Mutiara Rosita,102640874316516071028,False,0,id,2026-05-04T16:21:53.237242
Ci9DQUlRQUNvZENodHljRjlvT2tvME9UVkdhbTF0U2xsRlRuaFpWWGR2UkhveFRsRRAB,ChIJ4dQsogxcwSYRViFyrhkJV3o,Esajaya Coffee dan Esajaya Karya Grup,Majalengka,Nongkrong,5,Sangat estetik!,2026-01-21T08:35:53.508Z,Filiana Aisya,101631266987785283220,False,0,id,2026-05-04T16:21:53.237256
Ci9DQUlRQUNvZENodHljRjlvT213MFJFTXpTMDR4YVd0VFVVVjZVMFJVYVZrM0xXYxAB,ChIJ4dQsogxcwSYRViFyrhkJV3o,Esajaya Coffee dan Esajaya Karya Grup,Majalengka,Nongkrong,5,TOP FIVE IN MJLK🫶🏻,2026-01-21T08:35:31.766Z,MERLIANA NUR ROHMAH,103825097324907222010,False,0,en,2026-05-04T16:21:53.237267
Ci9DQUlRQUNvZENodHljRjlvT2tGeldISnVielUwY3paSVYyZGFaWFJ2TTJoaFFsRRAB,ChIJ4dQsogxcwSYRViFyrhkJV3o,Esajaya Coffee dan Esajaya Karya Grup,Majalengka,Nongkrong,4,"Cafenya nyaman, propertinya juga beda dari yang lain masih jarang. Minumannya enak juga tapi buat makanan yang “chicken bites” itu kirain semacam ayam bertepung dibentuk popcorn tapi ternyata nugget, but overall oke aja",2026-01-19T14:00:34.268Z,Sani,106088790474426218376,False,0,id,2026-05-04T16:21:53.237275
Ci9DQUlRQUNvZENodHljRjlvT2xKRWRVZFRSQzAwYzBnM1MwRkZUMVJ1ZGpCM1YwRRAB,ChIJ4dQsogxcwSYRViFyrhkJV3o,Esajaya Coffee dan Esajaya Karya Grup,Majalengka,Nongkrong,5,minuman kopi susu nya enak bangat cocok banget buat malam hari dan siang hari,2026-01-19T12:58:22.171Z,Maman Mimi,111339144289960562864,False,0,id,2026-05-04T16:21:53.237283
Ci9DQUlRQUNvZENodHljRjlvT21WNk56UkZYMU5vVDBOUWQxQkRjVTF0ZEdNeFRsRRAB,ChIJ4dQsogxcwSYRViFyrhkJV3o,Esajaya Coffee dan Esajaya Karya Grup,Majalengka,Nongkrong,5,"spot foto nya bagus, pelayanan nya sangat ramah",2026-01-19T12:55:51.217Z,Ninoxx Poke`,103070818045845342720,False,0,id,2026-05-04T16:21:53.237291
