review_id,place_id,place_name,wilayah,kategori,rating,review_text,review_date,reviewer_name,reviewer_id,is_local_guide,likes_count,original_language,scraped_at
Ci9DQUlRQUNvZENodHljRjlvT214cVZEZGtNMXBMYVRGR2NEZEhMVFpQVkU5SVdYYxAB,ChIJz3CrDwAvby4RBDcKXLyk_Q0,Warung Panuju (Es Serut Buah & Bakso Tasik & Mie kangkung),Majalengka,Kuliner,5,Hari ini 3 Mei 2026 menjadi pengalaman berkesan di tempat ini. Terima kasih,2026-05-03T11:20:04.250Z,Irvan Mujianto,117864668594594238958,True,0,id,2026-05-04T16:20:02.056932
Ci9DQUlRQUNvZENodHljRjlvT2pKT1ZrWlZiMDFVTmtGVGEwRjFkamgxUVV0M1RsRRAB,ChIJz3CrDwAvby4RBDcKXLyk_Q0,Warung Panuju (Es Serut Buah & Bakso Tasik & Mie kangkung),Majalengka,Kuliner,5,"Kalau sudah bulan Ramadhan, artinya akan bertemu dengan HARI RAYA IDUL FITRI, kalau yang namanya hari raya idul fitri, identik dengan MUDIK atau pulang kampung, alhamdulillah kita mudik ke sumedang tanggal 3 april 2026, dari BOGOR KE SUMEDANG, sebelum nya sudah searching nih mau kemana kalau sudah di sana, nemu dong di TIKTOK tempat makan mie ayam tapi pakai kangkung, gas keun lah ke esok kan nya tgl 4 april 2026 ke WARUNG PANUJU di majalengka, alhamdulillah cuaca mendukung untuk keluar, sangat panas, pergilah kita kesana, lokasi mudah ko ga ribet, masuk jalur mobil dan motor, karena memang depan jalan raya, warung yg menyediakan mie ayam di campur kangkung enak rasanya, es serut buah ice cream juga enak, es jeruk nya manis, soto daging ok juga, untuk yang ga suka pakai kangkung ada juga ko mie ayam aja, pelayanan sangat ramah , suasana adem, ada mushola, tempat yang jadul yang buat kita betah juga seakan ga mau pulang, karena barang barang vintage ,pompa air juga ternyata keluar air nya loh dikira hanya pajangan aja hehe, nyata ini tuh hidden gem di majalengka, untuk harga bisa lihat di gambar, murah meriah, ga bikin kantong jebol, mau banyakan bisa kalau makan disini, masuk list si ini mah kalau pulang kampung pasti mampir ke sini ,bakal jadi langganan, tunggu kita kembali yah 'WARUNG PANUJU' 😍",2026-04-13T06:45:25.839Z,Alif Chudriyati,109011888582845109916,True,0,id,2026-05-04T16:20:02.057067
Ci9DQUlRQUNvZENodHljRjlvT2tsR2VEUkhiMVp2ZUdKblpWRlVRMU5RVkRWeWRYYxAB,ChIJz3CrDwAvby4RBDcKXLyk_Q0,Warung Panuju (Es Serut Buah & Bakso Tasik & Mie kangkung),Majalengka,Kuliner,5,"Makanan enakk karyawannya ramah-ramah, suasananya juga nyamann buat nongkrong pas kesanaa sepi jadi enakeun",2026-04-07T06:40:43.767Z,WIDI ASTUTI,107901601449810222665,False,0,id,2026-05-04T16:20:02.057119
Ci9DQUlRQUNvZENodHljRjlvT21kYU5qWmhTMmN0TVY5VWNEVlljVlp0V1VKb1dXYxAB,ChIJz3CrDwAvby4RBDcKXLyk_Q0,Warung Panuju (Es Serut Buah & Bakso Tasik & Mie kangkung),Majalengka,Kuliner,5,"Tempatnya nuasa klasik/jadul tahun 19an gitu, saat datang kesini masih sepi karena baru baru, parkiran lumayan mudah (pinggir jalan).
Untuk makanannya enak semua, terutama roti es krim porsinya lumayan banyak dan untuk harganya di sini tidak terlalu mahal.
Pelayanannya ramah, saat itu langsung bayar dan pilih menu di kasir, makanannya juga cepet datangnya.
Tempat ini juga cocok untuk foto-foto karena temanya seperti rumah dan warung jaman doeloe, di sini juga pemandangannya bagus.",2026-04-03T16:33:08.697Z,Husni Bintang Mubarraq,111950972323522278768,True,0,id,2026-05-04T16:20:02.057129
Ci9DQUlRQUNvZENodHljRjlvT2xCT1JFTkxOMU00ZFhGMGRXb3plR0Z2TVdsQmNGRRAB,ChIJz3CrDwAvby4RBDcKXLyk_Q0,Warung Panuju (Es Serut Buah & Bakso Tasik & Mie kangkung),Majalengka,Kuliner,5,"kesini karna lagi nyari tempat nongkrong kalo pulkam, dan tempatnya enakeun (sengaja suka sorean biar sepi hehe) terus es serut nya top pisannn. pasti bakal kesini si kalo pulkam",2026-03-27T02:24:59.383Z,come true,115960170110746578067,False,0,id,2026-05-04T16:20:02.057140
Ci9DQUlRQUNvZENodHljRjlvT2xOVlQwMTBRMVp5Vms5UFRrdERkMkprUmxscFlVRRAB,ChIJz3CrDwAvby4RBDcKXLyk_Q0,Warung Panuju (Es Serut Buah & Bakso Tasik & Mie kangkung),Majalengka,Kuliner,4,Masakannya cukup enak bumbunya berasa cuman kurang komplit menunya,2026-03-12T10:12:04.162Z,Muhammad Amin,100026833380798002826,True,0,id,2026-05-04T16:20:02.057159
Ci9DQUlRQUNvZENodHljRjlvT25KSFMydHZTR3R2ZVVkb2JrRlFXRlptUkRNek9HYxAB,ChIJz3CrDwAvby4RBDcKXLyk_Q0,Warung Panuju (Es Serut Buah & Bakso Tasik & Mie kangkung),Majalengka,Kuliner,5,"Tempatnya lucu, makanan sama minumannya enak enak, pelayanannya superrrr bgt ramah sekaliii :)",2026-02-06T13:32:59.394Z,Rika Nur Utami,113062312224028988940,False,0,id,2026-05-04T16:20:02.057176
ChZDSUhNMG9nS0VJQ0FnSUNfNzg2aWF3EAE,ChIJz3CrDwAvby4RBDcKXLyk_Q0,Warung Panuju (Es Serut Buah & Bakso Tasik & Mie kangkung),Majalengka,Kuliner,4,"Rekomendasi nih Suasana nya Serassa kembali ke masa lalu, suasana nyaman cukup sejuk di dekat kota Majalengka yang terbilang cukup panas, view luar nya sawah dan bukit paralayang enaknya bawa motor biar ga susah parkir.",2026-01-26T12:36:16.570Z,moch iik toriq,115157985036984141497,True,0,id,2026-05-04T16:20:02.057196
Ci9DQUlRQUNvZENodHljRjlvT2pkSk4yRmtkMjE2WVRGbU5GWm1RVmw1WnpsNFpVRRAB,ChIJz3CrDwAvby4RBDcKXLyk_Q0,Warung Panuju (Es Serut Buah & Bakso Tasik & Mie kangkung),Majalengka,Kuliner,5,"Suasana rumah jadul dengan barang-barang vintage yang adem, angin semilir ditambah habis hujan. Harga Makanannya sesuai di kantong tapi rasanya melebihi kantong.",2026-01-18T09:01:17.683Z,Allmas Toba,110977272778729098470,True,0,id,2026-05-04T16:20:02.057205
Ci9DQUlRQUNvZENodHljRjlvT2tSV1VYRm9ZMmxOYWxjeFRqTkNWVzVSWVUxNWRIYxAB,ChIJz3CrDwAvby4RBDcKXLyk_Q0,Warung Panuju (Es Serut Buah & Bakso Tasik & Mie kangkung),Majalengka,Kuliner,5,"Tempatnya nyaman, vibes jadul jadul gitu
Mie kangkungnya enak recommended, es campurnya juga enak",2025-12-16T06:11:35.237Z,Afifah nafisah,116751861868637501414,True,0,id,2026-05-04T16:20:02.057214
Ci9DQUlRQUNvZENodHljRjlvT25ReVUwbzJTV05IWWxFdGVVOTFiSGhZTjIxNVMwRRAB,ChIJz3CrDwAvby4RBDcKXLyk_Q0,Warung Panuju (Es Serut Buah & Bakso Tasik & Mie kangkung),Majalengka,Kuliner,5,Untuk makanan dan minumannya enakk,2025-12-13T07:32:35.400Z,caramelo latte,107808401867301187612,False,0,id,2026-05-04T16:20:02.057224
Ci9DQUlRQUNvZENodHljRjlvT2pOT2FYY3dZamxmY1RKelZFdFVaa0ZmYW1kVk5uYxAB,ChIJz3CrDwAvby4RBDcKXLyk_Q0,Warung Panuju (Es Serut Buah & Bakso Tasik & Mie kangkung),Majalengka,Kuliner,4,"Tempatnya bagus, unik, nyaman. Seperti rumah ada ruang tamunya, tempat buat santai dan nongkrong bareng temen/keluarga. Suasananya adem, sejuk. Pelayanan ramah dan cepat. Makanan dan minuman lumayan dengan harga terjangkau, mie kangkungnya enak, baksonya dapet daging utuh dan tetelan. Tersedia mushola, airnya seger banget 👍",2025-12-09T14:09:25.705Z,Fahriadi Rahman,113767191330926663753,True,0,id,2026-05-04T16:20:02.057233
Ci9DQUlRQUNvZENodHljRjlvT2tGQ2MxTlhhV3hOY25FMVdpMXNXRVl6VEMxV2MzYxAB,ChIJz3CrDwAvby4RBDcKXLyk_Q0,Warung Panuju (Es Serut Buah & Bakso Tasik & Mie kangkung),Majalengka,Kuliner,5,Nyesel baru nyobain sekarangg🥹,2025-10-19T05:51:29.630Z,Kristi Desvianti,110493996520058985130,False,0,id,2026-05-04T16:20:02.057249
Ci9DQUlRQUNvZENodHljRjlvT2xGSlJHOXZaQzF3Y0hwMFJVTnJVVFEyUW1WZmJGRRAB,ChIJz3CrDwAvby4RBDcKXLyk_Q0,Warung Panuju (Es Serut Buah & Bakso Tasik & Mie kangkung),Majalengka,Kuliner,4,"Tempatnya nuansa jadoel, tapi menunya kurang variatif.. mungkin bisa ditambahkan cemilan seperti pisang goreng atau makanan jadoel lainya",2025-09-09T01:58:16.489Z,Andini Ulfah,115793187719574056296,True,0,id,2026-05-04T16:20:02.057273
Ci9DQUlRQUNvZENodHljRjlvT2pWZmNHeERSMk5DYzE5WGFqUTNSVUpSZUUxQldIYxAB,ChIJz3CrDwAvby4RBDcKXLyk_Q0,Warung Panuju (Es Serut Buah & Bakso Tasik & Mie kangkung),Majalengka,Kuliner,5,"Kombinasi yg pas & mantap antara suasana, rasa makanan, pelayanan. Terimakasih",2025-08-05T02:50:59.465Z,Yan Kristiawan,116350031327574142498,False,0,id,2026-05-04T16:20:02.057305
Ci9DQUlRQUNvZENodHljRjlvT25oU1VuQmhWbTFyZW5seU4ydFBhVWMxYWkxclJXYxAB,ChIJz3CrDwAvby4RBDcKXLyk_Q0,Warung Panuju (Es Serut Buah & Bakso Tasik & Mie kangkung),Majalengka,Kuliner,5,Poko nya d best banget,2025-07-17T09:04:32.001Z,Rivaldi Dwijaya,112983771477670175235,True,0,id,2026-05-04T16:20:02.057314
Ci9DQUlRQUNvZENodHljRjlvT2s4MGNYaHRlamhXZGs5MVIzRmpaSGQzTFVabFMyYxAB,ChIJz3CrDwAvby4RBDcKXLyk_Q0,Warung Panuju (Es Serut Buah & Bakso Tasik & Mie kangkung),Majalengka,Kuliner,4,"Lokasi enak nyaman, makanan enak.. Suasana nya bikin betah . . .
Pokoknya mantap,, semoga semakin maju dan berkembang",2025-07-10T02:33:49.082Z,Heri Setiawan,103562233592736994749,True,0,id,2026-05-04T16:20:02.057338
Ci9DQUlRQUNvZENodHljRjlvT2pWTUxWbEpURU5qY1VWM2MxQmhjVlJNUzJWUk9XYxAB,ChIJz3CrDwAvby4RBDcKXLyk_Q0,Warung Panuju (Es Serut Buah & Bakso Tasik & Mie kangkung),Majalengka,Kuliner,5,"suasana nya kayak tahun 90an, asli nostalgia pisan",2025-06-30T13:01:23.065Z,Masih Amatir,111753985205146761607,True,0,id,2026-05-04T16:20:02.057358
Ci9DQUlRQUNvZENodHljRjlvT25oRmJubFhTbnBoUzJ4alVFUkJRVWRRY2xFeVJGRRAB,ChIJz3CrDwAvby4RBDcKXLyk_Q0,Warung Panuju (Es Serut Buah & Bakso Tasik & Mie kangkung),Majalengka,Kuliner,5,"Enak, porsi pas, makanan disukai anak2, suasana enakeun",2025-06-28T04:40:48.463Z,Dela De mardeen,102585819053107034627,False,0,su,2026-05-04T16:20:02.057375
Ci9DQUlRQUNvZENodHljRjlvT2tkNGFYb3pRVUZZVkRKM2QxUmxabWhyWVdOclpHYxAB,ChIJz3CrDwAvby4RBDcKXLyk_Q0,Warung Panuju (Es Serut Buah & Bakso Tasik & Mie kangkung),Majalengka,Kuliner,4,"Tempat makan dengan suasana jadul yang bikin nostalgia. Makanannya enak, tempatnya tenang",2025-06-26T04:25:41.808Z,Toko Family,101857249626776299723,False,0,id,2026-05-04T16:20:02.057383
ChdDSUhNMG9nS0VQM3Y0TEtKd0t2cXpRRRAB,ChIJz3CrDwAvby4RBDcKXLyk_Q0,Warung Panuju (Es Serut Buah & Bakso Tasik & Mie kangkung),Majalengka,Kuliner,5,"Vibes jadulnya dapet banget....
Makanan dan minuman enak dan terjangkau.",2025-06-09T04:21:02.294Z,windy riani,111202435726448844230,True,0,id,2026-05-04T16:20:02.057392
ChZDSUhNMG9nS0VMUDVvTEhtX01MTVJBEAE,ChIJz3CrDwAvby4RBDcKXLyk_Q0,Warung Panuju (Es Serut Buah & Bakso Tasik & Mie kangkung),Majalengka,Kuliner,5,Rekomendasi banget si kalo lagi d kota ngadem nya di sinii,2025-05-23T09:27:00.491Z,titi siti Nurjanah,111887015457049755092,False,0,id,2026-05-04T16:20:02.057416
ChdDSUhNMG9nS0VPWC15LWUxM0luZV9nRRAB,ChIJz3CrDwAvby4RBDcKXLyk_Q0,Warung Panuju (Es Serut Buah & Bakso Tasik & Mie kangkung),Majalengka,Kuliner,5,"Menu nya enak semuaa
Pokoknya
Wajib coba mie yamin enakkkkk banget",2025-05-11T07:40:49.480Z,ABDAN SYAKURO,101502384477156191245,True,0,id,2026-05-04T16:20:02.057425
ChZDSUhNMG9nS0VJQ0FnTURvb3NfS0tBEAE,ChIJz3CrDwAvby4RBDcKXLyk_Q0,Warung Panuju (Es Serut Buah & Bakso Tasik & Mie kangkung),Majalengka,Kuliner,5,Berasa kembali ke jaman muda dulu 😁,2025-04-23T07:24:30.434Z,Fenny Wijaya,117883648458453152874,False,0,id,2026-05-04T16:20:02.057434
ChdDSUhNMG9nS0VJQ0FnTURvdEllbC13RRAB,ChIJz3CrDwAvby4RBDcKXLyk_Q0,Warung Panuju (Es Serut Buah & Bakso Tasik & Mie kangkung),Majalengka,Kuliner,5,TERBAEK MAKANAN DAN SEGALANYA,2025-04-22T09:02:43.387Z,Pungky Putra (fast069),101721946011040746299,True,0,ms,2026-05-04T16:20:02.057442
ChdDSUhNMG9nS0VJQ0FnTUNvdTYtLW13RRAB,ChIJz3CrDwAvby4RBDcKXLyk_Q0,Warung Panuju (Es Serut Buah & Bakso Tasik & Mie kangkung),Majalengka,Kuliner,5,tempatnya enakeunnnn pwolll! rekomen mie kangkung nya sihh,2025-04-20T07:54:30.009Z,Salsabilla Lutfiah,104590594073931370419,False,0,id,2026-05-04T16:20:02.057464
ChdDSUhNMG9nS0VJQ0FnTUNvM2J5OXpnRRAB,ChIJz3CrDwAvby4RBDcKXLyk_Q0,Warung Panuju (Es Serut Buah & Bakso Tasik & Mie kangkung),Majalengka,Kuliner,5,"Recomended makanan & minuman nya mantapp, suasana tempatnya berasa kembali ke jaman dulu waktu masa kecil th 80an. Yuk cobain kesin!!",2025-04-19T07:51:36.532Z,Jaya Denvin,100139782518456280943,False,0,id,2026-05-04T16:20:02.057472
ChdDSUhNMG9nS0VJQ0FnTUNvM1pURmpBRRAB,ChIJz3CrDwAvby4RBDcKXLyk_Q0,Warung Panuju (Es Serut Buah & Bakso Tasik & Mie kangkung),Majalengka,Kuliner,5,"Mantap makanan & minuman nya enak enak recomended juga tempat nya enak banget adem, pemandangannya indah. cobain yuk!!",2025-04-19T07:44:48.955Z,Zaidaen zalfa,117843443607584939451,False,0,id,2026-05-04T16:20:02.057483
ChdDSUhNMG9nS0VJQ0FnTUNvbm83V2t3RRAB,ChIJz3CrDwAvby4RBDcKXLyk_Q0,Warung Panuju (Es Serut Buah & Bakso Tasik & Mie kangkung),Majalengka,Kuliner,5,"Semua makanan dan minumannya nyawwww bgt, sensasi baru di lidah nyobain mie kangkungnyaa😍🤤👍🏻",2025-04-17T06:38:16.215Z,hanna syuhailah,101278060859907622250,False,0,id,2026-05-04T16:20:02.057491
ChdDSUhNMG9nS0VJQ0FnTUNveXZMbmlBRRAB,ChIJz3CrDwAvby4RBDcKXLyk_Q0,Warung Panuju (Es Serut Buah & Bakso Tasik & Mie kangkung),Majalengka,Kuliner,5,"Mie yaminnya enak,porsi kenyang",2025-04-16T07:22:24.541Z,ayi sri,100800853999164660710,False,0,id,2026-05-04T16:20:02.057500
ChZDSUhNMG9nS0VJQ0FnTUNva29fQ2F3EAE,ChIJz3CrDwAvby4RBDcKXLyk_Q0,Warung Panuju (Es Serut Buah & Bakso Tasik & Mie kangkung),Majalengka,Kuliner,5,"Mie dg cita rasa sempurna. Semua racikan sendiri, mie kecap dll.harga ramah di kantong dan tempatnya sangat estetik",2025-04-15T23:08:50.821Z,Mr Mons,108755738680072346912,True,0,id,2026-05-04T16:20:02.057509
ChZDSUhNMG9nS0VJQ0FnTUNvaElfRmRREAE,ChIJz3CrDwAvby4RBDcKXLyk_Q0,Warung Panuju (Es Serut Buah & Bakso Tasik & Mie kangkung),Majalengka,Kuliner,5,"Enak banget mie yamin nya, kuah baso nya mantep banyak daging nya (iga, daging , babat)
Mie kngkung nya juga mantep banyak daging ayam nya",2025-04-15T05:54:01.121Z,irma madaniyah,104249112304569636408,False,0,id,2026-05-04T16:20:02.057517
ChZDSUhNMG9nS0VJQ0FnTUNvaExmNExnEAE,ChIJz3CrDwAvby4RBDcKXLyk_Q0,Warung Panuju (Es Serut Buah & Bakso Tasik & Mie kangkung),Majalengka,Kuliner,5,"Yaminnya juara ⭐⭐⭐⭐⭐
Tempat nya asri, petugasnya sangat sangat ramah 😍",2025-04-15T05:52:29.430Z,Nurlaeli Syadiah Fazri,107117380082838002488,False,0,id,2026-05-04T16:20:02.057525
ChZDSUhNMG9nS0VJQ0FnTUNvaEtYQVB3EAE,ChIJz3CrDwAvby4RBDcKXLyk_Q0,Warung Panuju (Es Serut Buah & Bakso Tasik & Mie kangkung),Majalengka,Kuliner,5,"Tempat nyaman, kualitas makanan enak",2025-04-15T05:24:01.680Z,Hardiyanti Pratiwi,104771098056673439230,False,0,id,2026-05-04T16:20:02.057534
Ci9DQUlRQUNvZENodHljRjlvT2pGaFJWcERVelJDUWpKMk1TMUpOVkJuUzFwelJVRRAB,ChIJU4Ga-Y8lby4Re-Hqz72vMjI,Warung Sate Dan Oseng Sindangkasih (Ma Hj.Uyi),Majalengka,Kuliner,5,Mudah2an tempat nya bisa lebih bersih lagi .,2026-05-02T12:02:09.838Z,yogi baik,100532223956953159667,True,0,id,2026-05-04T16:20:02.057543
Ci9DQUlRQUNvZENodHljRjlvT2w5dVREVkVOMFZ5TlRWemRVNTJOakF5WWpSbWJuYxAB,ChIJU4Ga-Y8lby4Re-Hqz72vMjI,Warung Sate Dan Oseng Sindangkasih (Ma Hj.Uyi),Majalengka,Kuliner,5,"Makanannya enak semua, makanya ga nyisa di piring..

Lokasi masuk gang dikit,parkir tersedia..

Harga masuk akal..
Rekomendasi bangetttt!!!",2026-05-02T05:47:47.129Z,Aditya Chohirian,110752464437662224587,True,0,id,2026-05-04T16:20:02.057553
Ci9DQUlRQUNvZENodHljRjlvT25wYVdUQkxUazVNWkZrM1VUWlRkbWxXUmtOQ1YxRRAB,ChIJU4Ga-Y8lby4Re-Hqz72vMjI,Warung Sate Dan Oseng Sindangkasih (Ma Hj.Uyi),Majalengka,Kuliner,5,Masakan yang jarang dijumpai di tempat lain... Rasanya mantap,2026-04-28T12:55:37.424Z,Roni,118117464993816784168,True,0,id,2026-05-04T16:20:02.057564
Ci9DQUlRQUNvZENodHljRjlvT2pOQ2RrTlhjSGR4WW5kTGQxRnJjREl6UkVoZlJuYxAB,ChIJU4Ga-Y8lby4Re-Hqz72vMjI,Warung Sate Dan Oseng Sindangkasih (Ma Hj.Uyi),Majalengka,Kuliner,5,Sate sama ongseng nya top banget sihh . Jadi favoritnya alm Abah (mertua) . Tiap kesini pasti inget beliau . Meskipun ngantri pol dan pesenan nya lama Dateng tapi terbayar sih sam rasanya . Wajib coba pokonya,2026-04-01T01:02:33.448Z,Reni Wahyuni,110273567763131357828,False,0,id,2026-05-04T16:20:02.057588
Ci9DQUlRQUNvZENodHljRjlvT204NGMwVjNjVXMyTUZRd01FdEVXamRWU0ROYWFrRRAB,ChIJU4Ga-Y8lby4Re-Hqz72vMjI,Warung Sate Dan Oseng Sindangkasih (Ma Hj.Uyi),Majalengka,Kuliner,2,Daging sate nya kecil kecil,2026-02-07T16:28:10.137Z,Ianbima,116728556913680438308,True,0,id,2026-05-04T16:20:02.057619
Ci9DQUlRQUNvZENodHljRjlvT2tsbWJHWk9TSFpwWVZNM1dVTnpSRjlyVldWMWVIYxAB,ChIJU4Ga-Y8lby4Re-Hqz72vMjI,Warung Sate Dan Oseng Sindangkasih (Ma Hj.Uyi),Majalengka,Kuliner,5,Orang kepala dan kaki kambing nya mantap. Hrs mampir kalau ke majalengka,2026-01-27T11:21:25.214Z,Agus Mulyadi,107606870516938576816,True,0,id,2026-05-04T16:20:02.057628
Ci9DQUlRQUNvZENodHljRjlvT21aMFQzaEhkWFZGVkdrMVkwSkVRVUZOUWs5T1ZuYxAB,ChIJU4Ga-Y8lby4Re-Hqz72vMjI,Warung Sate Dan Oseng Sindangkasih (Ma Hj.Uyi),Majalengka,Kuliner,4,"Menu Kambing semua nikmat & tdk bau prengus, menu sate ayam empuk nikmat...
Tolong tingkatkan pelayanan, contoh ;
kami pesan beberapa jeruk panas & dingin, yg datang dingin semua..
menu disajikan bertahap dgn jeda waktu cukup lama, padahal saat itu kondisi kosong...
Over all recommended...",2025-11-25T19:53:48.827Z,King Riders,109193789194052591081,True,0,id,2026-05-04T16:20:02.057669
ChZDSUhNMG9nS0VLcVdycV92aDRiWk5BEAE,ChIJt2rLqb8pby4RL4MEaiVe7Gc,Ayam Bakar Mina Majalengka,Majalengka,Kuliner,1,Harganya terlalu mahal dengan rasa biasa aja,2025-05-12T14:10:33.907Z,Sri Endang husnaeni,104837254272032232865,False,0,id,2026-05-04T16:20:02.057705
ChZDSUhNMG9nS0VJQ0FnTURJMmVUS0ZREAE,ChIJt2rLqb8pby4RL4MEaiVe7Gc,Ayam Bakar Mina Majalengka,Majalengka,Kuliner,5,Ayam bakar mina ini dari dlu emang favorit bnget deh makanan lain  nya juga ga gagal enak enak 😍🤤,2025-04-11T09:04:13.276Z,Sherina Ruslyani,101098068922054546039,False,0,id,2026-05-04T16:20:02.057714
ChZDSUhNMG9nS0VJQ0FnTUNJeGQtNlpREAE,ChIJt2rLqb8pby4RL4MEaiVe7Gc,Ayam Bakar Mina Majalengka,Majalengka,Kuliner,5,"Ayam bakarnya empukkkkkkk dan no gosong2… hehe maap potonya pas uda abis, soalnya pas dtg lgsg kalap ngabisin :) servicenya juga oke bgt, parkir mobil aman.",2025-04-03T13:03:59.083Z,Fika Tahitu,103884836312084424238,True,0,id,2026-05-04T16:20:02.057723
ChdDSUhNMG9nS0VJQ0FnTUNJaFpIQzh3RRAB,ChIJt2rLqb8pby4RL4MEaiVe7Gc,Ayam Bakar Mina Majalengka,Majalengka,Kuliner,2,"Sorry to say, tapi harus di bilangin buat kemajuan resto .

Kesana mungkin karna moment h+4 lebaran jadi makanan pada kosong, sampe nasipun mau tambah cm dikasih ½ porsi itupun bayar 1 itsokey lah .
Tapi blm kelar makan, minuman masih banyak (yg air teh pun bayar) semua sudah diambilin diberesin sampe tumpah² dia ngambilin air saking masing banyak nya air minum kita, gak sopaan.
Tempat solat ga keurus, mukena dan sajadah kotor + bau.
Tempat wudhu bareng sama wc karyawan, ada baju ngegantung, sabun mandi dll.
Dapur konsepnya open kitchen tp kebersihannya kurang di rawat.
Ayam bakakak juga kirain gede sesuai gambar, taunya kecil bgt cukup buat berdua doang. Wkwkk

Jadi intinya cukup sekali gak lagi lagi.
Maaf yaa .. best regard untuk owner, semoga menjadi perhatian dan bahan evaluasi untuk kemajuan restonya.",2025-04-03T11:36:17.919Z,Wida Wati,113355267227705205312,True,0,id,2026-05-04T16:20:02.057731
ChZDSUhNMG9nS0VJQ0FnTUNJbXBXTkh3EAE,ChIJt2rLqb8pby4RL4MEaiVe7Gc,Ayam Bakar Mina Majalengka,Majalengka,Kuliner,1,"Pengunjung sepi, hampir tidak ada. Tapi nunggu pesanan sampe 1 jam. 😴",2025-04-01T07:31:40.085Z,Eka Wahyu K,117553246234737327299,False,0,id,2026-05-04T16:20:02.057742
ChdDSUhNMG9nS0VJQ0FnTUR3MzZ6Zy1nRRAB,ChIJt2rLqb8pby4RL4MEaiVe7Gc,Ayam Bakar Mina Majalengka,Majalengka,Kuliner,1,U know this place isn't recommended. Because that food i order is not deserve.,2025-03-29T07:07:11.127Z,Aldi Rifaldi,101817049449095438316,True,0,en,2026-05-04T16:20:02.057750
ChdDSUhNMG9nS0VJQ0FnTUR3a2Vpa2tRRRAB,ChIJt2rLqb8pby4RL4MEaiVe7Gc,Ayam Bakar Mina Majalengka,Majalengka,Kuliner,1,Perbaikin lagi layanannya menu yg di pesan pada salah,2025-03-26T13:16:25.887Z,Linda Sulastri,116660959629318764054,False,0,id,2026-05-04T16:20:02.057769
ChZDSUhNMG9nS0VJQ0FnTUR3d0pYa1hREAE,ChIJt2rLqb8pby4RL4MEaiVe7Gc,Ayam Bakar Mina Majalengka,Majalengka,Kuliner,4,"owner nya ruaaamah pol, cuman evaluasi buat admin nya semoga lebih fast respon lagi :)",2025-03-22T14:40:06.058Z,Maraseine,117518336831015691306,True,0,id,2026-05-04T16:20:02.057783
ChdDSUhNMG9nS0VJQ0FnTUN3djdPRDdRRRAB,ChIJt2rLqb8pby4RL4MEaiVe7Gc,Ayam Bakar Mina Majalengka,Majalengka,Kuliner,1,Adminnya low respon mau reservasi too:((,2025-03-22T10:34:43.480Z,Ibnu Thul,118166862974916654779,False,0,id,2026-05-04T16:20:02.057791
ChZDSUhNMG9nS0VJQ0FnTUN3akpLNk13EAE,ChIJt2rLqb8pby4RL4MEaiVe7Gc,Ayam Bakar Mina Majalengka,Majalengka,Kuliner,1,"pelayanan yang sangat lelet,,sistem boking tapi makanan gak siap tepat waktu,kita buat buka puasa malah harus nunggu hampir 1 jam.makanan yg kurang enak,bakwan jagung gada rasanya,,kuah sayur asam gada rasaa cuma asem doang,pesen pisang bakar keju yg di kasi pisang goreng mana alot banget,,katsu y sangat alot susah di makan.kita di tempat yg lesehan gk nyaman banget suasana dapur.pelayan y kurg sat set sampe kita komplain beberapa kali .",2025-03-17T01:17:12.322Z,Alya Fauziah,113346247454687837881,False,0,id,2026-05-04T16:20:02.057798
ChdDSUhNMG9nS0VJQ0FnTUN3akxTNWdnRRAB,ChIJt2rLqb8pby4RL4MEaiVe7Gc,Ayam Bakar Mina Majalengka,Majalengka,Kuliner,1,"Pelayanan lelet , pesanan tidak tertata sesuai pesanan, rasanya kurang enak ,tempatnyaa kurang nyaman",2025-03-17T01:07:31.979Z,Silva Munawaroh,107368069090831141195,False,0,id,2026-05-04T16:20:02.057806
ChdDSUhNMG9nS0VJQ0FnTUN3bU9xaXdBRRAB,ChIJt2rLqb8pby4RL4MEaiVe7Gc,Ayam Bakar Mina Majalengka,Majalengka,Kuliner,1,"Pelayanan lama, udah mah ga ramah, penyajian makanan juga lama, cuma ada minum doang buat buka",2025-03-16T11:31:37.670Z,Syifa Nurahmania,100039128219523907014,False,0,id,2026-05-04T16:20:02.057815
ChZDSUhNMG9nS0VJQ0FnTURnM0liZk9nEAE,ChIJt2rLqb8pby4RL4MEaiVe7Gc,Ayam Bakar Mina Majalengka,Majalengka,Kuliner,5,"sate taichan nyaa mantap poll, tempatnya sangat pw dan enak, cocok banget buat tempat makan sekeluarga dan bareng teman",2025-02-23T06:33:13.800Z,Wizdan Zaahir,113217028961542139440,False,0,id,2026-05-04T16:20:02.057840
ChdDSUhNMG9nS0VJQ0FnTURnM0liZjlBRRAB,ChIJt2rLqb8pby4RL4MEaiVe7Gc,Ayam Bakar Mina Majalengka,Majalengka,Kuliner,5,"mantap poll, dijamin ngga nyesel makan di ayam bakar mina, menu nya banyak dan enak enak semuaa",2025-02-23T06:33:12.303Z,Salsabila Nurohmah,103399892391123406985,False,0,id,2026-05-04T16:20:02.057848
ChdDSUhNMG9nS0VJQ0FnTUNnbW91WjV3RRAB,ChIJt2rLqb8pby4RL4MEaiVe7Gc,Ayam Bakar Mina Majalengka,Majalengka,Kuliner,1,Pelayanannya lama bangettttt ditambah makanan+minuman yg dateng salah terus 😩,2025-02-16T07:08:03.016Z,maman sumangsa,100288452011153827600,False,0,id,2026-05-04T16:20:02.057867
Ci9DQUlRQUNvZENodHljRjlvT2xWQlUweG9lRGxIWkVSWlNHUmplbk00V0dZeFpIYxAB,ChIJ65Wlq8wkby4RxK7Sih54Qd0,Rumah Makan Abah Emo Ayam goreng,Majalengka,Kuliner,5,"Recommended untuk makan disini. Menu Sunda sedap banget , mantap lah pokoknya. Jangan lupa mampir makan disini... Mantap 👍",2026-04-25T15:24:56.487Z,Ita Rosita,111795536935169315399,True,0,id,2026-05-04T16:20:02.057896
Ci9DQUlRQUNvZENodHljRjlvT25sek1tdE9TSGQ0Umxkc2FscDRlR1EwWXpaamRrRRAB,ChIJ65Wlq8wkby4RxK7Sih54Qd0,Rumah Makan Abah Emo Ayam goreng,Majalengka,Kuliner,4,"Nyaman suasananya, kalo masukkan kurang garam menurut saya. Sop iga rekomended",2026-04-14T01:16:23.305Z,agung hery,114141237276189563768,True,0,id,2026-05-04T16:20:02.057911
Ci9DQUlRQUNvZENodHljRjlvT2pnNU1EQmxiV0YzWDJRNVRITlpibGx1U21kbVExRRAB,ChIJ65Wlq8wkby4RxK7Sih54Qd0,Rumah Makan Abah Emo Ayam goreng,Majalengka,Kuliner,5,Tempat yang cocok untuk makan bersama. Makanannya enak tempatnya luas serta tersedia lesehan maupun menggunakan kursi.,2026-04-01T10:29:47.421Z,Saepul Rahmat,117322464593282386336,True,0,id,2026-05-04T16:20:02.057919
Ci9DQUlRQUNvZENodHljRjlvT2w5clVFOVlkWFpVVnpSRE9YRjFUMGt0VkhkeFpuYxAB,ChIJ65Wlq8wkby4RxK7Sih54Qd0,Rumah Makan Abah Emo Ayam goreng,Majalengka,Kuliner,5,"Makanan enak, pelayanan cepat dan ramah²...",2026-03-25T08:32:19.123Z,Mukhlas,105747528807648167070,False,0,id,2026-05-04T16:20:02.057934
Ci9DQUlRQUNvZENodHljRjlvT2kxSlduZHBRbTlxTVVkbFRqRlpXSFZrVkhkRVVXYxAB,ChIJ65Wlq8wkby4RxK7Sih54Qd0,Rumah Makan Abah Emo Ayam goreng,Majalengka,Kuliner,5,"Favorit pepes telur ikan.
Tapi semuanya enak apalagi sambelnya
Sayang gabisa pesen online",2026-03-17T07:12:55.435Z,Muhammad Reza Ramadhan,106462383291475161643,False,0,id,2026-05-04T16:20:02.057948
Ci9DQUlRQUNvZENodHljRjlvT21GamFHazNWalJhTTJoVlkxOVhhVzVPTWpsdFNYYxAB,ChIJ65Wlq8wkby4RxK7Sih54Qd0,Rumah Makan Abah Emo Ayam goreng,Majalengka,Kuliner,3,"Makanannya enak, tapi toilet wanita dan mushola nya sangat kotor, toiletnya tdk ada wc nya, toilet n tempat wudhu wanita jadi satu.",2026-01-25T07:52:07.249Z,Zidny 1B,117964633304685714469,False,0,id,2026-05-04T16:20:02.057977
Ci9DQUlRQUNvZENodHljRjlvT2pObVVVNXNVMGQwV2paUGVIbG9OWGhIV2tKSFZIYxAB,ChIJ65Wlq8wkby4RxK7Sih54Qd0,Rumah Makan Abah Emo Ayam goreng,Majalengka,Kuliner,5,"Ayam goreng, bebek goreng, peda goreng, pepes ikan, pepes ayam, enak semua",2026-01-20T06:48:49.391Z,Dendi Rustandi,107145527263325250122,True,0,id,2026-05-04T16:20:02.057991
Ci9DQUlRQUNvZENodHljRjlvT2psQlIzSkxhV3RhYkZsNFQybExRbWhhWlc1MGJrRRAB,ChIJ65Wlq8wkby4RxK7Sih54Qd0,Rumah Makan Abah Emo Ayam goreng,Majalengka,Kuliner,5,Best ba get sambel hejonyaaa,2026-01-11T11:41:52.223Z,Wulan Tiwul,110263971547061246510,True,0,id,2026-05-04T16:20:02.057999
ChdDSUhNMG9nS0VJQ0FnTURJdW83Q3F3RRAB,ChIJ65Wlq8wkby4RxK7Sih54Qd0,Rumah Makan Abah Emo Ayam goreng,Majalengka,Kuliner,5,"My favorite is the fried chicken and ""sambal Dadak"". I tried the fried duck the first time, and it was quite tasty, but I still highly recommend the fried chicken. And don’t forget to try ""Pepes Ikan"". Great taste with budget-friendly prices",2026-01-07T09:49:54.027Z,Budhi Hadiyanto,107957845011015060962,True,0,en,2026-05-04T16:20:02.058009
Ci9DQUlRQUNvZENodHljRjlvT25OaWRVOVBVWEpTYkU5RmMwUnVMVVU1YlZGWFNuYxAB,ChIJU4Ga-Y8lby4Re-Hqz72vMjI,Warung Sate Dan Oseng Sindangkasih (Ma Hj.Uyi),Majalengka,Kuliner,5,"makanannya enak, ga lama juga antara pesen makanan dan sampenya (waktu saya dateng yah), satenya sama kepala kambingnya ok, cuman sayang ada 2 yg buat saya dan temen² kecewa, saran buat pembuat minuman, kl nyobain minuman jgn pake sendok bekas mulut ente, pas banget temen ngeliat dia nyobain dan nyelupin lagi sendok ke gelas konsumen, kedua, bapak parkir, sy juga tau parkir mesti bayar, pas muterin mobil, saya ngobrol dulu sama temen karena papasan (dia belon muter, saya buka kaca penumpang) nanyain jalan mana untuk pulang, tiba² bapak perkirnya ngetok² kaca nangih seakan saya ga akab ngasih, keluar gang ga ada dia bantuin untuk berhentiin mobil yg papasan, jd perparkiran tolong diperbaiki lagi",2025-10-28T08:29:16.135Z,Dicky Zainal,110338194725477955349,True,1,id,2026-05-04T16:20:02.058037
Ci9DQUlRQUNvZENodHljRjlvT21ORlRUaGxWRzl6TWtkV1ZrOW9RbEpOTUhKWmVVRRAB,ChIJU4Ga-Y8lby4Re-Hqz72vMjI,Warung Sate Dan Oseng Sindangkasih (Ma Hj.Uyi),Majalengka,Kuliner,4,"Kl bkn krn diajak tmn gakan tau ad sate enak disini wkwk sate kambingnya lbh enak drpd sapi nya! Gule nya tasty n rich, tapi ak cm makan kuah doank yaa. Tempat meskipun agak jadul dan gelep, tp luaaas. Kebersihan kurang ya mgkin krn gelap dan luas tterbuka jg. Perkedel kentangnya enak angetan.",2025-09-23T14:51:35.438Z,Phoebe Ann,105304345052918971973,True,0,id,2026-05-04T16:20:02.058067
Ci9DQUlRQUNvZENodHljRjlvT2tZd1l6UXlOM2xLV25wWGRYY3RVVmxMY2tvM1JsRRAB,ChIJU4Ga-Y8lby4Re-Hqz72vMjI,Warung Sate Dan Oseng Sindangkasih (Ma Hj.Uyi),Majalengka,Kuliner,5,"Rekomendasi rumah makan sate legend di majalengka, disini menjual berbagai sate mulai dari sate kambing, sate ayam ada juga oseng kepala kambing dan sapi, ga lupa ada pencok katel nya juga. Semua menunya acc👌🏻🥰",2025-08-18T11:50:15.085Z,Ceu Epik,115343300784818311403,True,0,id,2026-05-04T16:20:02.058110
Ci9DQUlRQUNvZENodHljRjlvT21OTFdEbFpiek52WmsxRExXUjZkbG8xYVdKYU0zYxAB,ChIJU4Ga-Y8lby4Re-Hqz72vMjI,Warung Sate Dan Oseng Sindangkasih (Ma Hj.Uyi),Majalengka,Kuliner,5,"tempatnya oke cocok buat makan bersama keluarga. sate dan tongsengnya sudah jadi langganan, enak, gak liat dan gak bau cocok untuk orang tua juga.",2025-07-22T05:17:38.587Z,Allif Vinka Oktavia Bilqis,112882849397514586094,True,0,id,2026-05-04T16:20:02.058147
Ci9DQUlRQUNvZENodHljRjlvT2tvelprUTVXVmszY0ZwNE0zTmZka0p1YVdjd1IxRRAB,ChIJU4Ga-Y8lby4Re-Hqz72vMjI,Warung Sate Dan Oseng Sindangkasih (Ma Hj.Uyi),Majalengka,Kuliner,2,Oseng nya bau.. Jadi eneg,2025-07-06T00:39:43.026Z,Lisan Sidqi,110479143619664592276,True,0,id,2026-05-04T16:20:02.058157
Ci9DQUlRQUNvZENodHljRjlvT25ZNVFXdGlPRmgzVFdsd1NHRnplbU42VnpOeWNrRRAB,ChIJU4Ga-Y8lby4Re-Hqz72vMjI,Warung Sate Dan Oseng Sindangkasih (Ma Hj.Uyi),Majalengka,Kuliner,5,Otak kambingnya mantabbbb,2025-06-30T09:37:45.928Z,Sekar child,109958659514510712061,True,0,id,2026-05-04T16:20:02.058164
ChdDSUhNMG9nS0VMVGE2X3VWa0p5cTNRRRAB,ChIJU4Ga-Y8lby4Re-Hqz72vMjI,Warung Sate Dan Oseng Sindangkasih (Ma Hj.Uyi),Majalengka,Kuliner,5,"Jadi tempat makan favorit kl mampir k majalengka, tempatnya agak masuk  sate nya bervariasi dan sop iganya maknyuss... overall enak enak masakannta dan harganya gk mahal",2025-05-14T02:21:33.235Z,Emil Gandanegara,117587444376936281554,True,0,id,2026-05-04T16:20:02.058179
ChZDSUhNMG9nS0VJQ0FnTURvdnZ5bEZREAE,ChIJU4Ga-Y8lby4Re-Hqz72vMjI,Warung Sate Dan Oseng Sindangkasih (Ma Hj.Uyi),Majalengka,Kuliner,5,Enak lezat dan bergizi well,2025-04-25T10:00:11.104Z,Asep Mawan,100313925788653522362,False,0,id,2026-05-04T16:20:02.058194
ChdDSUhNMG9nS0VJQ0FnTURJeHJyanVnRRAB,ChIJU4Ga-Y8lby4Re-Hqz72vMjI,Warung Sate Dan Oseng Sindangkasih (Ma Hj.Uyi),Majalengka,Kuliner,3,"Satenya bau kambing,tolong perbaiki",2025-04-09T09:01:13.536Z,Reyanto,116993020913505217867,True,0,id,2026-05-04T16:20:02.058210
ChZDSUhNMG9nS0VJQ0FnTUR3M2R6M0NnEAE,ChIJU4Ga-Y8lby4Re-Hqz72vMjI,Warung Sate Dan Oseng Sindangkasih (Ma Hj.Uyi),Majalengka,Kuliner,5,Tongseng is my favorite,2025-03-27T18:16:08.159Z,a pai,109767093617272597121,True,0,en,2026-05-04T16:20:02.058234
ChdDSUhNMG9nS0VJQ0FnTURncUktbHBRRRAB,ChIJU4Ga-Y8lby4Re-Hqz72vMjI,Warung Sate Dan Oseng Sindangkasih (Ma Hj.Uyi),Majalengka,Kuliner,4,"Empuk dan bumbu kacangnya pas, dagingnya empuk, kuah tongsengnya kurang nendang dikit…harga sangat bersahabat. Bisa balik lagi kalo pas turing k daerah Majalengka dan sekitarnya👍🏿👍🏿",2025-02-22T07:56:45.484Z,UDAR1DER CHANNEL,107406358738609713358,True,0,id,2026-05-04T16:20:02.058241
ChZDSUhNMG9nS0VJQ0FnSURUZ2Uzd01nEAE,ChIJU4Ga-Y8lby4Re-Hqz72vMjI,Warung Sate Dan Oseng Sindangkasih (Ma Hj.Uyi),Majalengka,Kuliner,5,"Sate nya enak, empuk, ga pelit acar, pilihan menu nya juga beragam. Harga nya standar.
Bisa jadi pilihan makan bersama keluarga.",2025-01-11T07:43:47.012Z,syifa masyrifatul,114819829038829115924,True,0,id,2026-05-04T16:20:02.058270
ChZDSUhNMG9nS0VJQ0FnSUNmOWZ1eWFBEAE,ChIJU4Ga-Y8lby4Re-Hqz72vMjI,Warung Sate Dan Oseng Sindangkasih (Ma Hj.Uyi),Majalengka,Kuliner,2,Datang dan rasakan,2024-12-31T11:47:01.179Z,Gugun Guntara,102837331950594494519,True,0,id,2026-05-04T16:20:02.058287
ChdDSUhNMG9nS0VJQ0FnTUNnaVAzejR3RRAB,ChIJt2rLqb8pby4RL4MEaiVe7Gc,Ayam Bakar Mina Majalengka,Majalengka,Kuliner,5,"ini salah satu menu favorit saya, ayam bakar nya empuk, bumbu nya meresap, apalgi sambel nya yang bikin combo nikmat untuk di makan, dan ramen nya enak banget, rasa kuah nya perfect dengan perpaduan isian nya yg ga pelit ( tapi maaf ya ga ke foto hehe ^^ ) service nya juga sangat baik, dan orang' nya ramah'",2025-02-13T16:57:39.087Z,ainav4n,110760486152511698721,False,0,id,2026-05-04T16:20:02.058301
ChZDSUhNMG9nS0VJQ0FnTURBZzY3WEVBEAE,ChIJt2rLqb8pby4RL4MEaiVe7Gc,Ayam Bakar Mina Majalengka,Majalengka,Kuliner,5,Tempat nongkrong nya asik dan recomend banget..,2025-02-11T11:32:01.788Z,Yogieko Setiawan,100420649661436336641,False,0,id,2026-05-04T16:20:02.058309
ChdDSUhNMG9nS0VJQ0FnTURBZzVxVXNBRRAB,ChIJt2rLqb8pby4RL4MEaiVe7Gc,Ayam Bakar Mina Majalengka,Majalengka,Kuliner,5,Makasanan enak dan suasananya tenang jadi makan makin santai,2025-02-11T11:25:03.737Z,Agiel Avis,111614847552867259866,False,0,id,2026-05-04T16:20:02.058318
ChZDSUhNMG9nS0VJQ0FnTUNBMjRIaFlBEAE,ChIJt2rLqb8pby4RL4MEaiVe7Gc,Ayam Bakar Mina Majalengka,Majalengka,Kuliner,5,"Tempat makan kesukaan kelurgaku, aku sma kk suka katsu kari jepang sm ramen nya,, klo mamih ku sukanya sate taichan goreng scrumble ,sama nasi bakarnya..",2025-02-04T15:47:33.669Z,aca iya,110957280731652348134,False,0,id,2026-05-04T16:20:02.058333
ChZDSUhNMG9nS0VJQ0FnTUNBcTg2RUhREAE,ChIJt2rLqb8pby4RL4MEaiVe7Gc,Ayam Bakar Mina Majalengka,Majalengka,Kuliner,5,"makanannya enak banget, tempatnya jg nyaman polll😍😋",2025-02-04T11:01:45.744Z,Dini Nurul H.,110861377514139232431,False,0,id,2026-05-04T16:20:02.058341
ChZDSUhNMG9nS0VJQ0FnTUNBcTQ2M05nEAE,ChIJt2rLqb8pby4RL4MEaiVe7Gc,Ayam Bakar Mina Majalengka,Majalengka,Kuliner,5,"Makanan enak enakkk, bakal repeat order si",2025-02-04T11:01:36.623Z,Zenika Tri Hastuti,104232717266763886806,False,0,id,2026-05-04T16:20:02.058350
ChZDSUhNMG9nS0VJQ0FnTUNBaGR1N0FREAE,ChIJt2rLqb8pby4RL4MEaiVe7Gc,Ayam Bakar Mina Majalengka,Majalengka,Kuliner,5,"Rekomendasi banget udah tempatnya nyaman, makan bareng keluarga, temen atau pasangan cocok banget😍 bukber disini kayaknya enakeunnn, harganya terjangkau makanannya gausah diraguin lagi udah pasti enakk
Fav aku udah pasti ayamnyaa🥰",2025-02-02T13:38:23.504Z,Jeaa Xylee,117755118514938360998,True,0,id,2026-05-04T16:20:02.058362
ChZDSUhNMG9nS0VJQ0FnSURfNmFPS0VREAE,ChIJt2rLqb8pby4RL4MEaiVe7Gc,Ayam Bakar Mina Majalengka,Majalengka,Kuliner,5,"Paling suka mampir kesini waktu malam Minggu, soalnya ada musik live akustikanya,,, bawa keluarga, temen, rame rame paling seru,, karna tempatnya luas... Makannya semuanya enak,, recommended pokonya...",2025-01-25T09:06:10.941Z,Nhaima Rajwa,104302566590978220383,False,0,id,2026-05-04T16:20:02.058370
ChZDSUhNMG9nS0VJQ0FnSURfNlpXNEh3EAE,ChIJt2rLqb8pby4RL4MEaiVe7Gc,Ayam Bakar Mina Majalengka,Majalengka,Kuliner,5,"Enak banget ayam bakar sama liwet nya,,  aku suka banget...",2025-01-25T08:57:01.583Z,Syaima Nazwa,113353743449808131920,False,0,id,2026-05-04T16:20:02.058378
ChdDSUhNMG9nS0VJQ0FnSURfOHJhcXRRRRAB,ChIJt2rLqb8pby4RL4MEaiVe7Gc,Ayam Bakar Mina Majalengka,Majalengka,Kuliner,5,"Enak banget makanan semuanya
, murah juga, 🥹😍😍🥰🥰🥰 yang bilang mahal hoax banget!",2025-01-23T05:37:37.710Z,Nida Rezkia,116478189962891664137,True,0,id,2026-05-04T16:20:02.058386
ChdDSUhNMG9nS0VJQ0FnSURfcVBTQ2dRRRAB,ChIJt2rLqb8pby4RL4MEaiVe7Gc,Ayam Bakar Mina Majalengka,Majalengka,Kuliner,5,"The best seasoning fried chicken everrrrr, love the sweet and sour soup soo refresh, the sambal is nice not too spicy. A good place also for relax or gathering with friends, family, or for some office event, humble employee also... will be back for sure...",2025-01-21T05:32:46.778Z,Ria Anugrahani,105616444723906929780,False,0,en,2026-05-04T16:20:02.058394
ChdDSUhNMG9nS0VJQ0FnSURfc1BLQzB3RRAB,ChIJt2rLqb8pby4RL4MEaiVe7Gc,Ayam Bakar Mina Majalengka,Majalengka,Kuliner,5,"Servicenya ramah, pas masuk resto langsung di sambut salam dan senyum, makanan enak tempat luas cocok untuk keluarga",2025-01-20T23:00:13.410Z,Mila Rosmala rosa,108864119504301271245,False,0,id,2026-05-04T16:20:02.058402
ChdDSUhNMG9nS0VJQ0FnSUNfeDhiSTl3RRAB,ChIJt2rLqb8pby4RL4MEaiVe7Gc,Ayam Bakar Mina Majalengka,Majalengka,Kuliner,5,Menu nya beragam rasanya cukup enak,2025-01-19T13:07:51.839Z,komar Udin,100964291974766901938,True,0,id,2026-05-04T16:20:02.058410
ChZDSUhNMG9nS0VJQ0FnSUNfMnNLZFd3EAE,ChIJt2rLqb8pby4RL4MEaiVe7Gc,Ayam Bakar Mina Majalengka,Majalengka,Kuliner,1,"Ramen, kuahnya hencer kaya kuat mie. Udah dibilang buat anak malah pedes. Anak sy sampe nangis kepedasan. Pesen 1 paket ayam bakar dianterin 2 paket (padahal waktu siang itu cm kami yg datang)
Sayur asem nya parah sih, terlalu kematangan sayur nya jd biek ancur",2025-01-15T08:18:10.854Z,ramdan usuludin,105019044484418995659,False,0,id,2026-05-04T16:20:02.058417
ChdDSUhNMG9nS0VJQ0FnSURQaUxhYnBBRRAB,ChIJt2rLqb8pby4RL4MEaiVe7Gc,Ayam Bakar Mina Majalengka,Majalengka,Kuliner,1,Udah nunggu lama tiba2 dicancel secara sepihak. Kalo emng udah tutup knpa masih acc orderan hah????,2024-11-28T14:06:49.000Z,Mulyana,102187028814678721419,False,0,id,2026-05-04T16:20:02.058439
ChZDSUhNMG9nS0VJQ0FnSUNQakpTRUlBEAE,ChIJt2rLqb8pby4RL4MEaiVe7Gc,Ayam Bakar Mina Majalengka,Majalengka,Kuliner,4,Buka sampe malam jam 11,2024-11-22T01:22:50.090Z,Iwan Dermawan,113641811024270312889,True,0,id,2026-05-04T16:20:02.058448
Ci9DQUlRQUNvZENodHljRjlvT210SWNuSlJiVzVwTWtadlVUbE1hMjFSVm1kSlkzYxAB,ChIJ65Wlq8wkby4RxK7Sih54Qd0,Rumah Makan Abah Emo Ayam goreng,Majalengka,Kuliner,5,"Makan dengan view Gunung Ciremai
Dan dengan makanan yang serba enak",2026-01-02T08:54:24.642Z,Farliana Sutartiah,115481390445011975526,True,0,id,2026-05-04T16:20:02.058466
Ci9DQUlRQUNvZENodHljRjlvT2pkelV6VXlUR1poZUZKaVdXMVVNRk5yYlhaaGRHYxAB,ChIJ65Wlq8wkby4RxK7Sih54Qd0,Rumah Makan Abah Emo Ayam goreng,Majalengka,Kuliner,5,"Makanan enak, parkir luas dan sambal hijaunya mantap... The best di jalur alternatif ke Majalengka dari Banjar👍👍",2025-12-28T13:09:18.542Z,TimoTheo Channel,103654530195672544326,True,0,id,2026-05-04T16:20:02.058474
Ci9DQUlRQUNvZENodHljRjlvT25SS1RuQXlWRnBvZUU5SWRVdGpNWFY0YVRSeVdIYxAB,ChIJ65Wlq8wkby4RxK7Sih54Qd0,Rumah Makan Abah Emo Ayam goreng,Majalengka,Kuliner,5,"cocok di lidah
pas di kantong",2025-12-25T12:11:43.078Z,Rahmat Sujana,111850021632452858600,True,0,id,2026-05-04T16:20:02.058482
Ci9DQUlRQUNvZENodHljRjlvT21NM1lqZG1RemwyVDBSWmVsTnZXRGQzUmtaUWFtYxAB,ChIJ65Wlq8wkby4RxK7Sih54Qd0,Rumah Makan Abah Emo Ayam goreng,Majalengka,Kuliner,5,Raos pisan.... Hayam na bebek na hararipu... 👍👍👍,2025-12-08T07:23:34.304Z,Indra MW Suradiredja,109033242538951402487,True,0,su,2026-05-04T16:20:02.058497
Ci9DQUlRQUNvZENodHljRjlvT21sMldYTjBaWFF4Vm1oU1RFNXlNVWR5WWpsSGNXYxAB,ChIJ65Wlq8wkby4RxK7Sih54Qd0,Rumah Makan Abah Emo Ayam goreng,Majalengka,Kuliner,4,"makanannya sih enak ya lumayann, tapi parkir agak susah padet banget klo bisa di area tempat parkir ada orang per orangnya, ini mau parkir aja tukang parkirnya gaada, untuk pelayanan agak di tingkatkan lagi harus ramah sopan ke pembeli atau pengunjung gtu senyum atau apa inimah jutek banget teteh tetehnya padahal makanan dan suasana disini tuh lumayan, lain kali pada ramah senyum dan ada ucap apa gtu ya ke pengunjung tuh selamat menikmati atau apa",2025-11-17T05:34:45.859Z,Agianti,101043157746111907440,True,0,id,2026-05-04T16:20:02.058533
Ci9DQUlRQUNvZENodHljRjlvT21OclVFdzNRUzF2ZGpBMFMyWjJTRWxFTVZwcGIwRRAB,ChIJ65Wlq8wkby4RxK7Sih54Qd0,Rumah Makan Abah Emo Ayam goreng,Majalengka,Kuliner,5,Bersih tempatnya,2025-11-03T13:51:04.852Z,Edwin Yuniar,115507715672747175780,True,0,id,2026-05-04T16:20:02.058542
Ci9DQUlRQUNvZENodHljRjlvT21GUGVrOHlWbmRSV201SGNETndWbGRIU1ROZmVHYxAB,ChIJ65Wlq8wkby4RxK7Sih54Qd0,Rumah Makan Abah Emo Ayam goreng,Majalengka,Kuliner,5,"Ayam gorengnya top
gepuknya legit
sambel hero dimix sambel terasi, super👌

Tempat belum coba karena take away
dibawa kerumah dihangatkan dirumah semua rasanya tetap mantap

next kynya perlu dicoba goreng jengkol sama sop dengkilnya",2025-11-02T01:50:56.998Z,indra ramadhan,115170172322149990394,True,0,id,2026-05-04T16:20:02.058549
Ci9DQUlRQUNvZENodHljRjlvT2xveVJEUlJSMjEzU1hkMWFFbERlREl6Vkc4M01IYxAB,ChIJ65Wlq8wkby4RxK7Sih54Qd0,Rumah Makan Abah Emo Ayam goreng,Majalengka,Kuliner,5,Ayam kampungnya juara...,2025-10-07T22:27:15.972Z,ASEP SUGIARTO,100181148370194838236,True,0,id,2026-05-04T16:20:02.058572
Ci9DQUlRQUNvZENodHljRjlvT21OcVMwaERUamhoTm5Cc1l6QTFjVWQ1VUVNd1UxRRAB,ChIJ65Wlq8wkby4RxK7Sih54Qd0,Rumah Makan Abah Emo Ayam goreng,Majalengka,Kuliner,5,"Endulll.. ga sempet photo... keburu laperr,pelayanan sat set",2025-08-21T01:31:25.573Z,Andriati Astania,111408615065428686226,True,0,id,2026-05-04T16:20:02.058587
Ci9DQUlRQUNvZENodHljRjlvT2sxaVRreFdiMHd5WVVaWVNsWm9ORXBpUjNCeU1HYxAB,ChIJ65Wlq8wkby4RxK7Sih54Qd0,Rumah Makan Abah Emo Ayam goreng,Majalengka,Kuliner,5,Sungguh menikmati,2025-07-24T06:26:02.491Z,Jaja Juhaeri,107870173582276847656,True,0,id,2026-05-04T16:20:02.058603
Ci9DQUlRQUNvZENodHljRjlvT21Wa1lYVjVWMEZXYlRkMGVFaGxXbXhpZUdoalQxRRAB,ChIJ65Wlq8wkby4RxK7Sih54Qd0,Rumah Makan Abah Emo Ayam goreng,Majalengka,Kuliner,5,Makanannya enak.. Ayam kampung sama bebek gorengnya tob tobi tob tob pokona mah...,2025-07-17T01:18:10.071Z,Helmi Aziz,109313626914281367144,True,0,id,2026-05-04T16:20:02.058616
Ci9DQUlRQUNvZENodHljRjlvT25WSFUza3dSWFo1YmpCWmVHOWFOSE5TUWxrMlZGRRAB,ChIJ65Wlq8wkby4RxK7Sih54Qd0,Rumah Makan Abah Emo Ayam goreng,Majalengka,Kuliner,4,"Makanannya enak, ayam gorengnya empuk, jengkol gorengnya asiik, suasana adem, musholla dan toiletnya bersih,",2025-06-09T03:55:22.508Z,suhendy casmita,111240392197546308736,True,0,id,2026-05-04T16:20:02.058633
ChZDSUhNMG9nS0VLam1sdE9IaklEVWF3EAE,ChIJ65Wlq8wkby4RxK7Sih54Qd0,Rumah Makan Abah Emo Ayam goreng,Majalengka,Kuliner,1,Harga ngga jelas,2025-05-09T12:15:51.876Z,Indri Febri Ariyanti,116824576144749278746,False,0,id,2026-05-04T16:20:02.058663
ChdDSUhNMG9nS0VJQ0FnTURvaXFDMWhnRRAB,ChIJ65Wlq8wkby4RxK7Sih54Qd0,Rumah Makan Abah Emo Ayam goreng,Majalengka,Kuliner,1,"Saran aja sich kalo nota harusnya diisi harganya, setidaknya pas bayar disebutin harga nya, biar sama2 enak.
Ini mah nota gak dikasih ke kita, terus gak dikasih tau juga harga2 nya,
Jadi kapok datang lagi kesana, kita bukan mempermasalahkan harganya, yg jdi maslah kenapa si kasir tidak terbuka maslah harga, yang jatohnya kita jadi kaget pas bayar jdi gede bangettttttt.
Mohon untuk diperhatikan ya, Ingat zaman skrg persaingan dagang ketat, kalo kita gak bisa memperhatikan masukan dan saran dr pelanggan, bisa2 pada kabur pelanggan!!!",2025-04-23T15:25:47.625Z,Amelia Suwardi,116433710056608329620,True,0,id,2026-05-04T16:20:02.058671
ChZDSUhNMG9nS0VJQ0FnTUNvOFlfOEdBEAE,ChIJ65Wlq8wkby4RxK7Sih54Qd0,Rumah Makan Abah Emo Ayam goreng,Majalengka,Kuliner,5,Enak ayamnya selalu kesiniii,2025-04-17T23:55:15.058Z,Fitri Arum Sari,107413997473834051515,True,0,id,2026-05-04T16:20:02.058680
ChZDSUhNMG9nS0VJQ0FnTURJNE5tNktREAE,ChIJ65Wlq8wkby4RxK7Sih54Qd0,Rumah Makan Abah Emo Ayam goreng,Majalengka,Kuliner,5,"makanan khas nya lumayan memiliki rasa, dan suasana nya yang bikin nyaman",2025-04-06T07:13:55.643Z,Vernanda Torres,104115244475844531192,True,0,id,2026-05-04T16:20:02.058700
ChdDSUhNMG9nS0VJQ0FnSUNzME5LbHVBRRAB,ChIJ65Wlq8wkby4RxK7Sih54Qd0,Rumah Makan Abah Emo Ayam goreng,Majalengka,Kuliner,5,"Meskipun rame penyajiannya ga nunggu lama. sambel ijonya mantuuullll, soal harga jangan ditanya...., muraaaaah meriaaaah",2025-04-06T04:57:19.405Z,iQa Hapsari,109735380730113742395,True,0,id,2026-05-04T16:20:02.058708
ChdDSUhNMG9nS0VJQ0FnSUNKazgySDVnRRAB,ChIJt2rLqb8pby4RL4MEaiVe7Gc,Ayam Bakar Mina Majalengka,Majalengka,Kuliner,5,"Klo ke mjlk pasti selalu kesini sih mever fail. Cuma terakir udh bbrp kali visit, sambel gorengnya udh kurang fresh pete nya udh tlalu melempem. Anyhow harga segini sih sangat enak yaa ayam bakarnya wajib coba sm sate kulit, tempat juga nyaman bagusss. Even nasi putihnya doank tuh wangiii",2024-09-23T00:40:41.472Z,Phoebe Ann,105304345052918971973,True,0,id,2026-05-04T16:20:02.058737
ChdDSUhNMG9nS0VJQ0FnSURieGVmYzRBRRAB,ChIJt2rLqb8pby4RL4MEaiVe7Gc,Ayam Bakar Mina Majalengka,Majalengka,Kuliner,5,"Tempatnya nyaman. Makanannya enak. Tapi kok sepi ya. Sayang banget.
Tapi overall enak dan nyaman makan disini",2024-08-07T12:59:46.734Z,Faisal Adi pradana,117301414974018862146,True,0,id,2026-05-04T16:20:02.058751
ChZDSUhNMG9nS0VJQ0FnSURMOGJ6TUF3EAE,ChIJt2rLqb8pby4RL4MEaiVe7Gc,Ayam Bakar Mina Majalengka,Majalengka,Kuliner,5,Enak semua makananny,2024-06-28T14:42:34.357Z,bonggola 69,111258706194235598214,False,0,id,2026-05-04T16:20:02.058782
ChdDSUhNMG9nS0VJQ0FnSUR6aHItVjR3RRAB,ChIJt2rLqb8pby4RL4MEaiVe7Gc,Ayam Bakar Mina Majalengka,Majalengka,Kuliner,5,"makanannya enak , suasananya juga bagus",2024-06-09T16:04:33.724Z,susana alamanda,113402672606516749877,True,0,id,2026-05-04T16:20:02.058799
ChdDSUhNMG9nS0VJQ0FnSUR6ck52UnZBRRAB,ChIJt2rLqb8pby4RL4MEaiVe7Gc,Ayam Bakar Mina Majalengka,Majalengka,Kuliner,5,Makanan dan minuman nya enak banget tempat nya juga bagus dan pelayanan nya juga ramah semua😍😍,2024-06-08T10:17:18.758Z,Rita Suciyanti,113996995513125576165,False,0,id,2026-05-04T16:20:02.058807
Ci9DQUlRQUNvZENodHljRjlvT2treFdrSnVhbEZYUVd4amJtRk5RV2R2TkY5RWVIYxAB,ChIJse4OIUUvby4RpHBe6KA1APU,Warung Mimi Prasmanan Masakan Sunda,Majalengka,Kuliner,1,"harga semakin mahal, tidak seperti dulu",2025-09-26T23:38:22.422Z,samuel halomoan,104690290567728369657,True,0,id,2026-05-04T16:20:02.058832
ChZDSUhNMG9nS0VJQ0FnSUNubGVEM0tREAE,ChIJse4OIUUvby4RpHBe6KA1APU,Warung Mimi Prasmanan Masakan Sunda,Majalengka,Kuliner,1,"It's not worth your money, so much much much much better options than this place. Overprice, the service is worse.",2024-09-28T03:53:37.108Z,Rizky Kurnia,105409585148815911496,False,0,en,2026-05-04T16:20:02.058846
ChdDSUhNMG9nS0VJQ0FnSUNIenRxYm93RRAB,ChIJse4OIUUvby4RpHBe6KA1APU,Warung Mimi Prasmanan Masakan Sunda,Majalengka,Kuliner,5,Jdi sempat tempat ga kaya dlu,2024-09-05T02:47:46.969Z,Vera Vazriah_010,102634479173008814508,True,0,id,2026-05-04T16:20:02.058854
ChZDSUhNMG9nS0VJQ0FnSUNiLWJLckFnEAE,ChIJse4OIUUvby4RpHBe6KA1APU,Warung Mimi Prasmanan Masakan Sunda,Majalengka,Kuliner,2,"Over price, ayamnya kecil udah gtu masih basah (setengah matang). Untuk makanan yang lain lumayan masih masuk. Tapi untuk ayam no rekommend, potongan 16 harga mahal. Kecewa banget 🙂",2024-07-29T06:09:53.311Z,LeeHyura,112835323277979237219,True,1,id,2026-05-04T16:20:02.058863
ChZDSUhNMG9nS0VJQ0FnSUNUM2JMZ1F3EAE,ChIJse4OIUUvby4RpHBe6KA1APU,Warung Mimi Prasmanan Masakan Sunda,Majalengka,Kuliner,5,"Mencari sarapan di Majalengka pada pagi hari itu lumayan susah yaa, tapi untung ada warung bu mimi ini jadi perut aman terkendali.

Rasa makanannya menurut aku enak, menunya lumayan beragam ada sate-satean, pepes, semur daging, sop iga dan masih banyak lagi

Tapi sayang untuk sayurannya kurang begitu banyak macemnya, mungkin karena aku datang sekitar pukul 8 pagi jadi masih ada yang dimasak kali ya. Waktu ke sana cuma ada satu macam tumis sayur, sedangkan aku kalau makan perlu ada sayur. Its oke gapapa masih tertutupi sama rasa makanan lain yang memang yummy.

Pelayanannya bagus, ramah, request yang diminta selalu aman terkendali",2024-05-18T04:04:57.578Z,Dwi,110717929755018405432,True,0,id,2026-05-04T16:20:02.058884
ChZDSUhNMG9nS0VJQ0FnSUREcnUyTlpREAE,ChIJse4OIUUvby4RpHBe6KA1APU,Warung Mimi Prasmanan Masakan Sunda,Majalengka,Kuliner,5,Kekurangannya kurang sedikit pendingin (AC / kipas angin) minim.,2024-04-09T16:44:42.955Z,Gigin Ginanjar Solehudin,102626015089784019749,True,0,id,2026-05-04T16:20:02.058920
ChdDSUhNMG9nS0VJQ0FnSUNEcmNQdWxnRRAB,ChIJse4OIUUvby4RpHBe6KA1APU,Warung Mimi Prasmanan Masakan Sunda,Majalengka,Kuliner,2,"Sbg wali santri dr gontor seharusnya pd saat anak2 berkumpul di sana,  makanan mereka dijamin. Tp ini malah anak2 cari makanan sendiri buat sahur.",2024-03-31T10:01:38.544Z,Gontory Fight,110093439814800267243,True,0,id,2026-05-04T16:20:02.058928
ChdDSUhNMG9nS0VJQ0FnSUN0MWNfajhnRRAB,ChIJse4OIUUvby4RpHBe6KA1APU,Warung Mimi Prasmanan Masakan Sunda,Majalengka,Kuliner,4,"Rumah makan yg menyediakan menu sunda dg prasmanan alias ngambil sendiri
Harganya murah
Kalau soal rasa tergantung lidah masing"" ya g bisa disamaratakan 😊😊",2024-01-31T08:04:46.608Z,YOYOH SUHARTINI,116622224336444413205,True,0,id,2026-05-04T16:20:02.058946
ChZDSUhNMG9nS0VJQ0FnSUROdDZHTE5nEAE,ChIJse4OIUUvby4RpHBe6KA1APU,Warung Mimi Prasmanan Masakan Sunda,Majalengka,Kuliner,4,"Warung makan khas sunda, lokasi samping  ayam penyet surabaya. Harga relatif terjangkau, rasa masakan enak, tempatnya juga cukup luas.",2024-01-27T03:30:31.113Z,Gunawan Wijaksono,110218112311284037508,True,0,id,2026-05-04T16:20:02.058954
ChdDSUhNMG9nS0VJQ0FnSUNPLWZTSHpnRRAB,ChIJwx-qa6kvby4R8oi1GslHRmg,TERAS A3,Majalengka,Kuliner,5,"tempat nongkrong yang strategis banget, deket ke alun2, deket ke pendopo, ah pokoknya mantaf jiwa",2022-06-14T13:08:18.421Z,Aljauzi Channel,103076279296241368698,True,0,id,2026-05-04T16:20:02.058998
ChZDSUhNMG9nS0VJQ0FnSUQ2N1kzTllBEAE,ChIJwx-qa6kvby4R8oi1GslHRmg,TERAS A3,Majalengka,Kuliner,4,Ayo jajan disini kalo ke alun majalengka..,2021-10-08T03:08:10.770Z,Ghulzar Simsimany,106439616850067969557,True,0,id,2026-05-04T16:20:02.059006
ChdDSUhNMG9nS0VJQ0FnSUQ2NUttczF3RRAB,ChIJwx-qa6kvby4R8oi1GslHRmg,TERAS A3,Majalengka,Kuliner,5,"Mantul semoga semakin rame, salam satu Aspal salam persaudaraan dari LHI Bogor",2021-09-21T06:11:47.683Z,Misbachul Huda,104478560111353145620,True,0,id,2026-05-04T16:20:02.059014
ChZDSUhNMG9nS0VJQ0FnSUNpd2FTTEF3EAE,ChIJwx-qa6kvby4R8oi1GslHRmg,TERAS A3,Majalengka,Kuliner,5,Cocok buat tempat tongkorangan,2021-08-20T11:51:37.361Z,Y & A,102822412215916065093,True,0,id,2026-05-04T16:20:02.059036
ChZDSUhNMG9nS0VJQ0FnSUNhdWZ2ak9BEAE,ChIJwx-qa6kvby4R8oi1GslHRmg,TERAS A3,Majalengka,Kuliner,5,Tempat nongkrong paling mantap 👍,2021-08-04T08:51:58.354Z,Jaly Wae,108598599842409366957,True,0,id,2026-05-04T16:20:02.059045
ChZDSUhNMG9nS0VJQ0FnSURxdUxYYWV3EAE,ChIJwx-qa6kvby4R8oi1GslHRmg,TERAS A3,Majalengka,Kuliner,4,Kurang luas tempatnya,2021-06-28T09:56:43.015Z,Hary Fajar Prasetyo,101885756924074588702,True,0,id,2026-05-04T16:20:02.059092
ChZDSUhNMG9nS0VJQ0FnSUQxeExLVlJnEAE,ChIJse4OIUUvby4RpHBe6KA1APU,Warung Mimi Prasmanan Masakan Sunda,Majalengka,Kuliner,4,Rasa lumayan suka karena msg tidak terasa..,2024-01-05T10:04:39.748Z,Agung Ps,111623028006457891178,True,0,id,2026-05-04T16:20:02.059144
ChZDSUhNMG9nS0VJQ0FnSURwMzlIeldREAE,ChIJse4OIUUvby4RpHBe6KA1APU,Warung Mimi Prasmanan Masakan Sunda,Majalengka,Kuliner,5,Lumayan murah meriah,2023-09-01T08:13:04.726Z,Aris ahmad rizal,107367720735192684621,True,0,id,2026-05-04T16:20:02.059197
ChZDSUhNMG9nS0VJQ0FnSURCdzhfa0NBEAE,ChIJse4OIUUvby4RpHBe6KA1APU,Warung Mimi Prasmanan Masakan Sunda,Majalengka,Kuliner,4,"Makanannya enak karena saya asli orang Jawa dan masakannya manis selera saya sekali, pelayanannya baik tp lebih diperhatikan lagi untuk harga bisa LBH dimurahkan lagi biar makin  rame, tempatnya seperti tempat istirahat bus antar kota antar propinsi, kurang rapi 😅",2023-01-27T11:38:17.479Z,Anak Traveling,118030777916358912727,True,0,id,2026-05-04T16:20:02.059218
ChZDSUhNMG9nS0VJQ0FnSURXdlBHZkdBEAE,ChIJse4OIUUvby4RpHBe6KA1APU,Warung Mimi Prasmanan Masakan Sunda,Majalengka,Kuliner,5,Ikan bakarnya the best,2022-12-21T01:55:53.261Z,Nana Sutrisna,100046364608294107551,True,0,id,2026-05-04T16:20:02.059226
ChZDSUhNMG9nS0VJQ0FnSUNCbElYSFdREAE,ChIJse4OIUUvby4RpHBe6KA1APU,Warung Mimi Prasmanan Masakan Sunda,Majalengka,Kuliner,4,Tempat makan legendaris. Prasmanan di pusat kota. Tapi sayang banget parkirnya kurang luas,2022-12-18T02:28:09.470Z,Muhammad Yunus,115742341152380187444,True,0,id,2026-05-04T16:20:02.059235
ChZDSUhNMG9nS0VJQ0FnSUNCNU9fclJ3EAE,ChIJse4OIUUvby4RpHBe6KA1APU,Warung Mimi Prasmanan Masakan Sunda,Majalengka,Kuliner,5,Warung nasi mimi,2022-12-17T22:18:11.225Z,Cecep Ramdani,107895870662018316003,True,0,id,2026-05-04T16:20:02.059244
ChZDSUhNMG9nS0VJQ0FnSUQtdmFLMFdREAE,ChIJse4OIUUvby4RpHBe6KA1APU,Warung Mimi Prasmanan Masakan Sunda,Majalengka,Kuliner,4,"warung makan yang murah meriah di pusat kota Majalengka, pilihan menunya banyak...kumplit lah pokonya",2022-12-07T12:13:20.107Z,Aljauzi Channel,103076279296241368698,True,0,id,2026-05-04T16:20:02.059251
ChdDSUhNMG9nS0VJQ0FnSURlM2NMT3NRRRAB,ChIJse4OIUUvby4RpHBe6KA1APU,Warung Mimi Prasmanan Masakan Sunda,Majalengka,Kuliner,4,"Makanan lumayan enak, harga relatif murah, suasana agak terganggu dg rehab samping ruang makan",2022-10-17T10:34:47.901Z,Haris Risyanto,111801570351101121378,True,0,id,2026-05-04T16:20:02.059259
ChdDSUhNMG9nS0VJQ0FnSUNldnJ2bTBBRRAB,ChIJse4OIUUvby4RpHBe6KA1APU,Warung Mimi Prasmanan Masakan Sunda,Majalengka,Kuliner,5,Mantap buat makan siang bersama keluarga,2022-09-15T07:45:35.213Z,Harno Suharno,114996602871378178694,True,0,id,2026-05-04T16:20:02.059267
ChZDSUhNMG9nS0VJQ0FnSUNxMEluTlN3EAE,ChIJwx-qa6kvby4R8oi1GslHRmg,TERAS A3,Majalengka,Kuliner,4,"tempatnya nyaman, banyak varian makanan yg enak"" juga disini dan harganya murah""",2021-05-24T07:27:44.739Z,Rinaldi Septian,116728401026970746287,True,0,id,2026-05-04T16:20:02.059301
ChdDSUhNMG9nS0VJQ0FnSURLLWVHQWpBRRAB,ChIJwx-qa6kvby4R8oi1GslHRmg,TERAS A3,Majalengka,Kuliner,4,Nyaman & Bersih 👌🏻,2021-05-13T16:10:24.692Z,RiznR,105842358554568250279,True,1,id,2026-05-04T16:20:02.059316
ChZDSUhNMG9nS0VJQ0FnSURLc3FydmVnEAE,ChIJwx-qa6kvby4R8oi1GslHRmg,TERAS A3,Majalengka,Kuliner,3,Pilihan menu banyak di berbagai penjual. Harga termasuk murah juga.,2021-05-06T11:35:40.613Z,Radityo Kuswihatmo,105690880320367299682,True,0,id,2026-05-04T16:20:02.059346
Ci9DQUlRQUNvZENodHljRjlvT25wSU5tZGhaV3gyYWxsNmRuZEdZVFJqZG5sNlIyYxAB,ChIJBz-1Jv4gby4R1tvEyOA4T_Y,Pondok Durian Sinapeul Titin - Heri/ Pondok Liwet Sinapeul,Majalengka,Kuliner,5,"Masyaallah tempat nya luas, nyaman, adem, nasi liwet nya enak murah, dan semua wahana yang ada gratiss, untuk duren nya so so standarr👍👍",2026-04-18T05:20:24.872Z,muhyi nur,104776442753013593705,False,0,id,2026-05-04T16:20:02.059448
Ci9DQUlRQUNvZENodHljRjlvT2treFlteE9OVFYyVlZSSVV6aHNhbGxXTFhwU1pWRRAB,ChIJBz-1Jv4gby4R1tvEyOA4T_Y,Pondok Durian Sinapeul Titin - Heri/ Pondok Liwet Sinapeul,Majalengka,Kuliner,5,Maaf Saya habisin Semua •,2026-04-05T05:12:36.711Z,Muhammad Ilham,101492952413411842304,False,0,id,2026-05-04T16:20:02.059464
Ci9DQUlRQUNvZENodHljRjlvT21sVFEwTk9TR1JVTms1SE1FTk9VMjh0TVVKQlpVRRAB,ChIJBz-1Jv4gby4R1tvEyOA4T_Y,Pondok Durian Sinapeul Titin - Heri/ Pondok Liwet Sinapeul,Majalengka,Kuliner,4,"Its Okay,
Tempat nya teduh banyak arena bermain untuk anak2 gratis lagi, ada kolam renangnya juga untuk anak2, pesan makan menunya enak2, cuman nasinya kurang banyak😃😊, recommended buat yg cari durian sekaligus berpariwisata👍🏻👍🏻👍🏻",2026-03-29T07:22:41.308Z,Afief H,108445109434112553309,True,0,id,2026-05-04T16:20:02.059478
Ci9DQUlRQUNvZENodHljRjlvT2xaWk56QnFObmswWlRoSGVuZGthRTVRZWxscU5sRRAB,ChIJBz-1Jv4gby4R1tvEyOA4T_Y,Pondok Durian Sinapeul Titin - Heri/ Pondok Liwet Sinapeul,Majalengka,Kuliner,5,"Tempat nya ramah anak, ada playground, kolam kecil, terapi ikan, tempat makan nyaman, harga terjangkau, mang parkir baik, suka sih ka tempatnya banyak fasilitasnya free pula, cocok buat kumpul keluarga/rekan2, recommended",2026-03-25T15:26:37.905Z,Azizah Musthafa,109809640674679954585,True,0,id,2026-05-04T16:20:02.059486
Ci9DQUlRQUNvZENodHljRjlvT25RMFpITnZSWFZxUTNaSVJWOUdjamhSV0MxUmJHYxAB,ChIJBz-1Jv4gby4R1tvEyOA4T_Y,Pondok Durian Sinapeul Titin - Heri/ Pondok Liwet Sinapeul,Majalengka,Kuliner,3,pelayananannya terlalu lama dan rasanya biasa aja,2026-02-15T08:37:57.545Z,rifqi azz,114200857779315831572,False,0,id,2026-05-04T16:20:02.059495
Ci9DQUlRQUNvZENodHljRjlvT25SMFkwOTViM3ByY0MxS1MybDVUR3RzVTFwWFVYYxAB,ChIJBz-1Jv4gby4R1tvEyOA4T_Y,Pondok Durian Sinapeul Titin - Heri/ Pondok Liwet Sinapeul,Majalengka,Kuliner,5,"Masakan menu nyaa enak2.
Tapi nasi liwet nya kalau bisa di tambahin lagi porsi nya. Nasi liwet untuk 4 orang cuma cukup untuk 2 orang 😅",2026-02-12T01:42:48.494Z,Abdullah 2025,113465614835338982311,False,0,id,2026-05-04T16:20:02.059502
Ci9DQUlRQUNvZENodHljRjlvT21JMlJuQjNiR3hxYUdwRlN6bHljVzFUTW5kRGNWRRAB,ChIJBz-1Jv4gby4R1tvEyOA4T_Y,Pondok Durian Sinapeul Titin - Heri/ Pondok Liwet Sinapeul,Majalengka,Kuliner,2,"Hari ini mampir kesana pertama kali atas rekomendasi teman.
ambil 2 jenis, 1 yang 75 rb dan 100rb

ketika cek yang 75 rb oke, tapi yang 100 rb karena setengahnya busuk jadi deal hanya 40rb.

setelah selesai makan dan bayar, kasir konfirmasi ke abangnya dan dy bilang yang yang diskon yang 75 rb jadi yang full price malah yang 100rb.

wong dari rasanya pun lebih enak yang cuma setengah isinya.

jadi better abis milih langsung bayar dlu daripada debat",2026-01-24T11:49:18.155Z,Muhammad Rizaldi,111389769326722037851,True,0,id,2026-05-04T16:20:02.059518
Ci9DQUlRQUNvZENodHljRjlvT2pSMFZUQjJRWGRPWjFGMU1qRlVTVXBHVDFaZlFVRRAB,ChIJBz-1Jv4gby4R1tvEyOA4T_Y,Pondok Durian Sinapeul Titin - Heri/ Pondok Liwet Sinapeul,Majalengka,Kuliner,5,"Tempatnya bagus, enak buat makan duren sambil santai..
Kalau ga manis bisa langsung di tuker.. pilih sampai dapat yg manis. Jos",2026-01-18T14:41:51.017Z,Indra Jatnika,103828273899958380945,True,0,id,2026-05-04T16:20:02.059526
Ci9DQUlRQUNvZENodHljRjlvT205cFJVOVhhR1pNUkc1Q2MxaFVVbGhWTUZjNVIyYxAB,ChIJBz-1Jv4gby4R1tvEyOA4T_Y,Pondok Durian Sinapeul Titin - Heri/ Pondok Liwet Sinapeul,Majalengka,Kuliner,1,"Bapak Bapak penjual duren galaaak banget, tidak ramah saat kita coba duren. Bukannya menawarkan malah Ngomel2 ketika kita bilang durennya tidak manis. Nyebelinnnnnnnnnnn. Kapok Datang kesini",2026-01-09T08:47:13.601Z,Astriati Baso Rasulun,110894537799543475361,False,0,id,2026-05-04T16:20:02.059536
Ci9DQUlRQUNvZENodHljRjlvT21sMU0xRkRWWGt6WVRabldtWmlTVlJOZVV0M00wRRAB,ChIJBz-1Jv4gby4R1tvEyOA4T_Y,Pondok Durian Sinapeul Titin - Heri/ Pondok Liwet Sinapeul,Majalengka,Kuliner,1,"Duren nya mahal, 1 buah 100rb, durian nya suntikan pula jd rasa nya ga enak",2026-01-03T05:56:48.434Z,Bagus Hadiansyah,110362464864992633419,True,0,id,2026-05-04T16:20:02.059544
Ci9DQUlRQUNvZENodHljRjlvT2w5a0xXUlZkbEJqZFVOeGNtaHNZbEZNUjBVeVUyYxAB,ChIJBz-1Jv4gby4R1tvEyOA4T_Y,Pondok Durian Sinapeul Titin - Heri/ Pondok Liwet Sinapeul,Majalengka,Kuliner,5,"Datang ke sini saat liburan sekolah.
Ada durian lokal dan makanan dengan harga terjangkau. Ada saungnya adem, cocok buat acara keluarga.
Kurang jalan aksesnya saja 100 meter terakhir sempit, ngepas 1 mobil.",2026-01-01T03:24:51.228Z,Ajat Sudrajat,103260080866813719834,False,0,id,2026-05-04T16:20:02.059552
Ci9DQUlRQUNvZENodHljRjlvT21NMVRFcHVkbDgyZVRObE56VjNjR1pNU1Rad1NIYxAB,ChIJBz-1Jv4gby4R1tvEyOA4T_Y,Pondok Durian Sinapeul Titin - Heri/ Pondok Liwet Sinapeul,Majalengka,Kuliner,1,"Pelayanan buruk
Lama 1jam lebih nunggu makanan",2025-12-27T08:20:21.220Z,Nana Nafahudin,105799877770730357204,False,0,id,2026-05-04T16:20:02.059562
Ci9DQUlRQUNvZENodHljRjlvT2xVMVQzVjFWR0pKUVdvMFMxOHpUQzFOT1VoU1dHYxAB,ChIJBz-1Jv4gby4R1tvEyOA4T_Y,Pondok Durian Sinapeul Titin - Heri/ Pondok Liwet Sinapeul,Majalengka,Kuliner,1,Penjualnya jutek skali dan marah2,2025-12-27T07:32:50.771Z,augsy lanson,109913352089734794939,False,0,id,2026-05-04T16:20:02.059570
Ci9DQUlRQUNvZENodHljRjlvT2s0NVpHSkxTRlpQVjNCUlVWTm1XbkJpYVhJeE9GRRAB,ChIJBz-1Jv4gby4R1tvEyOA4T_Y,Pondok Durian Sinapeul Titin - Heri/ Pondok Liwet Sinapeul,Majalengka,Kuliner,5,"Menyenangkan dan enak makanannya, tp mohon makanannya diberi penutup, karena lalatnya banyak bgt dan gede2🙏🏻",2025-12-27T04:38:32.390Z,Drg Irma Nurfitriani,116709776730163088097,False,0,id,2026-05-04T16:20:02.059578
Ci9DQUlRQUNvZENodHljRjlvT2twS2NVbzVNalYxTkdReU16SnViVVIwUmpKV2JYYxAB,ChIJBz-1Jv4gby4R1tvEyOA4T_Y,Pondok Durian Sinapeul Titin - Heri/ Pondok Liwet Sinapeul,Majalengka,Kuliner,5,mantap duriannya...  ada nasi liwetan juga dan masakannya enak.. wajib coba,2025-12-22T23:48:46.946Z,ita 002,104305572830731457053,True,0,id,2026-05-04T16:20:02.059586
ChZDSUhNMG9nS0VJQ0FnSUNPNzVEWWZ3EAE,ChIJse4OIUUvby4RpHBe6KA1APU,Warung Mimi Prasmanan Masakan Sunda,Majalengka,Kuliner,5,"Tempatnya bersih dan luas,makanannya enak murah lagi,pelayanannya memuaskan",2022-06-23T09:28:23.288Z,EMBU MKH,101086694318279344481,True,0,id,2026-05-04T16:20:02.059615
ChdDSUhNMG9nS0VJQ0FnSUNPOWUtZTBnRRAB,ChIJse4OIUUvby4RpHBe6KA1APU,Warung Mimi Prasmanan Masakan Sunda,Majalengka,Kuliner,5,Ke majalengka wajib mampir kesini,2022-06-16T08:33:43.500Z,Teguh Imam Santoso,118271643947842824745,True,0,id,2026-05-04T16:20:02.059624
ChdDSUhNMG9nS0VJQ0FnSUNPNHBLNHJBRRAB,ChIJse4OIUUvby4RpHBe6KA1APU,Warung Mimi Prasmanan Masakan Sunda,Majalengka,Kuliner,5,rolade nya enak 😁,2022-06-05T16:22:32.933Z,Rumput Tetangga,111953507309811383769,True,0,id,2026-05-04T16:20:02.059638
ChdDSUhNMG9nS0VJQ0FnSUQyM0xMZ253RRAB,ChIJse4OIUUvby4RpHBe6KA1APU,Warung Mimi Prasmanan Masakan Sunda,Majalengka,Kuliner,1,Taste wasn't good enough,2022-05-09T04:11:17.946Z,acev gendoet,118397395787194642176,True,0,en,2026-05-04T16:20:02.059655
ChdDSUhNMG9nS0VJQ0FnSURXazlfdHFBRRAB,ChIJse4OIUUvby4RpHBe6KA1APU,Warung Mimi Prasmanan Masakan Sunda,Majalengka,Kuliner,5,Murah dan lengkap. Ikan bakarnya recomended,2022-04-03T08:47:46.778Z,rahmat Saleh,117362795742070774627,False,0,id,2026-05-04T16:20:02.059669
ChZDSUhNMG9nS0VJQ0FnSUR5aGJ5OGZREAE,ChIJwx-qa6kvby4R8oi1GslHRmg,TERAS A3,Majalengka,Kuliner,5,Mantap👍...tempat nya asyik harga murah makanan nya Maknyuss,2021-03-13T13:47:29.547Z,Iwa Agung permana,102018292470136300033,True,0,id,2026-05-04T16:20:02.059709
ChdDSUhNMG9nS0VJQ0FnSUR5Nlk3U3BBRRAB,ChIJwx-qa6kvby4R8oi1GslHRmg,TERAS A3,Majalengka,Kuliner,3,Semoga tambah kumplit ajj menu nya ya,2021-03-12T13:17:47.773Z,Siti Salmiah,109113565214907680956,True,0,id,2026-05-04T16:20:02.059717
ChZDSUhNMG9nS0VJQ0FnSUR5NUlPbkNBEAE,ChIJwx-qa6kvby4R8oi1GslHRmg,TERAS A3,Majalengka,Kuliner,5,Boleh lah meskipun ga lengkap dan bahkan ada yg ga buka beberapa,2021-02-25T06:41:48.801Z,DERIN ALDANEVA MAS,104782337366145693927,True,0,id,2026-05-04T16:20:02.059727
ChZDSUhNMG9nS0VJQ0FnSUR5LUx6NkhREAE,ChIJwx-qa6kvby4R8oi1GslHRmg,TERAS A3,Majalengka,Kuliner,3,Makanan y cukup enak,2021-02-23T23:45:55.993Z,Yaya Cahya,101001800011706979748,True,0,id,2026-05-04T16:20:02.059734
ChdDSUhNMG9nS0VJQ0FnSUR5b0pENGtBRRAB,ChIJwx-qa6kvby4R8oi1GslHRmg,TERAS A3,Majalengka,Kuliner,4,"Bersih, enak kuliner, ada wifi dan musik",2021-02-20T03:59:16.997Z,Erwin Dewata,110072632194516266081,True,0,id,2026-05-04T16:20:02.059748
ChdDSUhNMG9nS0VJQ0FnSUN5XzQyUXdBRRAB,ChIJwx-qa6kvby4R8oi1GslHRmg,TERAS A3,Majalengka,Kuliner,3,"Harga reasonable, makanan OK punya, suasana nyaman di hati, recommended",2021-02-19T13:22:58.574Z,Farida Hidayat,113385229105221201175,True,0,id,2026-05-04T16:20:02.059756
Ci9DQUlRQUNvZENodHljRjlvT25sQ1FXSjZZVEp1U20xM1ZGQkpZWEJNZFZacWEzYxAB,ChIJuzfWRUMvby4RPZU_GhUni8c,Seblak Ceker Naga,Majalengka,Kuliner,5,MIE SOBEK FAV EMIW⭐️‼️,2026-04-23T13:16:44.397Z,Prichie Salsabilla,105866097527297833862,False,0,id,2026-05-04T16:20:02.059780
Ci9DQUlRQUNvZENodHljRjlvT2xWT1dtcFRURE5QV21ONFEySXRNV3BRVldSeWFYYxAB,ChIJuzfWRUMvby4RPZU_GhUni8c,Seblak Ceker Naga,Majalengka,Kuliner,5,Salah satu kedai seblak favorit ku ❤️‍🔥😋,2026-04-16T06:25:45.607Z,upil lipu,111986797557120685592,False,0,id,2026-05-04T16:20:02.059794
Ci9DQUlRQUNvZENodHljRjlvT2pOemVsOUdURVZmWWsxRE9YTlVNRlpsVlRZeWRrRRAB,ChIJuzfWRUMvby4RPZU_GhUni8c,Seblak Ceker Naga,Majalengka,Kuliner,5,"Datang pas pertengahan Syawal sekitar jam 10 pagi, masih sepi. Ternyata lokasinya sudah pindah ke seberang Outlet yang dulu. Udah lama nggak makan seblak Katumbiri, dan masih mantap, telur nya nelur banget ada sayapnya juga ukuran lumayan besar, enak. Untuk mie sobek rasanya biasa aja, kurang gurih menurutku. Pangsit rebus isi ayamnya juga standar. Pelayanannya ramah dan baik.",2026-04-07T07:23:01.105Z,Hamdan Nurachid,113389350361660805613,True,0,id,2026-05-04T16:20:02.059804
Ci9DQUlRQUNvZENodHljRjlvT2xOMlJFUTNNa3hwTWt0NlNIVTVkamRqYjJVM1dIYxAB,ChIJuzfWRUMvby4RPZU_GhUni8c,Seblak Ceker Naga,Majalengka,Kuliner,5,Seblak legend enak,2025-12-22T00:52:52.438Z,Cintia cey,114078136872863171816,False,0,id,2026-05-04T16:20:02.059819
ChZDSUhNMG9nS0VJQ0FnSURCOWJxWU53EAE,ChIJuzfWRUMvby4RPZU_GhUni8c,Seblak Ceker Naga,Majalengka,Kuliner,5,"Isinya banyak, kenyang banget, harga sesuai 👍🏻 andalan seblak majalengka. Yg rasanya paling pas gak banyak mecin",2025-07-02T11:54:59.241Z,Lisa Afifah,109073043145814604102,True,0,id,2026-05-04T16:20:02.059848
ChZDSUhNMG9nS0VJQ0FnTUNneEwyWkVREAE,ChIJuzfWRUMvby4RPZU_GhUni8c,Seblak Ceker Naga,Majalengka,Kuliner,5,"Pelayanan nya cepat
Tempatnya juga nyaman",2025-02-14T07:23:21.061Z,Silfi Sopiatul Maola,102108923262417970629,False,0,id,2026-05-04T16:20:02.059917
ChZDSUhNMG9nS0VJQ0FnTUNneE8yZFV3EAE,ChIJuzfWRUMvby4RPZU_GhUni8c,Seblak Ceker Naga,Majalengka,Kuliner,5,"seblak ceker nagaa pelayanan cepatt walaupun sedang rame, banyak menunya ada bakmi dan seblakk dan menurut saya yang paling enak disini yaitu menu seblak cenghar",2025-02-14T07:20:47.433Z,divabeta Silvia,106446807262308067582,False,0,id,2026-05-04T16:20:02.059926
Ci9DQUlRQUNvZENodHljRjlvT2tWWVZIRjNaMkpHYWtOcFExbGhWVFZoWm1wWGNXYxAB,ChIJBz-1Jv4gby4R1tvEyOA4T_Y,Pondok Durian Sinapeul Titin - Heri/ Pondok Liwet Sinapeul,Majalengka,Kuliner,5,Tempatnya nyaman dan makanannya enak nasi liwet nya,2025-12-04T08:08:26.463Z,muha rani,115036219932484198365,False,0,id,2026-05-04T16:20:02.059935
Ci9DQUlRQUNvZENodHljRjlvT21SVlIydzRjMVpYZGpCR1NqaHhTVE5VWVU1a2EwRRAB,ChIJBz-1Jv4gby4R1tvEyOA4T_Y,Pondok Durian Sinapeul Titin - Heri/ Pondok Liwet Sinapeul,Majalengka,Kuliner,5,Durian dan makan siang,2025-11-03T08:10:14.153Z,Amin Kudus,115026402376925277035,True,0,id,2026-05-04T16:20:02.059951
Ci9DQUlRQUNvZENodHljRjlvT2toSVNDMUxYMHc0VXpsM1MzVm1ZbE55VlRWQlVsRRAB,ChIJBz-1Jv4gby4R1tvEyOA4T_Y,Pondok Durian Sinapeul Titin - Heri/ Pondok Liwet Sinapeul,Majalengka,Kuliner,5,Bagus tempatnya. Bnyk tempat buat anak bermain tp kolam ikan terapinya kotor bgt lumutan airnya butek ikannya sampe ga keliatan.,2025-10-20T18:19:07.385Z,Gilang Putra,112026889795934412772,True,0,id,2026-05-04T16:20:02.059966
ChdDSUhNMG9nS0VJQ0FnSUNaeWFmY3NBRRAB,ChIJBz-1Jv4gby4R1tvEyOA4T_Y,Pondok Durian Sinapeul Titin - Heri/ Pondok Liwet Sinapeul,Majalengka,Kuliner,5,"Tempatnya nyaman luas, masakannya enak dan memberikan nuansa pedesaan yang berbeda dengan tempat lainnya.

Rumah Makan Durian Sinapeul Ibu Titin - Heri adalah surga bagi para pencinta durian. Terletak di daerah Sinapeul, tempat ini menyajikan berbagai olahan durian dengan cita rasa autentik dan manis yang legit. Duriannya segar, langsung dari kebun, dan diolah dengan tangan ahli. Selain itu, tempatnya nyaman dan bersih, cocok untuk bersantai sambil menikmati hidangan.",2025-09-14T03:52:52.812Z,IDEASTUDIO CIREBON,106837076066631816226,True,0,id,2026-05-04T16:20:02.059987
Ci9DQUlRQUNvZENodHljRjlvT2tOc0xVeHZlVmx4Vm5CTlJUbHpNM1ZKV1hONmJHYxAB,ChIJBz-1Jv4gby4R1tvEyOA4T_Y,Pondok Durian Sinapeul Titin - Heri/ Pondok Liwet Sinapeul,Majalengka,Kuliner,5,Tempat itu nyaman banget dan ada kolam renang buat anak-anak Haganya murah,2025-06-17T12:07:42.284Z,Joejo iteem,106883962529552633200,True,0,id,2026-05-04T16:20:02.060019
ChZDSUhNMG9nS0VOclhxcldsNl9LLUFnEAE,ChIJBz-1Jv4gby4R1tvEyOA4T_Y,Pondok Durian Sinapeul Titin - Heri/ Pondok Liwet Sinapeul,Majalengka,Kuliner,5,"Pelayanan oke
Tempat oke
Fasilitas oke",2025-06-07T07:32:46.405Z,Tiara Monica Tiara,109056086393586215904,False,0,id,2026-05-04T16:20:02.060027
ChdDSUhNMG9nS0VPYnpnWUhFZ3JtaDF3RRAB,ChIJBz-1Jv4gby4R1tvEyOA4T_Y,Pondok Durian Sinapeul Titin - Heri/ Pondok Liwet Sinapeul,Majalengka,Kuliner,5,Tempatnya nyaman & adem,2025-06-01T03:10:13.071Z,Asep Hermawan,101433180965983600342,True,0,id,2026-05-04T16:20:02.060034
ChdDSUhNMG9nS0VKX1pnX2V6bnA3THRRRRAB,ChIJBz-1Jv4gby4R1tvEyOA4T_Y,Pondok Durian Sinapeul Titin - Heri/ Pondok Liwet Sinapeul,Majalengka,Kuliner,2,"Ih kasirnya kaya ga butuh duit judes pisan, mana pas beli duriannya mahal kualitasnya jeleeeeek😭 se nyesel itu",2025-05-05T23:53:30.098Z,Nida Rezkia,116478189962891664137,True,0,id,2026-05-04T16:20:02.060042
ChdDSUhNMG9nS0VJQ0FnTUNZc3BlTTZ3RRAB,ChIJBz-1Jv4gby4R1tvEyOA4T_Y,Pondok Durian Sinapeul Titin - Heri/ Pondok Liwet Sinapeul,Majalengka,Kuliner,5,mantap alhamdulillah duriannya wuenak pol bergaransi di cobain sebelum dbeli kalau ngga manis bisa di tuker bisa banget yang milihnya req ke a endang😍,2025-05-03T04:19:43.568Z,Naraal Naraal,114522525429938999838,False,0,id,2026-05-04T16:20:02.060050
ChdDSUhNMG9nS0VJQ0FnSURRcDRuZjhBRRAB,ChIJBz-1Jv4gby4R1tvEyOA4T_Y,Pondok Durian Sinapeul Titin - Heri/ Pondok Liwet Sinapeul,Majalengka,Kuliner,5,"Terimakasih sekali atas kunjungan nya, mohon maaf dengan segala kekurangan 🙏🙏🙏🙏😍😍",2025-04-10T02:41:30.959Z,Heri Saptanto,101860787425995860052,False,2,id,2026-05-04T16:20:02.060058
ChZDSUhNMG9nS0VJQ0FnTUNJZ2NqSWNBEAE,ChIJBz-1Jv4gby4R1tvEyOA4T_Y,Pondok Durian Sinapeul Titin - Heri/ Pondok Liwet Sinapeul,Majalengka,Kuliner,1,"Kami baru saja mencoba makanan nasi liwetnya disini, mungkin masih dengan suasana lebaran jadi masih rame (tapi ya setidaknya RM sebesar itu harus menyediakan menu yang banyak biar ketika konsumen membeludak tidak mengecewakan) tapi kami sudah terlanjur sangat sangat kecewa, kami ke tempat saat hujan besar nyampe tempat langsung pesan duluan juga, kata kasir atau karyawan yang mencatat pesanan bilang ""bu gapapa nunggu 30menitan lagi untuk nasi liwetnya"" it's oke saya jawab gapapa ya kali ke tempat sini hujan2an mau bilang ga mau nunggu dan hal hasil nunggu lebih dari 30menit.

Kemudian ada sekitaran 1jam lebih pelayan datang katanya atas nama ML nasi liwetnya belum matang katanya diganti nasi biasa aja ta kata pelayannya, lalu kami iya kan saja karena sudah nunggu lama ya kali ga jadi ya kan?🥲
Dan setelah diganti nasi biasa (nasi putih ya, bukan nasi liwet karena kami awal pesan itu nasi liwet) nasi nya yang datang ga hanget malahan dingin nasinya udah gitu nasi nya keras (kesannya kaya nasi lebihan gitu), udah gitu bawa anak kecil tau sendirian anak kecil kalau dikasih nasi keras itu ga mau makan🥲 niat hati kesitu nyenengin anak2 ga tau nya bikin kapok.
Padahal tempat sebelah kami yang baru aja ganti orang mereka dapatnya nasi liwet lo kaya ga adil banget gitu😬

Pokoknya kami sangat sangat kecewa sama RM ini, kami udah ambil menu paketan nasi liwet tapi diganti nasi putih ga ada kortingan tetap dihitungnya paket nasi liwet buset dah, di komplen langsung ga digubris (iya tau orang jualan nyari untung, tapi ya jangan bikin kapok konsumen juga) ga tau itu yang di kasir karyawan atau yang punyanya (tolong diperbaiki lagi).

Untuk karyawan dan kasirnya minimal terapin 4S (senyum, sapa, sopan, santun) kalau kinerja kalian tetap kaya gitu pelanggan bakalan kapok.

Semoga ulasan ini dibaca sama yang punyanya ya biar diperbaiki lagi terimakasih🙏",2025-04-02T13:00:53.497Z,Zulfah Iskhayanah,115657410250153014914,False,0,id,2026-05-04T16:20:02.060079
ChZDSUhNMG9nS0VJQ0FnTURBN0x2V0h3EAE,ChIJuzfWRUMvby4RPZU_GhUni8c,Seblak Ceker Naga,Majalengka,Kuliner,5,"Seblak nya mantapp👍, pilihan menu nya banyak. Harga bersahabatTempat Nyaa juga nyaman.",2025-02-07T13:18:52.319Z,Rahma Hendriyani,103007046031081690277,False,0,id,2026-05-04T16:20:02.060120
ChZDSUhNMG9nS0VJQ0FnTURBN05PbVpBEAE,ChIJuzfWRUMvby4RPZU_GhUni8c,Seblak Ceker Naga,Majalengka,Kuliner,4,"Seblaknya enaak pelayanannya juga ramah, ini rekomen buat yang belum coba gas coba",2025-02-07T13:15:53.233Z,Rio Erlangga,114697007624835793737,False,0,id,2026-05-04T16:20:02.060133
ChdDSUhNMG9nS0VJQ0FnTURBeUpxYmlBRRAB,ChIJuzfWRUMvby4RPZU_GhUni8c,Seblak Ceker Naga,Majalengka,Kuliner,5,Terimakasih atas pelayanan yang sangat ramah. meskipun sudah jam mau tutup masih tetep bisa di take away.,2025-02-06T14:42:45.919Z,Madli Gaming,107749298847071275597,False,0,id,2026-05-04T16:20:02.060146
ChdDSUhNMG9nS0VJQ0FnSURmeGJLWW5nRRAB,ChIJuzfWRUMvby4RPZU_GhUni8c,Seblak Ceker Naga,Majalengka,Kuliner,4,"overall menunya enak enak bangett ga ada yang fail, pelayanan juga overall such a good service, tempatnya enak luas cuman agak gerah T__T (sarannya bolehh laa tambahin fasilitas AC biar cust juga nyaman dan adem hehe)",2025-01-08T13:09:24.141Z,Aulia Galih Ramadhani,102412871054040752855,False,0,id,2026-05-04T16:20:02.060188
ChdDSUhNMG9nS0VJQ0FnSUR2cU1tRm5nRRAB,ChIJuzfWRUMvby4RPZU_GhUni8c,Seblak Ceker Naga,Majalengka,Kuliner,1,Dunia perojolan kecewa.. orderan 1 porsi aja lamanya minta ampun.,2024-12-17T06:07:40.285Z,robin alivanversi,102549916577942324414,False,0,id,2026-05-04T16:20:02.060220
ChdDSUhNMG9nS0VJQ0FnSUMzOUtDeWpBRRAB,ChIJuzfWRUMvby4RPZU_GhUni8c,Seblak Ceker Naga,Majalengka,Kuliner,1,Nunggu makanan 1 porsi 42 menitttttt,2024-11-03T08:58:42.153Z,Kw Film,105089244481016941686,False,0,id,2026-05-04T16:20:02.060255
ChdDSUhNMG9nS0VJQ0FnSURucWJyc2hnRRAB,ChIJuzfWRUMvby4RPZU_GhUni8c,Seblak Ceker Naga,Majalengka,Kuliner,5,"Tempatnya cukup nyaman , makanan cocok sesuai dengan lidah saya
Harga relatif
Menu yang saya pesan Seblak katumbiri best banget rasanya ditambah sayap ayam yang cukup besar dengan harga Rp 16.000 worth it menurut saya ,minuman milky strawberry nya pun seger .ditambah cemilan cireng kuah seblak",2024-10-07T09:08:02.160Z,Sofyan Sanjaya,106968560368993233123,True,0,id,2026-05-04T16:20:02.060264
ChZDSUhNMG9nS0VJQ0FnSURuX0lYWWJREAE,ChIJuzfWRUMvby4RPZU_GhUni8c,Seblak Ceker Naga,Majalengka,Kuliner,5,"Salah satu Seblak yang punya ciri khas rasanya sendiri. Masih suka jajan kesini, udah langganan dari jaman kuliah. Favorit aku seblak cenghar sama Nasi gilanya okee.",2024-10-04T08:58:25.296Z,Dewi Siti Patimah,111202930416085962952,True,0,id,2026-05-04T16:20:02.060280
ChZDSUhNMG9nS0VJQ0FnTURnN0w2Rk5nEAE,ChIJBz-1Jv4gby4R1tvEyOA4T_Y,Pondok Durian Sinapeul Titin - Heri/ Pondok Liwet Sinapeul,Majalengka,Kuliner,2,"Pengalaman disini yg tukang kupas duriannya jutek, kasirnya jutek, makanan ikan guramenya kurang fresh. Cukup tau aja",2025-02-23T03:20:31.191Z,Devi Sri melani,116383561394337885352,False,0,id,2026-05-04T16:20:02.060302
ChdDSUhNMG9nS0VJQ0FnTUNnMm9XYmxRRRAB,ChIJBz-1Jv4gby4R1tvEyOA4T_Y,Pondok Durian Sinapeul Titin - Heri/ Pondok Liwet Sinapeul,Majalengka,Kuliner,1,Mending beli duren di pinggir jalan,2025-02-16T08:59:07.650Z,Putra Punggur,105871722299980349602,False,0,id,2026-05-04T16:20:02.060310
ChdDSUhNMG9nS0VJQ0FnTUNBeU5fby1RRRAB,ChIJBz-1Jv4gby4R1tvEyOA4T_Y,Pondok Durian Sinapeul Titin - Heri/ Pondok Liwet Sinapeul,Majalengka,Kuliner,4,"Lokasinya agak masuk lagi dari jalan utama. Tempatnya luasss, banyak tempat duduk dan lesehannya, tapi agak susah untuk parkirnya. Harga durian lumayan variatif. Untuk nasi liwetnya lumayan agak lama penyajiannya.",2025-01-29T06:58:49.217Z,Tia Fajar,114596692563874598079,True,0,id,2026-05-04T16:20:02.060325
ChZDSUhNMG9nS0VJQ0FnSURfNjQtMkx3EAE,ChIJBz-1Jv4gby4R1tvEyOA4T_Y,Pondok Durian Sinapeul Titin - Heri/ Pondok Liwet Sinapeul,Majalengka,Kuliner,1,"Tadi nya mw makan disini tp gk jadi soal nya KASIR nya JUTEK bgt, auto gak mood balik kanan n psen 2 duren aj trus pulang lagi.
Padahal kita kesini udah yg ke 3x nya, pengalaman 2x mah sangat memuaskan. Kalo skrg ZONK BGT!!!",2025-01-27T08:12:48.413Z,Dewi Susilawati,101000423295795015447,False,0,id,2026-05-04T16:20:02.060333
ChZDSUhNMG9nS0VJQ0FnSURfeThlM0FnEAE,ChIJBz-1Jv4gby4R1tvEyOA4T_Y,Pondok Durian Sinapeul Titin - Heri/ Pondok Liwet Sinapeul,Majalengka,Kuliner,5,"sangat recommended. makanan nasi liwet dan lauk2nya sangat enak, khas masakan sunda.

durian nya juga manis dan legit, tadi dapat yg isi buah nya sedikit tapi dikasih lebihan free sama yg jual nya.

terima kasih",2025-01-27T05:09:08.754Z,Fahmi Abdillah,111322086808680566714,True,0,id,2026-05-04T16:20:02.060341
ChZDSUhNMG9nS0VJQ0FnSURfZy1MVWRBEAE,ChIJBz-1Jv4gby4R1tvEyOA4T_Y,Pondok Durian Sinapeul Titin - Heri/ Pondok Liwet Sinapeul,Majalengka,Kuliner,1,4 kli berkunjung 2x terakhir mengecewakan . .,2025-01-26T14:52:17.496Z,H. Nusanto,108860871286683996904,True,0,id,2026-05-04T16:20:02.060353
ChdDSUhNMG9nS0VJQ0FnSURfdFktaW5BRRAB,ChIJBz-1Jv4gby4R1tvEyOA4T_Y,Pondok Durian Sinapeul Titin - Heri/ Pondok Liwet Sinapeul,Majalengka,Kuliner,5,"Bagus tempatnya, bersihh.. Ada patung duren buat foto juga kereeen..Banyak makanan lain juga, buka jam 9 ya.. Kesini jam 8 blm buka,",2025-01-26T01:01:16.048Z,Muhamad Ariansyah,106276812432103765369,True,0,id,2026-05-04T16:20:02.060361
ChdDSUhNMG9nS0VJQ0FnSUNfel9ic2tRRRAB,ChIJBz-1Jv4gby4R1tvEyOA4T_Y,Pondok Durian Sinapeul Titin - Heri/ Pondok Liwet Sinapeul,Majalengka,Kuliner,2,"Yg milihin dan ngupas durian busett jutek amat bang, nasi liwet nya terjangkau",2025-01-20T02:36:30.182Z,Kali Gane,102787111258097973268,True,0,id,2026-05-04T16:20:02.060369
ChdDSUhNMG9nS0VJQ0FnSUNfNnZuc3ZBRRAB,ChIJBz-1Jv4gby4R1tvEyOA4T_Y,Pondok Durian Sinapeul Titin - Heri/ Pondok Liwet Sinapeul,Majalengka,Kuliner,2,"Kami baru saja mencoba tempat makan yang terkenal dengan durian dan nasi liwet, namun pengalaman kami sangat mengecewakan. Rasa durian yang kami coba jauh dari harapan. Meskipun dijanjikan oleh pelayan tukang kupas durian bahwa durian yang dijual memiliki garansi manis, kenyataannya durian yang kami coba rasanya jauh dari kata enak dan nikmat. Kami bahkan mencoba dua kali durian, tetapi keduanya tidak memuaskan sama sekali. Kami datang jauh-jauh dari Indramayu untuk mencoba durian manis, namun yang kami dapatkan justru durian yang rasanya biasa dan tidak menggugah selera.

Selain masalah rasa, pelayanan juga menjadi masalah besar. Tukang kupas durian sangat tidak ramah dan terkesan cuek. Ketika kami mencoba menawar harga, dia hanya memberikan jawaban yang sangat tidak menyenangkan dan terkesan tidak peduli. Padahal, kami datang sebagai pelanggan yang ingin membeli durian. Pelayanan seperti ini tentu sangat mengecewakan dan mengurangi kenyamanan kami.

Untuk masalah kebersihan, meskipun tempat ini cukup besar, kami menemukan banyak semut dan lalat di sekitar area makan, yang sangat mengganggu. Toilet dan masjid memang cukup bersih, namun kebersihan tempat makan dan area sekitar sangat perlu diperbaiki.

Secara keseluruhan, kami sangat kecewa dengan pengalaman ini. Meskipun tempat ini terkenal dengan durian, kami tidak mendapatkan kualitas yang sesuai dengan ekspektasi kami, baik dari segi rasa, pelayanan, maupun kebersihan. Semoga pihak pengelola bisa lebih memperhatikan kualitas durian yang dijual dan juga pelayanan pelanggan yang jauh lebih ramah dan profesional.",2025-01-15T04:56:34.943Z,HERRY HERMAWAN,104020830565259201811,True,2,id,2026-05-04T16:20:02.060381
ChdDSUhNMG9nS0VJQ0FnSUNfdEk2ZW9nRRAB,ChIJBz-1Jv4gby4R1tvEyOA4T_Y,Pondok Durian Sinapeul Titin - Heri/ Pondok Liwet Sinapeul,Majalengka,Kuliner,1,"Makanannya kurang sesuai sama apa yg di pesen, pesennya apa datengnya apa :(",2025-01-13T09:14:10.239Z,Muhammad Hisyam Ashshaumi,105028087141941376172,True,0,id,2026-05-04T16:20:02.060391
ChZDSUhNMG9nS0VJQ0FnSUNmMzkyaGZBEAE,ChIJBz-1Jv4gby4R1tvEyOA4T_Y,Pondok Durian Sinapeul Titin - Heri/ Pondok Liwet Sinapeul,Majalengka,Kuliner,5,"Tempat makan durian, Nasi liwet dengan nuansa wisata terbaik di Majalengka. Tidak hanya sekedar makan, konsep wisata kulinernya menyenangkan, natural, alam yang asri, dilengkapi dengan area bermain  anak, gedung pertemuan untuk meeting, kolam ikan, kolam renang, dan tentu dilengkapi dengan free wifi. Sangat rekomended untuk liburan keluarga dan juga tour wisata....",2025-01-03T02:12:20.854Z,Tommy Hartono,101953729912929649341,False,0,id,2026-05-04T16:20:02.060399
ChdDSUhNMG9nS0VJQ0FnSUNyOUwyZGdBRRAB,ChIJuzfWRUMvby4RPZU_GhUni8c,Seblak Ceker Naga,Majalengka,Kuliner,5,Seblak enak di rasa walaupun ya harga lebih mahal dari seblak lainnya,2024-07-04T14:03:35.564Z,Muhammad Iqbal Rhamdhani,116840451719475367552,True,0,id,2026-05-04T16:20:02.060465
Ci9DQUlRQUNvZENodHljRjlvT25CM00yWTNkalkyVjJWc1MzVm9OR2RmTFhoTmJtYxAB,ChIJP4OThzIoby4Rtmf7QPBLO4g,Bakso Panjul - Majalengka,Majalengka,Kuliner,1,"Kesel saya , padahal saya udh chat melalui WhatsApp buka apa tutup , di jawab buka ,pas saya datang ternyata tutup udh jauh jauh, coba kalau bilang tutup jadi saya tidak datang",2026-04-04T03:38:55.369Z,juwita star puspamelati,102468035385556706091,False,0,id,2026-05-04T16:20:02.060513
Ci9DQUlRQUNvZENodHljRjlvT2kwMFVGZFZOemhEVEhGTmIxbHlUUzE1YjI4MFlWRRAB,ChIJP4OThzIoby4Rtmf7QPBLO4g,Bakso Panjul - Majalengka,Majalengka,Kuliner,2,"enak cuman pelayanan nya lama sekali,saya ke sana nunggu makanan dateng sampe 1 jam,malah di duluin yg baru dateng,uda di komplain baru dateng.",2026-03-22T15:56:20.047Z,Sulistia,103794824542769519997,False,0,id,2026-05-04T16:20:02.060529
Ci9DQUlRQUNvZENodHljRjlvT213MGVFdDZNa0k0Um1JMFlXeFBja3g2VWpCblJtYxAB,ChIJP4OThzIoby4Rtmf7QPBLO4g,Bakso Panjul - Majalengka,Majalengka,Kuliner,1,"Maaf ya bukan mau mematikan rezeki orang. Saya excited mau makan di situ eh malah di buat kecewa duluan. Saya nunggu 3 jam lebih, konfirmasi hampir 10 kali ke masnya. Nanyain pesanan saya mana, ko yang baru dateng udah saya belum.. masnya cuma bilang lagi di bikin. Dan pelayanan amat sangat tidak ramah. sampe saya konfir cancel pun masnya tidak ada rasa bersalahnya sama sekali. Minum doang juga datengnya sejam setelah saya konfirmasi ke mas yang di belakang. Oke laa mas yang di belakang pada baik. Yang di depan kaya ga niat kerjaaa. Kata gua lo kalo g tau cara layanin pelanggan kaga usah kerja! Tidur aja di ruma. Kalo ada bintang 0 saya kasi 0 deh. Kita udah kelaperan, konfirmasi berulang kali karna merasa tidak adil. Yang dateng belakangan udah pada dapet bahkan udah pada selesai makan sementara kita bolak balik konfirmasi dengan jawaban yang sama ""lagi di bikin sabar ya"". Baca di penilaian katanya enak. Tapi percuma enak kalo ga becus layanin pelanggan!",2026-03-22T15:35:24.526Z,HALWA ANISA,110273307873618954183,False,0,id,2026-05-04T16:20:02.060540
Ci9DQUlRQUNvZENodHljRjlvT2s5Sk9FNHpWa3MzYm5kVVVqZENSRE5SVUZGcFowRRAB,ChIJP4OThzIoby4Rtmf7QPBLO4g,Bakso Panjul - Majalengka,Majalengka,Kuliner,1,kalo ada bintang 0 saya kasih bintang 0. pelayanan LELETTTT BANGET tunggu hampir 3 jam makanan ga dateng” pas konfirmasi ternyata habis tp g ada konfir ke sy stlh sy tunggu 3 jam. GAK WORTH IT,2026-03-22T07:23:44.447Z,Nsywa Kusuma,117221607651107840730,False,0,id,2026-05-04T16:20:02.060549
Ci9DQUlRQUNvZENodHljRjlvT2tkcGRFWmZPV3gxZFVZMWQwMUhiWGRwWTFsQ1puYxAB,ChIJP4OThzIoby4Rtmf7QPBLO4g,Bakso Panjul - Majalengka,Majalengka,Kuliner,1,pelayanan lama!!,2026-03-22T07:05:32.444Z,Rinda Rs,102502166133715271079,False,0,id,2026-05-04T16:20:02.060557
Ci9DQUlRQUNvZENodHljRjlvT25wTmFFSkVXbDlrUWt4c2FHSTBZMGxwUlZsNk5rRRAB,ChIJP4OThzIoby4Rtmf7QPBLO4g,Bakso Panjul - Majalengka,Majalengka,Kuliner,1,"lama bngt pelayanan nya, makan udh habis dluann.. minum blm dtg"" 😹",2026-03-21T06:11:57.142Z,arsenesk,116262230760362169569,False,0,id,2026-05-04T16:20:02.060565
Ci9DQUlRQUNvZENodHljRjlvT2pKVFZXcENPRnBRYkVreWRTMU9NVW81TlRKNWFtYxAB,ChIJP4OThzIoby4Rtmf7QPBLO4g,Bakso Panjul - Majalengka,Majalengka,Kuliner,5,Enak baksonya tempat duduknya luas. Ada wc,2026-02-26T15:38:52.581Z,Daily lili,107565025676034262975,False,0,id,2026-05-04T16:20:02.060580
Ci9DQUlRQUNvZENodHljRjlvT2pOWWMwWm9NWHBGUVVKZmFHRkJPVWRrWmxwWlIxRRAB,ChIJP4OThzIoby4Rtmf7QPBLO4g,Bakso Panjul - Majalengka,Majalengka,Kuliner,4,"Ini cabang baru di majalengka kota jadi bisa nyobain pas mudik, sayangnya kuahnya kemarin dingin mungkin klo mie dan sayurnya diseduh dulu nikmat...",2026-01-22T02:09:42.179Z,Sriharyati Mahisa,102309360021958557943,False,0,id,2026-05-04T16:20:02.060601
Ci9DQUlRQUNvZENodHljRjlvT21ocVRraGFNMUpPWm5SbE5qVkZla2R3TlVsSU1GRRAB,ChIJP4OThzIoby4Rtmf7QPBLO4g,Bakso Panjul - Majalengka,Majalengka,Kuliner,5,"Menunya bwanyaaakkkk sampe pusing milih menunya. Rasanya lumayan. Harga variatif. Mushola ada, toilet ada, indoor outdoor ada.",2026-01-05T10:53:04.314Z,Rima,110122392527547863156,True,0,id,2026-05-04T16:20:02.060609
Ci9DQUlRQUNvZENodHljRjlvT2xWUldWb3RWMjFsZEU5blgwMUJZelJvV0dwVmVVRRAB,ChIJP4OThzIoby4Rtmf7QPBLO4g,Bakso Panjul - Majalengka,Majalengka,Kuliner,3,Rasa B saja sih....cuma karena viral pernah dikunjungi beberapa food vloger,2026-01-01T05:17:39.925Z,Dedi Rosmaya,104992326167017226428,True,1,id,2026-05-04T16:20:02.060616
Ci9DQUlRQUNvZENodHljRjlvT20xUFZsb3RibU5tZDBkQmVFNWFWbkpNZG1SSGMxRRAB,ChIJP4OThzIoby4Rtmf7QPBLO4g,Bakso Panjul - Majalengka,Majalengka,Kuliner,4,banyak varian basonya jadi bisa memilih,2025-12-10T10:56:09.792Z,Aljauzi Channel,103076279296241368698,True,0,id,2026-05-04T16:20:02.060625
Ci9DQUlRQUNvZENodHljRjlvT2poblIzZGhUekF4Y1d4cFdXWlhSMmd5WjJoeFQzYxAB,ChIJP4OThzIoby4Rtmf7QPBLO4g,Bakso Panjul - Majalengka,Majalengka,Kuliner,1,Pelayanan lama tak rekomendasikan untuk yang kurang sabar,2025-11-30T04:56:02.396Z,Prety Sinta,100252807516036606824,False,0,id,2026-05-04T16:20:02.060633
Ci9DQUlRQUNvZENodHljRjlvT21GdFh6VkpiUzFZTVZsclJFNWxRVGRGWHpKd2ExRRAB,ChIJjY_oxV4vby4RiXKDcN4T3wM,Nasi Lengko Hj. Kanti,Majalengka,Kuliner,5,"Lengko legend di Majalengka, rasanya khas sekali",2026-04-17T10:53:49.439Z,Aljauzi Channel,103076279296241368698,True,0,id,2026-05-04T16:20:02.060664
Ci9DQUlRQUNvZENodHljRjlvT2pKSWNXeE5WSG80V1RKclZFWklURE54VFd0T1VFRRAB,ChIJjY_oxV4vby4RiXKDcN4T3wM,Nasi Lengko Hj. Kanti,Majalengka,Kuliner,5,"Makanan rasana enak, porsinya banyak. Ibu penjualnya ramah. Makan ber empat total 100rb.

Buat yang liburan, silahkan mampir ke sini. Patut dicoba untuk sarapan",2026-04-04T09:33:34.296Z,Shita,116444934818169034003,True,0,id,2026-05-04T16:20:02.060682
Ci9DQUlRQUNvZENodHljRjlvT2tWZk5YTnRWVkZVYUhKcGVraG1MVkUwVFRGYVJXYxAB,ChIJjY_oxV4vby4RiXKDcN4T3wM,Nasi Lengko Hj. Kanti,Majalengka,Kuliner,5,Selalu beli setiap kemajalengka,2026-01-13T12:00:23.569Z,Lingga Egi Manika,117072348192141159511,True,0,id,2026-05-04T16:20:02.060705
Ci9DQUlRQUNvZENodHljRjlvT25aemNreFNSMFZSUTJ4Nk5tdDVSbXh5V0dwMWVsRRAB,ChIJjY_oxV4vby4RiXKDcN4T3wM,Nasi Lengko Hj. Kanti,Majalengka,Kuliner,4,"Lengko legendaris dari Majalengka
Top mantap rasanya",2025-07-08T08:10:56.482Z,MURNIAWAN DANYON,116435849630652323041,True,0,id,2026-05-04T16:20:02.060747
ChZDSUhNMG9nS0VMYlFsYzY1dHNhY1BBEAE,ChIJjY_oxV4vby4RiXKDcN4T3wM,Nasi Lengko Hj. Kanti,Majalengka,Kuliner,5,Kemahalan .terlalu banyak kecap manis,2025-05-25T04:11:25.913Z,Dedi Supriyadi,117755541893495253387,False,0,id,2026-05-04T16:20:02.060769
ChZDSUhNMG9nS0VJQ0FnSUNaeHI3TlFnEAE,ChIJjY_oxV4vby4RiXKDcN4T3wM,Nasi Lengko Hj. Kanti,Majalengka,Kuliner,5,"Rasa oke, harga ramah",2025-02-09T15:56:26.829Z,Bagus M,109355043247484171120,True,0,id,2026-05-04T16:20:02.060798
ChZDSUhNMG9nS0VJQ0FnSURtX3F1blZnEAE,ChIJP4OThzIoby4Rtmf7QPBLO4g,Bakso Panjul - Majalengka,Majalengka,Kuliner,3,I waited too long for only one bowl of meatball. It's about 1 hour and I still long waiting. But the taste is good.,2025-11-11T22:18:00.261Z,Barack Shader,100170697573487085063,False,0,en,2026-05-04T16:20:02.060821
Ci9DQUlRQUNvZENodHljRjlvT2xKUFRXUlJXbEZ5U1Y4MlExZGxZalJ5TWxreE5uYxAB,ChIJP4OThzIoby4Rtmf7QPBLO4g,Bakso Panjul - Majalengka,Majalengka,Kuliner,2,Lumayan suasana rame tp cocok buat yg berkasih 🤭,2025-10-13T00:15:15.662Z,Deni maulana,117455885476397682607,True,0,id,2026-05-04T16:20:02.060848
Ci9DQUlRQUNvZENodHljRjlvT2tWMFdWVndaakZrTTNvd1FXVkllRkZvVG1sd1dIYxAB,ChIJP4OThzIoby4Rtmf7QPBLO4g,Bakso Panjul - Majalengka,Majalengka,Kuliner,5,Mantap bakso dan pelayanan,2025-10-06T05:36:32.061Z,Rachmat Gmail,112584771929727584730,True,0,id,2026-05-04T16:20:02.060863
Ci9DQUlRQUNvZENodHljRjlvT2xCZmN6VmhSa3d3ZW5KQ1FraG9lR0YzVEUxNloyYxAB,ChIJP4OThzIoby4Rtmf7QPBLO4g,Bakso Panjul - Majalengka,Majalengka,Kuliner,4,"Rekomendasi bagi para pecinta bakso, dijamin mantul",2025-07-15T13:10:07.155Z,M ganda,113473883599391058955,False,0,id,2026-05-04T16:20:02.060920
Ci9DQUlRQUNvZENodHljRjlvT2pKc1lsaHVlVEJxVkdSTE9HOVFZMFZQVG5Ca05VRRAB,ChIJP4OThzIoby4Rtmf7QPBLO4g,Bakso Panjul - Majalengka,Majalengka,Kuliner,5,"Baso terkenal di majalengka.. Rasa baso nya enak..
Banyak banget pilihan menu baso nya..
Pelayanan sangat cepat...",2025-07-06T06:49:37.707Z,rizki anugrah,100780673535208191454,True,0,id,2026-05-04T16:20:02.060936
Ci9DQUlRQUNvZENodHljRjlvT2xWVU4yZ3haRlprYmpoNGVHTlBMV3g2WnpoV1VVRRAB,ChIJP4OThzIoby4Rtmf7QPBLO4g,Bakso Panjul - Majalengka,Majalengka,Kuliner,5,Mantap jos gandos,2025-07-05T14:16:44.175Z,Eugenia Genevieve 7C,114492377395933045487,True,0,id,2026-05-04T16:20:02.060945
ChdDSUhNMG9nS0VQbURfWlhpaEpHeG5nRRAB,ChIJP4OThzIoby4Rtmf7QPBLO4g,Bakso Panjul - Majalengka,Majalengka,Kuliner,5,Pelayanan gerak cepat,2025-06-12T07:16:03.016Z,Iman Sugiman,113594073229588544888,False,0,id,2026-05-04T16:20:02.060960
ChdDSUhNMG9nS0VJQ0FnSUNQdWItTXZ3RRAB,ChIJjY_oxV4vby4RiXKDcN4T3wM,Nasi Lengko Hj. Kanti,Majalengka,Kuliner,1,"minggu kemarin beli, yang layani ibu muda bukan yang agak gendut, pas beli si ibu lagi ngitung uang 5000 an agak banyak buat kembalian pembeli lain, nah stlah ngembaliin pembeli lain ni si ibu tidak cuci tangan melayani pesanan saya, sy protes dikit dong, eh ni si ibu tetap melanjutkan ngambil nasi,bonteng, tempe pake tangan bekas uang, sama sekali tdk perduli dng kebersihan ni si ibu, datang ke rumah lengkonya saya buang krna khawatir banyak bakteri dari uang tsb, sangat disayangkan ni pelayanannya mulai tdk menjaga kebersihan, sayang sy tdk bawa hp buat ft si ibu nya, maaf ini buat kritik membangun warung nya ya bu.",2024-11-26T05:10:47.068Z,firdaus hariman,102807469594291165488,False,0,id,2026-05-04T16:20:02.061001
ChdDSUhNMG9nS0VJQ0FnSUNQOW9tMHlnRRAB,ChIJjY_oxV4vby4RiXKDcN4T3wM,Nasi Lengko Hj. Kanti,Majalengka,Kuliner,5,Lengko terenak yg pernah aku coba 🤣,2024-11-24T08:48:19.073Z,Mira TL,109045319032264610225,True,0,id,2026-05-04T16:20:02.061010
ChZDSUhNMG9nS0VJQ0FnSUQzME1xVGV3EAE,ChIJjY_oxV4vby4RiXKDcN4T3wM,Nasi Lengko Hj. Kanti,Majalengka,Kuliner,4,Nasi lengkonya enak,2024-11-11T09:48:38.160Z,Endin Rohendi,107311583448746744717,True,0,id,2026-05-04T16:20:02.061018
ChZDSUhNMG9nS0VJQ0FnSUNqdXU3OEZnEAE,ChIJjY_oxV4vby4RiXKDcN4T3wM,Nasi Lengko Hj. Kanti,Majalengka,Kuliner,1,"Bukan nasi lengko, nasi kecap, ga pake bumbu lengko, cuma disiram kecap, rasanya B aja, harga sangat tidak rasional, jorok banget bikinin minuman sambil bersin², trus pas lagi makan juga dehem² berdahak terus jadi jijik ga jadi makan...sangat tidak rekomended. Klo tadi ada makanan yg cuma dimakan dikit ga habis dn es teh manis yg masi utuh itu tadi saya karena jijik sma yg jual...",2024-04-20T14:06:59.418Z,Tyo Dafirenze,101520776637901167609,True,1,id,2026-05-04T16:20:02.061312
ChdDSUhNMG9nS0VJQ0FnSUNqeU5lTDdRRRAB,ChIJjY_oxV4vby4RiXKDcN4T3wM,Nasi Lengko Hj. Kanti,Majalengka,Kuliner,5,"A modest yet very delicious dish made from  mix of rice, tofu, tempeh, chips and a dash of local sweet soy sauce.
You can add any toppings you like, I recommend their sunny side up, sauteed vermicelli and fried chicken.",2024-04-17T09:38:25.768Z,dhamar pramudhito,100760172489865867063,True,0,en,2026-05-04T16:20:02.061326
ChdDSUhNMG9nS0VJQ0FnSUNqb1AySXpRRRAB,ChIJjY_oxV4vby4RiXKDcN4T3wM,Nasi Lengko Hj. Kanti,Majalengka,Kuliner,4,Paling enak lengko + tertelan nya..,2024-04-16T17:15:59.433Z,mochamad baasith,110449777520264260328,True,0,id,2026-05-04T16:20:02.061337
ChZDSUhNMG9nS0VKenNpWnZUMWJEMmVnEAE,ChIJP4OThzIoby4Rtmf7QPBLO4g,Bakso Panjul - Majalengka,Majalengka,Kuliner,5,Basonya enakkkk dan unik-unik pastinya. Tempatnya nyaman banget. Pelayanannya okee. Terimakasih bakso Panjul!!! ☺️☺️,2025-05-20T13:51:29.796Z,Nuraini U,103967330302896332055,False,0,id,2026-05-04T16:20:02.061355
ChdDSUhNMG9nS0VJQ0FnSURjcl9EOWlnRRAB,ChIJP4OThzIoby4Rtmf7QPBLO4g,Bakso Panjul - Majalengka,Majalengka,Kuliner,5,"Manchap... Yang dari rumahnya belum sarapan, dijamin kenyang paten....",2025-04-27T12:59:24.066Z,Agung Fachruddiyanto,108461005936265815158,True,0,id,2026-05-04T16:20:02.061389
ChdDSUhNMG9nS0VJQ0FnTUNJM3RmUjJBRRAB,ChIJP4OThzIoby4Rtmf7QPBLO4g,Bakso Panjul - Majalengka,Majalengka,Kuliner,3,"Terlalu lama menunggu pesanan dan suasa pengap kita mau minta reservasi buat 20 orang lebih via telepon tapi pembicaraan belum selesai sudah di tutup langsung ( ga sopan  ) saat kita komplen langsung mereka jawab sinyal susah masa sih susah live on wifi jaringan bagus , kebetulan pesanan saya dan suami baso kecilnya asem yg lainnya oke lebih di perhatikan dan lebih di perbaiki kedepannya ya",2025-04-02T08:34:10.673Z,Mawarti Syawaltian,100264439097689244989,True,0,id,2026-05-04T16:20:02.061420
ChdDSUhNMG9nS0VJQ0FnTUNJZ29TV2tBRRAB,ChIJP4OThzIoby4Rtmf7QPBLO4g,Bakso Panjul - Majalengka,Majalengka,Kuliner,1,"Rame sih rame tolong utamakan yang duluan memesan
Percuma ditulis pesanan permeja tapi yang didahulukan malah yang baru nyampe
Saya malah udah nunggu 1jam disuruh terus nunggu masih d bikin",2025-03-31T10:34:50.578Z,Sipaling Data,117228648388939943066,False,0,id,2026-05-04T16:20:02.061429
ChdDSUhNMG9nS0VJQ0FnSUR2eFpqeTZRRRAB,ChIJP4OThzIoby4Rtmf7QPBLO4g,Bakso Panjul - Majalengka,Majalengka,Kuliner,5,"Nyaman , tersedia toilet dan mushola ..
Tempat luas cocok buat bawa anak",2025-03-15T13:34:59.290Z,Dini Antika,100196231525426103175,False,0,id,2026-05-04T16:20:02.061444
ChdDSUhNMG9nS0VJQ0FnSUQ5bnFUSTRBRRAB,ChIJjY_oxV4vby4RiXKDcN4T3wM,Nasi Lengko Hj. Kanti,Majalengka,Kuliner,5,"Makanan enak dan layanannya pun cepat, hanya saja tempatnya kurang luas",2024-03-17T03:23:27.748Z,Syarif D_BoA,113639836020838353098,False,0,id,2026-05-04T16:20:02.061454
ChZDSUhNMG9nS0VJQ0FnSUM5ekxqQ1R3EAE,ChIJjY_oxV4vby4RiXKDcN4T3wM,Nasi Lengko Hj. Kanti,Majalengka,Kuliner,4,Di Majalengka cukup enak,2024-03-03T14:05:49.721Z,Dedi Jayusman,111481302373997194993,True,0,id,2026-05-04T16:20:02.061469
ChZDSUhNMG9nS0VJQ0FnSUQxcnFYTEpBEAE,ChIJjY_oxV4vby4RiXKDcN4T3wM,Nasi Lengko Hj. Kanti,Majalengka,Kuliner,5,"Coba nasi lengko Majalengka
Lokasi di pinggir jalan
Akses parkir mobil tidak ada jadi berhenti di bahu jalan
Takeaway
Nasi lengko tambah telor ceplok ati ampela sayur
Porsinya banyak ada saus kecap dan sambal, ada sayur timun pedas manis
27ribu rasanya enak
Alternatif sarapan dikota ini buka dari pagi
Penjualnya ramah
Nextime coba makan ditempatnya yang terlihat sederhana, rapih dan bersih",2024-01-07T06:25:33.771Z,Dilla,117653281507724494167,True,0,id,2026-05-04T16:20:02.061492
ChdDSUhNMG9nS0VJQ0FnSUMxc0s3Zl93RRAB,ChIJjY_oxV4vby4RiXKDcN4T3wM,Nasi Lengko Hj. Kanti,Majalengka,Kuliner,4,"Lengko legend di Majalengka,... wajib coba, menu tambahan bisa milih telor, daging, ati ampela...",2023-12-21T02:16:05.277Z,TEDDY MAULANA H.S,104132937578176846300,True,0,id,2026-05-04T16:20:02.061500
ChdDSUhNMG9nS0VJQ0FnSURGbDRid3ZRRRAB,ChIJjY_oxV4vby4RiXKDcN4T3wM,Nasi Lengko Hj. Kanti,Majalengka,Kuliner,5,"Pembelian 2 x di sini... Jujur pas pertama kali kaget dengan harga 150 ribuan untuk 3 orang.. Tapi ternyata harga nya sesuai dengan ukuran porsi nya.

Pembelian ke 2 dibungkus beli 4 bungkus dapet 153 ribu harga nya. Dengan kerupuk kentang ama opak becak

Perlu manajemen parkir untuk yang bermobil",2023-11-11T05:21:16.430Z,Muhammad Reyhan Emirel Ardh (Emirel),118264619637091444560,True,0,id,2026-05-04T16:20:02.061508
ChZDSUhNMG9nS0VJQ0FnSUNGLWFMZ1pREAE,ChIJjY_oxV4vby4RiXKDcN4T3wM,Nasi Lengko Hj. Kanti,Majalengka,Kuliner,5,"beli disini karena penasaran, lengko di Majalengka kota cuma ada disini kah? ternyata rasanya cukup enak ya, porsinya juga 'meujeuh' untuk harganya yang segitu.",2023-10-29T14:48:13.857Z,Ikrima Inayatulloh,104816560721449544605,True,0,id,2026-05-04T16:20:02.061519
Ci9DQUlRQUNvZENodHljRjlvT21JNWIwVTRjRVZsZW14NlMwZHpjRWRmTmt4SlNrRRAB,ChIJHYqjilgvby4RqqmcZ8PTuN4,Baso Mas Amin,Majalengka,Kuliner,2,"Baksonya lumayan enak,suasananya agak sumpek dan layanannya kurang.pesen minum,Minumannya engga sampe² akhirnya dibatalin,malah yg di duluin yg baru pesen.Pelayanannya mengecewakan...",2026-03-22T11:01:11.289Z,opett zz,108912912462134402921,False,0,id,2026-05-04T16:20:02.061549
Ci9DQUlRQUNvZENodHljRjlvT21ObU9HdFdUbmhxVW1aT1pGOVlhR281VFhkamQwRRAB,ChIJHYqjilgvby4RqqmcZ8PTuN4,Baso Mas Amin,Majalengka,Kuliner,1,Pelayanan nya nggak banget kapok ga bakal kesini lagi,2025-12-09T04:22:31.124Z,Cen Sinda,113529027089017632036,False,0,id,2026-05-04T16:20:02.061564
ChZDSUhNMG9nS0VJQ0FnTURva3RuTklBEAE,ChIJHYqjilgvby4RqqmcZ8PTuN4,Baso Mas Amin,Majalengka,Kuliner,5,"Bakso nya enak, kuah nya segar, tempat nya nyaman, kalian harus coba kalo ke majalengka..",2025-04-23T10:23:55.916Z,mugiat moko,100103906786479130984,True,0,id,2026-05-04T16:20:02.061581
ChZDSUhNMG9nS0VJQ0FnTUNJcW9tWVFnEAE,ChIJHYqjilgvby4RqqmcZ8PTuN4,Baso Mas Amin,Majalengka,Kuliner,5,Baksonya mantap tempat nyaman,2025-04-01T04:02:31.946Z,Rudin Mulyantoro,115085065928792332004,False,0,id,2026-05-04T16:20:02.061591
ChZDSUhNMG9nS0VJQ0FnTUNJX0xDRFh3EAE,ChIJHYqjilgvby4RqqmcZ8PTuN4,Baso Mas Amin,Majalengka,Kuliner,1,Cabang andir pelayanannya kaya pembeli gak punya uang. Buruk sekali,2025-03-31T08:40:28.820Z,Cofid arvisco,110475125485756134290,False,0,id,2026-05-04T16:20:02.061599
ChZDSUhNMG9nS0VJQ0FnTUR3LU1hdFRnEAE,ChIJHYqjilgvby4RqqmcZ8PTuN4,Baso Mas Amin,Majalengka,Kuliner,1,Nunggu lama malah gak dibuatin dri sblm buka pas di tanyain disuruh nulis ulang gimna si pelayanan nya,2025-03-23T11:34:10.423Z,Mu ayah,108798116149607480330,False,0,id,2026-05-04T16:20:02.061611
ChdDSUhNMG9nS0VJQ0FnSURyem95THlnRRAB,ChIJHYqjilgvby4RqqmcZ8PTuN4,Baso Mas Amin,Majalengka,Kuliner,1,"Bakso nya enak tapi sangat disayangkan dengan pelayanan karyawan nya (-) sekali attitude, masa belum beres makan sudah seperti yang ngusir segala di tutup padahal belum jam 9 malam, abis keluar malah ada 1 karyawan yang lempar sampah dari dalam hampir mengenai muka saya. Sangat disayangkan baso yg katanya legend tapi mempunyai karyawan yang bad attitude. 👎,  semoga kedepannya bisa di evaluasi ketika ada pelanggan atau konsumen minimal taro muka senyum dan ramah.",2024-07-17T14:43:27.592Z,Sep Dan,115651987489011719589,False,1,id,2026-05-04T16:20:02.061635
ChZDSUhNMG9nS0VJQ0FnSURUMWN2NldREAE,ChIJHYqjilgvby4RqqmcZ8PTuN4,Baso Mas Amin,Majalengka,Kuliner,5,"Langganan bakso dari jaman baheula

Makin banyak varian bakso nya, bahkan sekarang ada tetelan dan tulang/balungannya

Rasa kuahnya sedikit berubah, tapi tetep enak
Pelayanan garcep, tempatnya makin nyaman upgrade nya cakep lahh

Untuk kisaran harga relatif, dapet baso tulang penuh daging huaa mantapp",2024-05-26T12:12:12.806Z,Narsh Bee,113637388163111706560,True,0,id,2026-05-04T16:20:02.061644
ChZDSUhNMG9nS0VJQ0FnSURUaE5haUVnEAE,ChIJHYqjilgvby4RqqmcZ8PTuN4,Baso Mas Amin,Majalengka,Kuliner,5,Rekomen banget dechh,2024-05-22T13:19:08.237Z,Lina Herlina,109977493338992369257,False,0,id,2026-05-04T16:20:02.061655
ChdDSUhNMG9nS0VJQ0FnSUNqOVlQcnR3RRAB,ChIJHYqjilgvby4RqqmcZ8PTuN4,Baso Mas Amin,Majalengka,Kuliner,5,Tambah nyaman beli bakso mas amin. Baksonya gurih pelem,2024-04-24T11:21:39.584Z,Wildan Rizkani Fatah,116749278647141883019,False,0,id,2026-05-04T16:20:02.061664
ChZDSUhNMG9nS0VJQ0FnSUNqOVlQMFR3EAE,ChIJHYqjilgvby4RqqmcZ8PTuN4,Baso Mas Amin,Majalengka,Kuliner,3,"Tempatnya lebih nyaman, aku suka batagornya hmm enak kerasa ikannya",2024-04-24T11:21:07.770Z,Abi wildan talaga,102174377799421387295,True,0,id,2026-05-04T16:20:02.061673
ChZDSUhNMG9nS0VJQ0FnSUNqb04zSkhnEAE,ChIJHYqjilgvby4RqqmcZ8PTuN4,Baso Mas Amin,Majalengka,Kuliner,4,Bakso nya mantap 👍,2024-04-16T17:14:44.458Z,mochamad baasith,110449777520264260328,True,0,id,2026-05-04T16:20:02.061680
ChZDSUhNMG9nS0VJQ0FnSUNEa0lPWFNnEAE,ChIJHYqjilgvby4RqqmcZ8PTuN4,Baso Mas Amin,Majalengka,Kuliner,5,"Bakso nya enak, kuah nya syeger, pelayanan cepat, mudah dicari karena di samping jalan raya. Bakso dari saya kecil udh belasan taun tapi rasa nya tetep enak recomended sih. Gk terlalu pricey masih under 20rb dah bisa nyobain bakso seenak iniii. Hanya saja sedikit gerah walaupun tersedia banyak kipas angin, semoga kedepan nya menggunakan AC hehe. Untuk parkir motor sih aman untuk parkir mobil kayanya kurang cocok karena harus dibahu jalan. Kalo kesini better naik motor sih. Overall syuka bgt sama bakso nyaaa, wajib bgt cobainnn🥰🥰",2024-03-23T12:10:35.956Z,Luvi Luthviah,105065444826131863480,True,1,id,2026-05-04T16:20:02.061703
ChZDSUhNMG9nS0VJQ0FnSUMxM0tpSmVREAE,ChIJHYqjilgvby4RqqmcZ8PTuN4,Baso Mas Amin,Majalengka,Kuliner,5,"Salah satu baso rekomended di Majalengka, harga terjangkau, lokasi samping jalan raya.",2023-12-25T05:44:40.992Z,Gunawan Wijaksono,110218112311284037508,True,0,id,2026-05-04T16:20:02.061731
ChdDSUhNMG9nS0VJQ0FnSUMxcFBIQ3VBRRAB,ChIJHYqjilgvby4RqqmcZ8PTuN4,Baso Mas Amin,Majalengka,Kuliner,5,sejuk tempat nya,2023-12-23T04:45:31.127Z,mici,117470090424540251661,False,0,ms,2026-05-04T16:20:02.061740
ChZDSUhNMG9nS0VJQ0FnSUQ2N3VXOVBnEAE,ChIJ975lD0Uvby4R76lC94I6NgU,Ayam Penyet Surabaya Majalengka,Majalengka,Kuliner,1,Menunggu dari tadi belum juga datang lebih 1 jam.....,2026-05-02T04:20:37.209Z,Ismi Comp,106271261039598719163,False,0,id,2026-05-04T16:20:02.061756
Ci9DQUlRQUNvZENodHljRjlvT25Gc1EwcDFXRXhhU1hFMFVWSmxYM2RsVjNZelRFRRAB,ChIJ975lD0Uvby4R76lC94I6NgU,Ayam Penyet Surabaya Majalengka,Majalengka,Kuliner,1,pelayanan nya buruk bnget,2026-05-01T08:28:02.235Z,mohamad rizki arpiana,110537215105109669161,False,0,id,2026-05-04T16:20:02.061769
Ci9DQUlRQUNvZENodHljRjlvT2xsZmMyZHFhVkJyTlVSb2RFTTNaa0V3T0c4NVNWRRAB,ChIJ975lD0Uvby4R76lC94I6NgU,Ayam Penyet Surabaya Majalengka,Majalengka,Kuliner,2,"Pas di kantor sharing kalau menu makan malem hari ini ayam penyet surabaya, terus temen kantor jawab kalo ayamnya kecil dan ga enak, aku ngelawan karena selama makan penyet sby di sumedang selalu enak. Taunya bener aja padahal saya pesen paket lengkap biasa bedanya dibungkus, bukan saya pesen ayam  nasi kotak buat hajatan atau acara yang dibagiin berjam jam kemudian, ini cuma selang beberapa menit dari pesenan pas dibuka di rumah ayamnya emg kecil da broiler, cuman parah bgt dikasih ayam dingin wkwk dikira beli kentucky, ayam dingin bgt berasa ayam yg dimasak dari pagi dan baru dimakan malem, tahunya juga item bgt dan rasanya dingin kayak tahu biasa, ga seenak tahu dan ayam yg aku makan pas di ayam penyet surabaya sumedang. Sumpah pdhl pas di sumedang ayam ini favorit aku dan keluarga, pas pindah ke mjlk dan makan dibungkus cabang sini bener bener mengecewakan banget. Kalo emg dikasih alakadarnya karena harganya juga murah plss jangan gituu, aku sedih makanan favorit aku selama ini, jadi aku benci karena satu momen ga enak ini",2026-04-16T12:58:21.979Z,Nurvita Sina,117941889192961767589,False,0,id,2026-05-04T16:20:02.061788
Ci9DQUlRQUNvZENodHljRjlvT25KYVFucE9OVUpuWmpWTFNURkRUV05yUkVoR01XYxAB,ChIJ975lD0Uvby4R76lC94I6NgU,Ayam Penyet Surabaya Majalengka,Majalengka,Kuliner,5,"Nggorengnya terlalu kering,",2026-04-06T05:34:46.964Z,agus susanto,100009823847549085584,True,0,id,2026-05-04T16:20:02.061811
Ci9DQUlRQUNvZENodHljRjlvT21NNFQwOXJWelpSU2tacFFrTlNlREpMYzNOR1ZGRRAB,ChIJ975lD0Uvby4R76lC94I6NgU,Ayam Penyet Surabaya Majalengka,Majalengka,Kuliner,5,"Tempat pinggir jalan , untuk parkir mobil gak terlalu bnyk ya ini,,
Untuk rasa ayam gorengnya enak bgt mantap deh sambelnya juga pedas, kangkung nya enak juga, harga paketan termasuk murah.",2026-03-25T08:58:00.406Z,Anna Andika,116143985583782149979,True,0,id,2026-05-04T16:20:02.061869
Ci9DQUlRQUNvZENodHljRjlvT25GWWQxOTFUVmhIYUc1WFUwOVRUM2hMU1dGbGFIYxAB,ChIJ975lD0Uvby4R76lC94I6NgU,Ayam Penyet Surabaya Majalengka,Majalengka,Kuliner,4,"Mushola terlampau besar, wc hanya 2. Sampai antri.",2026-03-24T06:40:05.891Z,Rizqi Fakhrurozi,112269773200403071841,True,0,id,2026-05-04T16:20:02.061881
Ci9DQUlRQUNvZENodHljRjlvT2pJeU1URkNiMXBJV0VGbVFtUnpVa3AzV1RCRWFVRRAB,ChIJ975lD0Uvby4R76lC94I6NgU,Ayam Penyet Surabaya Majalengka,Majalengka,Kuliner,5,"Sambalnya enak sukaa,tapi karena rame bgt jadi dibungkus saja tapi rasa ttep sama enaknya mantep pokonya",2026-03-23T15:11:12.710Z,Septian Dyah Pramuditya,106390882738661186948,False,0,id,2026-05-04T16:20:02.061890
Ci9DQUlRQUNvZENodHljRjlvT2pCYWRVNVNkbGRIZURaUVJGSTBVMjFIVW1kc2VGRRAB,ChIJ975lD0Uvby4R76lC94I6NgU,Ayam Penyet Surabaya Majalengka,Majalengka,Kuliner,5,"Ayamnya empuk bgt, cukup cepat penyajian meskipun antri",2026-03-23T14:36:27.699Z,Sonny Andhika,107792182433882874336,True,0,id,2026-05-04T16:20:02.061914
Ci9DQUlRQUNvZENodHljRjlvT2xjeVZqWldaMHhRZUV4dVoxZEpiR2xTZGkxaE1IYxAB,ChIJ975lD0Uvby4R76lC94I6NgU,Ayam Penyet Surabaya Majalengka,Majalengka,Kuliner,1,"Pelayanan nya lama bgt
Hampir 2 jam
Saya pesen nasi nya hangat malah di kasih dingin
Begitu pesenan datang anak saya udah tidak mood utk makan
Buat bapak atau Bu owner tolong tambah karyawan dong biar pelayanan nya cepat sat set .. dari segi menu makan dan minum udh oke lah .. tapi dari pelayanan masih kurang bgt ..
Tolong ya tingkat kan pelayanan biar pelanggan tidak menunggu lama
Saya menunggu hampir 2 jam loh",2026-03-23T14:21:22.732Z,Santi Oktafiya,118304363960593783984,False,0,id,2026-05-04T16:20:02.061923
Ci9DQUlRQUNvZENodHljRjlvT2xsWFUzZElSMlZ4YURoNlR5MHRjRWx0VW5wNFdrRRAB,ChIJ975lD0Uvby4R76lC94I6NgU,Ayam Penyet Surabaya Majalengka,Majalengka,Kuliner,1,Pelayanan yg amatir,2026-03-23T12:13:07.701Z,Azev Maolano,114710207489881425264,False,0,id,2026-05-04T16:20:02.061939
Ci9DQUlRQUNvZENodHljRjlvT21GRlMwOXFVRVl4UlVJM2JEbDBiME5WY3pkdVdGRRAB,ChIJpQqryVwvby4Rwv-uMEX709s,Warung Seblak Suma 214,Majalengka,Kuliner,5,uuwwwaaawww seblak nyaa enak poeell👍👍apalagii seblak ori suir ayamnya juaraa🤤🤤🤤lopee sekebonn🫰🏻🫰🏻,2025-11-01T12:17:42.547Z,syifa safirra,107273829712694506016,False,0,id,2026-05-04T16:20:02.061979
ChdDSUhNMG9nS0VJQ0FnSUNIeFB6aXRBRRAB,ChIJpQqryVwvby4Rwv-uMEX709s,Warung Seblak Suma 214,Majalengka,Kuliner,4,Seblak nya enak pedas manis gak lebay harus nyoba menu terbarunya Ada lumpia basah recommended bangt,2024-09-01T07:07:30.965Z,Herman Saepudin,112600331010579897040,False,0,id,2026-05-04T16:20:02.062001
ChZDSUhNMG9nS0VJQ0FnSUQ3ck1YV0VBEAE,ChIJpQqryVwvby4Rwv-uMEX709s,Warung Seblak Suma 214,Majalengka,Kuliner,5,"Tipikal seblak yang kencur banget, dan lumpia basah nya lebih worth it ketimbang mamang2 seblak di deket alun. Suasana juga lumayan membuat nyaman meski tempatnya agak dukdek, tp tetap bisa menjaga intimasi pembicaraan dengan teman/sahabat/pasamgan",2024-08-22T04:53:57.521Z,Al Thof Dzafif,108917017247424829315,True,0,id,2026-05-04T16:20:02.062009
ChdDSUhNMG9nS0VJQ0FnSUNOdllmLWlBRRAB,ChIJpQqryVwvby4Rwv-uMEX709s,Warung Seblak Suma 214,Majalengka,Kuliner,5,Seblak nya enak pake banget porsi banyak harga sangat ramah di kantong banyak varian menu juga toping nya,2024-07-30T06:34:42.750Z,Dudey Indrady,117052621174787156171,True,0,id,2026-05-04T16:20:02.062019
ChdDSUhNMG9nS0VJQ0FnSUM2X19YeGhRRRAB,ChIJpQqryVwvby4Rwv-uMEX709s,Warung Seblak Suma 214,Majalengka,Kuliner,5,"Pelayanan cepat, makanan relatif murah, rasa ruarrrbiasa",2023-07-27T09:14:38.523Z,Dede Abu Wizdan,105143159535719973326,True,0,id,2026-05-04T16:20:02.062114
ChZDSUhNMG9nS0VJQ0FnSUQ1Z3VDWFRBEAE,ChIJHYqjilgvby4RqqmcZ8PTuN4,Baso Mas Amin,Majalengka,Kuliner,5,"Baksonya enak, gurih,pas ga terlalu lembek atau blm matang..kuahnya enak..
Terbaikkk",2023-10-21T03:24:00.085Z,yoseph haryadi,102712255654700334370,True,2,id,2026-05-04T16:20:02.062144
ChdDSUhNMG9nS0VJQ0FnSURaaXZUQjdBRRAB,ChIJHYqjilgvby4RqqmcZ8PTuN4,Baso Mas Amin,Majalengka,Kuliner,5,Appetizing noodle,2023-09-28T09:23:57.838Z,heru budiono,102627733936679094707,True,0,en,2026-05-04T16:20:02.062154
ChdDSUhNMG9nS0VJQ0FnSUNxby16LWtnRRAB,ChIJHYqjilgvby4RqqmcZ8PTuN4,Baso Mas Amin,Majalengka,Kuliner,5,"Enak, Kaldu Gurih nya terasa, Baksonya tipe yang aku suka bukan yang lembek Tapi garing kenyal, terfavorit bakso double bakso urat Dan bakso isi daging cincang, the bakso so far in majalengka, tapi minusnya cuma 1 parkirnya Susah kalau Bawa motor masih ok, tapi Bawa Mobil ribet parkirnya karena parkir dibahu jalan, jadi saran kalo kesini mendingan naik motor si",2021-06-17T04:11:06.760Z,Lina Agustina,106073328468124539116,False,0,id,2026-05-04T16:20:02.062191
ChZDSUhNMG9nS0VJQ0FnSUNjbmNQTUpnEAE,ChIJHYqjilgvby4RqqmcZ8PTuN4,Baso Mas Amin,Majalengka,Kuliner,5,"Rasa yang khas dan harga yang sepadan dengan rasanya, porsinya juga cukup untuk mengisi perut yang lapar, lokasinya cukup mudah untuk dijangkau dari semua arah, hanya saja tidak cukup luas untuk lahan parkirnya, sampai harus parkir di bahu jalan. Tapi cukup puas saya traveling ke majalengka ini disuguhi baso mas amin,",2020-03-22T10:20:19.334Z,JUNGJANG ARJAWINANGUN,101014658109145348113,True,0,id,2026-05-04T16:20:02.062255
Ci9DQUlRQUNvZENodHljRjlvT2t0S1REQnljbDk0TWxBNGRESlJSMnR2UnpOVWVrRRAB,ChIJ975lD0Uvby4R76lC94I6NgU,Ayam Penyet Surabaya Majalengka,Majalengka,Kuliner,1,"Pelayanan nya ga transparan di awal, di nanti nanti",2026-03-05T15:31:21.460Z,Tiani Suci,103167570730708432953,False,0,id,2026-05-04T16:20:02.062361
Ci9DQUlRQUNvZENodHljRjlvT25FdGIyOVlNMnRZYkdWelZ6QTVVbXBSZGtScldtYxAB,ChIJ975lD0Uvby4R76lC94I6NgU,Ayam Penyet Surabaya Majalengka,Majalengka,Kuliner,5,"Enak, pelayanannya pun oke👍",2026-02-08T15:29:44.577Z,Rian Jamhariani,100643669018237939080,True,0,id,2026-05-04T16:20:02.062389
Ci9DQUlRQUNvZENodHljRjlvT21STlFWcFZSVGN0ZGtwTlMySmxTbnBZTmtSUU9FRRAB,ChIJ975lD0Uvby4R76lC94I6NgU,Ayam Penyet Surabaya Majalengka,Majalengka,Kuliner,4,lumayan enak dan nyaman,2026-01-28T13:11:39.780Z,neng elly alfarizi,103582460809784713896,False,0,id,2026-05-04T16:20:02.062418
Ci9DQUlRQUNvZENodHljRjlvT25CaWJVMXJjRlpvWVdOMVpHRXpjR0pyWkZKemJIYxAB,ChIJ975lD0Uvby4R76lC94I6NgU,Ayam Penyet Surabaya Majalengka,Majalengka,Kuliner,5,"tersedia tempat makan di bawah dan di atas, menyediakan beberapa makanan yang cocok buat makan sama keluarga, sambelnya nagih, sayur kangkungnya enak, tempat parkir lumayan luas, harga juga tergolong masih murah",2026-01-26T10:39:03.764Z,selie selvia,104145128299854502669,True,0,id,2026-05-04T16:20:02.062436
ChdDSUhNMG9nS0VJQ0FnSUQ2ak5mb2dBRRAB,ChIJ975lD0Uvby4R76lC94I6NgU,Ayam Penyet Surabaya Majalengka,Majalengka,Kuliner,5,Pelayanan sangat ramah dan sopan,2026-01-26T01:34:18.814Z,Dede Abu Wizdan,105143159535719973326,True,0,id,2026-05-04T16:20:02.062446
Ci9DQUlRQUNvZENodHljRjlvT2xWNlVsaERSRUZIVG1FMFpESTJkSEZaV2pCUllsRRAB,ChIJ975lD0Uvby4R76lC94I6NgU,Ayam Penyet Surabaya Majalengka,Majalengka,Kuliner,5,"Makan dengan lahap ya disini tempatnya. Untuk seporsi 1 piring nasi, udh lengkap dengan sayur lauknya juga. Kemarin kami pilih pake nasi ayam bakar dan cumi. Untuk paketan ayam boleh ganti dengan nasi uduk. Enak semuanya ga ada yg gagal. Oh ya di dekat sini ada banyak jualan mangga, dan harganya murah kalau pinter nawar",2026-01-21T03:42:05.301Z,Febrina Iryani,109640409599762587923,True,0,id,2026-05-04T16:20:02.062455
ChZDSUhNMG9nS0VJQ0FnSURScHZYaFBnEAE,ChIJpQqryVwvby4Rwv-uMEX709s,Warung Seblak Suma 214,Majalengka,Kuliner,5,Enaaakkk... Cikurnya kerasa banget dan pedesnya sopan. Jadi masih aman dimakan.,2023-04-24T08:59:34.615Z,Risna KZ,100386432272222722347,False,0,id,2026-05-04T16:20:02.062479
ChZDSUhNMG9nS0VJQ0FnSURocV82VGJBEAE,ChIJpQqryVwvby4Rwv-uMEX709s,Warung Seblak Suma 214,Majalengka,Kuliner,5,Seblak nya enak bangetttt😭😭,2023-03-18T02:22:55.337Z,Iyyah Ainun Najwa,105978413672724894207,True,0,id,2026-05-04T16:20:02.062501
ChZDSUhNMG9nS0VJQ0FnSUNCMl8tOVpREAE,ChIJpQqryVwvby4Rwv-uMEX709s,Warung Seblak Suma 214,Majalengka,Kuliner,4,Makanan nya enak tapi tempatnya kurang luas,2023-01-05T10:59:24.086Z,Muhammad Yunus,115742341152380187444,True,0,id,2026-05-04T16:20:02.062530
ChZDSUhNMG9nS0VJQ0FnSUQtM2E2UWV3EAE,ChIJpQqryVwvby4Rwv-uMEX709s,Warung Seblak Suma 214,Majalengka,Kuliner,5,Mantappppppppzzzzz😍,2022-12-07T08:45:47.373Z,Ira Auliah,109513690874682066203,False,0,id,2026-05-04T16:20:02.062546
ChZDSUhNMG9nS0VJQ0FnSUQtM2JURGFBEAE,ChIJpQqryVwvby4Rwv-uMEX709s,Warung Seblak Suma 214,Majalengka,Kuliner,5,"Harga merakyat, rasa konglomerat, porsinya tukang angkat. Varian dan topingnya banyak pilihan.",2022-12-07T07:22:37.461Z,Tien Eka,110291398808059413092,True,0,id,2026-05-04T16:20:02.062554
ChdDSUhNMG9nS0VJQ0FnSUNPLTgtODd3RRAB,ChIJpQqryVwvby4Rwv-uMEX709s,Warung Seblak Suma 214,Majalengka,Kuliner,4,Seblak kwetiau campur best,2022-12-05T06:37:34.706Z,Meti Kusuma Dewi,111652897568976686900,True,0,id,2026-05-04T16:20:02.062562
ChdDSUhNMG9nS0VJQ0FnSUQtdEtHWHBRRRAB,ChIJpQqryVwvby4Rwv-uMEX709s,Warung Seblak Suma 214,Majalengka,Kuliner,5,Seblak mie paling best daaahhh,2022-11-22T14:13:00.046Z,JelLeane Puteri,102388416783977269863,False,0,id,2026-05-04T16:20:02.062580
ChZDSUhNMG9nS0VJQ0FnSUNPMlpTNVRREAE,ChIJpQqryVwvby4Rwv-uMEX709s,Warung Seblak Suma 214,Majalengka,Kuliner,5,Rasa kembali enak,2022-06-14T04:46:33.883Z,IIF IRWANULOH,106570100593089096495,True,0,id,2026-05-04T16:20:02.062614
ChdDSUhNMG9nS0VJQ0FnSUNzbDhlbnhRRRAB,ChIJHYqjilgvby4RqqmcZ8PTuN4,Baso Mas Amin,Majalengka,Kuliner,5,Next......Demi kepuasan pelanggan..tunggu Inovasi terbaru dari kami.....,2020-02-17T04:40:58.447Z,PRY YONO,113449387069462360575,True,1,id,2026-05-04T16:20:02.062638
ChZDSUhNMG9nS0VJQ0FnSUNLMXBpN2VBEAE,ChIJ975lD0Uvby4R76lC94I6NgU,Ayam Penyet Surabaya Majalengka,Majalengka,Kuliner,2,"dari awal ga pernah kecewa kalo makan disini atau take away, tp td siang beli take away 4 paket ayam goreng komplit  kecewa banget.
nasi yg biasanya enak, pulen, wangi ini malah lembek menuju ke basi padahal anget jd kaya nasi sisa.
nasi nya sampe ga ke makan, kita bikin nasi lg.
timun yg bysa nya fresh, kok skg malah kurang fresh, timun yg udh agak coklat dlm nya, malah dimasukin 🤦
padahal td lihat sambil nunggu pesenan nasi yg disajikan bagus, putih, ga lembek tp kok saya beli take away malah dpt nya yg jelek. kecewa banget sumpah !
tolong diperbaiki, jangan dibedakan yg makan ditempat & take away.",2026-01-20T12:28:06.639Z,Fitri Aprilia,114846591637582835193,True,0,id,2026-05-04T16:20:02.062712
Ci9DQUlRQUNvZENodHljRjlvT25RdE9VRnRVSEpOVFROemMxUTVUbFU1U2xoMlpFRRAB,ChIJ975lD0Uvby4R76lC94I6NgU,Ayam Penyet Surabaya Majalengka,Majalengka,Kuliner,5,"Selalu enak, untuk harga yang kisaran 25 ribu...ini paket lengkap khas jatim",2026-01-15T06:47:45.999Z,A.Christy Djoko,116612594489596032775,True,0,id,2026-05-04T16:20:02.062728
Ci9DQUlRQUNvZENodHljRjlvT21WeFEyWnBSSEZLYjFSc2EyeHlNa2RoZUVWTmQxRRAB,ChIJ975lD0Uvby4R76lC94I6NgU,Ayam Penyet Surabaya Majalengka,Majalengka,Kuliner,5,"Buat yang lagi perjalanan malam hari dan butuh istirahat untuk makan, tempat ini rekomen, buka sampai malam",2026-01-09T19:53:11.382Z,Arief Raswanto,103369706389661214293,True,0,id,2026-05-04T16:20:02.062737
Ci9DQUlRQUNvZENodHljRjlvT25sQk5ERlZZMFJuVG5KNVFrWlBiazlyVGxWVmRWRRAB,ChIJ975lD0Uvby4R76lC94I6NgU,Ayam Penyet Surabaya Majalengka,Majalengka,Kuliner,5,"Tmptnya simpel ada area dilarang ngerokok iuga bagi para perokok bisamenempati di lt 1 bagian lt 2 itu khusus yang tidak perokok yang paling paforit disana itu saya suka banget sama sambelnya pedesnya itu sangant nendang, bagi yang suka makan²an pedes terutama nasi sama sambel kalian bisa mampir kesini gk bakalan rugi sambelnya, apalagi nasinya masi anget perpaduan sama sambel lauknya masih panas emang ngedukuk ketika cuaca ujaan² gk ada lawan pokoknya 🤩🤩🤩",2026-01-04T09:09:29.809Z,Jajang Johan,109718047438177674725,True,0,id,2026-05-04T16:20:02.062757
Ci9DQUlRQUNvZENodHljRjlvT25KM1MxRjRORzFKZVZCSlYzUk5jVVoxVVdocVRGRRAB,ChIJ975lD0Uvby4R76lC94I6NgU,Ayam Penyet Surabaya Majalengka,Majalengka,Kuliner,5,"ENAK BANGET, HARGA MAKANANNYA TERJANGKAU BUAT PELAJAR, PELAYANAN RAMAH DAN SANGAT SANGAT BAIKKK!!!🤭🫶
suka takeaway kalo mau les beli disini😋",2025-12-21T00:09:43.951Z,dila,116007564500249475402,False,0,id,2026-05-04T16:20:02.062773
Ci9DQUlRQUNvZENodHljRjlvT21kUVpEQnRTVlEwTWxac2N6QXlZMkpwU0VaTmFHYxAB,ChIJ975lD0Uvby4R76lC94I6NgU,Ayam Penyet Surabaya Majalengka,Majalengka,Kuliner,5,"Makanan nya enak , pelayanan nya cepat , harga murah meriahh🙌🏻🙌🏻🤩🤩",2025-12-20T07:23:09.400Z,Muhammad Fauzan,113480415163048473476,False,0,id,2026-05-04T16:20:02.062789
Ci9DQUlRQUNvZENodHljRjlvT2xoVFZXMVhOREZVTkdWNmRsODBlaTB6TFUxSFMxRRAB,ChIJ975lD0Uvby4R76lC94I6NgU,Ayam Penyet Surabaya Majalengka,Majalengka,Kuliner,5,makanan higenis enak dan tempat nya bersih nyaman,2025-12-13T13:11:23.635Z,Rizki Fajar,103929943604753001708,False,0,id,2026-05-04T16:20:02.062802
Ci9DQUlRQUNvZENodHljRjlvT2tVMVkxVnRabVZMV0hKSlJteExRVFpWYm1WUFMxRRAB,ChIJ975lD0Uvby4R76lC94I6NgU,Ayam Penyet Surabaya Majalengka,Majalengka,Kuliner,4,Harus sedikit bersabar yaaa..klo di jam makan siang nunggu nya lumayan lama,2025-12-06T22:48:20.894Z,ASEP SUGIARTO,100181148370194838236,True,0,id,2026-05-04T16:20:02.062824
ChZDSUhNMG9nS0VJQ0FnSUQycFppc2NREAE,ChIJpQqryVwvby4Rwv-uMEX709s,Warung Seblak Suma 214,Majalengka,Kuliner,5,Rasa lumayan enak.. tempat bersih,2022-05-20T05:36:50.887Z,Tedy Biksend,113616669756803710565,True,0,id,2026-05-04T16:20:02.062849
ChZDSUhNMG9nS0VJQ0FnSUQyNnYtVEJnEAE,ChIJpQqryVwvby4Rwv-uMEX709s,Warung Seblak Suma 214,Majalengka,Kuliner,5,Rasa seblak nya mantap,2022-05-12T05:12:55.806Z,kicau manuk,105144593089003845815,True,0,id,2026-05-04T16:20:02.062859
ChdDSUhNMG9nS0VJQ0FnSUQydEkyRnJnRRAB,ChIJpQqryVwvby4Rwv-uMEX709s,Warung Seblak Suma 214,Majalengka,Kuliner,5,Pas dikantong :),2022-05-07T17:17:36.983Z,agil muhadab,108293837270848475001,False,1,id,2026-05-04T16:20:02.062867
ChdDSUhNMG9nS0VJQ0FnSUNXdzQ2WXp3RRAB,ChIJpQqryVwvby4Rwv-uMEX709s,Warung Seblak Suma 214,Majalengka,Kuliner,5,"Enak, rekomen pokoknya. Tempatnya juga ckup luas",2022-03-05T09:27:32.818Z,Gunawan Wijaksono,110218112311284037508,True,0,id,2026-05-04T16:20:02.062918
Ci9DQUlRQUNvZENodHljRjlvT21GS2NXdHlkR2h0UkZjd1RUTnBUWFo0Y25kamMzYxAB,ChIJZwS5XFkvby4RjoRBHo08jQg,Mie Ayam Mang Toye,Majalengka,Kuliner,5,"Mie ayam langganan istri. Meski beda dengan mie ayam rasa Solo-Semarang, tapi enak juga. Cocok di lidah. Kalau pesen ke sini aku biasanya minta tidak dicampur saos. Karena kalau tanpa bilang otomatis dicampur. Kata istri emang enakan kalau pakai saos. Tapi selera orang emang beda-beda.",2026-04-04T02:15:21.840Z,Radityo Kuswihatmo,105690880320367299682,True,0,id,2026-05-04T16:20:02.062949
Ci9DQUlRQUNvZENodHljRjlvT2tjeFdXczVhMFpYZUdrNFNrOUVOVGhxTjJGUlZGRRAB,ChIJZwS5XFkvby4RjoRBHo08jQg,Mie Ayam Mang Toye,Majalengka,Kuliner,5,"Kembali ke basic dan memori waktu SMP..Rasanya tetap sama, suasananya tetap sama..benar2 legend..semoga bertahan terus karena banyak kenangan di mie ayam ini",2026-01-18T07:59:03.282Z,Bambang D Nugraha,116969124529980363747,True,0,id,2026-05-04T16:20:02.062958
Ci9DQUlRQUNvZENodHljRjlvT2tNNGVEVTVXbVZKZERkelUwNW1ha3g1Y1dsZlZsRRAB,ChIJZwS5XFkvby4RjoRBHo08jQg,Mie Ayam Mang Toye,Majalengka,Kuliner,5,mie ayam legend dengan rasa yang tetap dari zaman dulu,2025-10-13T00:26:41.517Z,Aljauzi Channel,103076279296241368698,True,0,id,2026-05-04T16:20:02.062975
ChZDSUhNMG9nS0VJQ0FnTUNJbzRDVEt3EAE,ChIJZwS5XFkvby4RjoRBHo08jQg,Mie Ayam Mang Toye,Majalengka,Kuliner,3,"Sering lewat sini tapi baru pertama kali nyobain mie ayam yg legend ini🤭
Mie yg kenyal, rasa enak, porsinya pas, 10rb kenyang👍",2025-04-04T09:27:08.199Z,Indah Nurh,113738878453384804699,True,0,id,2026-05-04T16:20:02.062999
ChdDSUhNMG9nS0VJQ0FnTURna2Nxc3dnRRAB,ChIJZwS5XFkvby4RjoRBHo08jQg,Mie Ayam Mang Toye,Majalengka,Kuliner,5,"Mie Ayam Legend Majalengka, Manis Gurih Ngeuuuuunah 🥳",2025-02-25T10:45:32.205Z,Abdul Kustiana,105934886556375436237,True,0,id,2026-05-04T16:20:02.063018
ChdDSUhNMG9nS0VJQ0FnSUMzNEtYRXRRRRAB,ChIJZwS5XFkvby4RjoRBHo08jQg,Mie Ayam Mang Toye,Majalengka,Kuliner,5,"Rasa mie ny enak,masih sama dri semenjak gadis sampe Skrang jdi emak"" anak 3 pun..mantap lah pokok ny",2024-11-01T21:48:40.291Z,Pani Sri Asih,116536816201871899256,False,0,id,2026-05-04T16:20:02.063040
ChdDSUhNMG9nS0VJQ0FnSUN5dHJXeV9nRRAB,ChIJZwS5XFkvby4RjoRBHo08jQg,Mie Ayam Mang Toye,Majalengka,Kuliner,5,Mie Ayam Legend,2024-10-04T00:31:59.366Z,Ade Roedy,118384017039039855302,True,0,id,2026-05-04T16:20:02.063057
ChdDSUhNMG9nS0VJQ0FnSUNieTl6dHJ3RRAB,ChIJZwS5XFkvby4RjoRBHo08jQg,Mie Ayam Mang Toye,Majalengka,Kuliner,5,The best dari jaman dulu,2024-07-29T23:35:21.224Z,176 - Muhammad Fatwa,105087649968717136697,False,0,id,2026-05-04T16:20:02.063073
Ci9DQUlRQUNvZENodHljRjlvT2pKbFMweFlaSEIxTWw5cVRXSnVXa2hCYjBkMFZXYxAB,ChIJZdTgdsApby4RwlQXxfnJVto,Bakso Bandara,Majalengka,Kuliner,1,"apa bngt si pelayanan nya pada jutek bgt judess, apalagi yg cwe pelayan nya sma bapa2 tu asem bngt sebel",2026-04-12T11:45:46.176Z,Laila bhilbina,112141165533806950251,False,0,id,2026-05-04T16:20:02.063114
Ci9DQUlRQUNvZENodHljRjlvT2pKc2IwTnNSRVZxU0dzMmJrTnlSbXRtVVhkb1IxRRAB,ChIJZdTgdsApby4RwlQXxfnJVto,Bakso Bandara,Majalengka,Kuliner,2,"Enakk sih tapi ..
1.Karyawan ibu ibu kecil dia lempar centong bakso didepan dandang nya saat dia melayani pembeli karena dia cekcok dengan mas mas yang bikin mie ayam akhirnya dilanjutin si teteh yang muda . Jujur tolong kerja jaga Marwah tempat kalian bekerja apalagi ada pembeli , kalau ada masalah si ibu ibu ya jangan langsung marah dan meninggalkan pekerjaan gitu aja dong

2.Mas mas yang suka jaga kasir gak banget , dia kayanya pilih pilih pembeli y kalau ke orang2 yg rapih dia ramah banget giliran ke gue karna b aja judes dan ogah ogahan melayani malah gada senyum sama sekali

3.MINUMAN
di menu JERUK MANIS , YANG DATANG JERUK ASEM",2026-04-06T19:29:38.569Z,Nadya Shavia,114157632178163486942,False,0,id,2026-05-04T16:20:02.063133
Ci9DQUlRQUNvZENodHljRjlvT2xKdllVdG5XR3BWTURGT1pHWkRaMGd5U2pKTVJsRRAB,ChIJZdTgdsApby4RwlQXxfnJVto,Bakso Bandara,Majalengka,Kuliner,5,"enak tur murah, kurang nyaman karena pengamen bisa masuk",2026-03-24T07:03:40.051Z,anna maolina,114571887822906469753,True,0,id,2026-05-04T16:20:02.063162
Ci9DQUlRQUNvZENodHljRjlvT25SdVEyWkJUWFZwYTNFd2FXaEdjVXN0VjBoVFZGRRAB,ChIJZdTgdsApby4RwlQXxfnJVto,Bakso Bandara,Majalengka,Kuliner,1,"Maaf ya kk sebelumnya tapi jujur, kalo semisalnya mau tutup jangan nerima pelanggan lagi
1. mana bawa bayi minta tempat lesehan ga bisa ktanya mau tutup pdahal di atas masih ada yg makan
2. Kita tuh beli bukan cuma 1-3 tapi 9 mangkok ttp ga bisa di atas(lesehan) , dan minuman nya kenapa d samain teh anget 9 gelas ini pure bukan sesuai kemauan kita, pdhal kita ada yg minta es teh
3. Makan di buru buru karena mau tutup.
Dengan keluhan di atas apakah kita masih bisa makan baso dan mie ayam dengan nikmat dan tenang?
Kita ituh pembeli yah, tolong di upgrade lagi terutama pelayanan nya yg ramah lagi",2026-03-12T22:34:46.171Z,Fitri Intuisina putri,111046866811442949026,False,0,id,2026-05-04T16:20:02.063192
Ci9DQUlRQUNvZENodHljRjlvT25STVpreEpSSHBWYTB0QlNsVlpNSE5sTUZNeFkxRRAB,ChIJZdTgdsApby4RwlQXxfnJVto,Bakso Bandara,Majalengka,Kuliner,1,"baru datang udah di sambut dengan kejudesan pelayan perempuan yang maaf badan nya agak kecil, dari nanya nulis menu sampe nganterin baksonya bener bener judes bikin gak mood makan, tolong di perbaiki lagi dan tolong di tindak lanjut agar tau bagaimana bersikap ramah kepada pengunjung",2026-03-01T10:51:19.471Z,Jennie Kim,103859096585170179284,False,0,id,2026-05-04T16:20:02.063208
Ci9DQUlRQUNvZENodHljRjlvT21GeGJWUlJTVEZHU2tkT1MzaGpSVTVoU1ZGbWFHYxAB,ChIJZdTgdsApby4RwlQXxfnJVto,Bakso Bandara,Majalengka,Kuliner,5,Terkomplittt🔥🔥🔥🔥🔥,2026-02-12T16:34:45.807Z,Asep Maulana Ramdhan,101098591559425349814,True,0,id,2026-05-04T16:20:02.063220
ChdDSUhNMG9nS0VJQ0FnSUNKZ1p6NGx3RRAB,ChIJZdTgdsApby4RwlQXxfnJVto,Bakso Bandara,Majalengka,Kuliner,1,"Saya masuk dan duduk barengan ada yg rombongan. Nah yg rombongan di catat tuh pesanan nya.
Saya dan anak saya nunggu pelayan buat nyatet pesanan ga ada yg nyamperin 1 pun. Ga ada 1 pun yg nanya kak udh psan blm.
Pdhl saya duduk di bwah bukan d atas lsehan.
Sampe udh nunggu hmpir lama
Malahan yg d belakang saya baru dtg sdh dpt psenan. Akhirnya saya keluar lah sama anak saya ga jdi makan baso.
Pas ada tukang parkir nagih uang parkir saya bilang mas ga jadi ngebaso nya juga gal ada yg layanin.
Masa iya ngebaso kagak hrs byr parkir jg.
Pdhl udh sring jjn disini tp skrg kapok dan kayanya gabakalan jjn dstu lagi males",2026-01-13T13:55:41.316Z,Nenk Trisnawati,113838587300855886410,True,0,id,2026-05-04T16:20:02.063260
ChZDSUhNMG9nS0VJQ0FnSUREX2ZlcmFREAE,ChIJZwS5XFkvby4RjoRBHo08jQg,Mie Ayam Mang Toye,Majalengka,Kuliner,5,Ngeunah euy mie legend na Majalengka 👍👍🤩,2024-04-13T11:25:04.750Z,karinaris 1707,115296687217333058275,True,0,su,2026-05-04T16:20:02.063284
ChdDSUhNMG9nS0VJQ0FnSUNaeXVpZ3lnRRAB,ChIJZwS5XFkvby4RjoRBHo08jQg,Mie Ayam Mang Toye,Majalengka,Kuliner,3,Mie Ayam dg rasa yg khas beda dg yg lain. Harga terjangkau. Lokasi strategis,2023-09-08T05:32:23.763Z,Tedy Budiman,101615172319718737895,True,0,id,2026-05-04T16:20:02.063322
ChdDSUhNMG9nS0VJQ0FnSURwMWRpMDZ3RRAB,ChIJZwS5XFkvby4RjoRBHo08jQg,Mie Ayam Mang Toye,Majalengka,Kuliner,4,Mantap legend sejak jaman SMA,2023-08-26T05:33:09.716Z,Agung imay nugraha,112347498714204846933,True,0,id,2026-05-04T16:20:02.063337
ChdDSUhNMG9nS0VJQ0FnSURwanJuTTFRRRAB,ChIJZwS5XFkvby4RjoRBHo08jQg,Mie Ayam Mang Toye,Majalengka,Kuliner,5,"Langganan mulai dari awal jualan di Gardu Oting (1986?) di sebelah (sekarang) Hotel Noni, sampai pindah dilokasi sekarang. Lebih kepada makanan kenangan karena walau penjual sama tetap ada perubahan pada rasa. Mungkin mengikuti perkembangan selera pembeli yg berubah ubah dalam rentang waktu yang cukup panjang.",2023-08-22T01:41:25.129Z,Andry Ardiansyah,111914471415518224288,True,0,id,2026-05-04T16:20:02.063345
ChdDSUhNMG9nS0VJQ0FnSUN3dHNfMTZ3RRAB,ChIJZwS5XFkvby4RjoRBHo08jQg,Mie Ayam Mang Toye,Majalengka,Kuliner,5,Mie ayam legendaris,2023-07-23T03:46:22.875Z,Tezar Pangestu,102974139719884615292,True,1,id,2026-05-04T16:20:02.063354
ChZDSUhNMG9nS0VJQ0FnSUQtLTVlbU13EAE,ChIJZwS5XFkvby4RjoRBHo08jQg,Mie Ayam Mang Toye,Majalengka,Kuliner,4,Mie ayam mang toye,2022-12-10T22:57:00.208Z,Cecep Ramdani,107895870662018316003,True,0,id,2026-05-04T16:20:02.063395
ChdDSUhNMG9nS0VJQ0FnSUQtd0lmMzFRRRAB,ChIJZwS5XFkvby4RjoRBHo08jQg,Mie Ayam Mang Toye,Majalengka,Kuliner,4,Asyeeekkk murah meriah..,2022-11-18T11:49:06.274Z,Banggus Rajakilang,117737175423185266292,True,0,id,2026-05-04T16:20:02.063411
Ci9DQUlRQUNvZENodHljRjlvT210UFNXeG1lV0YwVFhoV1RHaHZXVGN3TFU0eFIzYxAB,ChIJZdTgdsApby4RwlQXxfnJVto,Bakso Bandara,Majalengka,Kuliner,5,"Mie ayam nya enak, ad menu baru baso gimbal dan mi ayam mangkok pangsit yg mangkok nya bisa di makan",2026-01-03T09:38:46.782Z,Vie Vie,101704917209636274232,True,1,id,2026-05-04T16:20:02.063432
Ci9DQUlRQUNvZENodHljRjlvT2psa05uTnFOMGhIZEZad1VreERRMWswVkRkck1GRRAB,ChIJZdTgdsApby4RwlQXxfnJVto,Bakso Bandara,Majalengka,Kuliner,1,Pelayanan wajib di tingkatin,2025-12-02T09:24:56.994Z,Yang mulia Dewi marya,101617049332766067103,False,0,id,2026-05-04T16:20:02.063459
Ci9DQUlRQUNvZENodHljRjlvT25KRVVpMU5Tak51YzNOaVdIZFVNa3BGZEVaalZIYxAB,ChIJZdTgdsApby4RwlQXxfnJVto,Bakso Bandara,Majalengka,Kuliner,5,Tempat nyaman harga terjangkau,2025-12-01T12:12:52.400Z,Haris Fadilah (Ncek),112955877086928667454,True,0,id,2026-05-04T16:20:02.063467
Ci9DQUlRQUNvZENodHljRjlvT21oalpuSm9NSHAxWjFSalNFTmxVVVJpTVd0RVpHYxAB,ChIJZdTgdsApby4RwlQXxfnJVto,Bakso Bandara,Majalengka,Kuliner,1,"Pelayanan bikin makan tidak mood, makan jadi ga enak.
Karyawan yang melayani orderan dan Terima pembayaran, order teh panas malah dikasih jeruk panas. Mas yg bikinnya ramah dan nawarin buat ganti, tp si perempuan memang pegang gelas untuk ganti tpi berisik bgt!
Bilang saya yg salah order lah, saya yg pesen jeruk lah.
Sorry bgt, udah bilang teh panas. lagian orderan di keep seenaknya, ga di ulang. penyebutan orderan yg diulang itu berguna agar tidak miss komunikasi.
Sumpah hilang mood!",2025-11-28T05:43:24.116Z,Sri Wulan,115077811559258054681,False,0,id,2026-05-04T16:20:02.063475
Ci9DQUlRQUNvZENodHljRjlvT2tJeFlYbG1ZVWhPT1VGQlMzUkJSR1E0WWpKQlFsRRAB,ChIJZdTgdsApby4RwlQXxfnJVto,Bakso Bandara,Majalengka,Kuliner,1,"Pengamen masuk suara cempreng, tukang minta sumbangan masuk juga, tukang asongan seolah2 program donasi masuk juga.

SANGAT MENGGANGGU.",2025-11-09T06:08:28.848Z,Widya Hirmawan,117629623800247990805,True,0,id,2026-05-04T16:20:02.063500
Ci9DQUlRQUNvZENodHljRjlvT2sxM1NteDFPR1pHWm5GelkyYzJSbG8xVERGcU4xRRAB,ChIJZdTgdsApby4RwlQXxfnJVto,Bakso Bandara,Majalengka,Kuliner,5,Tempat makan baso langganan udah mau 7 tahun,2025-11-06T14:32:31.045Z,Eful Alfatih,111481488915344063376,True,0,id,2026-05-04T16:20:02.063509
Ci9DQUlRQUNvZENodHljRjlvT2poTVNEaERkRVpoYjFCMk5IVm1ZbXRwTldoMVgwRRAB,ChIJZdTgdsApby4RwlQXxfnJVto,Bakso Bandara,Majalengka,Kuliner,4,"Baksonya enak berasa dagingnya
Harga sesuai rasa baksonya jadi wajar agak mahal daripada yang lainya..
Saran perlu upgrade tempat aja supaya nyaman..",2025-10-31T03:19:57.550Z,Gugun Guntara,102837331950594494519,True,0,id,2026-05-04T16:20:02.063518
Ci9DQUlRQUNvZENodHljRjlvT2pNd1JYUkhOWGhxWTNGaU1YcGtkVTFvTmpsR1IwRRAB,ChIJZdTgdsApby4RwlQXxfnJVto,Bakso Bandara,Majalengka,Kuliner,1,Kak tolong di kondisikan tempat untuk dilarang merokok karna mengganggu kenyamannan,2025-10-07T12:36:49.880Z,Muhamad fathi rizky mubarok,118196696085988526151,False,0,id,2026-05-04T16:20:02.063527
Ci9DQUlRQUNvZENodHljRjlvT2s1UVdYZEhSMUo0Vm1WNlRtWldTakF5TUZGUFZYYxAB,ChIJZdTgdsApby4RwlQXxfnJVto,Bakso Bandara,Majalengka,Kuliner,5,"Bakso mie ayam nya berlimpah, dikasih tahu juga, tetelan berlimpah. Mantapppp kebanggaan Kadipaten",2025-09-18T05:36:56.502Z,Muhammad Ichsan,113540182263240501847,True,0,id,2026-05-04T16:20:02.063548
Ci9DQUlRQUNvZENodHljRjlvT2w4eFNEaEVWekZXVUhod1FrUnBWMWRvWWtKQ1ZXYxAB,ChIJZdTgdsApby4RwlQXxfnJVto,Bakso Bandara,Majalengka,Kuliner,5,"Tempatnya strategis, makanannya enak"" ,,dan terjangkau",2025-08-02T11:41:16.630Z,Alfajri fairuz,100213372143899457827,True,0,id,2026-05-04T16:20:02.063564
Ci9DQUlRQUNvZENodHljRjlvT2twdlNrOXdWa3RwWmpsamRtOXNkR2hQUmt4elJXYxAB,ChIJZdTgdsApby4RwlQXxfnJVto,Bakso Bandara,Majalengka,Kuliner,5,Selalu kesini kalo ke majalengka,2025-07-13T15:26:11.969Z,Ricky jr jr,105821537528561166159,True,0,id,2026-05-04T16:20:02.063572
Ci9DQUlRQUNvZENodHljRjlvT2trMmRrZG1VRWxCTWsxbFltbFVVMU5QV0ZaT1ZtYxAB,ChIJZdTgdsApby4RwlQXxfnJVto,Bakso Bandara,Majalengka,Kuliner,5,Mie ayam tetelan mantab. Yg kurang adl pedesnya. Udh saus byk msh kurang.,2025-06-26T11:51:48.509Z,Gugun H,113537939292614000851,True,0,id,2026-05-04T16:20:02.063590
ChZDSUhNMG9nS0VJQ0FnSURXMDhyUllBEAE,ChIJZwS5XFkvby4RjoRBHo08jQg,Mie Ayam Mang Toye,Majalengka,Kuliner,5,"Salah satu yang terbaik...Sy  Sebagai mie ayam maniac, mie ayam toye punya rasa yang unik yang susah nemu di tempat lain....",2022-07-26T07:12:04.840Z,boas has,111326529935210468430,False,0,id,2026-05-04T16:20:02.063599
ChdDSUhNMG9nS0VJQ0FnSUN1MHVHdm13RRAB,ChIJZwS5XFkvby4RjoRBHo08jQg,Mie Ayam Mang Toye,Majalengka,Kuliner,5,"Lokasinya pinggir jalan mudah di cari, Deket k POM BENSIN PUJASERA DEKET HOTEL NONI JUGA",2022-07-25T00:37:44.875Z,nurul alamsyah,101144207550441164208,True,0,id,2026-05-04T16:20:02.063607
ChdDSUhNMG9nS0VJQ0FnSURHeFB5QjZnRRAB,ChIJZwS5XFkvby4RjoRBHo08jQg,Mie Ayam Mang Toye,Majalengka,Kuliner,5,Langganan dari jaman masih SMP,2022-07-22T13:33:21.132Z,decan roandra,101640232463159048433,True,0,id,2026-05-04T16:20:02.063618
ChdDSUhNMG9nS0VJQ0FnSUNPODhIODlRRRAB,ChIJZwS5XFkvby4RjoRBHo08jQg,Mie Ayam Mang Toye,Majalengka,Kuliner,5,Mie ayam legend,2022-06-19T13:04:39.181Z,Toni Haelufi,112590827252547043351,True,0,id,2026-05-04T16:20:02.063643
ChdDSUhNMG9nS0VJQ0FnSUMydEptVTh3RRAB,ChIJZwS5XFkvby4RjoRBHo08jQg,Mie Ayam Mang Toye,Majalengka,Kuliner,4,Mie ayam legend dari tahun 90an,2022-04-13T20:23:39.213Z,Ano Herdiyano,114548880822315681395,True,0,id,2026-05-04T16:20:02.063680
Ci9DQUlRQUNvZENodHljRjlvT21kRk9FTkxOSEJLY0dzME9ETTJWbmhTVlVZM1pYYxAB,ChIJZdTgdsApby4RwlQXxfnJVto,Bakso Bandara,Majalengka,Kuliner,5,Bakso enak harga oke,2025-06-12T17:55:27.271Z,Iqbal Fauzul Iman,116803688141590600705,True,0,id,2026-05-04T16:20:02.063701
ChZDSUhNMG9nS0VQRzYtTkcyN05mNkVBEAE,ChIJZdTgdsApby4RwlQXxfnJVto,Bakso Bandara,Majalengka,Kuliner,5,Varian baso iya vaporit,2025-05-14T17:00:37.012Z,Cuan Perdana,108926784398125253090,False,0,id,2026-05-04T16:20:02.063733
ChZDSUhNMG9nS0VJQ0FnTUNZdWFiNlhBEAE,ChIJZdTgdsApby4RwlQXxfnJVto,Bakso Bandara,Majalengka,Kuliner,5,Bakso nya mantaaap dan sesuai di lidah . Harga terjangkau dan pastinya pelayanan cepat,2025-05-05T14:19:13.410Z,Miftah Fauzi Noer,117607583366088048502,True,0,id,2026-05-04T16:20:02.063750
ChZDSUhNMG9nS0VJQ0FnTUNJX3JxeU53EAE,ChIJZdTgdsApby4RwlQXxfnJVto,Bakso Bandara,Majalengka,Kuliner,4,"Rasa bakso n mie ayam nya cenderung biasa aja, maaf 🙏",2025-04-02T11:07:26.334Z,Edwin Shimo Ramdan,110891721290973175461,True,0,id,2026-05-04T16:20:02.063766
ChdDSUhNMG9nS0VJQ0FnTUNnMDYyMG5BRRAB,ChIJZdTgdsApby4RwlQXxfnJVto,Bakso Bandara,Majalengka,Kuliner,5,"Baso nya enak tempat nya luas tersedia juga mushola dmn toilet, di sini juga menyediakan minuman segar dan jus buah.
Tempat nya pinggir jalan parkir motor cukup luas.",2025-02-20T15:00:57.487Z,Nunu Nugraha,109650523820102779831,True,0,id,2026-05-04T16:20:02.063786
Ci9DQUlRQUNvZENodHljRjlvT2tWaGRteDFaRVZST1d3MWRFWnFXbmN5YjBRNVgxRRAB,ChIJo730swzYbi4RqKOwJtOLa-M,Bakso Kliwon Jatiwangi,Majalengka,Kuliner,5,Baso dan mie ayamnya enak. Harganya juga murah.,2026-04-18T14:42:23.306Z,Femmy Aprilia,104309178354959272564,True,0,id,2026-05-04T16:20:02.063797
ChZDSUhNMG9nS0VJQ0FnSUNzdy1HQ0lREAE,ChIJo730swzYbi4RqKOwJtOLa-M,Bakso Kliwon Jatiwangi,Majalengka,Kuliner,5,"Rasanya enak, berapa kali ke situ pun kualitasnya tetap sama, mantap, Bakso paling saya suka, setiap pulang ke majalengka pasti nyempetin makan di bakso Kliwon.",2026-04-05T14:07:24.745Z,Jaja Muhammad Zakaria,109537059990677571346,True,0,id,2026-05-04T16:20:02.063817
Ci9DQUlRQUNvZENodHljRjlvT25SRGVEbG9NRTE0Yms1UWJqaFVlbUphUldsbFgyYxAB,ChIJo730swzYbi4RqKOwJtOLa-M,Bakso Kliwon Jatiwangi,Majalengka,Kuliner,5,"Harganya udah lumayab mahal, makan sama teh botol 31rb 😅",2026-03-27T08:43:45.270Z,Bambang Kristanto,118408339219929105731,True,0,id,2026-05-04T16:20:02.063856
Ci9DQUlRQUNvZENodHljRjlvT2xocVVGbDJYMDEwU1VGTlJITXlSbWMxZVhKMlduYxAB,ChIJo730swzYbi4RqKOwJtOLa-M,Bakso Kliwon Jatiwangi,Majalengka,Kuliner,5,"Rasa tetap sama dibanding pertama ke sini lebih dari 20 tahun yang lalu,
Pelayanan baik, agak gerah sih rapi tetep oke lahh",2026-03-24T08:59:37.703Z,Fauzan Saifuddin,107124033478952560604,True,0,id,2026-05-04T16:20:02.063872
Ci9DQUlRQUNvZENodHljRjlvT2tKTFFWZHVUR0ZXWjNSTmNsTkNhR3BRV0hScFkzYxAB,ChIJo730swzYbi4RqKOwJtOLa-M,Bakso Kliwon Jatiwangi,Majalengka,Kuliner,1,"Baksonya mahal bngt, 2 bakso sama 2 es jeruk 70ribu, pelayanan nya bagus si, tapi bakso nya ga enak aneh rasanya kaya cilok, tapi harga per mangkoknya 30k",2026-03-22T05:13:17.147Z,Iim Rohimah,106848385523423177395,False,0,id,2026-05-04T16:20:02.063880
Ci9DQUlRQUNvZENodHljRjlvT2tWR1ltUjVkWFZTTXpWa2RteGhkMXBzWjAwemMyYxAB,ChIJo730swzYbi4RqKOwJtOLa-M,Bakso Kliwon Jatiwangi,Majalengka,Kuliner,1,Bakso makin kesini makin ngawur rasanya. Kapok.,2026-01-27T04:20:10.517Z,Rumah Korek,106112261413007759571,False,0,id,2026-05-04T16:20:02.063924
Ci9DQUlRQUNvZENodHljRjlvT25OM05YSlRUWEE1VG1WNVNFODBMVms1ZGt0b1RGRRAB,ChIJo730swzYbi4RqKOwJtOLa-M,Bakso Kliwon Jatiwangi,Majalengka,Kuliner,3,Baso yg gde nya ngga ada daging di dlm nya skr mah,2026-01-06T09:30:58.266Z,Mamah 45,106257211118295257241,True,0,id,2026-05-04T16:20:02.063939
Ci9DQUlRQUNvZENodHljRjlvT2xGbE1FMVdPVzlWZWpKTlpsUlNaRGRUTW5odVVVRRAB,ChIJmwzZdQApby4RmcO3Cmh2B1o,BAKSO PRASMANAN MPOK ATIEK SIBED,Majalengka,Kuliner,5,"Mantap pokonya, baso parasmanan y mantap, porsian bakso dan mie ayamnya juga enak apalagi alpukat kocok nya nyammm rekomen deh",2026-04-14T12:32:47.849Z,Shin Ryuuna,103163968665154339164,False,0,id,2026-05-04T16:20:02.063954
Ci9DQUlRQUNvZENodHljRjlvT21WUmFVTk1Zbmd6U1daaVNXdHlOMXBOUzBSSlduYxAB,ChIJmwzZdQApby4RmcO3Cmh2B1o,BAKSO PRASMANAN MPOK ATIEK SIBED,Majalengka,Kuliner,5,Saking penasarannya saya dr Cirebon datang langsung ke kadipaten Majalengka untuk icip rasa bakso prasmanan Mpok Atiek ..rasa mie ayam nya hmmm ..uuueenak banget dan porsinya banyak bikin kenyang ..harga terjangkau..buruaaan datang ya u icip icip kuliner Majalengka,2026-03-30T13:34:30.157Z,Taufik Satori,107207088436434459461,False,0,id,2026-05-04T16:20:02.063981
Ci9DQUlRQUNvZENodHljRjlvT2pCaVdtcFhlWGgzUzBoWVZIbFpRa2RoWjBod2ExRRAB,ChIJmwzZdQApby4RmcO3Cmh2B1o,BAKSO PRASMANAN MPOK ATIEK SIBED,Majalengka,Kuliner,1,Jangan kesini pas lebaran rame bgt dan pesenan jadi kacau mesen nya ini malah salah mending jangan ke sini lah,2026-03-25T01:12:16.803Z,Bima Gilang,102951094552734741715,False,0,id,2026-05-04T16:20:02.063989
Ci9DQUlRQUNvZENodHljRjlvT2s5aVVFNVBTMnR5UTB0a1VHMWZaVGhMVGtaUWNtYxAB,ChIJmwzZdQApby4RmcO3Cmh2B1o,BAKSO PRASMANAN MPOK ATIEK SIBED,Majalengka,Kuliner,5,"All You Can Eat dengan kearifan lokal, rasa bakso dan mie ayam juga enak",2026-03-24T05:15:28.039Z,Rachmadi Didi,105606542761522759739,True,0,id,2026-05-04T16:20:02.063997
Ci9DQUlRQUNvZENodHljRjlvT20xV1YycDRibmcyYVdzdGJtMVBOSFo0UjB4aFFtYxAB,ChIJmwzZdQApby4RmcO3Cmh2B1o,BAKSO PRASMANAN MPOK ATIEK SIBED,Majalengka,Kuliner,5,Disini mie ayamnya enak banget bikin nagih mau kesini lagi ah mungkin nanti,2026-03-18T08:35:29.892Z,Dimas,106798133827908769982,False,0,id,2026-05-04T16:20:02.064013
Ci9DQUlRQUNvZENodHljRjlvT21SamVWUnpNREphZW0xNmJXazJYMm95VWpSTk4wRRAB,ChIJmwzZdQApby4RmcO3Cmh2B1o,BAKSO PRASMANAN MPOK ATIEK SIBED,Majalengka,Kuliner,1,"Pelayanan yang gak bangetttt,,, kasir dan yg lain nya
Udah bayar dan ga d kasih struk malah baso nya ga dateng..  Kalo kita ga nanyain udh ga akan d anterin sampe kapanpun kyknya.
Malah pas kita nanyain mereka nya yg malah saling lempar ini gatau itu gatau , nanya kesiapa bayar nya,, ke yg mana pesen nya.. Anehhh banget gamau lagi kesana!!!!",2026-01-17T08:09:33.950Z,syifa syauqia azzahra,105126511717422584213,False,0,id,2026-05-04T16:20:02.064034
Ci9DQUlRQUNvZENodHljRjlvT2xscFNHMW9OVlkyTTBFdE1GSnJZVW8xTTJJd1dHYxAB,ChIJmwzZdQApby4RmcO3Cmh2B1o,BAKSO PRASMANAN MPOK ATIEK SIBED,Majalengka,Kuliner,2,"basonya emg enak tapi pelayanannya emg gitu ya kurang ramah agak ketus.saya tau kalian para karyawan cape tapi ingat,kalian kerja di bidang fnb yg berhadapan langsung dengan pelanggan apalagi kasir, cuek sedikit bisa ngaruh bgt sama kenyamanan pelanggan,mohon diperbaiki lagi!",2026-01-16T07:23:20.543Z,Shadeeva Maheswari,116778786256543804225,False,0,id,2026-05-04T16:20:02.064048
Ci9DQUlRQUNvZENodHljRjlvT2s1NlpWRnlURVJDUVVGQlZrWlRka2t4YW1ORmMyYxAB,ChIJmwzZdQApby4RmcO3Cmh2B1o,BAKSO PRASMANAN MPOK ATIEK SIBED,Majalengka,Kuliner,5,"1 kali coba ingin balik lagi balik lagii...
🤤 enak.enak  bakso dan mie ayam..",2026-01-09T11:38:00.803Z,Maya Nurmaya,116640812050351908451,False,0,id,2026-05-04T16:20:02.064057
Ci9DQUlRQUNvZENodHljRjlvT21Kd1MzVmxVRVJMTjBKVlRGVjJURXRtWjJkT00zYxAB,ChIJmwzZdQApby4RmcO3Cmh2B1o,BAKSO PRASMANAN MPOK ATIEK SIBED,Majalengka,Kuliner,5,Mantap pokoknya,2025-12-21T05:45:14.485Z,Ade Rizal Muhaemin,115719787798365157910,True,0,id,2026-05-04T16:20:02.064104
Ci9DQUlRQUNvZENodHljRjlvT20wdFkwSndkRXRMVjFKYVpFUm5hbGxGU0VVelkxRRAB,ChIJmwzZdQApby4RmcO3Cmh2B1o,BAKSO PRASMANAN MPOK ATIEK SIBED,Majalengka,Kuliner,5,Baso prasmanan yg prtma ada dimjlngka.langgananku sedari mrka merintis ditmpt pling prtma.sampai sekarang sdh punya cabangnya yg ditonjong.pokoknya bestllah.yg jdi favorit andalanku sedarri dulu alpuket kerok.,2025-11-17T06:08:44.014Z,ani Suciani,110549531621603032776,True,0,id,2026-05-04T16:20:02.064145
Ci9DQUlRQUNvZENodHljRjlvT2toTFFUUkZibU5RWkdoTGJGOVhkVGMwV0ZBeU4zYxAB,ChIJo730swzYbi4RqKOwJtOLa-M,Bakso Kliwon Jatiwangi,Majalengka,Kuliner,5,"Dari dulu sampe sekarang, kalo milih bakso pasti kliwon. Enak, pelayanan cepet, kuahnya seger dan pastinya favoritnya bihun putih🫰🏻",2025-12-17T07:41:31.762Z,sins,100312018226804521700,True,0,id,2026-05-04T16:20:02.064164
Ci9DQUlRQUNvZENodHljRjlvT21kWVFUWTJiWEJCWVVKTFZXSjJUWEZmVFRaeVZGRRAB,ChIJo730swzYbi4RqKOwJtOLa-M,Bakso Kliwon Jatiwangi,Majalengka,Kuliner,1,"PELAYANAN TIDAK RAMAH, GA BAKAL DATANG LAGI KESINI. NYESEL BGET PELAYANAN CUEK, RESPON SINIS. BAKSO KLIWON MINUS BGET PELAYANANNYA!!!!!!",2025-12-10T03:19:15.245Z,Tugas Pribadi,107106306904859384656,False,0,id,2026-05-04T16:20:02.064179
Ci9DQUlRQUNvZENodHljRjlvT2pKS016TXlVMHhSYUY5SVFrRllkV0p4YmtGQ1UxRRAB,ChIJo730swzYbi4RqKOwJtOLa-M,Bakso Kliwon Jatiwangi,Majalengka,Kuliner,5,"enak, tempat nyaman",2025-12-02T10:27:36.976Z,Kacang Mentah,104937745827580150111,True,0,id,2026-05-04T16:20:02.064194
Ci9DQUlRQUNvZENodHljRjlvT25sb2VEbHBRV3BHT0U1eVJrcFZlV2g2VTFKSVkzYxAB,ChIJo730swzYbi4RqKOwJtOLa-M,Bakso Kliwon Jatiwangi,Majalengka,Kuliner,1,pelayannya yang racik Baksonya laki² nya JUDES..,2025-11-26T03:36:24.941Z,wahyu aji saputro,113104223067474981526,True,0,id,2026-05-04T16:20:02.064209
Ci9DQUlRQUNvZENodHljRjlvT2pSYWRGQlZOMUJqUTJoSGVYTkpOamR5Tkc1aVdtYxAB,ChIJo730swzYbi4RqKOwJtOLa-M,Bakso Kliwon Jatiwangi,Majalengka,Kuliner,5,Basonya mantap dan enak.,2025-11-02T10:46:37.183Z,Warja'i S.Pd.I,106133433996527644410,True,0,id,2026-05-04T16:20:02.064233
Ci9DQUlRQUNvZENodHljRjlvT2tveU1IQlJNbk5RYzFGeVNUQlJaSGQyWkZKdVJFRRAB,ChIJo730swzYbi4RqKOwJtOLa-M,Bakso Kliwon Jatiwangi,Majalengka,Kuliner,5,"Setiap pulang kampung halaman, kudu mampir dan rasanya tetep sama",2025-10-21T11:27:54.441Z,Pupung Herman Purnama,107222832683634580097,True,0,id,2026-05-04T16:20:02.064242
Ci9DQUlRQUNvZENodHljRjlvT2s1T2VUSjFhV3BIVDBkT1VqRldUSE54T1dWamJVRRAB,ChIJo730swzYbi4RqKOwJtOLa-M,Bakso Kliwon Jatiwangi,Majalengka,Kuliner,4,"Baksonya komplit. Ada mie kuning, bihun, bakso (tentunya), daging, dan sayur juga. Kalau untuk rasanya cukuplah, tidak ada sesuatu yang spesial. Bumbunya terasa bumbu dasar saja kaya garam, merica, gula, dll. Pas awal dateng rasanya agak keasinan. Tapi setelah diracik ulang dengan bumbu yang ada di meja, rasanya jadi lebih enak. Silakan atur sesuai selera.",2025-07-19T07:19:25.354Z,Bernard Juliando Batubara,116529933388510611980,True,0,id,2026-05-04T16:20:02.064300
Ci9DQUlRQUNvZENodHljRjlvT214dk1IaElabTFyU0RkVGVHWkRia2xyYUVnMGRIYxAB,ChIJo730swzYbi4RqKOwJtOLa-M,Bakso Kliwon Jatiwangi,Majalengka,Kuliner,1,"Buset ibu kasir nya jutek mending klo cantik, trus bpk nya melayani dengan kurang bersih ambil sayuran dan mie bihun nya gx pake sarung tangan. Satu kata menyesal ku beli baso disini. Rasa nya sma aja kaya baso pada umum nya",2025-07-07T03:59:06.982Z,Siti Rabiah,115284373704150710777,False,0,id,2026-05-04T16:20:02.064315
Ci9DQUlRQUNvZENodHljRjlvT2pNeVpIVnJWMkprUm5vd2NHTlBaMUZVTm5oNVJGRRAB,ChIJGzFiZcA7by4RK1ZEuTHRSP0,Sate Penclut Talaga,Majalengka,Kuliner,5,gak nyangka... makan sate kambing murah banget.. heran..,2026-04-15T01:01:03.826Z,Teguh iman saputra,110116012856345215672,True,0,id,2026-05-04T16:20:02.064337
ChdDSUhNMG9nS0VJQ0FnTUR3c2RQTy1RRRAB,ChIJGzFiZcA7by4RK1ZEuTHRSP0,Sate Penclut Talaga,Majalengka,Kuliner,5,Sambelnya kurang pedes,2025-03-26T16:01:14.893Z,eshal daniah,110015029435713908519,True,0,id,2026-05-04T16:20:02.064382
ChdDSUhNMG9nS0VJQ0FnTUNRLTZYNXVnRRAB,ChIJGzFiZcA7by4RK1ZEuTHRSP0,Sate Penclut Talaga,Majalengka,Kuliner,5,Alhamdulillah selalu puasa pesan makanan di sini...,2025-03-07T12:12:01.451Z,Azka Rj,105940900108400543626,False,0,id,2026-05-04T16:20:02.064391
ChdDSUhNMG9nS0VJQ0FnTUNBeUpqRm5BRRAB,ChIJGzFiZcA7by4RK1ZEuTHRSP0,Sate Penclut Talaga,Majalengka,Kuliner,5,"Yang mau makan enak dan menikmati suasana pedesaan, cocok banget kesini...",2025-01-29T05:53:29.487Z,Faridatul Millah,102056612120425563653,True,0,id,2026-05-04T16:20:02.064399
ChdDSUhNMG9nS0VJQ0FnSUNmMnM3ampBRRAB,ChIJGzFiZcA7by4RK1ZEuTHRSP0,Sate Penclut Talaga,Majalengka,Kuliner,5,"Mantap super enak, tempatnya rapih , bersih, kualitas dagingnya bagus masih segar, semoga kita selalu di berikan banyak rezeki agar besok lusa mampir lagi... aamiin... terimakasih...",2024-12-28T06:46:12.452Z,Agus Tajudin,115897983563305543213,True,0,id,2026-05-04T16:20:02.064407
ChZDSUhNMG9nS0VJQ0FnSUNELVlfVU5BEAE,ChIJGzFiZcA7by4RK1ZEuTHRSP0,Sate Penclut Talaga,Majalengka,Kuliner,5,Mantep masakan nya enak cuman yang suka pedes kurang apdol gak tersedia sambel,2024-03-30T11:35:17.262Z,Irwan Paiq,107232302267996145015,False,0,id,2026-05-04T16:20:02.064445
ChZDSUhNMG9nS0VJQ0FnSUM5dzVXRlJnEAE,ChIJGzFiZcA7by4RK1ZEuTHRSP0,Sate Penclut Talaga,Majalengka,Kuliner,5,Sate nya empuk dan bumbu satenya mantap beda dengan yang lain. Harga sangat terjangkau. Pelayanan ramah..,2024-03-09T02:33:15.831Z,Totok Muharto,110525648826753755409,True,0,id,2026-05-04T16:20:02.064460
Ci9DQUlRQUNvZENodHljRjlvT2tKV1VrRktZVGd0TFRCMlNrTmpRWEppTkhGaFRVRRAB,ChIJmwzZdQApby4RmcO3Cmh2B1o,BAKSO PRASMANAN MPOK ATIEK SIBED,Majalengka,Kuliner,1,pelayanan lama banget sampai 40 menit,2025-10-04T06:22:36.706Z,zaky nazar,114427634485479484568,False,0,id,2026-05-04T16:20:02.064510
Ci9DQUlRQUNvZENodHljRjlvT21reWFreEZjVkl5VVc1bmFsbFRla0pmU2xoTmVXYxAB,ChIJmwzZdQApby4RmcO3Cmh2B1o,BAKSO PRASMANAN MPOK ATIEK SIBED,Majalengka,Kuliner,5,"Enak, gabakal nyesel deh",2025-09-26T22:54:00.215Z,Indah Rahmawati,103940838498794996865,True,0,id,2026-05-04T16:20:02.064537
Ci9DQUlRQUNvZENodHljRjlvT2sxRll6WnpkRVJQYUdOYVJGazFkemRXWkdaSlJuYxAB,ChIJmwzZdQApby4RmcO3Cmh2B1o,BAKSO PRASMANAN MPOK ATIEK SIBED,Majalengka,Kuliner,1,"KECEWA MAKAN DI TEMPAT DI DEPAN DI KASIH TAU JIKA BAKSO PAKET MUNCRAT ITU PAKE BAKSO BESAR TERNYATA KECIL, TIDAK SESUAI EKPEKTASI DAN ADA TERTERA BERIKUT TAHU TAPI TIDAK DI KASIH.
LAIN KALI MENJELASKAN DENGAN BENAR KE PELANGGAN KALAU TIDAK PERLU HIPERBOLA. NYESEL TAU GITU BELI PRASMANAN SAMA AJA BAKSO DENGAN UKURAN SEGITU JUGA.

ALPUKAT PAIT TIDAK ENAK.

LALU SELESAI MAKAN SAYA BELI MINTA DI BUNGKUS JUGA BUAT KELUARGA DI RUMAH, BISA LAIN KALI PERBAIKI PELAYANAN SELESAIKAN TERLEBIH DULU PEMESANAN 1 ORANG

BELUM SELESAI SAYA PESAN UDAH NANYA KE PELANGGAN LAIN DIMANA ETIKA ANDA.

SAYA BENAR BENAR KECEWA.",2025-08-31T07:30:24.460Z,Inapaulina. bclinic,103718828626999825840,False,0,id,2026-05-04T16:20:02.064558
Ci9DQUlRQUNvZENodHljRjlvT21aQ2JWUTRTbU15Y2xaa1pGSjZZV3h2Y2xKRVRsRRAB,ChIJmwzZdQApby4RmcO3Cmh2B1o,BAKSO PRASMANAN MPOK ATIEK SIBED,Majalengka,Kuliner,5,Baksonya mantap cuma 25k kita dah dapat banyak.. 😍 sukses ya... Tempat nyaman eh dapat bonus juga apucok tambah seneng makan bakso di sini.. Makasih 🥰,2025-08-26T06:18:49.261Z,Iis Islahiyyah,107683257650897695130,False,0,id,2026-05-04T16:20:02.064566
Ci9DQUlRQUNvZENodHljRjlvT2tVeWNVVnhORll4ZVhoRVoxcHlZMkZaZW5GTVJWRRAB,ChIJmwzZdQApby4RmcO3Cmh2B1o,BAKSO PRASMANAN MPOK ATIEK SIBED,Majalengka,Kuliner,5,"Makan baso sepuasnya.
Alpucok kerok nya enak",2025-08-16T11:35:30.716Z,Nenk Trisnawati,113838587300855886410,True,0,id,2026-05-04T16:20:02.064586
Ci9DQUlRQUNvZENodHljRjlvT2toVlZuVjZabUV3Wkcxd1dFNXRWRFpJZGpsbVowRRAB,ChIJmwzZdQApby4RmcO3Cmh2B1o,BAKSO PRASMANAN MPOK ATIEK SIBED,Majalengka,Kuliner,5,"Tempat makannya luass,, makanannya enakkk,, alpucoknyaa ga terlalu manis,, tapii tetep enakk",2025-08-10T13:26:26.535Z,Alfajri fairuz,100213372143899457827,True,0,id,2026-05-04T16:20:02.064593
Ci9DQUlRQUNvZENodHljRjlvT2pkVmVYSllNVnBOUzJGVlFqQmhiR3RqVldaTVdrRRAB,ChIJmwzZdQApby4RmcO3Cmh2B1o,BAKSO PRASMANAN MPOK ATIEK SIBED,Majalengka,Kuliner,5,"Bakso nya enak,tapi kurang mangkok kurang besar  bakso enak banget 🥵🥵",2025-07-27T02:48:11.485Z,Aldi Firmansah,113524416881147681262,False,0,id,2026-05-04T16:20:02.064602
Ci9DQUlRQUNvZENodHljRjlvT2tKNGVsUTBlbFp1VTJvMGVHaFZaRmRzTWpad2NHYxAB,ChIJmwzZdQApby4RmcO3Cmh2B1o,BAKSO PRASMANAN MPOK ATIEK SIBED,Majalengka,Kuliner,4,"Tempat nyaman luas..parkir okee..pelayanan ramah.. cuma sayang itu mie nya untuk bakso pake mie kuning..coba kasih varian mie seperti yg di mie ayam lebih okee sepertinya..selebih nya mantapp.. pangsit, mie ayam, mie baso okee..",2025-07-10T10:43:03.123Z,Nugraha Angga,105050116350814426730,True,0,id,2026-05-04T16:20:02.064610
Ci9DQUlRQUNvZENodHljRjlvT2tab1ZtVnVOSEZETlZodFQxcHRlbEk0WkhOcVprRRAB,ChIJmwzZdQApby4RmcO3Cmh2B1o,BAKSO PRASMANAN MPOK ATIEK SIBED,Majalengka,Kuliner,1,Pelayanan kurang ramah,2025-07-07T16:30:07.444Z,muhamad nurjan,104942164166633205447,False,0,id,2026-05-04T16:20:02.064619
Ci9DQUlRQUNvZENodHljRjlvT205bmFXbzFXbnBmUzBsRlVqbExaVXB5UkhoR2RGRRAB,ChIJmwzZdQApby4RmcO3Cmh2B1o,BAKSO PRASMANAN MPOK ATIEK SIBED,Majalengka,Kuliner,5,Ambil dan makan sepuasnya tp hrs habis jika tidak kena denda,2025-06-30T05:43:23.016Z,anjar suyoko,110100765708063037506,True,0,id,2026-05-04T16:20:02.064627
Ci9DQUlRQUNvZENodHljRjlvT201eVlURndhVk5CUVZJdE1UWkZNMEZoUTBoQ1pHYxAB,ChIJmwzZdQApby4RmcO3Cmh2B1o,BAKSO PRASMANAN MPOK ATIEK SIBED,Majalengka,Kuliner,4,"Mie ayamnya enak, bakso prasmanan @25k sampe penuh. Enak rasanya cm agak asin aj. Selera keluarga indonesia ini mah.. Ati2 aja kolesterol. Wkwk. Rekomendasi pada gambar ya..",2025-06-27T09:18:11.359Z,Agung Setiaji Utomo (Agung SU),109924192232027247893,True,0,id,2026-05-04T16:20:02.064636
Ci9DQUlRQUNvZENodHljRjlvT21WSGIxRlNSMFJrTmxWaVJIWlBZMDFEYkZaSVEwRRAB,ChIJo730swzYbi4RqKOwJtOLa-M,Bakso Kliwon Jatiwangi,Majalengka,Kuliner,5,"Bakso legend yang rasanya tidak pernah berubah,setiap pulkam atau lebaran pasti jadi tujuan kuliner.",2025-06-13T21:43:16.244Z,Tika Marita H,114984385420735582635,True,0,id,2026-05-04T16:20:02.064652
Ci9DQUlRQUNvZENodHljRjlvT2s5RlYzSTBSblV0UWtWcFkybFNTV0kwVEhoWGFWRRAB,ChIJo730swzYbi4RqKOwJtOLa-M,Bakso Kliwon Jatiwangi,Majalengka,Kuliner,5,"Tempat nyaman,...tidak terlalu ramai
Penyajian cepat...
Makanan sesuai lidah...
Tempat parkir ada meski tidak terlalu luas...untuk mobil ya..",2025-06-09T15:45:36.314Z,NURLAELAH,101787109660307038773,True,0,id,2026-05-04T16:20:02.064675
ChdDSUhNMG9nS0VMWG01NENwbW95LXd3RRAB,ChIJo730swzYbi4RqKOwJtOLa-M,Bakso Kliwon Jatiwangi,Majalengka,Kuliner,5,Cocok untuk makan baso banyakan... tempatnya lumayan luas,2025-05-27T11:36:26.566Z,desi rosida,100727114782745655092,True,0,id,2026-05-04T16:20:02.064690
ChdDSUhNMG9nS0VJQ0FnSUN5c1pLU2hnRRAB,ChIJo730swzYbi4RqKOwJtOLa-M,Bakso Kliwon Jatiwangi,Majalengka,Kuliner,4,Baksonya enak..,2025-05-27T07:22:50.954Z,Arief Dedie,114972903534269272739,True,0,id,2026-05-04T16:20:02.064700
ChZDSUhNMG9nS0VJQ0FnTURvLXNQd0lnEAE,ChIJo730swzYbi4RqKOwJtOLa-M,Bakso Kliwon Jatiwangi,Majalengka,Kuliner,5,"Suka, walau makanan nya gak seenak dulu, tp service dan human nya baik2 banget..
Smoga di tingkatkan lagi ya rasanya",2025-04-24T05:48:40.024Z,Aku Saya,100878772340496953029,False,0,id,2026-05-04T16:20:02.064716
ChdDSUhNMG9nS0VJQ0FnTUNvLWRfVjNRRRAB,ChIJo730swzYbi4RqKOwJtOLa-M,Bakso Kliwon Jatiwangi,Majalengka,Kuliner,5,"Rasanya masih tetap seperti dulu, enak mantap",2025-04-18T14:19:54.123Z,deni Hilman,108851559937330111474,False,0,id,2026-05-04T16:20:02.064733
ChZDSUhNMG9nS0VJQ0FnTURJdmZTdkJ3EAE,ChIJo730swzYbi4RqKOwJtOLa-M,Bakso Kliwon Jatiwangi,Majalengka,Kuliner,5,"Tipenya bakso halus gitu, tapi masih berasa dagingnya. Enak lah, harganya juga masih ramah di kantong",2025-04-12T10:58:34.812Z,Grad Panggrahito,115920488117377967447,True,0,id,2026-05-04T16:20:02.064744
ChdDSUhNMG9nS0VJQ0FnSURac2VxOTdnRRAB,ChIJGzFiZcA7by4RK1ZEuTHRSP0,Sate Penclut Talaga,Majalengka,Kuliner,5,"Recommended..👍👍tempatnya nyaman enak buat santai bareng keluarga,pinggir jalan palkir mudah harga terjangkau",2023-10-03T07:19:36.599Z,Nia Kurniawati SP.,116636507629063445674,False,1,id,2026-05-04T16:20:02.064759
ChZDSUhNMG9nS0VJQ0FnSURaanJyQlJBEAE,ChIJGzFiZcA7by4RK1ZEuTHRSP0,Sate Penclut Talaga,Majalengka,Kuliner,5,Satenya enak seperti sate pada umumnya cuman tempatnya sangat nyaman dan enak membuat suasana lebih santai. Menjadi rekomendasi buat makan ketika lapar di perjalanan,2023-09-30T22:11:24.077Z,Kiki Hilman Fikri,108507268023578272100,True,1,id,2026-05-04T16:20:02.064768
ChZDSUhNMG9nS0VJQ0FnSUNadWQ3MWZREAE,ChIJGzFiZcA7by4RK1ZEuTHRSP0,Sate Penclut Talaga,Majalengka,Kuliner,5,Satenya enak dan murah.,2023-09-13T20:28:16.432Z,Aa Sholah,108087948341426163756,True,0,id,2026-05-04T16:20:02.064777
ChZDSUhNMG9nS0VJQ0FnSURwMzRlZ2VnEAE,ChIJGzFiZcA7by4RK1ZEuTHRSP0,Sate Penclut Talaga,Majalengka,Kuliner,5,"Tempat nyaman, parkir mudah karena pinggir jalan, harga terjangkau, rasa enak.",2023-09-01T09:24:30.375Z,Iwan Suwarno,103015902241692159146,True,0,id,2026-05-04T16:20:02.064786
ChZDSUhNMG9nS0VJQ0FnSURKMXJLaGRBEAE,ChIJGzFiZcA7by4RK1ZEuTHRSP0,Sate Penclut Talaga,Majalengka,Kuliner,5,"Gak perlu panjang lebar.... Bukti  makanan disikaaat habiiiiss.... Tinggal piring, tugi, sendok, garpu dan gelas yg sengaja tidak dimakan...  hehehe...",2023-08-21T04:43:50.512Z,Doni Heryadi,105702182588328420197,True,7,id,2026-05-04T16:20:02.064795
ChdDSUhNMG9nS0VJQ0FnSURwOVBXdm9nRRAB,ChIJGzFiZcA7by4RK1ZEuTHRSP0,Sate Penclut Talaga,Majalengka,Kuliner,5,Sudah kesekian kali nya,2023-08-17T06:50:33.587Z,Rika Irawan,114722941707560452666,True,1,id,2026-05-04T16:20:02.064806
ChZDSUhNMG9nS0VJQ0FnSUNKNkxqX2J3EAE,ChIJGzFiZcA7by4RK1ZEuTHRSP0,Sate Penclut Talaga,Majalengka,Kuliner,5,"makanan nya enak bngtttt pko nya poll, ayooo pada mampir kesinii,psti g bkl kecewa",2023-06-20T04:04:37.841Z,Salsazahra dewi,115364548211907919420,False,2,id,2026-05-04T16:20:02.064840
ChZDSUhNMG9nS0VJQ0FnSUNKc0lYMEVREAE,ChIJGzFiZcA7by4RK1ZEuTHRSP0,Sate Penclut Talaga,Majalengka,Kuliner,5,"Satenya enak,empuk,bumbunya mantap 👍👍",2023-06-19T11:44:30.769Z,Raisa Zafira,109905525494364034401,False,2,id,2026-05-04T16:20:02.064849
ChZDSUhNMG9nS0VJQ0FnSURSdWJiZ2NREAE,ChIJGzFiZcA7by4RK1ZEuTHRSP0,Sate Penclut Talaga,Majalengka,Kuliner,5,"Recommended banget...silahkan mampir,.satenya empuk, rasanya mantap...dijamin nagih...tempatnya nyaman dan bersih.",2023-04-29T06:19:12.157Z,advokat frankalexsandroo,115924897788618615320,False,3,id,2026-05-04T16:20:02.064864
ChdDSUhNMG9nS0VJQ0FnSURoZzRHMGlBRRAB,ChIJGzFiZcA7by4RK1ZEuTHRSP0,Sate Penclut Talaga,Majalengka,Kuliner,5,"Satenya sudah pernah nyobain, sekarang giliran ayam bakar nya. Masalah rasa tidak pernah mengecewakan pasti maknyuzzz apalagi sambelnya mantepe puollll",2023-03-16T06:21:12.267Z,Andy Wisnu,105762761425888202000,False,4,id,2026-05-04T16:20:02.064873
ChZDSUhNMG9nS0VJQ0FnSURobW9uWEN3EAE,ChIJGzFiZcA7by4RK1ZEuTHRSP0,Sate Penclut Talaga,Majalengka,Kuliner,5,"rekomended banget, cocok buat ajak keluarga makan makan disini, pelayanan nya ramah",2023-03-06T16:41:48.853Z,Fira Ckpp,114729240502659363863,True,2,id,2026-05-04T16:20:02.064888
ChZDSUhNMG9nS0VJQ0FnSURobXV5alFnEAE,ChIJGzFiZcA7by4RK1ZEuTHRSP0,Sate Penclut Talaga,Majalengka,Kuliner,5,Tempatnya bersih dan bikin nyaman. Satenya jga enak ditambah dngn bumbunya yg pas di lidah,2023-03-06T15:32:48.772Z,Naomi Carr,100228681098390897403,False,2,id,2026-05-04T16:20:02.064896
ChZDSUhNMG9nS0VJQ0FnSURobXF5OVpnEAE,ChIJGzFiZcA7by4RK1ZEuTHRSP0,Sate Penclut Talaga,Majalengka,Kuliner,5,Bumbu satenya enak ditambah lgi dngn tempat yang nyaman untuk kumpul bersama keluarga,2023-03-06T15:31:08.657Z,Mufli Ismail,108168270443143400502,False,1,id,2026-05-04T16:20:02.064904
ChZDSUhNMG9nS0VJQ0FnSURobXVTSVZBEAE,ChIJGzFiZcA7by4RK1ZEuTHRSP0,Sate Penclut Talaga,Majalengka,Kuliner,5,"satenya enak bgt, tempatnya juga nyaman, sambelnya josss. makan bareng keluarga seru bgt sih pasti",2023-03-06T15:19:09.240Z,Sarul Arifin,114939928535722861931,False,2,id,2026-05-04T16:20:02.064913
ChZDSUhNMG9nS0VJQ0FnSURoNnFlY2VREAE,ChIJGzFiZcA7by4RK1ZEuTHRSP0,Sate Penclut Talaga,Majalengka,Kuliner,5,"dagingnya empuk, bumbunya pas. enak paraahh👍🏼👍🏼",2023-03-06T14:29:21.737Z,Juwita Dyah,106720701752772208013,False,2,id,2026-05-04T16:20:02.064920
ChdDSUhNMG9nS0VJdk4xdFN2cGNISTd3RRAB,ChIJmwzZdQApby4RmcO3Cmh2B1o,BAKSO PRASMANAN MPOK ATIEK SIBED,Majalengka,Kuliner,5,"Tempatnya luas, bisa makan sepuasnya sampai kenyaaaang harga terjangkau,, lebih enak makan rame-rame.",2025-06-01T14:54:15.916Z,Ai Nurhayati,113822077834079958577,True,0,id,2026-05-04T16:20:02.064936
ChdDSUhNMG9nS0VNeWZ5NExGaEtfQi1RRRAB,ChIJmwzZdQApby4RmcO3Cmh2B1o,BAKSO PRASMANAN MPOK ATIEK SIBED,Majalengka,Kuliner,5,"Bakso all you can eat.. harga 25rb  bebas ambil sebanyak2nya asal muat 1 mangkok (aturan ada di foto)..
. ada bbrpa varian kaya urat sama keju selebihnya lupa..
dagingnya kerasa ga tepung banget..
ada topingnya juga bebas ambil beerapa pun..
alpuket kocoknya lumayan, gede juga sizenya..
pelayan ramah2...
saran dr saya bagian depan kasih penghalang biar ga kena lampu motor..  kasian saya dtg lampunya nyorot ke pelanggan lain kena muka..",2025-05-17T17:26:33.665Z,Khatta Syahir,112510421971011950393,True,0,id,2026-05-04T16:20:02.064960
ChZDSUhNMG9nS0VMYk4yOUdINE1QN1BREAE,ChIJmwzZdQApby4RmcO3Cmh2B1o,BAKSO PRASMANAN MPOK ATIEK SIBED,Majalengka,Kuliner,4,"Baksonya enak, gak cuma 1 varian, bisa ngambil sesuai porsi/keinginan, menu lainnya juga banyak.
Toilet dan musola tersedia, oh fyi parkirannya gak terlalu luas jadi yang bawa mobil siap"" parkir pinggir jalan yaa",2025-05-11T14:35:55.225Z,Lucya Melix,117077444376637894566,True,0,id,2026-05-04T16:20:02.064968
ChZDSUhNMG9nS0VJQ0FnTURvX0k3NmRBEAE,ChIJmwzZdQApby4RmcO3Cmh2B1o,BAKSO PRASMANAN MPOK ATIEK SIBED,Majalengka,Kuliner,5,Bakso Parasmanan hanya dengan 25rb bisa ambil sepuasnya kecuali tetelan yang disajiin sama petugasnya pelayanan ramah ada juga aneka minuman alpucok dengan berbagai varian tempat luas parkiran aman masuk mobil dan motor lokasi samping jalan,2025-04-23T00:17:24.272Z,Abdul Kustiana,105934886556375436237,True,0,id,2026-05-04T16:20:02.064977
ChdDSUhNMG9nS0VJQ0FnTURJdVBxWXFBRRAB,ChIJmwzZdQApby4RmcO3Cmh2B1o,BAKSO PRASMANAN MPOK ATIEK SIBED,Majalengka,Kuliner,5,Ga nyangka ternyata baksonya enak 🤭 Tempat nya rame terus tapi pelayanannya cepet jadi g ada tunggu-tungguan gitu baik yang makan di tempat ataupun di bungkus.,2025-04-06T23:29:57.631Z,Hedda Elfrida,103456225238531088784,True,0,id,2026-05-04T16:20:02.064998
ChdDSUhNMG9nS0VJQ0FnTUNJdC1YdDFRRRAB,ChIJmwzZdQApby4RmcO3Cmh2B1o,BAKSO PRASMANAN MPOK ATIEK SIBED,Majalengka,Kuliner,5,"Rekomended Atuuuh Akang & Eceu....
Kuliner Baso...
Habis kliling² wisata Majalengka, isi amunisi ke heula di dinya...",2025-04-05T10:53:55.571Z,Iwan Jauhari,106791011281614300378,True,0,su,2026-05-04T16:20:02.065006
ChdDSUhNMG9nS0VJQ0FnTUNJbzk2NnhRRRAB,ChIJmwzZdQApby4RmcO3Cmh2B1o,BAKSO PRASMANAN MPOK ATIEK SIBED,Majalengka,Kuliner,4,"Tempat strategis,harga sedang terjangkau oleh segala kalangan,cuma tempat parkir kecil tempat agak kotor rasa lumayan",2025-04-04T09:55:15.387Z,Hari Haolin,114224424880493929528,True,0,id,2026-05-04T16:20:02.065021
ChdDSUhNMG9nS0VJQ0FnSURoNnN2UDZnRRAB,ChIJGzFiZcA7by4RK1ZEuTHRSP0,Sate Penclut Talaga,Majalengka,Kuliner,5,"Rekomendasi sate penclut dsaat nafsu makan berkurang.. Mantap ruarr biasa..
""Makanan adalah simbol cinta ketika kata-kata tidak memadai."" - Alan D. Wolfelt
😁🫰🏻",2023-03-06T14:22:35.425Z,syiva amalia sunanti,101645268639936513622,False,2,id,2026-05-04T16:20:02.065029
ChZDSUhNMG9nS0VJQ0FnSURoNnB2SlFnEAE,ChIJGzFiZcA7by4RK1ZEuTHRSP0,Sate Penclut Talaga,Majalengka,Kuliner,5,"Pelayanannya ramah, menunya bervariasi, tempatnya cocok buat keluarga besar sambil piknik dan healing",2023-03-06T14:20:21.828Z,Thufail Muhammad,104878881338629268674,False,2,id,2026-05-04T16:20:02.065038
ChdDSUhNMG9nS0VJQ0FnSURoNnNPa3V3RRAB,ChIJGzFiZcA7by4RK1ZEuTHRSP0,Sate Penclut Talaga,Majalengka,Kuliner,5,"Sate enak wajib coba, rasanya lezat, bumbunya bikin lidah goyanggg",2023-03-06T14:02:24.737Z,Maria Alamita,100292492935849996022,False,2,id,2026-05-04T16:20:02.065052
ChZDSUhNMG9nS0VJQ0FnSURoNnUzYkdnEAE,ChIJGzFiZcA7by4RK1ZEuTHRSP0,Sate Penclut Talaga,Majalengka,Kuliner,5,Enak makan disini suasananya juga adem dingin. Enak buat yang pengen healing sambil makan enak ini tempat rekomen,2023-03-06T14:00:20.172Z,Rivaldi Adi,111437749822639816230,True,2,id,2026-05-04T16:20:02.065061
ChdDSUhNMG9nS0VJQ0FnSURoNnAzYi1BRRAB,ChIJGzFiZcA7by4RK1ZEuTHRSP0,Sate Penclut Talaga,Majalengka,Kuliner,5,Ini satenya the best sih ditambah pelayanannya top. Cocok buat keluarga dan teman teman kumpul disini,2023-03-06T13:58:51.152Z,rivaldi adi pratama,114359337515987144661,True,2,id,2026-05-04T16:20:02.065072
ChZDSUhNMG9nS0VJQ0FnSURoNnUyWFB3EAE,ChIJGzFiZcA7by4RK1ZEuTHRSP0,Sate Penclut Talaga,Majalengka,Kuliner,5,"Daging dan bumbu satenya enak, tempatnya nyaman, ga ada kurangnya deh. Mantap",2023-03-06T13:54:59.679Z,stella,118271844318963259946,True,2,id,2026-05-04T16:20:02.065095
ChZDSUhNMG9nS0VJQ0FnSURoNnZYLUJ3EAE,ChIJGzFiZcA7by4RK1ZEuTHRSP0,Sate Penclut Talaga,Majalengka,Kuliner,5,satenya empuk bersahabat sm gigi saya yg mulai berumur 🙏🤣,2023-03-06T13:47:24.036Z,Tornado Blast,107123158298021578032,False,1,id,2026-05-04T16:20:02.065104
ChZDSUhNMG9nS0VJQ0FnSURoNnJtN0l3EAE,ChIJGzFiZcA7by4RK1ZEuTHRSP0,Sate Penclut Talaga,Majalengka,Kuliner,5,"sate terendulll,empuk bangett dan prkiran nya luas ga bingung letakin parkir dimanaa",2023-03-06T13:33:11.390Z,Qurrota A’yun,110318349479858663647,False,1,id,2026-05-04T16:20:02.065113
ChdDSUhNMG9nS0VJQ0FnSURoNnJuT2xBRRAB,ChIJGzFiZcA7by4RK1ZEuTHRSP0,Sate Penclut Talaga,Majalengka,Kuliner,5,"Satenya enak banget, empuk daging nya, bumbu nya juga meresap. Ga nyesel beli sate penclut",2023-03-06T13:32:30.828Z,PT. BINTANG PURNAMA,101435256751388371536,False,2,id,2026-05-04T16:20:02.065121
ChZDSUhNMG9nS0VJQ0FnSURoeW9fYVRBEAE,ChIJGzFiZcA7by4RK1ZEuTHRSP0,Sate Penclut Talaga,Majalengka,Kuliner,5,Satenya enaakk dagingnya empuk bumbunya juga beuhh juaraa 👍 tempatnya strategis sebrang mesjid  adem pokoknya 👍👍,2023-03-06T07:39:41.194Z,ani suwandi,115263260879318169034,False,3,id,2026-05-04T16:20:02.065129
ChZDSUhNMG9nS0VJQ0FnSURoeXFQMmRnEAE,ChIJGzFiZcA7by4RK1ZEuTHRSP0,Sate Penclut Talaga,Majalengka,Kuliner,5,Satenya mantaaapp👍👍,2023-03-06T06:47:00.060Z,Lia Haeriah,101814229472985187201,False,1,id,2026-05-04T16:20:02.065138
ChdDSUhNMG9nS0VJQ0FnSURoaXA3QWd3RRAB,ChIJGzFiZcA7by4RK1ZEuTHRSP0,Sate Penclut Talaga,Majalengka,Kuliner,5,"Satenya good job,mantul abiz👍👍👍",2023-03-06T01:29:47.894Z,Sutisna Hendriansyah,115873745073993600070,False,2,id,2026-05-04T16:20:02.065146
Ci9DQUlRQUNvZENodHljRjlvT2tNeFFURjJNMjlLTUZkS0xVbElaWG8zYVhaWmRrRRAB,ChIJfU7MDw4vby4RWsRL1Bp6qBc,Sangu Akeul Cigaleuh Rumah Makan Sunda Khas Majalengka,Majalengka,Kuliner,4,Antrian nya terlalu lama dan masakan nya cenderung manis,2026-05-02T06:17:17.844Z,Dian Firmana,100267107565159086230,True,0,id,2026-05-04T16:20:02.065205
Ci9DQUlRQUNvZENodHljRjlvT2poWU0yeExZak5SWTNKU01ISk1TM1JJWm1WSFVYYxAB,ChIJfU7MDw4vby4RWsRL1Bp6qBc,Sangu Akeul Cigaleuh Rumah Makan Sunda Khas Majalengka,Majalengka,Kuliner,3,"Sangu, tau “Sa” nya apa? SABAAAAAARRRRRR",2026-05-01T11:59:19.612Z,Fauzi Ismail CE,113169937712282500377,True,0,kn,2026-05-04T16:20:02.065224
Ci9DQUlRQUNvZENodHljRjlvT2xRek1tUnFVMTh3U1VseVdXSk1PV0p4Ym5KcWJWRRAB,ChIJfU7MDw4vby4RWsRL1Bp6qBc,Sangu Akeul Cigaleuh Rumah Makan Sunda Khas Majalengka,Majalengka,Kuliner,5,"Easy to go..You can find by maps..
Cheap food and delicious too..
Ikan cobeknya the best..must try..pencok katel dan oncom gorengnya jg enaakk..
Kalau mau kesini hindari jam makan siang krna bs waiting list lamaa...Next buka cabang dicirebon kota pleasee... 😁",2026-05-01T07:45:40.553Z,Angel Trie,115652706015420975954,True,0,id,2026-05-04T16:20:02.065233
Ci9DQUlRQUNvZENodHljRjlvT2t4dk0weFJlVGhEVWt4b05rY3RhWE5EVjBwWlYwRRAB,ChIJfU7MDw4vby4RWsRL1Bp6qBc,Sangu Akeul Cigaleuh Rumah Makan Sunda Khas Majalengka,Majalengka,Kuliner,3,"Makanan khas majalengka yang terkenal pencok katel, rasanya unik. Tempatnya rame, cukup panas. Nyobain ikan cobek sama ayam kampungnya enak banget",2026-04-29T11:55:37.575Z,Hani Zulfa,103620755292643984622,True,0,id,2026-05-04T16:20:02.065241
Ci9DQUlRQUNvZENodHljRjlvT2pkNVNFOVBSbWhwTVhCSVdraGhSVXhRYTJ4eWEwRRAB,ChIJfU7MDw4vby4RWsRL1Bp6qBc,Sangu Akeul Cigaleuh Rumah Makan Sunda Khas Majalengka,Majalengka,Kuliner,5,"Sangu akeul cigaleh .
Kota majalengka
Mantaaaaaap  ...",2026-04-23T11:43:20.854Z,asep hendra,108042305008606427244,True,0,su,2026-05-04T16:20:02.065271
Ci9DQUlRQUNvZENodHljRjlvT25aWldWVTBSMWwxWDFobU1VeDRibnBZUWxOcVRtYxAB,ChIJfU7MDw4vby4RWsRL1Bp6qBc,Sangu Akeul Cigaleuh Rumah Makan Sunda Khas Majalengka,Majalengka,Kuliner,5,"Makanan enak, tempat makan luas, hanya kekurangan tmpt parkir mobil aja sih.
Semua makanannya enak dan khas Majalengka, ga ada di tempat lain. Ada pilihan sambel sedang buat yg ga tahan pedas.",2026-04-22T01:39:26.074Z,Ivan Satriawan,111249498460145137873,True,0,id,2026-05-04T16:20:02.065300
Ci9DQUlRQUNvZENodHljRjlvT2xWak4zaDZRMmMwVjA1R05sWlVlbFpVYTFWMFkzYxAB,ChIJBVb2T8whby4RDK09afAGsMc,Sari Leueut Suramadu,Majalengka,Kuliner,4,"Pas kesana ada yang lagi hajatan, suara dangdutannya kenceng banget lumayan mengganggu. Tapi makanannya enak, walaupun cemilannya udah pada habis padahal masih siang..",2026-03-27T04:13:39.884Z,Miury Fitrina,111142478207028951955,True,0,id,2026-05-04T16:20:02.065340
Ci9DQUlRQUNvZENodHljRjlvT21abFVYZDRNM0F6VGxab2JUWlRXakJ5UzFJdFNVRRAB,ChIJBVb2T8whby4RDK09afAGsMc,Sari Leueut Suramadu,Majalengka,Kuliner,1,makanannya lama datengnya pelayanannya kureng,2026-01-01T07:08:13.785Z,Arif Maulana,100690715948145693016,False,0,id,2026-05-04T16:20:02.065376
Ci9DQUlRQUNvZENodHljRjlvT21WUVRHdDNkWGhpZWxCcWJ6RktjbmRTVEU5TlVVRRAB,ChIJBVb2T8whby4RDK09afAGsMc,Sari Leueut Suramadu,Majalengka,Kuliner,2,Pelayanan LELET!!,2026-01-01T04:55:52.945Z,rahmat fauzi,117841605225904846166,False,0,id,2026-05-04T16:20:02.065385
Ci9DQUlRQUNvZENodHljRjlvT21KMmVIZEdMVk52WkdSTVptcDFTalJwYzJad2VtYxAB,ChIJBVb2T8whby4RDK09afAGsMc,Sari Leueut Suramadu,Majalengka,Kuliner,5,Makanannya enak lumayan suasana adem pemandangan pegunungan dan sawah bikin hati tenang dan nyaman,2025-12-26T15:25:56.553Z,WIDODO MAKMUR CO,100563945190526425379,True,0,id,2026-05-04T16:20:02.065393
Ci9DQUlRQUNvZENodHljRjlvT2pkSFR6Wm9RVzgxYzNObFFsVjNWRXM1Vm5GeVEyYxAB,ChIJBVb2T8whby4RDK09afAGsMc,Sari Leueut Suramadu,Majalengka,Kuliner,5,"Bagus, rekomendasi untuk dikutip",2025-12-01T03:00:56.377Z,FFA Studio Indonesia,118137577272250940648,True,0,id,2026-05-04T16:20:02.065405
Ci9DQUlRQUNvZENodHljRjlvT2toTWMxZHljRXRsTnkxWllYUjBaMDk2V0VwTFozYxAB,ChIJBVb2T8whby4RDK09afAGsMc,Sari Leueut Suramadu,Majalengka,Kuliner,1,"Tempat KOTOR, ga nyaman, staff kurang ramah
Makanan biasa aja.",2025-11-12T18:36:38.966Z,Deana Regita Sari,112756606967194081048,False,0,id,2026-05-04T16:20:02.065413
Ci9DQUlRQUNvZENodHljRjlvT2tsbGRrdFVTMnd5ZW0xbFNIZFVhVXBsVTBkRVoyYxAB,ChIJBVb2T8whby4RDK09afAGsMc,Sari Leueut Suramadu,Majalengka,Kuliner,5,"Diluar panas ,tapi ketika masuk ke dalem jadi adem,pelayanan nya ramah2 guyss",2025-11-04T09:13:34.235Z,Agus Sukmana,116561284927357182036,True,0,id,2026-05-04T16:20:02.065422
Ci9DQUlRQUNvZENodHljRjlvT25Gek1HTkNOR0ZIZUVkM2FHZENVRE5IY3pGdFZuYxAB,ChIJBVb2T8whby4RDK09afAGsMc,Sari Leueut Suramadu,Majalengka,Kuliner,2,"Pelayanan ramah tapi kurang dalam penyajian harusnya makanan cemilan di dulukan biar nunggu makanan berat ga boring, trus cek lg dalam segi kematangannya kmren nasinya belum matang , banyak menu yang kosong jg, sama lebih teliti lg kalo liat list menu kmren banyak yang kelewat. Overalll selain itu aman",2025-10-28T01:50:57.400Z,Dyah Ayu,111027090342792260011,False,0,id,2026-05-04T16:20:02.065431
ChZDSUhNMG9nS0VJQ0FnSUNPbDUtUUJBEAE,ChIJBVb2T8whby4RDK09afAGsMc,Sari Leueut Suramadu,Majalengka,Kuliner,5,"Tempat yg cocok untuk weekend kalian.
Rekomendasi banget buat kalian bagi yg suka mancing.",2025-10-26T19:20:40.485Z,Yuyun Rahmatika,112222310196889522154,False,3,id,2026-05-04T16:20:02.065440
Ci9DQUlRQUNvZENodHljRjlvT2sxQmFrdGtabUZCZW5NMmVUWlNkbEpDWlZwVU5IYxAB,ChIJBVb2T8whby4RDK09afAGsMc,Sari Leueut Suramadu,Majalengka,Kuliner,5,"Tempat yang sangat indah, pelayanan baik, harga terjangkau.. sangat rekomendasi untuk di kunjungi saat ke Sindangwangi Majalengka, apa lagi saat sore hari sangat syahdu",2025-10-14T03:38:17.414Z,Fina Sitifauziyah,115567624595959870695,True,0,id,2026-05-04T16:20:02.065460
Ci9DQUlRQUNvZENodHljRjlvT204eFdWVjJiM05XZFVsNmVYY3hYemxvUm5jd1owRRAB,ChIJBVb2T8whby4RDK09afAGsMc,Sari Leueut Suramadu,Majalengka,Kuliner,1,Sangat tdk ramah..... Nunggu Makanan 1 jm lebih. Dan ternyata 2 menu lewat alias tdk dibikin. Sangat tidak recommended.,2025-10-04T07:44:58.781Z,Netay Ano,111587996768670309616,False,0,id,2026-05-04T16:20:02.065579
Ci9DQUlRQUNvZENodHljRjlvT2pkd01rUjRTVFJsTld3eWFYSlBaRkJwZUdoalJVRRAB,ChIJBVb2T8whby4RDK09afAGsMc,Sari Leueut Suramadu,Majalengka,Kuliner,5,Menyenangkan kesini. Porsi kenyang dan enak-enak.,2025-08-13T09:05:32.255Z,Millah Karmila,105468247622489129173,True,0,id,2026-05-04T16:20:02.065638
Ci9DQUlRQUNvZENodHljRjlvT21oUk9UVkNhbkpRY25NeFFsTjBRMjlIWVMxWk0xRRAB,ChIJfU7MDw4vby4RWsRL1Bp6qBc,Sangu Akeul Cigaleuh Rumah Makan Sunda Khas Majalengka,Majalengka,Kuliner,5,"Lagi hamil muda mabok2nya mual, gk selera makan,, suami ajak makan disini..Masya Allah ponyoooo..nikmat, sambelnya mantep, pelayannya Ramah pisan 👍👍
liat di ulasan sih nunggunya lama, ternyata cepet padahal rame bgt + hari libur",2026-04-20T13:21:39.696Z,Ende Siti Rodiyah,118334697929624534322,False,0,id,2026-05-04T16:20:02.065649
Ci9DQUlRQUNvZENodHljRjlvT2psSFQxVmFWRVJQTjFwMGIyTjFWSFZqTFZkWlpGRRAB,ChIJfU7MDw4vby4RWsRL1Bp6qBc,Sangu Akeul Cigaleuh Rumah Makan Sunda Khas Majalengka,Majalengka,Kuliner,4,"Makananya enaaakkk selera gue banget masakan sunda.pencok katelnya juara sih,di sarankan datang sebelum jam makan siang soalnya rame banget.",2026-04-18T10:47:34.039Z,Brandon “Rei” Jacko,116476989275363273843,True,0,id,2026-05-04T16:20:02.065694
Ci9DQUlRQUNvZENodHljRjlvT25sdldqVjViV1ZZYW1zNE1VWlJVMHh1UW1seE4yYxAB,ChIJfU7MDw4vby4RWsRL1Bp6qBc,Sangu Akeul Cigaleuh Rumah Makan Sunda Khas Majalengka,Majalengka,Kuliner,5,Terimakasih sudah dimudahkan,2026-04-18T01:58:23.777Z,zen assegaf,115922610749194416332,False,0,id,2026-05-04T16:20:02.065717
Ci9DQUlRQUNvZENodHljRjlvT25oNGVYUmFPRzVsVURGWlVEazFhMVJHUjNkbmFFRRAB,ChIJfU7MDw4vby4RWsRL1Bp6qBc,Sangu Akeul Cigaleuh Rumah Makan Sunda Khas Majalengka,Majalengka,Kuliner,5,"Makanan nya sangat enak masyaAllah
Ikan bakar, ayam bakar, pencok katelnya, teh gula cakarnya, pokoknya rekomendasi bgt deh utk acara makan2 keluarga, bareng sahabat, atau bisa utk acara2 arisan dll",2026-04-17T07:29:57.422Z,Desty Afriatni,113153354367824627287,True,0,id,2026-05-04T16:20:02.065728
Ci9DQUlRQUNvZENodHljRjlvT2xGcGFsTXRMV1pQYWpCUkxWcFRhRlJQU1U1V2IzYxAB,ChIJfU7MDw4vby4RWsRL1Bp6qBc,Sangu Akeul Cigaleuh Rumah Makan Sunda Khas Majalengka,Majalengka,Kuliner,5,"Gak sengaja makan siang kesini, berangkat dr Bandung.
Semua makanannya approved!!! Enak enak enak bgt!
wajin pesen Pencok katel, bessssttt!!!!
Bakal balik lg kesini",2026-04-17T04:53:42.547Z,Della Dsafitri,112146130664945756083,True,0,id,2026-05-04T16:20:02.065737
Ci9DQUlRQUNvZENodHljRjlvT2pWMlFURnFaVTlaTFRaYVF6aHJNa2xyUzNOb2JuYxAB,ChIJfU7MDw4vby4RWsRL1Bp6qBc,Sangu Akeul Cigaleuh Rumah Makan Sunda Khas Majalengka,Majalengka,Kuliner,5,"Saung Akeul jadi salah satu tempat favorit buat makan makanan Sunda. Rasanya enak banget, bumbunya pas, dan semua menu terasa fresh. Ditambah suasana saung yang adem bikin makin betah!",2026-04-14T10:37:45.530Z,Afifah nafisah,116751861868637501414,True,0,id,2026-05-04T16:20:02.065768
Ci9DQUlRQUNvZENodHljRjlvT25WTU0xWnRZVGd0U2toaVFYUm5RVTlVZGtsalVIYxAB,ChIJfU7MDw4vby4RWsRL1Bp6qBc,Sangu Akeul Cigaleuh Rumah Makan Sunda Khas Majalengka,Majalengka,Kuliner,4,"Makanan tempo dulu bisa bernostalgia dng makanan jadul ala ala Sunda. Tempat kurang tertata rapi. Atap masih seng jadi aga panas, toilet bersebelahan dng tempat bakar jadi aga bau asap. Makanan ramah kantong",2026-04-13T03:07:22.186Z,Andi Rustandi,116620143485519929724,True,0,id,2026-05-04T16:20:02.065787
Ci9DQUlRQUNvZENodHljRjlvT25STlVHcEhVRGh2TjFwemRTMWZRV0V5VldnelRXYxAB,ChIJfU7MDw4vby4RWsRL1Bp6qBc,Sangu Akeul Cigaleuh Rumah Makan Sunda Khas Majalengka,Majalengka,Kuliner,5,Ini kali ke 2 datang ke Sangu Akeul dan beruntung bisa dapat kesempatan untuk bisa menikmati makanan khas Majalengka.,2026-04-12T15:50:48.161Z,Iwan Setiawan,102667280561073263751,True,0,id,2026-05-04T16:20:02.065806
Ci9DQUlRQUNvZENodHljRjlvT2tFM2VYZEVZalJZVFRoRFgxOXdVVkEyVjNad01rRRAB,ChIJfU7MDw4vby4RWsRL1Bp6qBc,Sangu Akeul Cigaleuh Rumah Makan Sunda Khas Majalengka,Majalengka,Kuliner,5,Rekomendasi habis makan langsung naik ke mata (ngantuk),2026-04-12T11:21:32.268Z,Aliando Aliando,109459746644332644364,True,0,id,2026-05-04T16:20:02.065826
Ci9DQUlRQUNvZENodHljRjlvT2pKYVRqSnNhMFpXUW1GQlRFcEplR013WXpFMFNVRRAB,ChIJBVb2T8whby4RDK09afAGsMc,Sari Leueut Suramadu,Majalengka,Kuliner,4,"Makanannya enak, pelayanan cepat..",2025-08-04T02:57:53.558Z,At-thahirah,102874553377483992785,True,0,id,2026-05-04T16:20:02.065851
ChdDSUhNMG9nS0VKajhtc3VSOC1EeG9RRRAB,ChIJBVb2T8whby4RDK09afAGsMc,Sari Leueut Suramadu,Majalengka,Kuliner,5,"Makan siang di sini dg menu nasi liwet, gurame bakar, Nila goreng, karedok, tahu tepung, pisang goreng cokju dan pisang bakar cokju.
Makanannya enak, tempatnya bersih dg pemandangan yg cakep,  pelayanan baik dan cepat. Owner dan staf nya ramah.",2025-05-25T09:36:50.938Z,atikvb,103945171441351523333,True,0,id,2026-05-04T16:20:02.065882
ChZDSUhNMG9nS0VPQ3VzTzZncmJMWEFnEAE,ChIJBVb2T8whby4RDK09afAGsMc,Sari Leueut Suramadu,Majalengka,Kuliner,5,tempat nya sejuk ramai sambutan nya baik dan ada hiburan karoke kecil kecilan di taun baru ternyata singer nya aku hehhee top dahh,2025-05-20T15:24:55.583Z,Anis Anisa,105982754903253020800,False,0,id,2026-05-04T16:20:02.065891
ChdDSUhNMG9nS0VQR1cwdlRhNUtxOXpBRRAB,ChIJBVb2T8whby4RDK09afAGsMc,Sari Leueut Suramadu,Majalengka,Kuliner,3,Ruang rapat kurang terawat.,2025-05-15T05:10:32.198Z,KEVIN KUSUMAH,113574192049135551869,False,0,id,2026-05-04T16:20:02.065903
ChZDSUhNMG9nS0VJMld4Zm1ObFpTWGRBEAE,ChIJBVb2T8whby4RDK09afAGsMc,Sari Leueut Suramadu,Majalengka,Kuliner,5,"Baru pertama kesini, pelayanan ramah, makan enak. Karena pas hari libur banyak menu yg gak ready, Harga sesuai dengan rasa makanan 👍",2025-05-14T11:02:03.592Z,Riki Susanto,106684034782695854639,True,1,id,2026-05-04T16:20:02.065912
ChZDSUhNMG9nS0VJQ0FnTUNvaU43d1J3EAE,ChIJBVb2T8whby4RDK09afAGsMc,Sari Leueut Suramadu,Majalengka,Kuliner,5,di lantai paling atas kursinya basah 😭abis ujan kali yaa😭lebih di perhatikan lagi di area paling atas yaa min,2025-04-14T15:59:06.998Z,Rumput Tetangga,111953507309811383769,True,0,id,2026-05-04T16:20:02.065929
ChdDSUhNMG9nS0VJQ0FnTURJZzhXRW9RRRAB,ChIJBVb2T8whby4RDK09afAGsMc,Sari Leueut Suramadu,Majalengka,Kuliner,5,"Tempat nyaman, makanan standar sesuai harga",2025-04-12T14:17:33.634Z,Deni Mahendra,111895169414880269344,True,0,id,2026-05-04T16:20:02.065938
ChdDSUhNMG9nS0VJQ0FnTUNJcGVXVnNBRRAB,ChIJBVb2T8whby4RDK09afAGsMc,Sari Leueut Suramadu,Majalengka,Kuliner,5,"Sempet viral di sosmed karena view malamnya yang banyak lampu2. Aku kasih foto view siangnya yang keliatan bukit, gak kalah bagus.
Untuk rasa makanan enak, approved by my fam.
Pelayannya juga ramah dan friendly",2025-04-03T13:54:09.793Z,shelly sk,103744151260555212021,True,0,id,2026-05-04T16:20:02.065947
ChdDSUhNMG9nS0VJQ0FnTURRX3RXd3NBRRAB,ChIJBVb2T8whby4RDK09afAGsMc,Sari Leueut Suramadu,Majalengka,Kuliner,5,Tempat nya bagus nyaman,2025-03-11T11:24:01.398Z,agung 1994,109991469225212916774,False,0,id,2026-05-04T16:20:02.065987
ChdDSUhNMG9nS0VJQ0FnSUNmNDZQOHVRRRAB,ChIJBVb2T8whby4RDK09afAGsMc,Sari Leueut Suramadu,Majalengka,Kuliner,2,"Karyawan dan pelayanannya kurang sigap mengantisiapasi konsumen di hari libur.
Beberapa rasa makanan terlalu asin (nasgor & sop iga).",2025-01-01T07:17:55.580Z,Wisalathi,109007343502161460676,True,0,id,2026-05-04T16:20:02.066003
Ci9DQUlRQUNvZENodHljRjlvT25wSWJrMWZlVEJhU1VzNVQzSlJObVJsZGw5UGJWRRAB,ChIJfU7MDw4vby4RWsRL1Bp6qBc,Sangu Akeul Cigaleuh Rumah Makan Sunda Khas Majalengka,Majalengka,Kuliner,5,Makanan jadul khas Majalengka... Cocok yg buat suka kulineran.. Recomended lah...,2026-04-11T09:22:02.911Z,Jito,105637125345882861980,True,0,id,2026-05-04T16:20:02.066027
Ci9DQUlRQUNvZENodHljRjlvT201bFJVSTFPVXhCY2t3NGREQXlZazU1Tm1SV1FsRRAB,ChIJfU7MDw4vby4RWsRL1Bp6qBc,Sangu Akeul Cigaleuh Rumah Makan Sunda Khas Majalengka,Majalengka,Kuliner,5,"Pencok katel 👍
Beunteur 👍
Cocobekan 👍",2026-04-09T22:34:13.294Z,Yudi Permadi,105603832515004000779,True,0,su,2026-05-04T16:20:02.066058
Ci9DQUlRQUNvZENodHljRjlvT2kxdWFHMVpVV0pSUkVKd1dGWkJNelY0YkhCeloyYxAB,ChIJfU7MDw4vby4RWsRL1Bp6qBc,Sangu Akeul Cigaleuh Rumah Makan Sunda Khas Majalengka,Majalengka,Kuliner,5,"Mampir ke sini di perjalanan pulang dari Solo menuju Bandung krn kebetulan pas jam makan siang.

Antrian di jam makan siang lumayan banyak, kami di urutan waiting list ke 7. Tapi ternyata nunggunya gak begitu lama, gak sampe 15 menit kami udh dipanggil masuk.

Kami beli banyak menu seperti yg di foto.
Makanan datang lumayan cepat, gambarannya klo kamu ke toilet trus langsung sholat dzuhur, pas balik makanannya udah ada di meja.

Suasananya sunda banget.
Tempat makan ada yg duduk pake kursi dan meja, ada juga yg lesehan. Kami prefer yg di meja-kursi.

SEMUA MAKANAN ENAK YA... DAN HARGANYA MURAH.

Tapi saya kurang nyaman dg fasilitas toilet yg cuma 2 unit dan kotor. Tempat wudhu dan sholat jg seadanya. Apalagi pas kebetulan lagi ujan gede. Nggak banget deh, huhu.

Oya, tempat parkir tidak begitu luas, tapi ada pak parkir yg mengarahkan area parkir meski harus sedikit berjalan.

Overall, it was good.",2026-04-09T13:35:58.004Z,Susie Ncuss,100311379503111469055,True,0,id,2026-05-04T16:20:02.066070
Ci9DQUlRQUNvZENodHljRjlvT25oWVpURXlVVFZvVW5sTE1UUTFRMWxPTFhkekxWRRAB,ChIJfU7MDw4vby4RWsRL1Bp6qBc,Sangu Akeul Cigaleuh Rumah Makan Sunda Khas Majalengka,Majalengka,Kuliner,4,"Unik, Makanan khas sunda.
Ada pilihan nasi uduk.
Yg unik gula batunya warna pink lupa namanya
ada juga bunga dijadikan sayur.
banyak menu unik sih tidak familiar di umum
Dan ramai banget sih",2026-04-07T19:00:05.313Z,Nia Putri,111428282612179586937,True,0,id,2026-05-04T16:20:02.066103
Ci9DQUlRQUNvZENodHljRjlvT2tGaVNFdElWbDlCY1VoMFNERXhUWFphWjJ4VkxXYxAB,ChIJfU7MDw4vby4RWsRL1Bp6qBc,Sangu Akeul Cigaleuh Rumah Makan Sunda Khas Majalengka,Majalengka,Kuliner,4,"Transit..
Ramah-ramah dan nyunda.☺️
Recommended.",2026-04-07T06:02:14.021Z,Heri Sunarli Hansuana,114470752877727676964,True,0,su,2026-05-04T16:20:02.066124
Ci9DQUlRQUNvZENodHljRjlvT2tGMlZXbEpPQzFQVm0wMVQyUlFaRFJFT0RacFFuYxAB,ChIJfU7MDw4vby4RWsRL1Bp6qBc,Sangu Akeul Cigaleuh Rumah Makan Sunda Khas Majalengka,Majalengka,Kuliner,5,Karyawan profesional,2026-04-05T15:20:10.730Z,Giorgio Winterstein,116032203666058264039,True,0,id,2026-05-04T16:20:02.066134
Ci9DQUlRQUNvZENodHljRjlvT21WTVFVSlRORTVTVFY5WFFuTktObG80WkdscFUwRRAB,ChIJfU7MDw4vby4RWsRL1Bp6qBc,Sangu Akeul Cigaleuh Rumah Makan Sunda Khas Majalengka,Majalengka,Kuliner,5,Makanannya enak dan lumayan murah,2026-04-05T11:25:30.015Z,danang den sinyo,113753266601102375727,True,0,id,2026-05-04T16:20:02.066143
Ci9DQUlRQUNvZENodHljRjlvT25KNWRVazRNek4wYzB0TmNVa3piMnBLUVVsMlQwRRAB,ChIJfU7MDw4vby4RWsRL1Bp6qBc,Sangu Akeul Cigaleuh Rumah Makan Sunda Khas Majalengka,Majalengka,Kuliner,5,Enaaaak semuaaa makanan nyaa,2026-04-05T06:35:48.689Z,Ajeng,118182814533437121069,True,0,id,2026-05-04T16:20:02.066154
Ci9DQUlRQUNvZENodHljRjlvT2w5eWVrMWFOalZqVERJMFRuVlRVMGRvVkZNeFRWRRAB,ChIJfU7MDw4vby4RWsRL1Bp6qBc,Sangu Akeul Cigaleuh Rumah Makan Sunda Khas Majalengka,Majalengka,Kuliner,5,"Tempat makan keluarga yang recomended. Makanannya enak, masakan khas Majalengka. Bisa ajak keluarga untuk makan bareng2 disini. Overall cukup memuaskan. Tempat parkir mobil didepan RM cukup untuk 6 mobil bertumpuk, sisanya bisa parkir du pinggir jalan. Nantinya ada tukang parkir yg mengarahkan.",2026-04-04T11:23:12.296Z,Imam Yogi Wibowo,102226761505710000990,True,0,id,2026-05-04T16:20:02.066163
Ci9DQUlRQUNvZENodHljRjlvT2xkeVltWkRPRlZUU1VnM016QlFWbDg1TkdKYVIzYxAB,ChIJe6GpXXsvby4ReVhy5E3QJTo,Saung Eurih,Majalengka,Kuliner,4,Layanan ya sofan bnget dan juga amanh jujur,2026-04-10T23:13:28.829Z,Lilis Kartika,105920488537872540228,False,0,id,2026-05-04T16:20:02.066180
Ci9DQUlRQUNvZENodHljRjlvT2taSU5ucExOazVEWnkxRFFVcFdibTR6YlRGeVdFRRAB,ChIJe6GpXXsvby4ReVhy5E3QJTo,Saung Eurih,Majalengka,Kuliner,1,"Pelayanan buruk bgt , udah serervasi jauh2 hari pas hari H bukber makanan Dateng jam 19.30 nasi dingin , menu yg di pesan jauh hari tb2 sold out wkwk kocak emang ini resto kacau
Kapok bgt kesni dan gak akan ksni lagi",2026-03-26T18:01:50.946Z,Bella Nurdelfia,118360527346344905693,True,0,id,2026-05-04T16:20:02.066198
Ci9DQUlRQUNvZENodHljRjlvT2pJM1UyVjVSR2xOYkZKbVVWcHhiRE5ZYkZFMWVtYxAB,ChIJe6GpXXsvby4ReVhy5E3QJTo,Saung Eurih,Majalengka,Kuliner,1,"mengecewakan,,,,, sdh reservasi begitu dateng, orderan pada kosong,,,,nasi dingin sm keras, kangkung order ga pedes dikasi pedes, ayam bakarnya keras,ga recomended kalo makanannya, kalo tempat okelah,,,
ga banget deh,,,,",2026-03-22T07:15:49.689Z,Eno Nurhasanah,108185536117236232412,True,0,id,2026-05-04T16:20:02.066208
Ci9DQUlRQUNvZENodHljRjlvT21wRFlrUXpNekUwVDJORWJHZFBTbmxpVFV4Q1gyYxAB,ChIJe6GpXXsvby4ReVhy5E3QJTo,Saung Eurih,Majalengka,Kuliner,5,"tempat nyaman, makanan wort it",2026-03-19T09:10:58.635Z,Annisa Syifa aulia,118234755659980765344,False,0,id,2026-05-04T16:20:02.066219
Ci9DQUlRQUNvZENodHljRjlvT2pSb05rZDFaRm94ZUhWRlVHeGxkVFZSVWpsQ2RuYxAB,ChIJe6GpXXsvby4ReVhy5E3QJTo,Saung Eurih,Majalengka,Kuliner,1,"Tidak Rekomend Buat Tempat buka Bersama,ini pengalaman yang sangat buruk makanan Datang seteleh mau sholat terawih,.",2026-03-14T12:57:05.396Z,Riyan Nurhidayat,104613564369256879620,False,0,id,2026-05-04T16:20:02.066265
Ci9DQUlRQUNvZENodHljRjlvT2xGUlNUUnFhRzF5Y1c1ck5taEdWVkZhUkV3elVHYxAB,ChIJe6GpXXsvby4ReVhy5E3QJTo,Saung Eurih,Majalengka,Kuliner,1,Kecewa bgt bukber udh boking dteng makan nya JM stengah 8 mana ga di kasih minum es nya,2026-03-14T12:43:23.716Z,Abang tamyiz,112023562451939708812,False,0,id,2026-05-04T16:20:02.066279
Ci9DQUlRQUNvZENodHljRjlvT2xjeExXUnFRVTlQYlhsME1qQk1Va1phYkRFMk0wRRAB,ChIJe6GpXXsvby4ReVhy5E3QJTo,Saung Eurih,Majalengka,Kuliner,1,sangat bagus sekali saran saya lebih lama lagi sampai sahur,2026-03-14T12:42:45.553Z,Fahri Ardhana,103752976750007008494,False,0,id,2026-05-04T16:20:02.066289
Ci9DQUlRQUNvZENodHljRjlvT2tORmIyWnBiM0pvZDNjMFJsZENWRW80VGpkc0xVRRAB,ChIJe6GpXXsvby4ReVhy5E3QJTo,Saung Eurih,Majalengka,Kuliner,1,"Dikarenakan nunggu sangat lama,, nunggu hampir 1 jam,, nunggu makanan nya",2026-03-14T12:42:36.043Z,Fatthur Rohman,100447529442418869738,False,0,id,2026-05-04T16:20:02.066299
Ci9DQUlRQUNvZENodHljRjlvT25keVdsVkllRE5aYWtKU2JteHljSEZXWXpadVlWRRAB,ChIJe6GpXXsvby4ReVhy5E3QJTo,Saung Eurih,Majalengka,Kuliner,2,"makanan lumayan dan vibesnya enak, cuma kenapa ya makanannya lama di antar, buka puasa jam 18:10 tapi makanan baru jadi sekitar jam 18:30",2026-02-28T16:54:48.044Z,Ridho Abdillah,101150750241292130368,False,0,id,2026-05-04T16:20:02.066308
Ci9DQUlRQUNvZENodHljRjlvT2xoUE4yNVJaa3RZVkdkVVZEQTROVWcxVVdOMmNGRRAB,ChIJe6GpXXsvby4ReVhy5E3QJTo,Saung Eurih,Majalengka,Kuliner,3,"Tempat makan nya enak, menurut saya sambel sama pencok nya terlalu manis udh kayak kolek kapan2 kalau kesini lagi bisa request yg agak asianan engga kayak kolek sambel nya",2026-01-28T14:47:47.010Z,Hendia Maulana,115294732152834920137,True,0,id,2026-05-04T16:20:02.066317
Ci9DQUlRQUNvZENodHljRjlvT2pGbmNHSnJZMTluWlU5ZlF6TjNjbWxCYm5Zd1NGRRAB,ChIJe6GpXXsvby4ReVhy5E3QJTo,Saung Eurih,Majalengka,Kuliner,5,Bagus Suasana Asri,2026-01-17T09:15:41.669Z,slamet bohariawan,101736958705034232705,True,0,id,2026-05-04T16:20:02.066335
Ci9DQUlRQUNvZENodHljRjlvT25VMlNtbHZURWx0VGxwTGVrWktSalUwVDJVM1VtYxAB,ChIJe6GpXXsvby4ReVhy5E3QJTo,Saung Eurih,Majalengka,Kuliner,5,Liwetnya takes a century to make,2026-01-17T07:06:48.291Z,Akbar Robiyana,104966302789979822783,True,0,en,2026-05-04T16:20:02.066343
ChdDSUhNMG9nS0VJQ0FnSUM2MVAySGpBRRAB,ChIJe6GpXXsvby4ReVhy5E3QJTo,Saung Eurih,Majalengka,Kuliner,4,"tempat makan yang alami sekali, menunya nasi liwet, ada karedok, ikam bakar...parkir luas, bisa untuk pertemuan atau family gathering",2026-01-08T06:20:41.733Z,Aljauzi Channel,103076279296241368698,True,0,id,2026-05-04T16:20:02.066358
Ci9DQUlRQUNvZENodHljRjlvT2xKRll6WXlTR015ZVROeGFrTnJTbWxSZUUwMVpYYxAB,ChIJe6GpXXsvby4ReVhy5E3QJTo,Saung Eurih,Majalengka,Kuliner,5,"Gak terlalu rame jd enak buat santai, untuk makanan harus pesan dulu sebelumnya agar bisa cepat",2025-12-28T14:49:59.545Z,Bambang D Nugraha,116969124529980363747,True,0,id,2026-05-04T16:20:02.066378
ChZDSUhNMG9nS0VJQ0FnSURQdzRDOElBEAE,ChIJBVb2T8whby4RDK09afAGsMc,Sari Leueut Suramadu,Majalengka,Kuliner,5,"Tempat sejuk, view bagus bingits ...",2024-12-05T05:03:45.914Z,Diyanto Alie,101580478720150916093,True,0,id,2026-05-04T16:20:02.066394
ChdDSUhNMG9nS0VJQ0FnSUNYdjlQWWhBRRAB,ChIJBVb2T8whby4RDK09afAGsMc,Sari Leueut Suramadu,Majalengka,Kuliner,5,Tempatnya makan dengan pemandangan yang bagus.,2024-10-22T12:46:25.811Z,Gothang,118445443673596718789,True,0,id,2026-05-04T16:20:02.066410
ChdDSUhNMG9nS0VJQ0FnSUNYdjhHb3h3RRAB,ChIJBVb2T8whby4RDK09afAGsMc,Sari Leueut Suramadu,Majalengka,Kuliner,5,"Recommended place. Makanannya enak enak ga boong, harganya affordable, suasananya nyaman sekali masya allah",2024-10-22T12:15:36.231Z,Dian Musyarofah,110134027809411274415,True,0,id,2026-05-04T16:20:02.066419
ChZDSUhNMG9nS0VJQ0FnSUNYbWFua0FREAE,ChIJBVb2T8whby4RDK09afAGsMc,Sari Leueut Suramadu,Majalengka,Kuliner,3,"Untuk rasa 7,5
Sambal terasinya asin dan asem tomat doang
Untuk harga 7 relatif
Utk tempat makannya 8 banyakkan pemandangan kolam ikan.coba dikasih taman bermain khusus anak2...ayunan atau serodotan mungkin anak2 lebih betah ✌",2024-10-18T08:04:52.588Z,Qyara Azreina,105521777975860429639,True,0,id,2026-05-04T16:20:02.066429
ChdDSUhNMG9nS0VJQ0FnSUNuNThTSC1BRRAB,ChIJBVb2T8whby4RDK09afAGsMc,Sari Leueut Suramadu,Majalengka,Kuliner,5,"We were visiting Indonesia from the UK and went for a meal and fishing at Lele Sarileueut. The views from the restaurant are stunning, the food was tasty, and the serving staff were very friendly. The fishing in the ponds on site was great fun - especially good for us as beginners. We look forward to visiting again soon!",2024-09-30T19:35:42.791Z,Naomi Lefroy,105609475228738437824,False,0,en,2026-05-04T16:20:02.066438
ChZDSUhNMG9nS0VJQ0FnSUM3b3R5TEpREAE,ChIJBVb2T8whby4RDK09afAGsMc,Sari Leueut Suramadu,Majalengka,Kuliner,5,Rekomendasi tempat makan setelah berkunjung ke wisata telaga herang atau Curug peteui.,2024-08-14T02:34:05.435Z,ibnu nugra,101718276978548076163,True,0,id,2026-05-04T16:20:02.066467
ChZDSUhNMG9nS0VJQ0FnSUNiMkxiLVpREAE,ChIJBVb2T8whby4RDK09afAGsMc,Sari Leueut Suramadu,Majalengka,Kuliner,5,"Fasilitas lengkap, ada villanya juga dan lega banget villanya. Muat buat bawa keluarga besar.",2024-07-23T04:26:41.204Z,Agung Phameswara,107464929855075408193,True,1,id,2026-05-04T16:20:02.066484
Ci9DQUlRQUNvZENodHljRjlvT2pVMVRHdEpWMGhVY2xkUVoyOWZWRzFJYmtsVWNHYxAB,ChIJSykV3tLZbi4Rx3wMU9bFef4,Rm. Saung Welit,Majalengka,Kuliner,5,"Makanya enak apalagi SOP guramenya g antir ,gurih sampe kepala2nya enak daging lembut sampe bungkus 3 sopguramenya buat dibawa pulang ,sambel yang lain nya jg pada enak",2026-04-17T12:32:39.475Z,Rezky Unggul Widetya,111907386066237751309,False,0,id,2026-05-04T16:20:02.066503
Ci9DQUlRQUNvZENodHljRjlvT2tKR01DMUhOVVV3VW5sTVJUVnNTSHBHZG5KVFNtYxAB,ChIJSykV3tLZbi4Rx3wMU9bFef4,Rm. Saung Welit,Majalengka,Kuliner,5,"dr cikarang mampir kesini enak, pelayanan nya ramah,pesan makan juga ga lama dateng mantap pokoknya 🙏🏻👍🏻",2026-04-04T07:04:51.468Z,anak baik,105071873000443162816,False,0,id,2026-05-04T16:20:02.066523
Ci9DQUlRQUNvZENodHljRjlvT2xwdFRteGhiamhZVUZweVFsTTVhSGMwV1Rock1HYxAB,ChIJSykV3tLZbi4Rx3wMU9bFef4,Rm. Saung Welit,Majalengka,Kuliner,2,Kurang pelayanan,2026-03-30T09:10:53.505Z,Royyan arsana,113715833776788871759,True,0,id,2026-05-04T16:20:02.066532
Ci9DQUlRQUNvZENodHljRjlvT2xsTldIbERTa3RYYzBWMVZTMXRPREppWkdKa1pGRRAB,ChIJSykV3tLZbi4Rx3wMU9bFef4,Rm. Saung Welit,Majalengka,Kuliner,5,"Rumah makan Sunda...harga terjangkau,menu lumayan bervariasi...cocok untuk makan bersama keluarga atau teman kantor",2026-03-29T08:26:45.136Z,desi rosida,100727114782745655092,True,0,id,2026-05-04T16:20:02.066540
Ci9DQUlRQUNvZENodHljRjlvT2taNGJGbHFNVmRxV2tkMlUxaEtlbVV0TFVzNVNGRRAB,ChIJSykV3tLZbi4Rx3wMU9bFef4,Rm. Saung Welit,Majalengka,Kuliner,5,"Macet akibat arus balik mudik, gataunya ketemu tmpt makan enak, nyaman, bersih, dan harga yg murah. Makanan dan minuman nya enak2 the best🥰",2026-03-26T05:30:39.897Z,Jeri Alita,102559534289627109157,False,0,id,2026-05-04T16:20:02.066558
Ci9DQUlRQUNvZENodHljRjlvT2tKTlgyRXhUVWxoU1cxcFpWSkRYMFZJVEdsblYxRRAB,ChIJSykV3tLZbi4Rx3wMU9bFef4,Rm. Saung Welit,Majalengka,Kuliner,5,Sambel smabelan nya enak harga terjangkau tempatnya nyaman  agak masuk  kedalem parkiran luas,2026-03-25T07:45:25.460Z,aam halimah,113910873606513740371,False,0,id,2026-05-04T16:20:02.066567
Ci9DQUlRQUNvZENodHljRjlvT205alVuaEhPRnBGVm5ST1VHYzFiWGR1YUdKTWNIYxAB,ChIJSykV3tLZbi4Rx3wMU9bFef4,Rm. Saung Welit,Majalengka,Kuliner,5,Makanan agak lama tapi overall makanan nya enak liwetnya otentik banyak menu unik yang g ditemuin ditempat lain wajib dicoba,2026-03-25T07:42:37.753Z,Kyy MauLana,105681403865867592959,False,0,id,2026-05-04T16:20:02.066576
Ci9DQUlRQUNvZENodHljRjlvT21WZk5XZzJTbWRxZUhSeU5tZHVkMlJEUjE5V04xRRAB,ChIJSykV3tLZbi4Rx3wMU9bFef4,Rm. Saung Welit,Majalengka,Kuliner,5,"Menunya makanan lengkap,parkir luas, suasana nyaman pelayanan ramah",2026-03-25T07:38:21.937Z,Yhya Mldn,116050468975180902515,False,0,id,2026-05-04T16:20:02.066585
Ci9DQUlRQUNvZENodHljRjlvT2toc1VVTTJNRWhTV0ZNMFlWVmtjWFJyUVhaVVNFRRAB,ChIJSykV3tLZbi4Rx3wMU9bFef4,Rm. Saung Welit,Majalengka,Kuliner,5,Tempat nyaman makanan lumayan cocok buat makan bareng keluqrga,2026-03-25T02:49:07.745Z,Didin Hasanudin,111967388183940735755,False,0,id,2026-05-04T16:20:02.066594
Ci9DQUlRQUNvZENodHljRjlvT25GRFNFOVJUSE5oVEd4dFNIUnNhRVo2WVVSd2NXYxAB,ChIJSykV3tLZbi4Rx3wMU9bFef4,Rm. Saung Welit,Majalengka,Kuliner,2,pelayanannya bener² lama banget,2026-03-24T07:15:39.977Z,Shello Mitha,101505020783251265746,False,0,id,2026-05-04T16:20:02.066603
Ci9DQUlRQUNvZENodHljRjlvT2tsdU0ybHJSV3R5VUdad1FuQTJabGwxYTBGVU4xRRAB,ChIJSykV3tLZbi4Rx3wMU9bFef4,Rm. Saung Welit,Majalengka,Kuliner,2,"Tolong kalo resto nya ga buka bisa di setting di google nya, saya udah ke resto nya malah tutup padahal di google nya keterangannya buka🙏",2026-03-22T05:36:31.128Z,Dian Afrida,114284731678795562939,False,0,id,2026-05-04T16:20:02.066612
Ci9DQUlRQUNvZENodHljRjlvT2pJMlh6WldlbTVMT0RWYVgyWmplVTloYmpoMU5FRRAB,ChIJSykV3tLZbi4Rx3wMU9bFef4,Rm. Saung Welit,Majalengka,Kuliner,5,Suasananya nyaman makanan enak pas untuk makan dengan keluarga,2026-03-14T12:03:12.931Z,Siska Rismaya (siska),111733913951106708982,False,0,id,2026-05-04T16:20:02.066633
Ci9DQUlRQUNvZENodHljRjlvT25WNlExaHlRV3BoWVZoYVVqa3piVGxGTlRObU0wRRAB,ChIJSykV3tLZbi4Rx3wMU9bFef4,Rm. Saung Welit,Majalengka,Kuliner,5,makanan enak liwetnya otentik,2026-03-14T12:00:15.121Z,Yogi adesaputra,107206313547378298274,False,0,id,2026-05-04T16:20:02.066641
Ci9DQUlRQUNvZENodHljRjlvT2pkc00wODNOM2hwTFc1UWFuWnBkRWhZZG1adWNFRRAB,ChIJSykV3tLZbi4Rx3wMU9bFef4,Rm. Saung Welit,Majalengka,Kuliner,5,Liwetan otentik makanan enak,2026-03-14T09:57:04.969Z,Amel Carla,104913136887483919002,False,0,id,2026-05-04T16:20:02.066651
Ci9DQUlRQUNvZENodHljRjlvT2t0WWJuQnNhR0pDVFhGT05FaHFiVFJCU1cxT1UyYxAB,ChIJSykV3tLZbi4Rx3wMU9bFef4,Rm. Saung Welit,Majalengka,Kuliner,1,"Sangat kecewa, pesen seafood, kerang putih kosong semua, ga ada satupun yg lepas ada disaosnya, beberapa pesanan kosong tapi tidak konfirmasi, datangnya lamban, dan tidak terhidangkan sampai selesai makan",2026-03-12T12:32:44.261Z,Anisa Rosdiana,116608307926457544101,False,0,id,2026-05-04T16:20:02.066660
Ci9DQUlRQUNvZENodHljRjlvT2xoSGFGbFRXazlHZVd3MmNXbDZUbVJyYkd0WFRGRRAB,ChIJSykV3tLZbi4Rx3wMU9bFef4,Rm. Saung Welit,Majalengka,Kuliner,1,pelayanan nya kurang banget apalagi admin whatsapp nya,2026-03-12T11:27:57.159Z,ShalwaDwi,104405715828956901914,False,0,id,2026-05-04T16:20:02.066669
Ci9DQUlRQUNvZENodHljRjlvT20xa1NUZHlXbTVIZEY5Nk4wcHBPR2R4WmxWSlNuYxAB,ChIJrRhbUJolby4RTQ6Q8rAP9Ms,Sawah Aki,Majalengka,Kuliner,5,Makan siang Passss di tepi sawah....,2026-04-25T10:06:20.754Z,Hernu Sulistyo,117385234032971341626,True,0,id,2026-05-04T16:20:02.066679
Ci9DQUlRQUNvZENodHljRjlvT2pkbGJrbzJNMWRtU0Y4MU9IZFhjbkJhVVhFd2JsRRAB,ChIJrRhbUJolby4RTQ6Q8rAP9Ms,Sawah Aki,Majalengka,Kuliner,5,Favorit keluarga,2026-04-19T15:23:11.930Z,Mair,101958290511089765335,False,0,id,2026-05-04T16:20:02.066690
Ci9DQUlRQUNvZENodHljRjlvT2xKcGJIVlRjMngzVFVNNU1YWlJUMEpKYms5VWExRRAB,ChIJrRhbUJolby4RTQ6Q8rAP9Ms,Sawah Aki,Majalengka,Kuliner,4,"Perjalanan dari Kuningan menuju jakarta melipir jam 3 sore kesini.bisa booking tempat.tiba disana disambut hujan dgn posisi saung lesehan datang pula hujan angin sangat lebat..luar biasa..makan ditemani badai..hahaha.seruu...makan sambil berjibaku melindungi nasi dan lauk dari terpaan hujan angin.ga sempet foto"" Krn makanpun blm selesai tp dihantam hujan deras bangattt sampe basah semua yg dibadan...luar biasa..terima kasih",2026-04-15T08:50:05.177Z,Sendal Jepit,112242175503171883334,True,0,id,2026-05-04T16:20:02.066705
Ci9DQUlRQUNvZENodHljRjlvT2s1aFNVUkRaVE01VkVFNWVrNWlkVkZSZWtoR05rRRAB,ChIJrRhbUJolby4RTQ6Q8rAP9Ms,Sawah Aki,Majalengka,Kuliner,5,"Tempat enakeun, makanan makyuss harga familiar",2026-04-12T12:37:06.971Z,SantaFe Hyundai,116625145584347272018,False,0,su,2026-05-04T16:20:02.066788
Ci9DQUlRQUNvZENodHljRjlvT2preFMzWlNTbTFCTkdOblNXTlRabEJsUXpCSFdGRRAB,ChIJrRhbUJolby4RTQ6Q8rAP9Ms,Sawah Aki,Majalengka,Kuliner,5,Suasananya mantul👍👍👍,2026-03-29T05:59:10.681Z,Ahmad Sodikin,117077124973892622806,False,0,id,2026-05-04T16:20:02.066883
Ci9DQUlRQUNvZENodHljRjlvT21sT2JGVndOR2xyUjI1VUxVZFllRXRwUm1ZMFIxRRAB,ChIJrRhbUJolby4RTQ6Q8rAP9Ms,Sawah Aki,Majalengka,Kuliner,5,enak mantapp 👍🫰,2026-03-29T05:58:44.789Z,eloh ena,113847381605050442391,False,0,id,2026-05-04T16:20:02.066892
Ci9DQUlRQUNvZENodHljRjlvT2tSR2JFUnpaQzF3VlRGamRuRnFXR2h6ZGs0NVpWRRAB,ChIJe6GpXXsvby4ReVhy5E3QJTo,Saung Eurih,Majalengka,Kuliner,3,Tempat kita duduk (bukan lesehan) panaas gak ada kipas angin. Makanan datengnya lamaaa pisan. Pesen juice datengnya terakhir 🙈.,2025-12-28T11:05:54.360Z,Maulina,110514339740207460398,True,0,id,2026-05-04T16:20:02.066907
Ci9DQUlRQUNvZENodHljRjlvT25GSlJteDJjMmhSVG1wWVpsVk1XRlpDWlZab1FrRRAB,ChIJe6GpXXsvby4ReVhy5E3QJTo,Saung Eurih,Majalengka,Kuliner,5,"Terimakasih pelayqnan samgat baik dan cepat makanannya juga enak2 bisa untuk rapat untuk acara2 resmi
Dari Nenamka",2025-12-19T04:04:43.009Z,Krisnayanti Suatmaji,107326588742627237120,False,0,id,2026-05-04T16:20:02.066923
Ci9DQUlRQUNvZENodHljRjlvT21weGFUaHpjbUo1WlVSVWJqTmlaM1JwYldOTVpXYxAB,ChIJe6GpXXsvby4ReVhy5E3QJTo,Saung Eurih,Majalengka,Kuliner,5,"Nasi Liwet Saung Eurih T O P BGT
Recomended bgt, Nunggu Agak lama wajar krna Nasi Liwet nya dadakan.",2025-11-09T05:27:12.817Z,didit Imam,106696366199882730128,True,0,id,2026-05-04T16:20:02.066932
ChdDSUhNMG9nS0VJQ0FnSURxc0libTlnRRAB,ChIJe6GpXXsvby4ReVhy5E3QJTo,Saung Eurih,Majalengka,Kuliner,5,Lesehan dekat dengan lokasi Jiaroh,2025-11-08T09:15:47.537Z,Rihanto Jokomulyo,103725739399852759620,True,0,id,2026-05-04T16:20:02.066940
Ci9DQUlRQUNvZENodHljRjlvT2twVVpuUTNYMFYyTTNkRGVIcDFZM2hKUW1wVFZtYxAB,ChIJe6GpXXsvby4ReVhy5E3QJTo,Saung Eurih,Majalengka,Kuliner,1,"Datang dan pesan jam 14.00tapi sampe jam 16.00 belum diantar makanannya, bolak balik lpnfirmasi bilangnya ditunggu terus, ahirnya 15 orang tantrum dan cancel, tidak ada kata maaf dari pelayan. Kacau sih",2025-11-02T06:38:44.857Z,Faizan Artanabil,110213775723740705912,False,0,id,2026-05-04T16:20:02.066948
Ci9DQUlRQUNvZENodHljRjlvT2xwNFoyNVVWRkJPVjBOVmRsQTJhbTF2TldGcU9FRRAB,ChIJe6GpXXsvby4ReVhy5E3QJTo,Saung Eurih,Majalengka,Kuliner,2,"Sayang makanannya enak tapi Teman saya jadi maung karena Servicesnya lambat, pesanan sempat salah dan lupa padahal sudah dicatat. Infonya kalau weekend harus reservasi biar gk lama🥹🦁🔥",2025-10-26T08:51:56.052Z,nikki nc,117877039673502632037,False,0,id,2026-05-04T16:20:02.066957
Ci9DQUlRQUNvZENodHljRjlvT2t0c01YcERaVUpJUW1RMlZIWlNaazFKWTFwaVdrRRAB,ChIJe6GpXXsvby4ReVhy5E3QJTo,Saung Eurih,Majalengka,Kuliner,4,"Over all enak semua, hanya agak kecewa, di menu ada ayam bakakak, tp ternyata ga ada, satur asam nya mantap, dimasak dadakan huuu seger rasanya",2025-10-04T23:56:34.508Z,Enung Nurhasanah,101466875286441071313,False,0,id,2026-05-04T16:20:02.066974
Ci9DQUlRQUNvZENodHljRjlvT25BM1YzVnlhVFY2Y0dGdldVNTNXbFEyTVdaVlFXYxAB,ChIJe6GpXXsvby4ReVhy5E3QJTo,Saung Eurih,Majalengka,Kuliner,5,Terdapat saung saung di pinggir tebing,2025-09-15T22:32:46.567Z,Ariesco Pratama,107286068154437448407,True,0,id,2026-05-04T16:20:02.066982
Ci9DQUlRQUNvZENodHljRjlvT2sxZlVreEpaVlV6UVc5WUxWcElUVlZCVEZoWWNWRRAB,ChIJe6GpXXsvby4ReVhy5E3QJTo,Saung Eurih,Majalengka,Kuliner,5,We had a wonderful lunch yesterday at Saung Eurih.  The restaurant is in a beautiful location just outside of the center of Majalengka.  It feels like you are deep in the forest but really you are about 15 minutes from the city.    The food was excellent and a great value.  We will definitely be back to Saung Eurih.  Highly recommend!,2025-09-12T07:04:27.070Z,Justin Rejda,101504445179587990327,True,0,en,2026-05-04T16:20:02.066995
Ci9DQUlRQUNvZENodHljRjlvT25CTWJVSk1ZMEZLYVhOQ2EwWXphRjlQU0dscU1rRRAB,ChIJe6GpXXsvby4ReVhy5E3QJTo,Saung Eurih,Majalengka,Kuliner,5,"Selau ksni dikala lapar ,enak2 makannnya",2025-09-06T06:40:45.760Z,rini fitri,106166206548298475973,False,0,id,2026-05-04T16:20:02.067016
Ci9DQUlRQUNvZENodHljRjlvT2xsclVXbzBkMjF5Y0hkR1ZqQk5XRU14T0dWaWJWRRAB,ChIJe6GpXXsvby4ReVhy5E3QJTo,Saung Eurih,Majalengka,Kuliner,5,"Recommended banget, tempat nya sejuk pokoknya top ⭐⭐⭐⭐⭐",2025-07-27T13:36:53.735Z,Neneng Siti Aminah,104944756391510368026,False,0,id,2026-05-04T16:20:02.067033
Ci9DQUlRQUNvZENodHljRjlvT2twelpYaHRPRkUyUkhaNGVtTlphMmRCTTFFM2FuYxAB,ChIJe6GpXXsvby4ReVhy5E3QJTo,Saung Eurih,Majalengka,Kuliner,5,"Suasana di kaki bukit bikin santai, kopinya enak, makanannya bikin nambah, haturnuhun saung eurih, selalu memberikan kesan hebat.",2025-07-24T13:15:49.311Z,Indra DB Rahadian,117557653466960804021,True,0,id,2026-05-04T16:20:02.067050
Ci9DQUlRQUNvZENodHljRjlvT25WaFNYUTNUVlpRZFhKZlVHWlBPVmsyU1dWS1RXYxAB,ChIJe6GpXXsvby4ReVhy5E3QJTo,Saung Eurih,Majalengka,Kuliner,5,"Tempatnya bener'' mengingatkan di masa tahun 50 atau 60 kali ya ..
Soalnya sya lahir di 80an aja blom Nemu suasana kaya gitu..
& Tempat di bagian Deket musolah aga sedikit Hororrr .. hehehe
Alhamdulillah ngalamin makan di sini & sholat di musolah nya juga..",2025-07-20T14:39:06.264Z,Mega Kebab,105989991008468883566,True,0,id,2026-05-04T16:20:02.067058
Ci9DQUlRQUNvZENodHljRjlvT2tsRFdIWldTbXM0VlhwaFFVUmtWRXBqTFVWVFdWRRAB,ChIJe6GpXXsvby4ReVhy5E3QJTo,Saung Eurih,Majalengka,Kuliner,5,"Sudah 3kali kesini, waktu masih saya gadis masih ada beberapa saung namun setelah menikah masya Allah banyak perubahan semakin bagus, nyaman semoga ke depannya semakin sukses, toiletnya bersih, makanannya tambah enak lagi,pelayanannya lebih baik & kebersihannya tetap dijaga",2025-07-17T01:35:53.614Z,Olive,110127162517970825171,True,0,id,2026-05-04T16:20:02.067075
Ci9DQUlRQUNvZENodHljRjlvT2tGTmEwNWZObmxrZEU5WFkwUXdMV2RJVDJ0ZlNXYxAB,ChIJSykV3tLZbi4Rx3wMU9bFef4,Rm. Saung Welit,Majalengka,Kuliner,1,"Pelayanannya jelek, sedangkan pesanan tambahan udah jelas jelas DICANTUMKAN tapi tidak dihidangkan. Admin tidak teliti terhadap apa yg dipesan konsumen. Tidak ada permohonan maaf ataupun penyampaian lisan yg baik setelah pesanan ditanyakan. SEGERA PERBAIKI ADMINNYA",2026-03-10T13:34:51.719Z,Farah Emalia,104594841663490224401,False,0,id,2026-05-04T16:20:02.067098
Ci9DQUlRQUNvZENodHljRjlvT201aVFVNUlhR295YkZsM1RqTkpSRmhDV2tSQk1sRRAB,ChIJSykV3tLZbi4Rx3wMU9bFef4,Rm. Saung Welit,Majalengka,Kuliner,1,"rasa lumayan enak, tp pelayanannya kurang baik, datang pesanan tidak sesuai tapi tidak ada permintaan maaf atau apapun dari pihak pelayan, minta tolong di perbaiki agar tidak terjadi pada konsumen yg lain.",2026-03-10T13:28:10.248Z,Mariah ulfa,115147466142952541267,False,0,id,2026-05-04T16:20:02.067112
Ci9DQUlRQUNvZENodHljRjlvT21KTWQzRXpUMGswZVVoRmIzcHRSR1ozWm01UFlYYxAB,ChIJSykV3tLZbi4Rx3wMU9bFef4,Rm. Saung Welit,Majalengka,Kuliner,4,"Makanan enak, cm super lama hampir 1 jam. Nasi liwetnya enak buangett… mesti order nasi liwet",2026-02-22T06:20:45.352Z,Rika Maya Sebastian,111125801901529413579,True,0,id,2026-05-04T16:20:02.067138
Ci9DQUlRQUNvZENodHljRjlvT2xsSlZESTVVM2hXV0dSSVRWZFFUM0pWUW1zeE5GRRAB,ChIJSykV3tLZbi4Rx3wMU9bFef4,Rm. Saung Welit,Majalengka,Kuliner,4,"Makanan nya lumayan enak, harga nya juga lumayan, tp pelayanan nya agak lama",2026-01-20T00:03:47.309Z,Erni Marlina,102793846032270793697,True,0,id,2026-05-04T16:20:02.067155
Ci9DQUlRQUNvZENodHljRjlvT2tkdVgzSjVhbEpqUTBOS2JqaHhUR2h3V2toVlFsRRAB,ChIJSykV3tLZbi4Rx3wMU9bFef4,Rm. Saung Welit,Majalengka,Kuliner,4,Hanya pelayanannya saja yg masih kurang. Untuk makanan lumayan unik dan rasanya cukup memuaskan. Untuk tempat oke lah tp masih perlu dibenahi agar tamu lebih nyaman.,2026-01-12T17:22:12.427Z,usep yudianto,107833243506947646458,False,0,id,2026-05-04T16:20:02.067168
Ci9DQUlRQUNvZENodHljRjlvT210YVlUZHJZMmRUVW1GMmJsSm9SSFZITm1aNWRVRRAB,ChIJSykV3tLZbi4Rx3wMU9bFef4,Rm. Saung Welit,Majalengka,Kuliner,4,"Untuk pelayanannya bagus, nasi liwetnya enak. Hanya saja tempatnya atau saung""nya itu butuh perawatan deh, kemaren agak serem, takut pas kita jalan ambruk.",2026-01-03T06:43:30.517Z,Dewi Intan,117439361029870113501,False,0,id,2026-05-04T16:20:02.067192
Ci9DQUlRQUNvZENodHljRjlvT2pGM0xVNXJWMHMzV2kxTk5GQmpiV1JyZDI1ME9HYxAB,ChIJSykV3tLZbi4Rx3wMU9bFef4,Rm. Saung Welit,Majalengka,Kuliner,3,"Dari setengah 2 sampai 2 20
Makanan baru datang
Padahal hanya ada 3 saung terisi dan saya gak pesen yg aneh aneh..
Termasuk lamban sih.. Coba dievaluasi ya..
Rasa biasa aja.. Coba di tingkatkan lagi... Biar lebih ada kesan nya akan rasa.. Kasir lama...",2025-12-25T07:50:29.125Z,Trihat Official,111537640701906037966,True,0,id,2026-05-04T16:20:02.067209
Ci9DQUlRQUNvZENodHljRjlvT2tGa0xYWldielpwVTJwbVRrdEJjVUpDVEZRM1prRRAB,ChIJSykV3tLZbi4Rx3wMU9bFef4,Rm. Saung Welit,Majalengka,Kuliner,5,"Rasanya enakk.
Menu paket yang paske telur dadar udah pake sambel cumi..
Mantap",2025-12-10T15:06:54.262Z,Aulia Nurul Hasanah,105474466532924322929,True,0,id,2026-05-04T16:20:02.067225
Ci9DQUlRQUNvZENodHljRjlvT2xaNlJHZEJjMm96TmxsU0xUVmZVR2RzUlZWVllVRRAB,ChIJSykV3tLZbi4Rx3wMU9bFef4,Rm. Saung Welit,Majalengka,Kuliner,5,"Alhamdulillah sebelum masuk tol sumber ...
Ketemu saung WELIT
Makanannya enak
Sate Maranggi nya poll
Tempat nya adem
Pelayanan baik
Terutama ketemu pencok katel yang selalu ngangenin setiap ke Majalengka .

Sukses buat usahanya
SAUNG WELIT",2025-12-06T06:36:09.499Z,Rennie Rose,113978696514890362016,False,0,id,2026-05-04T16:20:02.067234
Ci9DQUlRQUNvZENodHljRjlvT2xwSFVHdHJZMmhQYW1oaVJHOW9SemhPYUZwME5tYxAB,ChIJSykV3tLZbi4Rx3wMU9bFef4,Rm. Saung Welit,Majalengka,Kuliner,4,"Mungkin cocok untuk orang Sunda menunya
Namanya saja restoran Sunda
Tp enak n harga  ternyata",2025-10-05T11:32:45.396Z,Siti Hajar,110450111066218712877,True,0,id,2026-05-04T16:20:02.067267
Ci9DQUlRQUNvZENodHljRjlvT2pWVmRWVlNYMFIwU2w4MmFqTlRMWGxKWmxCdmRFRRAB,ChIJrRhbUJolby4RTQ6Q8rAP9Ms,Sawah Aki,Majalengka,Kuliner,5,"Makananya enak,tempatnya bagus strategis",2026-03-29T05:53:24.099Z,Agus Koswara,111812073528615113007,False,0,id,2026-05-04T16:20:02.067282
Ci9DQUlRQUNvZENodHljRjlvT21WaE5tZHpka2sxVTBrdE1UbDBhM0JCVmtrMVYxRRAB,ChIJrRhbUJolby4RTQ6Q8rAP9Ms,Sawah Aki,Majalengka,Kuliner,5,Makanannya enak,2026-03-29T05:52:25.476Z,Bayu Lesmana Putra,111551869886455976004,False,0,id,2026-05-04T16:20:02.067297
Ci9DQUlRQUNvZENodHljRjlvT2w5dWJXaGFia2hvYVZWeU0zSmlOSE56Vm5SbFdWRRAB,ChIJrRhbUJolby4RTQ6Q8rAP9Ms,Sawah Aki,Majalengka,Kuliner,5,enak banget pokoknya,2026-03-28T08:28:31.080Z,Indri 123,106353847491698466754,False,0,id,2026-05-04T16:20:02.067313
Ci9DQUlRQUNvZENodHljRjlvT214eVgxTnBSMWd0WXpodVNWOTVOMU5mWkZOYVEyYxAB,ChIJrRhbUJolby4RTQ6Q8rAP9Ms,Sawah Aki,Majalengka,Kuliner,1,"Parah banget pelayanannya, lama banget nunggu 2jam tempat gede tapi pelayanannya cuman berapa orang..",2026-03-23T09:10:08.253Z,Zaenal Novantri,117736429379469128926,False,0,id,2026-05-04T16:20:02.067343
Ci9DQUlRQUNvZENodHljRjlvT2pBdE1XTTFhRGhrVUVkVVpIVktWVzU2YWs1bGFXYxAB,ChIJrRhbUJolby4RTQ6Q8rAP9Ms,Sawah Aki,Majalengka,Kuliner,5,"makanan nya enak banget, tempat nyaman",2026-03-19T09:09:55.297Z,Annisa Syifa aulia,118234755659980765344,False,0,id,2026-05-04T16:20:02.067353
Ci9DQUlRQUNvZENodHljRjlvT21seFRtMURTMWR6WVZWVlVsVm9NREZmU0c5eUxXYxAB,ChIJrRhbUJolby4RTQ6Q8rAP9Ms,Sawah Aki,Majalengka,Kuliner,5,Sangat rekomend sekali untuk makan bersama keluarga❤️🫶,2026-03-05T13:49:15.801Z,viscka merinda,104353770621420359550,False,0,id,2026-05-04T16:20:02.067369
Ci9DQUlRQUNvZENodHljRjlvT2xSU1pURjVkak5uTTNvMFdsaEpORTVHVlRSck0xRRAB,ChIJrRhbUJolby4RTQ6Q8rAP9Ms,Sawah Aki,Majalengka,Kuliner,5,Tempatnya enakeun dan makanannya enak-enak.. recommended bgttttt😍,2026-03-05T13:45:42.623Z,Cindy,107974020808086887899,False,0,id,2026-05-04T16:20:02.067378
Ci9DQUlRQUNvZENodHljRjlvT2pVNGJUbGFVVXN5Y25aeGMybFZlRUl4U1VWWk1uYxAB,ChIJrRhbUJolby4RTQ6Q8rAP9Ms,Sawah Aki,Majalengka,Kuliner,5,mantep rekomendasi bangettt,2026-03-05T13:43:46.269Z,Tansa Amelia Syahputri,100009157017710048771,True,0,id,2026-05-04T16:20:02.067393
Ci9DQUlRQUNvZENodHljRjlvT2xORmRFczBRVkpCVGt0aVpXUkhabDlCWW1wTk9FRRAB,ChIJrRhbUJolby4RTQ6Q8rAP9Ms,Sawah Aki,Majalengka,Kuliner,5,Mantaaap etong nya,2026-03-05T12:35:45.654Z,ZeN Hadikusuma,103268214681284577674,False,0,ceb,2026-05-04T16:20:02.067407
Ci9DQUlRQUNvZENodHljRjlvT2s1emNrdE9lVmRyVkU0MFdqQXpRVWRhVkZSSFpsRRAB,ChIJrRhbUJolby4RTQ6Q8rAP9Ms,Sawah Aki,Majalengka,Kuliner,5,Tempat nya adem,2026-03-01T07:37:51.590Z,Egi Nugraha,112684429288366063758,False,0,id,2026-05-04T16:20:02.067423
ChZDSUhNMG9nS0VLX2E2cy0tbkpHUU53EAE,ChIJe6GpXXsvby4ReVhy5E3QJTo,Saung Eurih,Majalengka,Kuliner,5,"Saung Eurih menawarkan suasana alam yang sejuk dan asri. Dikelilingi pepohonan rindang, tempat ini cocok untuk bersantai sambil menikmati hidangan tradisional Sunda. Saung Eurih menawarkan pengalaman kuliner yang menyatu dengan alam, cocok untuk keluarga, teman, atau pasangan yang ingin menikmati hidangan tradisional Sunda dalam suasana yang tenang dan asri.",2025-05-17T00:51:23.872Z,rahmat maul2,104996035340743937618,False,0,id,2026-05-04T16:20:02.067444
ChdDSUhNMG9nS0VONkYwNlQ4OU9PRm1BRRAB,ChIJe6GpXXsvby4ReVhy5E3QJTo,Saung Eurih,Majalengka,Kuliner,5,"Tempatnya keren, serasa di jaman dulu apalagi makananya super sunda dan nikmat rekomendasi bgt untuk yang mau bersantai😍🤩😙❤",2025-05-15T12:12:30.159Z,iwan Mulyadi,108379614847227021537,False,0,id,2026-05-04T16:20:02.067453
ChdDSUhNMG9nS0VKalZyczYwejd1eHJnRRAB,ChIJe6GpXXsvby4ReVhy5E3QJTo,Saung Eurih,Majalengka,Kuliner,5,"Makanan nya enak terutama ikan bakar dan pencok Katel, yang paling rekomendasi nasi liwetnya beda dari yang lain. Tempat nya bikin gak mau pulang 👍👍👍",2025-05-15T12:02:28.866Z,zhiddd 05,111993897156938733451,False,0,id,2026-05-04T16:20:02.067462
ChdDSUhNMG9nS0VJQ0FnTURvLUpiUnlRRRAB,ChIJe6GpXXsvby4ReVhy5E3QJTo,Saung Eurih,Majalengka,Kuliner,2,"Makanan ga lengkap alasan sudah habis harga mahal.
Pelayanan Lama penyajiannya lauk sudah datang nasi selisih 30 menit.
Suasana bagus sayang jauh dr jln raya",2025-04-21T22:40:46.474Z,Chanel Sium,107517247579050629564,False,0,id,2026-05-04T16:20:02.067485
ChZDSUhNMG9nS0VJQ0FnTUNJemEzZ0lnEAE,ChIJe6GpXXsvby4ReVhy5E3QJTo,Saung Eurih,Majalengka,Kuliner,5,Untuk makanan terbaik dari rasa dan harga cukup terjangkau . Tempat nya cukup tenang .,2025-04-03T22:46:45.971Z,Boyke Hadimuharram,110618720874436577393,True,0,id,2026-05-04T16:20:02.067509
ChZDSUhNMG9nS0VJQ0FnTUNJMmF5akNBEAE,ChIJe6GpXXsvby4ReVhy5E3QJTo,Saung Eurih,Majalengka,Kuliner,1,"Not recomended...
Buat yg dari luar kota mending cari yang lain.. nunggu 2 jam blm tentu dapet",2025-04-03T08:19:49.528Z,Fandy Go,112315171960097765265,False,0,id,2026-05-04T16:20:02.067517
Ci9DQUlRQUNvZENodHljRjlvT2tscGRsUldXRkprZFZoeVJUTklXVGRaYkdsNFlrRRAB,ChIJrRhbUJolby4RTQ6Q8rAP9Ms,Sawah Aki,Majalengka,Kuliner,5,"Mantap banget wat keluarga aku gokilss, makanan enak dan tempat sangat proper",2026-03-01T07:36:33.753Z,Tata,103905903496505896605,False,0,id,2026-05-04T16:20:02.067601
Ci9DQUlRQUNvZENodHljRjlvT21oeVgyMWhibDlNUTBSV1lXdzNNbVJ1ZWpWWFJYYxAB,ChIJrRhbUJolby4RTQ6Q8rAP9Ms,Sawah Aki,Majalengka,Kuliner,5,tempat nya enak buat nongkrong,2026-03-01T07:36:23.375Z,muhammad Aqsal,100633771833578534839,False,0,id,2026-05-04T16:20:02.067620
Ci9DQUlRQUNvZENodHljRjlvT2kxNVduRm9RVWhwVTFCUGMwWnZhbUZRTkdwb2FrRRAB,ChIJSykV3tLZbi4Rx3wMU9bFef4,Rm. Saung Welit,Majalengka,Kuliner,5,Sukses trs saung welit,2025-09-01T11:35:16.019Z,rita Wisastra,101875625486748111568,True,0,id,2026-05-04T16:20:02.067629
Ci9DQUlRQUNvZENodHljRjlvT2paWGN6WTVNSGRHTW1WbVZIbHBZVUpEWlMxdWVIYxAB,ChIJSykV3tLZbi4Rx3wMU9bFef4,Rm. Saung Welit,Majalengka,Kuliner,4,"Makanannya mantap, gurame asam manisnya good, pencok katel seuhah... bikin nagij",2025-07-27T04:36:11.102Z,Syarif,109689041018539778163,True,0,su,2026-05-04T16:20:02.067645
ChdDSUhNMG9nS0VJQ0FnTURJLVBiT213RRAB,ChIJSykV3tLZbi4Rx3wMU9bFef4,Rm. Saung Welit,Majalengka,Kuliner,4,"Alhamdulillah nemu tempat makan baru setelah keluar tol Sumber Mana arah Jatiwangi, tepat nya seberang POM Bensin Palasah Majalengka. Lumayan enak dan gak mahal",2025-04-07T01:35:28.498Z,Dadang Piatna,113185113824101260071,True,0,id,2026-05-04T16:20:02.067712
Ci9DQUlRQUNvZENodHljRjlvT25OcWFWZHVjRFZxUjNKTU1XUmZVamRpVWtWWlgyYxAB,ChIJ9UvnCR8nby4RW5Ixx94hn1I,Kedai Kopi Jebor,Majalengka,Kuliner,5,kopi jebornya enak,2026-05-03T05:58:35.324Z,alif,114056463465358661927,False,0,id,2026-05-04T16:20:02.067772
Ci9DQUlRQUNvZENodHljRjlvT2sxR05qQkpValpYU2xGUWNXd3dkamhpUjI5a1ZuYxAB,ChIJ9UvnCR8nby4RW5Ixx94hn1I,Kedai Kopi Jebor,Majalengka,Kuliner,5,"Makanan , layanan dan suasana memuaskan",2026-05-02T13:26:20.448Z,TIO FANKY KRESNANDYA,105596741399995941857,False,0,id,2026-05-04T16:20:02.067781
Ci9DQUlRQUNvZENodHljRjlvT201MVZuRmplRTl4ZUZWdmRFMVFOSFpWZFhsMVYwRRAB,ChIJ9UvnCR8nby4RW5Ixx94hn1I,Kedai Kopi Jebor,Majalengka,Kuliner,5,makanannya enak',2026-05-01T07:20:56.074Z,ecek,109701966133740052413,False,0,id,2026-05-04T16:20:02.067797
Ci9DQUlRQUNvZENodHljRjlvT21kRmVtZG9OMmg2VURCRFdWODFTM1EyUzJGdU1IYxAB,ChIJ9UvnCR8nby4RW5Ixx94hn1I,Kedai Kopi Jebor,Majalengka,Kuliner,5,Karyawan nya ramah-ramah 👍👍👍,2026-04-17T06:07:34.370Z,Firman Wira yudha,102776927531551942500,False,0,id,2026-05-04T16:20:02.067825
Ci9DQUlRQUNvZENodHljRjlvT2toeVpIRk1UMnd0ZWpRd01HeHVSRnA2VEVoUVdYYxAB,ChIJ9UvnCR8nby4RW5Ixx94hn1I,Kedai Kopi Jebor,Majalengka,Kuliner,5,Rekomended banget buat weekend brng keluarga,2026-04-11T06:11:45.047Z,Cucu Cunayah,112710795968169670506,False,0,id,2026-05-04T16:20:02.067843
Ci9DQUlRQUNvZENodHljRjlvT21KWVdHeDFVMUF3V2xWMFdWTjRObkZEYzJ0MU9HYxAB,ChIJ9UvnCR8nby4RW5Ixx94hn1I,Kedai Kopi Jebor,Majalengka,Kuliner,5,"Tempat luas dan nyaman, makanan enak pelayanan oke 👍🏻",2026-04-11T05:13:41.842Z,Khayla,110529768772450231331,False,0,id,2026-05-04T16:20:02.067851
Ci9DQUlRQUNvZENodHljRjlvT2w5eVRITkVUa2RsZG5OaVduaDNaM1JUVTJGV1FuYxAB,ChIJ9UvnCR8nby4RW5Ixx94hn1I,Kedai Kopi Jebor,Majalengka,Kuliner,5,Mantap sihhh rekomended bgt 😇,2026-04-11T04:18:03.871Z,Dessy Dharma,116135298994954366756,False,0,id,2026-05-04T16:20:02.067860
Ci9DQUlRQUNvZENodHljRjlvT21vM09ITmpiRkF6V0ZsRVVHNHpZbGs0VEhkTk4yYxAB,ChIJ9UvnCR8nby4RW5Ixx94hn1I,Kedai Kopi Jebor,Majalengka,Kuliner,1,"sop iga nya tidak segar,beef peper jebornya alot tidak termakan...es teh manisnya tidak ada gula ya....., tolong di perbarui ya☺️",2026-04-05T11:55:47.968Z,Princes Ancella,115653414999676424420,False,0,id,2026-05-04T16:20:02.067869
Ci9DQUlRQUNvZENodHljRjlvT2pWSGJ6RnVTak4yZEVaR1FrRTRXV2hEVms4Mk5YYxAB,ChIJ9UvnCR8nby4RW5Ixx94hn1I,Kedai Kopi Jebor,Majalengka,Kuliner,5,Kopi nya sangat enak dan tempat nya nyaman sekali,2026-03-31T12:04:01.101Z,makmur bahagia,111270916046657302847,False,0,id,2026-05-04T16:20:02.067891
Ci9DQUlRQUNvZENodHljRjlvT2xWYWRGOVVVamswTnpsVWNUQm9ZUzFMTFVGNU9VRRAB,ChIJ9UvnCR8nby4RW5Ixx94hn1I,Kedai Kopi Jebor,Majalengka,Kuliner,4,"tempat luas, harga terjangkau, makanan nya murah dan enak",2026-03-30T23:36:38.346Z,sntni,108725496421350153614,True,0,id,2026-05-04T16:20:02.067908
Ci9DQUlRQUNvZENodHljRjlvT2s5YVFqVk1jMWxXVFhKTGVuaHFWVnA2TVd0UVZHYxAB,ChIJ9UvnCR8nby4RW5Ixx94hn1I,Kedai Kopi Jebor,Majalengka,Kuliner,5,"Tempatnya nyaman, makanannya rekomen banget.",2026-03-29T06:16:09.241Z,Rena Anggraeni,117294330905164779236,False,0,id,2026-05-04T16:20:02.067916
Ci9DQUlRQUNvZENodHljRjlvT210WGRXTTNlbEE1U21OemNVRTBOalpmVlZwdGFFRRAB,ChIJ9UvnCR8nby4RW5Ixx94hn1I,Kedai Kopi Jebor,Majalengka,Kuliner,5,"Cozy buat bbqan bareng keluarga, ngopi santai juga asik",2026-03-28T14:32:37.454Z,Eryono Supriyatno,100238819735870674510,False,0,id,2026-05-04T16:20:02.067925
Ci9DQUlRQUNvZENodHljRjlvT21kQmJXMHpjR3ROVUhZelFUYzJVMVozYVY5bGVFRRAB,ChIJ9UvnCR8nby4RW5Ixx94hn1I,Kedai Kopi Jebor,Majalengka,Kuliner,5,pelayanannya bagus makanan nya pada enak enak semua dan senang bisa makan disini,2026-03-24T08:35:13.900Z,Marsya Cuaks,101112601144780006612,False,0,id,2026-05-04T16:20:02.067950
Ci9DQUlRQUNvZENodHljRjlvT21NeWFXMHRVRGR3YkdNd1ExWkVNVkpWZUhwYVVFRRAB,ChIJ9UvnCR8nby4RW5Ixx94hn1I,Kedai Kopi Jebor,Majalengka,Kuliner,5,"first experience, bagus nyaman enak dan terjangkauuuuu!!!💛💛",2026-03-24T08:34:28.795Z,Shalsha Bella,115003144114041001282,False,0,id,2026-05-04T16:20:02.067960
Ci9DQUlRQUNvZENodHljRjlvT2xrdGNFUlZibFpxVUV0WFRGUnZURXBSZHpKMFNGRRAB,ChIJ9UvnCR8nby4RW5Ixx94hn1I,Kedai Kopi Jebor,Majalengka,Kuliner,5,PUAAASSS BUAAANGGEEETTTT MANTAPPP KENYANG SEKELUARGAAA,2026-03-23T11:42:22.093Z,Sinta Aprianti,106783878313632877911,False,0,id,2026-05-04T16:20:02.067969
Ci9DQUlRQUNvZENodHljRjlvT2xJMWVYQldMWFJHZWxKT1ZsQjNkM1pvWjFoRWVuYxAB,ChIJ9UvnCR8nby4RW5Ixx94hn1I,Kedai Kopi Jebor,Majalengka,Kuliner,5,"Makanan nya enak dan ramah di kantong, tempatnya nyaman untuk makan bersama pasanngan, keluarga, atau teman. Pokoknya rekomended",2026-03-23T11:14:19.499Z,Lucky Farizal,114386205156070293780,False,0,id,2026-05-04T16:20:02.067978
Ci9DQUlRQUNvZENodHljRjlvT2xCRFEzZzJkRFIxT0ZJdFVWcFJNRkJSZWxWVFdGRRAB,ChIJ9UvnCR8nby4RW5Ixx94hn1I,Kedai Kopi Jebor,Majalengka,Kuliner,5,"Kopi nya enak manis nya pas, halal bi halal keluarga ali arham",2026-03-23T06:21:18.466Z,Mutita Khanza,100531590240873327187,False,0,id,2026-05-04T16:20:02.067986
Ci9DQUlRQUNvZENodHljRjlvT25sck0wSnlSRU14TmpFeFJVd3hWRWh5VWpjdFJHYxAB,ChIJ9UvnCR8nby4RW5Ixx94hn1I,Kedai Kopi Jebor,Majalengka,Kuliner,4,"Ga terlalu fancy tapi nyaman, cocok buat ramean",2026-03-17T06:02:08.901Z,Niha Ramadhan,107932591686060091644,False,0,id,2026-05-04T16:20:02.068006
Ci9DQUlRQUNvZENodHljRjlvT2pOclZtb3lXRUZmZG10VmIxUkpRVlI0YzJSZmNrRRAB,ChIJ9UvnCR8nby4RW5Ixx94hn1I,Kedai Kopi Jebor,Majalengka,Kuliner,5,Jempol buat baristanya👍,2026-03-16T09:36:53.166Z,aldy alfian,112060649457133484429,False,0,id,2026-05-04T16:20:02.068016
Ci9DQUlRQUNvZENodHljRjlvT21neVRWVlJSM2hyVkZsMVZucEpUUzFOV1VkeE5rRRAB,ChIJ9UvnCR8nby4RW5Ixx94hn1I,Kedai Kopi Jebor,Majalengka,Kuliner,5,Kopinya creamy dan tempatnya nyaman,2026-03-10T10:26:16.885Z,Siti Robiah,112700066133730528435,False,0,id,2026-05-04T16:20:02.068032
Ci9DQUlRQUNvZENodHljRjlvT2pVd1pXaExYekV5T1ZkU2FtZFlRelF0TUhwRVpYYxAB,ChIJ9UvnCR8nby4RW5Ixx94hn1I,Kedai Kopi Jebor,Majalengka,Kuliner,5,"tempatnya luas, makanannya enak, cocok untuk makan keluarga😍",2026-03-10T10:21:42.941Z,Erwin Nurfida,118076340157976540620,False,0,id,2026-05-04T16:20:02.068041
Ci9DQUlRQUNvZENodHljRjlvT21KNlgzVTNSbVk1WkhCcmFqbG1RM0JLZUdWc0xVRRAB,ChIJ9UvnCR8nby4RW5Ixx94hn1I,Kedai Kopi Jebor,Majalengka,Kuliner,5,"Pengalaman yang pertama yang bagus, Pelayanan di kasirnya sangat informatif dan ramah, gak pelit senyum pas jelasin menu-menu. Proses pesannya cepat dan efisie. Untuk tempatnya sendiri luas banget, jadi sirkulasi udaranya enak dan berasa plong. Mau bawa rombongan besar atau nyari pojokan buat menyendiri juga aman karena banyak pilihan area duduk. Recommended buat yang nyari kenyamanan!",2026-03-03T13:00:53.840Z,chiko ufi,108195993477455405359,False,0,id,2026-05-04T16:20:02.068051
Ci9DQUlRQUNvZENodHljRjlvT2xwMFZsQnVORk5yWDIxaFozQkhOWEEwVG1wbmQwRRAB,ChIJ9UvnCR8nby4RW5Ixx94hn1I,Kedai Kopi Jebor,Majalengka,Kuliner,5,"Lokasinya gampang, ada di pinggir jalan Cirebon - Bandung. Tempatnya bersih, tertata dengan baik. Parkir luas. Pelayanan ramah dan cepat. Yang paling penting, makanannya banyak dan juga enak. Rekomendasi banget.",2026-02-22T10:54:36.349Z,Kang Didin,108730251825501873780,True,0,id,2026-05-04T16:20:02.068063
Ci9DQUlRQUNvZENodHljRjlvT210MFZXdEdPV2t0UlRCNE4weE5kRFJzU21Kb1NFRRAB,ChIJQWbxlIsvby4RPBQGLrON0Jc,Shabuky Majalengka,Majalengka,Kuliner,5,Worth it bgt dgn harga paket segitu. Puas bgtt!,2026-03-25T08:07:16.880Z,Kartika Fauziah,107633852309020831459,False,0,id,2026-05-04T16:20:02.068113
Ci9DQUlRQUNvZENodHljRjlvT21SdldrWXpZamR5VTBKc1FWOWFMVFIxVFVoUFJtYxAB,ChIJQWbxlIsvby4RPBQGLrON0Jc,Shabuky Majalengka,Majalengka,Kuliner,5,Enak enak makanan dan murah,2026-03-23T05:33:41.681Z,Tegar Subangkit Wardani,110253738421392937082,True,0,id,2026-05-04T16:20:02.068121
Ci9DQUlRQUNvZENodHljRjlvT2pjM00ybDJaVVZ4UkhWaFpqbFRaa2hJWW5sSE5tYxAB,ChIJQWbxlIsvby4RPBQGLrON0Jc,Shabuky Majalengka,Majalengka,Kuliner,5,"makanan nya wort it, tempat nyaman juga pegawai nya ramah ramah",2026-03-19T09:07:20.232Z,Annisa Syifa aulia,118234755659980765344,False,0,id,2026-05-04T16:20:02.068130
Ci9DQUlRQUNvZENodHljRjlvT2taU1YyWmZTbXd3Ym1GSlZYbElVR054WkVwZlJXYxAB,ChIJQWbxlIsvby4RPBQGLrON0Jc,Shabuky Majalengka,Majalengka,Kuliner,5,"Menunya enak terutama BBQ, sausnya ajiiib. Harganya juga ga mahal2 amat. Recommended!",2026-03-16T12:23:49.658Z,Jordhian Prakoso,102020612543162865385,True,0,id,2026-05-04T16:20:02.068139
Ci9DQUlRQUNvZENodHljRjlvT2xsUVJWZDFXVGRXUlVoUVQyaFBjbmxEV2paNWFtYxAB,ChIJQWbxlIsvby4RPBQGLrON0Jc,Shabuky Majalengka,Majalengka,Kuliner,5,"Wah... Tempat makan yg asri, masakannya cocok enak, pelayanan jg cepat dan memuaskan. ❤👍",2026-03-16T12:22:18.297Z,Fetty Prihantini,112237196600887803768,False,0,id,2026-05-04T16:20:02.068146
Ci9DQUlRQUNvZENodHljRjlvT2xOeFUyNVRkRUpGZDFkUGFYWkVZbDlLTjBseFJrRRAB,ChIJQWbxlIsvby4RPBQGLrON0Jc,Shabuky Majalengka,Majalengka,Kuliner,1,pelayanan lelett cuhhh,2026-03-14T11:21:00.747Z,raihan nabil,117022453214804117196,False,0,id,2026-05-04T16:20:02.068155
Ci9DQUlRQUNvZENodHljRjlvT25sbFVrVndlblpWUlU1dU9UTnVRMDV5ZVV0M2VtYxAB,ChIJQWbxlIsvby4RPBQGLrON0Jc,Shabuky Majalengka,Majalengka,Kuliner,5,"BBQ dan Suki terenak di MJ, porsi pas dan kenyang. Harga bersahabat.",2026-02-15T07:52:55.351Z,Ari K Santayuda,101355922606908047602,True,0,id,2026-05-04T16:20:02.068165
Ci9DQUlRQUNvZENodHljRjlvT2pOMVJrZHJXREJUYkd0SVdHY3phRWhYU0VGWlozYxAB,ChIJQWbxlIsvby4RPBQGLrON0Jc,Shabuky Majalengka,Majalengka,Kuliner,5,"Pulang kampung mampir makan siang disini, suasana bagus, menu banyak, ngegrill jg enak.",2025-11-15T14:57:24.608Z,rizqi khundiarto,112834462384292638323,True,0,id,2026-05-04T16:20:02.068211
Ci9DQUlRQUNvZENodHljRjlvT201VGNXdDZNSFYwWkdkTVRGb3lORFppYTNWdlQxRRAB,ChIJQWbxlIsvby4RPBQGLrON0Jc,Shabuky Majalengka,Majalengka,Kuliner,4,"Menu nya variatif dan menggugah selera
Rasa juga mantap
Harga bersahabat

Note: "" tiba2 muncul kucing yg mengganggu kenyamanan, tolong agar dikondisikan lebih baik lg ya""",2025-07-17T01:52:53.617Z,Deddy Syaeful,115508791532328637683,True,0,id,2026-05-04T16:20:02.068236
Ci9DQUlRQUNvZENodHljRjlvT2tWUVpUQkhlWFJVUXkwd1dIWmhkemRhZEZablRYYxAB,ChIJBa4Z0IYnby4RS4DnDWM7M5M,Crab 1818 Majalengka,Majalengka,Kuliner,1,"pelayanannya lama, udah dipanggil panggil tapi ga ada yang layanin satupun, malah layanin yang baru dateng didepan",2026-04-21T12:57:54.769Z,Zaki Dennis,105854936180993703410,False,0,id,2026-05-04T16:20:02.068261
Ci9DQUlRQUNvZENodHljRjlvT25CR05rdzVlbVZUU1RFNExXSnRkREpRWjNoM0xVRRAB,ChIJBa4Z0IYnby4RS4DnDWM7M5M,Crab 1818 Majalengka,Majalengka,Kuliner,5,Enak tempatnya bagus bersih,2026-04-07T12:30:40.071Z,yuni putri,100496808302890411390,False,0,id,2026-05-04T16:20:02.068271
Ci9DQUlRQUNvZENodHljRjlvT2pJMVdtaGxaak5SU25adU16STJTblJIZEVsU2JYYxAB,ChIJBa4Z0IYnby4RS4DnDWM7M5M,Crab 1818 Majalengka,Majalengka,Kuliner,5,"Suasana estetik, banyak spot foto, pelayanan ramah.",2026-03-28T13:48:36.313Z,aini fajrina adzani,112741428401027440363,True,0,id,2026-05-04T16:20:02.068287
Ci9DQUlRQUNvZENodHljRjlvT2xKSWRVbEpVVmwyWm5RM1JHcHllVUZtYlZGYVdGRRAB,ChIJBa4Z0IYnby4RS4DnDWM7M5M,Crab 1818 Majalengka,Majalengka,Kuliner,5,"EEEENAKKK‼️ kalau perut nya perut sapi sebenernya ini ngga kenyang 😵‍💫🐮 tapi porsi nya pas pas aja, tempat nya cozy abiez, vibes nya santorini, lupa lagi harganya... i think around 125k - 150k deh, totally bakal dateng lagi!",2026-03-25T22:25:30.693Z,Anisa Febriyanti,103303584662478485078,True,0,id,2026-05-04T16:20:02.068303
Ci9DQUlRQUNvZENodHljRjlvT21WS2VVNUdUR3h3V1VSZmJGRTJkMVV0U1hsRWRWRRAB,ChIJBa4Z0IYnby4RS4DnDWM7M5M,Crab 1818 Majalengka,Majalengka,Kuliner,3,"Tempatnya nyaman, tp sayang kolamnya gk ada airnya pdahal yg bikin menarik ada airnya. Pelayanannya kurang,waiters nya gk fokus padahal yg makan saat itu cuma kita,pas makanan dateng malah ditaro di meja yang gak ada orgnya,kalo kita gak nanya tu makanan buat siapa gak bakal dimakan"" Tu pesenan. Makanannya enak tapi cuminya amis dan gak dikasih alat buat buka kepitingnya masa harus digigit kan susah.
Saos ayam bakarnya enak tapi nasinya pera dan gak anget terus disambelnya juga ada rambutnya. Banyak menu yang kosong.
Untuk pembayaran harus cashless katanya lagi gangguan, untungnya bawa uang cash",2026-03-25T17:21:28.338Z,Riana Dewi,101742246688184494353,False,0,id,2026-05-04T16:20:02.068313
Ci9DQUlRQUNvZENodHljRjlvT21SaE9URk9jbXBZWjE5dVFqaEtPVUZMYjJkaGJYYxAB,ChIJBa4Z0IYnby4RS4DnDWM7M5M,Crab 1818 Majalengka,Majalengka,Kuliner,1,"Pengen nya ga kasih bintang sama sekali.
Pelayanan nya kurang banget, komunikasi antara kitchen sama kasir nya 0, masa kasir bilang menu tsb ada, pelayan nya bilang gaada, miskom nya jelas banget. Pedahal sering banget makan disitu, baru kali ini dapet service yg sangat mengecewakan!",2026-03-24T08:01:58.511Z,Azizah Nisa Fatimah,102565673045785851858,False,0,id,2026-05-04T16:20:02.068321
Ci9DQUlRQUNvZENodHljRjlvT2pSelNFVTJaVlY2TVdGUUxVVlBia2x2T1RoeFlVRRAB,ChIJBa4Z0IYnby4RS4DnDWM7M5M,Crab 1818 Majalengka,Majalengka,Kuliner,1,"Kalo ada bintang minus gua kasih bintang minus , Dateng hujan hujan , berharap ada makanan enak , di awal BBQ bilangnya ada, nunggu 1 jam , nggak ada waiters Dateng, manggilin dibilang suruh nunggu dulu, terus minta BBQ ke waiters lain bilangnya sudah habis pelayanan 0 banget minus , parah parah terparah sepanjang makan di resto.ini paling kacau , nggak akan lagi Dateng pelayanannya minus minus tingkat neraka . Meja kotorsudah ada kitarl waiternya malah diem aja , malah bersihin meja yang belum ada orangnya,di minta untuk bersihkan minta di lapinn, malah bilangnya nanti di bersihkan waiters lain , kocak kocak di tangan tuh apaan kain lap, buat pajangan apa gimana lawak banget ini , paling sampah. Gak suka komenan begini pelayanan perbaiki. Sampah",2026-03-23T21:22:11.860Z,Hafiz Rizalmi,113258803434982957107,False,0,id,2026-05-04T16:20:02.068329
Ci9DQUlRQUNvZENodHljRjlvT21VNVdrRlRSVFphUlhsdU0zRmpWemh4UVRsb2RuYxAB,ChIJBa4Z0IYnby4RS4DnDWM7M5M,Crab 1818 Majalengka,Majalengka,Kuliner,1,servicenya badddd bangetttt!!!,2026-03-23T17:43:59.608Z,KTh Salsabila,117530131959764012206,False,0,id,2026-05-04T16:20:02.068338
Ci9DQUlRQUNvZENodHljRjlvT21rME1tVmtlVGwzY1ZRd1l6TkNkREpvVmpObVNVRRAB,ChIJBa4Z0IYnby4RS4DnDWM7M5M,Crab 1818 Majalengka,Majalengka,Kuliner,1,"Pelayanan kurang, seafood nya hambar
Tempat ok, tapi tidak ada sabun cuci tangan",2026-03-23T15:45:30.357Z,Ekakelana Ekakelana,114133839222186137180,True,0,id,2026-05-04T16:20:02.068348
Ci9DQUlRQUNvZENodHljRjlvT21FeldIRkRNV1U1UjNaRGNETTNhbXBqZGtKeU5tYxAB,ChIJBa4Z0IYnby4RS4DnDWM7M5M,Crab 1818 Majalengka,Majalengka,Kuliner,1,"Kalo ada bintang minus, udah gw kasih dah. Lama banget, bilang cuma setengah jam. Taunya sejam lebih belum dtg juga. Yg dtg belakangan malah dapet duluan",2026-03-23T07:36:40.640Z,Dabel Trabel,111491201862082640830,False,0,id,2026-05-04T16:20:02.068357
Ci9DQUlRQUNvZENodHljRjlvT2xGR2VESXpVSEpmWkUxM1VGSjNVbGRQZVd0Wk1XYxAB,ChIJBa4Z0IYnby4RS4DnDWM7M5M,Crab 1818 Majalengka,Majalengka,Kuliner,1,"pas tahun kemarin bukber disini meski udah reservasi dan dp ttp aja ga ke tulis berakhir nunggu makanan setelah adzan maghrib, tahun skrg niat berkunjung lagi pesan seafood lama nunggu berjam jam pas ditanyain lagi blm dibikin entah ga ketulis lg atau apa. namun saya tidak menyalahkan pihak karyawannya, sepertinya pihak manajer atau owner harus evaluasi untuk penambahan karyawan. krn spertinya para karyawan kewalahan untuk handle tempat seluas itu dan pengunjung sebanyak itu.",2026-03-22T15:15:47.484Z,opiy,118094175198328008703,False,0,id,2026-05-04T16:20:02.068364
Ci9DQUlRQUNvZENodHljRjlvT2pKRVNXTTNkR2RwZUdSZmVFNVVjMUJ6U0c5TGNIYxAB,ChIJBa4Z0IYnby4RS4DnDWM7M5M,Crab 1818 Majalengka,Majalengka,Kuliner,1,pelayanan lama bngt buka puasa jam 7,2026-03-15T09:40:48.443Z,Ynddeyeng512 Yp,107975721325986868147,False,0,id,2026-05-04T16:20:02.068386
Ci9DQUlRQUNvZENodHljRjlvT2tKWE1WOUNZM0V0YVdnek9WYzVWMGgyY2t4aWNsRRAB,ChIJBa4Z0IYnby4RS4DnDWM7M5M,Crab 1818 Majalengka,Majalengka,Kuliner,1,"Pelayanan lama , mindahin tempat duduk tidak ada komukasih dari awal , main pindah” aja .
orang reservasi itu untuk berbuka puasa , makanan malah telat , bilangnya nasi belum matang tapi meja yang lain sudah pada datang , hanya meja saya saja , sudah beberapa kali tapi tetep KASIR judes , bikin aja kesel .",2026-03-13T10:19:27.721Z,Adzanni,105290090288576334227,False,0,id,2026-05-04T16:20:02.068396
Ci9DQUlRQUNvZENodHljRjlvT25oS1N5MVVWa3B6YTNwM1FWbHFjM0V5TnprelJrRRAB,ChIJBa4Z0IYnby4RS4DnDWM7M5M,Crab 1818 Majalengka,Majalengka,Kuliner,1,"Yang sudah reservasi mohon diperhatikan kembali. Untuk apa adanya reservasi, booking dan dicatat jam dan tanggalnya jika pas hari H tidak dipersiapkan.",2026-03-12T11:59:04.498Z,Ratna Dewi,116021597918429793433,False,0,id,2026-05-04T16:20:02.068406
Ci9DQUlRQUNvZENodHljRjlvT2xjek5GaE5WM1ExZDJkcE1IUlNUMDFyVUVaeFpXYxAB,ChIJBa4Z0IYnby4RS4DnDWM7M5M,Crab 1818 Majalengka,Majalengka,Kuliner,1,People work there dont know how to handle guest whoose come ala minute even they wont to order take a way,2026-03-09T21:06:42.396Z,Andhara,108322884837761448342,True,0,en,2026-05-04T16:20:02.068414
Ci9DQUlRQUNvZENodHljRjlvT2t4cVFqZDZkV2xyV0RkYVlteEpRVWt5UVVaSE5GRRAB,ChIJBa4Z0IYnby4RS4DnDWM7M5M,Crab 1818 Majalengka,Majalengka,Kuliner,1,Kasirnya sangat judes dan pelayanan makanan lama contohnya sudah reservasi buat buka puasa tapi nasi nya belum matang,2026-03-07T08:01:41.798Z,Nani,101282527452082324363,False,0,id,2026-05-04T16:20:02.068421
Ci9DQUlRQUNvZENodHljRjlvT21FMWRXdDRlSFJXYVVobVVsbDVWMmRKU0hKNFVWRRAB,ChIJ9UvnCR8nby4RW5Ixx94hn1I,Kedai Kopi Jebor,Majalengka,Kuliner,5,"pelayanan nyaa sangat ramah, pesanan cepat sampai, dan tempat nya nyaman bangett🥳",2026-02-16T08:47:16.359Z,zae hihah12,100621134018128469360,False,0,id,2026-05-04T16:20:02.068443
Ci9DQUlRQUNvZENodHljRjlvT2sxaWVWVlFkVzVSVms5Nk1qQnJNbXhpV0RWcE1WRRAB,ChIJ9UvnCR8nby4RW5Ixx94hn1I,Kedai Kopi Jebor,Majalengka,Kuliner,5,"Kopi nya enak, tempat nya luas dan nyaman",2026-01-20T06:18:48.346Z,Eri Purnomo,111758087149002709072,False,0,id,2026-05-04T16:20:02.068459
Ci9DQUlRQUNvZENodHljRjlvT2toaGNEaEZTMmRSU2pJd2FTMU1RM2xOVVVocGVtYxAB,ChIJ9UvnCR8nby4RW5Ixx94hn1I,Kedai Kopi Jebor,Majalengka,Kuliner,5,Kopinya bikin nagih,2026-01-09T07:44:04.892Z,Anisah hansa,102833616170202479301,False,0,id,2026-05-04T16:20:02.068469
Ci9DQUlRQUNvZENodHljRjlvT2psVFgzVjVPVGM1T0V0MVppMXlNemxZYjJ4d1JXYxAB,ChIJ9UvnCR8nby4RW5Ixx94hn1I,Kedai Kopi Jebor,Majalengka,Kuliner,5,Makanan enak pelayanan oke👍👍👍,2026-01-09T07:43:35.579Z,Inna Khaerunisa,105450078251178596811,False,0,id,2026-05-04T16:20:02.068477
Ci9DQUlRQUNvZENodHljRjlvT21aWGNraDRlV1pNZDJOYU5XNWlSbXRETmpoUmVuYxAB,ChIJ9UvnCR8nby4RW5Ixx94hn1I,Kedai Kopi Jebor,Majalengka,Kuliner,5,Kopinya nyandu bikin ketagihan,2026-01-09T07:38:25.823Z,Lia Sefti,112974116688448818786,False,0,id,2026-05-04T16:20:02.068486
Ci9DQUlRQUNvZENodHljRjlvT210SVVuSTFSMUJrV2xNNWRuUlVWbTlxYzBkS2FsRRAB,ChIJ9UvnCR8nby4RW5Ixx94hn1I,Kedai Kopi Jebor,Majalengka,Kuliner,5,Enakeun pokoknya ...,2026-01-09T07:37:19.535Z,lia erlina marliantin,114412237679883190874,False,0,su,2026-05-04T16:20:02.068494
Ci9DQUlRQUNvZENodHljRjlvT25FMFVVODJVRlpPZEZKQ1p5MDBaVVpaUmpoSk4wRRAB,ChIJ9UvnCR8nby4RW5Ixx94hn1I,Kedai Kopi Jebor,Majalengka,Kuliner,5,Pelayananya ramah dan baik²,2026-01-06T03:14:57.935Z,Pitri Yani,115321847718245742026,False,0,id,2026-05-04T16:20:02.068510
Ci9DQUlRQUNvZENodHljRjlvT2tWQk1VbE5WMkZPU0UwNGR6ZGpWMVZIYldkNFZVRRAB,ChIJ9UvnCR8nby4RW5Ixx94hn1I,Kedai Kopi Jebor,Majalengka,Kuliner,5,"makanan nya enak, tempatnya luas dan nyaman, pelayanan nya pun ramah",2026-01-06T03:14:24.388Z,marisa dwilestari,117418112010769609857,False,0,id,2026-05-04T16:20:02.068518
ChRDSUhNMG9nS0VMN2lvY19TOWNsUxAB,ChIJQWbxlIsvby4RPBQGLrON0Jc,Shabuky Majalengka,Majalengka,Kuliner,5,pelayanan nya nyaman,2025-06-01T13:49:11.230Z,yans glens,116327110414123850838,False,0,id,2026-05-04T16:20:02.068527
ChZDSUhNMG9nS0VNQ29xTXkzNWVINENREAE,ChIJQWbxlIsvby4RPBQGLrON0Jc,Shabuky Majalengka,Majalengka,Kuliner,5,Mantap pokonya👌,2025-06-01T11:19:40.478Z,Anes Melani Putri,114517230459432131353,False,0,id,2026-05-04T16:20:02.068535
ChZDSUhNMG9nS0VJeWpudi1lNTh6dE5BEAE,ChIJQWbxlIsvby4RPBQGLrON0Jc,Shabuky Majalengka,Majalengka,Kuliner,5,enak buat santai sambil ngobroll,2025-05-31T10:49:59.539Z,Ashyifa Zahra,105098664009463651295,False,0,id,2026-05-04T16:20:02.068582
ChZDSUhNMG9nS0VJMlQ0Si1zdU1LUE13EAE,ChIJQWbxlIsvby4RPBQGLrON0Jc,Shabuky Majalengka,Majalengka,Kuliner,5,enakk banget worthh it apalagi chiken wings sama cobak nya lovee,2025-05-30T13:42:29.547Z,028 - Naima fawziya Lesmana,107268804144899835063,False,0,jv,2026-05-04T16:20:02.068591
ChdDSUhNMG9nS0VPaVo1NWJ1Nk56aDhRRRAB,ChIJQWbxlIsvby4RPBQGLrON0Jc,Shabuky Majalengka,Majalengka,Kuliner,5,"uda brpa kali bolak balik kesini trus dn ga pernh bosen sama makanannya apalaagi mie cobaaknya ituu enaak bngtttt gaa booongg,, semua makanannya enaaakk mulai dari bbqan shabu,cobaknyaa enaaakk bngttt🫰🏻🤍🤍😍😍😍😍😍😍😍😍😍bintaaang 1000😉",2025-05-29T23:11:41.479Z,zahraauliah007,116199504908488421322,False,0,id,2026-05-04T16:20:02.068604
ChdDSUhNMG9nS0VNYVozc242cmVDLXhRRRAB,ChIJQWbxlIsvby4RPBQGLrON0Jc,Shabuky Majalengka,Majalengka,Kuliner,5,"tempatnya nyaman makanannya juga enak , dan yg paling peting harganya terjangkau",2025-05-27T09:12:45.162Z,Shofia putri Maulidya,110601585666195289275,False,0,id,2026-05-04T16:20:02.068621
ChdDSUhNMG9nS0VJNjZpN0RzdjlfSzd3RRAB,ChIJQWbxlIsvby4RPBQGLrON0Jc,Shabuky Majalengka,Majalengka,Kuliner,5,"seruu, tempatnya nyaman, bikin naikin mood, pelayanannya ramah, harga makanannya terjakangkau dan enakkkkkkkk",2025-05-27T09:11:07.791Z,Zahra Shubhiyyah,108922920174800597230,False,0,id,2026-05-04T16:20:02.068628
ChZDSUhNMG9nS0VJQ0FnTUNJMnZpZFhnEAE,ChIJQWbxlIsvby4RPBQGLrON0Jc,Shabuky Majalengka,Majalengka,Kuliner,5,sangat merekomendasikan tempatnya bagus dan sejuk🫰🫰Vietnam bagus cocok untuk family time,2025-04-01T08:17:40.182Z,shofy fauziyyah,103419653973147629558,False,0,id,2026-05-04T16:20:02.068660
Ci9DQUlRQUNvZENodHljRjlvT210b1VFbGtTMUpHTTBZNU1rTTJWV1ZOUlRaa2JXYxAB,ChIJBa4Z0IYnby4RS4DnDWM7M5M,Crab 1818 Majalengka,Majalengka,Kuliner,1,Gak ada Qris padahal restoran gede aneh kapok,2026-03-06T12:05:58.194Z,Mia Soleha,110359268328917567117,False,0,id,2026-05-04T16:20:02.068689
Ci9DQUlRQUNvZENodHljRjlvT2tSRWJqSTJkRkJPT1VKTlJYUkxRVEp2VVY4d2JsRRAB,ChIJBa4Z0IYnby4RS4DnDWM7M5M,Crab 1818 Majalengka,Majalengka,Kuliner,2,"Pelayanan nya jelek banget, saya mau bukber udh reservasi lewat wa smaa Instagram gada balesan sama sekali, pas datang langsung ke lokasi katanya harus reservasi terlebih dahulu karena tempatnya udh penuh, minimal ada sedikit balesan gitu biar ga jauh jauh pas datang malah penuh",2026-03-02T02:18:13.048Z,Muhamad Latif,112076947543567152259,False,0,id,2026-05-04T16:20:02.068698
Ci9DQUlRQUNvZENodHljRjlvT2pZMlFsb3lhWFJ6YlROZldqSTJXRkpqY0hsM1psRRAB,ChIJBa4Z0IYnby4RS4DnDWM7M5M,Crab 1818 Majalengka,Majalengka,Kuliner,1,"PELAYANAN BURUK BGT DATENG KESITU MALAH DI ANGGURIN, PDAHAL KALO EMNG LGI SIBUK/JAM ISTRHT BILANG *Maap pa/bu* lahh ini malah bilang *oh ibu mau pesen* Lahhh emng nya saya ke CRAB 1818 CIGASONG MAU NGEMIS!!!  DR TD NUNGGU GADA YG NYAUTIN. kapokkkk Pelayanan nya! Ga lg deh kstu buruk bgt pelayanan nya!!",2026-02-17T05:41:21.752Z,RR W,116034332928867571949,False,0,id,2026-05-04T16:20:02.068713
Ci9DQUlRQUNvZENodHljRjlvT21GSGVsOXlNazU0YzJ4NGVuRmtWV1JTVDFnM1MxRRAB,ChIJBa4Z0IYnby4RS4DnDWM7M5M,Crab 1818 Majalengka,Majalengka,Kuliner,1,"Sy dtg lagi itu kangen masakan bebeknya, enaak asli.. Hari ini dtg dah nunggu2 lama, malah bilang habis, kru2 nya pd marahan apa gmn gak ada kordinasi dr awal klo ada menu yg habis,,di kira lapar bisa ditund😤",2026-02-15T07:48:36.178Z,Riza Nopriyana Piyosa,108674273864586262529,False,0,id,2026-05-04T16:20:02.068729
Ci9DQUlRQUNvZENodHljRjlvT210WVJFWkhaMXByV1hGUFoyZG5PRWRCZWtkeGNVRRAB,ChIJBa4Z0IYnby4RS4DnDWM7M5M,Crab 1818 Majalengka,Majalengka,Kuliner,4,"tempatnya luas bgt ya enakeun buat ngumpul keluarga jugaa,aplgi pas sawahnya lg ijo pasti bagus, parkiran luas, mobil motor terpisah.
cuma pas pesen seafood nya yg buat berdua itu hidangannya kaya cuma diosengin sbntar soalnya panasnya cma luarannya aja, dlmnya dingin poll,kerang dara nya susah dibuka pastinya kayanya harus nyediain alat sih, bawah meja banyak kerang yg jatoh bekas pengunjung lain, pastinya dikerubungin semut, smoga bsa lebih baik lagi ya",2026-02-09T03:21:06.156Z,Sani Mulyani,111709267434685650151,True,0,id,2026-05-04T16:20:02.068745
Ci9DQUlRQUNvZENodHljRjlvT2xoa1JtaDRjblpNVDFvelpXOVNZVWx0UWs5bmVYYxAB,ChIJBa4Z0IYnby4RS4DnDWM7M5M,Crab 1818 Majalengka,Majalengka,Kuliner,5,"Makanan di sini enak"" tempatnya nyaman pelayanan jga cepat",2026-02-08T08:35:04.178Z,Wulan Dari,110482151690887325672,False,0,id,2026-05-04T16:20:02.068767
Ci9DQUlRQUNvZENodHljRjlvT25KalpHeGhMV1YyV0dsRFdVVjFha1IzTFRkM2FrRRAB,ChIJBa4Z0IYnby4RS4DnDWM7M5M,Crab 1818 Majalengka,Majalengka,Kuliner,1,"gak akan lagi kesini
saya datang juah2 dari perbatasan malengka ,sampe tempat jam 10 40,jadi blm buka,saya bawa anak dan isitri saya ,anak saya pengen masuk ,nunggu di dalam ,sampe dalam malah di usir suruh nunggu di luar ,padahal apa salah nya nunggu di dalam tapi gak boleh ,jadi kami keluar dan gak jadi makan,pulang lagi akhr nya",2026-01-09T04:21:07.661Z,Rohman Hidayat,110002450566423935626,False,0,id,2026-05-04T16:20:02.068793
Ci9DQUlRQUNvZENodHljRjlvT2t0VVNGQkZZbnBFUWt0dWFWSlJhM0JtYmpFdFRtYxAB,ChIJBa4Z0IYnby4RS4DnDWM7M5M,Crab 1818 Majalengka,Majalengka,Kuliner,5,"Rumah makan dengan menu yang lengkap. Tidak hanya menyediakan menu seafood saja...tapi ada menu ayam dan bebek juga..

Tempat nya nyaman untuk makan bareng keluarga ataupun teman. Dengan desain ala ala Santorini.. cukup instagramable.cocok untuk foto foto",2026-01-07T00:32:42.628Z,desi rosida,100727114782745655092,True,0,id,2026-05-04T16:20:02.068801
Ci9DQUlRQUNvZENodHljRjlvT2twSFFtOWZNRmRTT1dwelZHMTNOR2gwTVZOSmVtYxAB,ChIJBa4Z0IYnby4RS4DnDWM7M5M,Crab 1818 Majalengka,Majalengka,Kuliner,1,"no rekomend bgt lagi matilampu gada penerangan ada ny lampu remang"" , mana belum habis makanan dan untuk pegawai nya gada basa basi apapun malah mojok diam saja gada ngmng apa apa. gahabis pikir cafe lain d sediakan genset loh, masa ini pinggit sawah gada pnerangan parab galagi deh pntsn sepi",2025-12-25T12:23:07.523Z,Clara,112269830791799255743,False,0,id,2026-05-04T16:20:02.068810
Ci9DQUlRQUNvZENodHljRjlvT25Gb1dVNXBhMHB1ZG5SNFdXVm9SVmhoZDFCSE9FRRAB,ChIJBa4Z0IYnby4RS4DnDWM7M5M,Crab 1818 Majalengka,Majalengka,Kuliner,1,"pelayanan nya teh apaan sih kok kaya gitu, aku minta tissu kaya nya supervisor nya tapi malah bilang bentar nanti saya bawa in tapi pelayan nya malah duduk bukan nya ngambilin tissu",2025-12-25T11:43:03.780Z,khusus,116355879586332792971,False,0,id,2026-05-04T16:20:02.068820
Ci9DQUlRQUNvZENodHljRjlvT2psUldrbGxiMkZMWDA5TVJtSkxjWGhhTjFSSWFFRRAB,ChIJBa4Z0IYnby4RS4DnDWM7M5M,Crab 1818 Majalengka,Majalengka,Kuliner,2,"karena serba gak ada makanannya habis, tisu tidak disediakan pegawai cemberut saja tidak bisa qriss",2025-12-22T12:29:01.666Z,ade heny,114257049436438844983,False,0,id,2026-05-04T16:20:02.068829
Ci9DQUlRQUNvZENodHljRjlvT21KamFYUkNVM2xZWTJaRlFVZDBaV0pQVjB0QlZVRRAB,ChIJBa4Z0IYnby4RS4DnDWM7M5M,Crab 1818 Majalengka,Majalengka,Kuliner,1,"Pelayanan lama banget, udah nunggu 1 jam makanan gak datang mana udah bayar di awal lagi, pas di tanyain malah diminta struknya buat konfirmasi terus baru mau di masak, emang kelupaan apa gimana si, jd gak mood makan, kecewa pokonya",2025-11-30T01:48:35.789Z,Tauhid Asep Nurhalim,105756121472198740156,False,0,id,2026-05-04T16:20:02.068844
Ci9DQUlRQUNvZENodHljRjlvT21GSU1XNVdReTExTldOcU5rSk1XbWhpWWpaTmJVRRAB,ChIJBa4Z0IYnby4RS4DnDWM7M5M,Crab 1818 Majalengka,Majalengka,Kuliner,1,"Pelayanan lama banget, banyak yang kecewa pas d tempat pokoknya gak sesuai iniiii😡",2025-11-29T14:07:56.099Z,Ade Jufri,108760154540714936999,False,0,id,2026-05-04T16:20:02.068852
Ci9DQUlRQUNvZENodHljRjlvT2pkcVIyMUZOSEF5WlRSR00wNXpZVE5vU0RWbVgxRRAB,ChIJ6zulTAAvby4RUOERdc08Vmg,Labbaik chicken Majalengka,Majalengka,Kuliner,5,"Makanan nya enak! untuk harga segitu oke lah, yang penting rasanya enak. Kebetulan saya dine in dan pesan lewat QR yang tertera dimeja, sat set tinggal pilih dan bayar ditempat duduk, jadi ga perlu antri.

Total pesanan saya ada 3 makanan 3 minuman, waktu saya kesana tidak terlalu ramai, makanan datang sekitar ±25 menit.

Di lantai 1 & 2 ada wastafel,  ada tempat ambil saus juga.

Ada beberapa stop kontak untuk cas, masing² ada 2 (mungkin ga semua meja ada).

Overall 9/10 ✨",2026-03-27T12:11:15.471Z,Safa Aulia,112513494274550214902,False,0,id,2026-05-04T16:20:02.068878
Ci9DQUlRQUNvZENodHljRjlvT2pGQ2NGQjNkVTlQUmt0UVkweDVPRTVJVlY5MlVXYxAB,ChIJ6zulTAAvby4RUOERdc08Vmg,Labbaik chicken Majalengka,Majalengka,Kuliner,1,"Makanannya oke cmn pelayanannya bikin males. yang jaga malam inisal IF bikin gondok ae, raut mukanya bikin males. Feel liat mukanya kek udah risih. Lain kali kalo gamau kerja ya udah resign aja bro",2026-03-26T09:26:31.534Z,Preeappss,111085093128921134449,False,0,id,2026-05-04T16:20:02.068887
Ci9DQUlRQUNvZENodHljRjlvT21oek5tYzJUbWxuTlVWa1Z6Tm1RVFI0YTFsSlUzYxAB,ChIJ6zulTAAvby4RUOERdc08Vmg,Labbaik chicken Majalengka,Majalengka,Kuliner,5,Jam 1:00 Mampir disana,2026-03-24T11:54:06.218Z,Firman Taufikuroman (Firman),113924163181102676067,True,0,id,2026-05-04T16:20:02.068898
Ci9DQUlRQUNvZENodHljRjlvT2pSRU5XaDBjemRTTmsxT2JEWkVSeTFFY1VSeU5IYxAB,ChIJ6zulTAAvby4RUOERdc08Vmg,Labbaik chicken Majalengka,Majalengka,Kuliner,1,"Nunggu makanan sampe satu jam setengah, itu pun ditungguin depan orangnya, paraahhh",2026-03-24T01:51:47.934Z,Aditya Novansyah,102105738006058398807,True,0,id,2026-05-04T16:20:02.068909
Ci9DQUlRQUNvZENodHljRjlvT2xaM1dVOVpVMHRKUWpoTVRGaDRUM2N4V1VjelUzYxAB,ChIJ6zulTAAvby4RUOERdc08Vmg,Labbaik chicken Majalengka,Majalengka,Kuliner,1,"Ngeri lama pisan, labbaik pangandaran aja yg penuh pelanggan ngga selama disini ya Allahuma labbaik😭",2026-03-23T12:18:11.291Z,Yulianti Intan,116369844268694693584,False,0,id,2026-05-04T16:20:02.068940
Ci9DQUlRQUNvZENodHljRjlvT21zMVNWbEVaSFpyTmxOaGNFSXpRVzh6Y3pkelFYYxAB,ChIJ6zulTAAvby4RUOERdc08Vmg,Labbaik chicken Majalengka,Majalengka,Kuliner,1,Karyawan lemot prosesnya lama,2026-03-23T11:28:53.753Z,Yosep Firman,102194868524607228796,False,0,id,2026-05-04T16:20:02.068949
Ci9DQUlRQUNvZENodHljRjlvT21WQ2MwaEtZMmwzUWpWYWNFVkphbU40TTJ4b1JtYxAB,ChIJ6zulTAAvby4RUOERdc08Vmg,Labbaik chicken Majalengka,Majalengka,Kuliner,1,"Petugas saran kan makanan yg ready, eh ternyata masih di masak ayam nya. Hedew pelayanan yg mengecewakan sekali",2026-03-23T08:28:09.187Z,Surya Fadillah,115726404110159319384,True,0,id,2026-05-04T16:20:02.068957
Ci9DQUlRQUNvZENodHljRjlvT2xkTGVra3liak5tUlRSWlZtUlRSMnQ2V1ZSc1RVRRAB,ChIJ6zulTAAvby4RUOERdc08Vmg,Labbaik chicken Majalengka,Majalengka,Kuliner,1,"Pelayanan nya lama kami nunggu buka puasa udah 1 Jam ga di antar antar menurut saya sangat benci
Apalagi pelayanan nya bagus tapi lelet",2026-03-10T12:27:50.928Z,Si doldol ujung,103470910030054336489,False,0,id,2026-05-04T16:20:02.068973
Ci9DQUlRQUNvZENodHljRjlvT2tGb1NucGZiVkJUTmpCUFVWbE1WRE5yYld0aE1XYxAB,ChIJ6zulTAAvby4RUOERdc08Vmg,Labbaik chicken Majalengka,Majalengka,Kuliner,4,Store nya tutup jam berapa ya? aku dateng jam 8 kurang tapi karyawannya udah pada bersih-bersih. Aku lagi makan loh itu karyawannya nyapu ngepel tanpa bilang permisi. Jadi kurang nyaman. Apa jam 8 itu udah tutup?,2026-02-24T08:52:25.000Z,Yenn,116042594821795530806,True,0,id,2026-05-04T16:20:02.069002
Ci9DQUlRQUNvZENodHljRjlvT2xnek1XUkZObWt3UVhwQ1FUbG1ZVzVvWVdOM1luYxAB,ChIJ6zulTAAvby4RUOERdc08Vmg,Labbaik chicken Majalengka,Majalengka,Kuliner,1,"Take away sweet bakri upgrade nasi kebuli, dibuka cuma nasi putih biasa",2026-02-20T12:02:49.573Z,Miya Kusmiyati,108354698181539385015,False,0,id,2026-05-04T16:20:02.069014
Ci9DQUlRQUNvZENodHljRjlvT2tRdGN6aHVXbFZHZDNGbVNubHZZVXM0U0ZoRldYYxAB,ChIJ6zulTAAvby4RUOERdc08Vmg,Labbaik chicken Majalengka,Majalengka,Kuliner,4,kurang sesuai sama selera tapi lumayan,2026-02-10T02:15:52.930Z,Wilki a,107770543778490598734,True,0,id,2026-05-04T16:20:02.069025
ChZDSUhNMG9nS0VJQ0FnTURBN3ZmQlZnEAE,ChIJQWbxlIsvby4RPBQGLrON0Jc,Shabuky Majalengka,Majalengka,Kuliner,5,Setiap kesini slalu pesen iga bakar cobeknya karna enak banget bumbunya beda dari yang lain,2025-02-09T06:01:57.806Z,Siti Awaliyah,103136996077683635146,False,0,id,2026-05-04T16:20:02.069044
ChdDSUhNMG9nS0VJQ0FnSUNybnVPeHZBRRAB,ChIJQWbxlIsvby4RPBQGLrON0Jc,Shabuky Majalengka,Majalengka,Kuliner,5,"Pelayanannya ramah bagus tempatnya, makannya enakk semua",2024-07-07T13:35:48.617Z,Lia Fatmala,101909714615081981258,True,0,id,2026-05-04T16:20:02.069129
ChdDSUhNMG9nS0VJQ0FnSUNqOWJDRnd3RRAB,ChIJQWbxlIsvby4RPBQGLrON0Jc,Shabuky Majalengka,Majalengka,Kuliner,5,sambil taichan nya enak rekomendasi sih,2024-04-24T10:11:56.238Z,Terri Agustriana Nugraha,111695158607422497734,False,0,id,2026-05-04T16:20:02.069145
Ci9DQUlRQUNvZENodHljRjlvT25OTFRtZDRSelJ3ZDB0aE0yeENNVlJ0Tnpnd1dtYxAB,ChIJaQTelt4vby4R4_sbJFOXQIg,Kasungka Foodcourt Kuliner Majalengka,Majalengka,Kuliner,1,"WOY GABLEG RARASAAN ANYING ... DENGE KU CEULI SORANGAN WEH ... GANDENG
MUSIK TENGAH PEUTING MENDING MALEM MINGGU MAH..",2026-01-21T16:26:21.295Z,Silih Wangi,104644902319622397916,False,0,su,2026-05-04T16:20:02.069153
Ci9DQUlRQUNvZENodHljRjlvT2pRemNsTkROelZKYlc1QmVWbHNlVVJYWkhWYWJYYxAB,ChIJaQTelt4vby4R4_sbJFOXQIg,Kasungka Foodcourt Kuliner Majalengka,Majalengka,Kuliner,1,"TENGAH PEUTING MAH NYA CIK DI LAUNKEUN MUSIK NA NYING
GANDENG",2026-01-21T16:24:34.075Z,Engkar Ika,113878817174067510808,False,0,su,2026-05-04T16:20:02.069164
Ci9DQUlRQUNvZENodHljRjlvT2pWeFJFVnZjRXcyYVU5WWEwdHVhRUZLUjBGU2JVRRAB,ChIJaQTelt4vby4R4_sbJFOXQIg,Kasungka Foodcourt Kuliner Majalengka,Majalengka,Kuliner,4,Harga bersahabat,2025-11-20T05:57:29.067Z,Stjbd,111068478462966202440,True,0,id,2026-05-04T16:20:02.069172
Ci9DQUlRQUNvZENodHljRjlvT2toNVZtdERUVE13TFZGeVJVZHhXV2hxVGpkTGVrRRAB,ChIJaQTelt4vby4R4_sbJFOXQIg,Kasungka Foodcourt Kuliner Majalengka,Majalengka,Kuliner,5,Rekomendasi bangettt,2025-08-23T03:44:39.619Z,Siti Nurhela,110997453128574023744,False,0,id,2026-05-04T16:20:02.069201
Ci9DQUlRQUNvZENodHljRjlvT2paUk5UaENTMGMyY1VKUmJ6SkNRVEJQVGpkbGFtYxAB,ChIJaQTelt4vby4R4_sbJFOXQIg,Kasungka Foodcourt Kuliner Majalengka,Majalengka,Kuliner,5,"tempat nya enak, ada parkir mobil, deket masjid, dan makanannya enak dan ekonomis, cobain geura cuing hits majalengka nya, ngeunah...",2025-07-13T06:09:29.336Z,abdulloh cuy,100953461879696623231,True,0,id,2026-05-04T16:20:02.069223
ChdDSUhNMG9nS0VJQ0FnTUNneDktX3VnRRAB,ChIJaQTelt4vby4R4_sbJFOXQIg,Kasungka Foodcourt Kuliner Majalengka,Majalengka,Kuliner,5,"Salah satu pusat jajanan favorit di Majalengka Kasungka Food, Suka pisan dengan warung Racing seger mantep",2025-02-21T07:57:05.039Z,Abdul Kustiana,105934886556375436237,True,0,id,2026-05-04T16:20:02.069231
ChdDSUhNMG9nS0VJQ0FnSURIdFptbnRnRRAB,ChIJaQTelt4vby4R4_sbJFOXQIg,Kasungka Foodcourt Kuliner Majalengka,Majalengka,Kuliner,3,Agak kurang euy,2024-09-18T16:10:03.763Z,Rizki Fadilah Nugraha,115206360314976598813,True,0,id,2026-05-04T16:20:02.069306
Ci9DQUlRQUNvZENodHljRjlvT2twWk4xb3dTVUp5VUc5SmQwcG9WemxZYldSTk9YYxAB,ChIJDYx9AfElby4RwmCxcPVDeX8,Kedai Halaman Abah Na'us Maranggi,Majalengka,Kuliner,4,"Saran Di sediakan/tempel peringatan Ruangan untuk Non Smoking area, karena suka ada yg merokok di indoor, untuk makanan udah enak dan udah jadi favorit",2026-04-21T12:27:34.586Z,Haidar Hanif,112301953579100180767,True,0,id,2026-05-04T16:20:02.069334
Ci9DQUlRQUNvZENodHljRjlvT2paVFExQTRVbGRMZUU5NFUwSlFWR0poTmpabmVYYxAB,ChIJDYx9AfElby4RwmCxcPVDeX8,Kedai Halaman Abah Na'us Maranggi,Majalengka,Kuliner,4,"Rumah makan Sunda di pusat kota Majalengka. Rasa makanan enak, masakan lebih ke asin bukan manis seperti kebanyakan masakan Sunda. Parkiran sempit, harga relatif murah. Pembayaran sudah bisa cashless/QRIS.",2026-04-19T04:20:03.788Z,HERRY HERMAWAN,104020830565259201811,True,1,id,2026-05-04T16:20:02.069344
Ci9DQUlRQUNvZENodHljRjlvT21KVlgyWk5RVU5oY21aNGEwUlFjRUp4V1hwWVMzYxAB,ChIJDYx9AfElby4RwmCxcPVDeX8,Kedai Halaman Abah Na'us Maranggi,Majalengka,Kuliner,5,"First time ke Majalengka dan first meal di Majalengka. Nyobain sate maranggi sama tengkleng iga, enak semua. Daging empuk dan gak bau.
Terus perkedelnya juga enak, beda dari perkedel biasanya. Teksturnya kenyel2 kaya cimol.",2026-04-15T23:36:22.871Z,Mila Muammila,115335647872839627058,True,0,id,2026-05-04T16:20:02.069360
Ci9DQUlRQUNvZENodHljRjlvT25scVQwRkpjRWh3Y2xwTmJVSTRXblZtTmxOV2VGRRAB,ChIJDYx9AfElby4RwmCxcPVDeX8,Kedai Halaman Abah Na'us Maranggi,Majalengka,Kuliner,5,"Satenya enak
Iga bakarnya pun enak sekalii
Untuk sup aku pesen sup buntut tpi yg dtnh sup Iga tpi gpp sh rasa tetap enak cuma kurang panas aja supnya pas datang. Tpi semua makanan yg di pesan enak 😍🥰",2026-04-08T12:20:27.879Z,Mukvie Djap,102701599929745710632,True,0,id,2026-05-04T16:20:02.069375
Ci9DQUlRQUNvZENodHljRjlvT21wZlJ6TklhVmhpUm5Kck4wNUZhbFZFZWxnM1gwRRAB,ChIJDYx9AfElby4RwmCxcPVDeX8,Kedai Halaman Abah Na'us Maranggi,Majalengka,Kuliner,5,"tempat makan bagus,mushola juga bersih .Makanan nya lumayan enak",2026-04-08T07:17:33.947Z,Aulia Ramadhani,112379003906408359255,False,0,id,2026-05-04T16:20:02.069390
Ci9DQUlRQUNvZENodHljRjlvT2pneU5FRlpWakJrYXpCblNtRTVjVkU0UjFacFVFRRAB,ChIJDYx9AfElby4RwmCxcPVDeX8,Kedai Halaman Abah Na'us Maranggi,Majalengka,Kuliner,5,"Maranggi dan Penyetannya enak banget weee, rekomendasi makan keluarga ke sini. pelayanannya juga ramah dan cepet",2026-04-03T06:15:51.889Z,Muhamad Agil Yahya,101854981635459149296,True,0,id,2026-05-04T16:20:02.069400
Ci9DQUlRQUNvZENodHljRjlvT25kMWRURXhkbmROU2t4YVJIZDJUVWRPUlc5RWQxRRAB,ChIJDYx9AfElby4RwmCxcPVDeX8,Kedai Halaman Abah Na'us Maranggi,Majalengka,Kuliner,5,"Tempat makan sate ini menghadirkan cita rasa yang lezat dengan aroma bakaran yang menggugah selera. Dagingnya empuk, bumbu kacangnya gurih dan meresap sempurna, membuat setiap suapan terasa nikmat. Suasananya sederhana namun nyaman, cocok untuk menikmati hidangan bersama keluarga atau teman. Pelayanan yang ramah menambah kesan hangat dan membuat ingin kembali lagi.",2026-04-01T05:54:23.000Z,HAN'S Verrater,108513984697986590574,True,0,id,2026-05-04T16:20:02.069409
Ci9DQUlRQUNvZENodHljRjlvT2tjM00yTk1SekpRYjFKS2VtbHRiaTF5U1U5MUxWRRAB,ChIJDYx9AfElby4RwmCxcPVDeX8,Kedai Halaman Abah Na'us Maranggi,Majalengka,Kuliner,5,"rasa sate nya khas bgtt, berbeda dengan Maranggi yang lainnya",2026-03-29T11:12:28.982Z,Ilham Nur Hakim,113127728176234753540,True,0,id,2026-05-04T16:20:02.069418
Ci9DQUlRQUNvZENodHljRjlvT21OQlNFNUNiVmxzUjFOTGVGaHZiM2R1WjJZM1dsRRAB,ChIJDYx9AfElby4RwmCxcPVDeX8,Kedai Halaman Abah Na'us Maranggi,Majalengka,Kuliner,5,"Makanan enak-enak, porsi banyak dan fresh, pelayanan cepat dan ramah, toilet dan mushola bersih dan nyaman. Puas banget bawa keluarga makan disini. Kalau boleh saran, piring dan gelas dihadirkan saat tamu datang saja biar terpantau kebersihannya, soalnya pas giliran kami gelas yg di meja ada kotoran binatangnya, kalau ga teliti bisa berabe.",2026-03-28T11:37:40.126Z,Nurul Janah,118207192500131989575,True,0,id,2026-05-04T16:20:02.069426
Ci9DQUlRQUNvZENodHljRjlvT2pkUVZHNHRkVXN5ZFV4cVJuUjZTRlE0TWtGVWVHYxAB,ChIJDYx9AfElby4RwmCxcPVDeX8,Kedai Halaman Abah Na'us Maranggi,Majalengka,Kuliner,5,"Sate marangginya enak se-Majalengka. Dagingnya lembut, meskipun pakai gajih lumer lembut dan tidak bau sama sekali. Wajib cobain
Sambal dadaknya enak seger",2026-03-28T09:47:36.819Z,Cindy Amanda Fitri,103140049383879791217,False,0,id,2026-05-04T16:20:02.069437
Ci9DQUlRQUNvZENodHljRjlvT2kxNVZ6aEJlblZKVmxNeFZVWklUMHcxTVRoSU9VRRAB,ChIJDYx9AfElby4RwmCxcPVDeX8,Kedai Halaman Abah Na'us Maranggi,Majalengka,Kuliner,3,"Pakai ruang vip tapi pelayanan luar biasa lambat tidak sigap.

Dengan minimal order yang sudah ditentukan kami tidak mendapatkan pelayanan prima harus menunggu beberapa jam

Sehingga menguras kesabaran",2026-03-23T11:16:11.874Z,Annisa Suliastini,102483942151922960318,False,0,id,2026-05-04T16:20:02.069467
ChZDSUhNMG9nS0VJQ0FnSUQycVpLUmFREAE,ChIJDYx9AfElby4RwmCxcPVDeX8,Kedai Halaman Abah Na'us Maranggi,Majalengka,Kuliner,5,Tempat makan recomended di Majalengka,2026-03-04T19:16:31.836Z,Dudey Indrady,117052621174787156171,True,0,id,2026-05-04T16:20:02.069475
Ci9DQUlRQUNvZENodHljRjlvT2tnM2NsQTFWVU5KT1ZWT1lWY3lPSEJVUkRkbFJYYxAB,ChIJDYx9AfElby4RwmCxcPVDeX8,Kedai Halaman Abah Na'us Maranggi,Majalengka,Kuliner,4,Makanannya enak dan suasananya cukup enak hanya saja banyak kucing yang dimana cukup mengganggu ketika kita makan,2026-02-28T05:01:55.064Z,Akagami TV,114369924297889864709,False,0,id,2026-05-04T16:20:02.069490
Ci9DQUlRQUNvZENodHljRjlvT21OaVp6aE1lV05OV1hwTlVWaEVlRzlPTmpSTFgzYxAB,ChIJ6zulTAAvby4RUOERdc08Vmg,Labbaik chicken Majalengka,Majalengka,Kuliner,1,"Pelayanan buruk,nunggu pesanan sampe 1 jam baru jadi,yg datang belakangan udah dapet masa saya yg dateng duluan belum jadi jg pesanan ny,hadeuh😤",2026-02-07T16:06:42.452Z,Jaka Permana,102284214922365930802,True,0,id,2026-05-04T16:20:02.069498
Ci9DQUlRQUNvZENodHljRjlvT21Oa1IzaEtPVk54ZVhBdGFVdFlTa1F0U21kWlVFRRAB,ChIJ6zulTAAvby4RUOERdc08Vmg,Labbaik chicken Majalengka,Majalengka,Kuliner,4,"Pesanan lumayan lama di jam ramai bisa 30 menit lebih,, rata2 di atas 20 menit. Tapi ada mini playground buat yang bawa balita sehingga waktu tunggu tidak terasa. Tempat bersih. Buat kaka nya yang manggil costumer via speaker tolong jangan kecepetan bicaranya jd kurang jelas.",2026-02-01T09:05:12.684Z,Indra Permana,106641363090364659059,False,0,id,2026-05-04T16:20:02.069514
Ci9DQUlRQUNvZENodHljRjlvT2preGFXRnFWSFJJVFRSbFdrcE9ja0kxYUZkQ1ExRRAB,ChIJ6zulTAAvby4RUOERdc08Vmg,Labbaik chicken Majalengka,Majalengka,Kuliner,2,"Duh lelet banget pelayanannya.
Spare waktu 1 jam kalau makan disini, karena pesanan prosesnya bisa 30 menit sejak kita bayar di kasir.

Lalu besoknya makan lagi disini, nunggu 45 menit untuk sekedar chicken steak, kentang, dan aqua.

Tapi tempatnya bagus dan modern, nyaman lah ya.",2026-02-01T04:07:57.844Z,M. Bilal Ragil Saputra,113984140563084929882,True,0,id,2026-05-04T16:20:02.069522
Ci9DQUlRQUNvZENodHljRjlvT21VNE5HRnhORVJLTkU1cVJVdDFRMk5RYWxGM2RXYxAB,ChIJ6zulTAAvby4RUOERdc08Vmg,Labbaik chicken Majalengka,Majalengka,Kuliner,1,Ayamnya enak lah yaa. Tapi pelayanannya kurang banget . Padahal lagi ngga ada yang beli kita dateng bukannya langsung dilayanin mlah ngobrol dulu. Pesen ayam spicy2 tapi malah satunya ngga ada bubuk cabenya. Tolong diperbaiki lagi deh,2026-02-01T03:23:06.524Z,Aurora Cherry,118188365303940320527,False,0,id,2026-05-04T16:20:02.069531
Ci9DQUlRQUNvZENodHljRjlvT21SWU1saEhYMGg0UjB4bVlrdHFYMEpOY1d0TFJVRRAB,ChIJ6zulTAAvby4RUOERdc08Vmg,Labbaik chicken Majalengka,Majalengka,Kuliner,5,Salah satu chicken terenak yang pernah saya makan,2026-01-22T15:58:00.000Z,Chandler Blake,114947135892588580742,True,0,id,2026-05-04T16:20:02.069546
Ci9DQUlRQUNvZENodHljRjlvT21oUmVIaHBaV3hJVTFabWVWRk1XWEF0VjBRMWVGRRAB,ChIJ6zulTAAvby4RUOERdc08Vmg,Labbaik chicken Majalengka,Majalengka,Kuliner,5,"barusan bngt beli labbaik take away, mau beli ayam spicy chiken yg dada tp di suruh tunggu 25 menit udh 20 menit di tanya lg lah ktanya 5 menit lg eh ga lama dari itu malah di suruh nunggu lg 20 menit gara2 minyaknya baru naik katanya jd gak mateng2… jujur sih kesel bngtt udah mau se jam nunggu tp baru ada konfirmasi setelah nanya dulu😀 di tungguin di rmh ko ga dateng2… saran aja klo nnti ada kejadian begini lg saranin aja pilihan menu yg lain. ini yg beli suami saya jd kurang ngerti makanya di suruh nunggu manut2 aja hdhhh😌 buat makanan mh fine2 aja sih tp gak di kasih daun yg ijo2 sama telor yg biasanya itu, kemungkinan stok habis cmn itu ada sedikit problem di estimasi waktunyaa",2026-01-13T16:34:00.088Z,Inferno Han,105856135230514993263,False,0,id,2026-05-04T16:20:02.069562
Ci9DQUlRQUNvZENodHljRjlvT21oc05sQmZPV0ZrVFRoMlNGVlBjalp3VjJ4SE1WRRAB,ChIJ6zulTAAvby4RUOERdc08Vmg,Labbaik chicken Majalengka,Majalengka,Kuliner,4,Tempatnya bagus.ada permainam anak di lantai atas.ayam nya enak,2026-01-06T14:23:49.058Z,Cecep Rudianto,117811084245542650433,True,0,id,2026-05-04T16:20:02.069574
Ci9DQUlRQUNvZENodHljRjlvT2tjeFFVNVVSbUpCYlRCMllVdEhja0pVUkVNd1pFRRAB,ChIJ6zulTAAvby4RUOERdc08Vmg,Labbaik chicken Majalengka,Majalengka,Kuliner,4,tempat nya nyaman kalau buat berdua,2026-01-05T04:48:43.147Z,Almuhq,103248612013108661242,True,0,id,2026-05-04T16:20:02.069583
Ci9DQUlRQUNvZENodHljRjlvT2taWWRFdDZSVFU1U2tKMlJXUTJWWE13YW1kNVNHYxAB,ChIJ6zulTAAvby4RUOERdc08Vmg,Labbaik chicken Majalengka,Majalengka,Kuliner,1,pelayan nya lemot ngabisin waktu driver online,2025-12-28T04:09:18.335Z,nino motovlog,107919097656770005725,True,0,id,2026-05-04T16:20:02.069593
Ci9DQUlRQUNvZENodHljRjlvT25sRVRrUnlWVjlPU0VOSVQwTXhNbUYwWVdkVlRXYxAB,ChIJ6zulTAAvby4RUOERdc08Vmg,Labbaik chicken Majalengka,Majalengka,Kuliner,4,"Tempat makan asik sih, ada tempat shalat juga. Tapi rasa ayamnya kurang mantep. Pelayannya juga lemes banget kayak belom sarapan.",2025-12-27T11:53:08.177Z,Septian D. Chandra,111291590324637523353,True,0,id,2026-05-04T16:20:02.069603
Ci9DQUlRQUNvZENodHljRjlvT2twdGQwbGlYMEZQZDNCT1JYVXRWRkJvVG5WNldVRRAB,ChIJ6zulTAAvby4RUOERdc08Vmg,Labbaik chicken Majalengka,Majalengka,Kuliner,5,Kasirnya baik banget,2025-12-18T01:58:32.523Z,sia Monyet,106551864730970218049,False,0,id,2026-05-04T16:20:02.069612
Ci9DQUlRQUNvZENodHljRjlvT2tocGIxRkNRWGxhWW1wTGRrOXBTRkpmTkdVNGFuYxAB,ChIJ6zulTAAvby4RUOERdc08Vmg,Labbaik chicken Majalengka,Majalengka,Kuliner,2,"Tolong ini yg punya karyawan nya di training lagi, lelet sekali pelayanannya padahal antrian biasa aja, saya liat kerja nya ga efektif, di restoran,disni ga ada layanan customer care jdi saya komplen dsni",2025-12-13T06:44:02.327Z,Salsa,107111088179863188513,False,0,id,2026-05-04T16:20:02.069620
Ci9DQUlRQUNvZENodHljRjlvT21wWVgyZEliVkpyV2pCTWNVRk5kVkZwWTNkcGNYYxAB,ChIJ6zulTAAvby4RUOERdc08Vmg,Labbaik chicken Majalengka,Majalengka,Kuliner,1,Iya resto 24 jam bener tapi sangat di sayangkan begitu masuk orderan online nunggunya lama banget hampir 1 jam parah,2025-11-04T22:24:52.435Z,Sadewa Samudra,112685931617491742932,False,1,id,2026-05-04T16:20:02.069655
Ci9DQUlRQUNvZENodHljRjlvT2tjd01UVjFUR2RSVDJoWU5tbzVObUpWVFRGdWVYYxAB,ChIJ6zulTAAvby4RUOERdc08Vmg,Labbaik chicken Majalengka,Majalengka,Kuliner,5,"okeee banget! makanannya enak enak, tempatnya juga nyaman, cocok buat makan-makan sama keluarga. aku kira di lantai 2 itu outdoor ternyata indoor, tapi tetep nyaman kok, baguuus banget ada cermin juga buat foto foto xixixi 😋🤏",2025-10-14T15:03:32.002Z,kaamiliaa najla,116488097398496442244,True,0,id,2026-05-04T16:20:02.069667
ChZDSUhNMG9nS0VJQ0FnSUNydWJMZk5BEAE,ChIJaQTelt4vby4R4_sbJFOXQIg,Kasungka Foodcourt Kuliner Majalengka,Majalengka,Kuliner,5,"Foodcurt di Majalengka, tersedia berbagai makanan dan minuman. Misalnya ayam geprek, pecel, kopi, king mango dan lain². Selain itu bagi yang ingin membeli pernak pernik pun tersedia disini, pembeli dapat membeli di lapak Perupa Majalengka.",2024-07-09T05:19:43.309Z,Gunawan Wijaksono,110218112311284037508,True,0,id,2026-05-04T16:20:02.069710
ChdDSUhNMG9nS0VJQ0FnSURUd195OC1RRRAB,ChIJaQTelt4vby4R4_sbJFOXQIg,Kasungka Foodcourt Kuliner Majalengka,Majalengka,Kuliner,4,"Tempatnya enak nyaman ada suara air dari sungai belakangnya, deket masjid jadi enak untuk nongkrong lama, sayangnya kemarin pas saya kesana bau sampah yang berserakan deket parkirannya",2024-05-27T05:16:37.520Z,Inges Cahyati,112841510328231674059,True,1,id,2026-05-04T16:20:02.069725
ChZDSUhNMG9nS0VJQ0FnSURqellIUWR3EAE,ChIJaQTelt4vby4R4_sbJFOXQIg,Kasungka Foodcourt Kuliner Majalengka,Majalengka,Kuliner,5,"Food court keren di Majalengka, parkir luas, ada masjid yg keren juga mahkota prabu Siliwangi kayanya. Pilihan makanan masih kurang banyak, tp ada kebuli ayam yg enak.",2024-05-06T06:07:49.612Z,Tomi Hidayat Adipalopo,101759352156108493164,True,0,id,2026-05-04T16:20:02.069747
ChdDSUhNMG9nS0VJQ0FnSURkc2NuVWlRRRAB,ChIJaQTelt4vby4R4_sbJFOXQIg,Kasungka Foodcourt Kuliner Majalengka,Majalengka,Kuliner,5,"Banyak pilihan jajanan, semuanya enak²...
Tempatnya nyaman, enak buat kumpul² sama temen atau keluarga, mampir kali ini cuma take away pizza sma sushi goreng+karage aja, banyak pilihan makanan yg bisa dine in maupun take away,,",2024-02-24T15:45:01.845Z,Linda Cahyati,116081106820817178084,True,0,id,2026-05-04T16:20:02.069779
ChZDSUhNMG9nS0VJQ0FnSURObHVYT0tnEAE,ChIJaQTelt4vby4R4_sbJFOXQIg,Kasungka Foodcourt Kuliner Majalengka,Majalengka,Kuliner,5,"Foodcourt terlengkap di Majalengka plus tempatnya strategis, di dekat kawasan taman Bagja Raharja, foodcourt ini banyak banget tenant nya plus sistem pembayaran di kasir dan sudah bisa cashless.
Tempat parkir luas dan nyaman hanya saja kurang cocok membawa anak atau bayi karena banyak yg merokok",2024-01-26T16:22:31.347Z,Elda Dheiva Amelinda,104233905283085780933,True,0,id,2026-05-04T16:20:02.069795
ChdDSUhNMG9nS0VJQ0FnSUMxb2FYTHh3RRAB,ChIJaQTelt4vby4R4_sbJFOXQIg,Kasungka Foodcourt Kuliner Majalengka,Majalengka,Kuliner,5,"Mantap makanan dan minumannya relatif murah, suasananya enjoy buat nongki- nongki",2023-12-31T01:12:36.221Z,DEDEH KURNIA,105765758628744762535,True,0,id,2026-05-04T16:20:02.069832
Ci9DQUlRQUNvZENodHljRjlvT25ONVRWcHVXa2h5UVU0eE4zaFZaRXczTjJSS1RWRRAB,ChIJBa4Z0IYnby4RS4DnDWM7M5M,Crab 1818 Majalengka,Majalengka,Kuliner,5,Pas lagi mudik pengen coba makan seafood dengan vibes santorini. Enak sejuk banget pemandangannya. Makanannya juga enak2 & harganya masih sangat masuk. Pelayanannya juga ramah2.,2025-11-24T15:39:09.518Z,Layna Dewi Fitry,108304286301604880495,True,0,id,2026-05-04T16:20:02.069855
Ci9DQUlRQUNvZENodHljRjlvT2xadmFVMUdVMnhqYXpWYVJHSXhkbXh3YWw5T1VWRRAB,ChIJBa4Z0IYnby4RS4DnDWM7M5M,Crab 1818 Majalengka,Majalengka,Kuliner,5,"Rekomen bgt seafood lengkap, harga sangat terjangkau",2025-11-20T09:17:36.874Z,ABDUL ARIP SUCIPTO,115112163445223848369,True,0,id,2026-05-04T16:20:02.069868
Ci9DQUlRQUNvZENodHljRjlvT214RVMxQTNkMEZPTjNFMk4xOUJOazlmYVZBeFFXYxAB,ChIJBa4Z0IYnby4RS4DnDWM7M5M,Crab 1818 Majalengka,Majalengka,Kuliner,5,"Semua menu gaada yg gaenak disinii,pelayanan yg sangat sangat memuaskan ditambah best view dengan nuansa santorininya soo gbkal bosen sii buat makan disini lagii🤍🤍",2025-10-16T04:00:50.944Z,Ririss,110377111511549369929,True,0,id,2026-05-04T16:20:02.069893
Ci9DQUlRQUNvZENodHljRjlvT2xCV1JEbHdiazVwU21JNVRtWnVWMGR6VlZaNGExRRAB,ChIJBa4Z0IYnby4RS4DnDWM7M5M,Crab 1818 Majalengka,Majalengka,Kuliner,4,"makanan enak, cepet, tpi dri awal sampe udh beres2 mau pulang airnya baru dateng padahal air mineral doang, ditingkatin lagi komunikasi antar staf nya tolong🙏",2025-10-12T13:26:06.874Z,Dhika Butterclay,115594190926873060148,False,0,id,2026-05-04T16:20:02.069902
Ci9DQUlRQUNvZENodHljRjlvT210V1FVdExNVTFGY0RselIwUmtVbmh2VmtvdGNuYxAB,ChIJBa4Z0IYnby4RS4DnDWM7M5M,Crab 1818 Majalengka,Majalengka,Kuliner,1,"Dateng langsung cari tempat duduk gaada satupun waiters yg nyamperin ngasih menu, insisiatif saya cari dan tanya buku menu sendiri
Setelah ambil buku menu mau pesan bilangnya duduk dlu saja
Hampir 1 jam nunggu gaada yang nyamperin, waiters lain cuma lalu lalang anter pesanan dan ambil piring kotor kaya cuek aja gitu. Posisi suami dan anak saya sudah haus, bela belain nyamperin ke waiters pesen minum dlu aja air mineral sama teh manis bilang nya iya tunggu dulu aja. Setelah 15 menit ga dateng juga minuman nya. Akhirnya kita langsung pulang ga jd makan disitu
Serame ramenya toko minimal layanin dulu pembeli, minum minum doang mh masa gabisa di duluin. KECEWA POKONYA",2025-10-04T15:43:53.457Z,Ulfah Siti,116594303310557830609,False,1,id,2026-05-04T16:20:02.069918
Ci9DQUlRQUNvZENodHljRjlvT2tKMVNsbEhXSHAzZGxNellucDBVV0ZXWTBoRWIzYxAB,ChIJBa4Z0IYnby4RS4DnDWM7M5M,Crab 1818 Majalengka,Majalengka,Kuliner,5,"Suasana nya nyaman dan indah apalagi pas malam hari..
Utk makanan nya, nasgor seafood nya mantaf...",2025-09-18T11:59:37.614Z,andri gendut,112897647524590769643,True,0,id,2026-05-04T16:20:02.069926
Ci9DQUlRQUNvZENodHljRjlvT2xjMlFXOTZMWEEyZWpoRWNqUjFhMGw0WTI5aFZtYxAB,ChIJBa4Z0IYnby4RS4DnDWM7M5M,Crab 1818 Majalengka,Majalengka,Kuliner,5,Bagus tempatnya ..ramah pelayannya..dan menunya. Komplit rasa juga tidak mengecewakan,2025-09-12T01:40:07.224Z,dheedy mardianto,112220922293759681552,True,0,id,2026-05-04T16:20:02.069937
Ci9DQUlRQUNvZENodHljRjlvT2pscGEyZzFRamRYVnpGRVpIVkZXWGN4V1cxWlpIYxAB,ChIJBa4Z0IYnby4RS4DnDWM7M5M,Crab 1818 Majalengka,Majalengka,Kuliner,4,"Kesini sdh tk trhitung cm jrg dmsukin ke gmaps.ini kbtln acra kk amel ultah oktober 2024.tmptny luas,perseafood^an.yg pnya tmn SMA rjglh bu reni.kbtln tiap ke grab mjlngka/grab crbn jrg ktmu sm beliau.",2025-09-04T05:18:51.368Z,ani Suciani,110549531621603032776,True,0,id,2026-05-04T16:20:02.069946
Ci9DQUlRQUNvZENodHljRjlvT201aVEwMVpVMm90Tld0bFdUbG9VRzV1UkVvMVZrRRAB,ChIJLxvXetgvby4Ruy7uBpIlr-4,CIBIUK RESTO MAJALENGKA,Majalengka,Kuliner,5,Luarnya keliatan kecil ternyata luas bangett dalemnya!! Kayaknya ter the-best deh di majalengka,2026-05-02T09:49:50.866Z,Dan,108780494363701610302,False,0,id,2026-05-04T16:20:02.069954
Ci9DQUlRQUNvZENodHljRjlvT2sxRGNTMUhhVk00YlZoNmVqZGZRbk5IT1RoblpIYxAB,ChIJLxvXetgvby4Ruy7uBpIlr-4,CIBIUK RESTO MAJALENGKA,Majalengka,Kuliner,5,"masyaallah tmpt nyaman brsih
pelayanan memuaskan,boking di 3 perahu untuk 3 rombongan. sungguh puas skali makanan juga enak²",2026-04-27T07:25:45.014Z,yanti yadi,104303108864033182216,False,0,id,2026-05-04T16:20:02.069965
Ci9DQUlRQUNvZENodHljRjlvT2tSSWJXTkhjVmg0UW1KbGJWQXhaRTVZZW1GQ1JYYxAB,ChIJLxvXetgvby4Ruy7uBpIlr-4,CIBIUK RESTO MAJALENGKA,Majalengka,Kuliner,4,Resto oke mantap,2026-04-26T00:10:45.985Z,Sahabat Rijal,114843843984586196489,True,0,id,2026-05-04T16:20:02.069974
Ci9DQUlRQUNvZENodHljRjlvT2xaRlZFTTFOVkZHUnpKblVVNXlPWE53T0RGMVVXYxAB,ChIJLxvXetgvby4Ruy7uBpIlr-4,CIBIUK RESTO MAJALENGKA,Majalengka,Kuliner,3,"tolong ditambahkan genset ketika mati listrk supaya masih bisa mengcover customer,",2026-04-13T05:49:20.582Z,Yusril Ihya,110006410637431607013,False,0,id,2026-05-04T16:20:02.069996
Ci9DQUlRQUNvZENodHljRjlvT2t0clpIQkhlVTlEY0dSalltbzVkbUV6VERGb2FrRRAB,ChIJLxvXetgvby4Ruy7uBpIlr-4,CIBIUK RESTO MAJALENGKA,Majalengka,Kuliner,4,"Tempat luas, ada area bermain untuk anak2, toilet bersih, makanan dan pelayanan juga 👍",2026-04-05T10:26:14.091Z,Diah Dwi,112592986070480645147,True,0,id,2026-05-04T16:20:02.070021
Ci9DQUlRQUNvZENodHljRjlvT2xOUmRGQmZNR0Z5ZHpBeWNIVkpiMlo0VFVkT05FRRAB,ChIJLxvXetgvby4Ruy7uBpIlr-4,CIBIUK RESTO MAJALENGKA,Majalengka,Kuliner,2,Pelayananya agaa kurang sopan si yaaa buat pelayan wanita yg memakai masker dibagian kasir org ya kurus tolong etikanya diperbaiki lagi.,2026-03-27T17:57:34.338Z,Lia Yulianti,116113904711415137360,False,0,id,2026-05-04T16:20:02.070044
Ci9DQUlRQUNvZENodHljRjlvT2w5YVZrZDVSakJVZVVGV1NVUnJZVlJxVlhScVVrRRAB,ChIJLxvXetgvby4Ruy7uBpIlr-4,CIBIUK RESTO MAJALENGKA,Majalengka,Kuliner,1,"lama bat jir pelayanannya aowkwk nungguin gurame bakar 2 jam, pelayannya kurang bagus tolong di perbaiki",2026-03-24T09:37:41.932Z,fahmi amry saputra,115825018846835967618,False,0,id,2026-05-04T16:20:02.070054
Ci9DQUlRQUNvZENodHljRjlvT25kWmFVNUdkbnBHZWxKd2JXRklXRkZLWjJweVRVRRAB,ChIJLxvXetgvby4Ruy7uBpIlr-4,CIBIUK RESTO MAJALENGKA,Majalengka,Kuliner,1,"PELAYANAN NYA JELEK PAKE BANGET. awalnya sy brsm klrga sekitar 20 org mau dtng stelah lebaran, mau booking tp kt adminnya lgsng aja ke resto. yaudah, akhirny stelah h+2 lebaran ksitu lah. smpe tempat disna rame bgt, pesenan kita ga dilayanin² dr jam 11  sampe jam 1 baru disajiin teh anget sm minuman 5 sm makanan pun cm ayam' an doang, udh negur ke waitersnya, tp cmn dibales ""iya biasa lah orang hari lebaran"" YAAA GIMANA KALAU LEBARAN HRSNYA DIPERCEPAT DONG KERJANYA, mana judes bgt lagi waiters yg cowo.. alhasil GAKJADI makan disitu dan milih cancel drpd hrs emosi disitu.. kita pilih bayar dan complain dikasir, tau gak? pas sy lewat kitchen yg kelihatan dr luar.. trnyt mereka lg pada ngobrol.. astagfirullah.. yasudah lah, cukup sekali aja datengin resto beginian. kalo Klian mau coba nahan emosi ky sy, yasudah datengkan saja resto ini. sekian, makasih atas pelayanan yg sangat sangat buruk ini. sy gapernah di perlakukan seburuk ini dr berbagai resto yg lain.",2026-03-23T09:49:04.772Z,Ayu Husnul Khotimah,114499518169234730929,False,0,id,2026-05-04T16:20:02.070080
Ci9DQUlRQUNvZENodHljRjlvT25KcU1qQnZjbVJmVVhSWGQxSktjbUpvZVRKeGIzYxAB,ChIJLxvXetgvby4Ruy7uBpIlr-4,CIBIUK RESTO MAJALENGKA,Majalengka,Kuliner,1,"Lagi suasana mudik, emang banyak pengunjung saya maklumi itu tapi udah 2x minta piring gak dateng juga sampe kita makan di daun pisang yang disobek sobek..kacau..padahal kelihatan banyak anak yg training dan personil iddle",2026-03-23T08:27:44.658Z,Qujay ASMR,101004278281632967057,False,0,id,2026-05-04T16:20:02.070107
Ci9DQUlRQUNvZENodHljRjlvT2tKQlIxaFZURGN4Tm10R2JuUndNblJuUlZwaFRWRRAB,ChIJLxvXetgvby4Ruy7uBpIlr-4,CIBIUK RESTO MAJALENGKA,Majalengka,Kuliner,1,"Pelayanan lama, padahal banyak karyawan nunggu makanan sampe 1 jam
Sambel pada habis tidak D revil lg, D tanya ke petugas nya katanya memang lama kan kocak, bukan sat set malah dapet jawaban yg membetekan",2026-03-23T05:47:33.785Z,dhoel hamdani,113132712895823645361,False,0,id,2026-05-04T16:20:02.070116
Ci9DQUlRQUNvZENodHljRjlvT25KVWFVbExkWEk0V2xGaGIxYzRUR1pYVlVGaWNVRRAB,ChIJLxvXetgvby4Ruy7uBpIlr-4,CIBIUK RESTO MAJALENGKA,Majalengka,Kuliner,1,gangerti knp servicenya lelet bgt udh di call out more than 3 times ttp gak dilayanin apa yg diminta..? pdhl cuma minta lilin sm air tawar loh? hadeh not recommend. di cabang lain jg sm aj pelayanannya gd yg beda ttp mengecewakan. masa makan gaminum? naga kah kt?,2026-03-22T10:55:01.764Z,jeno lee,117245193101727555749,False,0,id,2026-05-04T16:20:02.070125
Ci9DQUlRQUNvZENodHljRjlvT25wZk1YZGxXa2czYjJWV1ZWUkNhVzFaTkc5ek5HYxAB,ChIJLxvXetgvby4Ruy7uBpIlr-4,CIBIUK RESTO MAJALENGKA,Majalengka,Kuliner,1,"Untuk rasa makanan enak , suasana juga cukup nyaman , tapi kecewa dengan pelayannya karena sampai kami selesai makan ,minum tidak Dateng , .padahal dari awal sudah bertanya paketnya sudah termasuk minum atau belum , dan katanya sudah termasuk minum ,saya sampai bertanya ke 3 pelayan kenapa minumnya tidaknya di antar tapi tidak di tanggapi .Bikin kapok makan disini ,cukup sekali",2026-03-22T07:15:50.039Z,yudiz casper,105927121868168633391,False,0,id,2026-05-04T16:20:02.070134
Ci9DQUlRQUNvZENodHljRjlvT2s5U2EzbFdSRTVxZVhwa2RFWmZhbEpsVGtSV1puYxAB,ChIJ6zulTAAvby4RUOERdc08Vmg,Labbaik chicken Majalengka,Majalengka,Kuliner,5,"Makanan enak harga murah, tempat okee, tapi masyaAllah pelayanan nya kalo laperr nya udah banget maah bikin emosiii wkwkw , nunggu pesanan bisa sampe 20 menit llebih untuk menu yg sudah ada bukan steak atau burger ya hanya nasi ayam dan minum, sy harap management bisa tinjau ulang management waktu untuk service hidangannya padahal keadaan g terlalu ramai .. biar sat set, syang menu udah ok tempat udah ok  sy g mau pindah ke lain tempat tapi perbaiki pleasee #bicaradenganselembutkuemochi....",2025-10-11T05:42:53.146Z,Pujiyono,100536537711250973678,False,0,id,2026-05-04T16:20:02.070150
Ci9DQUlRQUNvZENodHljRjlvT2pOa2VGTmtiMk5yVUdRNGNFNXdja1JvWHpsMlVuYxAB,ChIJ6zulTAAvby4RUOERdc08Vmg,Labbaik chicken Majalengka,Majalengka,Kuliner,4,"Alhamdulillah halal, cuma di ruangan atas agak panas",2025-09-29T22:43:32.609Z,Edwin Yuniar,115507715672747175780,True,0,ms,2026-05-04T16:20:02.070173
Ci9DQUlRQUNvZENodHljRjlvT2tkVU5HVkpSM2xLYWpsTFowdHZhRTFoYkhCRmVWRRAB,ChIJ6zulTAAvby4RUOERdc08Vmg,Labbaik chicken Majalengka,Majalengka,Kuliner,4,"Makanannya enakk

Tapi tolong kamar mandi bagian pintunya di perbaiki ya",2025-09-08T05:50:49.027Z,Adifh 1124 v1 (Fi),113094467080577878907,True,0,id,2026-05-04T16:20:02.070188
Ci9DQUlRQUNvZENodHljRjlvT2tnd2MxQnBaa3BxTVdScFgzVTBZbk5JV0hScldtYxAB,ChIJ6zulTAAvby4RUOERdc08Vmg,Labbaik chicken Majalengka,Majalengka,Kuliner,4,"Kebetulan mkn dsini smbil ngrayain ultah anak.cmn qita mknnya diruang ber AC jdi gk bisa tiup lilin tpi gpp.tmpt cozy bngt,nyaman luas ada lantai 1&2.ada pula prmainan anak mushola.",2025-09-02T14:45:54.755Z,ani Suciani,110549531621603032776,True,0,id,2026-05-04T16:20:02.070197
Ci9DQUlRQUNvZENodHljRjlvT2pCU1dHczNjbmxHTkZnNU5EWXdOMVZTVEV4dVRIYxAB,ChIJ6zulTAAvby4RUOERdc08Vmg,Labbaik chicken Majalengka,Majalengka,Kuliner,5,"bersih ,nyaman ,makanan nya enak udah ke 3 kalinya kesini pelayanan nya ramah jugaa",2025-08-23T08:24:53.394Z,Diah Puspasari,105971951198756390745,False,0,id,2026-05-04T16:20:02.070212
Ci9DQUlRQUNvZENodHljRjlvT25WT1ZVMDJZV05aV1V0b2VtczRORFozYldrMmMwRRAB,ChIJ6zulTAAvby4RUOERdc08Vmg,Labbaik chicken Majalengka,Majalengka,Kuliner,5,"Makanannya rasanya enak, harganya murah, pelayanannya baik dan tempatnya nyaman, rekomendasi untuk kamu yg suka nongkrong",2025-08-23T00:21:54.848Z,es jeruk,110754709373519324072,True,0,id,2026-05-04T16:20:02.070229
ChdDSUhNMG9nS0VJQ0FnSUQ1bXNUVnNRRRAB,ChIJaQTelt4vby4R4_sbJFOXQIg,Kasungka Foodcourt Kuliner Majalengka,Majalengka,Kuliner,5,"Kalau bingung makan apa, datengnya selalu kesini",2023-10-23T02:03:07.453Z,Idan Firdaus,111610287454222401843,True,0,id,2026-05-04T16:20:02.070237
ChdDSUhNMG9nS0VJQ0FnSUNacTUyN3FBRRAB,ChIJaQTelt4vby4R4_sbJFOXQIg,Kasungka Foodcourt Kuliner Majalengka,Majalengka,Kuliner,5,Tempat nya nyaman dan bersih,2023-09-18T11:50:25.706Z,Dapurbumi Owner,104524557115867173495,False,0,id,2026-05-04T16:20:02.070246
ChdDSUhNMG9nS0VJQ0FnSUN4b092bDNBRRAB,ChIJaQTelt4vby4R4_sbJFOXQIg,Kasungka Foodcourt Kuliner Majalengka,Majalengka,Kuliner,4,"Tempatnya ada di komplek taman raharja.

Banyak pilihan jajanan makanan dan minuman.

Shoko Ramen and Sushi. Menyediakan berbagai pilihan ramen dan sushi.

Warung racing. Menyediakan berbagai minuman segar dari buah.",2023-09-05T12:42:27.250Z,Agisha,109496338282562924449,True,6,id,2026-05-04T16:20:02.070253
ChZDSUhNMG9nS0VJQ0FnSUNKbU9LN0dBEAE,ChIJaQTelt4vby4R4_sbJFOXQIg,Kasungka Foodcourt Kuliner Majalengka,Majalengka,Kuliner,5,Disini ada kopi lokal yang aroma dan rasanya enak banget. Jadi bikin ketagihan dan enjoy buat nongkrong sambil ngopi di kasungka.,2023-06-20T08:12:17.226Z,Puja Wangga,110010705254751030338,False,0,id,2026-05-04T16:20:02.070276
ChZDSUhNMG9nS0VJQ0FnSUNKZ09xSGFBEAE,ChIJaQTelt4vby4R4_sbJFOXQIg,Kasungka Foodcourt Kuliner Majalengka,Majalengka,Kuliner,5,"Tempat nyaman, dekat pusat kota. Buat pecinta kopi ada kopi kelana",2023-06-18T11:20:09.341Z,Tezar Pangestu,102974139719884615292,True,0,id,2026-05-04T16:20:02.070285
Ci9DQUlRQUNvZENodHljRjlvT2xaNlltSkdNRFE0TjA1VVlXUTRPRE5hTms5dFNtYxAB,ChIJLxvXetgvby4Ruy7uBpIlr-4,CIBIUK RESTO MAJALENGKA,Majalengka,Kuliner,1,"Pelayan sangat sangat jauh dari resto, makanan sudah ada tapi piring sama minum belum ada satu pun!!!",2026-03-22T06:37:51.627Z,Fadri Ramadan,115309187448380575698,False,0,id,2026-05-04T16:20:02.070332
Ci9DQUlRQUNvZENodHljRjlvT21oa1lrOVNUa3hsZFVaUVdVNTZSMDFRUkhZMWFrRRAB,ChIJLxvXetgvby4Ruy7uBpIlr-4,CIBIUK RESTO MAJALENGKA,Majalengka,Kuliner,1,"Pelayanan terjelek, 2 jam belum keluar makanan nya masak apaan? Pelayan rame mondar mandir doang. Overall ampas",2026-03-22T06:37:50.348Z,Vira Dwi Arfiandi,112122402655730140299,False,0,id,2026-05-04T16:20:02.070340
Ci9DQUlRQUNvZENodHljRjlvT20xbmJYTk9hMlJ4YTBReVUwRmhWMUJuUTBoTE5XYxAB,ChIJLxvXetgvby4Ruy7uBpIlr-4,CIBIUK RESTO MAJALENGKA,Majalengka,Kuliner,1,"Makanan datangnya lama sekali sampai 2 Jam, tidak rekomended",2026-03-22T06:12:58.062Z,Agus Gunadi M,117895363055156398787,False,0,id,2026-05-04T16:20:02.070349
Ci9DQUlRQUNvZENodHljRjlvT2tORWNsOVRRbVJHV1hKc2JGZGtPR1I1WDFjeFdsRRAB,ChIJLxvXetgvby4Ruy7uBpIlr-4,CIBIUK RESTO MAJALENGKA,Majalengka,Kuliner,4,"Hanya 1 keluhan saya,
Tempat wudhu nya campur laki-laki & perempuan, lebih bagus dipisah 🙏

Selain itu bisa direkomendasikan 👌",2026-03-22T05:21:24.544Z,Maulindra S,114892641374019356428,True,0,id,2026-05-04T16:20:02.070365
Ci9DQUlRQUNvZENodHljRjlvT2kxRGNqWldTbXRhYzJ3eWJHRTVTa1ZmYzFvMWFWRRAB,ChIJLxvXetgvby4Ruy7uBpIlr-4,CIBIUK RESTO MAJALENGKA,Majalengka,Kuliner,3,"pelayanannya lama, bayarnya juga lama, makanannya juga datang lama. mau tambahan juga responnya lama",2026-03-18T12:40:48.607Z,Iyyaka Neva F,102723546040975899853,False,0,id,2026-05-04T16:20:02.070378
Ci9DQUlRQUNvZENodHljRjlvT2s5cGRVaFZiazV5Umw5MlVYQXpWVkYwWjJ3MmVFRRAB,ChIJLxvXetgvby4Ruy7uBpIlr-4,CIBIUK RESTO MAJALENGKA,Majalengka,Kuliner,4,"Harganya agak di atas rata-rata, overall masih worth it ✨",2026-03-17T06:18:53.025Z,Niha Ramadhan,107932591686060091644,False,0,id,2026-05-04T16:20:02.070396
Ci9DQUlRQUNvZENodHljRjlvT25sV1MxTTBVbDlhU0ZwUE0wSjFkM0pTWmxSZmNsRRAB,ChIJLxvXetgvby4Ruy7uBpIlr-4,CIBIUK RESTO MAJALENGKA,Majalengka,Kuliner,5,ada roptop buat meeting room,2026-03-14T09:57:22.251Z,CORETAN MERAH JINGGA,114414228330272640340,True,0,id,2026-05-04T16:20:02.070413
Ci9DQUlRQUNvZENodHljRjlvT2pobldVTldPVzh5VURjMmFtZFBlVGhHTVVGS2RuYxAB,ChIJLxvXetgvby4Ruy7uBpIlr-4,CIBIUK RESTO MAJALENGKA,Majalengka,Kuliner,1,"Admin WhatsApp nya Ngartis banget slow respon reservasi h-7 padahal di chat tiap hari ga di bales bales, sekalinya bales penuh mohon tingkatkan lagi",2026-03-11T15:48:44.639Z,Elsa E Sonandar,105437139430783216806,False,0,id,2026-05-04T16:20:02.070422
Ci9DQUlRQUNvZENodHljRjlvT214a1pVVldUMHhaV2xOTFlYSmtVMlJWWTBsUWEwRRAB,ChIJLxvXetgvby4Ruy7uBpIlr-4,CIBIUK RESTO MAJALENGKA,Majalengka,Kuliner,3,"Izin,, kemaren bukber sayur asemnya tidak keluar. Mohon di perbaiki lagi untuk kedepannya.",2026-03-11T09:49:34.546Z,SELI SUSILAWATI,103024056035638186075,True,0,id,2026-05-04T16:20:02.070431
Ci9DQUlRQUNvZENodHljRjlvT205c2J6WllOMlpvUkdaWFJtUmhNREZKZFZreFZIYxAB,ChIJLxvXetgvby4Ruy7uBpIlr-4,CIBIUK RESTO MAJALENGKA,Majalengka,Kuliner,4,"Makannya enak,tempatnya bersih tapi agak sedikit panas lalu untuk pelayanannya mohon diperbaiki lagi.",2026-03-11T04:13:24.287Z,Dinda Septiani,114162432744770549247,False,0,id,2026-05-04T16:20:02.070443
Ci9DQUlRQUNvZENodHljRjlvT25wTE5IUkdVVE53VDFKcU1UTjZkMU5uVGtoTFNsRRAB,ChIJLxvXetgvby4Ruy7uBpIlr-4,CIBIUK RESTO MAJALENGKA,Majalengka,Kuliner,2,"Tempat luas bersih,pelayanan kurang memuaskan... Resto sebesar itu tidak ada free wifi walaupun terdeteksi ada bbrp nama wifi restonya tapi kata pelayan husus buat system. Menu B aja",2026-03-10T17:51:17.639Z,reky ayatulloh,101065413510822886910,True,0,id,2026-05-04T16:20:02.070452
Ci9DQUlRQUNvZENodHljRjlvT2xJeWVETnVOVVZPZHpaQlExVm1VbTlUWWpWUVFuYxAB,ChIJLxvXetgvby4Ruy7uBpIlr-4,CIBIUK RESTO MAJALENGKA,Majalengka,Kuliner,1,"Pelayanan sangat buruk. Saya reservasi dari h-1 tgl 9 maret 2026 lengkap dengan menu untuk buka puasa, pada saat hari H tanggal 10 maret 2026 ada 1 menu yang belum datang hingga 50 menit setelah buka puasa, bolak balik nemuin petugas tapi berkelit alasan menu sudah keluar dan dibawa oleh pegawai training, janji dimasakin sampai bolak balik ke dapur juga nihil tidak kunjung datang makanannya",2026-03-10T11:47:32.478Z,Nio Kurnia,105916133855063369399,False,0,id,2026-05-04T16:20:02.070460
Ci9DQUlRQUNvZENodHljRjlvT214RFprSXdYM3BIU0U1QmNsZGlWVGt4VkRoTGNsRRAB,ChIJLxvXetgvby4Ruy7uBpIlr-4,CIBIUK RESTO MAJALENGKA,Majalengka,Kuliner,5,ga pernah gagal makan disini. enak banget,2026-02-23T06:12:38.747Z,Jusnita Siahaan,117488841716991846609,True,0,id,2026-05-04T16:20:02.070488
Ci9DQUlRQUNvZENodHljRjlvT2xaUlYwUlhSbWh0ZWpsQmNIWndRVm96VG5KTFpHYxAB,ChIJLxvXetgvby4Ruy7uBpIlr-4,CIBIUK RESTO MAJALENGKA,Majalengka,Kuliner,3,"Untuk tempat lumayan enak, panas di siang hari, staff pelayan spt kurang di-training secara baik, penyajian makanan agak lama padahal sedang sepi pengunjung, untuk menu makan enak tapi sayang ada yang failed disajikan pada kami, Pindang Patin ikannya tidak fresh, restoran memberikan komplimen menu yang sama.",2026-02-14T08:59:55.382Z,Sulistiono Sulis,112561639563324375788,True,0,id,2026-05-04T16:20:02.070504
Ci9DQUlRQUNvZENodHljRjlvT2xSMGMySlhTV2RuT1hrMU5taEdSV1JLTVVaQ05YYxAB,ChIJDYx9AfElby4RwmCxcPVDeX8,Kedai Halaman Abah Na'us Maranggi,Majalengka,Kuliner,5,"Pelayanan oke, makanan enak, minuman segar, sat set",2026-02-17T00:36:19.812Z,Semesta Zamzam,101991213211032522953,False,0,id,2026-05-04T16:20:02.070525
Ci9DQUlRQUNvZENodHljRjlvT2xOblUwZFZXRlZ1UTBSMWEyaHBRbVpWYlUxV05FRRAB,ChIJDYx9AfElby4RwmCxcPVDeX8,Kedai Halaman Abah Na'us Maranggi,Majalengka,Kuliner,5,"enak banget semua makanan dan minumannya disini, terutama sate maranggi dan es kelapanya duh bikin nagih dan nambah terus🤩",2026-02-10T04:07:12.404Z,aditya wahyu,107969383585997353920,False,0,id,2026-05-04T16:20:02.070545
Ci9DQUlRQUNvZENodHljRjlvT2pKU09XbDNiV2RJZFhkalZubFRWVVZJU0hWZk5WRRAB,ChIJDYx9AfElby4RwmCxcPVDeX8,Kedai Halaman Abah Na'us Maranggi,Majalengka,Kuliner,5,"The best makanan nya enak bangettt, pelayanannya ramah, suasana nya adem cocok sii bawa keluarga apalgi bawa mertua behhh cocok bangettt dehhh😋😍🥰",2026-02-07T06:53:56.916Z,Ina Marlina,109175446719881057333,False,0,id,2026-05-04T16:20:02.070553
Ci9DQUlRQUNvZENodHljRjlvT2pOTFdXWllkVE5XTkhodmIyOXNRVWc0UTFsT09HYxAB,ChIJDYx9AfElby4RwmCxcPVDeX8,Kedai Halaman Abah Na'us Maranggi,Majalengka,Kuliner,5,"Sate nya sihh joss nih, yang belum cobaa ayo cobain",2026-02-07T04:12:11.413Z,Fauzi Rahman,112919168287307923694,False,0,id,2026-05-04T16:20:02.070570
Ci9DQUlRQUNvZENodHljRjlvT2xWU1NtTk5ORVZGWTBaaVUza3dVblZEWmtSNVZXYxAB,ChIJDYx9AfElby4RwmCxcPVDeX8,Kedai Halaman Abah Na'us Maranggi,Majalengka,Kuliner,5,"Sate nya juara banget, empuk manis gurih pas di lidah auto bikin nambah sih😛
Favorit nya oseng daging mercon pedes nikmat pokoknya",2026-02-07T04:11:02.865Z,Azril Febrian,109496983969686051582,False,0,id,2026-05-04T16:20:02.070578
Ci9DQUlRQUNvZENodHljRjlvT2poNVdYcFdTRkJGTlUxV2JIbGtZakZzT1VsRGVIYxAB,ChIJDYx9AfElby4RwmCxcPVDeX8,Kedai Halaman Abah Na'us Maranggi,Majalengka,Kuliner,5,"INI SUMPA TEMPAT MAKAN YG ENAK PWOLLL menu fav ku sate maranggi, sampe gabisa berenti makan sate itu karna seenak dan se nampol itu rasanya, dagingnya yang lembut, bumbunya meresap ke sate nya enak 😭🤍🫶🏻",2026-02-07T03:43:08.754Z,Karima Baidhuri Rifainnufus,112999267511504453381,False,0,id,2026-05-04T16:20:02.070587
Ci9DQUlRQUNvZENodHljRjlvT21sVlJVMVZOek42YkRoTlpucFVhR2czUkhodFZIYxAB,ChIJDYx9AfElby4RwmCxcPVDeX8,Kedai Halaman Abah Na'us Maranggi,Majalengka,Kuliner,5,"Makananya enak
Tempatnya bresih dan Yaman 🤗",2026-01-31T15:02:52.373Z,Ridwan Kali,116726359943694210072,False,0,id,2026-05-04T16:20:02.070603
Ci9DQUlRQUNvZENodHljRjlvT2xacFVGaHdZekV0VVdJemJYWkdVREF4ZWpOVE1FRRAB,ChIJDYx9AfElby4RwmCxcPVDeX8,Kedai Halaman Abah Na'us Maranggi,Majalengka,Kuliner,5,"Suasananya enakeun nyaman makan sama keluarga, makananya porsi besar besar sesuai sama harganya 😁😆",2026-01-28T10:39:23.046Z,Is Yuliasih,105342785712292637798,False,0,id,2026-05-04T16:20:02.070618
Ci9DQUlRQUNvZENodHljRjlvT21sWWNraFNTWGd0UVcwelZtUm1TRXM0VldkV2NtYxAB,ChIJDYx9AfElby4RwmCxcPVDeX8,Kedai Halaman Abah Na'us Maranggi,Majalengka,Kuliner,5,iga bakarnya rekomendasi bangett enak pokonya,2026-01-28T10:36:11.557Z,Gun'z Yt,116307192706133935832,False,0,id,2026-05-04T16:20:02.070626
Ci9DQUlRQUNvZENodHljRjlvT2pnM1V6WktZa05XUlhWS1NsQTVWWGhvUmpKbVJIYxAB,ChIJDYx9AfElby4RwmCxcPVDeX8,Kedai Halaman Abah Na'us Maranggi,Majalengka,Kuliner,5,Makan kesinih pas makan siang makananya enak semua harganya terjangkaw 😍🥰,2026-01-28T10:30:29.688Z,Killer 009,101267550361977549082,False,0,id,2026-05-04T16:20:02.070647
Ci9DQUlRQUNvZENodHljRjlvT2tOUFpuUkhXRk5OUVdaRVRrTjFNVGwxVDFCblZFRRAB,ChIJDYx9AfElby4RwmCxcPVDeX8,Kedai Halaman Abah Na'us Maranggi,Majalengka,Kuliner,5,"Makanannya enak, dan porsinyaa juga banyak
Satenya juga empuk. Makanan yang kami coba Sate Maranggi, Nasi Tempong Ikan, Tempe Mendoan, Sambel Lalab.",2026-01-27T05:24:15.283Z,rovan muhamad,108119323403626192627,False,0,id,2026-05-04T16:20:02.070658
Ci9DQUlRQUNvZENodHljRjlvT21KaVVsazNWMGx3VEZkelJsVlpOSEV6WkRNM1VHYxAB,ChIJDYx9AfElby4RwmCxcPVDeX8,Kedai Halaman Abah Na'us Maranggi,Majalengka,Kuliner,5,Paling suka pedesaan entog. Makanannya enak-enak dan fressh..,2026-01-27T05:19:24.406Z,Inyong Inyong,111583722665699150298,False,0,id,2026-05-04T16:20:02.070667
Ci9DQUlRQUNvZENodHljRjlvT21SbmFYUndjRlF4ZVVGcVlUWkVkMU0zUzFnM1QyYxAB,ChIJDYx9AfElby4RwmCxcPVDeX8,Kedai Halaman Abah Na'us Maranggi,Majalengka,Kuliner,5,"Semua menunya enak"".udah sering makan disini bareung keluarga.",2026-01-27T05:18:05.849Z,Iwan Sukmawan,113837491907770706562,False,0,id,2026-05-04T16:20:02.070675
Ci9DQUlRQUNvZENodHljRjlvT2pJeU5ISmtkazl1Tmpaek1qRmZjRzg1WlROcmRXYxAB,ChIJDYx9AfElby4RwmCxcPVDeX8,Kedai Halaman Abah Na'us Maranggi,Majalengka,Kuliner,5,"Raos pisan ayam Bakakak D Kedai Abah MH pasti deudeuieun, ayam nya Ageung Bumbu na Nyerep sampe KA dalem  🥰",2026-01-25T05:07:46.298Z,Bariyah Susanti,116647524727584828098,False,0,su,2026-05-04T16:20:02.070845
Ci9DQUlRQUNvZENodHljRjlvT2xkalNXbEJPWGxsUWtKRU5rd3lVekJNWkhsc1RtYxAB,ChIJDYx9AfElby4RwmCxcPVDeX8,Kedai Halaman Abah Na'us Maranggi,Majalengka,Kuliner,5,"Tempe mendoan nya enak udah jadi langganan tiap kesini, porsiannya ngak pelit",2026-01-25T04:37:04.725Z,farid channel,110718030086690186540,False,0,id,2026-05-04T16:20:02.070898
Ci9DQUlRQUNvZENodHljRjlvT2tOMU5XUnZXbUpSYUdGZlNHOXBZazVGWjFKVE9VRRAB,ChIJLxvXetgvby4Ruy7uBpIlr-4,CIBIUK RESTO MAJALENGKA,Majalengka,Kuliner,5,"Utk suasana, layanan & makanannya semuanya baik. Hanya utk harga menu2nya agak mahal. Selebihnya bagus 👍",2026-01-27T14:24:20.436Z,esti fatmirani,109035132789896191446,True,0,id,2026-05-04T16:20:02.070944
Ci9DQUlRQUNvZENodHljRjlvT2xNMGFFTlBjMDlhYWtKYWJXUkdTbVJ6Y2t0UlZYYxAB,ChIJLxvXetgvby4Ruy7uBpIlr-4,CIBIUK RESTO MAJALENGKA,Majalengka,Kuliner,5,"Tempat makan yang rekomen kalok ke majalengka, apalagi kalau rame2 bareng keluarga, makanan enak dan pelayannya cepet sat set padahal banyak banget orang yang makan di tempat",2026-01-09T07:30:25.063Z,etika masytoh,117971322549400314919,True,0,id,2026-05-04T16:20:02.070955
Ci9DQUlRQUNvZENodHljRjlvT2pkclptNUdRbVpaYTI5RWVWUlhkMGhoZUU1bGRuYxAB,ChIJLxvXetgvby4Ruy7uBpIlr-4,CIBIUK RESTO MAJALENGKA,Majalengka,Kuliner,5,"good for family gathering, nice place",2026-01-01T09:06:17.437Z,eka purwa,118176495682178698382,True,0,en,2026-05-04T16:20:02.070980
Ci9DQUlRQUNvZENodHljRjlvT21nMlEyTklZbTlFVEhwUmJUQktPVmQwT1hCdU5VRRAB,ChIJLxvXetgvby4Ruy7uBpIlr-4,CIBIUK RESTO MAJALENGKA,Majalengka,Kuliner,5,"Sangat rekomendasi, Alhamdulillah",2025-12-30T11:04:44.846Z,Silvi Nurul,100241894422810702588,False,0,id,2026-05-04T16:20:02.070989
Ci9DQUlRQUNvZENodHljRjlvT25RMGRXdHZjVmRNVVdwM2RscE5XbWhRYUdkTFRHYxAB,ChIJLxvXetgvby4Ruy7uBpIlr-4,CIBIUK RESTO MAJALENGKA,Majalengka,Kuliner,3,"tempat enak , makanan okelah selebihnya cuman sop iganya gak bgt deh harga 100rb daging ga empuk mana sedikit, udahgt kasirnya pas mau bayar tbtb di bon ada ayam tahu tempe padahal kita ga mesan alhasil aku protes dan di coret gt aja sama dia aneh",2025-12-29T03:02:22.640Z,Avia Maya Dhika,118427351517943984939,False,0,id,2026-05-04T16:20:02.071008
Ci9DQUlRQUNvZENodHljRjlvT2xaUk1VbHpVbWhqT1RCNFZYVkhPVU40Y1c5UlgyYxAB,ChIJDYx9AfElby4RwmCxcPVDeX8,Kedai Halaman Abah Na'us Maranggi,Majalengka,Kuliner,5,tempatnya enak banget ada lesehaan nya juga susasana nya adem cocok buat makan bareng keluarga satenya empuk juara,2026-01-25T04:26:54.803Z,Yoga Pratama,106111616972968527287,False,0,id,2026-05-04T16:20:02.071038
Ci9DQUlRQUNvZENodHljRjlvT210MFNGbHNjVWg0YUdOZmFWZFBiMWRSZDJ4b1dsRRAB,ChIJDYx9AfElby4RwmCxcPVDeX8,Kedai Halaman Abah Na'us Maranggi,Majalengka,Kuliner,5,"Sajian masakan nusantara yg nikmat.. lengkap dengan aneka minuman yg segar.. cocok untuk semua keluarga, saudara , relasi & handaitaulan semuanya.. nuansa rumah sendiri ada lesehan & gasebo juga.. pokona mah Raos tuang Matak ngalimed betah 🥰🫰🏻🙏🏻😋",2026-01-23T09:13:44.864Z,asih yulianingsih,110119315048657307688,True,0,id,2026-05-04T16:20:02.071048
Ci9DQUlRQUNvZENodHljRjlvT21ObmJVNW5jRW8yWkZCVVFrYzJTV2xhUmpSV1YwRRAB,ChIJDYx9AfElby4RwmCxcPVDeX8,Kedai Halaman Abah Na'us Maranggi,Majalengka,Kuliner,5,Makanannya enak dan porsinya juga lumayan gede.. Pelayanan nya ramah dan cepet juga plus kids friendly,2026-01-22T08:33:30.683Z,Hesty Annisa,104881621463672353063,False,0,id,2026-05-04T16:20:02.071058
Ci9DQUlRQUNvZENodHljRjlvT2xWSFVtSjRabkUzY1hkek9URnhPSFZDZFRRd1FrRRAB,ChIJDYx9AfElby4RwmCxcPVDeX8,Kedai Halaman Abah Na'us Maranggi,Majalengka,Kuliner,5,The best!!! Salah satu tempat makan terenak dan terfavorit di majalengka. Rekomendasi untuk keluarga,2026-01-22T08:28:09.456Z,Hilman Hendra S,102804859213845009705,True,0,id,2026-05-04T16:20:02.071067
Ci9DQUlRQUNvZENodHljRjlvT2toSmVXbE5YM2hUZDBsa1gyTlNaa1V5TjBoNWVXYxAB,ChIJDYx9AfElby4RwmCxcPVDeX8,Kedai Halaman Abah Na'us Maranggi,Majalengka,Kuliner,5,"Kemaren pesen sate, pencok katel, sayur asem, sama peda gorengnya Enak semua gak ada yang gagal",2026-01-21T07:00:44.142Z,Listiana,105152683564903033692,False,0,id,2026-05-04T16:20:02.071076
Ci9DQUlRQUNvZENodHljRjlvT2tOd1ZEQTJlWGhDVEdKSFJUbENkbFE0UjJGU1drRRAB,ChIJDYx9AfElby4RwmCxcPVDeX8,Kedai Halaman Abah Na'us Maranggi,Majalengka,Kuliner,5,"Sate maranggi nya enak, empuk, pencok katelnya enak, peda gorengnya enak, sayur asemnya buat saya yg sunda kemanisan",2026-01-20T05:30:44.865Z,Dendi Rustandi,107145527263325250122,True,0,id,2026-05-04T16:20:02.071105
Ci9DQUlRQUNvZENodHljRjlvT2pScFZqY3pXblkxWjJkblJETmpXbll6ZVVkeU9WRRAB,ChIJDYx9AfElby4RwmCxcPVDeX8,Kedai Halaman Abah Na'us Maranggi,Majalengka,Kuliner,5,"semua makanannya enak-enak banget😍 termasuk sate marangginya, trus minumnya favorit aku sih es kelapa muda sirup merah yang seger banget",2026-01-20T04:17:26.297Z,Siti Hilmah Mutiara,105681067086510993539,False,0,id,2026-05-04T16:20:02.071115
Ci9DQUlRQUNvZENodHljRjlvT2xocmJGTnNlVmgxVkdFdGJVOWpOVFV6VERsVVFYYxAB,ChIJDYx9AfElby4RwmCxcPVDeX8,Kedai Halaman Abah Na'us Maranggi,Majalengka,Kuliner,5,"Makanannya enak², banyak varian menunya, suasananya nyaman bgt. Apalagi bisa sharing menu sama Kalapagi & Mie sedjati.",2026-01-20T04:03:44.478Z,Eza Noerzaman,107846693865936348114,False,0,id,2026-05-04T16:20:02.071124
Ci9DQUlRQUNvZENodHljRjlvT2toV2VXZE5XbVZYZGtkMFR6ZFJRWHBQVDFOTE1FRRAB,ChIJDYx9AfElby4RwmCxcPVDeX8,Kedai Halaman Abah Na'us Maranggi,Majalengka,Kuliner,5,Favorit pisan tempong gepuk nya 🤩,2026-01-18T03:54:18.979Z,Dede Sari,110742620509186783665,False,0,id,2026-05-04T16:20:02.071134
Ci9DQUlRQUNvZENodHljRjlvT2tONk9VOWxjVkZEUmxSZmRUWlJRVUpyTmxJM1VrRRAB,ChIJDYx9AfElby4RwmCxcPVDeX8,Kedai Halaman Abah Na'us Maranggi,Majalengka,Kuliner,5,"Cimplung nya raos pisan luarnya gurih dalemnya empuk,sop buntutnya mantap pisan dagingnya eumpuk kuahnya seger😍🫶",2026-01-18T03:46:10.769Z,Nita Alvioni,101349031477785071927,False,0,id,2026-05-04T16:20:02.071143
Ci9DQUlRQUNvZENodHljRjlvT2sxNU0xbGxRbko2T1ZwVGRHeFpUVTR0Uld3NFEwRRAB,ChIJDYx9AfElby4RwmCxcPVDeX8,Kedai Halaman Abah Na'us Maranggi,Majalengka,Kuliner,2,"We went there yesterday Friday 16th , I had some beef sate uneatable as cold and very greasy. I has a sop buntut and it was disgusting as only rough large bones.. I complained and they brought me another sop buntut.. meat was smelly and old probably unfrozen..now I am sick ( stomach pain and bad food poisoning)
not right ..please do serve eatable food not junk. Sorry but I am sick and in bed and I have only eaten there so it came from your place
Note: my wife is also not well…
Thank you",2026-01-18T03:34:14.113Z,Christian Roux,116106175049291034543,True,0,en,2026-05-04T16:20:02.071156
Ci9DQUlRQUNvZENodHljRjlvT2s0elUzSlhaMHREZUU1VlZsSm1ha3c1VlROeldVRRAB,ChIJDYx9AfElby4RwmCxcPVDeX8,Kedai Halaman Abah Na'us Maranggi,Majalengka,Kuliner,5,Nikmat pisan tuang di sate maranggi abah naus mah 👍,2026-01-18T03:33:15.107Z,Bapa Purwa,100345132853975820449,False,0,id,2026-05-04T16:20:02.071166
Ci9DQUlRQUNvZENodHljRjlvT21GRWJuSkJka2RYVUUxNGMwSkNWblZxZVZkbFMxRRAB,ChIJpcyvGgAvby4R-lODq4AmR_c,WAROENG MA'NASIH,Majalengka,Kuliner,1,ga worth it mahal and pelayanan nya kurang saya mesen ayam kampung di kasih nya ayam negeri padahal kita sudah bertanya memastikan tapi pelayan kekeh bilang itu ayam kampung akhir nya betul saja ada pesanan pelanggan lain yang tertukar,2026-04-25T06:50:58.933Z,Viona Azrillian,116347434018008071777,False,0,id,2026-05-04T16:20:02.071192
Ci9DQUlRQUNvZENodHljRjlvT2xCU1kzVlhUbVZFTmpsUWIwMDBSVWhuTUdFeldXYxAB,ChIJpcyvGgAvby4R-lODq4AmR_c,WAROENG MA'NASIH,Majalengka,Kuliner,1,"maaf ya mie ayamnya asin🙏🏻coba dipakein kuah siapa tau lebih blance rasanya trnyta samaa aja kuahnya juga asin🙏🏻baksonya ga kerasa,pelayananannya juga kurang gesit,minta tisuu malah sampe kami pulang pun tisu gda datang 🙏🏻🙏🏻semoga bisa diperbaiki lagi kedepannya",2026-04-18T23:37:38.875Z,Ersa Rahma,116115230059403518818,False,0,id,2026-05-04T16:20:02.071202
Ci9DQUlRQUNvZENodHljRjlvT2pGNFlUWmpZbloxTkdOcFdISnBTRlJMWVRCMVVtYxAB,ChIJpcyvGgAvby4R-lODq4AmR_c,WAROENG MA'NASIH,Majalengka,Kuliner,4,Suasananya mohon maaf terlalu sempit dan agak engap tapi untuk makanan enak,2026-04-04T09:25:24.169Z,Chukar 0318,107846466963592639597,True,0,id,2026-05-04T16:20:02.071213
Ci9DQUlRQUNvZENodHljRjlvT2tWbGRIWndiMVZLTTNjemJWaDZNMTh4V1RKdlZrRRAB,ChIJpcyvGgAvby4R-lODq4AmR_c,WAROENG MA'NASIH,Majalengka,Kuliner,1,"Biasa aja,apalagi di menu nya air mineral yang datang air vit mahal pula,trus mie manasih nya juga gada rasa",2026-04-03T10:25:56.352Z,Cici Fauziah,115052935222493647010,False,0,id,2026-05-04T16:20:02.071224
Ci9DQUlRQUNvZENodHljRjlvT21aeGFUUXlhR1JxUlV4ZlpqTkNRVEUxZFhkWVgzYxAB,ChIJpcyvGgAvby4R-lODq4AmR_c,WAROENG MA'NASIH,Majalengka,Kuliner,5,"Alhamdulillah di Majalengka ada makanan keluarga yang cocok banget, rasanya enak, menu variatif, tempatnya juga okee",2026-04-03T00:16:56.183Z,Winda Febrianti,110594155579690217529,True,0,id,2026-05-04T16:20:02.071233
Ci9DQUlRQUNvZENodHljRjlvT25KclJtWXdSVTl4WHpSZllVbGphVlUzWVhKaE4zYxAB,ChIJpcyvGgAvby4R-lODq4AmR_c,WAROENG MA'NASIH,Majalengka,Kuliner,1,"Maaf ya aku kasih bintang 1, ikan bakar nya gosong2 jd ga enak",2026-03-24T13:59:06.441Z,didi suhendi,109304285897568501502,False,0,id,2026-05-04T16:20:02.071251
Ci9DQUlRQUNvZENodHljRjlvT2xGbUxVTk9XaTFOY1dONGQyVXpXbVV0UVhkT1ltYxAB,ChIJpcyvGgAvby4R-lODq4AmR_c,WAROENG MA'NASIH,Majalengka,Kuliner,2,"kecewa bgt. kesan pertama dibuat gga bgt. pesan di jam 15.30, sampai jam 16.30 minuman belum dateng sama sekali. padahal resto gga rame2 bgt",2026-03-23T09:41:58.814Z,M Robbyansyah,116507362299459970399,True,0,id,2026-05-04T16:20:02.071273
Ci9DQUlRQUNvZENodHljRjlvT2pCblNrcFdTSGhEZUdreGEzcFllSE5FYTNkelRtYxAB,ChIJpcyvGgAvby4R-lODq4AmR_c,WAROENG MA'NASIH,Majalengka,Kuliner,1,Kurang cekatan... Pesanan tidak sesuai....,2026-03-22T10:44:21.279Z,Peppy Deviyani,102738217953049343750,False,0,id,2026-05-04T16:20:02.071285
Ci9DQUlRQUNvZENodHljRjlvT25STFl6aDBNREZqTlZGSGJHZ3pibkU0ZUcxNWVIYxAB,ChIJpcyvGgAvby4R-lODq4AmR_c,WAROENG MA'NASIH,Majalengka,Kuliner,3,"Makanannya lama bangettt, sampe makan selesai ada menu yang ngga keluar",2026-03-22T06:34:18.379Z,armilah official,112266494134779012601,False,0,id,2026-05-04T16:20:02.071295
Ci9DQUlRQUNvZENodHljRjlvT2pSUVJVZ3piMEpsVW13ME1qWTFNRzF5VERWRGNIYxAB,ChIJpcyvGgAvby4R-lODq4AmR_c,WAROENG MA'NASIH,Majalengka,Kuliner,1,"Waktu bukber disini ga worth it, makanannya gaenak, mau mnta kecap aja hrus bayar lgi, trus makanan nya udh pada dingin, minuman es nya udh pada cair. Hrusnya bisa lebih di perkirakan waktu kapan makanan hrus dtg pas sblm buka, diitung2 harga nya lebih mahal. Owner nya terlalu pelit. Kualitas sangat mengecewakan.",2026-03-20T15:20:05.523Z,FAUZI HAFIDZ,109546889555169726007,False,0,id,2026-05-04T16:20:02.071304
Ci9DQUlRQUNvZENodHljRjlvT2tKbGQyYzJXVlJ6U205c1FtdEpjbWxpV1V4U05sRRAB,ChIJpcyvGgAvby4R-lODq4AmR_c,WAROENG MA'NASIH,Majalengka,Kuliner,1,"Lain kali untuk bukber, kalau memang penuh jgn ngasih ide untuk kasih pilihan pindah ke tanagi. Seolah-olah sama aja. Pindah ke tanagi, makanan dingin. Lama. Muncul setengah-setengah. Orang Makan jadi nanggung. Ujung2 nya dibawa pulang. Satu lg. OVER PRICEY

Makan sayur asem sampe di kobok saking ga disediain sendok :)))))",2026-03-18T11:55:43.869Z,elza lefiana erminda,104528265611845206159,False,0,id,2026-05-04T16:20:02.071322
Ci9DQUlRQUNvZENodHljRjlvT2xSUVQxSXpWRlpZVFVoV1FrdFFWbmx4TmxGdFNGRRAB,ChIJpcyvGgAvby4R-lODq4AmR_c,WAROENG MA'NASIH,Majalengka,Kuliner,1,"Semua bintang 1, ga recomend intinya, bnyk bgt kurang nya. Yg jelas LAMA bikin orang lapar jadi kelaparan",2026-03-18T11:31:07.836Z,Gugun Gunawan,116501924290194158884,False,0,id,2026-05-04T16:20:02.071331
Ci9DQUlRQUNvZENodHljRjlvT2xwalNqTkVhbXhyY0hoaFkzWmFRMGRGYkhaaFQyYxAB,ChIJpcyvGgAvby4R-lODq4AmR_c,WAROENG MA'NASIH,Majalengka,Kuliner,1,YTTA lah buat yg prnh reservasi disni!!,2026-03-17T22:26:23.888Z,Yayat Nurhidayat,109201895623887174343,False,0,id,2026-05-04T16:20:02.071340
Ci9DQUlRQUNvZENodHljRjlvT2xkTVp6aFhOSGN0TkhFd2MyVmpUMUJMU0RWdVFWRRAB,ChIJpcyvGgAvby4R-lODq4AmR_c,WAROENG MA'NASIH,Majalengka,Kuliner,5,"pertama kali ke manasih, hal pertama yang diriku notice adalah pelayanannya yang super ramah, dari awal reservasi sampai di tempatnya langsung 🥹💖 dari reservasi yang berkali-kali nambah menu (sesuai pesanan banget), sampai di tempatnya kakak-kakak manasih ramah polll, bantuin fotoin dan hasilnya baguss, ada yg kurang di layani baik banget🌟 selalu nunjukin wajah ramah dan penuh senyum (padahal suasana lagi rame dan riweh banget tapi kakak-kakak di manasih responnya humble😎🌟), gaada tempat parkir pun di arahin padahal kakaknya lagi kerja huhu makasii kak udah di bantuinn. dan yang kedua itu adalah MENUNYA, enakk polll, sambelnya best bangett, ayamnya gede-gede. titip saja pertahanin pelayanan yang humble ini🤗🌟🌟🌟🌟🌟",2026-03-14T16:52:15.544Z,Reviii_Astor,116673065521735385966,False,0,id,2026-05-04T16:20:02.071356
Ci9DQUlRQUNvZENodHljRjlvT2xVMmEwZHZNSGhUYmtFNFpXUldSa1Z3TlVaV2JWRRAB,ChIJpcyvGgAvby4R-lODq4AmR_c,WAROENG MA'NASIH,Majalengka,Kuliner,2,"Bru kali ini mkan kurang meng enakan, bnyak yang kurang menunya tpi di bill di tulisin hhe,psen es cendol ga diantar2 gliran di komplen bru di ksih itupun ngmbil dri frezzer,enak enak cuma bnyak kurangnya😇",2026-03-14T16:44:19.969Z,Adika Alfiana,114993034943349121816,False,0,id,2026-05-04T16:20:02.071365
Ci9DQUlRQUNvZENodHljRjlvT2pGbVpqUm1SbTlwWjNwVlJESjBSbTB3ZW14Q1UwRRAB,ChIJpcyvGgAvby4R-lODq4AmR_c,WAROENG MA'NASIH,Majalengka,Kuliner,1,"kecewa cape"" pulang kerja mau buka puasa malah makanan nya ga layak untuk di makan. mana pesanannya banyak🤣",2026-03-06T15:00:39.311Z,vi,103124719938335548766,False,0,id,2026-05-04T16:20:02.071375
Ci9DQUlRQUNvZENodHljRjlvT2xCSllVdFVNazlHWjJkWGRrSmxjVk15UkhSRVJYYxAB,ChIJpcyvGgAvby4R-lODq4AmR_c,WAROENG MA'NASIH,Majalengka,Kuliner,1,"Saya bukber disana, pesanan saya emang banyak dan dikasih nya meja kecil dan ga di kasih meja tambahan, giliran orang nya cuma 2-3orang dikasih meja yang gede, saya udah minta meja tambahan ditungguin sampe sejam lebih gada pas ditanya lagi katanya gada sangat kecewa!!! KOMUNIKASI NYA SANGAT KURANG!!!!",2026-03-05T09:06:53.192Z,Orang Noname,108468854940195761962,False,0,id,2026-05-04T16:20:02.071383
Ci9DQUlRQUNvZENodHljRjlvT2xwMWJqVXlTRkJHTUVKc2VrMW1UekJTYzFsMk0xRRAB,ChIJpcyvGgAvby4R-lODq4AmR_c,WAROENG MA'NASIH,Majalengka,Kuliner,1,"Pesen tambahan nasi+sambel g ada, pdhl udh bayar duluan. Uang g kembali tambahn pun g ada",2026-02-18T10:31:26.298Z,Rizki Wae,111898730459231253131,False,0,id,2026-05-04T16:20:02.071395
Ci9DQUlRQUNvZENodHljRjlvT2tOZlJITk9jbEJ0VURaSlF6WmlUbGhuWlV4T0xWRRAB,ChIJpcyvGgAvby4R-lODq4AmR_c,WAROENG MA'NASIH,Majalengka,Kuliner,1,"Banyak pengamen, udah beberapa kali mondar mandir pengamen, dan merokok padahal udah ada larangan merokok dan vape kadang pengamen membawa rokok",2026-02-16T11:45:33.945Z,Rudi Syahruddin,110595654176771090198,True,0,id,2026-05-04T16:20:02.071403
Ci9DQUlRQUNvZENodHljRjlvT2tWTWVHMVlOVUU1VkZNelpXSmZZUzExVEVOTWNYYxAB,ChIJpcyvGgAvby4R-lODq4AmR_c,WAROENG MA'NASIH,Majalengka,Kuliner,5,"Pas dateng posisi lagi rame, tapi dilayani dengan cepat. Pilihan sambelnya banyak dan enak2, harganya juga murah biarpun porsinya dikit 😁
So far semua makanannya enakkkkk
Cuman kurangnya nasi haha aku nambah nasi 7ribu cuma seupritttt bgttttt plis tambahin lahh 🤣🤣",2026-02-14T11:57:52.377Z,Dinastee 96,101013256343829599620,False,0,id,2026-05-04T16:20:02.071421
Ci9DQUlRQUNvZENodHljRjlvT2s4MU1FaE5aa3g1UlhWclR6TklVSEl4VDNWRlpsRRAB,ChIJpcyvGgAvby4R-lODq4AmR_c,WAROENG MA'NASIH,Majalengka,Kuliner,2,"Pertama kali kesana cmn sekedar masukan lebih teliti lagi di pelayanan nya,krna pas kita kesana dikasih piring kotor",2026-02-09T03:47:16.529Z,Tikaa Aullia,116904760847474216486,False,0,id,2026-05-04T16:20:02.071437
Ci9DQUlRQUNvZENodHljRjlvT21ZemNWWndjMVF0YkZwWFlWTnNSbGM0YmtaMFJHYxAB,ChIJpcyvGgAvby4R-lODq4AmR_c,WAROENG MA'NASIH,Majalengka,Kuliner,5,Enak sambel dadak harga murah pelayanan cepet,2026-01-19T01:34:06.395Z,Harni Mukti Wahyuning,116059870071993022355,False,0,id,2026-05-04T16:20:02.071447
Ci9DQUlRQUNvZENodHljRjlvT25CWmFrcGhOakJmTFhvNU9GVnVNMFpvU3pkbmRYYxAB,ChIJpcyvGgAvby4R-lODq4AmR_c,WAROENG MA'NASIH,Majalengka,Kuliner,5,"Makanan nya enak, tempatnya agak kecil dan lumayan rame jd makanan sudah di infokan akan datang agak lama, pelayanan nya ramah, lokasi pinggir jalan",2026-01-16T10:36:53.356Z,wiwi juwita sarii,116514789655511627034,True,0,id,2026-05-04T16:20:02.071456
Ci9DQUlRQUNvZENodHljRjlvT25adk0zVXpWV0pDY2kxc1RtTTFSM2xEVG5sdFdrRRAB,ChIJpcyvGgAvby4R-lODq4AmR_c,WAROENG MA'NASIH,Majalengka,Kuliner,5,"Masakan bikin banyak diem
Ini enak itu enak

LUDES",2026-01-14T04:43:21.990Z,Endrou Octupornes,111953873595286506324,True,0,id,2026-05-04T16:20:02.071464
Ci9DQUlRQUNvZENodHljRjlvT210R1NUZDRaVGhUYm5RMmFsZzBOUzF6Vm05eU4zYxAB,ChIJpcyvGgAvby4R-lODq4AmR_c,WAROENG MA'NASIH,Majalengka,Kuliner,5,Luar biasa mantap,2025-12-29T11:05:27.987Z,Stjbd,111068478462966202440,True,0,id,2026-05-04T16:20:02.071488
Ci9DQUlRQUNvZENodHljRjlvT21selkxbFFOSFpKV1ZSWVVVSjNhSFZaUjNwWGFuYxAB,ChIJpcyvGgAvby4R-lODq4AmR_c,WAROENG MA'NASIH,Majalengka,Kuliner,5,Warung atau resto sederhana dengan menu yang luar biasa. smua makanannya nikmat. apalagi pencok katelnya dengan sambal leuncanya.. terbaik!!!,2025-12-25T06:24:23.057Z,Brian Christmananta,114732798727749052296,True,0,id,2026-05-04T16:20:02.071506
Ci9DQUlRQUNvZENodHljRjlvT2pkdFNXSjNVVkoyWTBSeGFWOWtUM1ZDVlRGeVVHYxAB,ChIJpcyvGgAvby4R-lODq4AmR_c,WAROENG MA'NASIH,Majalengka,Kuliner,5,enak enak makanan nya murce suka sama es lidabuaya seger,2025-12-19T16:41:04.467Z,siti juwariyah,114184844166275475670,True,0,id,2026-05-04T16:20:02.071515
Ci9DQUlRQUNvZENodHljRjlvT2xFNGJEbGpZUzF6YlVkVFVFaEtkRGRWYUVSaVRXYxAB,ChIJpcyvGgAvby4R-lODq4AmR_c,WAROENG MA'NASIH,Majalengka,Kuliner,4,"Rasa makanannya enak, apalagi ikan gurame bakar & sambal mangga muda. Enak pooollll.
Tempatnya cukup unik",2025-12-01T12:58:10.635Z,Indra Jatnika,103828273899958380945,True,0,id,2026-05-04T16:20:02.071526
Ci9DQUlRQUNvZENodHljRjlvT2twd1RWZHpWVEJCVlcxcU5UbFNaM2syYkRCMWMyYxAB,ChIJpcyvGgAvby4R-lODq4AmR_c,WAROENG MA'NASIH,Majalengka,Kuliner,3,"rasa B aja, suasana lumayan, service kurang.
habis jumatan lgsg ke sini, pesen makan dan minum. tenggorokan udah kering. lalu sy ke dalem minta minumnya didahulukan. cuma bikin es teh kok, mestinya ga pake lama. nungguuuu, datenglah makanan, minumnya belum. mestinya tamu datang lgsg kasih minum dulu walopun di luar pesanan, misal kasih teh tawar anget ke. semacam welcome drink lah kalo di hotel atau cafe besar. Tamu datang ke rumah pun ksh minum dulu kan!",2025-11-22T01:15:34.001Z,Endang Lokpom,116293382401546119603,True,0,id,2026-05-04T16:20:02.071545
Ci9DQUlRQUNvZENodHljRjlvT21FMFYzRlRlV3RRVTAxV2IxTldhRkYyUjJzd2EyYxAB,ChIJIQ7uPzcvby4RcoWy7vbybjM,Pondok Dahar HM Djaja Majalengka,Majalengka,Kuliner,5,"Lokasi sangat strategis karena terletak di jalan utama sehingga mudah diakses. Tempat cukup luas dengan didominasi tipe lesehan. Area parkir tidak terlalu luas tapi ada petugas parkir yang selalu siap mengatur dan membantu proses parkir.

Banyak pilihan menu makanan kuliner sunda dengan sambal yang khas dan enak.",2026-03-20T03:29:31.837Z,Ridwan Fauzi,106325375411432322111,True,0,id,2026-05-04T16:20:02.071572
Ci9DQUlRQUNvZENodHljRjlvT21sRGJFTndWR2syU25GME16aGxRVVZHTkU5WFNWRRAB,ChIJIQ7uPzcvby4RcoWy7vbybjM,Pondok Dahar HM Djaja Majalengka,Majalengka,Kuliner,5,Traditional west java restaurant,2026-03-07T12:50:29.433Z,Tri Santoso,105162440506904143392,True,0,en,2026-05-04T16:20:02.071581
Ci9DQUlRQUNvZENodHljRjlvT2pSTmNITk1kak15VWtkTVJVSnhTMk0xZDBSWGEwRRAB,ChIJIQ7uPzcvby4RcoWy7vbybjM,Pondok Dahar HM Djaja Majalengka,Majalengka,Kuliner,3,"Overall semua cukup standar.  Makanan dari segi rasa tidak ada yg istimewa dan sedikit lama.dalam penyajiannya. Namun untuk parkir cukup mudah.
Ada kolam ikan di tengah2.resto, jika.membawa anak2 pasti sangat senang melihat ikan2.yg besar2.",2026-01-18T01:46:42.782Z,Rien,103491144713739968040,True,0,id,2026-05-04T16:20:02.071597
Ci9DQUlRQUNvZENodHljRjlvT2tSbU1ubzBiRFpETWpWS2VtdEtTRTVtVERkMVdsRRAB,ChIJIQ7uPzcvby4RcoWy7vbybjM,Pondok Dahar HM Djaja Majalengka,Majalengka,Kuliner,5,"Pondok Dahar HM Djaja Majalengka — adalah rumah makan/restoran khas Sunda dan seafood populer di Majalengka, Jawa Barat yang cocok untuk makan siang atau makan malam bersama keluarga, teman, atau rombongan.

Makanan : Khas Sunda dan seafood juga, gurame cocok jadi pilihan keluarga karena best menu juga

Layanan : Ramah

Suasana : Parkir luas, tempat makan luas juga
Ada Mushola, toilet juga tersedia",2025-12-29T04:16:51.298Z,Dewi Rosita,118153433756131489016,True,0,id,2026-05-04T16:20:02.071615
Ci9DQUlRQUNvZENodHljRjlvT21ocGMza3pPSFoxWDJsU05scHNTMGRaVEhKTVRrRRAB,ChIJIQ7uPzcvby4RcoWy7vbybjM,Pondok Dahar HM Djaja Majalengka,Majalengka,Kuliner,5,"Semua makanan nya enak hehe, layanan juga lumayan ya.",2025-12-28T02:41:47.567Z,Nadhifa Amjad,103296126873923722592,True,0,id,2026-05-04T16:20:02.071624
Ci9DQUlRQUNvZENodHljRjlvT2taSE5IUk5TRmwxY2xSUGIwOHhXbXR2Y21WSU5XYxAB,ChIJIQ7uPzcvby4RcoWy7vbybjM,Pondok Dahar HM Djaja Majalengka,Majalengka,Kuliner,5,"Pelayanannya baik, ramah... Masakan cepat tersaji...",2025-12-05T14:33:51.697Z,Indra MW Suradiredja,109033242538951402487,True,0,id,2026-05-04T16:20:02.071648
Ci9DQUlRQUNvZENodHljRjlvT2xSNmFGOW9kRlJHZEdkUFpURTBlbTAyWDNsUVNXYxAB,ChIJIQ7uPzcvby4RcoWy7vbybjM,Pondok Dahar HM Djaja Majalengka,Majalengka,Kuliner,5,"Untuk tempat oke, luas banget. Untuk makanan nya kecewa banget, ikan bawal harga 150 tapi gak fresh dan tidak enak. Es buah nya juga untuk harga 30rb gak banget, rasa kurang buahnya juga dikit. Kalau ayam bakar nya sih masih oke, masih bisa dinikmati. Kurang memuaskan makanan nya untuk harga segitu",2025-11-07T09:50:45.110Z,NOVIYANTI DWI RAMDHANI,109913682670915451504,True,0,id,2026-05-04T16:20:02.071672
Ci9DQUlRQUNvZENodHljRjlvT25SdGVtdzJUVWwxY1dveU4yaDJRazB0ZUdkemJIYxAB,ChIJIQ7uPzcvby4RcoWy7vbybjM,Pondok Dahar HM Djaja Majalengka,Majalengka,Kuliner,5,Ngajakin tempat makan depan hotel langganan kalo ke Majalengka nya. Masakannya ternyata cocok juga d lidah ortu,2025-10-03T09:38:09.356Z,Ipah Umu Abiba,107304662707602151988,True,0,id,2026-05-04T16:20:02.071697
Ci9DQUlRQUNvZENodHljRjlvT201RGQzTlFhWHBXV1hkb1JWZE9RVWxoZW5KMVNsRRAB,ChIJIQ7uPzcvby4RcoWy7vbybjM,Pondok Dahar HM Djaja Majalengka,Majalengka,Kuliner,5,kalo urusan perut okelah mantep pelayanan the best sangat cepat sekali sajian nya,2025-09-30T02:50:14.317Z,alifia putri,103401301433165587099,False,0,id,2026-05-04T16:20:02.071705
Ci9DQUlRQUNvZENodHljRjlvT21sTmFYZ3hWV1YxVG5SeUxYaG1TMng1TkRSTFltYxAB,ChIJTxqK8OAvby4RvcN1uu6XxjQ,Sigana Ayam Goreng,Majalengka,Kuliner,5,"Pelayanannya sat set, penyajinya juga gercep. Makanannya enak-enak",2026-05-02T10:12:16.203Z,As Neng,117119224144197837954,False,0,id,2026-05-04T16:20:02.071774
Ci9DQUlRQUNvZENodHljRjlvT21sQ1owb3hPVWw0WnpoNVUyMXJlVUZaYUhoRGRuYxAB,ChIJTxqK8OAvby4RvcN1uu6XxjQ,Sigana Ayam Goreng,Majalengka,Kuliner,5,"waiters nyaa ramah bgtt, sukakk💗💗💗💗",2026-05-02T10:11:02.200Z,Naila Azmillatunnisa,108457398582560386846,False,0,id,2026-05-04T16:20:02.071795
Ci9DQUlRQUNvZENodHljRjlvT2tSMVpuRlZiMEY2ZG10VGJ6Z3RTREV3T1dGVFFVRRAB,ChIJTxqK8OAvby4RvcN1uu6XxjQ,Sigana Ayam Goreng,Majalengka,Kuliner,2,"pernah kesitu pas moment tahun baru, restonya penuh banget, tp kita coba masuk.
ada mba2 waitress nyaranin kita pilih bangku aja duluu, oke kita lakuin liat2 bangku kosong dan sebagian dari kita (kita dtg ber5) nempatin meja kosong itu sambil rada sedikit beres2 bekas makan orang sebelumnya.
saya ber2 bareng kakak pilih menu lalu pesan makan. tiba2 mba waitress td bilang ""kakak apakah bersedia menunggu? soalnya yg udah masuk bill aja nunggunya 1 jam""

what??? napa kagak bilang dari tadi sebelum kami cari tempat duduk mbaaak? susah2 cari meja kosong, udah duduk tiba2 di tanya apakah mau nunggu????? napa kita suruh cari meja kosong kalo yg udah masuk bill aja harus nunggu 1 jam???",2026-05-01T22:03:23.916Z,Lelly ratna aprillya,115525206366639858909,True,0,id,2026-05-04T16:20:02.071813
Ci9DQUlRQUNvZENodHljRjlvT2pSbFF6a3lYMjlhU1ZsdmNEVjVTMDF5YW1oYVRsRRAB,ChIJ6XpZaJPYbi4Rra6om6K8WCk,Rumah Makan Lesehan Saung Balong,Majalengka,Kuliner,3,"Kaya belum siap ngadepin pengunjung banyak, usul perlu ada mic d kasir, klo2 ada mobil yg parkir parallel dan d rem tangan, saya ngalamin ada mobil parkir d belakang saya dan d rem tangan, masih inget no platnya B 10*2 ...",2026-03-26T08:32:40.076Z,riza riano,108153528148340090620,True,0,id,2026-05-04T16:20:02.071909
Ci9DQUlRQUNvZENodHljRjlvT2taSGNFUjJZbEp3UlhSM1FXVnBaV3BoZGtkUVkzYxAB,ChIJ6XpZaJPYbi4Rra6om6K8WCk,Rumah Makan Lesehan Saung Balong,Majalengka,Kuliner,1,"Gajelas, minuman yg gaada dibilang ada, ditungguin ga dateng2 pas disamperin teryata gaada, miris",2026-03-26T08:25:18.461Z,Ahmadi Nazhif,102633454441227137978,False,0,id,2026-05-04T16:20:02.071918
Ci9DQUlRQUNvZENodHljRjlvT2pKMldrdDRValZhYzNJNU5FbHZiRUZJWWtwM1JuYxAB,ChIJ6XpZaJPYbi4Rra6om6K8WCk,Rumah Makan Lesehan Saung Balong,Majalengka,Kuliner,5,Cocok banget kalau buat makan sama keluarga atau kumpul bersama teman,2026-03-11T10:53:10.620Z,Risma Melaty,106368961177677898689,False,0,id,2026-05-04T16:20:02.071940
Ci9DQUlRQUNvZENodHljRjlvT25WVVNHMUlRbXhXVkZaWFpESnVkVGxtWkZZMVJtYxAB,ChIJ6XpZaJPYbi4Rra6om6K8WCk,Rumah Makan Lesehan Saung Balong,Majalengka,Kuliner,4,"Pelayanan ny ramah,makanan ny enak enak..rekomend poko ny🤗
Cuma kemaren tempat dduk ny kurang bersih,mungkin karena debu..🙏",2026-03-01T10:55:31.705Z,Ayu Nurhasanah,104727441276142634862,False,0,id,2026-05-04T16:20:02.071960
Ci9DQUlRQUNvZENodHljRjlvT25WSVlrOTNOMjVQUlRsRmRra3hObkpITjNCaGVWRRAB,ChIJ6XpZaJPYbi4Rra6om6K8WCk,Rumah Makan Lesehan Saung Balong,Majalengka,Kuliner,3,"Makanannya enak sih tapi maaf banget ya pelayanan harusnya ditingkatkan lebih baik lagi dari cara berbicara,keramahan(senyum minimal),penjelasan karena utamanya makanan enak itu karena pelayanan service good.saya orangnya bukan yg ingin dihargai sekali tetapi sepertinya ini minim pelayanannya sih.",2025-08-21T14:24:14.072Z,Raga Nst,112131057448653204228,False,0,id,2026-05-04T16:20:02.071983
ChZDSUhNMG9nS0VJQ0FnTURJa0lMRVhREAE,ChIJ6XpZaJPYbi4Rra6om6K8WCk,Rumah Makan Lesehan Saung Balong,Majalengka,Kuliner,1,"Sedikit review pengalaman makan di saung balong
1. Ketika tamu datang tidak langsung di sambut dan ditinggal ketika ingin memesan menu.
2. Sangat tidak informatif perihal menu yg disediakan.
3. Dalam 15 menit hanya minum yg datang dan itupun tumpah ketika ingin disajikan dan tidak langsung diberikan pengganti.
4. Pelayanan dan keramahan perlu ditingkatkan kembali.
5. Makanan datang sangat lama padahal kondisi tamu sedang tidak ramai, kurang lebih 1 jam.
6. Kebersihan meja makan perlu ditingkatkan, area sekita meja makan tidak dibersihkan.
7. Overall don’t want to comeback here again even the food was good.",2025-04-06T08:08:23.877Z,haikal abdi,109662462731485272095,False,0,id,2026-05-04T16:20:02.072097
Ci9DQUlRQUNvZENodHljRjlvT2toeGJVTmtUbWxJUjJKdVQyeGFSQzFUTldaUlZuYxAB,ChIJpcyvGgAvby4R-lODq4AmR_c,WAROENG MA'NASIH,Majalengka,Kuliner,3,"Untuk makanan yang dipesan, nasi, telur dadar goreng dan bakar, lotek, terung krispy, mendoan enak. Tapi justru sambalnya kurang, lama datangnya, sambal yg merah-merah kaya bajak, cumi, dan pedanya hambar (tidak pedas, tidak asin, tidak gurih). Sambel goangnya baru enak, berasa gurih dan pedasnya. Pedanya tidak fresh, bau dan makin bau ketika dibelah, bikin gatal lidah juga jadi tidak termakan.
Pelayanan dari tukang parkir, waitress dan kasir ramah, kebersihan bagus, tempat lesehan di bagian tengah agak panas.",2025-11-19T11:02:09.904Z,novi nurhayati,116242702367175274488,False,0,id,2026-05-04T16:20:02.072126
Ci9DQUlRQUNvZENodHljRjlvT25wSWMySTVhMDAxTmkxSFlqWjJUMTlXYkVaU0xYYxAB,ChIJpcyvGgAvby4R-lODq4AmR_c,WAROENG MA'NASIH,Majalengka,Kuliner,5,Best pokok nya.,2025-11-18T16:04:25.957Z,JIAN,110354759871429766504,True,0,ms,2026-05-04T16:20:02.072135
Ci9DQUlRQUNvZENodHljRjlvT2pJdGVYQjNkSEkwYlVsbE4wNXFjVXBuZHpsWGJsRRAB,ChIJpcyvGgAvby4R-lODq4AmR_c,WAROENG MA'NASIH,Majalengka,Kuliner,5,"Makanannya enak, penjajian cepat, karyawan ramah bgt, tempatnya enak homey bgt, cuma rada panas kak kurang kipas huhu pencok katelnya enak dibanding RM sebelah, next makan disini lg kalau ke Majalengka",2025-11-16T05:23:23.293Z,Dini Sekar,104075461412415358602,True,0,id,2026-05-04T16:20:02.072154
Ci9DQUlRQUNvZENodHljRjlvT21kWmNERmtUVUl0V2pSYVRVWnROVUYyWVRCYWFrRRAB,ChIJpcyvGgAvby4R-lODq4AmR_c,WAROENG MA'NASIH,Majalengka,Kuliner,4,"menu makanan comfort food, tempat nyaman untuk kumpul bersama, bebek bakar bumbu yang meresap sampe ke dalem, sambal tomat mentahnya seger banget, cumi crispy nya agak keras sih, es teh jumbo best seger haruum. semoga bisa diperbaiki kekurangan nya",2025-11-09T11:26:14.801Z,TB Sugianto,108140421413131201678,False,0,id,2026-05-04T16:20:02.072166
Ci9DQUlRQUNvZENodHljRjlvT25KbVNsbFlhbE5ZTW13eE1FaFJURmxrY0VSclZtYxAB,ChIJpcyvGgAvby4R-lODq4AmR_c,WAROENG MA'NASIH,Majalengka,Kuliner,3,Suasana jadul.. makanan nya standar aja sih,2025-11-06T21:45:28.193Z,Andri Dharma,113154095475301004082,True,0,id,2026-05-04T16:20:02.072183
Ci9DQUlRQUNvZENodHljRjlvT25Wb0xVTkJTR2swVlZGallXTXhWWEpZVkhCWk1HYxAB,ChIJpcyvGgAvby4R-lODq4AmR_c,WAROENG MA'NASIH,Majalengka,Kuliner,5,"Tempat makan sundaan dengan menu yang lebih bervariasi, Dengan rasa lebih enak dan tempat yang nyaman dan bersih sehingga enak untuk berlama2..
Usul untuk kopi dibuat lebih variatif lagi..",2025-10-26T06:03:25.776Z,Rohana Nurman,106471969897604475901,False,0,id,2026-05-04T16:20:02.072213
Ci9DQUlRQUNvZENodHljRjlvT201ZmNtMWhaMU0yT1dGWFFrdE5WalZsUzNsUlYyYxAB,ChIJpcyvGgAvby4R-lODq4AmR_c,WAROENG MA'NASIH,Majalengka,Kuliner,5,Tempat enak nyaman,2025-10-25T13:30:04.704Z,ADZRA SULTHONAH,100233166953296394562,False,0,id,2026-05-04T16:20:02.072221
Ci9DQUlRQUNvZENodHljRjlvT2t4MGMxTlRhVEkzZEhSeFpWTkxWM1ZsZUY5bVZYYxAB,ChIJIQ7uPzcvby4RcoWy7vbybjM,Pondok Dahar HM Djaja Majalengka,Majalengka,Kuliner,5,Nyaman dan enak masaknya,2025-08-09T22:39:17.970Z,Adi Sutrisno,116360835136033462285,False,0,id,2026-05-04T16:20:02.072256
Ci9DQUlRQUNvZENodHljRjlvT2s5TVFUbDBVRTlCZDFaWGFrUnVaVU5NZFU5dk0yYxAB,ChIJIQ7uPzcvby4RcoWy7vbybjM,Pondok Dahar HM Djaja Majalengka,Majalengka,Kuliner,1,"Bad banget RM satu ini kemaren saya ke sana ketimbang pake angkot bisa² ny d usir blm lagi pas masuk ke dalem masa 4 orang air ny cuma d kasih 3 ini sbner ny niat ngelayanin nggk sih, sejauh ini rmh makan satu ini yg paling bad selama mkn d RM",2025-08-04T22:07:50.486Z,Margaretha Rere,105356520389182245620,False,0,id,2026-05-04T16:20:02.072265
Ci9DQUlRQUNvZENodHljRjlvT2xoQmVsQjRSemcwUlVKcE5Ia3lWbVZZWlZSaVlsRRAB,ChIJIQ7uPzcvby4RcoWy7vbybjM,Pondok Dahar HM Djaja Majalengka,Majalengka,Kuliner,5,"Tempatnya luas, banyak pilihan menu, pelayanan baik",2025-07-10T12:24:29.619Z,Winna Islamiyathi,101693237642536065875,False,0,id,2026-05-04T16:20:02.072289
ChdDSUhNMG9nS0VNNllqTW02N3JQVzRBRRAB,ChIJIQ7uPzcvby4RcoWy7vbybjM,Pondok Dahar HM Djaja Majalengka,Majalengka,Kuliner,5,"Lupa gak fhoto² saking lahapnya makan,
tempat makan lesehan,makanan rumahan enak yummy sehat halal,,, buat yg kangen masakan rumah mampir sini aja💙",2025-05-24T22:29:23.454Z,Reni Nuraeni,104140883618226482878,True,0,id,2026-05-04T16:20:02.072317
ChdDSUhNMG9nS0VJQ0FnTURvcWV1cXFnRRAB,ChIJIQ7uPzcvby4RcoWy7vbybjM,Pondok Dahar HM Djaja Majalengka,Majalengka,Kuliner,4,Perjalanan dari Cibinong menuju Pangandaran lewat majalengka.. sempetin mampir dan makan siang disini.. memang sih waktu makan siang mepet sholat jumat .. di resto ini setiap jumat jam 11:30 tutup.. sayang banget tidak ada pegawai perempuan nya..,2025-04-26T09:57:22.054Z,adil Haidir,101655531981819112135,True,0,id,2026-05-04T16:20:02.072333
ChZDSUhNMG9nS0VJQ0FnTURJZzdxeVl3EAE,ChIJIQ7uPzcvby4RcoWy7vbybjM,Pondok Dahar HM Djaja Majalengka,Majalengka,Kuliner,3,"Sop iga nya porsi lumayan besar. Pesan jus alpukat mengecewakan. Warna nya pucat, encer lebih banyak air dan es nya. Sudah komplain, tapi ga ada respon.. udang goreng tepung enak kriuk 1porsi harga 43k isi 5 potong saja. Pesan bebek kremes yg dtg bebek goreng tabur serundeng, trnyata kremesnya kosong tanpa dikonfirmasi ke konsumen.",2025-04-12T13:58:25.442Z,elsa shifia,116470511246541674739,False,0,id,2026-05-04T16:20:02.072342
ChdDSUhNMG9nS0VJQ0FnTURJdXJhOTl3RRAB,ChIJIQ7uPzcvby4RcoWy7vbybjM,Pondok Dahar HM Djaja Majalengka,Majalengka,Kuliner,5,"Recommend 👍👍👍
Enak semua …
下次還會來的餐廳，餐點都很棒，服務👍，乾淨衛生👍👍👍赞赞赞👍👍👍
值得给五个⭐️⭐️⭐️⭐️⭐️",2025-04-09T04:00:12.651Z,Jojo Yeh,117684779176273270310,True,0,zh-Hant,2026-05-04T16:20:02.072351
ChdDSUhNMG9nS0VJQ0FnTUN3c1BlRzlnRRAB,ChIJIQ7uPzcvby4RcoWy7vbybjM,Pondok Dahar HM Djaja Majalengka,Majalengka,Kuliner,5,"Tempatnya strategis, menu makanannya variatif, rasanya sunda banget enak pokoknya, tempatnya bersih",2025-03-16T05:10:35.822Z,Afifah nafisah,116751861868637501414,True,0,id,2026-05-04T16:20:02.072380
Ci9DQUlRQUNvZENodHljRjlvT21adE9XRTFWRnB0TUhSdlRYcHFOMEpCWDJWdWFGRRAB,ChIJTxqK8OAvby4RvcN1uu6XxjQ,Sigana Ayam Goreng,Majalengka,Kuliner,5,"What a great Sundanese restaurant. Nice concept, thoughtful menu, simple but flavorful. Ayam goreng and bebek asap goreng are well cooked, tempe mendoan fried perfectly, and it was my first time trying Pencok Katel, signature side dish from Majalengka, but I looooove it ❤️",2026-04-30T14:42:57.991Z,putri fatimatu,105139171131793140084,False,0,en,2026-05-04T16:20:02.072446
Ci9DQUlRQUNvZENodHljRjlvT2pWQk5HMVpSbTV4WDJKUFIwUk9UVTluUmxKeVVuYxAB,ChIJTxqK8OAvby4RvcN1uu6XxjQ,Sigana Ayam Goreng,Majalengka,Kuliner,5,"POKONYA LOPPP SIGANA, MENU BASIC REKOMEN DARI AKU (NASI TUTUG ONCOM, AYAM GORENG KAMPUNG, CUMI CABE IJO, JUKUT GORENG + BAKWAN JAGUNG) beuh poyo pisaaaaan. Ke majalengka wajib ke sigana pokonya mah topppppppp🫶🏻",2026-04-27T09:04:39.011Z,Manda,100208507127411775907,True,0,su,2026-05-04T16:20:02.072462
Ci9DQUlRQUNvZENodHljRjlvT2xGV1psSkRlbWxwWmpSdVJtUmtRVVZpU25GU2RuYxAB,ChIJTxqK8OAvby4RvcN1uu6XxjQ,Sigana Ayam Goreng,Majalengka,Kuliner,5,"Pliss ini rekomen banget buat yang lagi nyari tempat makan, udah menunya enak banget, makanannya hangat semua, rasanya cocok, tiap hari rame banget, tapi pelayanannya no kaleng - kaleng cepet banget top👍👍 semoga sigana bisa memperbesar lagi tempatnya hehe biar tambah luas. Udah 2 kali ke sigana ga pernah kecewa 🥰🥰🥰",2026-04-25T08:01:40.396Z,NeliOctapiani,108454613108776535559,False,0,id,2026-05-04T16:20:02.072498
Ci9DQUlRQUNvZENodHljRjlvT21OU2RVUmxaaTFQUVVwaFlYRmFkMDB4ZUZKV2NtYxAB,ChIJyXsuPeMlby4Roc1NPPAHmpc,Kopi Sawah Majalengka,Majalengka,Kuliner,4,"Lumayan, cuma lokasinya memang agak masuk.",2026-04-05T00:28:46.240Z,Kang Mpeb,117214663939344636969,True,0,id,2026-05-04T16:20:02.072554
Ci9DQUlRQUNvZENodHljRjlvT2pJeVZHeEtRVFl0Y3pkMVVGZEVSV3BMWVdWaVJYYxAB,ChIJyXsuPeMlby4Roc1NPPAHmpc,Kopi Sawah Majalengka,Majalengka,Kuliner,5,Mantapp pokoknya....,2026-03-31T23:02:19.500Z,HAN'S Verrater,108513984697986590574,True,0,id,2026-05-04T16:20:02.072564
Ci9DQUlRQUNvZENodHljRjlvT2tFeFVuUk5lWGd0WVdRNVozbHVNVjg1Y25oM00yYxAB,ChIJyXsuPeMlby4Roc1NPPAHmpc,Kopi Sawah Majalengka,Majalengka,Kuliner,4,Cocok buat ngopi. Cuma kurang menu ringannya.,2026-03-28T09:46:05.141Z,Fazlur Rahman,101506294668779317642,True,0,id,2026-05-04T16:20:02.072576
Ci9DQUlRQUNvZENodHljRjlvT2w5Rk5EaHJPSEZIWkZGVk4zUldUR2cwUzFWWGMwRRAB,ChIJyXsuPeMlby4Roc1NPPAHmpc,Kopi Sawah Majalengka,Majalengka,Kuliner,1,"Ketika Okupansi resto paling 30-40% tapi pesen matcha aja sampai sejam lebih. Padahal meja lain yg bru dteng aja minuman serupa sudah dikasih. Pesen bakakak bebek yang dateng bakakak ayam. Sambel seuprit.  Rasa b aja pelayanan 0 besar. Cuma menang di luas tempat doang. Kapok kapok, jadi malu bawa keluarga jauh lagi Lebaran di Majalengka di ajak Kesini.",2026-03-22T09:13:38.894Z,Juls Fm,114577234132468690999,False,0,id,2026-05-04T16:20:02.072599
Ci9DQUlRQUNvZENodHljRjlvT2poSlZGQkxOMnhwVTJSNlZXc3dSMGRsVVhSWVFVRRAB,ChIJyXsuPeMlby4Roc1NPPAHmpc,Kopi Sawah Majalengka,Majalengka,Kuliner,1,Jangan disini mqles,2026-03-18T09:41:28.871Z,wieta salim,112399456472989125475,False,0,id,2026-05-04T16:20:02.072611
Ci9DQUlRQUNvZENodHljRjlvT21sWFZVWmpSbVpNTVdkdlFURm5ha3RGYUdoSVUwRRAB,ChIJyXsuPeMlby4Roc1NPPAHmpc,Kopi Sawah Majalengka,Majalengka,Kuliner,1,"No recomended, kecewa!",2026-03-18T09:38:18.305Z,PAMA LESAN,116372915293583762422,False,0,id,2026-05-04T16:20:02.072620
Ci9DQUlRQUNvZENodHljRjlvT2xSVVMySlNiREZYUVVGVE0zWjNZbVpYZG5aM1YzYxAB,ChIJyXsuPeMlby4Roc1NPPAHmpc,Kopi Sawah Majalengka,Majalengka,Kuliner,1,"Pelayananya BURUK, SAYA TIDAK INGIN KESITU LAGI",2026-03-18T09:32:11.726Z,Havik Murdono,101107406770889667017,False,0,id,2026-05-04T16:20:02.072638
Ci9DQUlRQUNvZENodHljRjlvT2xVek1HNVBNbTVUVEZsR1oxTmhPVXhPWkhNelEyYxAB,ChIJyXsuPeMlby4Roc1NPPAHmpc,Kopi Sawah Majalengka,Majalengka,Kuliner,5,"Adem, romantis, cocok untuk keluarga...",2026-01-25T07:54:23.115Z,Agung Fachruddiyanto,108461005936265815158,True,0,id,2026-05-04T16:20:02.072661
Ci9DQUlRQUNvZENodHljRjlvT2xweVJWRjNTM3BmWlhKaldEWm5RMUJKTUZkeU5XYxAB,ChIJyXsuPeMlby4Roc1NPPAHmpc,Kopi Sawah Majalengka,Majalengka,Kuliner,5,"Pelayanan cepat
Tempat yang pas buat  keluarga dan temen""",2025-12-29T07:14:23.239Z,apud alexs,100650600705232581231,False,0,id,2026-05-04T16:20:02.072687
Ci9DQUlRQUNvZENodHljRjlvT2pWalpIazBVa0ZqYkZCbFJreHZNalZWTld4c1ozYxAB,ChIJb0QzWOgvby4RHoAcwUxN2kc,Nasi Bebek Madura Cak Nuv,Majalengka,Kuliner,5,"Karyawan sopan, satun, ramah, pelayanan baik, lahan parkir cukup,  aman, nyaman",2026-04-18T13:36:26.356Z,Cicih R,113117014727871498453,True,0,id,2026-05-04T16:20:02.072715
Ci9DQUlRQUNvZENodHljRjlvT2sxSGRscFhaSEJQY1VKYWNVaGpWbEpRUldKalIyYxAB,ChIJb0QzWOgvby4RHoAcwUxN2kc,Nasi Bebek Madura Cak Nuv,Majalengka,Kuliner,1,"KECEWA!!!! jauh2 kesana buat menuhin keinginan istri. lihat d maps buka, pas sampe ternyata tutup. Jam saya sampe ke sana 16:43 WIB.
Please lah d maps nya update klo mau tutup ya tutup, jangan d maps buka tapi kenyataan tutup!!!!!",2026-04-08T10:01:19.875Z,Innayah Store,113465696781858473496,False,0,id,2026-05-04T16:20:02.072726
Ci9DQUlRQUNvZENodHljRjlvT2xkSkxWVkdaV3hDVmpoNWNsRjVTamR1UlhaTVpVRRAB,ChIJb0QzWOgvby4RHoAcwUxN2kc,Nasi Bebek Madura Cak Nuv,Majalengka,Kuliner,1,"Makanan enak, pelayanan kacau es teh manis sampe udh abis 5 menit makan baru dikasih, minta take away lama sampe ketinggalan, inaft dah",2026-03-23T05:11:23.002Z,Fazhar Wahyu,108517778546829154684,False,0,id,2026-05-04T16:20:02.072741
Ci9DQUlRQUNvZENodHljRjlvT2pKa2RVOVNiVkJsWlVOTFlWZFpRVmx3ZEdWSFdrRRAB,ChIJb0QzWOgvby4RHoAcwUxN2kc,Nasi Bebek Madura Cak Nuv,Majalengka,Kuliner,1,"ribet, pelayanan lambat, padahal udh booking tpii dianak tiri kn, nasi smpe jam set 7 blm dikasih pdahl ini buat buka lohhh,,pdhl kita booking buat orng bnyk tpii disediain tmpt sedikit,,,,, ga wort it bngt pdhl kita udh berekspektasi tinggi",2026-03-07T11:33:57.112Z,Dhian Nuraeni ramadhan,107065832031917205213,False,0,id,2026-05-04T16:20:02.072772
Ci9DQUlRQUNvZENodHljRjlvT2pKNmJWTlBSVlZvWW5WaVFtMDVValZsVEdaWVJuYxAB,ChIJb0QzWOgvby4RHoAcwUxN2kc,Nasi Bebek Madura Cak Nuv,Majalengka,Kuliner,1,Owner nya gapunya atitude pls,2026-02-21T16:56:04.540Z,monica Octaviana,113306481368167119177,False,0,id,2026-05-04T16:20:02.072814
Ci9DQUlRQUNvZENodHljRjlvT21GUVkzUkRWVTVJYjJ4TWRrNUhTRm94V2paMWJYYxAB,ChIJb0QzWOgvby4RHoAcwUxN2kc,Nasi Bebek Madura Cak Nuv,Majalengka,Kuliner,5,"Enak makan disini suasananya adem tenaang rilezs banget dah trs bebek khar maduranya enaaak juga terutama pada sambel khasnya yaa unik tapi enaak bagi yang suka makan²an atau suka kuliner kalian bia mampir kesini dijamin gak mengecewakan, bebeknya juga empuk banget",2026-01-04T09:13:30.761Z,Jajang Johan,109718047438177674725,True,0,id,2026-05-04T16:20:02.072838
Ci9DQUlRQUNvZENodHljRjlvT2pWMFFraHZTMm90WTBOb2Jra3hiM2RsY1ZScWJsRRAB,ChIJb0QzWOgvby4RHoAcwUxN2kc,Nasi Bebek Madura Cak Nuv,Majalengka,Kuliner,4,Enaaaak bebeknya,2025-12-23T11:12:26.388Z,Listy Dwi,111168268016471980035,False,0,id,2026-05-04T16:20:02.072862
ChdDSUhNMG9nS0VJQ0FnSUMybzhIRjZBRRAB,ChIJb0QzWOgvby4RHoAcwUxN2kc,Nasi Bebek Madura Cak Nuv,Majalengka,Kuliner,5,Favorit bumbu hitam nya..,2025-12-19T06:34:00.739Z,Arief Dedie,114972903534269272739,True,0,id,2026-05-04T16:20:02.072877
Ci9DQUlRQUNvZENodHljRjlvT2xwMmRqVm9lVEpVVGxOaVEwdDJZblZZVkdsYWFIYxAB,ChIJb0QzWOgvby4RHoAcwUxN2kc,Nasi Bebek Madura Cak Nuv,Majalengka,Kuliner,5,Spesialis Bebek yang Nikmat 👍👍,2025-07-29T05:16:28.152Z,Asep Budiman,117573145645477834749,True,0,id,2026-05-04T16:20:02.072931
ChZDSUhNMG9nS0VJQ0FnSURfcjhTSWJREAE,ChIJ6XpZaJPYbi4Rra6om6K8WCk,Rumah Makan Lesehan Saung Balong,Majalengka,Kuliner,5,"Suasananya bagus makanya enak"" saya kasih bintang 5",2025-01-28T07:33:27.100Z,Violet Ross,102970062542319257595,False,0,id,2026-05-04T16:20:02.072944
ChZDSUhNMG9nS0VJQ0FnSUNmcE9ldk1BEAE,ChIJ6XpZaJPYbi4Rra6om6K8WCk,Rumah Makan Lesehan Saung Balong,Majalengka,Kuliner,1,"Pesen makan lama banget hampir 45 menit baru tiba untung ga keburu pingsan... minuman baru datang pas makanan sudah habis, itupun gelasnya udah retak masih aja dipake..

Yang masih ga ngerti kita nunggu dr tadi minuman gajadi², ada customer baru datang 5 menit jadi..

Mohon diperbaiki agar lebih baik lagi..",2024-12-26T06:09:17.184Z,Manda Agung,105528788982923150903,True,0,id,2026-05-04T16:20:02.073033
ChdDSUhNMG9nS0VJQ0FnSUR2NHBmam1nRRAB,ChIJ6XpZaJPYbi4Rra6om6K8WCk,Rumah Makan Lesehan Saung Balong,Majalengka,Kuliner,4,"Makanannya enak, serius gurame asam manis, ayam bakar kampung, nasi liwet enak semua gada yang gagal. Tapi sorry bgt semua minuman yg saya pesan kurang oke.
Es kelapa muda tapi diberikan kelapa yg sudah dipotong atasnya dengan lubang yg kecil. Seharusnya kelapa dipotong dengan lubang sedikit lebih lebar dan sisa potongannya dijadikan tutup kelapa batok tsb sehingga customer bisa menikmati daging kelapanya juga.
Jus tomat rasa susu full, rasa tomatnya hilang.
Service mungkin karena masih magang jadi perlu dilatih lagi. Bagaimana cara menghadapi customer, bagaimana jika customer menanyakan menu tetapi posisi staff belum mengetahui kesediaannya di dapur, hal hal tersebut masih perlu dilatih. Mungkin bisa dengan menjawab 'kami cek kesediaannya terlebih dulu ya bu, mungkin jika memang tidak tersedia bisa digantikan dengan menu lain?'
Kemarin banyak menu yg tidak ready tetapi ketika staff ditanya malah melempar pertanyaan dan mendesak staff lainnya.
Lalu mungkin bisa dilatih juga bagaimana staff menyajikan makanan kepada customer, seperti dengan menyebutkan nama hidangan dan memastikan hidangan yang belum disajikan. Tidak hanya diam, menaruh makanan di atas meja lalu pergi.
Pastikan juga tempat makan selalu dalam keadaan clean ya. Karena ketika saya ke sana masih ada beberapa ikan mati di kolam seperti kurang prepare.
Saya masih mengerti jika service kurang karena mgkin masih magang dan amat sangat perlu dilatih. Semoga masukan saya dapat dipertimbangkan.
Terlepas dari itu semua, makanannya terutama gurame asam manis BEST!
Pliss kalau service sudah diperbaiki ramaikan resto ini. Worth to buy kok",2024-12-19T00:54:26.695Z,ANNISA LUTFI IMANI,105809298999436671871,True,0,id,2026-05-04T16:20:02.073044
ChdDSUhNMG9nS0VJQ0FnSUN2dFllNHR3RRAB,ChIJ6XpZaJPYbi4Rra6om6K8WCk,Rumah Makan Lesehan Saung Balong,Majalengka,Kuliner,5,"Bisa memilih tempat meja atau lesehan di saung saung/gazebo.
Suasana nyaman untuk acara makan bersama keluarga, sahabat, rekan kerja.
Ada kedai kopinya juga.
Tidak jauh dari exit toll Sumberjaya arah Jatiwangi.",2024-12-13T09:12:01.776Z,ahmad syarif,104092404557576568307,True,0,id,2026-05-04T16:20:02.073052
ChdDSUhNMG9nS0VJQ0FnSUN2anFLaXNBRRAB,ChIJ6XpZaJPYbi4Rra6om6K8WCk,Rumah Makan Lesehan Saung Balong,Majalengka,Kuliner,5,Makanannya ajib- lesehan adem- ada mesjid- parkir Nyaman. Harga lumayan. Menu mgKn sdg adaptasi,2024-12-11T00:06:17.803Z,Tatang Johari,104043332110641756867,True,0,id,2026-05-04T16:20:02.073060
Ci9DQUlRQUNvZENodHljRjlvT2t3NGMyZzRaRFZXVW5CUWIwcGljV1paT1ZoNWMzYxAB,ChIJTxqK8OAvby4RvcN1uu6XxjQ,Sigana Ayam Goreng,Majalengka,Kuliner,4,"Banyakkk banget pilihan makanan nya, pesanan cepat di antar. Rasa makanan enak sesuai harga. Tempat nya juga luas",2026-04-14T16:44:48.517Z,laura christianty,109861617555018424829,True,0,ms,2026-05-04T16:20:02.073131
Ci9DQUlRQUNvZENodHljRjlvT2pKZldIVnNYMjlITlVwSVZXWXhVVFI2T0d4aFpuYxAB,ChIJTxqK8OAvby4RvcN1uu6XxjQ,Sigana Ayam Goreng,Majalengka,Kuliner,5,"Tempat makan favorit keluarga, rela jauh jauh dari kota Cirebon hanya untuk kunjungan dan makan bersama keluarga di sigana ayam",2026-04-13T10:47:38.486Z,Vonyk,108511370533544972184,False,0,id,2026-05-04T16:20:02.073148
Ci9DQUlRQUNvZENodHljRjlvT2taQ2IycDBORXhrUXpkV1JqVjFRM0V0VTJORFprRRAB,ChIJTxqK8OAvby4RvcN1uu6XxjQ,Sigana Ayam Goreng,Majalengka,Kuliner,1,Pelayan nya kurang memuaskan . Makanan dah jadi gak bilang bilang padahal ada orang nya,2026-04-05T08:28:38.694Z,Pra Yoga,100004846464117726892,False,0,id,2026-05-04T16:20:02.073158
Ci9DQUlRQUNvZENodHljRjlvT2poVmEycDBjR2hJTUhSRWRuVjFaRmRyWDNSVGNWRRAB,ChIJTxqK8OAvby4RvcN1uu6XxjQ,Sigana Ayam Goreng,Majalengka,Kuliner,3,"Tempatnya mudah ditemuin, bbrapa kali kesini buat coba ini itu nya tapi bbrapa menu yg mau di explore gapernah tersedia (jadi sebenernya menu nya itu2 aja ; ngga sesuai yg di list menu), aga lama untuk clear area dann paling syok banget hari ini sampe muntah berulang kali karena ter distract terus
Di PIRING AKU ADA ULET YANG UDAH KE MASAK 🥲",2026-04-04T11:35:25.170Z,Winda Febrianti,110594155579690217529,True,0,id,2026-05-04T16:20:02.073166
Ci9DQUlRQUNvZENodHljRjlvT21Oc1VIQm9UVlZoWW1FemIxTnNUbmxsUzFKR2JrRRAB,ChIJTxqK8OAvby4RvcN1uu6XxjQ,Sigana Ayam Goreng,Majalengka,Kuliner,1,"Tadi coba pesen di grab, pete nya ga ada, mereka suruh saya cancel tapi saya bilang balikin aja uang petenya mereka blg gabisa dan mereka yang cancel pesanan saya. Samgat ga ramah dan tidak informatif. Rasa makanannya enak tapi orangnya sangat g membantu, udah d telfon juga sama sigananya dan kami bilang ganti aja petenya ke makanan lain, sama jawabannya ogah”an, tolong ya d perbaiki staff nya sayang banget restoran enak dan rame tapi pelayannya begini.  Setidaknya, kasih pilihan lain kasih gratisan apa kek diskon kek. Kalau kita gamau cancel ya ga usa di cancel dr restorannya, kalian cari tau gimana caranya buat nutupin kekosongan barangnya. Bukan tinggal suruh cancel doank. Kita bukan orang yang gmw bayar lebihan makanannya kok td juga ud d blg ganti jd cumi aja, blg ttp gbs d suru ganti uangnya aja juga gabisa.",2026-04-02T11:55:45.903Z,Devania Sienny,106580951072633665393,False,0,id,2026-05-04T16:20:02.073194
Ci9DQUlRQUNvZENodHljRjlvT21OSmFuaEllVWMzV0d0d2VsazBTRzFHWVUxRlRtYxAB,ChIJTxqK8OAvby4RvcN1uu6XxjQ,Sigana Ayam Goreng,Majalengka,Kuliner,5,Pelayan Cepat dan Ok.,2026-04-02T07:05:14.678Z,fika dc,110075741853802401133,True,0,id,2026-05-04T16:20:02.073203
Ci9DQUlRQUNvZENodHljRjlvT21kSVNXZEpWbmRGU25Sd1VrbDJNV2RuTVhKclZGRRAB,ChIJTxqK8OAvby4RvcN1uu6XxjQ,Sigana Ayam Goreng,Majalengka,Kuliner,3,"maaf tapi saya dapat tempatnya di dalam, terdapat kusen yang kropos dan tembok yang kusam berjamur. walaupun makanannya enak tapi setelah melihat itu jadi tidak nafsu makan.",2026-04-01T08:20:51.776Z,Muhamad Agil Yahya,101854981635459149296,True,0,id,2026-05-04T16:20:02.073211
Ci9DQUlRQUNvZENodHljRjlvT2xnM2RWcGxZemRMYUZoTloxbDBVMnByV1dOUVZuYxAB,ChIJTxqK8OAvby4RvcN1uu6XxjQ,Sigana Ayam Goreng,Majalengka,Kuliner,5,Alhamdulillah makanannya enak2 bisa milih yang disukai pokonya mantap cobain deh pasti ketagihan,2026-03-31T11:26:31.191Z,tiga Maulana,100416822580110720627,True,0,id,2026-05-04T16:20:02.073220
Ci9DQUlRQUNvZENodHljRjlvT2kxM1owMU1Ta2t6YWpocFluWjJaMnRmVEVONE1GRRAB,ChIJTxqK8OAvby4RvcN1uu6XxjQ,Sigana Ayam Goreng,Majalengka,Kuliner,3,"Makanannya sih cukup enak yaa, cuman pelayanan nya kurang apalagi yang bawa air minum beberapa kali datang bawa minum tidak sesuai pesanan jadi bolak balik  tuh pelayan bukan hanya ke satu orang tapi hampir semua meja salah kasih minum. Bagusnya di kasih nomor meja biar pelayananya ga bolak balik nanya pesanan. Menu makan di sini aga mahal. gurame bakar 39k tapi guramenya di goreng dulu trs di bakar dengan kecap, kirain dapat 1 ekor ternyata setengah ekornya.",2026-03-31T07:28:21.939Z,Riyan Hakim,113203473300450783886,True,0,id,2026-05-04T16:20:02.073228
ChZDSUhNMG9nS0VJQ0FnTUNRaVkyYmZnEAE,ChIJIQ7uPzcvby4RcoWy7vbybjM,Pondok Dahar HM Djaja Majalengka,Majalengka,Kuliner,5,"Buka puasa pertama buka di sini , lumayan rame",2025-03-05T10:02:28.654Z,Neneng Junengsih,115010956368870920361,True,1,id,2026-05-04T16:20:02.073237
ChZDSUhNMG9nS0VJQ0FnTURnNnQ3RUFnEAE,ChIJIQ7uPzcvby4RcoWy7vbybjM,Pondok Dahar HM Djaja Majalengka,Majalengka,Kuliner,4,Nyaman untuk bersantap,2025-02-24T04:14:36.981Z,asep wahyudin,108038796064439331213,True,0,id,2026-05-04T16:20:02.073245
ChZDSUhNMG9nS0VJQ0FnSURmLTdIU0VREAE,ChIJIQ7uPzcvby4RcoWy7vbybjM,Pondok Dahar HM Djaja Majalengka,Majalengka,Kuliner,4,"Makanan lumayan enak. Tempat cukup luas.
Ada indoor dan outdoor (lesehan).",2025-01-10T16:05:20.545Z,R. Irwan Saputra,109068473460600633287,True,0,id,2026-05-04T16:20:02.073260
ChdDSUhNMG9nS0VJQ0FnSURmcXZiMTVnRRAB,ChIJIQ7uPzcvby4RcoWy7vbybjM,Pondok Dahar HM Djaja Majalengka,Majalengka,Kuliner,1,Beli sate kambing pelayanannya lama bangeut,2025-01-05T13:23:03.085Z,Rayyo Rizki,114185732851425092214,False,0,id,2026-05-04T16:20:02.073276
ChdDSUhNMG9nS0VJQ0FnSUNmaDhpNmdnRRAB,ChIJIQ7uPzcvby4RcoWy7vbybjM,Pondok Dahar HM Djaja Majalengka,Majalengka,Kuliner,4,Enak hanya saja pelayanan aga lambat,2025-01-02T03:01:11.027Z,Khoiru Sunni,101602974243066881704,True,0,id,2026-05-04T16:20:02.073290
ChZDSUhNMG9nS0VJQ0FnSUNmc19LYlZ3EAE,ChIJIQ7uPzcvby4RcoWy7vbybjM,Pondok Dahar HM Djaja Majalengka,Majalengka,Kuliner,1,Di menu harga gak sampe 50 ribu tapi bayar 100 ribu. Hati2 buat yang mau ke rumah makan ini. Kasir nya juga ketus tidak ramah.,2025-01-01T11:04:07.496Z,izal fauzi,117667524377636189829,False,0,id,2026-05-04T16:20:02.073445
ChZDSUhNMG9nS0VJQ0FnSUN2cEpiWVRBEAE,ChIJIQ7uPzcvby4RcoWy7vbybjM,Pondok Dahar HM Djaja Majalengka,Majalengka,Kuliner,5,Silahkan mampir makan siang kalau ke Majalengka,2024-12-08T06:07:14.068Z,Fir Mukti,115706020764357277633,True,0,id,2026-05-04T16:20:02.073500
Ci9DQUlRQUNvZENodHljRjlvT2tSNGNrSXdieTFMYlhSaVNucFhielJOWHpKeWRVRRAB,ChIJyXsuPeMlby4Roc1NPPAHmpc,Kopi Sawah Majalengka,Majalengka,Kuliner,5,"Bersih, aman dan nyamam",2025-10-14T09:11:59.821Z,Rihanto Jokomulyo,103725739399852759620,True,0,id,2026-05-04T16:20:02.073553
Ci9DQUlRQUNvZENodHljRjlvT21GV2FqaFhiVWMyTVV4M2JIVkhZM1JyZVc5UlZXYxAB,ChIJyXsuPeMlby4Roc1NPPAHmpc,Kopi Sawah Majalengka,Majalengka,Kuliner,5,"Tempatnya enak, adem hembusan angin sawah lumayan kencang. Makanan nya enak, favorite nya ikan gurame cobek rasanya juara",2025-09-23T07:15:35.952Z,AyahRomantis,108704343825654844057,True,0,id,2026-05-04T16:20:02.073578
Ci9DQUlRQUNvZENodHljRjlvT21WRmExRkNUMFphVFdoak9UbE9PRTR4YW5wUWIyYxAB,ChIJyXsuPeMlby4Roc1NPPAHmpc,Kopi Sawah Majalengka,Majalengka,Kuliner,4,"Suasananya adem dan nyaman, cocok buat santai bareng teman atau keluarga.
Makanannya juga enak✨",2025-09-07T05:06:50.979Z,Aulia Ervia,110209315391373354611,False,0,id,2026-05-04T16:20:02.073595
Ci9DQUlRQUNvZENodHljRjlvT25KMk0xZGpNRFptTTJKRFMzTTNkVzA1TW5Kc2MyYxAB,ChIJyXsuPeMlby4Roc1NPPAHmpc,Kopi Sawah Majalengka,Majalengka,Kuliner,3,Penyajian menu terlalu lama....,2025-09-05T15:02:26.636Z,Gow Siaw ing,111186758552139492955,False,1,id,2026-05-04T16:20:02.073603
Ci9DQUlRQUNvZENodHljRjlvT205bmJHUkhVVTAzWkMxWk1qZFhaRE5VWW10Tk1FRRAB,ChIJyXsuPeMlby4Roc1NPPAHmpc,Kopi Sawah Majalengka,Majalengka,Kuliner,4,"Overall untuk atmospherenya 9/10 asri dan sejuk ya karena sesuai namanya Kopi Sawah jadi tempatnya strategis di dekat sawah juga. Di area makannya ada banyak spot seperti coffee shop, kolam ikan, rumput hijau, mushola, dll. Kamar mandi bersih dan tempat wudhu ok. Sedikit masukan mungkin bisa ditempatkan lagi wastafel di sekitar area duduk agar tidak terlalu jauh saat mau cuci tangan sebelum & sesudah makan.

Varian makanan ayamnya lumayan, bumbu kurang menyerap, tapi sambalnya enak pedas. Varian makanan iga semuanya ENAAAK, tapi untuk yang berkuah terlalu asin sampai daging-dagingnya. 8/10 buat makanannya, bisa ditingkatkan lagi untuk rasanya.

Maaf untuk pelayanan saya kasih 5/10 karena makanan diantar terlalu lama dari waktu ordernya sekitar 30 menit sampai 1 jam sampai minumannya sudah hampir habis. Semoga kedepannya bisa ditingkatkan lagi untuk waktu pelayanannya.",2025-09-03T09:58:10.353Z,Syani Dwi Fitriana,111758142285742324290,False,0,id,2026-05-04T16:20:02.073612
Ci9DQUlRQUNvZENodHljRjlvT25wSWRUQkdjVXM0T0RGaWFtRmFRMDVRYmtoRU5GRRAB,ChIJyXsuPeMlby4Roc1NPPAHmpc,Kopi Sawah Majalengka,Majalengka,Kuliner,5,"makanan nya enak, tempatnya nyaman cocok untuk bawa keluarga",2025-09-03T05:21:13.776Z,Cindy Wae,108611510595625000943,False,0,id,2026-05-04T16:20:02.073620
Ci9DQUlRQUNvZENodHljRjlvT2psUk0wdDVObGhxYVhKVWExSktaR1l3VkVSRU5tYxAB,ChIJyXsuPeMlby4Roc1NPPAHmpc,Kopi Sawah Majalengka,Majalengka,Kuliner,5,rekomended buat yang mau family time atau apapaun itu tempatnya nyaman hidangan nya mantaps👍😊,2025-09-03T05:21:06.119Z,Nagita Khoerunisa,105471392174934700501,False,0,id,2026-05-04T16:20:02.073629
Ci9DQUlRQUNvZENodHljRjlvT2tOWVlVdGtXRGx6VVhodFdYSnJTVGxEVVcxTlNYYxAB,ChIJyXsuPeMlby4Roc1NPPAHmpc,Kopi Sawah Majalengka,Majalengka,Kuliner,5,"kopinya enak, cocok buat kumpul dan main sama temen temen",2025-09-03T05:19:27.406Z,Amanda,116620726609465503097,False,0,id,2026-05-04T16:20:02.073638
Ci9DQUlRQUNvZENodHljRjlvT2s5d1YxUkpXVE5vYzFRMmRrNUtibk14WldKNmEyYxAB,ChIJyXsuPeMlby4Roc1NPPAHmpc,Kopi Sawah Majalengka,Majalengka,Kuliner,5,"kopi nya enak, cocok buat kumpul kumpul sama temen",2025-09-03T05:16:14.316Z,Agus Susanto,114881150522573331180,False,0,id,2026-05-04T16:20:02.073648
Ci9DQUlRQUNvZENodHljRjlvT205alYyRnZaM3AwTFdWWmJrczJVMjExUjB0RWQyYxAB,ChIJyXsuPeMlby4Roc1NPPAHmpc,Kopi Sawah Majalengka,Majalengka,Kuliner,4,Tempat nya nyaman dan sejuk sekali untuk ngopi,2025-09-03T05:16:03.205Z,Ayu Sulistiawati,110191110633377798360,False,0,id,2026-05-04T16:20:02.073657
Ci9DQUlRQUNvZENodHljRjlvT2pSQ2VFZDBNV1I0TlhWcVJYUXdTVWwzWm05aGRuYxAB,ChIJyXsuPeMlby4Roc1NPPAHmpc,Kopi Sawah Majalengka,Majalengka,Kuliner,5,Bagus tempatnya cobain ke sini sekarang,2025-09-03T05:15:04.468Z,Ira Putri,103927759393378442443,False,0,id,2026-05-04T16:20:02.073665
Ci9DQUlRQUNvZENodHljRjlvT2pKQmVYaE5SV0ZmTFVScmQwOTNRelYxWVVOa1dXYxAB,ChIJyXsuPeMlby4Roc1NPPAHmpc,Kopi Sawah Majalengka,Majalengka,Kuliner,5,"tempatnya adem banget buat ngopi di kopi sawah ,suasananya sejuk ,makanan nya juga enak 😍",2025-09-03T05:12:07.875Z,Sabrina ibrahim el tajudin,112144188564809553605,False,0,id,2026-05-04T16:20:02.073673
Ci9DQUlRQUNvZENodHljRjlvT2xoYWIxZHpSVWd0WVVsaVUyWlpjekUyV0ZkQk0wRRAB,ChIJb0QzWOgvby4RHoAcwUxN2kc,Nasi Bebek Madura Cak Nuv,Majalengka,Kuliner,5,"Tempatnya enak,nyaman,pelayanannya pun ok.daging bebeknya lembut,gak bau...minumannya juga enak2...",2025-07-12T11:52:01.903Z,Taufik Yanuarsyah,102667556016007869066,False,0,id,2026-05-04T16:20:02.073692
ChZDSUhNMG9nS0VJQ0FnTURRcGFqZFZ3EAE,ChIJb0QzWOgvby4RHoAcwUxN2kc,Nasi Bebek Madura Cak Nuv,Majalengka,Kuliner,3,Pernah bukber di sini.. Makanan nyaa udah dingin bgt mana keras bgt ayam goreng nya ..,2025-03-12T12:53:38.256Z,Lilis Lisnawati,110605863564666340289,False,0,id,2026-05-04T16:20:02.073757
ChZDSUhNMG9nS0VJQ0FnTUNROUkzREJ3EAE,ChIJb0QzWOgvby4RHoAcwUxN2kc,Nasi Bebek Madura Cak Nuv,Majalengka,Kuliner,3,kecewa pelayanan nya di menu dapat snack tapi gk di anter anterin padahal udah nanyain 😭,2025-03-02T11:25:58.232Z,Andri Iyanaa,106122991300874817274,False,0,id,2026-05-04T16:20:02.073765
ChdDSUhNMG9nS0VJQ0FnSURfemJtc2xRRRAB,ChIJb0QzWOgvby4RHoAcwUxN2kc,Nasi Bebek Madura Cak Nuv,Majalengka,Kuliner,5,Langganan Setiap Hari..,2025-01-26T05:10:03.863Z,WIBI INDRA,102419021159305369277,False,0,id,2026-05-04T16:20:02.073773
ChZDSUhNMG9nS0VJQ0FnSURfeVpybUxBEAE,ChIJb0QzWOgvby4RHoAcwUxN2kc,Nasi Bebek Madura Cak Nuv,Majalengka,Kuliner,5,Makan di lesehan dengan view gunung ciremai👍,2025-01-25T08:04:49.681Z,Ida Tiara,114396542996796040794,False,0,id,2026-05-04T16:20:02.073788
ChZDSUhNMG9nS0VJQ0FnSURPbk9DdWNnEAE,ChIJb0QzWOgvby4RHoAcwUxN2kc,Nasi Bebek Madura Cak Nuv,Majalengka,Kuliner,5,"Rekomendasi makan disini makannya enak tempatnya luas,,harga murah",2025-01-25T07:57:45.030Z,Widi Ibad,114034284431144216410,False,0,id,2026-05-04T16:20:02.073796
ChdDSUhNMG9nS0VJQ0FnSUMzejlybGhnRRAB,ChIJb0QzWOgvby4RHoAcwUxN2kc,Nasi Bebek Madura Cak Nuv,Majalengka,Kuliner,5,"Kami pesen yg bebek size sedang, menurut aku kecil hehe tp empuk, bumbu hitam,sambel sama serundengnya dikasih se wadah2nya jd puas bgt 😁 lalabnya jg banyak, nasi dikasih make bakul sendiri padahal kami makan cuma bertiga. Tempatnya bersih, rapi, pemandangannya bagus adem bgt deket sawah. Thankyou yaaaa next mampir lg",2024-11-10T11:13:00.205Z,Dini Sekar,104075461412415358602,True,0,id,2026-05-04T16:20:02.073809
ChdDSUhNMG9nS0VJQ0FnSURYOGFPMW5RRRAB,ChIJb0QzWOgvby4RHoAcwUxN2kc,Nasi Bebek Madura Cak Nuv,Majalengka,Kuliner,5,Tempatnya nyaman,2024-10-28T15:28:14.108Z,Agus Sulaeman,118436249709251920239,False,0,id,2026-05-04T16:20:02.073820
ChdDSUhNMG9nS0VJQ0FnSURMeHFmam9BRRAB,ChIJ6XpZaJPYbi4Rra6om6K8WCk,Rumah Makan Lesehan Saung Balong,Majalengka,Kuliner,3,"pelayanan kepada customer kurang sopan,kariawan salah input makanan tidak ada permintaan maaf sekali pun",2024-06-27T10:03:03.710Z,Richzall,111651087989088080126,False,0,id,2026-05-04T16:20:02.073850
ChZDSUhNMG9nS0VJQ0FnSUN6eWZDbUtnEAE,ChIJ6XpZaJPYbi4Rra6om6K8WCk,Rumah Makan Lesehan Saung Balong,Majalengka,Kuliner,5,"Enak banget liwetnya, rekomendasi rumah makan didaerah palasah nih gaes!!",2024-06-03T02:15:25.379Z,Jajanan Cek,100891072120898484784,True,4,id,2026-05-04T16:20:02.073867
ChdDSUhNMG9nS0VJQ0FnSURRbXZxTG1BRRAB,ChIJ6XpZaJPYbi4Rra6om6K8WCk,Rumah Makan Lesehan Saung Balong,Majalengka,Kuliner,5,Makan bersama keluarga lebih nikmat,2024-05-18T06:15:45.622Z,Nur Aditiana,100612406409775137343,True,1,id,2026-05-04T16:20:02.073883
ChdDSUhNMG9nS0VJQ0FnSUNqbFBDU3NBRRAB,ChIJ6XpZaJPYbi4Rra6om6K8WCk,Rumah Makan Lesehan Saung Balong,Majalengka,Kuliner,5,"mantabs rekomended semua makanan sajian enak cepat, harga sesuai, okey buat ngajak temen kumpul disini",2024-04-18T02:55:07.399Z,Dodi Nurbadri,108913247083748108258,True,0,id,2026-05-04T16:20:02.073898
ChZDSUhNMG9nS0VJQ0FnSUREN2VlWGZREAE,ChIJ6XpZaJPYbi4Rra6om6K8WCk,Rumah Makan Lesehan Saung Balong,Majalengka,Kuliner,2,"Rumah makan sekeren ini tapi tidak mempekerjakan koki profesional sehingga masakanpun alakadarnya

juga tidak ada training untuk pramusaji tentang tatakrama melayani pembeli

Sangat di sayangkan",2024-04-13T01:38:56.680Z,Dhelya Komara,104380031947725680747,True,0,id,2026-05-04T16:20:02.073906
ChZDSUhNMG9nS0VJQ0FnSUREOVBtVmVnEAE,ChIJ6XpZaJPYbi4Rra6om6K8WCk,Rumah Makan Lesehan Saung Balong,Majalengka,Kuliner,4,aduhh kemarin bukber disituu ambil paket yg 30k ayam bakar bikin traumaa:( dagingnya ada telur lalat ijo nya gimanaa ituu cara penyimpanan dagingnya??? udah dikomplen+diganti jugaa tpi saya minta dibungkus ajaa eh pas nyampe kos diliat lagi HADUHHHH ada lagi telur lalatnyaa:( tolongg banget inimah dikondisikan lagii buat penyimpanan dagingnya biar ga dihinggapi lalattt🙏🙏🙏,2024-04-06T08:33:36.582Z,Eka Nur Azizah,103582611002614861605,False,0,id,2026-05-04T16:20:02.073914
ChdDSUhNMG9nS0VJQ0FnSUNELS1tSjl3RRAB,ChIJ6XpZaJPYbi4Rra6om6K8WCk,Rumah Makan Lesehan Saung Balong,Majalengka,Kuliner,3,"Pelayanannya kurang, kitchennya dibulan puasa malas buka menu lagi. Kaya ga mau oprek dapur lagi. Kebanyakan alasan org dapurnya, kalau malas ya ga usah kerja. Overall selain org dapurnya bagus kok.",2024-04-02T10:08:51.750Z,arsendi kasenda,101903862373094200708,False,0,id,2026-05-04T16:20:02.073930
ChdDSUhNMG9nS0VJQ0FnSUREbWZ5NTV3RRAB,ChIJb0QzWOgvby4RHoAcwUxN2kc,Nasi Bebek Madura Cak Nuv,Majalengka,Kuliner,5,Skarang buka nggak yahh,2024-04-11T12:25:14.002Z,Antonio Agustio,116645359939412450106,False,1,id,2026-05-04T16:20:02.073953
ChdDSUhNMG9nS0VJQ0FnSUREam9xS3ZnRRAB,ChIJb0QzWOgvby4RHoAcwUxN2kc,Nasi Bebek Madura Cak Nuv,Majalengka,Kuliner,2,"Udah reservasi, bilang ayamnya paha dikasihnya dada sisaan kecil banget. Ga worth banget, sorry.. gaakan balik lagi😮‍💨 byeeee",2024-04-09T11:31:15.953Z,Afrilia Meika,108895334348489941451,False,0,id,2026-05-04T16:20:02.073974
ChZDSUhNMG9nS0VJQ0FnSUNELWR2VlRREAE,ChIJb0QzWOgvby4RHoAcwUxN2kc,Nasi Bebek Madura Cak Nuv,Majalengka,Kuliner,1,GOUBLOG IHH GES NGABOOKING TAPI TEU DI JIEUNKEN😏😏,2024-03-30T11:25:46.354Z,Gustina Anggraeni,117989224295107664108,False,2,su,2026-05-04T16:20:02.074003
ChZDSUhNMG9nS0VJQ0FnSUNEMFpxVEpnEAE,ChIJb0QzWOgvby4RHoAcwUxN2kc,Nasi Bebek Madura Cak Nuv,Majalengka,Kuliner,1,"Ini review objektif, Saran untuk yg punya asam lambung jgn k sini. Lama bangetttttt pesen dr jam stgh 6 makanan baru dtg jam 7lebij (itupun karna udh 2x k kasir buat nanya), urutan antriam jg kurang jelas, yg baru dateng malah dapet makanan duluan. Sepertinya ini tempat tdk belajar dr tahun k tahun. 🙏",2024-03-29T12:23:53.108Z,khilmi adam,109525074432149534249,False,1,id,2026-05-04T16:20:02.074012
ChdDSUhNMG9nS0VJQ0FnSUQ5ME42cDBRRRAB,ChIJb0QzWOgvby4RHoAcwUxN2kc,Nasi Bebek Madura Cak Nuv,Majalengka,Kuliner,5,Nasi telornya favorit sy ketika lg tanggal tua hhe..soalnya murah cuma 10rb,2024-03-12T11:35:56.960Z,Mister Dream Official,107999564193041323000,True,0,id,2026-05-04T16:20:02.074021
ChdDSUhNMG9nS0VJQ0FnSUN1d3RTTmt3RRAB,ChIJb0QzWOgvby4RHoAcwUxN2kc,Nasi Bebek Madura Cak Nuv,Majalengka,Kuliner,5,"menu bebek gorengnya enak, bumbu hitamnya mantap, sambel oke, parkiran luas, ada juga mie jowo",2024-03-03T06:26:52.643Z,Dede Abu Wizdan,105143159535719973326,True,0,id,2026-05-04T16:20:02.074030
ChZDSUhNMG9nS0VJQ0FnSUNOMjlyRWN3EAE,ChIJb0QzWOgvby4RHoAcwUxN2kc,Nasi Bebek Madura Cak Nuv,Majalengka,Kuliner,5,Menjual Nasi Bebek Madura. Rasanya dijamin mantap.,2024-01-18T06:32:55.283Z,Ernita 15,107418396755095094605,True,1,id,2026-05-04T16:20:02.074039
Ci9DQUlRQUNvZENodHljRjlvT25kb2VWUktNbGd5V0d0S01sRkNZbmM1YW5ObE5YYxAB,ChIJyXsuPeMlby4Roc1NPPAHmpc,Kopi Sawah Majalengka,Majalengka,Kuliner,4,"to be honest, suasana okay, makanannya juga okayy, thank you",2025-09-03T04:55:36.478Z,Sifa Fauziah,118406142447343076962,False,0,ms,2026-05-04T16:20:02.074063
Ci9DQUlRQUNvZENodHljRjlvT2xwQmMyMDROazlJYVROeU5YUktkR28xZDBKR1VsRRAB,ChIJyXsuPeMlby4Roc1NPPAHmpc,Kopi Sawah Majalengka,Majalengka,Kuliner,5,pokonya rekomendasi banget buat makan bersama keluarga👍🏻,2025-09-03T04:33:50.134Z,Kesin Nurmalihah,104226609627577594732,False,0,id,2026-05-04T16:20:02.074073
Ci9DQUlRQUNvZENodHljRjlvT2w4d1dEVkVSRTlDZGsxaVpqVTVObE41Y1dobWRIYxAB,ChIJyXsuPeMlby4Roc1NPPAHmpc,Kopi Sawah Majalengka,Majalengka,Kuliner,5,Keren tempat nya asik jangan lupa mampir ke sini kalo ada waktuuu,2025-09-03T04:29:08.596Z,Loveka Wandaa,101429989863160890957,False,0,id,2026-05-04T16:20:02.074098
Ci9DQUlRQUNvZENodHljRjlvT205eFkweE9ZMDA0UjFwYVQwbFROSEpmZFVKcFRuYxAB,ChIJyXsuPeMlby4Roc1NPPAHmpc,Kopi Sawah Majalengka,Majalengka,Kuliner,5,"Tempatnya nyaman dan adem, makanannya enak, rekomend sekali untuk acara keluarga👍",2025-09-03T04:04:57.388Z,Nur Adiyanti,111896623570992348223,False,0,id,2026-05-04T16:20:02.074109
Ci9DQUlRQUNvZENodHljRjlvT2s5c2QxSkljVVYyTkZOQmJVNXJVMlZwUm1kYU1HYxAB,ChIJyXsuPeMlby4Roc1NPPAHmpc,Kopi Sawah Majalengka,Majalengka,Kuliner,5,"Ada banyak macam nya makanya
Eh iya ada kopi shop juga enk bgt kopinya rekomendasi kopi susu gula aren",2025-09-03T04:01:37.709Z,Danil Ria,113824456959666741905,False,0,id,2026-05-04T16:20:02.074121
Ci9DQUlRQUNvZENodHljRjlvT2tkNU1IUk9jVXhYVEVWVVZEUk9Tak5aTlVweVoyYxAB,ChIJyXsuPeMlby4Roc1NPPAHmpc,Kopi Sawah Majalengka,Majalengka,Kuliner,5,"Makanan cocok di lidah enak pas, tempatnya nyaman dan sejuk",2025-09-03T04:01:20.532Z,ei akademi,115026097048151157188,False,0,id,2026-05-04T16:20:02.074130
Ci9DQUlRQUNvZENodHljRjlvT21wRWNVRjZOMFpTYVZGeVFYQnBjVEF6ZG5jM1RuYxAB,ChIJyXsuPeMlby4Roc1NPPAHmpc,Kopi Sawah Majalengka,Majalengka,Kuliner,5,"Tempat nya nyaman dan makanan nya enak""",2025-09-03T03:59:54.991Z,Citra Lestari,115367221471685338537,False,0,id,2026-05-04T16:20:02.074139
Ci9DQUlRQUNvZENodHljRjlvT21wWk9ERnNWMmMyV25BMVFtNVdjMk5mUlZocFRIYxAB,ChIJyXsuPeMlby4Roc1NPPAHmpc,Kopi Sawah Majalengka,Majalengka,Kuliner,5,"Makanannya mengingatkan kampung halaman, enak sedep, suasananya enak banget adem pas buat healing, karyawannya mungkin bisa di perbaiki",2025-09-03T03:59:04.630Z,Laundry Revolution,107516365252066713137,False,0,id,2026-05-04T16:20:02.074149
Ci9DQUlRQUNvZENodHljRjlvT2paelNtbFRaWGh6VG1KUFdVaGxjRUpmZUhWM2NIYxAB,ChIJyXsuPeMlby4Roc1NPPAHmpc,Kopi Sawah Majalengka,Majalengka,Kuliner,5,Tempatnya luas bgt...lebih lebih SOP nya mantappp,2025-09-03T03:56:51.881Z,riya riyong,109284787540736569206,False,0,id,2026-05-04T16:20:02.074158
Ci9DQUlRQUNvZENodHljRjlvT25GdlRFeHhPR0puWWxWTWMwNUdkbmh5UlZOSFpFRRAB,ChIJyXsuPeMlby4Roc1NPPAHmpc,Kopi Sawah Majalengka,Majalengka,Kuliner,5,"suasana adem bangt makanan juga enak buangettttt rekomended bagt lah , buat remaja ibu ibu cocok bgt",2025-09-03T03:48:21.423Z,CS Angkasa,103287552088671217158,False,0,id,2026-05-04T16:20:02.074166
ChZDSUhNMG9nS0VJQ0FnSUQ4aDctSlBREAE,ChIJyXsuPeMlby4Roc1NPPAHmpc,Kopi Sawah Majalengka,Majalengka,Kuliner,5,"Aku menunggu kita ada di satu meja, ditemani kopi dengan aroma yang berbeda, membicarakan mimpi, bercengkrama tentang rencana. Bisa kita mulai dengan cincin yang mungkin sudah waktunya ada di jari kita, agar cinta tak berhenti sebagai wacana.",2025-09-01T09:51:03.604Z,Asi Kurniasi,103143678874310128437,False,1,id,2026-05-04T16:20:02.074175
Ci9DQUlRQUNvZENodHljRjlvT25SNVlqWkljWGMwZWsxSFdXbFNaRVZUYjNWV1FtYxAB,ChIJyXsuPeMlby4Roc1NPPAHmpc,Kopi Sawah Majalengka,Majalengka,Kuliner,1,Tempatnya nyaman,2025-08-29T10:58:07.734Z,Cjumens Cucu,103881211834634563946,False,0,id,2026-05-04T16:20:02.074183
Ci9DQUlRQUNvZENodHljRjlvT20xUFZGbENiVFl5VWpWVVFWQndVbmRmWkVORWJVRRAB,ChIJi9Gh3fQvby4Rd307C4Y-p04,Sambal Jengkol Kisana,Majalengka,Kuliner,2,Pelayanan Baik tapi Hanya Pelayanan makanan Harus ditingkatkan sekali kurang cepat lamaa pisaan.,2026-01-20T06:59:05.613Z,Wegi Agustian,101809968294863530957,False,0,id,2026-05-04T16:20:02.074222
Ci9DQUlRQUNvZENodHljRjlvT25kbk4xVkxaekZxWTJOMU5YcFBSa3BFUTI1eVIxRRAB,ChIJi9Gh3fQvby4Rd307C4Y-p04,Sambal Jengkol Kisana,Majalengka,Kuliner,5,Mantap pokok nya,2026-01-10T05:52:01.183Z,Saligun 30,100598973333606688536,False,0,id,2026-05-04T16:20:02.074233
Ci9DQUlRQUNvZENodHljRjlvT2xwa2NFUlljSEpPUjJsclN6STVWbEpRVjFwaE0xRRAB,ChIJi9Gh3fQvby4Rd307C4Y-p04,Sambal Jengkol Kisana,Majalengka,Kuliner,5,Mantap pokok nya,2026-01-10T05:51:19.760Z,Irwan Gunawan,111802756056544874044,False,0,id,2026-05-04T16:20:02.074241
Ci9DQUlRQUNvZENodHljRjlvT205V1NsOTZkMU5FWlRobmFXTkNOVTFhWTB4YVJXYxAB,ChIJi9Gh3fQvby4Rd307C4Y-p04,Sambal Jengkol Kisana,Majalengka,Kuliner,5,Kalian wajib kesini sih makanan nya enak banget apalagi minum nya seger deh tempatnya luas👍🏻,2026-01-09T08:59:04.203Z,Cill Majalengka,101316504945945189508,False,0,id,2026-05-04T16:20:02.074250
Ci9DQUlRQUNvZENodHljRjlvT21KR1pGRXRNRFJ1VWtsTE1YSktTbE5pYjNaa1lsRRAB,ChIJi9Gh3fQvby4Rd307C4Y-p04,Sambal Jengkol Kisana,Majalengka,Kuliner,5,wah makanan Disni enak2 banget mantap banget deh pokoknya tempat parkir nya juga luas pelayanan nya good👍🏻,2026-01-09T08:57:56.913Z,PuputtAulia Sjja,110101925634266205506,False,0,id,2026-05-04T16:20:02.074259
Ci9DQUlRQUNvZENodHljRjlvT20xbFMzRmxkMlY0TnpOM01FNUxSM05GYUdjNU5sRRAB,ChIJi9Gh3fQvby4Rd307C4Y-p04,Sambal Jengkol Kisana,Majalengka,Kuliner,5,"makanan nya enak sekali,, tempatnya adem nyaman bersih",2026-01-09T06:02:43.258Z,Pratama Pian,118102835806656793247,False,0,id,2026-05-04T16:20:02.074268
Ci9DQUlRQUNvZENodHljRjlvT2w5V2EwbElWR2xMYmpoU1JscFFUVzFLUW1SbWVWRRAB,ChIJi9Gh3fQvby4Rd307C4Y-p04,Sambal Jengkol Kisana,Majalengka,Kuliner,5,"makanan nya enak sekali,, tempatnya adem nyaman bersih",2026-01-09T06:02:03.046Z,Ak Flash,108911039636486073245,False,0,id,2026-05-04T16:20:02.074276
Ci9DQUlRQUNvZENodHljRjlvT2tGcmNFWlJReTFtTjNORE1XeFBhbVE0Tm5OcVRVRRAB,ChIJi9Gh3fQvby4Rd307C4Y-p04,Sambal Jengkol Kisana,Majalengka,Kuliner,5,makanan nya sangat enak,2026-01-09T04:58:46.387Z,tsabitasalsadila salsadila,116455505645966993723,False,0,id,2026-05-04T16:20:02.074292
Ci9DQUlRQUNvZENodHljRjlvT2tWUVF6ZEVSRlE0YUVOd1gydGlTV2RwWW5SbVkyYxAB,ChIJi9Gh3fQvby4Rd307C4Y-p04,Sambal Jengkol Kisana,Majalengka,Kuliner,5,Tempatnya nyaman makanan nya enak,2026-01-09T03:10:39.595Z,Ratnasih Risa chinthia,112704613316409254172,False,0,id,2026-05-04T16:20:02.074301
Ci9DQUlRQUNvZENodHljRjlvT2tzeWFsOWpXSFpHUVhKSkxXZGFkMmR2YjFKUFRXYxAB,ChIJi9Gh3fQvby4Rd307C4Y-p04,Sambal Jengkol Kisana,Majalengka,Kuliner,5,makanan nya enak,2026-01-09T01:37:30.523Z,Oka Amrizal,105400258152553626665,False,0,id,2026-05-04T16:20:02.074310
Ci9DQUlRQUNvZENodHljRjlvT2s0M05XcERlREl4YVZnMVpVMHdkSEJ6UkhaeFdHYxAB,ChIJi9Gh3fQvby4Rd307C4Y-p04,Sambal Jengkol Kisana,Majalengka,Kuliner,5,makanan nya enak,2026-01-09T01:34:12.471Z,oka amrizal,105170104372722141558,False,0,id,2026-05-04T16:20:02.074319
Ci9DQUlRQUNvZENodHljRjlvT2xFMVJVbEpSak4xVGpWSVdFTk1jMFZNZWtFd05GRRAB,ChIJi9Gh3fQvby4Rd307C4Y-p04,Sambal Jengkol Kisana,Majalengka,Kuliner,5,sambal jengkol nya enak tempat nya juga ga kalah keren,2026-01-08T15:05:34.436Z,Andris Riansah,112412708580039206609,False,0,id,2026-05-04T16:20:02.074330
Ci9DQUlRQUNvZENodHljRjlvT2xCSFRWWlBkVTR3TFZWVE1YQnJUV2RxY1ZoTGVFRRAB,ChIJi9Gh3fQvby4Rd307C4Y-p04,Sambal Jengkol Kisana,Majalengka,Kuliner,5,"tempatnya bagus,makanannya enak,dan pelayanannya baik.harus di coba!",2026-01-05T11:22:47.816Z,Cid D Zirxx`,103898459553351486598,False,0,id,2026-05-04T16:20:02.074346
Ci9DQUlRQUNvZENodHljRjlvT2xKWVFYTnVjemRLYzB0eWNHVXhUV050YUdsRWRYYxAB,ChIJR3MH6kUvby4R602uueN0hMk,RUMAH MAKAN TIGA DARA,Majalengka,Kuliner,5,Penampilan baru nya keren,2026-02-10T09:32:07.353Z,fay1717 syahdiani,104869942628076542822,False,0,id,2026-05-04T16:20:02.074372
ChZDSUhNMG9nS0VJQ0FnSUN2bVlTRVR3EAE,ChIJR3MH6kUvby4R602uueN0hMk,RUMAH MAKAN TIGA DARA,Majalengka,Kuliner,4,"Numpang meeting aja disini. Sementara makannya malah ditempat yg lg viral. Hihihi...
Karena cuma peserta, ya ngikut aja lah gimana panitia yg ngatur. Ruangannya, ya lumayan untuk meeting cukup kondusif, meskipun pinggir jalan. Parkiran jg ckup luas di bag dalam..",2024-12-12T14:55:45.790Z,Kang Aang,106333824122228494390,True,0,id,2026-05-04T16:20:02.074396
ChZDSUhNMG9nS0VJQ0FnSUNQdHJXaEdREAE,ChIJR3MH6kUvby4R602uueN0hMk,RUMAH MAKAN TIGA DARA,Majalengka,Kuliner,1,Perlakuan salah satu karyawannnya buruk! Komplen ke manager nya malah di bela!,2024-11-24T07:06:52.701Z,Anna Maryana,105644119112527244191,False,0,id,2026-05-04T16:20:02.074408
ChZDSUhNMG9nS0VJQ0FnSUNqaU1HaUZREAE,ChIJR3MH6kUvby4R602uueN0hMk,RUMAH MAKAN TIGA DARA,Majalengka,Kuliner,3,"Pelayanan cukup lama yaa terus tempatnya panas, jd makan berkeringat juga, ACnya harus diganti sih krn kelihatan sudah barang lama.",2024-04-17T06:35:07.149Z,Winda Pitha,105249801802880916760,True,0,id,2026-05-04T16:20:02.074430
ChdDSUhNMG9nS0VJQ0FnSUM5OVpINWxBRRAB,ChIJR3MH6kUvby4R602uueN0hMk,RUMAH MAKAN TIGA DARA,Majalengka,Kuliner,5,"Cuci mobil sambil ngopi, bisa juga sambil makan, zupa soup nya enak",2024-03-08T04:05:56.885Z,Asep Bedog,116331269944716391221,True,0,id,2026-05-04T16:20:02.074445
ChZDSUhNMG9nS0VJQ0FnSUNoa19hZFd3EAE,ChIJR3MH6kUvby4R602uueN0hMk,RUMAH MAKAN TIGA DARA,Majalengka,Kuliner,5,"Makanannya enak tempatnya bagus adem....karyawannya ramah
Ini photo diambil pas acara family gathring ya....",2023-02-21T10:55:19.857Z,Ulfah Sari,106145310272863876362,True,0,id,2026-05-04T16:20:02.074505
Ci9DQUlRQUNvZENodHljRjlvT2twNFJGbElOelpMWlVKS1VUaHViMjVhVDJkU1JFRRAB,ChIJi9Gh3fQvby4Rd307C4Y-p04,Sambal Jengkol Kisana,Majalengka,Kuliner,5,menu nya enak’ & rasanya juara🥇🤤,2026-01-05T04:49:09.616Z,Hana Nurhikmah,116248299644045873648,False,0,id,2026-05-04T16:20:02.074536
Ci9DQUlRQUNvZENodHljRjlvT25sck5IcDZVbVI2U1RaclYxTkVTek5LY2xOQ2IwRRAB,ChIJi9Gh3fQvby4Rd307C4Y-p04,Sambal Jengkol Kisana,Majalengka,Kuliner,5,Makanannya enak banget pakonya rekomen banget untuk kumpul bareng keluarga dan teman,2026-01-05T04:33:58.603Z,Nuryana 10rplb,112384059441653915672,False,0,id,2026-05-04T16:20:02.074546
Ci9DQUlRQUNvZENodHljRjlvT21kcmExQndiMkkwTFVoQ1JWWkpRM0ZEVFdWWlptYxAB,ChIJi9Gh3fQvby4Rd307C4Y-p04,Sambal Jengkol Kisana,Majalengka,Kuliner,5,Pelayanan nya bagus,2026-01-05T04:33:56.038Z,Gozzwn Ggmaenff,104094709701938977884,False,0,id,2026-05-04T16:20:02.074556
ChdDSUhNMG9nS0VJQ0FnSURGMW9XRXlBRRAB,ChIJi9Gh3fQvby4Rd307C4Y-p04,Sambal Jengkol Kisana,Majalengka,Kuliner,5,"Pernah berkunjung sekaligus hunting tempat makan, salah satunya disini. Suasananya adem, sejuk karena posisinya berada di alam bebas. Ditambah bisa menikmati sekaligus memetik buah anggur hijau.
Dari menu makanannya cocok banget buat saya pecinta sambel terutama jengkol gorengnya, harganya juga sangat terjangkau ga menguras dompet. Juga tempat ini cocok untuk sekedar nongkrong bareng teman2, apalagi sama keluarga sembari menikmati waktu santai. Pelayanannya juga memuaskan, pokoknya recomended lah tempatnya 👍👍👍",2026-01-05T04:32:21.096Z,Fuji Kris,103897914627918644322,True,0,id,2026-05-04T16:20:02.074565
Ci9DQUlRQUNvZENodHljRjlvT21sR1dUQnJWRWR4UVVsWVluTmZWWFphWW1aNVUzYxAB,ChIJi9Gh3fQvby4Rd307C4Y-p04,Sambal Jengkol Kisana,Majalengka,Kuliner,5,Makanannya enak,2026-01-05T04:30:36.824Z,TAFZZSTORE3`,113692386191516124849,False,0,id,2026-05-04T16:20:02.074573
Ci9DQUlRQUNvZENodHljRjlvT2xKVGVFbHphVVJ0UlhkV1UwTktjMjFKYzBsNmNWRRAB,ChIJi9Gh3fQvby4Rd307C4Y-p04,Sambal Jengkol Kisana,Majalengka,Kuliner,5,MANTAPPP SII🤩🤩🤩,2026-01-05T04:30:19.564Z,Aqila Juniver,111635490674923016245,False,0,id,2026-05-04T16:20:02.074581
Ci9DQUlRQUNvZENodHljRjlvT21GRlpYaEplSGh4Tmtsd05HTTVZMWMzT0ZwalpGRRAB,ChIJi9Gh3fQvby4Rd307C4Y-p04,Sambal Jengkol Kisana,Majalengka,Kuliner,5,makanannya enak,2026-01-05T04:27:04.377Z,sienta aprilia,109770682624291866166,False,0,id,2026-05-04T16:20:02.074591
Ci9DQUlRQUNvZENodHljRjlvT2xaWVlqSlJVbUkwTnpOVlNFYzFYMGhOYkdsTlptYxAB,ChIJi9Gh3fQvby4Rd307C4Y-p04,Sambal Jengkol Kisana,Majalengka,Kuliner,5,Pelayanan ramah komplit,2026-01-05T04:24:26.233Z,Muhadi,101158971076419252893,False,0,id,2026-05-04T16:20:02.074614
Ci9DQUlRQUNvZENodHljRjlvT2kxeFgwd3dRbUZmWDJkUWJVTjJORmsxV25kQk9IYxAB,ChIJi9Gh3fQvby4Rd307C4Y-p04,Sambal Jengkol Kisana,Majalengka,Kuliner,5,"suasana nya nyaman, Makanannya enak enak,mantap👍",2026-01-05T04:03:40.776Z,Ayo Jehan,113148191595252802797,False,0,id,2026-05-04T16:20:02.074622
Ci9DQUlRQUNvZENodHljRjlvT2s5S1kyMWlXWHBMVWtsTU1UbHdVR0kxWkRkNE1tYxAB,ChIJi9Gh3fQvby4Rd307C4Y-p04,Sambal Jengkol Kisana,Majalengka,Kuliner,5,Mantap bangeettt,2026-01-04T17:06:38.323Z,Fazar,112156076096912915880,False,0,id,2026-05-04T16:20:02.074631
Ci9DQUlRQUNvZENodHljRjlvT2xsS1ozbEVTRmRUYjJKNldFSnZkbEp3Tm5KbWJHYxAB,ChIJi9Gh3fQvby4Rd307C4Y-p04,Sambal Jengkol Kisana,Majalengka,Kuliner,5,Tempatnya nyaman dan juga makanan minumannya juga sangat enak,2026-01-03T14:04:01.287Z,Nabila Putri,102598786760904640741,False,0,id,2026-05-04T16:20:02.074639
Ci9DQUlRQUNvZENodHljRjlvT2pnMGFtcFVZMDlMWDJ4V1ptaFhSMkZxTUZwelIzYxAB,ChIJi9Gh3fQvby4Rd307C4Y-p04,Sambal Jengkol Kisana,Majalengka,Kuliner,5,Makanannya enk banget tempat nya nyaman,2026-01-03T06:12:37.114Z,Riski Ravael,103410591065303210090,False,0,id,2026-05-04T16:20:02.074657
Ci9DQUlRQUNvZENodHljRjlvT2tsd1kwdHZMV1J4Vm1GeU1WWnFiR2hSUVVweVdtYxAB,ChIJi9Gh3fQvby4Rd307C4Y-p04,Sambal Jengkol Kisana,Majalengka,Kuliner,5,Makanannya enak tempatnya nyaman,2026-01-03T06:12:27.232Z,Nana Herna,115376754796186036318,False,0,id,2026-05-04T16:20:02.074666
Ci9DQUlRQUNvZENodHljRjlvT25OR2IwbDNlV2hCU1VsZllXNXZlbXR3Y0V4eFRuYxAB,ChIJi9Gh3fQvby4Rd307C4Y-p04,Sambal Jengkol Kisana,Majalengka,Kuliner,5,"tempatnya enak banget, makananya juga enak",2026-01-03T06:12:04.971Z,Endah Aulia91,109257064173512784878,False,0,id,2026-05-04T16:20:02.074675
Ci9DQUlRQUNvZENodHljRjlvT25kMmJteGxkMWhqWlVoTWMxRkRSRTAyUkV0MFYzYxAB,ChIJi9Gh3fQvby4Rd307C4Y-p04,Sambal Jengkol Kisana,Majalengka,Kuliner,5,Makanannya enak tempatnya nyaman,2026-01-03T06:11:46.444Z,R Mahesya,114185642042007139609,False,0,id,2026-05-04T16:20:02.074684
Ci9DQUlRQUNvZENodHljRjlvT21VMFprRkVVMFZQYkVZMmRXbEtVbkZOY0ZnMVYyYxAB,ChIJi9Gh3fQvby4Rd307C4Y-p04,Sambal Jengkol Kisana,Majalengka,Kuliner,5,Makanannya enak tempatnya nyaman,2026-01-03T06:11:25.425Z,Mahesya Putra,107269548075961477603,False,0,id,2026-05-04T16:20:02.074692
Ci9DQUlRQUNvZENodHljRjlvT205MlprSjJkMWRVZG5oalRFeHRURFJqUTFGeVdHYxAB,ChIJi9Gh3fQvby4Rd307C4Y-p04,Sambal Jengkol Kisana,Majalengka,Kuliner,5,makananya enak 👍,2026-01-03T06:10:43.573Z,Endah aulia Agus tina,114269463487313274095,False,0,id,2026-05-04T16:20:02.074701
Ci9DQUlRQUNvZENodHljRjlvT2tkdFNUTTVTemRhUlVZMWNubFpkUzFEWkhoQldtYxAB,ChIJJcANwiElby4RKjGXFpwi9t8,Nasi timbel mista,Majalengka,Kuliner,5,Makanan enak cocok buat mudik singgah,2026-03-26T04:41:46.836Z,rizki agustiana,116426613544270450341,False,0,id,2026-05-04T16:20:02.074725
Ci9DQUlRQUNvZENodHljRjlvT2t0TmR6RmtVa3RLTjFweVZXVTRWRkZTZWtZMlluYxAB,ChIJJcANwiElby4RKjGXFpwi9t8,Nasi timbel mista,Majalengka,Kuliner,3,Saya pesen tanpa ayam malah di kasih ayam,2025-10-18T17:01:20.931Z,Andre Ardiyanto,102601040655276591797,False,0,id,2026-05-04T16:20:02.074771
ChdDSUhNMG9nS0VJQ0FnSUNmcnFHb3BBRRAB,ChIJJcANwiElby4RKjGXFpwi9t8,Nasi timbel mista,Majalengka,Kuliner,5,"Makan enak, tempat bersih, harga murah, makan ber 5 cuma 78rb🫢",2024-12-29T06:09:19.087Z,Bitha Huraya,108264059399500252536,True,0,id,2026-05-04T16:20:02.074794
ChZDSUhNMG9nS0VJQ0FnSURSOHZPOWFBEAE,ChIJJcANwiElby4RKjGXFpwi9t8,Nasi timbel mista,Majalengka,Kuliner,5,"Makanan enak, menu ayam komplit , harga sangat terjangkau",2024-12-24T02:07:31.488Z,Dede Abu Wizdan,105143159535719973326,True,1,id,2026-05-04T16:20:02.074807
ChZDSUhNMG9nS0VJQ0FnSUN2Z3ZmbENnEAE,ChIJJcANwiElby4RKjGXFpwi9t8,Nasi timbel mista,Majalengka,Kuliner,5,Ayam bakar Majalengka dengan kekhasannya,2024-12-09T06:54:44.385Z,Deny Satria,112521144502744938830,True,0,id,2026-05-04T16:20:02.074821
ChZDSUhNMG9nS0VJQ0FnSURIeHVPX1pBEAE,ChIJJcANwiElby4RKjGXFpwi9t8,Nasi timbel mista,Majalengka,Kuliner,5,Murah banget enak juga,2024-09-15T09:49:41.670Z,ina kegy damayanti,102450250283902062227,True,0,id,2026-05-04T16:20:02.074859
ChdDSUhNMG9nS0VJQ0FnSUQ3elBqM2l3RRAB,ChIJJcANwiElby4RKjGXFpwi9t8,Nasi timbel mista,Majalengka,Kuliner,5,"Disaat saya butuh nasi box dadakan yg cepat, nasi timbel mista adalah solusi kami. Hanya 45 menit menyiapkan nasi box sebanyak 50 pcs. Bukan hanya itu rasanya pun mantaaap njiiir... Harga sangat² murah. Kedepannya saya akan memesan lagi, habis enak sih... Makasih ya teh telah menjadi solusi bagian konsumsi kami.",2024-08-22T01:23:28.745Z,Iman Santoso,112201169364599570429,True,0,id,2026-05-04T16:20:02.074873
Ci9DQUlRQUNvZENodHljRjlvT2pSV1JFeEZZMmhLTlV4WVIzaEZRVlphWHpGclIzYxAB,ChIJbbBvE_Ylby4Rq93bcepcQSE,Rm. Nu Nera,Majalengka,Kuliner,5,"Makan udang asam manisnya enak udang segar, tempe mendoan enak beud, karedok enak dan sambal tahu mantab semua 👍",2026-04-03T04:37:18.187Z,Gusriyal AS,105430632100166769012,True,0,id,2026-05-04T16:20:02.074910
ChdDSUhNMG9nS0VJQ0FnSUNBcUxDb3BnRRAB,ChIJbbBvE_Ylby4Rq93bcepcQSE,Rm. Nu Nera,Majalengka,Kuliner,5,"RM keluarga berkumpul 2th sekali, alhamdulillah bisa silaturahmi walaupun ada beberapa yg tdk bisa hadir, Taqaballahu minna wa minkum, taqabal ya Kariim 🥰🥰🥰",2026-03-29T07:25:20.515Z,Lilis Supriati,106161233745804897323,True,1,id,2026-05-04T16:20:02.074925
Ci9DQUlRQUNvZENodHljRjlvT2tFNWRsSkVMV3Q1ZUhaSFZuSkRTR3R2VVhZMFoyYxAB,ChIJbbBvE_Ylby4Rq93bcepcQSE,Rm. Nu Nera,Majalengka,Kuliner,5,"seru buat acara keluarga atau sm temen2, makanan nya mantap, tempat nya jg adem pkknya rekomen bgt buat ramean🥰",2026-01-16T07:51:46.351Z,der,112713858971631853994,False,0,id,2026-05-04T16:20:02.074941
Ci9DQUlRQUNvZENodHljRjlvT21rMFpURnJUMUl6VjB0VmNEZHZTa3BFWVhKbVRHYxAB,ChIJbbBvE_Ylby4Rq93bcepcQSE,Rm. Nu Nera,Majalengka,Kuliner,5,"Suasananya adem nyaman, semua menu yg dipesan enak, cocok untuk kumpul kluarga dan kids friendly
Mushola nya jg bersih
Recommend banget deh 👍🏻👍🏻",2025-06-15T14:39:39.373Z,Sri Rahayu,106373366920451185539,False,1,id,2026-05-04T16:20:02.074994
ChdDSUhNMG9nS0VKR0EycFdtcmVyQ29nRRAB,ChIJbbBvE_Ylby4Rq93bcepcQSE,Rm. Nu Nera,Majalengka,Kuliner,4,"Tempatnya cukup oke buat kumpul sama temen, cuman dari segi makanan masih perlu ditambah citarasanya",2025-05-06T07:21:22.867Z,yunan morfosis,111341642439313578329,True,1,id,2026-05-04T16:20:02.075005
ChZDSUhNMG9nS0VJQ0FnTUNveGJ2TUVREAE,ChIJbbBvE_Ylby4Rq93bcepcQSE,Rm. Nu Nera,Majalengka,Kuliner,4,"Tidak sengaja ketemu hidden gem kota Majalengka ini saat kita sdh kelaparan cari resto yg buka di hari ke-2 Idul Fitri. Parkir lega dgn saung2 pinggir kolam yg teduh bikin hilang penat nyupir 6 jam krn macet mudik lebaran. Makanannya semua enak, sayur asem & sambalnya on-point. Service agak lama, 30 menit br keluar piring2 & teh tawar, lalu 15 menit kemudian tiba di meja, total 45 minutes waiting time. Tapi mungkin ini krn masih libur lebaran.. Anyway, pasti akan balik lagi tahun depan insya Allah.. 2 jempol !!",2025-04-18T17:12:44.014Z,Indriansyah Febrialdy,111982402343904711759,True,1,id,2026-05-04T16:20:02.075019
ChZDSUhNMG9nS0VJQ0FnTURJd0lud1ZnEAE,ChIJbbBvE_Ylby4Rq93bcepcQSE,Rm. Nu Nera,Majalengka,Kuliner,5,"Luas tempat parkirnya...ada mushola, sayang kamar mandinya terpisah jauh dari gedung...tapi semuanya buat nyaman dan acara gathering dengan keluarga besar bisa berjalan lancar...tertib...dan meriah...🥰🥰",2025-04-06T03:34:37.843Z,Teti Widawati,109849638588018453196,True,1,id,2026-05-04T16:20:02.075028
ChdDSUhNMG9nS0VJQ0FnTUNJLVpyOXpnRRAB,ChIJbbBvE_Ylby4Rq93bcepcQSE,Rm. Nu Nera,Majalengka,Kuliner,5,parkirannya luas,2025-04-03T10:25:41.677Z,20_070 Rista Amelia Romdayanti,118295199618779362394,True,0,id,2026-05-04T16:20:02.075045
ChZDSUhNMG9nS0VJQ0FnSURRak8zZklBEAE,ChIJbbBvE_Ylby4Rq93bcepcQSE,Rm. Nu Nera,Majalengka,Kuliner,5,"Makanan enak, terutama sop buntut. Tersedia juga aula untuk acara grup",2025-04-01T08:44:04.848Z,Donny A. Hudiansyah,110966007710196509135,True,1,id,2026-05-04T16:20:02.075063
Ci9DQUlRQUNvZENodHljRjlvT2pCRGVUbFBkVE5TZVRGWWJHcFRSR2hyVnpFd1VHYxAB,ChIJcTkAyvolby4RdzUIIN2NZbA,RM. Heroy Cigasong,Majalengka,Kuliner,1,"Sebagai bentuk teguran dan pelajaran bagi kalian ,saya akan ratting disini ,tepat 19 APRIL 2026 (pukul 5 sore) pesanan saya & sekeluarga lebih tepatnya pada SOP IGA didapati ada TELUR LALAT/Belatung dan tidak sedikit adanya,dan tepat dikeesokan hari nya istri saya masuk klinik dengan keluhan MUNTABER !‼️‼️‼️‼️",2026-04-20T04:25:00.939Z,Ahmad Sugiono,108076186431357429592,False,0,id,2026-05-04T16:20:02.075122
Ci9DQUlRQUNvZENodHljRjlvT2w5cFQzcFdTakpaZFRKUVR6RXRWRlppZFdkVk1uYxAB,ChIJcTkAyvolby4RdzUIIN2NZbA,RM. Heroy Cigasong,Majalengka,Kuliner,3,"Sambalnya kecut,
Sama sayur nangka jga mendekati rada basi... Pelayanan sih biasa aja...",2025-07-05T07:50:02.790Z,Nakidin,100612843436925388170,True,0,id,2026-05-04T16:20:02.075138
ChZDSUhNMG9nS0VJQ0FnTURnLTRuLVVnEAE,ChIJcTkAyvolby4RdzUIIN2NZbA,RM. Heroy Cigasong,Majalengka,Kuliner,5,"Makanan enak...
Rasa cucok di lidah...
Harga puasss....",2025-02-27T21:42:22.639Z,Hernu Sulistyo,117385234032971341626,True,0,id,2026-05-04T16:20:02.075147
ChZDSUhNMG9nS0VJQ0FnSUNfa3FtU2VREAE,ChIJcTkAyvolby4RdzUIIN2NZbA,RM. Heroy Cigasong,Majalengka,Kuliner,5,"nyaman,bersih,parkiran luas.",2025-01-14T14:11:56.856Z,Maman surahman,106227536193560136666,True,0,id,2026-05-04T16:20:02.075164
ChZDSUhNMG9nS0VJQ0FnSUNfMU5qN1JnEAE,ChIJcTkAyvolby4RdzUIIN2NZbA,RM. Heroy Cigasong,Majalengka,Kuliner,4,"Makanan nya enak, tapi agak hareudang aja 🤭 ada kipas tapi sayang hanya pajangan saja 🤭",2025-01-13T06:19:52.011Z,Azri Tiara,107564439180434442189,True,0,id,2026-05-04T16:20:02.075172
ChZDSUhNMG9nS0VJQ0FnSUNiM29EbVNBEAE,ChIJcTkAyvolby4RdzUIIN2NZbA,RM. Heroy Cigasong,Majalengka,Kuliner,4,"Makananya enak, suasana nyaman. RM ini juga berfungsi sebagai caffe yg menyajikan kopi. Setiap ke mjlk dan lapar pasti RM ini yg  jd pilihan.",2024-07-27T13:14:41.943Z,Arie Gondrong,117081729414599073398,True,0,id,2026-05-04T16:20:02.075215
ChdDSUhNMG9nS0VJQ0FnSUNid05EWXVnRRAB,ChIJcTkAyvolby4RdzUIIN2NZbA,RM. Heroy Cigasong,Majalengka,Kuliner,5,"Menunya banyak Pilihan, Enak dan harga masih terjangkau",2024-07-22T01:46:07.489Z,OMA SOMANTRI,116927381278872615209,True,0,id,2026-05-04T16:20:02.075223
ChdDSUhNMG9nS0VJQ0FnSUREa3VLTTRnRRAB,ChIJcTkAyvolby4RdzUIIN2NZbA,RM. Heroy Cigasong,Majalengka,Kuliner,5,"Menunya bervariasi, tidak sesuai rasa dengan harga, contohnya sayur tumisnya per porsi 10 ribu tetapi utk rasanya tidak sebanding dengan harganya
Ayam bakarnya pun hanya terkesan dibakar saja tanpa ada rasa apa².
Kebetulan saya beli utk buka puasa.",2024-04-07T12:26:34.367Z,Ida Farida,115354675676998678408,False,1,id,2026-05-04T16:20:02.075252
ChdDSUhNMG9nS0VJQ0FnSUNkN0tyMjlRRRAB,ChIJcTkAyvolby4RdzUIIN2NZbA,RM. Heroy Cigasong,Majalengka,Kuliner,4,Rm heroy cigasong,2024-02-13T13:47:29.015Z,Cecep Ramdani,107895870662018316003,True,0,id,2026-05-04T16:20:02.075260
Ci9DQUlRQUNvZENodHljRjlvT21Sc1MweG9RMGxhUWt4dE1UWlhiVjlJV0RKYVJsRRAB,ChIJ60dcWirZbi4Rqwp-RjFEkiU,SukaMie,Majalengka,Kuliner,1,dimsum nya basi,2025-12-17T09:36:03.056Z,tata sudarta,110174476744532031332,False,0,id,2026-05-04T16:20:02.075293
Ci9DQUlRQUNvZENodHljRjlvT25ZME1ucDBjMEZETUdWRWF6SXdNbEZpWjBwcU1YYxAB,ChIJ60dcWirZbi4Rqwp-RjFEkiU,SukaMie,Majalengka,Kuliner,4,"makanannya lumayan enak, tapi tempat panas sempit, dan gaada toilet.",2025-11-21T10:44:24.541Z,Rindi Maylani,111918250818734956594,False,0,id,2026-05-04T16:20:02.075302
Ci9DQUlRQUNvZENodHljRjlvT25SbFdWODRSeTFtYUdGb2NWaDFjMUpRY0RNeWJFRRAB,ChIJ60dcWirZbi4Rqwp-RjFEkiU,SukaMie,Majalengka,Kuliner,5,"miee yaminn favoritt akuu bangett, rasa nya gurih buat di majalengka agak susah nyari yamin enak, harganyaa murah uda dpt baso sama pangsitt, rekomen bangett, tapi minus nya tempatnya sempit",2025-09-12T15:11:33.727Z,Uvutvwevwe,114882989276882788502,True,0,id,2026-05-04T16:20:02.075333
Ci9DQUlRQUNvZENodHljRjlvT25oM1RHTlBaalYyTFdjNGMwNVNibkF0UzBSRlozYxAB,ChIJ60dcWirZbi4Rqwp-RjFEkiU,SukaMie,Majalengka,Kuliner,1,"Kapok banget, pesen 1 mie yamin dan 1 porsi dimsum aja lama banget sejam. Padahal ga ada antrian, ga rame juga",2025-08-08T07:41:47.154Z,Anggi Dwi,107441223359733128552,False,0,id,2026-05-04T16:20:02.075349
Ci9DQUlRQUNvZENodHljRjlvT2xoMVpFWjJlbXgwYVdKdWNEZHZUeTFuT1dJeFYxRRAB,ChIJ60dcWirZbi4Rqwp-RjFEkiU,SukaMie,Majalengka,Kuliner,5,Dekat rumah dan rasanya paling pas disebut sebagai ramen.,2025-08-07T06:14:51.405Z,Amri Saeful,115373455068247975723,True,0,id,2026-05-04T16:20:02.075358
Ci9DQUlRQUNvZENodHljRjlvT2tRd1JrOUxiVlZtZEhKMlFsaE1Na05uY0VkbFpXYxAB,ChIJ60dcWirZbi4Rqwp-RjFEkiU,SukaMie,Majalengka,Kuliner,5,Kuahnya berasa banget gurih dari wijennya👍,2025-07-20T15:45:38.137Z,Rian Jamhariani,100643669018237939080,True,0,id,2026-05-04T16:20:02.075369
ChZDSUhNMG9nS0VMZVotb0tlZzUteVZ3EAE,ChIJ60dcWirZbi4Rqwp-RjFEkiU,SukaMie,Majalengka,Kuliner,5,"Mie nya enak banget, rasanya gurih menyatu pokoke top markotop....",2025-05-21T13:49:31.080Z,Moh Aripin Aripin,110328815766449567924,False,0,id,2026-05-04T16:20:02.075398
ChZDSUhNMG9nS0VJQ0FnTURJcmVUUUF3EAE,ChIJ60dcWirZbi4Rqwp-RjFEkiU,SukaMie,Majalengka,Kuliner,5,Mantap.. Langganan,2025-04-12T05:10:25.369Z,Andy Setiawan,104485180925052496612,True,0,id,2026-05-04T16:20:02.075413
ChZDSUhNMG9nS0VJQ0FnSUNfNjdfallBEAE,ChIJ60dcWirZbi4Rqwp-RjFEkiU,SukaMie,Majalengka,Kuliner,5,Enakk bangett gk pernah bosen makan ramen disiniii🥹💕,2025-01-19T04:50:44.454Z,Nabila Delia,114869891846131158438,False,0,id,2026-05-04T16:20:02.075429
Ci9DQUlRQUNvZENodHljRjlvT21GVFkwUkhWekV4VmtWcmFGcFNRWHBuVHpsc1ZWRRAB,ChIJeakoEAAvby4RhO4WBvwkXbg,Makan di Mambo,Majalengka,Kuliner,5,"MAKANAN NYA PORSI WAREG BGT, affordable jugaaa, tempat nyaa beneran nostalgia, berasa di rumah nenek, outdoor nya adem, bawah pohon gitu🌳🌿, makanan nya enak 😋😵‍💫

Rada gerah dikit, tapi lama kelamaan ngga kerasa kok, sedikit lama nunggu makanan nya, SI AA NYA KEKNYA LAGI NOBAR PERSIB",2026-04-24T15:25:56.206Z,Anisa Febriyanti,103303584662478485078,True,0,id,2026-05-04T16:20:02.075475
Ci9DQUlRQUNvZENodHljRjlvT2psS1RVUllTbWRNZWpkZlZWRm1WbVJJYjJFMVpGRRAB,ChIJeakoEAAvby4RhO4WBvwkXbg,Makan di Mambo,Majalengka,Kuliner,5,"lucuu bisa di cetak fotonyaa⭐️✊🏻, makan terkenyang dan murah ✨",2026-04-23T13:06:40.508Z,Prichie Salsabilla,105866097527297833862,False,0,id,2026-05-04T16:20:02.075486
Ci9DQUlRQUNvZENodHljRjlvT2tGNFZtaFVaMDV2TUdzMU9URlZlSGxIZFVKUWJYYxAB,ChIJeakoEAAvby4RhO4WBvwkXbg,Makan di Mambo,Majalengka,Kuliner,5,Ayamnya empuk dan enak 👍,2026-04-05T06:15:51.628Z,Moh Rifan Kurniawan,106837868835441060323,False,0,id,2026-05-04T16:20:02.075502
Ci9DQUlRQUNvZENodHljRjlvT21KUGVHaG5WblJsZEdoQ2VrVmlXVVJyWTAxS1ZYYxAB,ChIJeakoEAAvby4RhO4WBvwkXbg,Makan di Mambo,Majalengka,Kuliner,5,"Gak nyangka nemu hidden gem di Pasar Mambo yang se-homey ini! Konsepnya jadul/vintage, berasa makan di rumah sendiri. Porsinya besar, makanan rumahan yang bumbunya pas, dan yang paling juara harganya murah banget—cocok buat kantong pelajar atau pekerja. Fasilitasnya juga top: parkiran luas (aman buat mobil/motor) dan kid-friendly karena sedia kursi bayi. Pelayanan gercep dan ramah. Highly recommended buat makan siang kenyang tapi hemat!",2026-03-27T07:14:59.268Z,Victor Reynaldi,103410415045803398451,False,0,id,2026-05-04T16:20:02.075510
Ci9DQUlRQUNvZENodHljRjlvT2s1NmExa3lkamgzV2sxd2J6bDNaMmhpWjFCalNtYxAB,ChIJeakoEAAvby4RhO4WBvwkXbg,Makan di Mambo,Majalengka,Kuliner,5,Roti bakar nya terbaiiik enak bgt. Teh nya segede gaban worth bgt😍,2026-03-12T11:43:53.136Z,Dea Syahidatul Maulidiyyah,102169641311919023619,False,0,id,2026-05-04T16:20:02.075518
Ci9DQUlRQUNvZENodHljRjlvT2t0RE5tVmtiakJJVm01WmVHNWxNM1owYVVjd1VWRRAB,ChIJeakoEAAvby4RhO4WBvwkXbg,Makan di Mambo,Majalengka,Kuliner,5,"Ayamnya gede2 roti bakarnya juara
Overall 10/10 siih",2026-03-12T11:41:05.734Z,Majalengka Laundry,116694557986090453673,False,0,id,2026-05-04T16:20:02.075529
Ci9DQUlRQUNvZENodHljRjlvT2xkMVEyNXBUbmxxV0Zob2RYcHhaMjl0TVVwQmRWRRAB,ChIJeakoEAAvby4RhO4WBvwkXbg,Makan di Mambo,Majalengka,Kuliner,5,"Shock banget sama harganya, ayam nya gede2, enak. .. Tp murah. Owner nya jg ramah",2026-03-06T10:42:57.226Z,Zidan Zidan,101217965111652071801,True,0,id,2026-05-04T16:20:02.075553
Ci9DQUlRQUNvZENodHljRjlvT2pSWlJtbEdWMEV0WVVWS2VYQjRSMm8zTkdkUFVGRRAB,ChIJeakoEAAvby4RhO4WBvwkXbg,Makan di Mambo,Majalengka,Kuliner,5,"Enak bangetttt asli!!! Ambience restonya oke, pelayanan baik, kualitas bahan dan rasa juga TOP!!! Wajib mampir kalau ke Majalengka lagi. Mudahan menunya makin banyaaak💯",2026-02-28T13:17:11.722Z,Niken Nadya,115824063656501545811,True,0,id,2026-05-04T16:20:02.075562
Ci9DQUlRQUNvZENodHljRjlvT21KUU5FaFBhRVpOVVVSdGNDMTFNRlZuV2pGMlRVRRAB,ChIJeakoEAAvby4RhO4WBvwkXbg,Makan di Mambo,Majalengka,Kuliner,5,Wajib makan di mambo pas bngt buat buka puasa menunya 🫰,2026-02-27T02:05:02.326Z,Mela Nurhasanah,105891642228249460761,False,0,id,2026-05-04T16:20:02.075570
Ci9DQUlRQUNvZENodHljRjlvT2sxSWMzVTJkSGxsYmtGRVFtNUJjSEp1WHpZeU5XYxAB,ChIJeakoEAAvby4RhO4WBvwkXbg,Makan di Mambo,Majalengka,Kuliner,5,"Tempatnya nyaman, bersih, makanannya enakkkkk. Apalagi sambal bawangnyaaaa endulita bikin nagih. Tentuu akan jadi langganan",2026-02-27T00:28:03.169Z,Dinda Faida Utomo,102701265821547587729,False,0,id,2026-05-04T16:20:02.075579
Ci9DQUlRQUNvZENodHljRjlvT21wRWVISm1abWhpUzNKRU1YTmtOa1JMVG5wdGVrRRAB,ChIJeakoEAAvby4RhO4WBvwkXbg,Makan di Mambo,Majalengka,Kuliner,5,"Jujur. Untuk harga dan rasa itu worth it banget. Ngga akan ngerasa rugi bisa makan murah dengan suasana nyaman dan bagus. Btw kalo mlm adem parah dan area makannya ngga sempit (sunda: dukdek). Soon pengen nyoba bawa bocil.

Jangan ngira porsinya dikit, dan ngga puas. karena pas makan ngenyangin sih.. aku dan paksu suka pisang goreng-nya. Pemilihan jenis pisang dan penggunaan jenis tepungnya mantep. Rasa wijennya juga ngga ganggu. Jujur ini termasuk unik, karena wijen item jarang ada yg pake untuk kuliner wilayah Majalengka. Jadi sempat muncul perbincangan ""ih ini apa yg item-item?"" ..
perlu repeat order sih ini ..

Daaaan,, untuk minumnya ngga pelit. Kalian bakal dapat es/teh anget cangkir gede bentung gentong 😂

Gambar pisang gorengnya lupa euy.. ngga sempet foto karena sibuk ngunyah .. 🙏🏻",2026-02-26T23:13:19.901Z,Herviani Sri Nurhidayat,115611922173210316852,True,0,id,2026-05-04T16:20:02.075588
Ci9DQUlRQUNvZENodHljRjlvT2xSNVZIWm1OWFpZYTNVMlNWUkVYMVpEWldSNUxWRRAB,ChIJeakoEAAvby4RhO4WBvwkXbg,Makan di Mambo,Majalengka,Kuliner,5,"semua nya enakkk banget! bumbu di ayam nya enak meresap! pisang nyaaa jg ga asem, manisss pass! pokonya ga ada yg gagal!🤩🤩🤩",2026-02-26T23:08:28.155Z,Lisa Sahara,101775601737753730092,False,0,id,2026-05-04T16:20:02.075596
ChZDSUhNMG9nS0VJQ0FnSURNc01fMFl3EAE,ChIJR3MH6kUvby4R602uueN0hMk,RUMAH MAKAN TIGA DARA,Majalengka,Kuliner,5,"Tempat karaoke, yg syuka karaoke boleh berkunjung kesini😂😂, ada ruang rapatnya juga, hari ini saya rapat bersama Bapedalitbang dan BJB👍👍",2022-06-23T14:43:26.410Z,Een Suhaeni,100441326415029866627,True,2,id,2026-05-04T16:20:02.075613
ChZDSUhNMG9nS0VJQ0FnSUQyOS16cEZnEAE,ChIJR3MH6kUvby4R602uueN0hMk,RUMAH MAKAN TIGA DARA,Majalengka,Kuliner,3,Lumayan enak tapi tempat panas harus banyak kipas angin,2022-05-28T04:37:26.601Z,Piqri _PM,114435665032914878392,True,0,id,2026-05-04T16:20:02.075628
ChRDSUhNMG9nS0VJQ0FnSURtaGRkUBAB,ChIJR3MH6kUvby4R602uueN0hMk,RUMAH MAKAN TIGA DARA,Majalengka,Kuliner,5,Tempat nya bagus nyaman dan luas buat acara keluarga...punggir jln Raya,2022-02-03T13:35:24.029Z,Agung imay nugraha,112347498714204846933,True,0,id,2026-05-04T16:20:02.075671
ChdDSUhNMG9nS0VJQ0FnSURtdU5pS3NBRRAB,ChIJR3MH6kUvby4R602uueN0hMk,RUMAH MAKAN TIGA DARA,Majalengka,Kuliner,5,Makanannya enak. Smbil nyuci mobil suka mkn Dsni. Madepp,2022-01-18T08:59:20.332Z,RIDSYARLA HILARI,117169680014921507230,True,0,id,2026-05-04T16:20:02.075689
ChZDSUhNMG9nS0VJQ0FnSUNtOHVqeEhnEAE,ChIJR3MH6kUvby4R602uueN0hMk,RUMAH MAKAN TIGA DARA,Majalengka,Kuliner,4,Masakannya enak cuman nungguny yg lumayan,2021-12-23T21:06:51.046Z,nina agustiana (Nina),101285040967361379079,True,0,id,2026-05-04T16:20:02.075718
ChdDSUhNMG9nS0VJQ0FnSUNtdE1qbDJ3RRAB,ChIJR3MH6kUvby4R602uueN0hMk,RUMAH MAKAN TIGA DARA,Majalengka,Kuliner,5,Masakannya enakk,2021-12-19T21:29:16.106Z,ikbal dwi agustin,107313242451817507516,True,0,id,2026-05-04T16:20:02.075726
ChdDSUhNMG9nS0VJQ0FnSURHaDVIazNnRRAB,ChIJR3MH6kUvby4R602uueN0hMk,RUMAH MAKAN TIGA DARA,Majalengka,Kuliner,5,Alhamdulillah puas banget,2021-12-11T06:52:07.925Z,Agus Ramdan,116798883580563649749,True,0,id,2026-05-04T16:20:02.075734
ChdDSUhNMG9nS0VJQ0FnSURHdmVpOTd3RRAB,ChIJR3MH6kUvby4R602uueN0hMk,RUMAH MAKAN TIGA DARA,Majalengka,Kuliner,4,"Luas tempatnya, nyaman",2021-12-07T03:50:03.309Z,OO ROHIM,117430580774118849896,True,0,id,2026-05-04T16:20:02.075742
Ci9DQUlRQUNvZENodHljRjlvT2t0Q2JHdDNSR1ZtWTBKME1sZDZhR05aY2w5clNGRRAB,ChIJi9Gh3fQvby4Rd307C4Y-p04,Sambal Jengkol Kisana,Majalengka,Kuliner,5,Makanannya enk tempat nya nyaman,2026-01-03T06:09:59.218Z,Rezki Derian,117775232976827625275,False,0,id,2026-05-04T16:20:02.075757
Ci9DQUlRQUNvZENodHljRjlvT25sQmFEQXdkRmRhZERGdWNXb3Rhalp4UWtGb2VrRRAB,ChIJi9Gh3fQvby4Rd307C4Y-p04,Sambal Jengkol Kisana,Majalengka,Kuliner,5,Makanan nya enak tempat nya nyaman,2026-01-03T06:07:57.185Z,Ellie Nostra,117670737336072224698,False,0,id,2026-05-04T16:20:02.075766
Ci9DQUlRQUNvZENodHljRjlvT2tKRGQxWXpaMGxqV1RKV1NUQmpPRzlTT0ZkclUwRRAB,ChIJi9Gh3fQvby4Rd307C4Y-p04,Sambal Jengkol Kisana,Majalengka,Kuliner,5,"tempatnya nyaman, makanannya enak",2026-01-03T05:30:59.342Z,Agus Imam Sapari,114528338743094134158,False,0,id,2026-05-04T16:20:02.075781
Ci9DQUlRQUNvZENodHljRjlvT2tGUlFsSnJVVGxLVEVwME5WRndia1p4Y1VOcGRFRRAB,ChIJi9Gh3fQvby4Rd307C4Y-p04,Sambal Jengkol Kisana,Majalengka,Kuliner,5,"Tempatnya nyaman banget, bersih, dan bikin betah nongkrong lama.",2026-01-03T01:24:59.631Z,nagabonar,102086951151735633272,False,0,id,2026-05-04T16:20:02.075808
Ci9DQUlRQUNvZENodHljRjlvT2tOeUxXczRXSGREWmpGelNqaElXRnB0YW14eGFtYxAB,ChIJi9Gh3fQvby4Rd307C4Y-p04,Sambal Jengkol Kisana,Majalengka,Kuliner,5,"makanya enak enak, pelayanannya ramah tamah, suananya nyaman banget",2026-01-01T12:23:10.433Z,aupa Anwarunisa,107724012414063595838,False,0,id,2026-05-04T16:20:02.075824
Ci9DQUlRQUNvZENodHljRjlvT25KSWMzcENTbEJ5ZG1zMFJWb3dhazlST1RaNlVYYxAB,ChIJi9Gh3fQvby4Rd307C4Y-p04,Sambal Jengkol Kisana,Majalengka,Kuliner,5,"tempatnya nyaman, makananya enak",2026-01-01T12:18:17.679Z,edra mingyu,112994140411251239521,False,0,id,2026-05-04T16:20:02.075835
Ci9DQUlRQUNvZENodHljRjlvT201NWRYRnVPV3czZFUxck9IbFNVVmxFTVVodmFtYxAB,ChIJi9Gh3fQvby4Rd307C4Y-p04,Sambal Jengkol Kisana,Majalengka,Kuliner,5,untuk tempat ini sangat cocok sekali apalagi makanan nya yang lezat,2026-01-01T12:15:44.344Z,Fachri Haidar,101690935266432287132,False,0,id,2026-05-04T16:20:02.075844
Ci9DQUlRQUNvZENodHljRjlvT2tVNWREVTBTRkI1YmxSWk5YSk1YMk15U1d0ck4wRRAB,ChIJi9Gh3fQvby4Rd307C4Y-p04,Sambal Jengkol Kisana,Majalengka,Kuliner,5,"makanan nya enak sekali,, tempatnya adem nyaman bersih",2026-01-01T12:05:51.406Z,Aqila Inayah,111745975786020488296,False,0,id,2026-05-04T16:20:02.075852
ChZDSUhNMG9nS0VJQ0FnTUNBMmZIa1hBEAE,ChIJbbBvE_Ylby4Rq93bcepcQSE,Rm. Nu Nera,Majalengka,Kuliner,5,"makanan nya enak, harga affordable, tempatnya bersih dan nyaman cocok buat keluarga besar kalo ada acara.",2025-02-02T08:31:33.530Z,Eka Santika,117214914143029382548,False,1,id,2026-05-04T16:20:02.075863
ChZDSUhNMG9nS0VJQ0FnSUNma2FYWFh3EAE,ChIJbbBvE_Ylby4Rq93bcepcQSE,Rm. Nu Nera,Majalengka,Kuliner,5,karedok nya mantap,2024-12-30T00:00:37.777Z,Cahyono Bhc,110751723725962046074,True,1,id,2026-05-04T16:20:02.075873
ChZDSUhNMG9nS0VJQ0FnSUNYOTZ2c0ZnEAE,ChIJbbBvE_Ylby4Rq93bcepcQSE,Rm. Nu Nera,Majalengka,Kuliner,3,Suasana disana enak dan sangat cocok untuk makan atau mengerjakan tugas,2024-10-21T21:13:47.739Z,Neng Dewi Nurhayati,103016684772853041095,False,1,id,2026-05-04T16:20:02.075926
ChZDSUhNMG9nS0VJQ0FnSUNYbXNtdGRREAE,ChIJbbBvE_Ylby4Rq93bcepcQSE,Rm. Nu Nera,Majalengka,Kuliner,5,"Ayam kampung yg dibakar cocok banget dengan nasi tutugnya.. pesen rujak kangkung nya mantap betul..
suasananya syahdu dengan semilir angin cocok buat makan kenyang dan santai sama keluarga
Tempatnya juga luas, dibelakang ada mainan anak juga
Yg main ke majalengka harus banget mampir siih",2024-10-15T12:19:57.261Z,soraya citra,101316575129878236583,True,1,id,2026-05-04T16:20:02.075941
ChZDSUhNMG9nS0VJQ0FnSUNsa19MSEFnEAE,ChIJcTkAyvolby4RdzUIIN2NZbA,RM. Heroy Cigasong,Majalengka,Kuliner,5,Bagus tempat makan nya bnyk sekali,2023-11-26T07:08:39.869Z,Toni Gunawan Majalengka Gunawan,113710292860322077793,True,0,id,2026-05-04T16:20:02.076070
ChZDSUhNMG9nS0VJQ0FnSURGejVqekpREAE,ChIJcTkAyvolby4RdzUIIN2NZbA,RM. Heroy Cigasong,Majalengka,Kuliner,3,"Sop nya mantap,menu nya komplit",2023-11-11T16:29:21.897Z,Wisnu Purnomo,103175206762913768093,True,0,id,2026-05-04T16:20:02.076080
ChZDSUhNMG9nS0VJQ0FnSURaOWE3X0V3EAE,ChIJcTkAyvolby4RdzUIIN2NZbA,RM. Heroy Cigasong,Majalengka,Kuliner,3,Tempat panas dan harga mahal...rasa biasa aja,2023-10-05T23:34:52.289Z,karta wd,108405851246452165975,True,0,id,2026-05-04T16:20:02.076160
ChZDSUhNMG9nS0VJQ0FnSURaNU9Qak5nEAE,ChIJcTkAyvolby4RdzUIIN2NZbA,RM. Heroy Cigasong,Majalengka,Kuliner,4,"Rumah makan ini sudah mengalami renovasi dibanding sebelumnya, menyediakan berbagai macam masakan rumahan, rasa sesuai selera, umumnya mengatakan enak, tersedia masakan khas kota ini. Tempatnya dibuat seperti rumah makan pada umumnya. Lokasi pinggir jalan besar, dan tempat parkir tersedia, meski tidak terlalu luas. Pengunjung dapat memilih berbagai masakan yang sudah tersaji. Hanya saja kadang lalat masih terlihat beterbangan, meski sudah berusaha diusir oleh penjaga RM. Untuk harga tidak diberi struk pembelian, dan langsung ditotal sejumlah orang yang menagmbil makanan. Kadang pengunjung ada yang merasa kemahalan dengan jenis makanan seperti itu, dibanding RM lainnya yang sejenis. Sebaiknya supaya lebih memuaskan pengunjung, lebih terbuka dari sisi harga per item. Semoga tetap sukses",2023-09-25T00:50:38.898Z,Lilis H,113096821677458074121,True,2,id,2026-05-04T16:20:02.076179
ChdDSUhNMG9nS0VJQ0FnSUNaOTdYOGdRRRAB,ChIJcTkAyvolby4RdzUIIN2NZbA,RM. Heroy Cigasong,Majalengka,Kuliner,5,Tempat makan favorit keluarga setiap main ke kota...semua menunya pas dilidah harganya pas dikantong,2023-09-20T13:25:01.923Z,Epon Ronawati,113682727871391218838,True,0,id,2026-05-04T16:20:02.076206
ChZDSUhNMG9nS0VJQ0FnSUNabmVHZ2NREAE,ChIJcTkAyvolby4RdzUIIN2NZbA,RM. Heroy Cigasong,Majalengka,Kuliner,4,Sekedar mampir sarapan pas mau ke Lemah Sugih...makanannya banyak dan enak²....,2023-09-16T03:50:21.997Z,didot9benua,101275149541355344901,True,0,id,2026-05-04T16:20:02.076221
ChdDSUhNMG9nS0VJQ0FnSUNaMXVIMTFBRRAB,ChIJcTkAyvolby4RdzUIIN2NZbA,RM. Heroy Cigasong,Majalengka,Kuliner,4,Menunya komplit dan rasanya enak..pelayanan ramah,2023-09-10T03:42:05.562Z,Stokis Sinamelia Tsi,100819125072464680604,True,0,id,2026-05-04T16:20:02.076234
ChdDSUhNMG9nS0VJQ0FnSUNsZ1BmVTl3RRAB,ChIJJcANwiElby4RKjGXFpwi9t8,Nasi timbel mista,Majalengka,Kuliner,5,Tempat nya nyaman  buat makan keluarga,2023-11-12T13:44:39.105Z,Kamilludin Udin,103537051536385542394,False,1,id,2026-05-04T16:20:02.076300
ChdDSUhNMG9nS0VJQ0FnSUM1OXR5U21nRRAB,ChIJJcANwiElby4RKjGXFpwi9t8,Nasi timbel mista,Majalengka,Kuliner,5,Enak. Ramah. Murah,2023-10-13T09:46:53.037Z,Alvin Noor Arief,107704591214999668285,True,1,id,2026-05-04T16:20:02.076308
ChdDSUhNMG9nS0VJQ0FnSURXMDZfTG9BRRAB,ChIJJcANwiElby4RKjGXFpwi9t8,Nasi timbel mista,Majalengka,Kuliner,5,Sangat rekomen untuk makan ditempat ataupun dibawa pulang,2022-11-03T13:32:25.649Z,Ferdi servis helm,115625348870122839375,True,1,id,2026-05-04T16:20:02.076343
ChdDSUhNMG9nS0VJQ0FnSUN1bXJEcnB3RRAB,ChIJJcANwiElby4RKjGXFpwi9t8,Nasi timbel mista,Majalengka,Kuliner,3,Favorite makan disini,2022-07-26T06:42:41.844Z,Intan Ayu Febiyana Putri,115481558259535032260,True,1,id,2026-05-04T16:20:02.076358
ChZDSUhNMG9nS0VJQ0FnSURPejYtV01nEAE,ChIJJcANwiElby4RKjGXFpwi9t8,Nasi timbel mista,Majalengka,Kuliner,4,Tempatnya bersih nyaman,2022-07-17T08:25:12.600Z,Muhamad Arif,101166537965173687013,True,1,id,2026-05-04T16:20:02.076373
ChZDSUhNMG9nS0VJQ0FnSUNPaC15Y0FREAE,ChIJJcANwiElby4RKjGXFpwi9t8,Nasi timbel mista,Majalengka,Kuliner,4,"Bersih, nyaman, dan yang pasti enaaaaaakkkkkkk....",2022-06-21T07:06:53.760Z,Agung Fachruddiyanto,108461005936265815158,True,1,id,2026-05-04T16:20:02.076381
Ci9DQUlRQUNvZENodHljRjlvT2xCbk5FaEtURTUwUzFWNFMwcHRVbGt5ZDBwdVVWRRAB,ChIJeakoEAAvby4RhO4WBvwkXbg,Makan di Mambo,Majalengka,Kuliner,5,"Semua menu yg disajikan ga ada yg gagal, rasanya bintang lima, harga kaki lima. Juara pokoknya 👍🤩",2026-02-26T21:38:56.315Z,rara fauziah,100693349172025358690,False,0,id,2026-05-04T16:20:02.076412
Ci9DQUlRQUNvZENodHljRjlvT2tGdVV5MVRlV3BZV0Robk1IQXhWSHBvYkZWZlVGRRAB,ChIJeakoEAAvby4RhO4WBvwkXbg,Makan di Mambo,Majalengka,Kuliner,5,"Makanan nya enak enak banget,dan hemat",2026-02-26T17:14:52.252Z,graha wijaya kusuma,117397406206876719065,True,0,id,2026-05-04T16:20:02.076420
Ci9DQUlRQUNvZENodHljRjlvT2pacFpIbHpjR1l6TlV4T1VubHFPSEoyUkV0TWNtYxAB,ChIJeakoEAAvby4RhO4WBvwkXbg,Makan di Mambo,Majalengka,Kuliner,5,"Nemunya hidden gem! Harganya ramah banget di kantong pelajar. No debat, ini best deal banget buat nongkrong lama tanpa takut dompet nangis.",2026-02-26T16:50:20.723Z,Rekso Bastian,106907235784094049986,False,0,id,2026-05-04T16:20:02.076428
Ci9DQUlRQUNvZENodHljRjlvT21KZlVHZG9hMVpsYmpoM1kzTjZZbWhaZG5NM1dGRRAB,ChIJeakoEAAvby4RhO4WBvwkXbg,Makan di Mambo,Majalengka,Kuliner,5,Best banget.. owner Nya Ramah,2026-02-26T15:29:13.974Z,kurnia andini Mertosono,101235696265706635356,False,0,id,2026-05-04T16:20:02.076436
Ci9DQUlRQUNvZENodHljRjlvT2tOT2NHbHpjbXhNYVhab2NsQTJTVVZYVGxKWFVXYxAB,ChIJeakoEAAvby4RhO4WBvwkXbg,Makan di Mambo,Majalengka,Kuliner,5,"Makanan enak, ramah di kantong dan tempatnya yang cozy makin bikin betah buat makan bareng keluarga, temen2 ataupun pasangan. Vibesnya juga bikin nostalgic ke jaman awal tahun 2000an tapi menunya sangat kekinian, cocok buat tempat nongkrong semua generasi. A must visited place in MJL cuz their food is to die for 😋",2026-02-26T15:25:52.027Z,Putrie Agusti Saleha,111491440892691583117,True,0,id,2026-05-04T16:20:02.076444
Ci9DQUlRQUNvZENodHljRjlvT25wa1JIcDBhRWxmVVU1T1VrOXZUbnBKVVhSNVlrRRAB,ChIJeakoEAAvby4RhO4WBvwkXbg,Makan di Mambo,Majalengka,Kuliner,5,"makannya enak banget, bersih juga
pokonya makanan yg sederhana tapi pasti puas setelahnya 👌🏻",2026-02-26T15:06:02.948Z,Morara,109713134660851109487,False,0,id,2026-05-04T16:20:02.076452
Ci9DQUlRQUNvZENodHljRjlvT2pONVdGSldlbUpDYW5GNldtczBNMVF5TkRkU1pWRRAB,ChIJeakoEAAvby4RhO4WBvwkXbg,Makan di Mambo,Majalengka,Kuliner,5,Endul surenduuul,2026-02-26T15:02:51.116Z,ega srimantika,105707492399566680537,True,0,su,2026-05-04T16:20:02.076460
Ci9DQUlRQUNvZENodHljRjlvT21WV09HaFBkM05ZYUhGa1ZrRkJaVkpsZUZGdk5tYxAB,ChIJeakoEAAvby4RhO4WBvwkXbg,Makan di Mambo,Majalengka,Kuliner,5,Sumpah ini enak banget ga bohonh,2026-02-26T15:02:22.838Z,Destri Ayu prihatin,102722059465213274122,False,0,id,2026-05-04T16:20:02.076468
Ci9DQUlRQUNvZENodHljRjlvT2xoR1ZHZE9OVGN0VW5kTmIzRlpabFl5Y21SdlpWRRAB,ChIJeakoEAAvby4RhO4WBvwkXbg,Makan di Mambo,Majalengka,Kuliner,5,"Kedai baru di pasar mambo, tempatnya homey bgt, konsep jadul.. makanannya ga ada yang aneh-aneh sih makanan rumahan tapi enak-enak semua & yg penting murah bgt ramah buat di kantong pelajar sama pekerja! Semoga menunya ditambah biar banyak variantnya yah! Puas makan disini kenyang, porsi besar, murah jg!",2026-02-26T14:58:39.691Z,Asep Rohmatulloh,111195573788978626435,True,0,id,2026-05-04T16:20:02.076477
ChZDSUhNMG9nS0VJQ0FnSUNHMWJpQUpREAE,ChIJR3MH6kUvby4R602uueN0hMk,RUMAH MAKAN TIGA DARA,Majalengka,Kuliner,4,Rica-rica Majalengka = asem manis Temanggung...hehe.. full paprika + bawang bombay....👍 Tempatnya nyaman full AC...,2021-11-05T00:52:17.992Z,Wawa Wiwi,101163211863136513558,True,0,id,2026-05-04T16:20:02.076484
ChZDSUhNMG9nS0VJQ0FnSUNhdzdDR2FREAE,ChIJR3MH6kUvby4R602uueN0hMk,RUMAH MAKAN TIGA DARA,Majalengka,Kuliner,5,Cuci motor di sini engga pake lama,2021-08-08T07:09:47.945Z,Abdul Rahman NR,106437076634129558758,True,0,id,2026-05-04T16:20:02.076496
ChdDSUhNMG9nS0VJQ0FnSUNxbzR2bDV3RRAB,ChIJR3MH6kUvby4R602uueN0hMk,RUMAH MAKAN TIGA DARA,Majalengka,Kuliner,5,Tempat yg komplit bengkel Cafe dan cucian mobil,2021-06-17T08:30:58.871Z,T3A UC,100033037046699518840,True,0,id,2026-05-04T16:20:02.076519
ChdDSUhNMG9nS0VJQ0FnSUNxdGJ5bXd3RRAB,ChIJR3MH6kUvby4R602uueN0hMk,RUMAH MAKAN TIGA DARA,Majalengka,Kuliner,5,"Cuci mobil di tiga puas sekali, pelayanannya ramah, nyucinya pun bersih, recommended banget..",2021-06-14T09:48:06.152Z,Burhanudin “BURHAN”,105065315994479794835,False,0,id,2026-05-04T16:20:02.076527
Ci9DQUlRQUNvZENodHljRjlvT2xsTU1UY3RNamd6VjJwemVHbEtSRlJxWTBKSFpFRRAB,ChIJ4a0ADnLYbi4ReCqoEXeDdlE,Rumah Makan Langensari,Majalengka,Kuliner,5,"Sop iga, ayam goreng dan sate nya mantap....",2026-05-01T09:44:55.217Z,Firmansyah Deli,104356271607995849058,True,0,id,2026-05-04T16:20:02.076587
Ci9DQUlRQUNvZENodHljRjlvT2pkeU9FcEhYekJmV2sxd1FrUjBORmwxU0VORWEyYxAB,ChIJ4a0ADnLYbi4ReCqoEXeDdlE,Rumah Makan Langensari,Majalengka,Kuliner,5,Mantaap setiap arah ke cirebon mampir kesini 👍,2026-04-20T02:22:33.815Z,Helmi Jatwin,101153408970359891663,True,0,id,2026-05-04T16:20:02.076604
Ci9DQUlRQUNvZENodHljRjlvT2tWYU9UQnRSalZDZWpBNGFXOTNOREZaTUd3d1ZGRRAB,ChIJ4a0ADnLYbi4ReCqoEXeDdlE,Rumah Makan Langensari,Majalengka,Kuliner,5,RM yang fast food dan makanannya enak..Rekomended,2026-04-12T16:48:39.374Z,Margi S,111819761143527253711,True,0,id,2026-05-04T16:20:02.076620
Ci9DQUlRQUNvZENodHljRjlvT205UlkxTlZiR2gwYzFvemExTklRMFV4Unpoc1RGRRAB,ChIJ4a0ADnLYbi4ReCqoEXeDdlE,Rumah Makan Langensari,Majalengka,Kuliner,3,"Resto dengan menu masakan khas Jawa Barat, aneka Pepes dan Sop.
Sistemnya seperti di RM Padang, menu makanan disajikan dimeja, nanti dihitung setelah selesai makan.
Namun sayangnya DAFTAR HARGA TIDAK ditampilkan ke publik, sehingga pembeli hanya mengira2nya.
PELAYANAN baik & ramah, hanya saja, ada beberapa Pesanan yg TIDAK TERSAJI sampai selesai makan.
& setelah jln ke kasir, kami baru tau, meja kami tidak diberi menu lengkap seperti yg lain termasuk sambal & lalapan 😅
Toilet tersedia, tempat parkir mobil lumayan luas.
Semoga kedepannya lebih teliti. Mksh",2026-04-10T00:21:13.094Z,Maria Brassinga,117025219841089564830,True,0,id,2026-05-04T16:20:02.076636
Ci9DQUlRQUNvZENodHljRjlvT2tzdFEwOHlWalZvZGt4ZmFXOWtSazFJU0VsbmJFRRAB,ChIJ4a0ADnLYbi4ReCqoEXeDdlE,Rumah Makan Langensari,Majalengka,Kuliner,5,Sambilnya sih parah.. mirip di rumah 😂😂😂 ❤️❤️❤️🔥🔥🔥,2026-04-02T01:36:19.572Z,Aram Aram,106917786641535532213,False,0,id,2026-05-04T16:20:02.076665
Ci9DQUlRQUNvZENodHljRjlvT25VNFJqSmlVMnM0Y21kWk1XTlljMEpXYVdjd1ZsRRAB,ChIJ4a0ADnLYbi4ReCqoEXeDdlE,Rumah Makan Langensari,Majalengka,Kuliner,5,Baik Ramah Enak Kenyang Harga Bersahabat Bersih,2026-03-27T03:07:53.330Z,Asep Wibowo,102032818513425806933,True,0,id,2026-05-04T16:20:02.076683
Ci9DQUlRQUNvZENodHljRjlvT2pGMmMyeEhMWFo2Ym1aS1VVZHJWREoxY0dKUWIwRRAB,ChIJ4a0ADnLYbi4ReCqoEXeDdlE,Rumah Makan Langensari,Majalengka,Kuliner,5,Mantap... Makanan enak...,2026-03-26T04:47:44.155Z,Toni Sugiarto,100691962775508783730,True,0,id,2026-05-04T16:20:02.076704
Ci9DQUlRQUNvZENodHljRjlvT2xkb1ExTjFja2R1U0dkVVFXTXlhR1J6ZUd0U2MxRRAB,ChIJ4a0ADnLYbi4ReCqoEXeDdlE,Rumah Makan Langensari,Majalengka,Kuliner,5,"Buka Puasa dibulan Ramadhan 2026 bersama Om Ucha dan Ivan Ajo, semua makanannya enak terutama Sop Kaki Kambing dan Bubur Kacang hijau nya ManTul (Mantaaab's Betuuul)",2026-03-20T09:02:43.889Z,Rico Yunion Effendi,112137111735245818839,True,0,id,2026-05-04T16:20:02.076722
Ci9DQUlRQUNvZENodHljRjlvT2xSV2JXUkpORzlNTTJ0TFRrcDBTV1ZmVjFweWFHYxAB,ChIJ4a0ADnLYbi4ReCqoEXeDdlE,Rumah Makan Langensari,Majalengka,Kuliner,5,Rumah makan langensari memang favorit 🥰😍😍,2026-03-20T06:32:50.629Z,Kang Madz,103311324660733467591,False,0,id,2026-05-04T16:20:02.076731
Ci9DQUlRQUNvZENodHljRjlvT2tjNVdYZzNkM2d4UTIxeE1ucDFkbTVIVlRCc2VHYxAB,ChIJ4a0ADnLYbi4ReCqoEXeDdlE,Rumah Makan Langensari,Majalengka,Kuliner,5,"Letak TM strategis mudah ditemukan, untuk rasa jangan diragukan lagi sangat enak dan lezat sekali. Menu best seller sop dengkilnya, satenya juga juicy sekali. Silakan berkunjung.",2026-03-20T06:06:03.453Z,Nofuja Nurazizah,114931458206780747673,False,0,id,2026-05-04T16:20:02.076739
Ci9DQUlRQUNvZENodHljRjlvT2t0UFFXRllZVEkwT0hwSFJHUlZRbWhhVmtaTlJVRRAB,ChIJ4a0ADnLYbi4ReCqoEXeDdlE,Rumah Makan Langensari,Majalengka,Kuliner,5,Alhamdulillah bisa makan nikmat dengan tempat dan suasana nyaman,2026-03-20T04:55:46.089Z,Nardi,114487850163105965786,False,0,id,2026-05-04T16:20:02.076747
ChdDSUhNMG9nS0VJQ0FnSUN2eVltQm5BRRAB,ChIJ60dcWirZbi4Rqwp-RjFEkiU,SukaMie,Majalengka,Kuliner,5,The food tasted as we expected with the budget / price,2024-12-12T09:33:44.127Z,Budi Nuriyanto,100437366634155167866,True,0,en,2026-05-04T16:20:02.076770
ChZDSUhNMG9nS0VJQ0FnSURiNElYS01nEAE,ChIJ60dcWirZbi4Rqwp-RjFEkiU,SukaMie,Majalengka,Kuliner,5,"𝙋𝙖𝙫𝙤𝙧𝙞𝙩 𝙥𝙞𝙨𝙖𝙣 𝙢𝙞𝙚 𝙣𝙮𝙖,𝙨𝙪𝙠𝙖𝙖𝙖 𝙗𝙖𝙣𝙜𝙚𝙩, 𝙚𝙣𝙖𝙠, 𝙩𝙚𝙢𝙥𝙖𝙩 𝙣𝙮𝙖 𝙗𝙚𝙧𝙨𝙞𝙝, 𝙥𝙚𝙡𝙖𝙮𝙖𝙣𝙖𝙣𝙣𝙮𝙖 𝙧𝙖𝙢𝙖𝙝",2024-09-29T09:29:21.049Z,Dee terapis,102002483521726759654,True,0,id,2026-05-04T16:20:02.076786
ChdDSUhNMG9nS0VJQ0FnSUNIeTVPYnF3RRAB,ChIJ60dcWirZbi4Rqwp-RjFEkiU,SukaMie,Majalengka,Kuliner,5,Ramennya enak harganya juga paling murah kayanya disini deh kuah cury nya juga lumayan kentel enak cuma dagingnya alot bgt,2024-09-08T23:12:33.749Z,Auliana Nislia,116438442962387967986,False,0,id,2026-05-04T16:20:02.076802
ChZDSUhNMG9nS0VJQ0FnSURibXRYeGRREAE,ChIJ60dcWirZbi4Rqwp-RjFEkiU,SukaMie,Majalengka,Kuliner,5,"Enak sekali, lain kali akan datang lagi",2024-08-04T11:38:10.014Z,房正廉,116885005228597807400,False,0,id,2026-05-04T16:20:02.076812
ChZDSUhNMG9nS0VJQ0FnSURULUl6UkdBEAE,ChIJ60dcWirZbi4Rqwp-RjFEkiU,SukaMie,Majalengka,Kuliner,5,"Tempatnya enak kok, ramen nya juga menurutku disini yang paling enak di Jatiwangi. Harganya jg standar, kalo mw makan ramen pasti maunya kesini hehe",2024-05-22T11:03:49.229Z,Kartika Fauziah,107633852309020831459,False,5,id,2026-05-04T16:20:02.076841
ChZDSUhNMG9nS0VJQ0FnSUNUbk0tUmZ3EAE,ChIJ60dcWirZbi4Rqwp-RjFEkiU,SukaMie,Majalengka,Kuliner,5,"Rasa mewah, harga meriah",2024-05-12T04:57:05.094Z,Daniel Kris Hamonangan Sitompul,113439252133000652151,True,0,ms,2026-05-04T16:20:02.076851
ChdDSUhNMG9nS0VJQ0FnSUREaDVqLXVnRRAB,ChIJ60dcWirZbi4Rqwp-RjFEkiU,SukaMie,Majalengka,Kuliner,5,Suka aja si udah...,2024-04-14T22:24:44.163Z,M Fazri,103578052373461073777,True,0,id,2026-05-04T16:20:02.076866
ChdDSUhNMG9nS0VJQ0FnSUNEM2ZTUDhBRRAB,ChIJ60dcWirZbi4Rqwp-RjFEkiU,SukaMie,Majalengka,Kuliner,5,"Tempat nya cukup bagus dengan nuansa jejepangan, pelayan nya ramah, untuk harga cukup terjangkau buat ramen2 gitu, dan yang paling penting rasanya ngga kalah dengan ramen lainnya, tempat ini rekomended bgt buat kalian yang pengen ramen. Ada 3 varian rame dan 2 yamie, semuanya enak, menurut saya cuma minumannya aja yang agak mahal tapi nilai plus lainnya yaitu NGGA ADA TUKANG PARKIR..!! semoga tetap ngga ada tukang parkir mengingat semua tempat di jatisura sudah ada tukang parkirnya",2024-03-31T14:57:21.961Z,Achmad M. Wildani,106591932158081781164,True,0,id,2026-05-04T16:20:02.076880
ChZDSUhNMG9nS0VJQ0FnSUNSZ2NiNEh3EAE,ChIJcTkAyvolby4RdzUIIN2NZbA,RM. Heroy Cigasong,Majalengka,Kuliner,4,Ceritakan pengalaman Anda,2023-04-03T11:54:26.522Z,「 ishaq 」ッ,111149401863647466505,True,0,id,2026-05-04T16:20:02.076973
ChZDSUhNMG9nS0VJQ0FnSURoZy0zaVNBEAE,ChIJcTkAyvolby4RdzUIIN2NZbA,RM. Heroy Cigasong,Majalengka,Kuliner,1,"Makanan dingin, rasanya kemanisan, harganya juga agak mahal",2023-03-16T07:29:45.980Z,Jaka Triadi,112390661679035083014,False,0,id,2026-05-04T16:20:02.076981
ChdDSUhNMG9nS0VJQ0FnSUNMLXZ6NnhBRRAB,ChIJbbBvE_Ylby4Rq93bcepcQSE,Rm. Nu Nera,Majalengka,Kuliner,5,"Pesan makanan Nasi Bakar Jambal, enak. Kebetulan datang sekitar jam 2 jadi tempatnya sepi. Suasananya enak.",2024-06-18T11:32:10.776Z,THE JAKARTANS,101623103294827298516,True,1,id,2026-05-04T16:20:02.077017
ChZDSUhNMG9nS0VJQ0FnSUR6MXAtaFF3EAE,ChIJbbBvE_Ylby4Rq93bcepcQSE,Rm. Nu Nera,Majalengka,Kuliner,5,Ramah dan sopan pelayanannya 👍,2024-06-09T23:56:07.005Z,Bang Jonn,100092374302591591262,True,0,id,2026-05-04T16:20:02.077025
ChdDSUhNMG9nS0VJQ0FnSUNwczlfYmdBRRAB,ChIJbbBvE_Ylby4Rq93bcepcQSE,Rm. Nu Nera,Majalengka,Kuliner,5,"Makanan enak, pelayanan nya baik, suasana teduh",2024-05-30T12:38:15.950Z,welli wilianto,116389491529634200308,True,1,id,2026-05-04T16:20:02.077033
ChZDSUhNMG9nS0VJQ0FnSURUbDVIalZREAE,ChIJbbBvE_Ylby4Rq93bcepcQSE,Rm. Nu Nera,Majalengka,Kuliner,4,Cheap and good food with natural enviorenment,2024-05-29T02:24:01.066Z,Dede Kurniawan,113882194023999056246,True,0,en,2026-05-04T16:20:02.077041
ChZDSUhNMG9nS0VJQ0FnSUNUN3EtRU1REAE,ChIJbbBvE_Ylby4Rq93bcepcQSE,Rm. Nu Nera,Majalengka,Kuliner,5,Ramah banget suasana enak adem.,2024-05-15T03:41:36.403Z,pepen supian,112720048430117843588,True,0,id,2026-05-04T16:20:02.077072
ChdDSUhNMG9nS0VJQ0FnSURtek5xUnNnRRAB,ChIJJcANwiElby4RKjGXFpwi9t8,Nasi timbel mista,Majalengka,Kuliner,5,"Ke sini pas pulang ngantor, dan ENAAAK!!!",2022-01-20T22:45:23.428Z,DERIN ALDANEVA MAS,104782337366145693927,True,1,id,2026-05-04T16:20:02.077115
ChZDSUhNMG9nS0VJQ0FnSURta0x5Y1NnEAE,ChIJJcANwiElby4RKjGXFpwi9t8,Nasi timbel mista,Majalengka,Kuliner,5,Bersin tempatnya,2022-01-15T23:41:42.769Z,Gatotkaca naek vespa,109161250139729528311,True,1,id,2026-05-04T16:20:02.077130
ChdDSUhNMG9nS0VJQ0FnSUNtcHZEemhRRRAB,ChIJJcANwiElby4RKjGXFpwi9t8,Nasi timbel mista,Majalengka,Kuliner,5,Enak bnget aku suka sama ayam bakarnya,2021-12-27T05:37:13.347Z,Nia Fia,107547456754335983483,False,2,id,2026-05-04T16:20:02.077138
ChdDSUhNMG9nS0VJQ0FnSUNHeDRTYTRRRRAB,ChIJJcANwiElby4RKjGXFpwi9t8,Nasi timbel mista,Majalengka,Kuliner,5,Murmer nikmat kenyang,2021-11-11T07:01:36.182Z,Iwan Kurniawan,115558517127573625020,False,1,id,2026-05-04T16:20:02.077153
ChdDSUhNMG9nS0VJQ0FnSUM2X0xqcDZBRRAB,ChIJJcANwiElby4RKjGXFpwi9t8,Nasi timbel mista,Majalengka,Kuliner,4,"Enak, harga miring, pelayanan ok",2021-09-01T09:04:33.476Z,Rg Sticker,107532680834710582537,True,2,id,2026-05-04T16:20:02.077168
ChZDSUhNMG9nS0VJQ0FnSURhdHZDWklnEAE,ChIJJcANwiElby4RKjGXFpwi9t8,Nasi timbel mista,Majalengka,Kuliner,5,"Rasa mantap, tempat asyik..",2021-08-21T06:18:51.636Z,ecs hpcepy,115492732617348292337,True,2,id,2026-05-04T16:20:02.077177
ChZDSUhNMG9nS0VJQ0FnSURxM2VqTFV3EAE,ChIJJcANwiElby4RKjGXFpwi9t8,Nasi timbel mista,Majalengka,Kuliner,5,nasi timbel dan ayam bakarnya enak dan tempatnya pun bersih dan nyaman,2021-07-15T02:03:36.920Z,Rizky Ramdhan Gumelar,104992319772830082069,True,1,id,2026-05-04T16:20:02.077184
ChdDSUhNMG9nS0VJQ0FnSURxdEtTM21BRRAB,ChIJJcANwiElby4RKjGXFpwi9t8,Nasi timbel mista,Majalengka,Kuliner,5,"Legend sihh rasanya enak, murah jugaa..top",2021-06-30T06:04:50.898Z,Dienie Potter,114856747436268783474,True,1,id,2026-05-04T16:20:02.077192
Ci9DQUlRQUNvZENodHljRjlvT2pOb2NFVlhiVFZHV0RCbFNtbG1TRUZDWjA1SFdFRRAB,ChIJ4a0ADnLYbi4ReCqoEXeDdlE,Rumah Makan Langensari,Majalengka,Kuliner,5,Langganan aku dari SMA sampe sekarang punya anak bini masih sering ke sini kalo mudik 🤩,2026-03-20T02:23:45.334Z,TPQ NUR HIKMAH,117069677306135503876,False,0,id,2026-05-04T16:20:02.077203
Ci9DQUlRQUNvZENodHljRjlvT2xGeE0zTk5Wa1F3TUZwdGRHWm1hWEZKYzNsVlVsRRAB,ChIJ4a0ADnLYbi4ReCqoEXeDdlE,Rumah Makan Langensari,Majalengka,Kuliner,5,Pas lewat Jatiwangi sering mampir 🤤 bikin ketagihan,2026-03-20T02:21:17.333Z,binainsanal karomah,118257114744816073071,False,0,id,2026-05-04T16:20:02.077211
Ci9DQUlRQUNvZENodHljRjlvT2xObExYSk9XbEpoU0ZkQ2NERktORFZGY25aSllWRRAB,ChIJ4a0ADnLYbi4ReCqoEXeDdlE,Rumah Makan Langensari,Majalengka,Kuliner,5,"Badabest, sop nya empuk sate nya nikmat, apalagi makan bareng keluarga",2026-03-20T02:17:10.771Z,Ogi Abdulwahid,116761681985015613777,False,0,id,2026-05-04T16:20:02.077221
Ci9DQUlRQUNvZENodHljRjlvT2xZMlNtOTFiVGxrZWs1TlNrOWFhbGxFYTFCQmIzYxAB,ChIJ4a0ADnLYbi4ReCqoEXeDdlE,Rumah Makan Langensari,Majalengka,Kuliner,5,"Gak ada obat sih, apalagi sop nya  mantap",2026-03-20T02:14:24.824Z,Ogi Abdulwahid,104438288575790335285,True,0,id,2026-05-04T16:20:02.077229
Ci9DQUlRQUNvZENodHljRjlvT2xadVJqVm1hVGxPWms1RVMyUmtaMVJEWjFseFNrRRAB,ChIJ4a0ADnLYbi4ReCqoEXeDdlE,Rumah Makan Langensari,Majalengka,Kuliner,5,"Tempat yang nyaman, rasa yg tidak ada tandingan nya, yg paling suka SOP dengkilny, sambel nya, sambel goreng nya, pokoknya semuanya enak",2026-03-20T01:54:28.235Z,Kamsinah Inah,108152168550347635268,False,0,id,2026-05-04T16:20:02.077237
Ci9DQUlRQUNvZENodHljRjlvT2poRE9XdGhlSEZTVkZCRmJIWkhRMlpJVURoaU5GRRAB,ChIJ4a0ADnLYbi4ReCqoEXeDdlE,Rumah Makan Langensari,Majalengka,Kuliner,5,Sangat recommended,2026-03-20T01:49:38.909Z,Teguh Ridho Nugraha,114116762847921828093,False,0,id,2026-05-04T16:20:02.077244
Ci9DQUlRQUNvZENodHljRjlvT2taUFlXMXhVVXRHUldwTmMyZDFYMFpQVmxoTWJFRRAB,ChIJ4a0ADnLYbi4ReCqoEXeDdlE,Rumah Makan Langensari,Majalengka,Kuliner,5,Rumah makan legendaris di Jatiwangi,2026-03-20T01:49:07.638Z,Ahmad Al A,102685965369649179303,False,0,id,2026-05-04T16:20:02.077252
Ci9DQUlRQUNvZENodHljRjlvT25FeVdXeGlkMjR4WDI5TlYwNTRSVU5LYzBkemIzYxAB,ChIJ4a0ADnLYbi4ReCqoEXeDdlE,Rumah Makan Langensari,Majalengka,Kuliner,5,"Sop dengkil ny enak
Pelayanan nya cepat sesuai apa yang kita pesan.",2026-03-20T00:43:24.209Z,ibrahim squador,108185856065243596955,False,0,id,2026-05-04T16:20:02.077260
Ci9DQUlRQUNvZENodHljRjlvT25kUU9GSnFPWE5MUVc5RWNGQXlaMlUzVXpkSFdHYxAB,ChIJ4a0ADnLYbi4ReCqoEXeDdlE,Rumah Makan Langensari,Majalengka,Kuliner,5,"Hampir semua menu nya saya suka, terutama SOP nya, bikin kenyang..
Pelayanan yang ramah
Suasananya yang tenang dan selalu ingin lagi kembali",2026-03-20T00:30:07.639Z,Rinto almurhids,110460472237790686537,False,0,id,2026-05-04T16:20:02.077269
Ci9DQUlRQUNvZENodHljRjlvT25GdVRteDBUMHBJUmpWVGFsaGxZWFE1UW1OV2RsRRAB,ChIJ4a0ADnLYbi4ReCqoEXeDdlE,Rumah Makan Langensari,Majalengka,Kuliner,5,"Sop sapinya juara. Kuah nya bening ga bikin euneuk.
Makan cukup nasi, sop & sambel dadak sudah sangat enak",2026-03-20T00:21:49.825Z,Dewi Puspitasari,104146074838337344255,False,0,id,2026-05-04T16:20:02.077279
Ci9DQUlRQUNvZENodHljRjlvT2s1YWVFbHpkblpEVW1Kc1ZIcFNhVEpEWW1VelNWRRAB,ChIJ4a0ADnLYbi4ReCqoEXeDdlE,Rumah Makan Langensari,Majalengka,Kuliner,5,"Rumah makan langensari adalah rumah makan legendaris di jatiwangi yg selalu ramai di datangi oleh pengunjung dalam kota maupun luar kota.
Menu makan nya bervariatif, dimulai dari menu favorit yaitu aneka sop yg segar, ayam gorengnya dan sambelnya best!⭐️⭐️⭐️⭐️⭐️
Untuk pelayananya ramah, ditambah lg ownernya sangat humble.
Fasilitas yg disediakan untuk area parkir luas dan tersedia mesjid bersih dan nyaman untuk pengunjung yg ingin beribadah, tersedia jg cafe disamping rumah makan nya jika ingin minum kopi.",2026-03-19T23:54:47.544Z,Syifa Fauzia,101998412580675249377,False,0,id,2026-05-04T16:20:02.077287
Ci9DQUlRQUNvZENodHljRjlvT2tWYU5XOHdNbW8yWWxONVRIbEpNMFZuV1RSS1IxRRAB,ChIJ4a0ADnLYbi4ReCqoEXeDdlE,Rumah Makan Langensari,Majalengka,Kuliner,5,"Kalau ke Jatiwangi ngg lupa mampir kesinii, sop kikilnya favorit bangeeet ngangeniin ❤️❤️",2026-03-19T23:36:10.972Z,Puteri 15,115211869646735388133,False,0,id,2026-05-04T16:20:02.077295
Ci9DQUlRQUNvZENodHljRjlvT2pFeFZHUjFXVmhZT0RCU2RWZDNkVk5yWW1odE1XYxAB,ChIJ4a0ADnLYbi4ReCqoEXeDdlE,Rumah Makan Langensari,Majalengka,Kuliner,5,"Tempat makan ini benar-benar memberikan pengalaman yang menyenangkan. Menu yang disajikan sederhana, namun rasanya memuaskan.

Fasilitasnya juga sangat nyaman, dengan area parkir yang luas sehingga tidak perlu khawatir mencari tempat. Tersedia juga masjid yang bersih dan nyaman, sangat mendukung bagi pengunjung yang ingin beribadah dengan tenang.

Pelayanannya ramah  membuat suasana semakin hangat. Ditambah lagi, owner yang sangat menyenangkan dan humble, memberikan kesan personal yang jarang ditemukan.

Highly recommended untuk yang mencari tempat makan nyaman dengan rasa yang istimewa 👍",2026-03-19T23:11:06.793Z,Abdul melodee,109022106485017540121,False,0,id,2026-05-04T16:20:02.077313
Ci9DQUlRQUNvZENodHljRjlvT21VNVNGcGhURFZ4WDI1MVptVkljalJPUzBvNWNuYxAB,ChIJ4a0ADnLYbi4ReCqoEXeDdlE,Rumah Makan Langensari,Majalengka,Kuliner,1,"Kayanya mending makan pas hari biasa aja deh dsini jgn pas bukber punten 🙏🏻 krn kasian bbrp temen ada yg ga kebagian. Pelajaranya utk hitung piring atau gelas yg datang setelah makan biar sesuai atau engga sama yg ada di list pesanan, krn diakhir kami ttp bayar sama apa yg ga kami dapat.",2026-03-18T03:18:19.545Z,raviah darajat,111760942621980291354,False,0,id,2026-05-04T16:20:02.077329
Ci9DQUlRQUNvZENodHljRjlvT2pkYVZXTXhjRlphTWxvNFZVbDJZV05TWDNoMlRXYxAB,ChIJ4a0ADnLYbi4ReCqoEXeDdlE,Rumah Makan Langensari,Majalengka,Kuliner,1,"Pengalaman Bukber yang sangat mengecewakan karena manajemen restorannya buruk banget. Untuk skala tamu di atas 25 orang, terlihat tidak siap dan tidak memiliki SOP yang jelas.
Padahal kami sudah booking dan setor daftar menu per orang jauh hari, pas hari H penyajian makanannya dilakukan secara dicicil satu per satu tanpa alat bantu troli, sampe adzan magrib tapi makanan belum dateng semua. Parahnya lagi, koordinasi antara dapur dan pramusaji sangat kacau; ada yang bilang menu habis, ada yang bilang belum keluar. Terus makanan yang kita ga terima disuruh dibayar sama kita. Harusnya mereka punya ceklis buat makanan yang udah ke meja sama yang belum.
Untuk stafnya juga bersikeras pesanan sudah keluar semua padahal fisik makanannya tidak ada di meja. Ditambah lagi, pihak kasir sangat tidak ramah dan tidak solutif saat kami menyampaikan komplain. Kalau buat bikin acara kayanya emang ga cocok disitu. Kalo untuk makanan yang kurang enak masih bisa dimaafin, tapi kalo untuk pelayanannya kayanya mending cari resto lain.",2026-03-17T15:35:05.921Z,Desi Sri Wahyuni,112388390586451012250,False,0,id,2026-05-04T16:20:02.077338
Ci9DQUlRQUNvZENodHljRjlvT25CVlRWQkpNSFpXWnpkd01WTlJabVk0YTI4dE5tYxAB,ChIJ4a0ADnLYbi4ReCqoEXeDdlE,Rumah Makan Langensari,Majalengka,Kuliner,1,"Sangat mengecewakan. Kami datang untuk acara Bukber berdasarkan rekomendasi, namun realitanya jauh dari ekspektasi. Restoran tidak memiliki SOP dan sistem pencatatan pesanan yang memadai untuk melayani tamu di atas 25 pax.
1. Sistem Pemesanan padahal sudah booking dan setor list menu per orang jauh hari, makanan malah disajikan satu-persatu (dicicil) tanpa menggunakan troli. Sangat tidak efisien untuk partai besar.
2. Tidak ada kroscek antara dapur dan pramusaji, yang satu bilang udah abis yang satunya bilang menu nya belum keluar. Akibatnya, banyak pesanan tidak sesuai. Pesan pepes tapi tidak dikirim. Sop pesan 10 mangkok, baru keluar 8 tapi diklaim sudah keluar semua. Bahkan sate ayam pesan 3 porsi, yang datang hanya 1, tapi di tagihan kami dipaksa bayar full 3 porsi.
3. Rekap pesanan kurang memadai. Saat kami komplain pesanan kurang, staf bersikeras sudah terkirim semua. Bagaimana kami bisa percaya jika pihak resto sendiri tidak punya catatan serah-terima yang jelas di meja?
4. Pelayanan di kasir sangat tidak ramah dan tidak solutif saat menghadapi komplain ketidaksesuaian pesanan.
Tolong segera benahi SOP pelayanan, gunakan sistem double-check (checklist meja), sediakan troli makanan, dan edukasi kembali staf kasir agar lebih ramah. Jangan sampai pelanggan dirugikan secara finansial untuk makanan yang tidak mereka terima.",2026-03-17T15:12:00.119Z,Dudung Nana Permana,116424624063183591643,False,0,id,2026-05-04T16:20:02.077346
Ci9DQUlRQUNvZENodHljRjlvT2tNeWNubGpVbWhaYVRBNVJtMXVYMkZmTWpScGFWRRAB,ChIJ4a0ADnLYbi4ReCqoEXeDdlE,Rumah Makan Langensari,Majalengka,Kuliner,1,"Bukber disini diberi rekomendasi oleh kenalan , namun pelayanan sangat tidak memuaskan, resto tidak memiliki SOP dan sistem pencatatan pesanan pelanggan sehingga pesanan dengan jumlah banyak atau acara dgn tamu lebih dari 25pax tidak dicatat dengan baik. 1. sudah booking dan sudah pilih menu makanan yang dipesan per orang. namun saat datang, makanan disajikan satu satu / dicicil, tidak sekaligus datang & tidak menggunakan troli makanan. 2. makanan yang datang tidak ada sistem qc atau checklist makanan apa saja yang sudah datang, sehingga jika ada yang kurang / belum datang TIDAK DIKETAHUI KARENA TIDAK DICATAT DENGAN BAIK. 3. list pesanan yang sudah kami kirimkan, direkap hanya dengan menggunakan kertas tanpa di input kedalam sistem & tidak ada crosscheck ulang pesanan. saya datang bersama rombongan, sudah booking, sudah pesan list makanan, namun pada saat hari H datang, makanan banyak yg tidak sesuai dengan list yg sudah kami kirim, pesan pepes tidak dikirim, pesan sop > 10 mangkok yang dtg baru 8 tp dibilang PESANAN SUDAH KELUAR SEMUA, minuman pesan 8 yg datang kurang 2 ALASANNYA SUDAH DIKIRIM SEMUA. bagaimana kami tahu bahwa makanan tsb memang sudah dikirim ke meja kami sedangkan kami yg memesan masih ada yang blm menerima pesanan tsb? tolong dibenahi sistem nya, dari mulai SOP, pelayanan di KASIR, dan juga sistem mengirim pesanan ke masing-meja, sistem doublecheck pesanan dan harus memiliki troli makanan agar pesanan partai besar tidak
tercecer. dan tolong etika kasir lebih ramah kepada pelanggan.",2026-03-17T14:49:35.109Z,Faridha Khoyrunnisa,104994170350115505603,False,0,id,2026-05-04T16:20:02.077355
Ci9DQUlRQUNvZENodHljRjlvT21OV1dEZHVUek5EUm1kZlpWRlVRMDlGTjBSS1FtYxAB,ChIJ4a0ADnLYbi4ReCqoEXeDdlE,Rumah Makan Langensari,Majalengka,Kuliner,1,"Pesen sate ayam 3, yang dateng cuma 1. Tapi disuruh bayar semuanya. Minuman juga ga dateng katanya abis, disuruh ganti menu malah diitung tambahan. Padahal udah booking sama list makanan yg mau dipesen, tapi pas adzan mau buka puasa makanan belum siap dimeja.",2026-03-17T14:27:59.795Z,Desi SW,101267844387865056697,False,0,id,2026-05-04T16:20:02.077364
ChdDSUhNMG9nS0VJQ0FnSUNsd2V1YzB3RRAB,ChIJ60dcWirZbi4Rqwp-RjFEkiU,SukaMie,Majalengka,Kuliner,5,Harga kaki lima rasa bintang lima. Konsep nya oke banget. Tantanmen dan es coklatnya juara!!,2023-11-20T05:34:55.846Z,shinta ratnasari,103377452041079581641,False,0,id,2026-05-04T16:20:02.077383
ChdDSUhNMG9nS0VJQ0FnSUNwdF8zeW5BRRAB,ChIJ60dcWirZbi4Rqwp-RjFEkiU,SukaMie,Majalengka,Kuliner,5,"Bagus sekali, konsep ala jepangnya dapet.
pelayanan juga ramah. makanan enak..

Saran : side menu nya ditambahin lagi
diluar mie dan ramen2an cuman ada dimsum ayam :""
kayaknya lebih enak lagi kalo ada gyoza ato menu lain yg goreng2..",2023-08-12T11:47:34.724Z,Aulia Rahmah,100638831934662467880,False,0,id,2026-05-04T16:20:02.077432
Ci9DQUlRQUNvZENodHljRjlvT25FM1psQllaamRTY0RSaE1EQkxSWGRSVUVvMGVsRRAB,ChIJ4a0ADnLYbi4ReCqoEXeDdlE,Rumah Makan Langensari,Majalengka,Kuliner,5,Sambal goreng sama tempe aja udah enak apalagi tambah ayam kampung goreng nya auto 3 piring,2026-03-02T11:36:41.867Z,Cecep Suindra,104724627757729093498,False,0,id,2026-05-04T16:20:02.077460
Ci9DQUlRQUNvZENodHljRjlvT2xSTlluSmpUVWxzTFdaWFNrbGlTM05HUlVKdGJYYxAB,ChIJ4a0ADnLYbi4ReCqoEXeDdlE,Rumah Makan Langensari,Majalengka,Kuliner,5,Makanan Sate dan Sopnya segar Enak rasanya pas,2026-02-27T11:34:42.823Z,Elditama Rezky Zulkarnain,105420246611411993952,True,0,id,2026-05-04T16:20:02.077476
Ci9DQUlRQUNvZENodHljRjlvT2xSMlEwMVlVRWQ0UkVORGNYcDFNbTE1VDAwemJtYxAB,ChIJ4a0ADnLYbi4ReCqoEXeDdlE,Rumah Makan Langensari,Majalengka,Kuliner,5,Sop dengkil ya masya allah enak ngt,2026-01-25T13:07:25.636Z,Intan Damayanti,117212840326556121042,True,0,ms,2026-05-04T16:20:02.077514
Ci9DQUlRQUNvZENodHljRjlvT2paTmVtdGhUa0prV0V0TGVVY3hXRGxZUWxSWVdsRRAB,ChIJ4a0ADnLYbi4ReCqoEXeDdlE,Rumah Makan Langensari,Majalengka,Kuliner,5,Sop iga sama sate nya Mantaaap.,2026-01-24T03:25:06.685Z,Asep Budiman,117573145645477834749,True,0,kn,2026-05-04T16:20:02.077522
Ci9DQUlRQUNvZENodHljRjlvT21nNWNsRjNPR1prT0RocldtVk9hRE5ITUhJMlVsRRAB,ChIJ4a0ADnLYbi4ReCqoEXeDdlE,Rumah Makan Langensari,Majalengka,Kuliner,4,"Sambil melintas kearah Palimanan, nemu tempat makan siang yang cocok dengan selera kami. Rekomendasi sambel terasi dadak 👍🏽👍🏽👍🏽+ tempe goreng.
Untuk sop & terutama sate kambing-nya, juga rekomend !",2026-01-23T08:32:15.096Z,Ginanjar,116846136039021313865,True,0,id,2026-05-04T16:20:02.077530
Ci9DQUlRQUNvZENodHljRjlvT2twTlduQXdaVkJrWW0xdWJIZFNSRzVzZUhWaVQwRRAB,ChIJIebISCQhby4RdUMaWktlvBQ,Rumah Makan Lesehan Khas Sunda 'Neng Euis',Majalengka,Kuliner,5,Masakan khas sunda yg asli,2026-04-24T10:42:02.087Z,Agus Mulyadi,107606870516938576816,True,0,id,2026-05-04T16:20:02.077552
Ci9DQUlRQUNvZENodHljRjlvT25oSE9UTlNObmRLVmt4RVRFeG1jVzVtTUVKcVJXYxAB,ChIJIebISCQhby4RdUMaWktlvBQ,Rumah Makan Lesehan Khas Sunda 'Neng Euis',Majalengka,Kuliner,5,"Pelayanan ramah, cepat, ada pengamenya yg iteraktif.",2026-04-04T03:48:57.031Z,Joniero Jo,116035731977832152184,True,0,id,2026-05-04T16:20:02.077563
Ci9DQUlRQUNvZENodHljRjlvT25CV1pVSnBiVFZHWTJOdFVtOXBNelZzVkZJM1oyYxAB,ChIJIebISCQhby4RdUMaWktlvBQ,Rumah Makan Lesehan Khas Sunda 'Neng Euis',Majalengka,Kuliner,1,"Bismillah maaf saya review jujur semoga ada evaluasi. Pengalaman saya makan di tempat ini pada hari selasa tgl 24-03-2026 sbb:
1. Pelayanan kurang ramah = kami disuruh nulis sendiri, kemudian tulisan kami malah dikoreksi. Para pelayan menatap kami dgn muka masam
2. Waktu tunggu lama = kami menunggu makanan disajikan sampai sekitar 1 jam.
3. Tidak tahu kenapa manajemen rumah makan malah membiarkan pengamen jalanan keluar masuk, sedangkan didalam sudah tersedia live akustik. Sehingga membuat tidak nyaman & bising
4. Petugas yg membersihkan sisa makanan pengunjung malah membuangnya langsung ke kolam di depan para pengunjung yg lain, hal tsb sangatlah tidak etis!

Semoga ada perbaikan dan bisa memberikan pelayanan yg prima.",2026-03-28T06:19:24.025Z,Dudi Rusdita,104408554967421117275,False,0,id,2026-05-04T16:20:02.077578
Ci9DQUlRQUNvZENodHljRjlvT2pOelFraHFUMjluV0VnMlNFZ3pWakZtYUdKaWNHYxAB,ChIJIebISCQhby4RdUMaWktlvBQ,Rumah Makan Lesehan Khas Sunda 'Neng Euis',Majalengka,Kuliner,5,overall nyaman dan terjangkau,2026-03-14T17:43:37.193Z,mohammad ilham abdillah,113313972259845976265,True,0,id,2026-05-04T16:20:02.077587
Ci9DQUlRQUNvZENodHljRjlvT25kWE1GaDBVVVpTYzI1SWJVY3ljelJSZFMxTFlsRRAB,ChIJIebISCQhby4RdUMaWktlvBQ,Rumah Makan Lesehan Khas Sunda 'Neng Euis',Majalengka,Kuliner,2,"Saya kemari bersama keluarga besar. Ikan yang saya makan ada belatungnya ( larva lalat) lalu kami kembalikan diganti yang baru. Tapi nafsu makan udah keburu ilang. Ko bisa makanan belatung di sajikan ke konsumen? Semoga bisa lebih diperbaiki lagi kualitasnya. Di tempat lesehan banyak semut nya juga, dan di sungai nya banyak sampah.",2026-02-06T15:12:28.549Z,K Die,113110310660791401899,True,0,id,2026-05-04T16:20:02.077594
Ci9DQUlRQUNvZENodHljRjlvT2twWE1tZHRia280ZVhCTGFXZHhRVlE1Wkd4WldWRRAB,ChIJIebISCQhby4RdUMaWktlvBQ,Rumah Makan Lesehan Khas Sunda 'Neng Euis',Majalengka,Kuliner,5,enak makanannya dan murah harga,2026-01-07T09:35:44.439Z,ian fiveristi,109374209391472546489,True,0,id,2026-05-04T16:20:02.077615
Ci9DQUlRQUNvZENodHljRjlvT2pkMVExbGtkMGhZTFVObVkyVkhOM05TT1ZrNFYyYxAB,ChIJIebISCQhby4RdUMaWktlvBQ,Rumah Makan Lesehan Khas Sunda 'Neng Euis',Majalengka,Kuliner,5,"Makanannya enak, tempatnya adem bisa lesehan jga, ada live Music jga kpaan lagi rumah makan ada live musicnya, yg paling ajib nya ada spot photo yg cakep bngt broo gokil asli😁",2026-01-01T10:17:21.994Z,Tegar Wahyu Aditya Sundawa,106845146648050870675,True,0,id,2026-05-04T16:20:02.077634
Ci9DQUlRQUNvZENodHljRjlvT25nMlZEUlpWVlV5TjI1eFRFSldSMUp1WWpGT1dGRRAB,ChIJIebISCQhby4RdUMaWktlvBQ,Rumah Makan Lesehan Khas Sunda 'Neng Euis',Majalengka,Kuliner,1,Menu yg salah catet elu yg bayar gw,2025-11-08T04:17:08.279Z,Sabiq Muhammad,102811223987117284922,True,0,id,2026-05-04T16:20:02.077660
Ci9DQUlRQUNvZENodHljRjlvT25OemVISkNObGMyTlVob2FuRmtWMU5uUjE4M1NXYxAB,ChIJIebISCQhby4RdUMaWktlvBQ,Rumah Makan Lesehan Khas Sunda 'Neng Euis',Majalengka,Kuliner,5,"Tempat makan khas Sunda yang ada di pelosok Majalengka...

Penyanyi cafe dengan suara sangat bagus...
Bisa ikut Indonesian Idol...
Maju terus Mas'eee......",2025-10-05T11:22:20.830Z,Hernu Sulistyo,117385234032971341626,True,0,id,2026-05-04T16:20:02.077682
Ci9DQUlRQUNvZENodHljRjlvT2pKQ1dWUkJTekJtWVhsVVRUVkpMV050Y21SWk1VRRAB,ChIJIebISCQhby4RdUMaWktlvBQ,Rumah Makan Lesehan Khas Sunda 'Neng Euis',Majalengka,Kuliner,5,"Keinget waktu kecil makan di sini sama keluarga ,,,dan skrang aku sama keluarga kecilku 🥰🥰🥰",2025-09-26T07:01:23.136Z,Ina Kasir,113347538357934198847,False,0,id,2026-05-04T16:20:02.077692
Ci9DQUlRQUNvZENodHljRjlvT2pacWVVOHhkWGhNU1habE5Gb3dRbmt3YVd0WE9HYxAB,ChIJIebISCQhby4RdUMaWktlvBQ,Rumah Makan Lesehan Khas Sunda 'Neng Euis',Majalengka,Kuliner,5,"Cocok buat rapat/ evaluasi bareng team guys ,tempatnya adem",2025-09-26T06:58:58.623Z,Mang Ipin,113090141281233080569,False,0,id,2026-05-04T16:20:02.077702
Ci9DQUlRQUNvZENodHljRjlvT2xkNWJFNUNlRjlPYUdKVVdscHpORFpUTmxCTmRVRRAB,ChIJIebISCQhby4RdUMaWktlvBQ,Rumah Makan Lesehan Khas Sunda 'Neng Euis',Majalengka,Kuliner,5,"Tempat legend ,untuk makan dan kumpul keluarga yg reall dan nyaman",2025-09-26T06:55:42.140Z,Agus Pirman,117709883863710444671,False,0,id,2026-05-04T16:20:02.077710
Ci9DQUlRQUNvZENodHljRjlvT2xCc1JqQlhjMmROWVZGb01FaHpRMkY1TjJGd1QzYxAB,ChIJIebISCQhby4RdUMaWktlvBQ,Rumah Makan Lesehan Khas Sunda 'Neng Euis',Majalengka,Kuliner,5,"Ikan bakar  nya enak bageet ,tempat nya nyaman d bersih,hrga ya juga gak terlaluh mahal",2025-09-25T05:59:27.515Z,Hafizah Nur fadilah,108524185895025459053,False,0,id,2026-05-04T16:20:02.077718
Ci9DQUlRQUNvZENodHljRjlvT2tSdlNHVk1TV1ZLZUVwU2FURllaVmhyWlVrdFVsRRAB,ChIJIebISCQhby4RdUMaWktlvBQ,Rumah Makan Lesehan Khas Sunda 'Neng Euis',Majalengka,Kuliner,5,"Tempat makan khas Sunda paling legend ya di sini ,,dari saya belum lahir juga udah ada 😂😂😂👍👍cobain dehh ,makanan sama suasana nya enakeun",2025-09-25T05:55:46.898Z,Saha Rony,114749353368273973081,False,0,id,2026-05-04T16:20:02.077726
Ci9DQUlRQUNvZENodHljRjlvT2tReGFHUTVjRXg1VXpZd2JHZEpYMGRFYTNjd2JGRRAB,ChIJIebISCQhby4RdUMaWktlvBQ,Rumah Makan Lesehan Khas Sunda 'Neng Euis',Majalengka,Kuliner,5,"Untuk sate enak, aku pesen sate ayam sama kambing ,,,terbaokkk rasanya ,bumbunya beda dari yg lain ,nge dadak di bakar masih panas pula 🥰🥰🥰👌👌👌
Nanti mau ajak keluarga ah kesini lagi",2025-09-25T05:48:11.732Z,Ari Mustari,107648807224209300575,False,0,id,2026-05-04T16:20:02.077734
Ci9DQUlRQUNvZENodHljRjlvT2tGeFJHMUxibUZwVUhKNmJqQkdjemhEVkVVeFpWRRAB,ChIJIebISCQhby4RdUMaWktlvBQ,Rumah Makan Lesehan Khas Sunda 'Neng Euis',Majalengka,Kuliner,5,"Makanannya enak enak ,apalgi benter gorengnya aduhhh bikin nagih,sampe mesen buat di bawa pulang ,😁 cocok buat kumpul2 keluarga sambil makan ,karena tempatnya nyaman dan bersih",2025-09-25T03:56:45.702Z,Bayu Beat,112476509583617989274,False,0,id,2026-05-04T16:20:02.077742
Ci9DQUlRQUNvZENodHljRjlvT25sWmVIWnZZV3hUVDI1MU1FSXphM0pxWWpSeGRIYxAB,ChIJIebISCQhby4RdUMaWktlvBQ,Rumah Makan Lesehan Khas Sunda 'Neng Euis',Majalengka,Kuliner,5,"Makanan enak2, pelayanan jg cukup memuaskan..
Bisa request makanan sesuai selera kita.
Menu komplit dari mulai ikan, ayam, sop, sayur, pencok dan kawan2nya..
Suasana jg nyaman, tempat duduknya banyak.
Harga cukup terjangkau..
Rekomendasi sekali ya RM neng euis ini 👌",2025-09-24T22:26:43.610Z,cindy oktaviani,113878732618461100523,True,0,id,2026-05-04T16:20:02.077753
Ci9DQUlRQUNvZENodHljRjlvT201NFZGWmZZM2QzV21jd1l6Wlhha1ZIVEZoM1dGRRAB,ChIJIebISCQhby4RdUMaWktlvBQ,Rumah Makan Lesehan Khas Sunda 'Neng Euis',Majalengka,Kuliner,1,"Kecewa makan di sini makan sate dan ikan bakar bukan dadakan di bakar tpi ini sudah mateng ,, sangat kecewa",2025-09-23T15:36:54.728Z,Syukuri Nikmati,114470085211773396990,True,0,id,2026-05-04T16:20:02.077761
Ci9DQUlRQUNvZENodHljRjlvT25reVVGZG5SVEJxYm5GUE0yMVRZbmQ2VDBadFMxRRAB,ChIJIebISCQhby4RdUMaWktlvBQ,Rumah Makan Lesehan Khas Sunda 'Neng Euis',Majalengka,Kuliner,5,"Tempat nya enak, adem tepi sungai juga,recommended banget deh pokonya",2025-09-23T05:07:26.040Z,Dadan Ramadhan,107227270382266955473,False,0,id,2026-05-04T16:20:02.077769
ChZDSUhNMG9nS0VJQ0FnSURCbE8yM2F3EAE,ChIJIebISCQhby4RdUMaWktlvBQ,Rumah Makan Lesehan Khas Sunda 'Neng Euis',Majalengka,Kuliner,5,Pelayanan dan tempat nyaman rekomendasi untuk yang ingin menikmati makanan khas Sunda nya ..,2025-08-29T05:57:38.491Z,Ari Angga,109788611793234754900,False,0,id,2026-05-04T16:20:02.077783
Ci9DQUlRQUNvZENodHljRjlvT25aYWVrNUVaMGM0YUZZeFYzRXhTRXBoUWxoR01XYxAB,ChIJIebISCQhby4RdUMaWktlvBQ,Rumah Makan Lesehan Khas Sunda 'Neng Euis',Majalengka,Kuliner,5,"Pertama kali coba ayam bakar madu aren di sini, rasanya enak banget! Ayamnya empuk, bumbunya meresap, manis legit madu + smokey gula arennya bikin nagih. Disajikan sama sambal khas, top banget belum lagi Gurame pesmol cobek panasnya luar biasa! Datang masih berasap, kuahnya segar gurih pedas khas Sunda. Ikan guramenya fresh banget, porsinya besar, cocok dimakan rame-rame bareng keluarga. Pokoknya susah berkata2 lagi deh Top markotop 👍",2025-08-27T12:57:46.853Z,Neni Nur Aina,102668341805608487388,True,0,id,2026-05-04T16:20:02.077792
ChZDSUhNMG9nS0VJYVZ3cmZmbU9Ud0NBEAE,ChIJIebISCQhby4RdUMaWktlvBQ,Rumah Makan Lesehan Khas Sunda 'Neng Euis',Majalengka,Kuliner,5,Wajib makan kesini klo main ke Majalengka,2025-05-11T08:16:44.212Z,c0kieaje,115315545073292405996,True,0,id,2026-05-04T16:20:02.077849
ChdDSUhNMG9nS0VJQ0FnTURJMjR1YmhRRRAB,ChIJIebISCQhby4RdUMaWktlvBQ,Rumah Makan Lesehan Khas Sunda 'Neng Euis',Majalengka,Kuliner,4,"Enak, terbaik di sekitarnya kyknya",2025-04-13T08:28:05.155Z,My shop martin,114592941110594210153,True,0,id,2026-05-04T16:20:02.077871
ChZDSUhNMG9nS0VJQ0FnTUNJM3ZXZVhnEAE,ChIJIebISCQhby4RdUMaWktlvBQ,Rumah Makan Lesehan Khas Sunda 'Neng Euis',Majalengka,Kuliner,1,"pesanan saya ga diproses setelah menunggu 1 jam. komunikasinya buruk dari pelayan ke kitchen, akhirnya gajadi makan lgsg pergi",2025-04-02T08:13:10.092Z,Zahra Kuswatim,118393301630879052186,False,0,id,2026-05-04T16:20:02.077887
ChdDSUhNMG9nS0VJQ0FnTURneXFhMHNBRRAB,ChIJIebISCQhby4RdUMaWktlvBQ,Rumah Makan Lesehan Khas Sunda 'Neng Euis',Majalengka,Kuliner,5,"Makanannya enak, tempatnya luas & nyaman",2025-02-24T01:14:53.163Z,Nazar Farghani,102310217300012337241,True,0,id,2026-05-04T16:20:02.077902
ChdDSUhNMG9nS0VJQ0FnTUNnOTQ2SjRRRRAB,ChIJIebISCQhby4RdUMaWktlvBQ,Rumah Makan Lesehan Khas Sunda 'Neng Euis',Majalengka,Kuliner,5,Enak enak saya udah sering ke situ makanya enak enak banget,2025-02-21T13:47:09.006Z,Al Gi,112740751686327766425,False,0,id,2026-05-04T16:20:02.077914
ChdDSUhNMG9nS0VJQ0FnTUNBMV9YT2h3RRAB,ChIJIebISCQhby4RdUMaWktlvBQ,Rumah Makan Lesehan Khas Sunda 'Neng Euis',Majalengka,Kuliner,5,Tempatnya asri dan makanannya pun enak cmn harga yang ditawarkan cukup overprice,2025-02-05T07:56:20.623Z,M. Fayyadh Arkaan (Fayyadh),103556813891179502089,True,0,id,2026-05-04T16:20:02.077932
ChZDSUhNMG9nS0VJQ0FnSURfNjl2alpBEAE,ChIJIebISCQhby4RdUMaWktlvBQ,Rumah Makan Lesehan Khas Sunda 'Neng Euis',Majalengka,Kuliner,1,"Resto paling brengsek,,  kita sdh pesan nunggu ¾ jam sempat ngecek sama kasir dua jawab sdg di proses di blkg. Dan sampai hampir 1 jam,,dtanya lg dijawab tdk ada orderan..padahal jelas2 orderan sdh diterima mereka...

Gak ada kata maaf  dr mereka... paraaahh",2025-01-27T08:06:11.903Z,Nover Syah,116858108551398864977,False,0,id,2026-05-04T16:20:02.077948
ChZDSUhNMG9nS0VJQ0FnSURfNi1ycVZ3EAE,ChIJIebISCQhby4RdUMaWktlvBQ,Rumah Makan Lesehan Khas Sunda 'Neng Euis',Majalengka,Kuliner,1,"Ga rekomen. Service lama, makanan b aja, tempat kotor",2025-01-27T07:20:17.055Z,Thoriq Abdillah,109048229892533006411,False,0,id,2026-05-04T16:20:02.077957
ChdDSUhNMG9nS0VJQ0FnSURfdEpEQTBnRRAB,ChIJIebISCQhby4RdUMaWktlvBQ,Rumah Makan Lesehan Khas Sunda 'Neng Euis',Majalengka,Kuliner,5,Makan bersama bos apotek permana farma,2025-01-21T23:27:06.476Z,abdurahman saleh,106039218354045568339,True,0,id,2026-05-04T16:20:02.077971
