review_id,place_id,place_name,wilayah,kategori,rating,review_text,review_date,reviewer_name,reviewer_id,is_local_guide,likes_count,original_language,scraped_at
Ci9DQUlRQUNvZENodHljRjlvT2kxNVJUQk5kREE0VlVaMmR6QnRlazQ1YlZnM1ZIYxAB,ChIJCT9oGdYjby4RVohaPwUv3zY,Gunung Ciwaru,Majalengka,Wisata,5,Bagus tempat ny cmn akses jlny rusak tp g parah si,2026-04-23T12:25:29.419Z,hartati.chiko•,117671917226717069685,True,0,id,2026-05-04T16:18:38.352016
Ci9DQUlRQUNvZENodHljRjlvT21GUFVHdEpjemRhWWprMU5FcEJSakJHVVRSS1RuYxAB,ChIJCT9oGdYjby4RVohaPwUv3zY,Gunung Ciwaru,Majalengka,Wisata,5,Asikkk banget tempatnya😍,2026-04-21T09:07:34.750Z,Ashafa Salsa,101734485671026653735,True,0,id,2026-05-04T16:18:38.352048
Ci9DQUlRQUNvZENodHljRjlvT2t0ZlJVVnNSVzFJWW5sUGMxWTBiV2RuVFY5a2FsRRAB,ChIJCT9oGdYjby4RVohaPwUv3zY,Gunung Ciwaru,Majalengka,Wisata,5,"Pemandangannya bagus,adem pula pokonya bikin betah",2026-04-18T00:41:04.096Z,Rose Supardia,108891857101365920409,False,0,id,2026-05-04T16:18:38.352062
Ci9DQUlRQUNvZENodHljRjlvT25obGFVdGxiblpGWVhKa1ZXcGpVSEZqUVU1VmRIYxAB,ChIJCT9oGdYjby4RVohaPwUv3zY,Gunung Ciwaru,Majalengka,Wisata,4,Capek nya terbayar oleh bentangan Landscape hijau nya,2026-04-15T02:05:53.365Z,Yasin,110594976308416504938,True,0,id,2026-05-04T16:18:38.352105
ChZDSUhNMG9nS0VJQ0FnSUNCbl9ldkVREAE,ChIJCT9oGdYjby4RVohaPwUv3zY,Gunung Ciwaru,Majalengka,Wisata,5,Wisata yang sangat rekomendasi buat kalian ajak doi kalian ke tempat ini,2026-04-14T04:52:54.007Z,Muhammad Rifki,110944480779999923303,True,0,id,2026-05-04T16:18:38.352123
Ci9DQUlRQUNvZENodHljRjlvT2xVMFRXNDRhRWxKVnpkMFIyUnRkRGxsVDB4YVVIYxAB,ChIJCT9oGdYjby4RVohaPwUv3zY,Gunung Ciwaru,Majalengka,Wisata,4,"Pengalaman pertama naik gunung yah jadi lumayan capek walupun sebentar, tapi jujur view nya bagus banget kak cuman kemaren tuh lumayan banyak kabut. Sama minta tolong ke kaka penjaganya buat ngondisiin kayu² yang udah rapuh. Terimakasih🙏🙏",2026-04-04T09:50:58.902Z,Fina Fauziyah,112106329321559000659,False,0,id,2026-05-04T16:18:38.352160
Ci9DQUlRQUNvZENodHljRjlvT25RNGVrdGhNVkJOVUZwVU5rcGxYMk4wUW5aMU0zYxAB,ChIJCT9oGdYjby4RVohaPwUv3zY,Gunung Ciwaru,Majalengka,Wisata,5,"Worth it bgt!!! View bagus apalagi sehabis ujan jadi aesthetic
Recommended pokoknya.. cuma jalannya aja kurang enak :( hati2 ya kalo mau ke gunung Ciwaru",2026-02-18T13:46:52.138Z,Ainunnisa Nisa,101290175198415898791,False,0,id,2026-05-04T16:18:38.352205
Ci9DQUlRQUNvZENodHljRjlvT2xnNWEyUnNTM0pYYzJwd01IQjZhV3hmTFhGSVpsRRAB,ChIJ19uGun8hby4R-fUCqf8dVDA,Aryakibansland,Majalengka,Wisata,5,Harga tiket masuk cuma 10rbu murah meriah sepuasnya,2026-04-13T12:52:28.114Z,Muhamad Yusup,114655296758098557781,True,0,id,2026-05-04T16:18:38.352260
Ci9DQUlRQUNvZENodHljRjlvT21SUk5VbHBXa016Vm1kTlRGVXhkemt6TkROQlFuYxAB,ChIJ19uGun8hby4R-fUCqf8dVDA,Aryakibansland,Majalengka,Wisata,5,lumayan ...buat nyenengi anak,2026-04-03T05:20:43.910Z,Wong Lanang,117476931385227509793,False,0,jv,2026-05-04T16:18:38.352271
Ci9DQUlRQUNvZENodHljRjlvT25GTFV6RTVZazUzTTBST00wbEZSRVkwYm5JM2RXYxAB,ChIJ19uGun8hby4R-fUCqf8dVDA,Aryakibansland,Majalengka,Wisata,5,"Rekomen bgt, pedagangnya gak nyekik, no pungli2 🤗🤗",2026-04-02T14:26:40.236Z,Kholid Chelsea,111135248583109452395,False,0,id,2026-05-04T16:18:38.352281
Ci9DQUlRQUNvZENodHljRjlvT25rM2NIZDRZVzFqZFVwWFYwUnpkRVJRY2toM1dtYxAB,ChIJ19uGun8hby4R-fUCqf8dVDA,Aryakibansland,Majalengka,Wisata,3,Kolam renangnya kotor sama jalannya masih pasir dan kelihatan kumuh,2026-03-29T15:59:53.680Z,h jack,108182774208942956742,True,0,id,2026-05-04T16:18:38.352292
Ci9DQUlRQUNvZENodHljRjlvT25oaFNUTnNTWGxTY0RaeVVFcHRZV3hLYTIxb1FXYxAB,ChIJ19uGun8hby4R-fUCqf8dVDA,Aryakibansland,Majalengka,Wisata,5,"Air nya kurang bagus, kolam buat bocil , parkiran , harus datang pagi pagi, bayar 10k tiket masuk hari libur 10 k, hari biasa 7 k , sesuai harga tiket masuk ada 6 kolam saja 👍",2026-03-24T02:31:24.263Z,Abanx chayanx chayanx,105165907781536559934,True,0,id,2026-05-04T16:18:38.352302
Ci9DQUlRQUNvZENodHljRjlvT21GRk1GcHJXVE5wVUdwcU1GTmlVak14VVhWa1lYYxAB,ChIJ19uGun8hby4R-fUCqf8dVDA,Aryakibansland,Majalengka,Wisata,4,"Murah, meriah, sederhana dan seru",2026-02-17T04:08:52.744Z,Bagian IT,104412644951118312984,False,0,id,2026-05-04T16:18:38.352343
Ci9DQUlRQUNvZENodHljRjlvT2s1WU0zUkJjWE52UjBGQ05YcG9aMGxJZVZKR01VRRAB,ChIJ19uGun8hby4R-fUCqf8dVDA,Aryakibansland,Majalengka,Wisata,1,Respon karyawan jelek bgt bnr2 bad attitude orang ada kehilangan barang respon jelek seakan2 gmna sebenernya di tunjukan di usahain cari walaupun g ktmu!!!semoga attitude nya di perbaiki,2026-01-10T09:09:04.507Z,Diyanasari24,107037283848469111492,False,0,id,2026-05-04T16:18:38.352382
Ci9DQUlRQUNvZENodHljRjlvT2taUWFtRlRTRWxNZWpkVmRsWnBZekIxTUVjM1JGRRAB,ChIJ19uGun8hby4R-fUCqf8dVDA,Aryakibansland,Majalengka,Wisata,1,Tempat nya angker penuh mistis,2026-01-06T14:07:18.484Z,Ugi Anto,113389579957388957635,False,0,id,2026-05-04T16:18:38.352406
Ci9DQUlRQUNvZENodHljRjlvT2xKU01sQTBTV1pIYjFsNlV6RlplV0p2ZHpockxYYxAB,ChIJCT9oGdYjby4RVohaPwUv3zY,Gunung Ciwaru,Majalengka,Wisata,1,Mahal banget masuk nya tempat b aja,2026-02-08T10:47:53.650Z,dede encil,118316941112471011638,False,0,id,2026-05-04T16:18:38.352415
Ci9DQUlRQUNvZENodHljRjlvT2pWSVVGZFFiM3BoWDNGc2FsUjRXazFHU2tSbGNYYxAB,ChIJCT9oGdYjby4RVohaPwUv3zY,Gunung Ciwaru,Majalengka,Wisata,5,Bagus banget pemandangan nya,2026-01-27T05:04:41.744Z,A Channel,102787354004140257688,True,0,id,2026-05-04T16:18:38.352425
Ci9DQUlRQUNvZENodHljRjlvT2sxQmVGQlJkMkpMWDBWeFprZEhOMkZ2TjNoT1dXYxAB,ChIJCT9oGdYjby4RVohaPwUv3zY,Gunung Ciwaru,Majalengka,Wisata,5,"Sekarang udah bagus banget, banyak spot foto dan ada warung,toiletnya juga di atas
2 orang 43k udah sama parkir",2026-01-13T10:58:09.345Z,131_Rafa Zaevitama,118333137658219416808,True,0,id,2026-05-04T16:18:38.352456
Ci9DQUlRQUNvZENodHljRjlvT25GZmRWOHRNSHAzVjBoNE5rYzBSMnAxVEhwb1VFRRAB,ChIJCT9oGdYjby4RVohaPwUv3zY,Gunung Ciwaru,Majalengka,Wisata,5,"Tiket masuk sudah naik jadi  20rb perorang (lumayan mahal, dulu 15ribu), dan biaya parkir 3rb. Dari tempat parkir ke puncak harus jalan kaki (Sekitar 10 menit sama nanjak banget).",2025-12-23T01:59:46.049Z,Cecep Sn (Thanosss),114455635346015200493,True,0,id,2026-05-04T16:18:38.352474
Ci9DQUlRQUNvZENodHljRjlvT20xbGFrWlRlVXBDUmtWQ2NGRXpOVWt0Um5OU1dFRRAB,ChIJCT9oGdYjby4RVohaPwUv3zY,Gunung Ciwaru,Majalengka,Wisata,5,Psikolog paling mahal adalah keindahan alam dan dsini menyajikan kesejukan dan ketenangan yg TDK bisa dinilai...,2025-12-18T01:44:17.360Z,Purnawan Julianto,115295557904220729197,True,0,id,2026-05-04T16:18:38.352500
Ci9DQUlRQUNvZENodHljRjlvT2pKM1NXOXJhMmhGTkROMlJuQlJSbGxEWkU1cWIxRRAB,ChIJCT9oGdYjby4RVohaPwUv3zY,Gunung Ciwaru,Majalengka,Wisata,5,Ciptaan tuhan indah banget termasuk kamu🫶🏻🫰,2025-11-12T15:14:56.748Z,ilhamul Khoir,114079577995480056635,False,0,id,2026-05-04T16:18:38.352539
Ci9DQUlRQUNvZENodHljRjlvT2xneU5uRk1ZMjlZZEV4cE1VaElhRVZJWVZOdWEwRRAB,ChIJCT9oGdYjby4RVohaPwUv3zY,Gunung Ciwaru,Majalengka,Wisata,5,"Haii sobat travellers. Kali ini aku mau berbagi review tentang Gunung Ciwaru. Lokasinya terletak di Jl. Desa Payung, Pajajar, Kec. Rajagaluh, Kabupaten Majalengka, Jawa Barat.

Tempatnya mudah dijangkau. Banyak plang nama tempat dan petunjuk jalan, tanpa bantuan maps pun aman. Area parkirnya cukup luas hanya bisa diakses motor.
Tidak tersedia tempat masuk untuk pengguna kursi roda karena full tangga.
Tidak cukup ramah anak harus penjagaan extra kalo bawa anak. Tempatnya enak diatas sudah terdapat toilet umum, mushola dan warung.
Pelayanannya baik, penduduk ramah someah.
Harganya affordable.
Tidak tersedia ATM. Sinyal diatas bagus banget sii untuk aku yg pengguna kartu Tri.

Waktu terbaik berkunjung kesini pada saat pagi hari. Info di maps kurang tepat, pas aku tanya langsung diibuka dari jam 6 pagi.
Suasananya nyaman, cocok bgt buat kaliajn yang butuh tempat untuk menenangkan pikiran, disini sangat perhatikan kebersihannya.

Pastikan saat berkunjung bukan di jam ramai agar lebih leluasa menikmati view, hidangan serta suasananya. Abadikan momen bahagiamu. Jangan buang sampah sembarangan. Semoga ada perbaikan untuk kedepannya agar menjadi jauh lebih baik lagi.

Cukup sekian review singkat dari saya. Semoga review ini dapat membantu.",2025-10-19T13:50:43.041Z,Anisah Nur Ismayanti,107425818564112852361,True,0,id,2026-05-04T16:18:38.352549
ChdDSUhNMG9nS0VJQ0FnTUNJdzdyOGhBRRAB,ChIJCT9oGdYjby4RVohaPwUv3zY,Gunung Ciwaru,Majalengka,Wisata,4,"Tempat'a bersih, nyaman,..
Yang mo ke sini,
Badan n Kendaraannya kudu fit...
Perjalanan'a berkelak kelok",2025-09-23T17:15:27.267Z,Nurul Anisah Tajmi,112133865652446773406,False,0,id,2026-05-04T16:18:38.352558
Ci9DQUlRQUNvZENodHljRjlvT21FMk5ISnllRTUxVGxKV1F6SlhNVXRzWDBSZk0xRRAB,ChIJ19uGun8hby4R-fUCqf8dVDA,Aryakibansland,Majalengka,Wisata,1,"Masih banyak kekurangan

1. Area playingfox mengganggu anak2 yg sedang renang
2. Kamar ganti / toilet sedikit sehingga pengunjung antri panjang untuk ganti pakaian
3. Banyak sampah berserakan
4. Ukuran kolam renang terlalu kecil kecil
5. Jalan menuju kolam renang berlumpur, khusus nya area atas.",2026-01-04T05:39:20.380Z,BREIS Gaming,114726484949894268446,False,0,id,2026-05-04T16:18:38.352590
Ci9DQUlRQUNvZENodHljRjlvT21wYVRGOVRXSFIwZFVsb1oySlpNalZYY1ZjM2VWRRAB,ChIJ19uGun8hby4R-fUCqf8dVDA,Aryakibansland,Majalengka,Wisata,1,"Kamer mandinya tolong banyakin lah, hal sekecil buang air kecil aja susah banget, ga lagi lagi kesini.",2026-01-01T07:09:19.280Z,Xeenia Teona,114873796146028214156,False,0,id,2026-05-04T16:18:38.352607
Ci9DQUlRQUNvZENodHljRjlvT205VU5HVlhSRzk0Um1GeWNIZEdiMHd3ZFZOMmFtYxAB,ChIJ19uGun8hby4R-fUCqf8dVDA,Aryakibansland,Majalengka,Wisata,1,"jelek. kamer mandi cuman sedikit udah gitu airnya mati trus juga kebanyakan orang, pihak wisata ga bisa handle. ga worth it lah. ga usah kesini.",2026-01-01T06:54:13.907Z,baksobabi ikanbuntal,115857183032871658585,False,0,id,2026-05-04T16:18:38.352616
Ci9DQUlRQUNvZENodHljRjlvT2pKUGVsZzRYMnBRUm1Oc01EVmxXWHBvYUZGeWFsRRAB,ChIJ19uGun8hby4R-fUCqf8dVDA,Aryakibansland,Majalengka,Wisata,5,Tempatnya nyaman dan adem enak buat santai sambil nemenin anak berenang,2025-12-28T08:08:38.573Z,Iday Hunter,103949607449018167086,True,0,id,2026-05-04T16:18:38.352624
Ci9DQUlRQUNvZENodHljRjlvT2xGWVowOUxRemhvWkZOSlNFSmtkMjExVGpWc1JHYxAB,ChIJ19uGun8hby4R-fUCqf8dVDA,Aryakibansland,Majalengka,Wisata,5,"Mantap area yg ada bunga²nya bagus,, dan ada Arum jeram trnyata",2025-12-26T05:10:15.931Z,Lisa Amelia,107069714284939397694,False,0,id,2026-05-04T16:18:38.352633
Ci9DQUlRQUNvZENodHljRjlvT25kQ1ExbDZiRFV4VW05ck0wTTNXWEkzUVdzemRuYxAB,ChIJ19uGun8hby4R-fUCqf8dVDA,Aryakibansland,Majalengka,Wisata,5,Bagus bagus bibitnya,2025-12-20T05:22:15.790Z,Fikri tani,100743489179219306687,True,0,id,2026-05-04T16:18:38.352642
Ci9DQUlRQUNvZENodHljRjlvT21wcllqazRZMk5tWDFOUFdVNTBNelZaTjJWbFIxRRAB,ChIJ19uGun8hby4R-fUCqf8dVDA,Aryakibansland,Majalengka,Wisata,5,wisata bermain dan wisata. Renang dan outbon.,2025-12-19T18:49:32.721Z,Warja'i S.Pd.I,106133433996527644410,True,0,id,2026-05-04T16:18:38.352653
Ci9DQUlRQUNvZENodHljRjlvT2s5dmREUjBUWFkzU2sxR09XRkpXVUk1VVhkQ01FRRAB,ChIJ19uGun8hby4R-fUCqf8dVDA,Aryakibansland,Majalengka,Wisata,5,Asik jg buat acara liburan buat keluarga,2025-12-19T07:54:17.967Z,Joko Leksono,108699527679584105757,False,0,id,2026-05-04T16:18:38.352662
Ci9DQUlRQUNvZENodHljRjlvT2s5ZmJuQnlXbmQyUlRkM04wZHJValJRWDNKbWJYYxAB,ChIJ19uGun8hby4R-fUCqf8dVDA,Aryakibansland,Majalengka,Wisata,2,Harganya berapa?,2025-12-17T13:14:10.940Z,Joni Joni,106263055515797443089,False,0,id,2026-05-04T16:18:38.352670
Ci9DQUlRQUNvZENodHljRjlvT2tJMGNIaFhTMkpyTUhwR2JGSm5UMUEzVEdacFVXYxAB,ChIJ19uGun8hby4R-fUCqf8dVDA,Aryakibansland,Majalengka,Wisata,1,"Tempat yang walaupun jauh tetap kalo bawa anak berenang kesini,, Karna anak senang saya pun bisa mengheninhkan diri di sini..
Namun tadi keheningan di rusak dengan Suara sound yang sember berpadu dengan sound tetangga yang penanyinya enakan diem.

Di area terbuka seperti itu +Area umum, penting sekali memperhatikan Desibel volume dan tolong yg karoke jangan Rusak Suara alam.",2025-12-17T10:49:21.177Z,Aceng Imam Aceng,100975545067410001184,False,0,id,2026-05-04T16:18:38.352679
Ci9DQUlRQUNvZENodHljRjlvT2kxMmJ6ZFlkVloyT0VsdFdVTkdNa3hJYVVjemVXYxAB,ChIJ19uGun8hby4R-fUCqf8dVDA,Aryakibansland,Majalengka,Wisata,5,Tempt asik .harga tiket ekonomis,2025-10-31T03:21:41.884Z,Nurudin Bae,117036741543526178890,False,0,id,2026-05-04T16:18:38.352722
Ci9DQUlRQUNvZENodHljRjlvT2kxc2FERlBMV3hCTUROdloyZzVSbU41TkROMFUzYxAB,ChIJ19uGun8hby4R-fUCqf8dVDA,Aryakibansland,Majalengka,Wisata,5,Murah tiket ya.,2025-10-31T02:52:16.913Z,nur udin,105000518341525595373,True,0,id,2026-05-04T16:18:38.352736
Ci9DQUlRQUNvZENodHljRjlvT2pKaGNrWXpTemMyVVVKWGQya3RhMGswYVVVeU0xRRAB,ChIJ19uGun8hby4R-fUCqf8dVDA,Aryakibansland,Majalengka,Wisata,5,Ada wahana arunh jeramnya,2025-10-23T05:05:16.043Z,Araie Bastello,108933644147121291062,True,0,id,2026-05-04T16:18:38.352767
Ci9DQUlRQUNvZENodHljRjlvT2psdWRIaGtWRk51VG5sMlJVVlRVSEZxTW5ST1RXYxAB,ChIJ19uGun8hby4R-fUCqf8dVDA,Aryakibansland,Majalengka,Wisata,5,"Tiket murah halaman parkir juga luas.
Trsdia musolah juga.yang psti Cukup nyaman tempatnya buat kluarga",2025-10-14T04:44:19.280Z,Boy Adam,110416225612166088588,True,0,id,2026-05-04T16:18:38.352784
Ci9DQUlRQUNvZENodHljRjlvT2toTWVGRnhhVzVXY1V3eVEweHlaWEJwZVhBMU4zYxAB,ChIJ19uGun8hby4R-fUCqf8dVDA,Aryakibansland,Majalengka,Wisata,5,"Tempat wisata yg cocok untuk keluarga. Tiket murah, fasilitas toilet banyak dan bersih, ada mushola dan kantin jajanan dengan harga murah. Judulna mah lamun kadieu pasti hawana hayang sare, sejukkkk pisan adem. Banyak saung2...terbaik",2025-10-05T02:45:53.182Z,Risandi Bagus,111590594313268284432,False,0,id,2026-05-04T16:18:38.352802
ChdDSUhNMG9nS0VJQ0FnSURPNUpMNzVnRRAB,ChIJ19uGun8hby4R-fUCqf8dVDA,Aryakibansland,Majalengka,Wisata,5,"Buat kalian yg suka renang dgn pemandangan yg asri..tempat ini memang tepat..hny dgn tiket masuk 7rb,parkir 3rb.kita SDH disuguhkan kolam yg bersih..bersampingan dgn sungai,,ada air terjun kecil..gazebo ,toilet yg bersih,, tempat sholat..yg sy salut..harga jajanan beda yg lain..murah""..dr popmie sosis bahkan jagung bakar sebatang cm 5rb 🤭",2025-10-01T09:56:16.190Z,Khalisa oshi putri,106268652500783726778,False,2,id,2026-05-04T16:18:38.352812
Ci9DQUlRQUNvZENodHljRjlvT2taQ1YweGZNbkpTV2pWMFJEaGZVVkJJWVVad09XYxAB,ChIJ19uGun8hby4R-fUCqf8dVDA,Aryakibansland,Majalengka,Wisata,1,سئ جدا جدا وغير نظيف لا انصح بزيارته,2025-09-06T03:12:36.902Z,R ALBAWARDI,111478062545788010373,True,0,ar,2026-05-04T16:18:38.352832
Ci9DQUlRQUNvZENodHljRjlvT25RemJscEJZaTFvUzFCM2NTMVJWMmxHZW1neFdtYxAB,ChIJ19uGun8hby4R-fUCqf8dVDA,Aryakibansland,Majalengka,Wisata,5,Destinasi wisata yg ada di Rajagaluh kidul... Skrng makin bagus.. Mantap euy,2025-09-01T15:06:38.288Z,Een Nuraenah,104875465844730290587,True,0,id,2026-05-04T16:18:38.352841
Ci9DQUlRQUNvZENodHljRjlvT2pkcFRsRnhTMjF5WDFCcVEweENTbEJ5ZEhGV1dtYxAB,ChIJ19uGun8hby4R-fUCqf8dVDA,Aryakibansland,Majalengka,Wisata,4,"Tempatnya adem, pinggir sungai, harga tiket hemat.",2025-07-23T19:02:03.079Z,A. Salman Alfarisi,114791838987887040606,True,0,id,2026-05-04T16:18:38.352859
Ci9DQUlRQUNvZENodHljRjlvT2xwb2FVdGxkRVJMYjBwb01UZHpPVkkzZGxkcVFXYxAB,ChIJ19uGun8hby4R-fUCqf8dVDA,Aryakibansland,Majalengka,Wisata,5,"sangat rekomendet bangat udah asri nyaman skli tmptnya, parkir luas htm relatip bnyk wahananya ada arung jeramnya jg lhooooo",2025-07-21T05:29:50.189Z,Mas Aan Getasan,113226948029782504727,True,0,id,2026-05-04T16:18:38.352867
Ci9DQUlRQUNvZENodHljRjlvT2tWSFRETk5OV1IyYW5wQmNqbFhNemt4V25Kb1MyYxAB,ChIJ19uGun8hby4R-fUCqf8dVDA,Aryakibansland,Majalengka,Wisata,5,Untuk tiket sangat terjangkau.,2025-07-21T00:18:29.498Z,Iim Muhimah,112282369071462335731,False,0,id,2026-05-04T16:18:38.352877
Ci9DQUlRQUNvZENodHljRjlvT2xWVlJFWm1ObWRtUVU5S2J6UlFiREI2WldwNlJHYxAB,ChIJCT9oGdYjby4RVohaPwUv3zY,Gunung Ciwaru,Majalengka,Wisata,5,Pemandangannya bagussss,2025-08-17T22:12:40.232Z,Siti Aisah,116837841144888897881,False,0,id,2026-05-04T16:18:38.352900
Ci9DQUlRQUNvZENodHljRjlvT2tOVU5sVlBRVzg0Y1dOUmJGcE9hSEZxWjNCcExXYxAB,ChIJCT9oGdYjby4RVohaPwUv3zY,Gunung Ciwaru,Majalengka,Wisata,5,Tempat nya adem nyaman banyak spot fotonya juga,2025-08-11T05:01:25.052Z,Rena Trifransiska,109348538027385827085,False,0,id,2026-05-04T16:18:38.352930
Ci9DQUlRQUNvZENodHljRjlvT2xkTVpWaGxkamhvZVVKRVRGcGhOalpCTWs1VVMyYxAB,ChIJCT9oGdYjby4RVohaPwUv3zY,Gunung Ciwaru,Majalengka,Wisata,5,kalo mau liat lautan awan usahakan datang sebelum jam 7,2025-07-23T07:41:57.286Z,Ahmad Pramuja,100131839007413148674,True,0,id,2026-05-04T16:18:38.352963
Ci9DQUlRQUNvZENodHljRjlvT2t0NFpXb3RSMHR2V1ZFNFdpMXJaWHBSYnpkNmFuYxAB,ChIJx2lYVJ8hby4RYel5AyKGqzc,Telaga Biru Nila,Majalengka,Wisata,5,"Seru banget sihh bisa berenang sama ikan, airnya adem bngtt,, cuman klo ksana weekend, ruameeee bngett dan pastinya rame sama ank sekolahann.. klo hari biasa gk tau juga sih serame itu apa nggk,, pngen ksana lg  😍🥰🥰",2026-05-03T23:21:59.497Z,Ummi Syarif26,117525193936578303315,False,0,id,2026-05-04T16:18:38.353007
Ci9DQUlRQUNvZENodHljRjlvT2pKU1dEaFNWV1J3YW1ZMFRXVTRkWGhsWVZCcmVHYxAB,ChIJx2lYVJ8hby4RYel5AyKGqzc,Telaga Biru Nila,Majalengka,Wisata,5,Tempat paling efektif untuk berenang sejauh ini 🔥,2026-05-03T14:00:53.556Z,Muhammad Bayu Pratama,106122546145502505520,False,0,id,2026-05-04T16:18:38.353021
Ci9DQUlRQUNvZENodHljRjlvT2xKa1JITndWQzFDY1RsTFNUaHdSRWRsTFUxbWFtYxAB,ChIJx2lYVJ8hby4RYel5AyKGqzc,Telaga Biru Nila,Majalengka,Wisata,4,Seru dan mantap,2026-05-03T05:18:07.637Z,Nasrul Arifin,118027981558413860909,True,0,id,2026-05-04T16:18:38.353037
Ci9DQUlRQUNvZENodHljRjlvT2pSdWRtaHZXRFpSTFZNdGNtUnlkelZ5Vldsdk0xRRAB,ChIJx2lYVJ8hby4RYel5AyKGqzc,Telaga Biru Nila,Majalengka,Wisata,5,Bagus ada tempat lompat sama pelampung kolam nya juga ada 2 telaga nya luas juga tapi parkir nya cukup jauh kalo yg dalem penuh,2026-05-02T09:09:12.912Z,Rizz X SoL,113875287674778396427,False,0,id,2026-05-04T16:18:38.353067
Ci9DQUlRQUNvZENodHljRjlvT21GV1VWOUxRVk53VTIxUFEyMW1TMHRuVkdORGMwRRAB,ChIJx2lYVJ8hby4RYel5AyKGqzc,Telaga Biru Nila,Majalengka,Wisata,5,"Seru pokok nya, ga kan nyesel",2026-05-02T05:32:47.601Z,cs Ryanto,100272803397286797195,True,0,id,2026-05-04T16:18:38.353075
Ci9DQUlRQUNvZENodHljRjlvT2kxYVFVUlRZbXhTWTBaRlF6Tk1hSEpaTFdkVU0xRRAB,ChIJx2lYVJ8hby4RYel5AyKGqzc,Telaga Biru Nila,Majalengka,Wisata,5,"Tempat nya bersih nyaman dan aman,cocok buat berlibur bareng keluarga maupun pasangan",2026-04-28T22:51:36.349Z,Muhammad Aditya nur afriana,108694233824088425441,False,0,id,2026-05-04T16:18:38.353143
Ci9DQUlRQUNvZENodHljRjlvT2paS1dsVm5jRU54Tlhaa2NGRnVZelpmTjFGR1gzYxAB,ChIJx2lYVJ8hby4RYel5AyKGqzc,Telaga Biru Nila,Majalengka,Wisata,5,Airnya bersih dan segar dari pegunungan,2026-04-28T15:22:13.674Z,Edi Hardadi,105377180816089870182,True,0,id,2026-05-04T16:18:38.353153
Ci9DQUlRQUNvZENodHljRjlvT210bVIyMUVaVjlqU0cxdU1EZDRNbGxYU2s1SVUwRRAB,ChIJx2lYVJ8hby4RYel5AyKGqzc,Telaga Biru Nila,Majalengka,Wisata,5,"Rute aman, tiket murah, fasilitas oke banget.

Makanan juga masih 12rebuan lah ini mi telor, oke pokoknyaaaaa, klo gabisa renang PLEASE SEWA PELAMPUNG.

Intinya kalo mau kesini pagi deh biar dapet view cantik.",2026-04-28T09:05:19.618Z,Candra Hapsari Maharani,118148291943124147025,True,0,id,2026-05-04T16:18:38.353189
Ci9DQUlRQUNvZENodHljRjlvT2toc1lrbGlYMEpUVWtwaWFIcFhkVEpNV0ZGekxWRRAB,ChIJx2lYVJ8hby4RYel5AyKGqzc,Telaga Biru Nila,Majalengka,Wisata,5,"Airnya jernih biru banget, dingin seger poll, cocok buat berenang bareng pasangan atau temen, seruu bangett deh pokoknyaa🤩🤩🤩",2026-04-25T12:34:59.971Z,Burhan Wulan,114045590907413515227,False,0,id,2026-05-04T16:18:38.353220
Ci9DQUlRQUNvZENodHljRjlvT2pReFVXbHJWa3MyU2xwU1FWQmpWek52VDJKVFdsRRAB,ChIJx2lYVJ8hby4RYel5AyKGqzc,Telaga Biru Nila,Majalengka,Wisata,5,"dateng kesini pas weekend rame bgt tp seruu, airnya dingin, tempat bilasnya bnyk & bersih. cuma tempat parkirannya aja masih jalan berbatu tp its oke💙",2026-04-25T11:25:30.169Z,Ulya Azkiya,116554842176693360144,False,0,id,2026-05-04T16:18:38.353229
Ci9DQUlRQUNvZENodHljRjlvT21oYWJVVlBNbTR6VjJSWmFUZExNamxuYm1aT1dYYxAB,ChIJx2lYVJ8hby4RYel5AyKGqzc,Telaga Biru Nila,Majalengka,Wisata,5,"Untuk jalan menuju sini so far masih oke ko, harga tiket masuknya juga murah parkir mobil sama masuk total 25k, tempatnya bersih, disini juga sedia warung2, atau untuk cas hp (5k), ada sewa pelampung juga yg ga bsa berenang, ada kolam renang juga, toiletnya juga banyak gais, so far meski sendiri kesana seru si,",2026-04-23T03:27:41.302Z,Gusuarto Rizki,117408557022631318184,True,0,id,2026-05-04T16:18:38.353272
Ci9DQUlRQUNvZENodHljRjlvT2xkSGJXMWxhVEpPTFV4a1NYZDFPR1Y1UjFCMFdXYxAB,ChIJx2lYVJ8hby4RYel5AyKGqzc,Telaga Biru Nila,Majalengka,Wisata,5,"kasirr nyaa ramahhh murah senyum, pelayanan nya sangat bagusss, pelayanan nya the best bangeeettttt, udah jadii langganan kucingg"" kuuu👍🏻👍🏻",2026-04-22T13:50:01.348Z,adinda syavinatunazza,114472993850162983868,False,0,id,2026-05-04T16:18:38.353284
Ci9DQUlRQUNvZENodHljRjlvT25wT05TMHdla3hYVm5GMFdVOUlRamxKZGxSU0xVRRAB,ChIJx2lYVJ8hby4RYel5AyKGqzc,Telaga Biru Nila,Majalengka,Wisata,5,Seger banget airnya😍,2026-04-21T07:48:36.320Z,Ashafa Salsa,101734485671026653735,True,0,id,2026-05-04T16:18:38.353300
Ci9DQUlRQUNvZENodHljRjlvT21GNlZWQXhSMHgzTjJSa1VsbDBNVXRyT0d4bWRHYxAB,ChIJx2lYVJ8hby4RYel5AyKGqzc,Telaga Biru Nila,Majalengka,Wisata,5,"TIDAK MENGECEWAKAN !!MURAH,RAMAH,NO PUNGLI2",2026-04-20T16:08:27.165Z,Dian Fulki Ishmatillah,112585979944526177489,False,0,id,2026-05-04T16:18:38.353308
Ci9DQUlRQUNvZENodHljRjlvT21KWVlubElaa2R0Y1dRMmVtZzRRVVJCWWtFelRtYxAB,ChIJx2lYVJ8hby4RYel5AyKGqzc,Telaga Biru Nila,Majalengka,Wisata,5,"Recomendasi !!! HARUS KESANA ASLI
TIKET MASUK 15RB
PALKIR MOTOR 3RB
SEWA PELAMPUNG 10RB",2026-04-20T16:05:33.686Z,UCIE HUNGKUL,113796539859412621462,False,0,id,2026-05-04T16:18:38.353317
Ci9DQUlRQUNvZENodHljRjlvT21aVmNHYzRVMGt5T0d0bmNUTjJSR2xvV1hwMlIzYxAB,ChIJx2lYVJ8hby4RYel5AyKGqzc,Telaga Biru Nila,Majalengka,Wisata,5,"Tempatnya lumayan asri, relatif sejuk, fasilitas kantin, toilet, mushola tersedia, pengunjung dapat berenang di telaga dan untuk anak2 SDH tersedia kolam renang anak... Rekomended utk liburan keluarga, catatan kalo mau kesitu mending pakai motor, jalannya TDK terlalu lebar ...",2026-04-17T19:21:10.342Z,Eka Priyatna,106980150444661016816,True,0,id,2026-05-04T16:18:38.353346
Ci9DQUlRQUNvZENodHljRjlvT2w5V2FtRk5NSGhoVVU5d2EzcEtTRGgyVmt0eVVFRRAB,ChIJx2lYVJ8hby4RYel5AyKGqzc,Telaga Biru Nila,Majalengka,Wisata,5,"Mantap,,airnya bneran biru,sejuk,betah main air disini",2026-04-16T09:14:01.237Z,shopanddrive rajawali,102485939813937889271,False,0,id,2026-05-04T16:18:38.353368
Ci9DQUlRQUNvZENodHljRjlvT210RldFaHVTbEJLYVRaWk1YUXdOekJSVVdGVExWRRAB,ChIJx2lYVJ8hby4RYel5AyKGqzc,Telaga Biru Nila,Majalengka,Wisata,5,Bagus tmptnya anak2 jg bisa berenang n aman pastinya,2026-04-15T11:34:02.933Z,Fajar Pariyanto,103642677090018465001,False,0,id,2026-05-04T16:18:38.353382
Ci9DQUlRQUNvZENodHljRjlvT21RM1UxazBUV3hoWDI4MmFXa3RlSGRXT0ZSdmRIYxAB,ChIJx2lYVJ8hby4RYel5AyKGqzc,Telaga Biru Nila,Majalengka,Wisata,5,Keren tmpatnya... Kedlaman kolam tk trgapai. Sprti cintaku pda masa lalu. Wkwkwkw. 🤣🤣,2026-04-15T11:25:42.385Z,Wudi,111971868197997680658,True,0,id,2026-05-04T16:18:38.353392
Ci9DQUlRQUNvZENodHljRjlvT2t4U1NrSkNSbUZ6VDAxdWIzWnlWSEJUZDA1U0xYYxAB,ChIJD0XeW9sjby4R9C8n8fiHBkI,SITU JANAWI,Majalengka,Wisata,5,"Airnya jernih bgt, bikin betah kalau sudah ada di sana",2026-04-29T11:49:07.151Z,Asep Soleh,102484993206592030368,True,0,id,2026-05-04T16:18:38.353421
Ci9DQUlRQUNvZENodHljRjlvT2tod1pUWlhVRTFxVEd0NVpVSkdOMUV6WmtzMFZIYxAB,ChIJD0XeW9sjby4R9C8n8fiHBkI,SITU JANAWI,Majalengka,Wisata,5,"Udara sejuk, lokasi bersih. Tapi cukup terganggu sama suara musik dari speaker pengelola, lebih bagus dengerin suara tonggeret aja padahal, lebih alami, menenangkan dan lebih nyatu dengan alam.",2026-04-26T02:03:39.964Z,Krisnova Karliana,113497000481603703235,True,0,id,2026-05-04T16:18:38.353446
Ci9DQUlRQUNvZENodHljRjlvT2xWS1dXRnpiVUZLZGxWM2JXbGpOR3R2U0V3NWExRRAB,ChIJD0XeW9sjby4R9C8n8fiHBkI,SITU JANAWI,Majalengka,Wisata,5,Apakah Bisa masuk Mobil Bus?,2026-04-21T11:51:41.765Z,Alif muanas Alif,103983156607060907496,False,0,id,2026-05-04T16:18:38.353455
ChZDSUhNMG9nS0VJQ0FnSURPcjZic05nEAE,ChIJD0XeW9sjby4R9C8n8fiHBkI,SITU JANAWI,Majalengka,Wisata,5,"Tempat wisata yang seru banget....
Mata Air yang Alami,jernih dan segerrrrr...",2026-04-20T00:15:58.564Z,MKI The Journey TV,115627469349162160146,True,1,id,2026-05-04T16:18:38.353472
Ci9DQUlRQUNvZENodHljRjlvT21sWVRuWnpjamR5V1VKc1ZuUnlWa0ZXWTNaUWJHYxAB,ChIJD0XeW9sjby4R9C8n8fiHBkI,SITU JANAWI,Majalengka,Wisata,4,Tempat nya bagus,2026-04-14T01:47:15.891Z,Teguh Surya,110475593236899592242,False,0,id,2026-05-04T16:18:38.353496
Ci9DQUlRQUNvZENodHljRjlvT25wbFNUQmtVVFJaYkhsMlMyaHBTVUkzUjFaSGRWRRAB,ChIJD0XeW9sjby4R9C8n8fiHBkI,SITU JANAWI,Majalengka,Wisata,3,"Fasiltas kurang mendukung, air bilas gak jalan, tempat sampah kurang memadai, tempat santai/ kursi banyak yg rusak, gasebo kotor tidak terurus, tempat mandi banyak yg kurang terurus",2026-04-12T05:14:32.005Z,Aswadi Cirebon,114156446775968113791,False,0,id,2026-05-04T16:18:38.353514
Ci9DQUlRQUNvZENodHljRjlvT2tzM2FXRjVlbE5FZFc5UWVTMHhVRVo2Y3pSNE1YYxAB,ChIJD0XeW9sjby4R9C8n8fiHBkI,SITU JANAWI,Majalengka,Wisata,3,"Airnya jernih.. hanya saja viewnya kurang menarik,di tambah kolam sekunder yg kotor seperti tidak terawat..
Oh iya musiknya bising, berharap wisata ke alam menemukan kedamaian malah kebisingan..",2026-04-05T03:17:56.467Z,Tirta Atmaja,109975803190373424331,True,0,id,2026-05-04T16:18:38.353537
Ci9DQUlRQUNvZENodHljRjlvT2pWRVRrMTZNMlJzTjFKNlMyeDBUbkZTU0hWUlVFRRAB,ChIJD0XeW9sjby4R9C8n8fiHBkI,SITU JANAWI,Majalengka,Wisata,5,"Bagus air nya jernih,harga warung makanan bersahabat",2026-03-29T12:07:06.503Z,Anggara Yulandhita,117609148352706987902,False,0,id,2026-05-04T16:18:38.353553
Ci9DQUlRQUNvZENodHljRjlvT2toTGNuazRWQzB6TlZFelZEWlpjREo1ZFU4NVZuYxAB,ChIJD0XeW9sjby4R9C8n8fiHBkI,SITU JANAWI,Majalengka,Wisata,4,"Tempatnya adem nyaman banget buat aku yg biasa panas²an di perkotaan
Airnya jernih dan adem seger terutama di kolam mata airnya
Parkiran luas, jual jajanan juga banyak
Cuma sayang WC/kamar bilas airnya banyak yang gak keluar padahalkan dekat sumber mata air, bikin antri pas mau ke WC",2026-03-27T05:33:14.527Z,GC store,108050884132899453332,False,1,id,2026-05-04T16:18:38.353561
Ci9DQUlRQUNvZENodHljRjlvT214RmVXSXlWVzFPVWpsc2NuUlNVWE5wWVdzMWFXYxAB,ChIJF9QoBH49by4RSR4xb76-u8g,KANAGA HILL,Majalengka,Wisata,5,Sangat indah di pandang pemandangan nya,2026-05-03T11:21:15.918Z,Manto Jumanto,105370299356294267883,True,0,id,2026-05-04T16:18:38.353608
Ci9DQUlRQUNvZENodHljRjlvT214UFlsaFFWbEk0YzNOWWVtTkZZakp5U1MxemRrRRAB,ChIJF9QoBH49by4RSR4xb76-u8g,KANAGA HILL,Majalengka,Wisata,5,"Pemandangannya indah banget 😍
Sejuk banget udaranya 🥰
Jalanya seru penuh tantangan 😀
Pengen ke kanaga lagi 😃
Seru seruan bareng sama temen temen 🥰",2026-05-03T09:43:01.122Z,Moh Furqon,104051862005867830017,False,0,id,2026-05-04T16:18:38.353626
Ci9DQUlRQUNvZENodHljRjlvT25OcUxXRmlVVzFPUjNjNVIwRkRUbVV3WW5Sc2JHYxAB,ChIJF9QoBH49by4RSR4xb76-u8g,KANAGA HILL,Majalengka,Wisata,5,Baru aja pulang dri kanaga sudah rindu viewnya☺️ jalannya bikin nyebutt selalu😅 tpi masyaallah pemandangannya,2026-04-13T14:28:20.873Z,Intan,104892973307433731984,False,0,id,2026-05-04T16:18:38.353691
Ci9DQUlRQUNvZENodHljRjlvT21wNk4xazRlbWhVV0hWUFJtUkhjR2swT0hWR2RGRRAB,ChIJF9QoBH49by4RSR4xb76-u8g,KANAGA HILL,Majalengka,Wisata,5,Bisa dikatakan tempat ini Diengnya Majalengka. Luar biasa panoramanya.,2026-04-12T13:01:32.924Z,Guz Sholeh,108720813270551811562,True,0,id,2026-05-04T16:18:38.353705
Ci9DQUlRQUNvZENodHljRjlvT2tSVFVDMWFWMVYwWTA0dFRXWjFSbWQwTlRaNk9FRRAB,ChIJF9QoBH49by4RSR4xb76-u8g,KANAGA HILL,Majalengka,Wisata,5,dieng nya majalengka,2026-04-10T10:12:04.049Z,wendy iwend,112513960335249459744,True,0,id,2026-05-04T16:18:38.353722
Ci9DQUlRQUNvZENodHljRjlvT25ScmNISnBjR2htT1RKTFFrTTRTRFJXUjBZMU5sRRAB,ChIJF9QoBH49by4RSR4xb76-u8g,KANAGA HILL,Majalengka,Wisata,5,"Masyaallah luar biasa... Dikira hanya di Bogor  aja banyak tempat wisata ngecamp. Kanaga Hills pemandangannya indah dan Syahdu... Ternyata dekat dengan kampung halamanku Dari Rawa hanya 25 menit ada tempat yang luar biasa tempat sejuk dan ngangenin. Toilet banyak bersih, Mushola nya rapih bersih, Tiket terjangkau bawa anak-anak gak bayar hanya di hitung Orang Dewasa aja... Kapan kalau liburan lebaran berkunjung lagi.",2026-04-10T07:16:19.719Z,Ma zia,105143390260550582774,False,0,id,2026-05-04T16:18:38.353731
Ci9DQUlRQUNvZENodHljRjlvT2xjNVQwNUNORXRVTWtaWllsZFhORGQwYWpkcGJrRRAB,ChIJD0XeW9sjby4R9C8n8fiHBkI,SITU JANAWI,Majalengka,Wisata,5,Prosotannha sudah diperbaiki makin bagus. Airnnya jernih. Udara sejukk cocok untuk liburan bersama keluarga atau teman-teman.,2026-01-25T06:22:27.131Z,Winaheli,105116257241378009405,False,0,id,2026-05-04T16:18:38.353794
Ci9DQUlRQUNvZENodHljRjlvT2pJM2NVaDJRMmxrVWxOTGFrOWlTbUphVTFKc2RYYxAB,ChIJD0XeW9sjby4R9C8n8fiHBkI,SITU JANAWI,Majalengka,Wisata,5,"air nya dri dulu bersih selalu, bening, seger, airnya sejuk dingin, toilet bagus, luas, viewnya juga cantik, warung tersedia",2026-01-21T18:13:08.762Z,mochi klepon,114533216068589857949,True,0,id,2026-05-04T16:18:38.353811
Ci9DQUlRQUNvZENodHljRjlvT2sxVWJYcFVjVlJWWkZwb05UQkVOR1p6WkRkNlRrRRAB,ChIJD0XeW9sjby4R9C8n8fiHBkI,SITU JANAWI,Majalengka,Wisata,5,Seru bangeeet.. sudah lebih tertata dengan baik.. muraaaaah... tiket 10000,2026-01-06T14:13:43.567Z,Ani Sili Mulyani,106035128657915699522,True,0,id,2026-05-04T16:18:38.353820
Ci9DQUlRQUNvZENodHljRjlvT21KQ1ZsQkpVM2hIYmpsWVNGVTJjMmxPYjFsVmVWRRAB,ChIJD0XeW9sjby4R9C8n8fiHBkI,SITU JANAWI,Majalengka,Wisata,3,Trmpatnya ga sesuai teperti di vidio tiktok yang menunjukan air nya biru dan jernih...asli nya mah enggaaa,2026-01-02T23:25:47.421Z,RipkyMauludhin,110113872656420183082,False,0,id,2026-05-04T16:18:38.353831
Ci9DQUlRQUNvZENodHljRjlvT25KR1IxUm9aV2R3WkZnMFJGVkxlR3RLUjI5a2IxRRAB,ChIJD0XeW9sjby4R9C8n8fiHBkI,SITU JANAWI,Majalengka,Wisata,4,"Ternyata kesana pas lagi di kuras, setelah pesta rakyat nangkap ikan dan persiapan libur tahun baru. Tapi kolam mata air kecilnya masih bisa di gunakan untuk berenang",2025-12-28T02:21:00.550Z,Dadang Piatna,113185113824101260071,True,0,id,2026-05-04T16:18:38.353846
Ci9DQUlRQUNvZENodHljRjlvT2pJMk5GTkdWa3B1ZUc4eFJFSkhUakptTWtSV1JFRRAB,ChIJD0XeW9sjby4R9C8n8fiHBkI,SITU JANAWI,Majalengka,Wisata,4,Tempatnya enak cocok untuk berenang dan jernih airnya tapi kamar mandinya kotor dan bak mandinya keruh,2025-12-23T07:19:50.112Z,Windi Purnamawati,117502063793270526473,False,0,id,2026-05-04T16:18:38.353858
Ci9DQUlRQUNvZENodHljRjlvT214ZlZFdE5WRU52YmxkSGNWQnRibTFmVHpWdmJrRRAB,ChIJD0XeW9sjby4R9C8n8fiHBkI,SITU JANAWI,Majalengka,Wisata,1,"Tempat nya enak buat ngadem, asri, sejuk cuma berisik suara yg karaoke yg volumenya super kenceng 🤣🤣🤣",2025-12-07T06:55:22.833Z,Putri Rahmawati,102089127018763466784,False,0,id,2026-05-04T16:18:38.353880
Ci9DQUlRQUNvZENodHljRjlvT21JMWNWZFFPRzlMYkUxTmJuVjJZVWhPVW10NlZWRRAB,ChIJD0XeW9sjby4R9C8n8fiHBkI,SITU JANAWI,Majalengka,Wisata,5,Mantap airnya dingin euy,2025-11-30T14:03:05.521Z,Sanm Hdag0,115880858555645185394,True,0,id,2026-05-04T16:18:38.353902
Ci9DQUlRQUNvZENodHljRjlvT2pKc1MyUjBhWGRmV1dwcWRXdFlVblJRVGkxTGRsRRAB,ChIJD0XeW9sjby4R9C8n8fiHBkI,SITU JANAWI,Majalengka,Wisata,4,"Tempatnya lumayan bersih tapi punten pengelolaannya jangan cuek kalo ada pengunjung pake shampoo atau sabun di kolam, tolong minta ditegur supaya airnya ngga keruh dan supaya orang-orang bisa banyak yang datang kesini... Tadi saya laporan ke pengelolanya tapi cuma cuek aja ngga ditegur alhasil tiba-tiba kolam jadi keruh karena shampoo dan sabun",2025-11-18T10:51:05.022Z,SAJIDIN사지딘,111354715043611909159,True,0,id,2026-05-04T16:18:38.353910
Ci9DQUlRQUNvZENodHljRjlvT2pSUk1IWktja0ZzZGw5dWNrbHJSa0ZzY1VKZlUwRRAB,ChIJF9QoBH49by4RSR4xb76-u8g,KANAGA HILL,Majalengka,Wisata,4,"Menikmati terasering dengan angle yang berbeda dari sisi majalengka, cukup jauh ditempuh, paling ujung, ada tempat camp oke, sayangnya pohon2nya kurang rapat jadi kalo siang panas, gatau kalau pagi apakah syahdu.
Kalo kesini lebih baikk naik motor, jangan coba2 yang ga mahir naik mobil kalao gamau stuck ditengah2 jalan begini, plus jangan bawa penumpang overload kasian mobilnya overheat. Sekian",2026-04-01T10:56:08.321Z,Mohammad Naufal Ekananda,100299256052397532754,True,0,id,2026-05-04T16:18:38.353932
Ci9DQUlRQUNvZENodHljRjlvT21KaU1FbEVWbkIyT1d0VlRHWm5kVWQzVVdNNFlsRRAB,ChIJF9QoBH49by4RSR4xb76-u8g,KANAGA HILL,Majalengka,Wisata,4,"Adem,
Pas bukn musim libur, jd adem dan sunyi.",2026-03-31T07:28:12.136Z,Muflih Nursadi,112041480429814145079,True,0,ms,2026-05-04T16:18:38.353941
Ci9DQUlRQUNvZENodHljRjlvT2sxSFJFNXRkRXREY0ZCbVJsTkJYMkZzYVVacFluYxAB,ChIJF9QoBH49by4RSR4xb76-u8g,KANAGA HILL,Majalengka,Wisata,5,Indah dan sejuk banget,2026-03-31T00:53:19.062Z,Mugni Dede,110721147106505346208,False,0,ms,2026-05-04T16:18:38.353960
Ci9DQUlRQUNvZENodHljRjlvT25sUWMwbElTSE5mWDNwQ2VYRm1UVVJLU25nelRrRRAB,ChIJF9QoBH49by4RSR4xb76-u8g,KANAGA HILL,Majalengka,Wisata,5,Objek wisata yang berada diatas ketinggian yang memberikan pengalaman untuk menikmati hamparan ladang warga sekitar yang ditanami sayuran,2026-03-01T02:08:44.857Z,Wisnu,103204332752134979235,True,0,id,2026-05-04T16:18:38.354011
Ci9DQUlRQUNvZENodHljRjlvT25aNlptWkhibXBwT1hoRWQyZFllRmw2Vlc5ck5WRRAB,ChIJF9QoBH49by4RSR4xb76-u8g,KANAGA HILL,Majalengka,Wisata,5,"Tempat syahdu untuk camping keluarga diketinggian udara dingin menusuk tulang bawa pakaian tebal kalau kesana ,udara bersih jauh dari kebisingan hari libur rame pengunjung..",2026-02-17T10:58:55.490Z,dr. J. Setiawan,107676121984096389420,True,0,id,2026-05-04T16:18:38.354020
Ci9DQUlRQUNvZENodHljRjlvT21oNVJXNTRTbmxIYVc1Wk5FVTFOMGhQWm1KdFJrRRAB,ChIJF9QoBH49by4RSR4xb76-u8g,KANAGA HILL,Majalengka,Wisata,5,"seru untuk acara outdoor, camping dengan pemandangan bukit bukit, jika beruntung dapat view lautan awan",2026-01-19T01:56:12.785Z,Arief Fakih maulana,104111838772491166752,False,0,id,2026-05-04T16:18:38.354074
Ci9DQUlRQUNvZENodHljRjlvT2tZeFdUSnRZa0ZhUlV4aWRqbGZXVjh4YlV4M2EwRRAB,ChIJD0XeW9sjby4R9C8n8fiHBkI,SITU JANAWI,Majalengka,Wisata,5,Cocok untuk jiwa petualang dan menenangkan fikiran,2025-10-29T16:28:03.917Z,Harmono 77,111025541590292151196,True,0,id,2026-05-04T16:18:38.354162
Ci9DQUlRQUNvZENodHljRjlvT25admEyaFdSVTF2ZDJZMFVWb3dhSG90ZFcwNFkxRRAB,ChIJD0XeW9sjby4R9C8n8fiHBkI,SITU JANAWI,Majalengka,Wisata,4,"Tempatnya bagus, hanya saja ada oknum pengunjung yang bilas pakai sabun di tempat sumber mata airnya, jadi merasa kurang nyaman",2025-09-14T08:20:18.257Z,Mochamad Rizal,115185775148600711677,True,0,id,2026-05-04T16:18:38.354195
Ci9DQUlRQUNvZENodHljRjlvT2xvM1dIRkdNbWxGT1MxclRFZHFXbVJHTFZKSFVYYxAB,ChIJD0XeW9sjby4R9C8n8fiHBkI,SITU JANAWI,Majalengka,Wisata,5,"Jernih dan seger banget air nya,",2025-08-15T11:14:14.705Z,iwan ridwan,107426166326163343569,False,0,id,2026-05-04T16:18:38.354228
Ci9DQUlRQUNvZENodHljRjlvT214blNGZGZkRk5sY1d0c1JHSmlUazR3V0c4dFFtYxAB,ChIJF9QoBH49by4RSR4xb76-u8g,KANAGA HILL,Majalengka,Wisata,5,Sejauh mata memandang,2026-01-12T17:37:51.063Z,syamsudien kanem,116898100646388681635,True,0,id,2026-05-04T16:18:38.354251
Ci9DQUlRQUNvZENodHljRjlvT25kUFZUSXdNa2RVZEdGdU5sZExWSFI2ZDI0elYxRRAB,ChIJV6JSYqEhby4RCOOmYTZwRG0,Obyek Wisata Talaga Herang,Majalengka,Wisata,5,Mantap tempat nya,2026-04-23T13:46:16.264Z,You For Me,107151922974854639266,False,0,id,2026-05-04T16:18:38.354326
Ci9DQUlRQUNvZENodHljRjlvT25ZNVpsQkZiVTVrUVRSNUxWQjBjM0EwUldkemRtYxAB,ChIJV6JSYqEhby4RCOOmYTZwRG0,Obyek Wisata Talaga Herang,Majalengka,Wisata,4,"Airnya sih jernih adem, cuman kotor banyak sampah, kurang di bersihkan dan perawatan saja",2026-03-31T08:07:29.535Z,Anang Efendi,114511967207321151595,True,0,id,2026-05-04T16:18:38.354336
Ci9DQUlRQUNvZENodHljRjlvT2poeWNEbDJPRkZ2UVZSYVRtNWFVbmxNU0VwaWNuYxAB,ChIJV6JSYqEhby4RCOOmYTZwRG0,Obyek Wisata Talaga Herang,Majalengka,Wisata,4,"Jernih dan banyak ikan, apalagi nilanya gede2, cocok buat dipancing :v",2026-03-22T07:52:42.048Z,Hamdan Ripai,105863398140793882932,True,0,id,2026-05-04T16:18:38.354366
Ci9DQUlRQUNvZENodHljRjlvT2xaSVRrVktaVU5tUnpSNFlucGhkM3B4TFZjNU1uYxAB,ChIJV6JSYqEhby4RCOOmYTZwRG0,Obyek Wisata Talaga Herang,Majalengka,Wisata,5,Airnya sangat jernih dan ikannya pada besar,2026-03-16T19:19:04.176Z,Up reyhan Ups,109557330299429684262,False,0,id,2026-05-04T16:18:38.354380
ChZDSUhNMG9nS0VJQ0FnSUMwamMyLUNREAE,ChIJV6JSYqEhby4RCOOmYTZwRG0,Obyek Wisata Talaga Herang,Majalengka,Wisata,4,"Tempat yang bagus untuk menghirup udara segar dan melepas penat, bersama keluarga",2026-02-26T09:52:49.819Z,Irawan Ade,103281897830941397961,True,1,id,2026-05-04T16:18:38.354389
Ci9DQUlRQUNvZENodHljRjlvT21sek5qUkVXVEE1VHpOTVoybzRRelZSY1V4WVpuYxAB,ChIJV6JSYqEhby4RCOOmYTZwRG0,Obyek Wisata Talaga Herang,Majalengka,Wisata,5,Sejuk air jernih dan asri,2026-02-04T02:05:06.455Z,agan rosganda,101306577638819145475,True,0,id,2026-05-04T16:18:38.354416
Ci9DQUlRQUNvZENodHljRjlvT2xWRlNrcE1WbVJuYUVOMk5rVjNWMUJ4YTBOemMwRRAB,ChIJV6JSYqEhby4RCOOmYTZwRG0,Obyek Wisata Talaga Herang,Majalengka,Wisata,3,Tidak terurus...sampah berserakan..di mna2,2025-12-06T22:35:21.699Z,ASEP SUGIARTO,100181148370194838236,True,0,id,2026-05-04T16:18:38.354449
ChdDSUhNMG9nS0VJQ0FnSUNBczgzOXFnRRAB,ChIJV6JSYqEhby4RCOOmYTZwRG0,Obyek Wisata Talaga Herang,Majalengka,Wisata,4,Indah.. sejuk buat ngadem,2025-10-27T22:17:53.917Z,ASri Wahyuni Chan,116930398018430792233,True,0,ms,2026-05-04T16:18:38.354498
Ci9DQUlRQUNvZENodHljRjlvT213d1dXdEVURkJyVkZvdFRWWkZVM1pTV0hVMlRVRRAB,ChIJV6JSYqEhby4RCOOmYTZwRG0,Obyek Wisata Talaga Herang,Majalengka,Wisata,5,Ikan bakarnya mantap,2025-09-14T16:28:35.807Z,CAHAYAMAS,116933672337045554381,True,0,id,2026-05-04T16:18:38.354537
Ci9DQUlRQUNvZENodHljRjlvT21wZk9HZzFZall5UjBJMmN6Rk1URFV4T1d4VWIyYxAB,ChIJV6JSYqEhby4RCOOmYTZwRG0,Obyek Wisata Talaga Herang,Majalengka,Wisata,5,"Tempat ngopi dan jalan""bersama anak",2025-09-04T09:46:21.298Z,dewi natalia,109221085631736168466,False,0,id,2026-05-04T16:18:38.354554
Ci9DQUlRQUNvZENodHljRjlvT2s1VlVrc3hWRXA1VWs1amFFRlJXQzFMTkZwT1VXYxAB,ChIJV6JSYqEhby4RCOOmYTZwRG0,Obyek Wisata Talaga Herang,Majalengka,Wisata,5,Udara sejuk kualitas airnya jernih dingin,2025-08-14T05:29:26.649Z,Jujun Junaedi,115217812350481172509,False,0,id,2026-05-04T16:18:38.354577
Ci9DQUlRQUNvZENodHljRjlvT214NFFVNDBlbmx2WVdSV1lWRjZWMHQ2V25sdmVYYxAB,ChIJV6JSYqEhby4RCOOmYTZwRG0,Obyek Wisata Talaga Herang,Majalengka,Wisata,5,Bagus banget...,2025-07-29T08:34:26.411Z,Syaluna Azzahwa,109824954665229549401,False,0,id,2026-05-04T16:18:38.354592
Ci9DQUlRQUNvZENodHljRjlvT2xjM09HdEpSWFpJUzNKV1VHMTRTVTVqZW5CMFZXYxAB,ChIJV6JSYqEhby4RCOOmYTZwRG0,Obyek Wisata Talaga Herang,Majalengka,Wisata,3,"Kaya telaga biasa aja, air jernih, tapi sayangnya kurang menarik wisatawan",2025-07-09T01:35:21.429Z,Tjo Oktavianus,102891343617818019092,True,0,id,2026-05-04T16:18:38.354622
Ci9DQUlRQUNvZENodHljRjlvT21sS1dqZDNPRU5JUlhwTWFqWkdPVTFZWVZFMlFVRRAB,ChIJV6JSYqEhby4RCOOmYTZwRG0,Obyek Wisata Talaga Herang,Majalengka,Wisata,5,Tmptnya sejuk bersih,2025-07-08T11:21:40.532Z,hasan frends,100506268035303183435,True,0,id,2026-05-04T16:18:38.354630
ChdDSUhNMG9nS0VKbml1N3Vrai1hV3JRRRAB,ChIJV6JSYqEhby4RCOOmYTZwRG0,Obyek Wisata Talaga Herang,Majalengka,Wisata,5,Sejuk pas mendung dan mau hujan makan ikan bakar uenak tenan...,2025-05-25T14:15:20.039Z,fauzan fnu,108954120723070004015,True,0,id,2026-05-04T16:18:38.354662
ChZDSUhNMG9nS0VOTDd0Y3FJNUtIbkx3EAE,ChIJV6JSYqEhby4RCOOmYTZwRG0,Obyek Wisata Talaga Herang,Majalengka,Wisata,5,"Tiket murah, suasana nyaman.. cocok utk makan bersama.",2025-05-17T02:42:05.908Z,Su Rahman,113948625128492776794,True,0,id,2026-05-04T16:18:38.354682
ChdDSUhNMG9nS0VJelh1YnJWN3FteHJBRRAB,ChIJV6JSYqEhby4RCOOmYTZwRG0,Obyek Wisata Talaga Herang,Majalengka,Wisata,5,Enak buat healing,2025-05-16T11:23:01.493Z,Yono Wahyono,106590696974570875575,False,0,id,2026-05-04T16:18:38.354691
ChdDSUhNMG9nS0VPRDc1T3o4dEtfQTd3RRAB,ChIJV6JSYqEhby4RCOOmYTZwRG0,Obyek Wisata Talaga Herang,Majalengka,Wisata,5,"Healing ekonomis di Telaga Herang. Ngasih makan ikan, berenang, atau kuliner ikan bakar. Waktu terbaik ke sini itu sore hari.",2025-05-13T04:12:56.343Z,Villagoestine (Depikong),113980747598035232054,True,0,id,2026-05-04T16:18:38.354774
ChdDSUhNMG9nS0VJQ0FnTURvdG9lS2tRRRAB,ChIJV6JSYqEhby4RCOOmYTZwRG0,Obyek Wisata Talaga Herang,Majalengka,Wisata,5,"Tempat nyaman ,sejuk indah asri udara segar gunung
Recommended untuk merefresh pikiran untuk kita kaum pusing😅",2025-04-24T17:30:34.157Z,Iqbal Septian,108074409012233931287,True,0,id,2026-05-04T16:18:38.354868
ChZDSUhNMG9nS0VJQ0FnTUNJbmNPSk9REAE,ChIJV6JSYqEhby4RCOOmYTZwRG0,Obyek Wisata Talaga Herang,Majalengka,Wisata,5,"Keren banget... Ikannya gede2 saya sampe takut.. warga lokal juga baik, harga jajanan gak lebay kayak di daerah lain..",2025-04-04T03:08:23.858Z,nube ria,106650972989161972368,False,0,id,2026-05-04T16:18:38.354938
Ci9DQUlRQUNvZENodHljRjlvT2tSSFVGY3liVFJYT1RsUVltcDBjMEpVVXpVd1dsRRAB,ChIJI1AAcnkhby4R6K4G5Jgu0Us,Ciboer Pas & Villa Ciboer Pas,Majalengka,Wisata,5,Akses yang sangat sulit......untuk view pemandangan keren.....pasilitas kurang bersih....,2026-05-04T09:51:41.986Z,Dede Hendrayana,100331375759662828271,True,0,id,2026-05-04T16:18:38.354950
Ci9DQUlRQUNvZENodHljRjlvT2tSM1RXOWxjR2RRU21sMGJrOXdPWGR3ZVdOSVpIYxAB,ChIJI1AAcnkhby4R6K4G5Jgu0Us,Ciboer Pas & Villa Ciboer Pas,Majalengka,Wisata,5,"Ditengah suasana siang yang syahdu karena mendung,  ditengah areal persawahan yang indah.",2026-05-04T08:27:36.704Z,Isur Suranta,102187669441269338875,False,0,id,2026-05-04T16:18:38.354972
Ci9DQUlRQUNvZENodHljRjlvT2w4ek5WbHFVR1F0WVMwMFJEZEhiMTlPZGxsQmRtYxAB,ChIJI1AAcnkhby4R6K4G5Jgu0Us,Ciboer Pas & Villa Ciboer Pas,Majalengka,Wisata,5,"Pemandangan Bagus, hanya akses jalan nya kurang di perhatikan pemerintah Desa dan Kabupaten",2026-04-20T06:25:53.143Z,Muchlis Bachtiar,114494992539204896227,True,0,id,2026-05-04T16:18:38.355008
Ci9DQUlRQUNvZENodHljRjlvT2tGNFRVY3dObFV5VG1GTGVtWmtaeTFUYzBScWIyYxAB,ChIJI1AAcnkhby4R6K4G5Jgu0Us,Ciboer Pas & Villa Ciboer Pas,Majalengka,Wisata,4,Sangat dianjurkan utk datang pagi2 atau sore sekalian. Antara jam 9-15 panas... But the view still amazing,2026-04-19T11:48:39.619Z,Faisal Basarah,112817963192275713643,True,0,id,2026-05-04T16:18:38.355019
Ci9DQUlRQUNvZENodHljRjlvT2pjdE5IZEZVall3VlhOTmRYazNjVnBpU0hsMFdFRRAB,ChIJI1AAcnkhby4R6K4G5Jgu0Us,Ciboer Pas & Villa Ciboer Pas,Majalengka,Wisata,5,Bagosss tapi jalannya kearah tempat kopi kebawah banget tajam dan jelek harus hati2,2026-04-11T09:52:23.621Z,No Indri Yasih,116724340981447220434,True,0,id,2026-05-04T16:18:38.355052
Ci9DQUlRQUNvZENodHljRjlvT2tRd01YZGFibEZPU1RSamNUWnFYMVZDTm1sc1VFRRAB,ChIJI1AAcnkhby4R6K4G5Jgu0Us,Ciboer Pas & Villa Ciboer Pas,Majalengka,Wisata,5,Villa majalengka terbaik sih buat akoohh.. view nya xakep dan gununh ceremai,2026-04-11T09:26:01.373Z,Akhbar Cell,116272296192542099624,False,0,id,2026-05-04T16:18:38.355062
Ci9DQUlRQUNvZENodHljRjlvT210Wk9XZGFkRkZtVUZoelJIWXdkMDlKVUZaTmRuYxAB,ChIJI1AAcnkhby4R6K4G5Jgu0Us,Ciboer Pas & Villa Ciboer Pas,Majalengka,Wisata,5,"salah satu tempat untuk melihat sunset terbaik di majalengka, dengan view sawah menambah keindahan pemandangan nya",2026-04-10T03:33:34.105Z,Mochamad Qory Holilulloh,108987876799706639507,True,0,id,2026-05-04T16:18:38.355102
Ci9DQUlRQUNvZENodHljRjlvT2tKdGFqUnRNMDB3WDFWdFpUWkpkMGxsVTNSdFNtYxAB,ChIJI1AAcnkhby4R6K4G5Jgu0Us,Ciboer Pas & Villa Ciboer Pas,Majalengka,Wisata,1,"CIBOER CAFE YA BUKAN PAKUWON ADMIN JGN NGEYEL SAYA SALAH ULASAN. Pelayanan jelek karyawannya pada cuek padahal saya datang udah siang tapi blm pada ready, pas nyari tempat duduk banyak sampah cup coffe udah basi dan berjamur masih di meja gaada yg beresin JOROK! mana mau pesen kopi aja lama ga ada yg respon atau nyodorin menu, harus manggil2 ibu2 yg lagi masak padahal karyawan laki2 banyak tapi pada cuek. Giliran baru datang org yg mungkin dia kenal sekeluarga baru dilayani dengan baik dijelaskan dengan jelas menu2nya, jgn pilih2 ke pengunjung lah org saya aja kesini mau makan, mau nikmati suasana keburu gak mood krn bingung mau pesen juga menunya gak di tawarin pas lagi pesen kopi. Kopi, teh, dll belum ready semua padahal jam 11an terus ada yg nyeletuk karyawan caffe blm datang jam segitu. Kapok cukup sekali!!!",2026-04-05T10:21:18.087Z,Rika M1234,110563530243789374203,False,0,id,2026-05-04T16:18:38.355129
Ci9DQUlRQUNvZENodHljRjlvT2pOTWNYaHJhMHM1Ym5SYWIwTmFWa2xtYXpKMVdHYxAB,ChIJI1AAcnkhby4R6K4G5Jgu0Us,Ciboer Pas & Villa Ciboer Pas,Majalengka,Wisata,5,"Bagus pemandangannya, masuk bayar 10rb, ada kolam renangnya
Makannya cuma ada nasi goreng dan ayam goreng tp ayam gorengnya enak",2026-03-28T11:32:03.745Z,Nela Naelul Muna,117466144745525080964,True,0,id,2026-05-04T16:18:38.355142
Ci9DQUlRQUNvZENodHljRjlvT2toWldWSk5XVXhRVWpKSWJUQTJTRzFGUVZKclgzYxAB,ChIJI1AAcnkhby4R6K4G5Jgu0Us,Ciboer Pas & Villa Ciboer Pas,Majalengka,Wisata,5,Samping Pondok pesantren Assanusiah Putri 2,2026-03-26T09:38:26.495Z,Hendrik Suryaningrat,111983037373759498997,False,0,id,2026-05-04T16:18:38.355157
Ci9DQUlRQUNvZENodHljRjlvT2sxTE4xWkpSVWx1VmpZdE9FRjZja3RzUjJ4dVRGRRAB,ChIJI1AAcnkhby4R6K4G5Jgu0Us,Ciboer Pas & Villa Ciboer Pas,Majalengka,Wisata,5,Dg pesona terasering sawah yg indah ...,2026-02-21T20:34:39.182Z,Zainah,114016247816793465414,True,0,id,2026-05-04T16:18:38.355181
Ci9DQUlRQUNvZENodHljRjlvT2t4eVIxUjVlRGhxVnpsR01WSXpTa3RrU1U4M01IYxAB,ChIJ8xTZLTcvby4RbX4Cgt8WP8s,Taman Raharja,Majalengka,Wisata,5,"Nice place, love it",2026-03-27T06:15:24.871Z,Mokhammad Khotim Abdul Khofid,103262133649192834681,True,0,en,2026-05-04T16:18:38.355265
Ci9DQUlRQUNvZENodHljRjlvT2tkWmN6ZDNYMjFtY3paYVlYbFNPV3RmZDI5dFgzYxAB,ChIJ8xTZLTcvby4RbX4Cgt8WP8s,Taman Raharja,Majalengka,Wisata,4,"Hanya lewat, tapi bagus dan rapih serta bersih",2026-01-24T15:44:48.805Z,awix Cool,105872352002789683684,True,0,id,2026-05-04T16:18:38.355310
Ci9DQUlRQUNvZENodHljRjlvT2w5M01VNVpiVmt4Y2pSa1pVWkpObmxaUzE4M2FYYxAB,ChIJ8xTZLTcvby4RbX4Cgt8WP8s,Taman Raharja,Majalengka,Wisata,5,Nice park in Majalengka,2026-01-01T23:54:02.784Z,Kamin Sumardi,108485641547056427652,True,0,en,2026-05-04T16:18:38.355338
ChdDSUhNMG9nS0VJQ0FnSURJN1BxaHBBRRAB,ChIJ8xTZLTcvby4RbX4Cgt8WP8s,Taman Raharja,Majalengka,Wisata,5,Tempat yg indah,2025-12-29T15:30:36.048Z,Risa Dinah,103209534226782945050,True,0,id,2026-05-04T16:18:38.355357
Ci9DQUlRQUNvZENodHljRjlvT2tWTk4wbHhZMHBxYkhCR1pVUXhjVWhIUTJjNWNVRRAB,ChIJ8xTZLTcvby4RbX4Cgt8WP8s,Taman Raharja,Majalengka,Wisata,5,"Taman Raharja merupakan salah satu ruang publik favorit di pusat Kota Majalengka yang cocok untuk berbagai aktivitas santai dan rekreasi keluarga.

Salah satu daya tariknya adalah adanya monumen pesawat yang sering dijadikan lokasi foto oleh pengunjung.

Sering buat arena Joging warga setiap minggu Pagi.",2025-12-29T04:08:45.998Z,Dewi Rosita,118153433756131489016,True,1,id,2026-05-04T16:18:38.355367
Ci9DQUlRQUNvZENodHljRjlvT25wRE4zbFBiRU5uWnpOcVVrVkVNVWxoVmsxb1NXYxAB,ChIJ8xTZLTcvby4RbX4Cgt8WP8s,Taman Raharja,Majalengka,Wisata,5,Lebih kereeeeen,2025-12-22T13:32:03.023Z,Ani Sili Mulyani,106035128657915699522,True,0,id,2026-05-04T16:18:38.355389
Ci9DQUlRQUNvZENodHljRjlvT2w5V2EzWkxOMWhET1VWblFWTkxkalZpYjNocFJHYxAB,ChIJ8xTZLTcvby4RbX4Cgt8WP8s,Taman Raharja,Majalengka,Wisata,5,Pengen kesitu lagiiii,2025-12-18T10:13:22.998Z,Elan Daratista,115530269255472452312,False,0,id,2026-05-04T16:18:38.355399
Ci9DQUlRQUNvZENodHljRjlvT25oMk5FbFNia3gwTkdKaWVWaDFTRTVvVEhsYU0xRRAB,ChIJ8xTZLTcvby4RbX4Cgt8WP8s,Taman Raharja,Majalengka,Wisata,5,Ga pernah bosen nangkring disini. Cocok bawa keluarga cocok juga bareng temen mungkin hanya sekedar makan bareng disini yang makanannya bekel dari rumah . Gratis.  Cocok banget untuk menghilangkan penat.,2025-11-12T04:05:45.123Z,Misty Sri Triswandy,106349685262026776340,True,0,id,2026-05-04T16:18:38.355410
Ci9DQUlRQUNvZENodHljRjlvT2t0VmVEaE1Ta0pXTkRsaFIyWTRibnBrUkVGYVdVRRAB,ChIJI1AAcnkhby4R6K4G5Jgu0Us,Ciboer Pas & Villa Ciboer Pas,Majalengka,Wisata,5,Enk buat tempt nongkrong,2026-02-12T00:54:15.625Z,Nur Udin,114921833591976438566,False,0,id,2026-05-04T16:18:38.355421
Ci9DQUlRQUNvZENodHljRjlvT2xWdmMwUmhkbFZpZVdOQ04zVTJVVEJYZFhGMlUzYxAB,ChIJI1AAcnkhby4R6K4G5Jgu0Us,Ciboer Pas & Villa Ciboer Pas,Majalengka,Wisata,3,Kami rencana kesini apakah ada nomer kontak yg bisa dihubungi. Untuk booking villa nya,2026-01-25T03:07:16.146Z,Aira Prast,107490866571769630986,True,0,id,2026-05-04T16:18:38.355453
ChZDSUhNMG9nS0VJQ0FnSUNDNV82akdREAE,ChIJI1AAcnkhby4R6K4G5Jgu0Us,Ciboer Pas & Villa Ciboer Pas,Majalengka,Wisata,5,"Lokasi yang tenang dan tentram dengan suasana alam, terasering Pesawahan di Desa Bantaragung, Kec. Sindangwangi Kab. Majalengka yang menjadikan lokasi wisata ini seperti layaknya di Ubud Bali. dengan ditambahnya view Gunung Ciremai menjadikan wisata Ciboer Pas punya daya tarik tersendiri bagi para Wisatawan lokal maupun nasional.",2026-01-14T13:20:15.623Z,Nokas Rian,115257114836451063954,False,1,id,2026-05-04T16:18:38.355463
Ci9DQUlRQUNvZENodHljRjlvT2toRmRsVnVSMmgzZVc1a1ltNVpZMWg1Tms1c1JrRRAB,ChIJI1AAcnkhby4R6K4G5Jgu0Us,Ciboer Pas & Villa Ciboer Pas,Majalengka,Wisata,5,"Saat datang, hujan rintik-rintik menemani tidak menghilangkan keindahan suasana persawahan diantara villa2 yg ada",2026-01-13T07:28:21.843Z,Febiana Susiani,104202226455363935907,True,0,id,2026-05-04T16:18:38.355474
Ci9DQUlRQUNvZENodHljRjlvT2xKRFRrUkVVazB6VXpkZldHVkdUVWRFVVZoV1VHYxAB,ChIJI1AAcnkhby4R6K4G5Jgu0Us,Ciboer Pas & Villa Ciboer Pas,Majalengka,Wisata,5,"spot pesawahan yang keren banget, untuk free fly pun cocok",2025-12-17T21:54:21.817Z,Rosyad Baihaqie,114179932811343941374,True,0,id,2026-05-04T16:18:38.355528
Ci9DQUlRQUNvZENodHljRjlvT2tobk9Gb3dhazEwZFdNdFluUndjMFJWUWkxVVZXYxAB,ChIJI1AAcnkhby4R6K4G5Jgu0Us,Ciboer Pas & Villa Ciboer Pas,Majalengka,Wisata,5,"Tempatnya sngat ccok buat bawa kluarga,pasangan,dan teman2 apa lagi pas sawahnya lagi hijau",2025-12-06T09:49:33.203Z,Fery Ciboer,111415115184982094243,False,0,id,2026-05-04T16:18:38.355559
Ci9DQUlRQUNvZENodHljRjlvT2xVMlpIWXRhbVZhZGxsa1ZWOHhhV2xVVjNBNGNFRRAB,ChIJI1AAcnkhby4R6K4G5Jgu0Us,Ciboer Pas & Villa Ciboer Pas,Majalengka,Wisata,5,"Tempat nya edem ,asri nyaman sejuk liat pesawahan",2025-11-17T23:24:29.224Z,Wahyou Anink,118341959912636618283,True,0,id,2026-05-04T16:18:38.355572
Ci9DQUlRQUNvZENodHljRjlvT2pOVGFHeHBRemxZYkhsYU9VRm1WazR5VVhsVllYYxAB,ChIJ8xTZLTcvby4RbX4Cgt8WP8s,Taman Raharja,Majalengka,Wisata,4,"Menuju tak terbatas dan melampauinya..
Sebenernya tempatnya nyaman, cuma kurang perawatan aja dan banyak pkl dan tukang mainan sewa mobil mobilan, jadi kurang nyaman aja di pandang.",2025-10-17T01:10:00.768Z,Riski Amin Taufik,104819507445223190151,True,0,id,2026-05-04T16:18:38.355648
Ci9DQUlRQUNvZENodHljRjlvT2tJemFUZGtSbWxrV25OMWMxUjVjbWsyY1U5bFdHYxAB,ChIJ8xTZLTcvby4RbX4Cgt8WP8s,Taman Raharja,Majalengka,Wisata,5,Bagus berasa di bandung,2025-09-20T04:52:59.397Z,A Channel,102787354004140257688,True,0,id,2026-05-04T16:18:38.355659
Ci9DQUlRQUNvZENodHljRjlvT2pOT1dYWk1URlZPWldobFkwUkxVSHBxVDNwbFdYYxAB,ChIJ8xTZLTcvby4RbX4Cgt8WP8s,Taman Raharja,Majalengka,Wisata,5,Tempat kumpul keluarga kecil,2025-08-23T11:40:05.989Z,mamat sugiri,107793368492370774237,False,0,id,2026-05-04T16:18:38.355683
Ci9DQUlRQUNvZENodHljRjlvT21VeFRqRjZWV1JGYzNKb1dqSmlielp6Y0RKSmIyYxAB,ChIJ8xTZLTcvby4RbX4Cgt8WP8s,Taman Raharja,Majalengka,Wisata,5,"Tadi pagi lari pagi di Taman Raharja, lumayan bersih walaupun masih ada sedikit sampah yg berserakan dan banyak bekas makanan dan minuman pengunjung yg buang sembarangan",2025-07-13T06:52:03.793Z,Deasy Permata,117061848780415515151,True,1,id,2026-05-04T16:18:38.355742
ChZDSUhNMG9nS0VJQ0FnSUNzN0xLRUdnEAE,ChIJ8xTZLTcvby4RbX4Cgt8WP8s,Taman Raharja,Majalengka,Wisata,5,"Free
Ruang terbuka publik
Ada parkir, Musholla, toilet",2025-06-27T01:24:20.016Z,Ummu Fadli,117056802398635475349,True,0,id,2026-05-04T16:18:38.355762
Ci9DQUlRQUNvZENodHljRjlvT2tkM1ZVcEpabGhYWkhGMmRWaG1VV0pJVFVGaFJVRRAB,ChIJ8xTZLTcvby4RbX4Cgt8WP8s,Taman Raharja,Majalengka,Wisata,5,"Pertama kesini tahun 2013, waktu kesini lagi tahun 2025 transformasi taman ini benar-benar luar biasa, jauh lebih keren, rapi dan tertata dengan baik, benar-benar cocok buat nongkrong sendiri terutama kalau bawa keluarga.
Ada penyewaan skuter, dan mobil mainan biat anak-anak.
Yang jualan makanan dan minuman juga cukup banyak di sekitar taman dan lokasi jualan cukup tertata.
Ikon pesawat nya tidak hilang dan makin bagus. Semoga bisa tetap dirawat dengan baik",2025-06-21T13:14:59.092Z,Uba Rahmat Setiawan,101444232896253446550,True,1,id,2026-05-04T16:18:38.355778
ChZDSUhNMG9nS0VObmU1LURva1otX0VnEAE,ChIJ8xTZLTcvby4RbX4Cgt8WP8s,Taman Raharja,Majalengka,Wisata,3,"Overall enak buat nongkrong, banyak opsi jajanan juga, cuman aga kurang keurus aja banyak yang mulai aga rusak juga, sama kebersihan nya kacau sih",2025-06-05T06:08:36.336Z,Rafiq Nazar,103237687234946368272,True,0,id,2026-05-04T16:18:38.355789
ChdDSUhNMG9nS0VJQ0FnTUNvbF9xbzZBRRAB,ChIJ8xTZLTcvby4RbX4Cgt8WP8s,Taman Raharja,Majalengka,Wisata,5,Asik tempat nya,2025-04-20T14:06:52.302Z,Acep Jali. H,107413443548118605940,True,0,id,2026-05-04T16:18:38.355828
Ci9DQUlRQUNvZENodHljRjlvT2xNM1NFVXdiMlozY1d4NUxWRkhSamd0V1Y5QllVRRAB,ChIJI1AAcnkhby4R6K4G5Jgu0Us,Ciboer Pas & Villa Ciboer Pas,Majalengka,Wisata,5,"Dulu kesana sebelum villa dibangun, ada HTM.!!
Sekarang dikenakan tarif apa tidak kak",2025-11-01T13:32:03.329Z,Neni Suhaeni,117065496048976197926,False,0,id,2026-05-04T16:18:38.355839
Ci9DQUlRQUNvZENodHljRjlvT2tneWVrODVPVFJaWmtrNFRUVlVMVTVSZEV4TWVIYxAB,ChIJI1AAcnkhby4R6K4G5Jgu0Us,Ciboer Pas & Villa Ciboer Pas,Majalengka,Wisata,5,Boleh share kontak pengelolanya. Keluarga minat ni. Terima kasih,2025-10-18T13:52:41.645Z,Aryo Benowo,108483792654766168964,False,0,id,2026-05-04T16:18:38.355866
Ci9DQUlRQUNvZENodHljRjlvT2pJeVMxcFlWM05hYW13NVprMWpXRmxsY2pORFZsRRAB,ChIJI1AAcnkhby4R6K4G5Jgu0Us,Ciboer Pas & Villa Ciboer Pas,Majalengka,Wisata,5,"Suasana yg indah, dengan nuansa sawah yg luas",2025-10-14T13:07:55.439Z,Em Topan,118341872916281322840,True,0,id,2026-05-04T16:18:38.355891
Ci9DQUlRQUNvZENodHljRjlvT2pObk5EUmFWRnBsU0dGWGRUbE5VV1l5T0ZwZmNsRRAB,ChIJI1AAcnkhby4R6K4G5Jgu0Us,Ciboer Pas & Villa Ciboer Pas,Majalengka,Wisata,4,"2010 kebelakang sering ngadem kesini.
2025 Sekarang sudah tak seindah & sesejuk dulu, banyak villa.",2025-09-13T03:55:52.517Z,A. Salman Alfarisi,114791838987887040606,True,0,id,2026-05-04T16:18:38.355917
ChZDSUhNMG9nS0VJQ0FnSUNIM09UVVJnEAE,ChIJI1AAcnkhby4R6K4G5Jgu0Us,Ciboer Pas & Villa Ciboer Pas,Majalengka,Wisata,1,"Pelayanannya perlu peningkatan disaat paket gathering...
Malam hari beberapa kali mati lampu..",2025-08-23T05:55:46.490Z,Abdul Basit,110302842655799628701,True,0,id,2026-05-04T16:18:38.355937
ChZDSUhNMG9nS0VJQ0FnSUNfOC12S2F3EAE,ChIJ8xTZLTcvby4RbX4Cgt8WP8s,Taman Raharja,Majalengka,Wisata,5,"Bagus , olah raga pagi",2025-01-18T23:18:29.943Z,setiyo utomo,109621695444153981143,True,0,id,2026-05-04T16:18:38.356028
ChdDSUhNMG9nS0VJQ0FnSUNfMjVqRnBnRRAB,ChIJ540LXdgvby4Rw_-tfbSbTQE,Taman Sejarah Majalengka,Majalengka,Wisata,5,"Taman Sejarah Majalengka, terletak tidak jauh dari ikon khas Majalengka dengan replika globe atau bola dunianya. Tidak sengaja melihat lokasi bertuliskan Taman Sejarah sepulang perjalanan dari Majelengka menuju Bandung, kami memutuskan untuk berhenti sejenak berkunjung dan memotret beberapa footage di Taman Sejarah dan globe bertuliskan Majalengka.",2025-01-19T06:38:48.292Z,Dala,110320103153869144459,True,0,id,2026-05-04T16:18:38.356069
ChZDSUhNMG9nS0VJQ0FnSUNqcWQ3aUFnEAE,ChIJ540LXdgvby4Rw_-tfbSbTQE,Taman Sejarah Majalengka,Majalengka,Wisata,5,"Letaknya persis depan, sebrang taman raharja, ya gtu sayang banget, banyak sampah",2024-04-23T10:49:17.741Z,03Ngaingdays03,116848572950883712976,True,0,id,2026-05-04T16:18:38.356107
ChZDSUhNMG9nS0VJQ0FnSUNwOWNpeUN3EAE,ChIJ540LXdgvby4Rw_-tfbSbTQE,Taman Sejarah Majalengka,Majalengka,Wisata,3,"Lumayan buat main anak ""..",2023-08-08T00:33:37.833Z,Hasan 76,115497596236087247367,True,0,id,2026-05-04T16:18:38.356126
ChdDSUhNMG9nS0VJQ0FnSUNwdE5fOGdnRRAB,ChIJ540LXdgvby4Rw_-tfbSbTQE,Taman Sejarah Majalengka,Majalengka,Wisata,4,"Bagus, sarana edukasi dan menunjukan jati diri kepada pendatang. Karena lokasi di persimpangan jalan. Agak kurang nyaman untuk parkirnya.",2023-07-29T17:07:51.115Z,kangmas bang,109252198378588808716,True,0,id,2026-05-04T16:18:38.356144
ChZDSUhNMG9nS0VJQ0FnSURKXzZpVFRREAE,ChIJ540LXdgvby4Rw_-tfbSbTQE,Taman Sejarah Majalengka,Majalengka,Wisata,5,Dari palembang main kesini dan bisa baca sejarah singkat tg majalengka. Rapi dan terta indah tmotnya,2023-07-26T03:09:15.317Z,hatta yudistira,111965638046754663503,True,1,id,2026-05-04T16:18:38.356155
ChZDSUhNMG9nS0VJQ0FnSURKbnVMT0dBEAE,ChIJ540LXdgvby4Rw_-tfbSbTQE,Taman Sejarah Majalengka,Majalengka,Wisata,5,"Tempatnya sangat bersih dan iconik banget, bersejarahdan berdekatan dengan taman munjul...",2023-07-17T15:14:22.288Z,Hartono Alfatih,110859453028219169959,True,0,id,2026-05-04T16:18:38.356165
ChdDSUhNMG9nS0VJQ0FnSUNSZzltcHdRRRAB,ChIJ540LXdgvby4Rw_-tfbSbTQE,Taman Sejarah Majalengka,Majalengka,Wisata,5,penambah wawasan kota majalengka bagus sekali.,2023-04-09T07:59:25.956Z,wiwin setiabudi,108586567950971401643,True,3,id,2026-05-04T16:18:38.356187
ChZDSUhNMG9nS0VJQ0FnSUNobThDN0JnEAE,ChIJ540LXdgvby4Rw_-tfbSbTQE,Taman Sejarah Majalengka,Majalengka,Wisata,5,"Lokasinya cukup lumayan rame..
Dan disini kita dapat menikmati Desir Angin kota Angin Majalengka yang tak lekang dari hembusan angin,.
Banyak spot photo yang bisa menjadi background,.
Ada beberapa lesehan warung kopi juga..
Bila hari minggu ada tempat parkiran motor juga..
Lokasi di simpang Empat bundaran Munjul, kab majalengka.
Disini juga kita bisa tahu tokoh-tokoh yang Mempunyai peranan penting sejak kab majalengka ini Terlahir dan sampai masa sekarang...

Ayo Ke Majalengka,. 🙏🙏",2023-02-22T23:54:41.635Z,Ayudi Pramudya Hazzl,111793971683026470474,True,1,id,2026-05-04T16:18:38.356197
ChZDSUhNMG9nS0VJQ0FnSUNCdnM2UkVnEAE,ChIJ540LXdgvby4Rw_-tfbSbTQE,Taman Sejarah Majalengka,Majalengka,Wisata,5,"Sangat informatif sekali mengenalkan kepada pengunjung yang baru seperti saya tentang para tokoh dan cerita-cerita rakyatnya. Sayangnya di malam hari banyak pedagang kaki lima yang mengganggu pemandangan, sebaiknya disediakan tempat khusus untuk kulineran biar semakin rapih dan tertib.",2022-12-27T01:27:14.326Z,Eva Zulfa,111012135941970472058,True,0,id,2026-05-04T16:18:38.356224
ChZDSUhNMG9nS0VJQ0FnSUMtd0t1UUJREAE,ChIJ540LXdgvby4Rw_-tfbSbTQE,Taman Sejarah Majalengka,Majalengka,Wisata,4,Tempat wisata edukasi gratis.. Reliefnya bagus.. Ada jg nama2 pemimpin majalengka..  Cocok untuk nyantai dengan keluarga dipagi atau sore hari krn kalau siang cukup terik.. Lokasi strategis..,2022-10-24T11:05:11.069Z,Lisnur Andayati,117323345148567428200,True,2,id,2026-05-04T16:18:38.356236
ChdDSUhNMG9nS0VJQ0FnSURlcDhHbXVBRRAB,ChIJ540LXdgvby4Rw_-tfbSbTQE,Taman Sejarah Majalengka,Majalengka,Wisata,3,"Lumayan utk nambah pengetahuan tentang sejarah Majalengka dalam bentuk relief, taman sekitar lumayan utk sekedar nyantei, sayang tempat parkir kurang memadai, dan petugas yg sekiranya dapat menjawab pertanyaan dari pengunjung ga ada / ga standby / hanya ada sesekali waktu aja, tp keseluruhan lumayan menambah keindahan seputar wilayah bunderan dirgantara...👍🏻",2022-10-21T08:38:53.468Z,Haris Risyanto,111801570351101121378,True,0,id,2026-05-04T16:18:38.356249
ChdDSUhNMG9nS0VJQ0FnSUNlcHZpdnhBRRAB,ChIJ540LXdgvby4Rw_-tfbSbTQE,Taman Sejarah Majalengka,Majalengka,Wisata,4,Tolong jangan buang sampah sembarangan ya para pengunjung,2022-09-12T19:14:33.326Z,Mochamad Maulana Sholechuddin,115172762378426373914,True,1,id,2026-05-04T16:18:38.356262
ChZDSUhNMG9nS0VJQ0FnSUQycWJqNU1REAE,ChIJ540LXdgvby4Rw_-tfbSbTQE,Taman Sejarah Majalengka,Majalengka,Wisata,5,Taman Sejarah Majalengka terletak di Bunderan Munjul. Majalengka Keren👍,2022-05-18T12:06:55.305Z,NAKAYOSHI GAKUIN,111307322693458464859,True,1,id,2026-05-04T16:18:38.356286
ChZDSUhNMG9nS0VJQ0FnSUQyNnByaVFnEAE,ChIJ540LXdgvby4Rw_-tfbSbTQE,Taman Sejarah Majalengka,Majalengka,Wisata,5,"Tempat yang bagus, taman unik dekat bunderan munjul",2022-05-12T00:28:09.767Z,Aliza Kumar,102473225031199086957,False,6,id,2026-05-04T16:18:38.356298
ChZDSUhNMG9nS0VJQ0FnSUMyajQtMUFnEAE,ChIJ540LXdgvby4Rw_-tfbSbTQE,Taman Sejarah Majalengka,Majalengka,Wisata,5,Bagus.. cuma pkl  nya harus ditata,2022-05-01T10:23:12.713Z,Diki Saprudin,102883017060467866805,True,4,id,2026-05-04T16:18:38.356308
ChZDSUhNMG9nS0VJQ0FnSUMyMTdUTE5REAE,ChIJ540LXdgvby4Rw_-tfbSbTQE,Taman Sejarah Majalengka,Majalengka,Wisata,4,Taman yang berlokasi di sekitar Bunderan Munjul. Cocok untuk mengenal sejarah Majalengka,2022-04-30T12:14:49.614Z,Gunawan Wijaksono,110218112311284037508,True,0,id,2026-05-04T16:18:38.356318
ChZDSUhNMG9nS0VJQ0FnSURXOHBDc1VREAE,ChIJ540LXdgvby4Rw_-tfbSbTQE,Taman Sejarah Majalengka,Majalengka,Wisata,5,"Tempat bersih, berisi pengetahuan dan nama nama pemimpin majalengka dari masa ke masa dan sejarah terbentuknya nama majalengka, sayang taman taman kalo Gak di jaga",2022-03-20T09:00:32.974Z,Hari Haolin,114224424880493929528,True,1,id,2026-05-04T16:18:38.356328
ChZDSUhNMG9nS0VJQ0FnSURtbDktUVpnEAE,ChIJ540LXdgvby4Rw_-tfbSbTQE,Taman Sejarah Majalengka,Majalengka,Wisata,5,"Bagus rekomendasi buat hunting foto"" Klo malem hari",2022-02-12T00:02:53.463Z,Faris Ryiz,107513749959787949834,True,1,id,2026-05-04T16:18:38.356338
ChdDSUhNMG9nS0VJQ0FnSURtallETnN3RRAB,ChIJ540LXdgvby4Rw_-tfbSbTQE,Taman Sejarah Majalengka,Majalengka,Wisata,4,"relief sejarahnya bagus banget! lokasinya lumayan nyaman, kalau cuaca terik ya panas sekali, ada sedikit tempat berteduh dan tempat duduk, ada toko kerajinan lokal tapi belum buka, areanya menurut sebagian orang cukup instagramable",2022-02-05T06:52:21.232Z,Rinaldi Septian,116728401026970746287,True,5,id,2026-05-04T16:18:38.356349
ChdDSUhNMG9nS0VJQ0FnSURtcXZhcnNRRRAB,ChIJ540LXdgvby4Rw_-tfbSbTQE,Taman Sejarah Majalengka,Majalengka,Wisata,5,"One of legend in Majalengka Culture History Nyi Rambut Kasih, well legacy education for next generation story.",2022-01-25T04:25:43.661Z,Eni Nuraeni,113775712333615542561,True,0,en,2026-05-04T16:18:38.356368
ChZDSUhNMG9nS0VJQ0FnSURtOG9yZ0l3EAE,ChIJ540LXdgvby4Rw_-tfbSbTQE,Taman Sejarah Majalengka,Majalengka,Wisata,3,"Taman berada di area bundaran munjul, sesuai namanya taman sejarah, ada beberapa papan informasi yang berisikan bahan bacaan yang membahas tentang sejarah Majalengka",2022-01-24T12:08:23.171Z,khoir roni,113953395706294584485,True,0,id,2026-05-04T16:18:38.356377
ChZDSUhNMG9nS0VJQ0FnSUNtX2E2RFJREAE,ChIJ540LXdgvby4Rw_-tfbSbTQE,Taman Sejarah Majalengka,Majalengka,Wisata,5,"Bagus untuk wisata edukasi keluarga, lokasi mudah dijangkau. Dan berdekatan dengan ruang publik lainnya untuk liburan ringan keluarga. Chanel youtube JENDELA MAJALENGKA.",2022-01-07T03:43:53.495Z,RAHMAT JENDELA MAJALENGKA,116278057315642502679,True,1,id,2026-05-04T16:18:38.356385
ChdDSUhNMG9nS0VJQ0FnSUNtN1lTZTdBRRAB,ChIJ540LXdgvby4Rw_-tfbSbTQE,Taman Sejarah Majalengka,Majalengka,Wisata,5,Taman baru yg berlokasi di kab.majalengka....,2022-01-06T03:02:34.683Z,Herrie Yurrie,106837444018136954891,True,1,id,2026-05-04T16:18:38.356399
Ci9DQUlRQUNvZENodHljRjlvT2xwZlpHZEhkRlJ2WWxKTU4xZExiMk5DWWtNMU1HYxAB,ChIJm7vfDUE9by4RPSmvWLufN6c,Waterleideng Pantan Cigowong,Majalengka,Wisata,5,mantap ahh tiris,2026-02-18T04:55:33.196Z,Jkss Red,106938599280007148170,False,0,id,2026-05-04T16:18:38.356408
Ci9DQUlRQUNvZENodHljRjlvT2xZeGVGRlBVRUpHVm1STE1YWlBUbmh3UzNsRE9IYxAB,ChIJm7vfDUE9by4RPSmvWLufN6c,Waterleideng Pantan Cigowong,Majalengka,Wisata,5,"Hidden gemnys Talaga, airnya jernih dari mata air, kami datang sore saat hujan udaranya dingin pol... tiket untuk berenang cuma 10K, ada tempat buat ngopi dan menginap.",2026-01-15T22:24:57.667Z,Emil Gandanegara,117587444376936281554,True,0,id,2026-05-04T16:18:38.356421
Ci9DQUlRQUNvZENodHljRjlvT21Sa1ZIcG1Va2syUkRWc2FqbHJNMVJFTjNwdVdVRRAB,ChIJm7vfDUE9by4RPSmvWLufN6c,Waterleideng Pantan Cigowong,Majalengka,Wisata,5,"Sumber mata air alami, peninggalan zaman Kolonial Belanda yg bermanfaat untuk warga sekitar. Sangat disayangkan kurang perhatian dari pemerintah Daerah.",2025-12-16T14:41:04.064Z,Dudi Wahyudi,101679824171894011995,True,0,id,2026-05-04T16:18:38.356432
Ci9DQUlRQUNvZENodHljRjlvT25sUlNEZzVla3hDWTNOak9XbEVSRkpPYlVobVJXYxAB,ChIJm7vfDUE9by4RPSmvWLufN6c,Waterleideng Pantan Cigowong,Majalengka,Wisata,5,Keberadaan di Telaga Majalengka dgn Sumber air abadi yg sangat Jernih.,2025-11-16T05:45:29.162Z,Warlan Wardjono,100841879818517595543,True,0,id,2026-05-04T16:18:38.356457
Ci9DQUlRQUNvZENodHljRjlvT2w5d2IyaGxhbEpUWmxKdFZGQlFSMjlPZVRZM1QyYxAB,ChIJm7vfDUE9by4RPSmvWLufN6c,Waterleideng Pantan Cigowong,Majalengka,Wisata,5,"keren tempatnya, bisa belajar banyak tentang sejarah Indonesia pada zaman dulu saat masih menjadi Hindia Belanda",2025-10-23T03:46:29.342Z,B Zack,115154682444655716170,True,0,id,2026-05-04T16:18:38.356467
Ci9DQUlRQUNvZENodHljRjlvT25aQmEyWjJVVmczVVU5Vk1YRnVSa05wUVRoWFNtYxAB,ChIJm7vfDUE9by4RPSmvWLufN6c,Waterleideng Pantan Cigowong,Majalengka,Wisata,3,"di dalam air nya bersih jernih, tetapi di pinggiran kolam nya masih banyak sampah bekas makan/minum ,tolong di jaga kebersihan nya.",2025-08-03T06:20:55.906Z,JUAN NABIL KARIM,100873796941126428410,False,0,id,2026-05-04T16:18:38.356492
Ci9DQUlRQUNvZENodHljRjlvT2t0a2RrTndZbmhqVVhSRVFWOHRSR05CY25VMVkyYxAB,ChIJm7vfDUE9by4RPSmvWLufN6c,Waterleideng Pantan Cigowong,Majalengka,Wisata,5,"Minggu kemarin saya ke sana
Tanggal 27 juli 2025
Masha allah Cigowong sudah banyak yang berubah... wisata alam nya bagus
Tidak kalah menarik dari wisata alam yang lain... pokok nya keren",2025-07-30T14:04:55.481Z,Een bt Mardi emen,112623409027260871820,True,0,id,2026-05-04T16:18:38.356502
ChdDSUhNMG9nS0VLWFdwSy1UcUtIOXBBRRAB,ChIJm7vfDUE9by4RPSmvWLufN6c,Waterleideng Pantan Cigowong,Majalengka,Wisata,2,"mohon untuk pengelola dan pedagang, agar memperhatikan kebersihan dan menambah personil untuk membersihkan sampah. Yang paling utama menyediakan banyak tempat sampah karena tidak saya temukan sama sekali.",2025-05-15T09:28:06.751Z,Dika matsuya,116546577481812105393,True,0,id,2026-05-04T16:18:38.356529
ChZDSUhNMG9nS0VJQ0FnTUNnc05hckV3EAE,ChIJm7vfDUE9by4RPSmvWLufN6c,Waterleideng Pantan Cigowong,Majalengka,Wisata,5,Sangat sejuk nyaman dan dingin,2025-02-13T13:31:25.103Z,allex frans,104184601681477639213,False,0,id,2026-05-04T16:18:38.356575
ChZDSUhNMG9nS0VJQ0FnTURBXzhfZEdnEAE,ChIJm7vfDUE9by4RPSmvWLufN6c,Waterleideng Pantan Cigowong,Majalengka,Wisata,5,"Cocok untuk para petualang yang suka tempat2 unik dan creepy. Datang pada saat hujan rintik-rintik di sore hari, akan menambah suasana yang sahdu, mencekam dan seru",2025-02-13T04:32:35.448Z,Muhammad Rifqi Musyaffa,106980038285174874027,True,0,id,2026-05-04T16:18:38.356584
ChZDSUhNMG9nS0VJQ0FnSURmdHZPSE1REAE,ChIJm7vfDUE9by4RPSmvWLufN6c,Waterleideng Pantan Cigowong,Majalengka,Wisata,5,airnya jernih dan sangat dingin,2025-01-06T11:32:59.923Z,Devan Deris Nugraha,114252967315350995470,False,0,id,2026-05-04T16:18:38.356627
ChZDSUhNMG9nS0VJQ0FnSUNYbHNMQWZnEAE,ChIJm7vfDUE9by4RPSmvWLufN6c,Waterleideng Pantan Cigowong,Majalengka,Wisata,3,Wisata mata air yang jernih,2024-10-16T06:06:17.576Z,iq99,106407129936092314445,False,0,id,2026-05-04T16:18:38.356639
ChZDSUhNMG9nS0VJQ0FnSURCc2J5ZVJnEAE,ChIJm7vfDUE9by4RPSmvWLufN6c,Waterleideng Pantan Cigowong,Majalengka,Wisata,5,Pemandangannya bagus semoga cepat selesai pembangunannya,2023-01-22T06:52:52.660Z,Asep Saepudin,106011032772931738035,True,1,id,2026-05-04T16:18:38.356678
ChZDSUhNMG9nS0VJQ0FnSUQtbnNDU0p3EAE,ChIJm7vfDUE9by4RPSmvWLufN6c,Waterleideng Pantan Cigowong,Majalengka,Wisata,5,Suasana pegunungan yg asri untuk Nalisa Glamping,2022-11-30T12:34:17.615Z,Yund Rusyanto,110930395396789642455,True,0,id,2026-05-04T16:18:38.356687
ChZDSUhNMG9nS0VJQ0FnSUMteFBLZVZnEAE,ChIJm7vfDUE9by4RPSmvWLufN6c,Waterleideng Pantan Cigowong,Majalengka,Wisata,5,Diajak Adek healing sekalian ngemandoran yg kerja 🤗,2022-10-27T08:05:15.651Z,Nurlaela Afriyana Sari,113858951991925980378,True,2,id,2026-05-04T16:18:38.356695
ChZDSUhNMG9nS0VJQ0FnSURlOGRlQ05nEAE,ChIJm7vfDUE9by4RPSmvWLufN6c,Waterleideng Pantan Cigowong,Majalengka,Wisata,5,Seru dan menarik,2022-10-13T06:14:59.681Z,Titin Sriatin,101948959958113763583,False,0,id,2026-05-04T16:18:38.356705
ChdDSUhNMG9nS0VJQ0FnSURlbnItYTJ3RRAB,ChIJm7vfDUE9by4RPSmvWLufN6c,Waterleideng Pantan Cigowong,Majalengka,Wisata,5,Asri banget trek nya juga numayan menantang... Tempatbermain dari kecil sama temen temen dan sekarang baru berkunjung lagi kesini . Saya harap tempat ini bisa tetep asri selamanya,2022-10-11T06:39:02.515Z,Hajah Hajah,103575536144257017122,False,5,id,2026-05-04T16:18:38.356723
ChdDSUhNMG9nS0VJQ0FnSUR1bzU3M3JnRRAB,ChIJm7vfDUE9by4RPSmvWLufN6c,Waterleideng Pantan Cigowong,Majalengka,Wisata,1,Airnya dingin bgt cuman sayang tidak ada tempat sholat,2022-08-28T10:10:40.945Z,Devlovers channel,110200201792634199123,True,0,id,2026-05-04T16:18:38.356734
ChdDSUhNMG9nS0VJQ0FnSUN1dHJQZjZnRRAB,ChIJm7vfDUE9by4RPSmvWLufN6c,Waterleideng Pantan Cigowong,Majalengka,Wisata,4,Tempatnya nyaman dan adem,2022-07-28T01:37:12.487Z,Ridwan Hidayat,112346803606510706621,True,0,id,2026-05-04T16:18:38.356751
ChZDSUhNMG9nS0VJQ0FnSURPdTV1UE93EAE,ChIJm7vfDUE9by4RPSmvWLufN6c,Waterleideng Pantan Cigowong,Majalengka,Wisata,5,"Tempat masa kecil dulu 1986 kalau habis kemping nyuci tenda kesini, sekarang masih ada dan masih memberi air ke semua orang Talaga. Mata airnya masih tetap bersih, bening, tidak berbau..",2022-07-15T06:25:19.446Z,Kang Sumarna,117033517808865591614,True,3,id,2026-05-04T16:18:38.356763
ChZDSUhNMG9nS0VJQ0FnSUNPLXU3ZkZnEAE,ChIJm7vfDUE9by4RPSmvWLufN6c,Waterleideng Pantan Cigowong,Majalengka,Wisata,5,"Sumber dari segala sumber , mata Air jernih Saluran Dibangun Saat jaman Belanda dan sekarang ini di Tata Untuk Memudahkan akses.   Anugerah Alam Indonesia",2022-06-08T03:50:29.211Z,Andy Andul,109861489166362931861,True,2,id,2026-05-04T16:18:38.356775
ChZDSUhNMG9nS0VJQ0FnSUQycGMtRFBnEAE,ChIJm7vfDUE9by4RPSmvWLufN6c,Waterleideng Pantan Cigowong,Majalengka,Wisata,5,"Sejak masih di SD kalau ingin main selalu ke sini, pulangnya beli Saladaer alias selada air, langsung aja di coel sambel...",2022-05-20T09:37:34.329Z,Yasir Amrullah,116043885256038114019,True,0,id,2026-05-04T16:18:38.356785
ChZDSUhNMG9nS0VJQ0FnSUQyeVlyN0h3EAE,ChIJm7vfDUE9by4RPSmvWLufN6c,Waterleideng Pantan Cigowong,Majalengka,Wisata,5,"Mulai ada perubahan, semoga akses yg sedang dibangun bisa cepat selesai",2022-05-18T08:21:39.425Z,Agus Setiawan (Agus),104898489152237084428,True,5,id,2026-05-04T16:18:38.356796
ChZDSUhNMG9nS0VJQ0FnSUQyX3R2c2VREAE,ChIJm7vfDUE9by4RPSmvWLufN6c,Waterleideng Pantan Cigowong,Majalengka,Wisata,5,Airnya segar dan jernih,2022-05-16T11:41:52.774Z,kamrax fm,106350416471275408334,True,1,id,2026-05-04T16:18:38.356805
ChdDSUhNMG9nS0VJQ0FnSURXNTRuVjNnRRAB,ChIJm7vfDUE9by4RPSmvWLufN6c,Waterleideng Pantan Cigowong,Majalengka,Wisata,5,"Fasilitas mulai memadai pemuda setempat mulai mengelola, hari minggu sering ada yang swngaja jualan kelokasi",2022-04-06T10:47:05.443Z,Parhan Sani,117412565118185041931,False,0,id,2026-05-04T16:18:38.356820
ChdDSUhNMG9nS0VJQ0FnSURHcGJ5NV9BRRAB,ChIJm7vfDUE9by4RPSmvWLufN6c,Waterleideng Pantan Cigowong,Majalengka,Wisata,4,Seandainya pihak2 pemerintah setempat bisa memaksimal area cigowong ini pasti lebihh mantapp,2021-12-04T07:56:14.630Z,daffa arya,112280011355744142203,False,1,id,2026-05-04T16:18:38.356853
ChdDSUhNMG9nS0VJQ0FnSUQ2eFlLWTlRRRAB,ChIJm7vfDUE9by4RPSmvWLufN6c,Waterleideng Pantan Cigowong,Majalengka,Wisata,2,"Dateng kesini gara gara lihat video travelling di tiktok, dalam video tersebut terlihat bagus air jernih kebiruan dan ada aura mistis.

Ternyata ketika sampai disana jauh dari perkiraan, engga beda jauh sama kolam renang yang ada di kota.

Untuk akses ke tempat ini memerlukan jalan kaki dari tepi jalan raya aspal (jika membawa mobil) atau masuk ke dalam menggunakan sepeda motor sejauh 200m dengan medan bebatuan. Tidak hanya sampai disitu, akses dari pintu gerbang memerlukan tenaga extra yaitu harus berjalan kaki lagi sejauh 100m dengan medan jalan menurun licin dan curam. Saya hampir terjatuh disini, gara gara tangga yg dibuat masih berupa tanah yg digali

Nilai plus dari tempat ini hanyak air nya yg jernih dan segar tapi membuat kulit saya gatal gatal setelah coba mandi dan main air disini😐

Selain itu warga lokal disini ramah ramah, nilai plus juga yg menambah penilaian dari tempat ini

Oh iya saat saya berkunjung sekitar jam 4 an sore dan tidak ada tiket masuk alias gratis

Kesimpulan :
Apakah rekomended untuk dikunjungi?
Iya, jika ada perbaikan dari segi kebersihan tempat, akses masuk mulai dari tepi jalan raya hingga menuju lokasi. Tapi jujur, tidak menarik bagi saya pribadi untuk saat ini",2021-10-05T14:19:57.664Z,Alpine Troyandi,102517687310042336125,False,10,id,2026-05-04T16:18:38.356871
ChdDSUhNMG9nS0VJQ0FnSUQ2Mk5lOWpRRRAB,ChIJm7vfDUE9by4RPSmvWLufN6c,Waterleideng Pantan Cigowong,Majalengka,Wisata,5,"Segarnya didinya, udah 9 kali aku kesitu, lumayan jauh sihh saya dari Cikijing,tetapi sangat seruuu sampai gak mau pulang:v",2021-09-20T08:56:52.269Z,MeItsZaa,114094730230504796863,True,0,id,2026-05-04T16:18:38.356886
Ci9DQUlRQUNvZENodHljRjlvT2pKTWNFZEdiSFYxYldwdmRXTlZNSE54VVU0M00wRRAB,ChIJmVIcwGYhby4RqxcXInr1iPY,Waduk Sindangpano.,Majalengka,Wisata,4,"Pemandangan asri, nyaman... Kurang tempat duduk",2026-04-18T06:02:24.385Z,Ichwan Alfayadh Endin,103960930671142060033,True,0,id,2026-05-04T16:18:38.356910
ChZDSUhNMG9nS0VJQ0FnTURneS11QU1nEAE,ChIJmVIcwGYhby4RqxcXInr1iPY,Waduk Sindangpano.,Majalengka,Wisata,5,Apa ada spot mancing,2025-02-27T13:06:23.991Z,Oppo ID Oppo ID,106374371165054723538,False,0,id,2026-05-04T16:18:38.356968
ChdDSUhNMG9nS0VJQ0FnSUNfcVlycC1RRRAB,ChIJmVIcwGYhby4RqxcXInr1iPY,Waduk Sindangpano.,Majalengka,Wisata,5,"Waduk Sindangpano view nya bagus, apalagi tampak terlihat gunung ciremai, banyak yang memancing ikan. Ikannya banyak. Cukup lumayan untuk refreshing melihat lihat alam dan air.",2025-01-17T07:50:01.951Z,Muh. K-zaman,103113549399591967098,True,0,id,2026-05-04T16:18:38.356984
ChdDSUhNMG9nS0VJQ0FnSUNubm9Ec3BRRRAB,ChIJmVIcwGYhby4RqxcXInr1iPY,Waduk Sindangpano.,Majalengka,Wisata,2,Kunjungan ke rumah nenek,2024-09-26T08:26:59.986Z,Uhen Ruhendy,112150694410080997281,False,0,id,2026-05-04T16:18:38.356993
ChZDSUhNMG9nS0VJQ0FnSUN0dDk3b1F3EAE,ChIJmVIcwGYhby4RqxcXInr1iPY,Waduk Sindangpano.,Majalengka,Wisata,5,Cocok buat santuy..,2024-02-01T12:37:48.014Z,Tatang SH,114453999483499714670,True,0,id,2026-05-04T16:18:38.357002
ChdDSUhNMG9nS0VJQ0FnSUNHbDZhU2d3RRAB,ChIJmVIcwGYhby4RqxcXInr1iPY,Waduk Sindangpano.,Majalengka,Wisata,5,Sangat kotor...juga bnyak yang buang sampah sembarangan terhadap waduk...pintu airnya juga dah rusak gak bisa buka tutup,2023-04-28T23:28:25.421Z,Dole Bekoey,105058970554556490429,False,0,id,2026-05-04T16:18:38.357024
ChZDSUhNMG9nS0VJQ0FnSUNoNlBqRUJREAE,ChIJmVIcwGYhby4RqxcXInr1iPY,Waduk Sindangpano.,Majalengka,Wisata,5,"HTM : 5000
Lumayan untuk mencari ketenangan 👍",2023-02-04T08:04:16.838Z,IGL,117503232902659350019,True,2,id,2026-05-04T16:18:38.357040
ChZDSUhNMG9nS0VJQ0FnSURCNnQ2N0ZBEAE,ChIJmVIcwGYhby4RqxcXInr1iPY,Waduk Sindangpano.,Majalengka,Wisata,4,"Tempatnya cukup panas saat siang hari, tapi ada beberapa spot teduh dibawah pohon. Banyak pemancing. Lain kali kalo kesini bawa alat pancing deh wkwkw
Kebersihan cukup terawat karena ada yang jaga (orang luar masuk bayar 5rb gatau kalo warga sana mungkin gratis?) meskipun ada sampah2 yang mengambang dipinggir waduk.",2023-01-17T00:23:40.755Z,Siti Adila Radhiyah,116391402129024970615,True,0,id,2026-05-04T16:18:38.357049
ChdDSUhNMG9nS0VJQ0FnSUQtMi1iYzhRRRAB,ChIJmVIcwGYhby4RqxcXInr1iPY,Waduk Sindangpano.,Majalengka,Wisata,1,Sangat indah sekali,2022-12-10T12:25:41.237Z,Putra agung Agung putra maulana,116002790778075003755,False,0,id,2026-05-04T16:18:38.357058
Ci9DQUlRQUNvZENodHljRjlvT2twNVJVOVlTVXhhYlZSWWVWQklTMUJTTkZSelJuYxAB,ChIJXR-97tw8by4RjKOMamFtsRE,Pos Pendakian Gunung Ciremai Jalur Apuy,Majalengka,Wisata,5,Desember mau kesini,2026-04-29T18:19:09.779Z,Dwi S,111389442910867701289,True,0,id,2026-05-04T16:18:38.357075
Ci9DQUlRQUNvZENodHljRjlvT2pCWVpGZDZkMGRzV1VjdFEydFhSemREYkMxU1RsRRAB,ChIJXR-97tw8by4RjKOMamFtsRE,Pos Pendakian Gunung Ciremai Jalur Apuy,Majalengka,Wisata,5,treknya cocok buat pemula🤘🤘,2026-04-24T08:06:57.354Z,Chintia aulia priandini,105232139463769155176,True,0,id,2026-05-04T16:18:38.357112
Ci9DQUlRQUNvZENodHljRjlvT200emJEaElibGhzUldaU1RUaFNaalJUUWtOdFJGRRAB,ChIJXR-97tw8by4RjKOMamFtsRE,Pos Pendakian Gunung Ciremai Jalur Apuy,Majalengka,Wisata,5,Ciremai via apuy bintang 5😭🙏🙏,2026-04-05T09:29:48.098Z,yulinda sa,114847049453378405797,True,0,id,2026-05-04T16:18:38.357146
Ci9DQUlRQUNvZENodHljRjlvT2tzMmIyNWpkV1JYY0ZGTmRYWkhRVzF5UjBKSlkxRRAB,ChIJXR-97tw8by4RjKOMamFtsRE,Pos Pendakian Gunung Ciremai Jalur Apuy,Majalengka,Wisata,5,"mantapp, tracknya menantang rispek",2026-04-02T17:23:38.668Z,Hadi Nursalim,107577516710411210139,False,0,id,2026-05-04T16:18:38.357156
Ci9DQUlRQUNvZENodHljRjlvT20xUGMwOTFRM2RFUlY5R1gxTnlNRVprWkRCNVNsRRAB,ChIJXR-97tw8by4RjKOMamFtsRE,Pos Pendakian Gunung Ciremai Jalur Apuy,Majalengka,Wisata,5,"Sebelum masuk ada retribusi 10k Simaksi mahal 100k kesehatan 20k
Parkir 5k, baliknya bayar parkir lagi 5k.",2026-04-01T09:29:37.657Z,Kevin Adriyan,117293521051689369022,True,0,id,2026-05-04T16:18:38.357169
Ci9DQUlRQUNvZENodHljRjlvT25WdVNXODJWbXhXVjIxS2REUnNOVEJ6ZW1OTFpIYxAB,ChIJXR-97tw8by4RjKOMamFtsRE,Pos Pendakian Gunung Ciremai Jalur Apuy,Majalengka,Wisata,5,"tahun 90an awal..  naik dari apuy.. subuh2.. gak nemu pos pendakian.. entah belum ada.. atau masih tutup.. langsung naik aja.. gak ada bayar apa2.. jaman dulu naik gunung memang buat mendekatkan diri ke alam, bukan untuk update status... oh iya.. dulu lapornya ke 'kuncen' wkwkwk.. itu juga gak saya lakukan..
sekarang sudah ada pos pendakian, jadi yang naik lebih terpantau.. sehingga klo terjadi sesuatu cepat ditanganinya.. walau sekarang harus bayar.. tapi mungkin sepadan bagi yang mampu..",2026-04-01T02:34:53.858Z,Arcahyudi Hermawanto,107784721017695519196,True,0,id,2026-05-04T16:18:38.357178
Ci9DQUlRQUNvZENodHljRjlvT21jeFR6aHpReko1ZEVSeFpYWnRRMmcwUzBkSWNXYxAB,ChIJXR-97tw8by4RjKOMamFtsRE,Pos Pendakian Gunung Ciremai Jalur Apuy,Majalengka,Wisata,5,"Briefing jam 2am sampai pos 5 jam 8 am, karena badai jadi ga dilanjut sampai puncak huhu
Simaksi 125k (regis online 35k + 90  Regis ulang offline) hari libur nasional
Pulang dapet sertifikat dan makan gratis nasi sebakul tempe tahu telor sambel ijo + satu gelas air aqua 😋 Terimakasih gunung ciremai",2026-03-25T09:46:44.115Z,Nadia Ul-Haq,101006297901478058513,False,0,id,2026-05-04T16:18:38.357188
ChZDSUhNMG9nS0VJQ0FnSURZbk1xRVVnEAE,ChIJXR-97tw8by4RjKOMamFtsRE,Pos Pendakian Gunung Ciremai Jalur Apuy,Majalengka,Wisata,5,The fastest track to hike mount ciremai,2026-03-22T21:32:47.643Z,Farrel Sinatria,108098992272604002887,True,0,en,2026-05-04T16:18:38.357206
Ci9DQUlRQUNvZENodHljRjlvT214eU4yZFdRa3QzTTJ4MWJYZzJPVU5EWmpsbU1rRRAB,ChIJXR-97tw8by4RjKOMamFtsRE,Pos Pendakian Gunung Ciremai Jalur Apuy,Majalengka,Wisata,5,The Best sih 👍🏻,2026-03-13T21:29:18.903Z,ꦤꦸꦂꦲꦢꦶꦱꦥꦸꦠꦿ A.Md.KA.,116303417797507754579,False,0,id,2026-05-04T16:18:38.357215
Ci9DQUlRQUNvZENodHljRjlvT2pCc1IxUkVkak0yV2pCQ1JWTTBUVUp2UmxkV1NGRRAB,ChIJXR-97tw8by4RjKOMamFtsRE,Pos Pendakian Gunung Ciremai Jalur Apuy,Majalengka,Wisata,5,pas banget dapet matahari di musim hujan,2026-01-27T06:52:44.342Z,Sri Sulastri,106496713705223528214,False,0,id,2026-05-04T16:18:38.357257
Ci9DQUlRQUNvZENodHljRjlvT2tGWWFYUnhPVk5oYnpsc01XSmFSbXBSV0ZSdGJsRRAB,ChIJXR-97tw8by4RjKOMamFtsRE,Pos Pendakian Gunung Ciremai Jalur Apuy,Majalengka,Wisata,5,"4 Agustus 2025
pendakian saat itu seruu bgt,
ciremai via apuy, sekaligus merakan ulang tahunku👋🏻",2026-01-24T11:23:05.050Z,Neneng Antikasari,104866688282522667705,True,0,id,2026-05-04T16:18:38.357265
ChZDSUhNMG9nS0VJQ0FnSUQtNWN1QUpREAE,ChIJmVIcwGYhby4RqxcXInr1iPY,Waduk Sindangpano.,Majalengka,Wisata,3,"Makin tak terurus, airnya surut",2022-12-05T10:48:30.733Z,el_ghaniy,107974674279221378942,True,0,id,2026-05-04T16:18:38.357274
ChdDSUhNMG9nS0VJQ0FnSUMtMzlqX3V3RRAB,ChIJmVIcwGYhby4RqxcXInr1iPY,Waduk Sindangpano.,Majalengka,Wisata,2,Tidak dikelola dengan baik,2022-11-17T12:17:39.966Z,Putut Hartono,108488264615510621919,True,0,id,2026-05-04T16:18:38.357290
ChZDSUhNMG9nS0VJQ0FnSUMtb1lyVVlnEAE,ChIJmVIcwGYhby4RqxcXInr1iPY,Waduk Sindangpano.,Majalengka,Wisata,5,Tempat Nya Sejuk Enak Untuk Tenangin Diri 😇,2022-11-05T23:39:26.292Z,NUR SANDI (SAN),102850374583717514537,False,0,id,2026-05-04T16:18:38.357299
ChdDSUhNMG9nS0VJQ0FnSUR1NjhucHFRRRAB,ChIJmVIcwGYhby4RqxcXInr1iPY,Waduk Sindangpano.,Majalengka,Wisata,5,"Lokasinya bagus sekali, sayang waktu kesini gunung Ciremainya tertutup awan..",2022-08-30T01:23:52.397Z,Budi “Able” Harto,112187716160472952256,False,1,id,2026-05-04T16:18:38.357321
ChZDSUhNMG9nS0VJQ0FnSUQydnV2cEpnEAE,ChIJmVIcwGYhby4RqxcXInr1iPY,Waduk Sindangpano.,Majalengka,Wisata,4,View nya bagus dan waduk sangat terawat. Bersih.,2022-05-16T06:51:44.739Z,kangmas bang,109252198378588808716,True,0,id,2026-05-04T16:18:38.357350
ChRDSUhNMG9nS0VJQ0FnSUQ2dzRoQRAB,ChIJmVIcwGYhby4RqxcXInr1iPY,Waduk Sindangpano.,Majalengka,Wisata,5,Waduk sindangpano utk refresing keluarga,2021-10-09T11:44:00.140Z,M2 shafiera,102770543521212438271,True,0,id,2026-05-04T16:18:38.357373
ChdDSUhNMG9nS0VJQ0FnSUQ2dXYzQmxnRRAB,ChIJmVIcwGYhby4RqxcXInr1iPY,Waduk Sindangpano.,Majalengka,Wisata,5,Tempat yang sangat menyenangkan,2021-09-27T12:49:19.004Z,Andry Mhonx,109230633094562805061,False,0,id,2026-05-04T16:18:38.357381
ChdDSUhNMG9nS0VJQ0FnSUM2d2RMYm1BRRAB,ChIJmVIcwGYhby4RqxcXInr1iPY,Waduk Sindangpano.,Majalengka,Wisata,5,"Ini waduk ko airnya dikit yah..?
Ada yang tau kenapa..
Kalo ada yang tau tolong di bantu.. Apa karena musin kemarau....??",2021-09-06T09:11:33.830Z,Osa 77,108534890489184029470,True,1,id,2026-05-04T16:18:38.357391
ChZDSUhNMG9nS0VJQ0FnSURhNk9lYk1REAE,ChIJmVIcwGYhby4RqxcXInr1iPY,Waduk Sindangpano.,Majalengka,Wisata,5,Amazing and breathtaking landscape.,2021-08-14T11:08:50.762Z,Yusa Jy Laksana,117173680128503525976,True,0,en,2026-05-04T16:18:38.357402
Ci9DQUlRQUNvZENodHljRjlvT25sQ1ZETnFTSEZOVmtOWk9ITnlTRlIxU205V1NWRRAB,ChIJXR-97tw8by4RjKOMamFtsRE,Pos Pendakian Gunung Ciremai Jalur Apuy,Majalengka,Wisata,5,Tektok via Apuy Jam 2 pagi star bikin linu dengkul 🥲,2026-01-15T10:33:00.121Z,Abu Ghassani,101179516278724460020,True,0,id,2026-05-04T16:18:38.357439
Ci9DQUlRQUNvZENodHljRjlvT2s5TmJXbENha0l6Vm5kNGJscE9hbGRXYjB4a1NWRRAB,ChIJXR-97tw8by4RjKOMamFtsRE,Pos Pendakian Gunung Ciremai Jalur Apuy,Majalengka,Wisata,5,"Alhamdulillah atap Jabar berhasil saya daki. Treknya benar-benar menguras tenaga & pikiran wkwk harus kuat & jangan pantang menyerah pokonya. Naik setelah beres lebaran, treknya akar, tanah, batu. Kebetulan waktu itu ramai jga di pendakian karena momentnya bertepatan libur lebaran. Pengalaman yg ga akan pernah dilupakan sih. Alhamdulillahnya cuacanya juga cerah, viewnya indah banget, bisa menikmati keindahan gunung lain ketika di puncak. Ciremai via apuy memang cihuyy hihi.. yg mau ke atap Jabar pokonya hrs persiapkan segalanya jgn sampai ada yg tertinggal, terutama fisik sih hrs benar-benar kuat. Simaksinya agak pricy sih, tapi terbayarkan dg keindahan alamnya.",2026-01-07T16:54:34.156Z,Indah Puspitasari,110357293387138884314,True,0,id,2026-05-04T16:18:38.357447
Ci9DQUlRQUNvZENodHljRjlvT2t0QmJWVjZVRVkwUzFsTWEyY3RWa3RhYldjeGJIYxAB,ChIJXR-97tw8by4RjKOMamFtsRE,Pos Pendakian Gunung Ciremai Jalur Apuy,Majalengka,Wisata,5,"Jalur yang lumayan menguji kesabaran pendaki pemula seperti aku, meskipun di jalur juga banyak dijumpai pendaki yang tak lagi muda. Jalurnya beragam, ga bosen melaluinya. Sayangnya tidak ada sumber air dan toilet di setiap pos nya, jadi pendaki harus menyediakan persediaan air sesuai kebutuhannya sendiri.
Disarankan menggunakan porter, untuk memastikan dapat tempat untuk mendirikan tenda di pos 5, karena di waktu tertentu, jumlah pendaki relatif ramai. Tapi jika tidak tersedia tempat di pos 5, di pos 4 juga banyak tempat yang bisa digunakan untuk mendirikan tenda.
Bawa kembali sampahmu turun, karena masih ada saja sampah yg terlihat di sisi jalur..",2026-01-07T00:17:03.373Z,Dyah Ratih Saputri,107781739041433806887,True,0,id,2026-05-04T16:18:38.357457
Ci9DQUlRQUNvZENodHljRjlvT2twT00zVm5lalptWjFsMWNYWjZjM0YxY0hjMWIyYxAB,ChIJXR-97tw8by4RjKOMamFtsRE,Pos Pendakian Gunung Ciremai Jalur Apuy,Majalengka,Wisata,1,"wc bau banget ...
tempat wudhu miring dan ada air menggenang yang sudah lama jamuran ..
keran buat wudhu cuman cuman 1 itupun hampir bocor ..
tempat singgah istirahat pendaki tdk terurus bngt seperti bangunan yg lama tdk terpakai entah knpa al hasil pendaki lbh baik tdr d homestay yg ada d sekitar bc apuy aja ...

padahal bayar lumayan mahal loh 125rb per orang ..tp fasilitas yg d dapetin kya gtt ... sayang bngt ...
ngga rekomendasi bngt ke Ciremai via apuy menurut saya ..",2025-12-25T06:28:53.258Z,IKI ARON,112541100834940351093,True,0,id,2026-05-04T16:18:38.357495
Ci9DQUlRQUNvZENodHljRjlvT2xWdExXVldPVzAxTXpCSGJFTmxTR1l6ZFc5bU9WRRAB,ChIJXR-97tw8by4RjKOMamFtsRE,Pos Pendakian Gunung Ciremai Jalur Apuy,Majalengka,Wisata,5,"Tektok Ciremai yg sangat ghokil menurut saya 😂😂

Pemandangan nya masyaallah banget
Indah ciptaan Tuhan ini 🏔️🏔️😍",2025-12-23T11:23:14.593Z,Jamal _Official31,109117080400598917106,True,0,id,2026-05-04T16:18:38.357503
Ci9DQUlRQUNvZENodHljRjlvT2s1R1oyaERWbXhTZFhSSlgzbHJSSFJzU210WVZuYxAB,ChIJXR-97tw8by4RjKOMamFtsRE,Pos Pendakian Gunung Ciremai Jalur Apuy,Majalengka,Wisata,5,cocok buat nongkrong,2025-12-17T23:56:42.167Z,Diaz ramadhan Diazoni,117688125862339974359,False,0,id,2026-05-04T16:18:38.357512
Ci9DQUlRQUNvZENodHljRjlvT21OSFJqbFliMXBvUlV4RE9YSm5ibWhSYjNVeVpYYxAB,ChIJXR-97tw8by4RjKOMamFtsRE,Pos Pendakian Gunung Ciremai Jalur Apuy,Majalengka,Wisata,5,buat simaksi lumayan mahal tapi include makan sama sertifikat dari pihak bc buat yang tektok pas turun,2025-11-02T01:09:21.102Z,iif supriatna,111170360085680983191,False,0,id,2026-05-04T16:18:38.357564
ChZDSUhNMG9nS0VJQ0FnSUNDMC1yTUdREAE,ChIJmVIcwGYhby4RqxcXInr1iPY,Waduk Sindangpano.,Majalengka,Wisata,4,Pemandangan yang indah,2020-09-02T07:57:35.133Z,Dagangsop 2577,114837184254376900700,True,0,id,2026-05-04T16:18:38.357594
ChZDSUhNMG9nS0VJQ0FnSUM4cnRlaUV3EAE,ChIJmVIcwGYhby4RqxcXInr1iPY,Waduk Sindangpano.,Majalengka,Wisata,5,Enak untuk bersantai,2020-07-07T08:11:55.893Z,Ramadhan arbanii,103432148029354063449,True,0,id,2026-05-04T16:18:38.357623
Ci9DQUlRQUNvZENodHljRjlvT2tnMk9WSTNZMnd6VVZsNU1HSlVjbmhXVWtKM2IxRRAB,ChIJBWjtsAYkby4RxTuGTVw9SYY,Wisata Situ Cipanten,Majalengka,Wisata,4,"Dalam perjalanan menuju Kuningan,kami putuskan mampir Majalengka, 29 Desember 2025. Mampirlah kami ke obyek wisata Situ Cipanten.

Siang itu pengunjung banyak banget, terutama dari luar kota. HTM untuk 3 orang dan satu mobil total Rp.40ribu.

Selain menikmati pemandangan situ, di area tsb banyak disediakan berbagai wahaha dan spot photo, seperti sepeda gantung, rainbow slide, pephotoan di ayunan dengan banyaknya ikan di kaki kita, naik perahu dll.

Warung makanan, toilet dan mushola tersedia di area ini.",2026-05-04T04:20:14.480Z,Ani Ekade,105292680823085962703,True,0,id,2026-05-04T16:18:38.357687
Ci9DQUlRQUNvZENodHljRjlvT2pscmNXdFFVV1J6TjI1aUxYVkROa1ZvVFZGRFlWRRAB,ChIJBWjtsAYkby4RxTuGTVw9SYY,Wisata Situ Cipanten,Majalengka,Wisata,5,Tempat nya oke. Tpi syang nya tempat ganti pakean nya(wc)kurang...  Nunggu Lama banget..   Sampe baju basah di pake sampai kering lagi😓,2026-05-03T07:04:54.764Z,Azka Nurhadi,106971834924563394800,False,0,id,2026-05-04T16:18:38.357697
Ci9DQUlRQUNvZENodHljRjlvT21sTGRXOXFaVFZKUVVsd2RrMXljWGRvVjB0MlVVRRAB,ChIJBWjtsAYkby4RxTuGTVw9SYY,Wisata Situ Cipanten,Majalengka,Wisata,5,Tempatnya nyaman untuk berwisata bersama teman ataupun keluarga.,2026-05-01T00:29:07.317Z,Aep Saepulloh,102659233022401709103,True,0,id,2026-05-04T16:18:38.357742
Ci9DQUlRQUNvZENodHljRjlvT2pCVFJHVldVVVZhWkVWRVdFSkhRMWQ2TmpkaUxVRRAB,ChIJBWjtsAYkby4RxTuGTVw9SYY,Wisata Situ Cipanten,Majalengka,Wisata,5,"Wisata Alam yang nyaman, terjangkau, harga jajanan n makanan serta wahana wisata sangat terjangkau dan pada umumnya, toilet bersih, banyak spot bsa digunakan untuk duduk n gelar tiker.

Tiket masuk
dewasa 10k
Anak 5k
Mobil 10k

Fully recomended

kyknya pengembangan wahana selanjutnya bisa buat tempat camp",2026-04-30T03:14:25.920Z,ihsan hafizhan,113463798952019116678,True,0,id,2026-05-04T16:18:38.357759
Ci9DQUlRQUNvZENodHljRjlvT2tWUE5rMUVOMHRaWjNndGJERkZjbWt3WlRKR05uYxAB,ChIJBWjtsAYkby4RxTuGTVw9SYY,Wisata Situ Cipanten,Majalengka,Wisata,5,"Beberapa poin penting:
1. Tempatnya BERSIH
2. Ga ada PUNGLI cuma sekali bayar (kecuali klo mau nyoba wahana ya)
3.  Fasilitas lengkap (kantin, toilet, tempat duduk2)
4. Akses jalan ada beberapa titik tikungan/tanjakan yang curam
5. Datang pas weekdays klo mau ketenangan/menikmati suasana
6. Datang pas weekend klo mau keseruan/bawa keluarga
7. Makanan murah n segar
8. Berangkat pagi pulang sore bahkan ada penginapan dan perkemahan bila ingin menginap",2026-04-28T13:00:43.210Z,Hadi Saputra Setiawan,108382118742676374705,True,0,id,2026-05-04T16:18:38.357786
Ci9DQUlRQUNvZENodHljRjlvT2pjM2RFNW1ZbWxpU1c1bWNuTm9kM0psYTE5dVlYYxAB,ChIJBWjtsAYkby4RxTuGTVw9SYY,Wisata Situ Cipanten,Majalengka,Wisata,5,"Tempat wisata yang seru, hijau, segar, merakyat 😁

Menyenangkan buat yg suka santai",2026-04-28T03:20:36.369Z,Kunto Wibowo,116288876627755502121,True,0,id,2026-05-04T16:18:38.357794
ChdDSUhNMG9nS0VJQ0FnSURSaF9pNDdnRRAB,ChIJBWjtsAYkby4RxTuGTVw9SYY,Wisata Situ Cipanten,Majalengka,Wisata,5,"Air nya seger banget,bening, ikan2 nya cantik cocok buat recharge dari hiruk pikuk dunia kerja.",2026-04-28T01:30:55.994Z,Anita Karlina,115320163403942630066,False,0,id,2026-05-04T16:18:38.357818
Ci9DQUlRQUNvZENodHljRjlvT25OMFR6a3RXSGwzYlZSTVVIZ3pla2h6ZUU1cmRFRRAB,ChIJXR-97tw8by4RjKOMamFtsRE,Pos Pendakian Gunung Ciremai Jalur Apuy,Majalengka,Wisata,5,"mau cerita disini dong, Pendakian ke Gunung Ciremai yg paling gokil dari yg sebelum”nya, Otw dari Jakarta ke Cirebon Majalengka naik motor, sendirian wkwkwk gokil, karena kelelahan diperjalanan, akhirnya pas treking juga lelah, kecapean, start treking jam 3 pagi, sampe puncak jam 8:30. turun jam 10 dari puncak, sampe pos regis jam 12:34 lumayan. ga kapok sih, malah mau lagi, kalo dikasih kesempatan wkwk. sempet kabut tebel pas di pos 5, pesimis bgt ga dapet view, trnyt takdir berkata lain, sampe puncak dikasih view full cerah🤩🤙🏼",2025-10-08T11:06:20.080Z,Putri Ndr,115690605991765793566,False,0,id,2026-05-04T16:18:38.357865
Ci9DQUlRQUNvZENodHljRjlvT2tOUVNUQm5SVFJ4UzFoeVVHTjNRMVJEWjBVeFUyYxAB,ChIJXR-97tw8by4RjKOMamFtsRE,Pos Pendakian Gunung Ciremai Jalur Apuy,Majalengka,Wisata,5,"21/09/2025 melakukan pendakian gn ciremai via apuy tektok. Dimulai jam 01.00 naik dr rumah singgah ke basecamp berod dg sewa pickup 50k/org perjalanan sekitar 15menit. Tiba d bc registrasi. Krn sudh booking online 35k/org jd hanya tambah 75k/org tunai d bc utk pendakian tektok. Jam 02.00 dimulai briefing dari ranger apuy. Pendakian dimulai puku 02.22. Sepanjang jalan dari pos 1-5 masih tergolong banyak bonus & landai. Jalanan luas setapak tanah merah, tidak begitu susah. Karena tdk ad sumber air & mushola disarankan bawa air yg berlebih utk jaga2. Shelter hanya ada d pos 1 arban & pos 5 camp area.
Sampai puncak pukul 08.55 dan cerah, lautan awan & ramai para pendaki.
Disarankan utk latihan fisik yg maksimal terlebih dahulu, krn trek yg akan dilalui dr pos 5 sampai puncak cukup terjal & susah. Utk turun hanya 3jam dg berlari.
Sampah masih banyak ditemukan sekitar trek. Smg para pendaki yg berkunjung tetap sadar kawasan & jd pendaki yg bertanggung jawab.
Oh iya d basecamp terdapat banyak warung juga jd jgn takut kelaparan atau tdk bsa sarapan sblm pendakian. Mushola pun tersedia. Hanya saja toilet ada 5 yg tdk terdapat air.",2025-09-25T01:36:02.017Z,Neng Ira Pratama,118043876903524661571,True,0,id,2026-05-04T16:18:38.357916
Ci9DQUlRQUNvZENodHljRjlvT214d1NqVnJUR3RCTW0xWVlsTmlSSE5YY0VRMU1sRRAB,ChIJXR-97tw8by4RjKOMamFtsRE,Pos Pendakian Gunung Ciremai Jalur Apuy,Majalengka,Wisata,4,Mantap untuk kami pencinta alam,2025-09-12T15:26:50.707Z,Rhino Rhino,107181196588988412768,False,0,id,2026-05-04T16:18:38.357937
Ci9DQUlRQUNvZENodHljRjlvT25SRE4zcDRlbXA2TVdsTlkyOU5NRlpGU1doeFkwRRAB,ChIJXR-97tw8by4RjKOMamFtsRE,Pos Pendakian Gunung Ciremai Jalur Apuy,Majalengka,Wisata,4,"Harga tiket sama fasilitas lumayan lahhh...
Buat kantong pengangguran kaya kami....!!!

Sangat di sayangkan Masih ada saja AKAMSI di masuk desa2
Terimakasih.....",2025-09-12T15:12:21.616Z,Sae Pul,114652850601030246860,False,0,id,2026-05-04T16:18:38.357945
Ci9DQUlRQUNvZENodHljRjlvT21sU1VYbHFlREJZTWs1aFFURlRTazAzYkVwTlUyYxAB,ChIJBWjtsAYkby4RxTuGTVw9SYY,Wisata Situ Cipanten,Majalengka,Wisata,2,Pelayanan perahu bebeknya gak ramah,2026-04-26T12:15:59.562Z,Rohman Ad-Dakhil,111843941750504507300,False,0,id,2026-05-04T16:18:38.357954
Ci9DQUlRQUNvZENodHljRjlvT2xGYVZsZFVOVXhGYTJKdlRGRTRjMUV6ZFVnM2RuYxAB,ChIJBWjtsAYkby4RxTuGTVw9SYY,Wisata Situ Cipanten,Majalengka,Wisata,5,Liburan bareng keluarga..,2026-04-26T05:31:42.822Z,Naj Musaqib,107298382410468701258,True,0,id,2026-05-04T16:18:38.357963
Ci9DQUlRQUNvZENodHljRjlvT25WUFdrOUtTbFpmT1ZsU2FtcDZTVVZuV1hoMk5tYxAB,ChIJBWjtsAYkby4RxTuGTVw9SYY,Wisata Situ Cipanten,Majalengka,Wisata,5,Nice place very recommended for healing,2026-04-26T03:47:20.435Z,Riki Erka putra,117135902292553639333,True,0,en,2026-05-04T16:18:38.357971
Ci9DQUlRQUNvZENodHljRjlvT2toNFZISkViMDlVVERSWlUwSlhXR3hFZHpaMU1tYxAB,ChIJBWjtsAYkby4RxTuGTVw9SYY,Wisata Situ Cipanten,Majalengka,Wisata,5,"sejuk , alami, renang , camping, kuliner, teduh.

bahkan disaat jam pengunjung penuh pun, masih menikmati, karena luasnya.",2026-04-25T04:52:45.328Z,Yazid Bustomy,109572145879874279711,False,0,id,2026-05-04T16:18:38.357979
Ci9DQUlRQUNvZENodHljRjlvT21rMVlrcDVkek5HZFRFdFIyOWhORkUwWlVaTFduYxAB,ChIJBWjtsAYkby4RxTuGTVw9SYY,Wisata Situ Cipanten,Majalengka,Wisata,4,"Murah, seru, gampang dicari cocok untuk acara keluargs",2026-04-24T08:32:20.136Z,dian nugraha,112073991722917173467,False,0,id,2026-05-04T16:18:38.357987
Ci9DQUlRQUNvZENodHljRjlvT2tWTGJUSlVaMFE1TVVoR09WQldaMVY2WlVodVozYxAB,ChIJBWjtsAYkby4RxTuGTVw9SYY,Wisata Situ Cipanten,Majalengka,Wisata,5,"Tempat wisata nyaman asri pemandangan nya alami, recommended buat bawa keluarga juga pacar ketempat ini, makanan nya murah meriah enak juga pokonya puasss, cuman jauh nya itu perjalanan hampir 2jam lebih tapi terbayar oleh view di jalan juga situ nya indah 🫰🏻❤️😍",2026-04-23T04:12:08.594Z,Sovi Ani,108519464586738114512,False,0,id,2026-05-04T16:18:38.357996
Ci9DQUlRQUNvZENodHljRjlvT2sxQ1IycHNZV0Z0TmpkcVNrbHBSbWd0Y1dKVVZrRRAB,ChIJBWjtsAYkby4RxTuGTVw9SYY,Wisata Situ Cipanten,Majalengka,Wisata,5,Pengelola pihak wisata selalu sigap kalo ada kendala di perjalanan ..pokoke mantap,2026-04-22T00:13:04.319Z,danish devan23,116190177266947141526,False,0,id,2026-05-04T16:18:38.358020
Ci9DQUlRQUNvZENodHljRjlvT2xBeGRGWkJlVmh5ZGxCQlJVaHRSblIzUjBaUmRVRRAB,ChIJBWjtsAYkby4RxTuGTVw9SYY,Wisata Situ Cipanten,Majalengka,Wisata,5,Seruuu loh. Bisa kasih makan ikan,2026-04-21T15:57:53.090Z,Gita Suryani,105902138155552252551,True,0,id,2026-05-04T16:18:38.358035
Ci9DQUlRQUNvZENodHljRjlvT25sVFJEaGpNRUk1VkdOMmRETlZjMnR2YkZadE4wRRAB,ChIJBWjtsAYkby4RxTuGTVw9SYY,Wisata Situ Cipanten,Majalengka,Wisata,5,Cocok untuk refreshing😍,2026-04-21T06:59:31.250Z,Ashafa Salsa,101734485671026653735,True,0,id,2026-05-04T16:18:38.358046
Ci9DQUlRQUNvZENodHljRjlvT2w4emRrMUZTRXA2YUhnd05XVTJRM0E0UTBGak0yYxAB,ChIJBWjtsAYkby4RxTuGTVw9SYY,Wisata Situ Cipanten,Majalengka,Wisata,1,"Tempat tidak rekomendasi,tukang parkir beda2 orang minta tiket,sudah bayar sama tukang parkir untuk tiket ,ada yang datang minta tiket lagi,",2026-04-21T04:08:20.686Z,JiAr Chanel,116530953401276462385,True,0,id,2026-05-04T16:18:38.358055
Ci9DQUlRQUNvZENodHljRjlvT25remRVOVNlVkZwWjBGbFNVWmZiMHcwVVZVeVFYYxAB,ChIJBWjtsAYkby4RxTuGTVw9SYY,Wisata Situ Cipanten,Majalengka,Wisata,5,"Enak buat bersantai, harga ramah kantong, tempat duduk lumayan banyak, jajan makan juga lumayan 15rban doank, buat berenang bisa, tapi harus pakai pelampung (murmer harganya). pertahankan harga bersahabat ini....",2026-04-20T10:02:51.214Z,Made Adit,110309883696165231609,True,0,id,2026-05-04T16:18:38.358070
Ci9DQUlRQUNvZENodHljRjlvT25seFN5MXlVVkV6VjNOM2FuaFJXRkJ6V0ROeFgwRRAB,ChIJBWjtsAYkby4RxTuGTVw9SYY,Wisata Situ Cipanten,Majalengka,Wisata,5,"Wisata situ cipanten  majalengka
Mantaaaaaap..",2026-04-20T04:19:18.340Z,asep hendra,108042305008606427244,True,0,id,2026-05-04T16:18:38.358078
Ci9DQUlRQUNvZENodHljRjlvT21wQk1FZ3RhVTlKUmpOZlNIcHVWRTFOUW1GWFpsRRAB,ChIJBWjtsAYkby4RxTuGTVw9SYY,Wisata Situ Cipanten,Majalengka,Wisata,5,"tempatnya enak banget, vibes-nya adem dan hijau gitu. Airnya jernih, ada ikan warna-warni, terus ayunannya lucu buat foto. Cocok buat santai sama foto-foto, tapi tetep hati-hati biar nggak kecebur 😄🙌🏻",2026-04-19T14:09:41.476Z,Nazhwa fiona Nabila,103029414911231468563,False,0,id,2026-05-04T16:18:38.358121
Ci9DQUlRQUNvZENodHljRjlvT2xwclYzZG9jelZUZEZoeVlURnpRMFZ3UVY5dVNWRRAB,ChIJBWjtsAYkby4RxTuGTVw9SYY,Wisata Situ Cipanten,Majalengka,Wisata,4,Hati hati licin,2026-04-19T09:30:05.692Z,Bima Nur Rizky,115469999046454139012,False,0,id,2026-05-04T16:18:38.358165
Ci9DQUlRQUNvZENodHljRjlvT21wWVJVbHpXRnBNY0U5eWExRlJRVGxGWkZOWFJWRRAB,ChIJDQFrJL08by4RVshlBXwXEbk,Terasering Panyaweuyan,Majalengka,Wisata,5,Indah mempesona sejuk segar,2026-05-02T02:28:29.279Z,Djoko Purwanto,102147135465321098873,False,0,ms,2026-05-04T16:18:38.358179
Ci9DQUlRQUNvZENodHljRjlvT2pGNFEyaExRbmxZYVMxcFJYQnhZamxQZUdVd2FtYxAB,ChIJDQFrJL08by4RVshlBXwXEbk,Terasering Panyaweuyan,Majalengka,Wisata,5,Pemandangan pergunungan yang bagus serta rute jalan menuju terarsering juga menantang.,2026-04-30T09:56:53.648Z,Bian Toro,105757247025190759968,False,0,id,2026-05-04T16:18:38.358197
Ci9DQUlRQUNvZENodHljRjlvT2pacVFYazBRakZoTVcxRFFqSktlbnBYYkZGdWFXYxAB,ChIJDQFrJL08by4RVshlBXwXEbk,Terasering Panyaweuyan,Majalengka,Wisata,5,"Datang kesini masih pagi, sempat nyasar juga, jalan menuju kesana waktu itu masih jelek, tapi pemandangan sepanjang jalan sangat indah, udara juga sejuk.

Kebun bawangnya rapiii banget dan sangat bersih, sayangnya wkt itu tdk semua area ditumbuhi bawang, mungkin sudah panen, jadi ada sebagian area yang gundul

Kami mampir di warung kopi disana, nongkrong2 sambil ngopi, ngemil dan menikmati view ...sambil takjub juga, kok bisa kebun bawang sebagus ini.., di warkopnya ada rooftopnya juga

Kami juga jalan2 disekitar situ, ada cafe dan beberapa bangunan diatas

Parkir mobil mungkin agak susah ya, kita parkir di pinggir jalan, sepertinya kalau kesini, enaknya pake motor aja..",2026-04-30T03:30:55.535Z,Evi Janti,117264457493822410822,True,0,id,2026-05-04T16:18:38.358213
Ci9DQUlRQUNvZENodHljRjlvT2xsRlVWRXpXbU5hY0VaWGREQmxaVWxIYjFWUE5sRRAB,ChIJDQFrJL08by4RVshlBXwXEbk,Terasering Panyaweuyan,Majalengka,Wisata,5,Mantappp.. lokasi nya,2026-04-29T10:26:42.979Z,Barnoto Noto,103523397114013423681,True,0,id,2026-05-04T16:18:38.358234
Ci9DQUlRQUNvZENodHljRjlvT21sSFpEQTRUelozY1VGdk4zcFhWVmxxVDNNMWJsRRAB,ChIJDQFrJL08by4RVshlBXwXEbk,Terasering Panyaweuyan,Majalengka,Wisata,5,Sangat indah ciptaan mu ya Rabb,2026-04-27T09:11:25.419Z,Syahril Saputra,108854955493472020703,False,0,id,2026-05-04T16:18:38.358270
Ci9DQUlRQUNvZENodHljRjlvT2pRNVRXWk5jMUp6U2sxMGVHUnNXbFE1WjFwV01tYxAB,ChIJDQFrJL08by4RVshlBXwXEbk,Terasering Panyaweuyan,Majalengka,Wisata,5,sarpras sudah lebih baik,2026-04-26T01:01:58.913Z,tri sutrisna,116650291008466504308,True,0,id,2026-05-04T16:18:38.358279
Ci9DQUlRQUNvZENodHljRjlvT2pKTmFUSktUVlI1VkVGd1NFOXRiMDB5TlV0c2NHYxAB,ChIJDQFrJL08by4RVshlBXwXEbk,Terasering Panyaweuyan,Majalengka,Wisata,5,"Sore sore kesini, adem banget bestt 🤏😆",2026-04-25T16:22:27.200Z,Siti Rohmah,110288244406981599616,False,0,id,2026-05-04T16:18:38.358288
Ci9DQUlRQUNvZENodHljRjlvT21aRFZsaGpVR0pRVlZSbk5qVXhXRnByYmxWWVJrRRAB,ChIJDQFrJL08by4RVshlBXwXEbk,Terasering Panyaweuyan,Majalengka,Wisata,5,Viewnya keren cuma jalannya nanjak tapi pas sampai puncak terbayar semua capehnya,2026-04-25T10:52:51.852Z,Polikarpus Dao,104731687630472439246,False,0,id,2026-05-04T16:18:38.358305
Ci9DQUlRQUNvZENodHljRjlvT21aNFEyUjJiV2d6UjFad2JUZzRZbFJTU1VNdGJuYxAB,ChIJDQFrJL08by4RVshlBXwXEbk,Terasering Panyaweuyan,Majalengka,Wisata,5,"Tempat nya ramai, ada tiket masuk dan ada parkir, lumayan buat yang suka pemandangan alam dan foto2",2026-04-25T10:39:00.440Z,Mohammad Nawawi,105121755328821058743,True,0,ms,2026-05-04T16:18:38.358315
Ci9DQUlRQUNvZENodHljRjlvT25oS1REZGFkM2s0VjNKdGFGZHZaakpUUW10WGMxRRAB,ChIJDQFrJL08by4RVshlBXwXEbk,Terasering Panyaweuyan,Majalengka,Wisata,2,"Dulu bayar tiket pas naik ajah, sekarang jauh sebelum sampe udah kena tiket, harusnya yg di bawah jangan kena tiket",2026-04-17T11:21:03.161Z,Hp baru,108013621780304223493,False,0,id,2026-05-04T16:18:38.358362
Ci9DQUlRQUNvZENodHljRjlvT25KQlZYbGhZamwxZUZabWRHTmZhWGxvZVRFMVVWRRAB,ChIJDQFrJL08by4RVshlBXwXEbk,Terasering Panyaweuyan,Majalengka,Wisata,5,Pertama kali jalan jalan di Majalengka ke sini. Bagus bgt tempatnya.,2026-04-16T09:22:20.959Z,rachma cha,117423049563584812684,False,0,id,2026-05-04T16:18:38.358370
Ci9DQUlRQUNvZENodHljRjlvT2tWeVkwdzVkMnhqWnpsTVUyb3pWMUIyYldjM1JGRRAB,ChIJBWjtsAYkby4RxTuGTVw9SYY,Wisata Situ Cipanten,Majalengka,Wisata,5,Buka jam 9 tutup jam 10 malem,2026-04-18T12:38:37.922Z,Yuli Yulia,116709561217943218981,False,0,id,2026-05-04T16:18:38.358390
Ci9DQUlRQUNvZENodHljRjlvT2xaWmVtTlVZVFkzYUdkSlEwZ3hWaTFLVG1oSFpIYxAB,ChIJDQFrJL08by4RVshlBXwXEbk,Terasering Panyaweuyan,Majalengka,Wisata,5,"Terasering panyaweuyan
Mantaaaap..",2026-04-13T17:50:20.620Z,asep hendra,108042305008606427244,True,0,su,2026-05-04T16:18:38.358467
Ci9DQUlRQUNvZENodHljRjlvT2tWdldtcHpTM2hWU1RGTWNGbEpaM2RwV1hkUmJXYxAB,ChIJDQFrJL08by4RVshlBXwXEbk,Terasering Panyaweuyan,Majalengka,Wisata,4,"maaf tp knp ya 3x ak ksini sma orng yg brbda dan ketiganya ngjlin hubungan sma ak, setelah pulng dri sini semua ny gk brjlan lma, apa ini kebetulan ?",2026-04-10T11:19:21.984Z,Rain Storez,105720732178457668776,False,0,id,2026-05-04T16:18:38.358513
Ci9DQUlRQUNvZENodHljRjlvT2xodlYwSlRlbXBCVTNKc04xZHlOazVWYlhRMlEwRRAB,ChIJDQFrJL08by4RVshlBXwXEbk,Terasering Panyaweuyan,Majalengka,Wisata,5,Saya sudah dua kali mengunjungi lokasi ini dan setiap kali datang kesan yang sama tetap terasa. Lingkungannya bersih dan terawat. Jalan di dalam komplek sangat lebar dan akses ke halte Trans Jatim sangat dekat,2026-04-09T10:17:38.534Z,Tasheena Bryant,114518524444789444093,False,0,id,2026-05-04T16:18:38.358522
Ci9DQUlRQUNvZENodHljRjlvT2xWak5HaFBPVE0zUVc1RFNsWkZZbFJZVGpSU1JHYxAB,ChIJDQFrJL08by4RVshlBXwXEbk,Terasering Panyaweuyan,Majalengka,Wisata,5,"jalanan menanjak,  pemandangan nya cantik banget sukaaa suasananya adem' sejukkk",2026-04-08T09:32:53.125Z,sntni,108725496421350153614,True,0,ms,2026-05-04T16:18:38.358538
Ci9DQUlRQUNvZENodHljRjlvT25Kd2JIZFBOblZPUjIwdFNqQmhPSG93U1daS1NIYxAB,ChIJDQFrJL08by4RVshlBXwXEbk,Terasering Panyaweuyan,Majalengka,Wisata,5,"Tempat nya indah,nyaman dan sejuk",2026-04-06T06:35:22.047Z,Kang Bewok Channel,101412795695529335396,True,0,id,2026-05-04T16:18:38.358588
Ci9DQUlRQUNvZENodHljRjlvT2pJM2R6VXlZVEZ5V0d3NGMxWXpOMVl3VlZGV1lsRRAB,ChIJDQFrJL08by4RVshlBXwXEbk,Terasering Panyaweuyan,Majalengka,Wisata,5,Sejuk udara nya...bagus pemandangannya.,2026-04-05T10:50:07.696Z,Nadira Ajah,110012034386153166885,False,0,id,2026-05-04T16:18:38.358603
Ci9DQUlRQUNvZENodHljRjlvT21oTlJVNU1kRXg1ZFhobWVtdG1hSGhvWVdKNVlrRRAB,ChIJDQFrJL08by4RVshlBXwXEbk,Terasering Panyaweuyan,Majalengka,Wisata,5,"Titik di google maps sudah tepat, jalan menuju kesini cukup sempit menanjak dan berliku pastikan kendaraan dengan kondisi rem yang prima. Jika menggunakan mobil bisa asal mempunyai skil berkendara yang baik karena jalan yang sempit dan berliku. Ketika saya berkunjung kesini pada, 03 April 2026 pemandangannya lagih hijau-hijaunya tapi pastikan di pagi hari kerena ketika jam 11.30 sudah turun hujan walau hanya sebentar.

Tiket masuknya 12 ribu per orang di bayarkan di depan dan akan di periksa ketika di atas jadi simpan tiket anda jangan dibuang dan untuk parkir motor 3 ribu rupiah.

Disini banyak terdapat warung yang menjual makanan/minuman dengan harga yang wajar. Jika ingin menuju puncak pastikan menggunakan alas kaki yang nyaman karena cukup lumayan menaiki tangganya.",2026-04-04T17:38:31.641Z,Ilham Wahyu Alfian,118182677260247825170,True,0,id,2026-05-04T16:18:38.358620
Ci9DQUlRQUNvZENodHljRjlvT2pseGVIUjBiM2xyVFdVeFdreEhjbVJVUTBkdWFIYxAB,ChIJDQFrJL08by4RVshlBXwXEbk,Terasering Panyaweuyan,Majalengka,Wisata,5,"Pemandangan dan udara sejuk, banyak spot untuk berfoto.",2026-04-01T17:58:04.878Z,Mbareng,110051083305336331723,False,0,id,2026-05-04T16:18:38.358657
Ci9DQUlRQUNvZENodHljRjlvT21kM01GZHJlbTR6VUZGU2FuQlBTRWs0U1dWNmFIYxAB,ChIJDQFrJL08by4RVshlBXwXEbk,Terasering Panyaweuyan,Majalengka,Wisata,5,Jos jis gak nyesel jauh jauh dari ciamis,2026-03-29T23:27:49.991Z,ikey hahehoo,108529556712565189152,False,0,id,2026-05-04T16:18:38.358691
Ci9DQUlRQUNvZENodHljRjlvT2s4MFpUVm1kV1JYT0U1UlQyMXRjR1k0WWpGQ1kzYxAB,ChIJVZuJHlsvby4R5Tdfn8q35yA,Alun Alun Majalengka,Majalengka,Wisata,5,"Great spot for family time and kids to play

Alun Alun Majalengka is a nice open square to relax and spend time with family. The atmosphere is lively, and there’s plenty of space for kids to run around and play. It’s a good place for a casual afternoon or evening stroll with the little ones.

However, it would be even better if there were no street musicians (pengamen) around. They can sometimes be too loud or persistent, which disturbs the relaxed vibe, especially when you’re trying to enjoy time with your children. Other than that, it’s a decent public space worth visiting.",2026-05-04T06:00:23.077Z,Capt. A. Al Amin,100038776889056116852,True,0,en,2026-05-04T16:18:38.358712
Ci9DQUlRQUNvZENodHljRjlvT21WQ1QxWlZlbTEzWmpCRlNESTRUVXRrTTNobExWRRAB,ChIJVZuJHlsvby4R5Tdfn8q35yA,Alun Alun Majalengka,Majalengka,Wisata,5,"Terima kasih, aku janji aku akan kembali lagi. Dan kota ini akan menjadi rumah buat aku pulang",2026-05-03T11:21:51.031Z,Irvan Mujianto,117864668594594238958,True,0,id,2026-05-04T16:18:38.358730
Ci9DQUlRQUNvZENodHljRjlvT2xGRlJuTjZTekJGZDNaSVdFTnJlazlrV0RCNE0wRRAB,ChIJVZuJHlsvby4R5Tdfn8q35yA,Alun Alun Majalengka,Majalengka,Wisata,5,Rame dan bagus tempatnya..banyak jajanan juga,2026-05-02T13:05:06.875Z,Ilna Annisa,106551132189356971338,True,0,id,2026-05-04T16:18:38.358739
Ci9DQUlRQUNvZENodHljRjlvT2xaWWNuZHpVSGR6VmxSYU9FdFhabXBuZFRaYVVtYxAB,ChIJVZuJHlsvby4R5Tdfn8q35yA,Alun Alun Majalengka,Majalengka,Wisata,5,"Nyaman dan bersih, tapi kurang lampu penerangan",2026-05-02T06:13:57.308Z,Dian Firmana,100267107565159086230,True,0,id,2026-05-04T16:18:38.358756
Ci9DQUlRQUNvZENodHljRjlvT2t0TFRtRkJaMEZZY25GeGNrWTFPRkpRUkRSdVozYxAB,ChIJVZuJHlsvby4R5Tdfn8q35yA,Alun Alun Majalengka,Majalengka,Wisata,5,"Suasana Nyaman,,,Bangga Menjadi Warga Majalengka.
Terima Kasih",2026-04-28T15:49:29.282Z,ENTIS TISNAWAN (Zaki Audio),102368439311769747332,True,0,id,2026-05-04T16:18:38.358807
Ci9DQUlRQUNvZENodHljRjlvT2pCdU9ISm1iM04yWmtreU1tVjRWV3N5TFVwM1NYYxAB,ChIJVZuJHlsvby4R5Tdfn8q35yA,Alun Alun Majalengka,Majalengka,Wisata,4,Bagus padahal tapi sayang kurang terawat. Harus ada perawatan rutin serta kebersihan yang dijaga.,2026-04-28T00:50:22.977Z,ichigoslankers,112377693850816503131,True,0,id,2026-05-04T16:18:38.358830
Ci9DQUlRQUNvZENodHljRjlvT2xoYWNITlpUbDlIU1hoelFWcDJNV1E1VEhCQ1YzYxAB,ChIJVZuJHlsvby4R5Tdfn8q35yA,Alun Alun Majalengka,Majalengka,Wisata,5,tempat yang santai untuk menikati suasana di pagi maupun sore hari,2026-04-21T12:13:24.648Z,Mirna imoet,118169402238040985177,True,0,id,2026-05-04T16:18:38.358907
Ci9DQUlRQUNvZENodHljRjlvT2pkMVRWWm1NVlU1T1haS04zbFNaekF5TTA5b1ZYYxAB,ChIJVZuJHlsvby4R5Tdfn8q35yA,Alun Alun Majalengka,Majalengka,Wisata,4,Landmark tulisan Alun-Alun Majalengka na katutupan tangkal 😔,2026-04-16T17:03:49.778Z,Masih Amatir,111753985205146761607,True,0,su,2026-05-04T16:18:38.358923
Ci9DQUlRQUNvZENodHljRjlvT2tkS1MydEtTRlYwWWw5VlNGUkVZVkpQYkU1aUxWRRAB,ChIJVZuJHlsvby4R5Tdfn8q35yA,Alun Alun Majalengka,Majalengka,Wisata,5,"Wah mesjidnya nyaman, tersedia mukena, alquran juga, cctv, tempat bersuci bersih, ada ruang ganti buat benerin hijab dll",2026-04-13T06:15:02.722Z,Tati R Apriliana,116895213074904743580,True,0,id,2026-05-04T16:18:38.358964
Ci9DQUlRQUNvZENodHljRjlvT25BMU1HVlZOV1pSZEc1bWFFTXhTbUUwVmtwWFQyYxAB,ChIJVZuJHlsvby4R5Tdfn8q35yA,Alun Alun Majalengka,Majalengka,Wisata,5,"Nyaman untuk bermain anak²,y walaupun sudah ada bagian rumput sintetisnya yang mengalami kerusakan,tapi tetap anak² bisa bermain.",2026-04-12T22:26:52.504Z,Arif Krisdianto,106250048896872346340,True,0,id,2026-05-04T16:18:38.358986
Ci9DQUlRQUNvZENodHljRjlvT2s5QlMzSm5hV3AyTmpWeFpGVnNaV3QyZUc1VVRWRRAB,ChIJVZuJHlsvby4R5Tdfn8q35yA,Alun Alun Majalengka,Majalengka,Wisata,5,Jajanan nya murah2,2026-04-11T08:02:48.425Z,Denden Muhamad Alvian,103201074539192275371,True,0,id,2026-05-04T16:18:38.359015
Ci9DQUlRQUNvZENodHljRjlvT25Nd05YbGtUMGhqU0ZWTVJtOVVaSGxtTkdwS2JuYxAB,ChIJP2mhnbk8by4RMUCCYUq6F9I,Wisata Alam Curug Muara Jaya,Majalengka,Wisata,5,"bisa di bilang curug yang terbaik di daerah majalengka, untuk perjalanan kesana lumayan jalannya nanjak, skil mengemudi harus yang sudah ahli😂😂",2026-04-29T05:07:06.764Z,Muhammad Ridhoo,108628952799225408282,True,0,id,2026-05-04T16:18:38.359043
Ci9DQUlRQUNvZENodHljRjlvT2poM2IzQTFkREpyVm5BMlNrRmxaVmhPT1hFeVEzYxAB,ChIJP2mhnbk8by4RMUCCYUq6F9I,Wisata Alam Curug Muara Jaya,Majalengka,Wisata,5,"Kesini pas taun kemaren, curugnya bagus, tiket masuk 15rb kalo ga salah agak lupa hehe, ada 2 curug ya gais nanti kalo mau ke curug yang di atas bayar lagi 2rb, ada mushola juga ya, sedih banget pas otw pulang rumah rem motorku blong alhasil terjun ka ruyuk awi 😭😭😭 buat teman teman yang mau ke daerah dataran tinggi hati hati yaa pastiin dulu kondisi motor kalian 🥰🙏",2026-04-26T15:43:40.104Z,Aidara,118085341237063499614,True,0,id,2026-05-04T16:18:38.359060
Ci9DQUlRQUNvZENodHljRjlvT25FMGNsaFFRbVZOUjA5WlpqaDRYMjVwTkMwMlVtYxAB,ChIJP2mhnbk8by4RMUCCYUq6F9I,Wisata Alam Curug Muara Jaya,Majalengka,Wisata,5,"tempatnya bagus, airnya jernih, banyak spot foto",2026-04-24T07:53:42.012Z,Chintia aulia priandini,105232139463769155176,True,0,id,2026-05-04T16:18:38.359103
Ci9DQUlRQUNvZENodHljRjlvT2w5eFRFSm1VbGRCVkRFM2FXSldNRUZRYWpGUFJVRRAB,ChIJP2mhnbk8by4RMUCCYUq6F9I,Wisata Alam Curug Muara Jaya,Majalengka,Wisata,5,"htm 15rb sama parkir 3rb. curugnya cakep polll, tapi tidak dengan trackingnya. pas abis dari loket masuk jalannya masi landai kek di foto yang aku lampirin, masi ngelewatin kebun warga. abis dari situ welcome to track yang isinya puluhan anak tangga wkwk. abis turun tangga ngga jauh smpe ke area warung² lagi, ada toilet, mushola, sama saung² gitu buat ngadem. tapi perjalanan ngga sampe situ, abis dari situ harus turun anak tangga lagi buat smpe ke area curugnya. curugnya ada 2, yg pendek sama yg tinggi. curug yang pertama kali bakalan keliatan tu yg pendek, kalo mau yg view nya lebih bagus lagi harus naik ke atas yg ada tangga lagi, ada htm tambahan 2rb kalo mau naik. dan kalo mau dapet view yang kaya di foto aku, kalian harus turun ke area curugnya. WARNING: aku saranin harus bawa baju ganti kalo mau ke area curug yg tinggi. soalnya debit airnya tuh tinggi banget, jadi percikan airnya bikin baju basah kuyup kek abis kena ujan wkwk",2026-04-13T12:28:55.796Z,Nur Kholipah,112481726064054224138,True,0,id,2026-05-04T16:18:38.359144
Ci9DQUlRQUNvZENodHljRjlvT2xsQ1ExbE1kMWhSTW10cGJFTnhRMkkzUTJ0bk4xRRAB,ChIJP2mhnbk8by4RMUCCYUq6F9I,Wisata Alam Curug Muara Jaya,Majalengka,Wisata,5,23/3/26 ; aku ga terlalu suka main ke alam” tapi karna menurut aku ngapain cuma liatin pohon doang tapi ini perginya sama pacar aku jadi tetep seruuu,2026-04-10T08:59:13.176Z,Arum Aminasti,103663072745566448803,False,0,id,2026-05-04T16:18:38.359154
Ci9DQUlRQUNvZENodHljRjlvT2pVelQxSTRNbGhpUWprM1IyZFlkRXBVWDB0b2NFRRAB,ChIJP2mhnbk8by4RMUCCYUq6F9I,Wisata Alam Curug Muara Jaya,Majalengka,Wisata,5,selaluu bagussss,2026-04-04T08:04:55.716Z,Neng puja Kharisma,101976044979655844810,False,0,id,2026-05-04T16:18:38.359171
Ci9DQUlRQUNvZENodHljRjlvT205eFVGSm5Va0ZUWTBabVdrbHNhVTlKT1U4eFJrRRAB,ChIJP2mhnbk8by4RMUCCYUq6F9I,Wisata Alam Curug Muara Jaya,Majalengka,Wisata,5,"- Warung
- toilet
- Live Music
- Ojek untuk turun ke bawah atau naik ke atas , Jarak dari tempat parkir ke Curug lumayan jauh",2026-03-27T08:07:22.734Z,Arise Alfarizzy,107109112030002917564,False,0,id,2026-05-04T16:18:38.359180
Ci9DQUlRQUNvZENodHljRjlvT2pGcVluWjFiemhUVERGRldHVmlUMVpOZUdKMVUwRRAB,ChIJP2mhnbk8by4RMUCCYUq6F9I,Wisata Alam Curug Muara Jaya,Majalengka,Wisata,2,"alamnya indah,sejuk dan curug nya juga bagus,namun ada beberapa yg harus di perbaiki lagi saya udh bayar tiket 15k ketika mau naik ke curug yg lebih tinggi kok dimintain uang lagi kenapa gak dari awal aja disatuin sama tiket,ini jatohnya kaya pungli gak si,dan satu lagi tukang parkir nya kebanyakan anak kecil si ketika mau ngeluarin kendaraan tukang parkir cuman asik ngopi sama ngobrol, jatohnya makan gaji buta gak si",2026-03-26T17:27:17.015Z,Totong MA,105827346276420322599,False,0,id,2026-05-04T16:18:38.359197
Ci9DQUlRQUNvZENodHljRjlvT21ScWRVVjZZa1ZTTkhkemVUSkNPSE53Vm5OT2VXYxAB,ChIJP2mhnbk8by4RMUCCYUq6F9I,Wisata Alam Curug Muara Jaya,Majalengka,Wisata,5,"cape naik turun anak tangga, tapi kebayar sama keindahannya",2026-03-24T02:34:13.747Z,Mimi Qisha,108088447396735095575,False,0,id,2026-05-04T16:18:38.359206
Ci9DQUlRQUNvZENodHljRjlvT21oWE1XRnhZak5uWDBGQlVETXRXV2h5YlUxc01IYxAB,ChIJ7-lyMlQ7by4RUHa8arJJFHU,Air Terjun IBUN PELANGI,Majalengka,Wisata,5,"datang jam 8 pagi dan belum begitu rame, untung pas cuacanya bagus jadi bisa menikmati ibun dan bisa melihat pelanginya 🤩
oiya, cocok banget buat nenanhin diri dan ngelamun kalo belum ramai wkwk",2026-05-04T10:52:54.565Z,Muhammad Haris Al Rofi,107509053541416517664,False,0,id,2026-05-04T16:18:38.359250
Ci9DQUlRQUNvZENodHljRjlvT20xRE5XZEZNUzF0WmxaMVNtNUVaV3h3WVhBdE5XYxAB,ChIJ7-lyMlQ7by4RUHa8arJJFHU,Air Terjun IBUN PELANGI,Majalengka,Wisata,5,Tempatnya luarbiasa.. 👍,2026-04-27T09:47:25.212Z,Anto Bams,105614196372079167219,True,0,id,2026-05-04T16:18:38.359301
Ci9DQUlRQUNvZENodHljRjlvT21RdFNsOHphamhTT0d0NVRuUm9hRmRUYldRMGFtYxAB,ChIJ7-lyMlQ7by4RUHa8arJJFHU,Air Terjun IBUN PELANGI,Majalengka,Wisata,5,"Jalur mobil sudah aman.
Jalur motor aman.
Disarankan berangkat pagi-pagi biar tidak terlalu ramai pas sudah turun. Di lokasi sudah ada warung dan penjual jajanan (kalau ada).
Untuk ke lokasi curug, perlu menuruni tangga (tidak terlalu ekstrem) dan melewati jembatan gantung (harus antri karena cuma kuat maksimal 5orang) bisa simpan sepatu atau tas di pinggir batu-batuan setelah jembatan gantung, lalu melewati bebatuan sempit buat ke lokasi yang diinginkan.
Parkir motor cukup luas.
Parkir mobil tidak terlalu luas.
Dimohon hati-hati saat menyebrang deras air untuk mencapai batu-batuan besar karena debit air setelah hujan biasanya cukup deras.
Jangan lupa bawa kembali sampah dan buanglah sampah pada tempat yang telah disediakan. Selamat berlibur. Semoga perjalananmu menyenangkan dan mendapatkan bonus pelangi di curug ini ✨",2026-04-26T09:37:41.872Z,Gina Febiana,112399833578959748858,True,0,id,2026-05-04T16:18:38.359318
Ci9DQUlRQUNvZENodHljRjlvT21KMmRHdHZaMngyVG5ZMVNWUjFlRjl6YzBweWMwRRAB,ChIJ7-lyMlQ7by4RUHa8arJJFHU,Air Terjun IBUN PELANGI,Majalengka,Wisata,5,Enak tempatnya walaupun tangganya tinggi banget,2026-04-21T09:23:07.070Z,Ashafa Salsa,101734485671026653735,True,0,id,2026-05-04T16:18:38.359335
Ci9DQUlRQUNvZENodHljRjlvT25reVRHNWxTVWhSYUdsd2NVSk9aVVIzVm1wTVYxRRAB,ChIJ7-lyMlQ7by4RUHa8arJJFHU,Air Terjun IBUN PELANGI,Majalengka,Wisata,5,next pasti kesini lagi dan yg paling penting harus liat dulu bmkg🤣,2026-04-19T12:05:24.471Z,ade yusuf,117436066724473792882,True,0,id,2026-05-04T16:18:38.359352
Ci9DQUlRQUNvZENodHljRjlvT201RVNuUjBTMjh3WlMxQ2NqbElTVTlHUmxScVFsRRAB,ChIJ7-lyMlQ7by4RUHa8arJJFHU,Air Terjun IBUN PELANGI,Majalengka,Wisata,5,Kalo lagi ga ujan air nya bagusss,2026-04-18T15:01:49.791Z,Siti Tia,114603782723848452902,False,0,id,2026-05-04T16:18:38.359362
Ci9DQUlRQUNvZENodHljRjlvT25wNlptSkVNV1JITjNoNlZsTlZZMkZzVWxWd1dYYxAB,ChIJ7-lyMlQ7by4RUHa8arJJFHU,Air Terjun IBUN PELANGI,Majalengka,Wisata,5,kalo lagi pusing refreshing kesini kayanya tempat paling cocokkk,2026-04-04T08:06:34.890Z,Neng puja Kharisma,101976044979655844810,False,0,id,2026-05-04T16:18:38.359400
Ci9DQUlRQUNvZENodHljRjlvT25sUlJHOURXVGQ0U2t4VlluVmZUSGgyZEZsZk1HYxAB,ChIJ7-lyMlQ7by4RUHa8arJJFHU,Air Terjun IBUN PELANGI,Majalengka,Wisata,4,Asyik & menenangkan perasaan melihat gemericik air.,2026-04-02T04:11:37.415Z,Mang Oding,102419073795696233938,False,0,id,2026-05-04T16:18:38.359408
Ci9DQUlRQUNvZENodHljRjlvT2sxemNXRXlTVTUxTVhwUFpEVnhXbFpQY2sxVGEzYxAB,ChIJVZuJHlsvby4R5Tdfn8q35yA,Alun Alun Majalengka,Majalengka,Wisata,5,"Bagus sekali buat kumpul sama teman, keluarga. Sangat indah ketika sore hari, malam hari dan pagi hari
Pokonya ga akan nyesel. Main di sini.
Sangat bagus buat spot photo",2026-04-08T15:42:19.538Z,Asep Dadang kusnandar,113186456032727716210,False,0,id,2026-05-04T16:18:38.359432
Ci9DQUlRQUNvZENodHljRjlvT25aZldWQmtTMVUxU1ZwNVNEaFJhamR2T1ZkUVNHYxAB,ChIJVZuJHlsvby4R5Tdfn8q35yA,Alun Alun Majalengka,Majalengka,Wisata,5,Ditambah lagi tempat sampah nya..,2026-04-07T16:28:43.334Z,Zaenal Novantri,117736429379469128926,False,0,id,2026-05-04T16:18:38.359457
Ci9DQUlRQUNvZENodHljRjlvT2taQ1NHWlhPRnBLYUdwVGVqWmxjRTVFVVdveFoyYxAB,ChIJVZuJHlsvby4R5Tdfn8q35yA,Alun Alun Majalengka,Majalengka,Wisata,5,"Kalau lagi pulang kampung,alun_alun ini tempat main favorit anak saya",2026-04-07T04:54:05.089Z,Wawan Gunawan,108927599131061705932,True,0,id,2026-05-04T16:18:38.359465
Ci9DQUlRQUNvZENodHljRjlvT25GSWNqRk9ia2xzTlRac1NYSnFZVVZsWTJsV0xWRRAB,ChIJVVVVVanVaS4RjK1etCWyWTw,Curug Cipeuteuy,Majalengka,Wisata,5,"tempatnya sejuk.. rekom banget
untuk liburan keluarga",2026-04-28T13:09:32.068Z,Winata Yudistira,102342093096531098327,False,0,id,2026-05-04T16:18:38.359561
Ci9DQUlRQUNvZENodHljRjlvT2xoSmJVdE1Xa2swU2pWVFIxRnFlVVF0TjFKRGNXYxAB,ChIJVVVVVanVaS4RjK1etCWyWTw,Curug Cipeuteuy,Majalengka,Wisata,5,"Enak banget kalo pagi pagi kesini sama temen, keluarga atau pacar, sejuk, aku sampe gamau pulang karena enak banget airnya dingin, melepas penat, aku bakal kesini lagi 😽",2026-04-23T15:26:25.858Z,Nikita Felicia,112408773661228207953,False,0,id,2026-05-04T16:18:38.359570
Ci9DQUlRQUNvZENodHljRjlvT2xwMGRGaHJjRlkwWTFKTlluSnVaSHBYV1dFMWFFRRAB,ChIJVVVVVanVaS4RjK1etCWyWTw,Curug Cipeuteuy,Majalengka,Wisata,5,"Curug Cipeuteuy adalah destinasi ""paket lengkap"". Tidak hanya menawarkan air terjun, tapi juga kenyamanan wisata modern tanpa merusak keasrian alam. Sangat recommended untuk dikunjungi jika Anda sedang berada di wilayah Majalengka atau Cirebon.
​Datanglah saat pagi hari di hari kerja (weekday) untuk mendapatkan foto terbaik tanpa gangguan kerumunan!",2026-04-22T11:03:52.174Z,Ilham Joshi,100316060948392128693,True,0,id,2026-05-04T16:18:38.359587
Ci9DQUlRQUNvZENodHljRjlvT2tkTU1TMTVORkp4UTJkM2RGZGxXVVkzTWpaVVVFRRAB,ChIJVVVVVanVaS4RjK1etCWyWTw,Curug Cipeuteuy,Majalengka,Wisata,5,Wisata air paling recommend,2026-04-18T16:38:46.531Z,Slamet Hidayat,107155562767914860220,False,0,id,2026-05-04T16:18:38.359603
Ci9DQUlRQUNvZENodHljRjlvT21KS1FrNU9jekU1UkhscGQxQjJNMHhGU0ZobWNrRRAB,ChIJVVVVVanVaS4RjK1etCWyWTw,Curug Cipeuteuy,Majalengka,Wisata,4,Bila bawa mobil jalan menuju lokasi cukup 1 mobil apabila papasan dengan mobil lain hati2 karena jalan curam dan jurang,2026-04-05T11:27:40.629Z,danang den sinyo,113753266601102375727,True,0,id,2026-05-04T16:18:38.359668
Ci9DQUlRQUNvZENodHljRjlvT2pkRVNIUlFVM1ppYTFsWVEyeG9iVzVGWDFVME5tYxAB,ChIJ7-lyMlQ7by4RUHa8arJJFHU,Air Terjun IBUN PELANGI,Majalengka,Wisata,5,Dateng jam 13.30 pemandangannya bagus. Tapi agak sorean hujan. Disarankan klo mau dateng pagi aja,2026-03-29T12:21:20.307Z,Shaquille 6,114517186702661749632,False,0,id,2026-05-04T16:18:38.359690
ChdDSUhNMG9nS0VJQ0FnSUNGNmM2YzFBRRAB,ChIJ7-lyMlQ7by4RUHa8arJJFHU,Air Terjun IBUN PELANGI,Majalengka,Wisata,5,"Curug Ibun Pelangi, Majalengka, East Java, is a combination of a waterfall and a river that flows between 2 high cliffs.

It was named Ibun Pelang or Embun Pelangi means ""Rainbow Dew"" because the dew from the waterfall that falls are exposed to sunlight, so that the rainbow light can appear around the waterfall.

It is an exotic sight for tourism and photography. The best time to visit is early in the morning when the sun just rises.

A hidden gem in Majalengka 💎",2026-03-29T03:10:25.361Z,Rani Kusuma Pertiwi,102620387316908803439,True,1,en,2026-05-04T16:18:38.359706
Ci9DQUlRQUNvZENodHljRjlvT2xsS1kxZDNWREIwVGs5a1gxVmZkekZyVUdaUk9HYxAB,ChIJ7-lyMlQ7by4RUHa8arJJFHU,Air Terjun IBUN PELANGI,Majalengka,Wisata,5,"bagus tempatnya bersih👍🏻👍🏻, banyak pegawai nya juga",2026-03-26T16:04:02.664Z,Alizah 31,113041412710736044320,True,0,id,2026-05-04T16:18:38.359742
Ci9DQUlRQUNvZENodHljRjlvT2pCSU9EZE1iMFp0YjFVNVpsOUJlVkUzVVhCZk1tYxAB,ChIJ7-lyMlQ7by4RUHa8arJJFHU,Air Terjun IBUN PELANGI,Majalengka,Wisata,5,"Tempat yang indah dan kagum, saya suka dan senang bisa ke tempat ini, sungguh pemandangan yang indah dan alami, mantap",2026-03-26T14:21:35.136Z,Putra Gading (CHUDY),114264470905995573523,True,0,id,2026-05-04T16:18:38.359752
Ci9DQUlRQUNvZENodHljRjlvT2pjM2FtSkJZMGRIYUVwdlRrOTJNMHRuZEdwNU1XYxAB,ChIJ7-lyMlQ7by4RUHa8arJJFHU,Air Terjun IBUN PELANGI,Majalengka,Wisata,5,Pingin kesana sambang saudara sepupu nama musfai sudah sekitar 50 tahun tinggal disana menikah dengan anak dari seorang paraci tinggalnya diatas air terjun. Mohon info kalau ada yang tahu,2026-03-25T03:22:12.355Z,Cicit bujuk maen Pedangsakti,101739913277157817445,True,0,id,2026-05-04T16:18:38.359761
Ci9DQUlRQUNvZENodHljRjlvT2tSc1prMDNjVE5uYlZkM2VGOXhYM0ZqVFU5VlltYxAB,ChIJ7-lyMlQ7by4RUHa8arJJFHU,Air Terjun IBUN PELANGI,Majalengka,Wisata,4,vibesnya bner2 mmberikan suatu pengalaman yg mnyenangkan,2026-03-24T05:04:20.417Z,Jaga Hati,117612949818459347542,False,0,ms,2026-05-04T16:18:38.359770
Ci9DQUlRQUNvZENodHljRjlvT2tWNGNtVm9Ua0V3UkZjMmJtRktWV2N4VDBsQk1uYxAB,ChIJ7-lyMlQ7by4RUHa8arJJFHU,Air Terjun IBUN PELANGI,Majalengka,Wisata,5,Air ny jernih tebing ny masyallah indah bgt,2026-03-04T09:44:18.234Z,Fahri Farikha,113655862968937371160,False,0,ms,2026-05-04T16:18:38.359795
Ci9DQUlRQUNvZENodHljRjlvT2tsRFFWZDJUakJGTmxJMVdIcEVia0ZsV20xTE5uYxAB,ChIJ7-lyMlQ7by4RUHa8arJJFHU,Air Terjun IBUN PELANGI,Majalengka,Wisata,5,"Alam bebas dengan gremicik air,suasana alam yang menyegarkan pikiran",2026-02-12T03:47:24.329Z,Susilawati Safaat,108158265528075973135,False,0,id,2026-05-04T16:18:38.359827
Ci9DQUlRQUNvZENodHljRjlvT2xkbFZ6ZG9NMmhQWkhoVFRHWnFTbk5UZW5kd2JYYxAB,ChIJ7-lyMlQ7by4RUHa8arJJFHU,Air Terjun IBUN PELANGI,Majalengka,Wisata,5,"gaperlu diceritain si gmna sejuknya indahnya curug inii,airnya deres jernih,sayangnya ps kesana gadapet pelangii",2026-02-09T03:44:30.618Z,Sani Mulyani,111709267434685650151,True,0,id,2026-05-04T16:18:38.359837
Ci9DQUlRQUNvZENodHljRjlvT2xOb1QwTXpNVzlJWmtoMU1HcFVSMnhoWmpsRk9GRRAB,ChIJ7-lyMlQ7by4RUHa8arJJFHU,Air Terjun IBUN PELANGI,Majalengka,Wisata,5,Pengap naik tangganya 😂,2026-02-07T08:49:01.250Z,moch rifqi,104424255877426215226,True,0,id,2026-05-04T16:18:38.359846
Ci9DQUlRQUNvZENodHljRjlvT2tkWE1uTjNSREpaVjNGZmRtVnFiVVV0U1ZsM1VGRRAB,ChIJP2mhnbk8by4RMUCCYUq6F9I,Wisata Alam Curug Muara Jaya,Majalengka,Wisata,5,"aku sama cowokku udah kesini sambil ngevlog, seruuu banget deh pokoknya! 🤗💖 yg mau nonton bisa ke YouTube Channel : jelang_senja ya!

- Jeje & Gilang
Curug Muara Jaya Majalengka",2026-02-10T05:11:39.291Z,jjesstic,115073944346334599215,False,0,id,2026-05-04T16:18:38.359861
Ci9DQUlRQUNvZENodHljRjlvT2t0dFFrOWtPRjlVZW5oWmVXODVOVzVvZW1wT1ZVRRAB,ChIJP2mhnbk8by4RMUCCYUq6F9I,Wisata Alam Curug Muara Jaya,Majalengka,Wisata,5,"seneng banget kesini, saat liburan jadi lebih have fun .. walau jalannya, agak curam sih tapi itulah, adrenalinnya LOL.. happy banget, ketemu temen dari sini 🤓🫡 curug nya masyaallah 🤩😍 agak struggle perjalanannya dari mulai berangkat sampai pulang lagi🤗",2026-01-04T05:33:33.608Z,Rohmah Hayati0327,111828103081416873330,False,0,id,2026-05-04T16:18:38.359940
Ci9DQUlRQUNvZENodHljRjlvT2tKVVVGQXlZa05VZFU5RVpUWTJjWGhPTFZkcFNFRRAB,ChIJP2mhnbk8by4RMUCCYUq6F9I,Wisata Alam Curug Muara Jaya,Majalengka,Wisata,5,"saya butuh eskalator wkwk, bagusss cuma pas balik yaallah nanjaknya sampe sakit kaki 5 hari wkwk.

tiket murah sekali cuma 15rb dewasa sudah sama parkir. usahakan datang pagi, matahari nya cantik. sore juga bagus, cuma takut hujan, takut airnya jadi milo (read : keruh) saya kesini pas hari biasa jadi sepi",2025-12-29T13:35:24.947Z,naura,118292362175139950233,False,1,id,2026-05-04T16:18:38.359976
Ci9DQUlRQUNvZENodHljRjlvT2xsbFlXWmhOalpWVmtWa2VuWlhlV3RLV0RSVlZXYxAB,ChIJP2mhnbk8by4RMUCCYUq6F9I,Wisata Alam Curug Muara Jaya,Majalengka,Wisata,5,suasananya enak sejuk,2025-12-25T18:18:02.783Z,Lexta 888,112590112358615398648,False,0,id,2026-05-04T16:18:38.359994
Ci9DQUlRQUNvZENodHljRjlvT2pSck1sVXRjRGxsWm5oeVdIZDRkelE1TUMxSmIyYxAB,ChIJP2mhnbk8by4RMUCCYUq6F9I,Wisata Alam Curug Muara Jaya,Majalengka,Wisata,5,"Curug muara jaya/curug maja
Tempat yg menyejukan",2025-12-25T09:25:39.904Z,Kerod Rod,106793012179619850584,True,0,id,2026-05-04T16:18:38.360002
Ci9DQUlRQUNvZENodHljRjlvT2pWMVJUazJjMWRwYm0xUk1HSlBSbTVyUVZKeVUzYxAB,ChIJVVVVVanVaS4RjK1etCWyWTw,Curug Cipeuteuy,Majalengka,Wisata,5,Tempat nyaman pelayanan bagus,2026-03-31T05:53:49.152Z,Agus Rades,100077776075203731494,False,0,id,2026-05-04T16:18:38.360044
Ci9DQUlRQUNvZENodHljRjlvT2tWdmR6UndOR1YwZFVRelpXWTRVbFpSZWpGeFdFRRAB,ChIJVVVVVanVaS4RjK1etCWyWTw,Curug Cipeuteuy,Majalengka,Wisata,5,"Jarak dari tempat parkir ke curug cukup dekat dan terbilang landai ( ramah anak ).
Toilet bersih.
Lingkungan bersih, mohon dijaga ya guys.
Ada warung dekat curug, jadi kalau lapar enggak usah bingung.
Rute menuju kesana cukup menantang, tapi LCGC masih aman kok.",2026-03-29T14:47:31.521Z,Yudha Jati Wiratmoko,110851664134578195785,True,0,id,2026-05-04T16:18:38.360053
Ci9DQUlRQUNvZENodHljRjlvT25aWE1tUkdkemsxWldSRlMxbHZWMnc1U3kxM00wRRAB,ChIJVVVVVanVaS4RjK1etCWyWTw,Curug Cipeuteuy,Majalengka,Wisata,5,"Yuk nikmati alam yg masih asri dicurug cipeutey...suasana alam yg asri,air jernih langsung dari sumber mata air dan kita bisa berenang dibawahnya.
Bisa bawa keluarga dan bisa juga ngekem di area samping aliran sungan Curug cipeteuy.",2026-03-27T12:26:30.084Z,Wahyudin putra,109369254994595873813,False,0,id,2026-05-04T16:18:38.360076
Ci9DQUlRQUNvZENodHljRjlvT21wRVptRTNUMVExYlRRNFpUSnljaTB5T1RSeFRtYxAB,ChIJVVVVVanVaS4RjK1etCWyWTw,Curug Cipeuteuy,Majalengka,Wisata,5,"Jalannya bagus akses terjangkau
Suasananya masih asri
Bisa buat mandi/berenang
Spot buat foto banyak banget.",2026-03-25T10:48:38.123Z,KHOLAN ARROHMAN,104055166675011335599,True,0,id,2026-05-04T16:18:38.360105
Ci9DQUlRQUNvZENodHljRjlvT2pWcVFtZHVXRUZTT1ZWQmRtWm5XVVl0Y0UxU00yYxAB,ChIJVVVVVanVaS4RjK1etCWyWTw,Curug Cipeuteuy,Majalengka,Wisata,5,"Kesini pas cuti bersama imlek, ternyata cuma kita bertiga yg camping disini, kukira bakal rame ya, mungkin karena mendekati Ramadan jadi sepi. Tapi pengelolanya baik banget, mereka tidur di aula cuma buat jagain kita bertiga sekeluarga, makasih loh ya mas😊 toiletnya bersih, mushola bersih, warung banyak tapi karena sepi jadi jam set. 4 udah pada tutup. Gaada sampah sama sekali, area nya luas jadi pas malem agak takut dikit. Cuma jalannya cukup menantang ya, tapi motor scoopy umur 10 tahunku masih kuat buat naik sih jadi aman ya",2026-03-11T00:33:10.784Z,Juliawati,110181488421844426353,False,0,id,2026-05-04T16:18:38.360135
Ci9DQUlRQUNvZENodHljRjlvT21oRFRIaDZRMFk0UlhoclJtbDVVWEZoWDJkS1FtYxAB,ChIJVVVVVanVaS4RjK1etCWyWTw,Curug Cipeuteuy,Majalengka,Wisata,5,"Cakepp poll, banyak spot fotonya. jalannya naik bangett busett tp terbayarkan dengan view yg cantikk, kesana pas hari weekday seru sepi bgt berapa punya sendiri hahaha. Jangan lupa kesini man teman aku jamin gaakan nyesel percayalah wkwk",2026-03-05T15:37:16.399Z,Azizahh,105312245692188357562,True,0,id,2026-05-04T16:18:38.360152
Ci9DQUlRQUNvZENodHljRjlvT205Mk4wOXNNbU52Y1VVeWVIVmlZV2RuUWxoalMwRRAB,ChIJVVVVVanVaS4RjK1etCWyWTw,Curug Cipeuteuy,Majalengka,Wisata,5,Tempat untuk merasakan ketenangan,2026-02-26T03:15:58.102Z,Manto Jumanto,105370299356294267883,True,0,id,2026-05-04T16:18:38.360162
Ci9DQUlRQUNvZENodHljRjlvT2kwMWNWSnFXWGx4YVZKeVNqSlBYM0JTU21KcVUyYxAB,ChIJVVVVVanVaS4RjK1etCWyWTw,Curug Cipeuteuy,Majalengka,Wisata,5,"Tempatnya adem banget, cocok buat ngopi sambil ngeliwet",2026-02-24T21:57:30.578Z,utek asblakek,115831059844979914115,False,0,id,2026-05-04T16:18:38.360173
Ci9DQUlRQUNvZENodHljRjlvT210SFFVeFRiMWd0YkdzNVgxcHhNRXRmTmkxT2EzYxAB,ChIJVVVVVanVaS4RjK1etCWyWTw,Curug Cipeuteuy,Majalengka,Wisata,5,Wisata alam di kawasan lereng gunung Ciremai Majalengka yang masih adem dan asri..,2026-02-24T20:54:02.163Z,INDYARTONO,102838522293042287795,True,0,id,2026-05-04T16:18:38.360182
Ci9DQUlRQUNvZENodHljRjlvT2t4c1ZGZFJWVGx2TVRndGFHMDVUbmRrV1hVeFQzYxAB,ChIJVVVVVanVaS4RjK1etCWyWTw,Curug Cipeuteuy,Majalengka,Wisata,5,"Cakep banget
Ke sini pas bulan ramadhan dan hujan
Luar biasa indah.. suasana hijau hutan dengan kabut tebal dan air yang deras.. cakep bgt",2026-02-24T11:35:37.973Z,lime store,116069514854947370917,False,0,id,2026-05-04T16:18:38.360192
ChdDSUhNMG9nS0VJQ0FnSUNjaWZ5MnZRRRAB,ChIJVVVVVanVaS4RjK1etCWyWTw,Curug Cipeuteuy,Majalengka,Wisata,5,"Bocor ban sore hari ditambah hujan,
Sejam dorong motor kebengkel😭",2026-02-12T01:06:54.855Z,laterR story,118238923138008811663,True,1,id,2026-05-04T16:18:38.360201
Ci9DQUlRQUNvZENodHljRjlvT2tOUGN6WTRSM1EzYzBaelkyRTVUblpPUVVoWWVXYxAB,ChIJP2mhnbk8by4RMUCCYUq6F9I,Wisata Alam Curug Muara Jaya,Majalengka,Wisata,5,"buat yang mau ke curug muara jaya jangan modal nekat doang, selalu periksa motor barangkali rem blong, saya saranin berangkat pagi soalnya kalo sore ujan gede, berkabut dan licin... jalannya nanjak dan berbelok², jadi harus hati² dan berdoa, soalnya saya tadi jatuh:( kepental",2025-12-21T13:53:41.690Z,Aisyah Zahra,117272446471779226192,False,0,id,2026-05-04T16:18:38.360210
Ci9DQUlRQUNvZENodHljRjlvT2pGNlJVaEZTMnh3ZEZaM1pubG5kV1JFYzJscE9XYxAB,ChIJP2mhnbk8by4RMUCCYUq6F9I,Wisata Alam Curug Muara Jaya,Majalengka,Wisata,5,"masyaallah banget pemandangan nya, next kesini lagi lah ya😝🤭",2025-12-14T11:58:32.629Z,Luthfiyah Hasna,112842133150356547523,False,0,id,2026-05-04T16:18:38.360267
Ci9DQUlRQUNvZENodHljRjlvT2xaMlNGWk1iblpFUkhWU1pWbHFObVF4T0hwbWFsRRAB,ChIJP2mhnbk8by4RMUCCYUq6F9I,Wisata Alam Curug Muara Jaya,Majalengka,Wisata,5,bagusss bgtttt 🥹✨,2025-12-11T11:38:09.057Z,Adelia Azahra,106019449769515268987,True,0,id,2026-05-04T16:18:38.360283
Ci9DQUlRQUNvZENodHljRjlvT21KSWNWVnJablZhWlVkbVRrdHpaamw2WjJaeFlWRRAB,ChIJP2mhnbk8by4RMUCCYUq6F9I,Wisata Alam Curug Muara Jaya,Majalengka,Wisata,2,"pemandangannya bagus tapi sayang padahal di depan udah beli tiket masuk, pas mau naik ke curug yg ke 2 nya dimintai uang lagi emang gak seberapa si cuma 2000 tapi waktu terakhir kali berkunjung ke sana meskipun naik ke curug yg di atasnya gak bayar lagi",2025-12-02T15:14:02.661Z,Tauhid Asep Nurhalim,105756121472198740156,False,0,id,2026-05-04T16:18:38.360292
Ci9DQUlRQUNvZENodHljRjlvT21SbE4zaFhhM0UyUVdGT1ZGVnZkbW80WkdWdVYyYxAB,ChIJ7-lyMlQ7by4RUHa8arJJFHU,Air Terjun IBUN PELANGI,Majalengka,Wisata,5,Pemandangan indah banget,2026-02-06T14:34:23.089Z,Azy Bagus,114555200017270521386,False,0,id,2026-05-04T16:18:38.360302
Ci9DQUlRQUNvZENodHljRjlvT2xndFJFb3phR1Z2V0dWU1dVSllZbU5PVGpGcVFuYxAB,ChIJ7-lyMlQ7by4RUHa8arJJFHU,Air Terjun IBUN PELANGI,Majalengka,Wisata,5,bagus banget pemandangannya tapi sayang nya pas kesitu lagi ujan jadi ga lama main nya,2026-02-05T14:46:40.320Z,Dalfah Latifah,105656638580457002409,False,0,id,2026-05-04T16:18:38.360314
Ci9DQUlRQUNvZENodHljRjlvT2xSUGMxSlNkbVI2Ykd0eVVIaEJRVWxPWlVkakxWRRAB,ChIJ7-lyMlQ7by4RUHa8arJJFHU,Air Terjun IBUN PELANGI,Majalengka,Wisata,3,"Bagi yg domisilinya jauh mohon jarak tempuh diperhitung dan cuacanya , biar tidak kecewa karena moment yg paling si tunggu adalah munculnya pelangi",2026-01-28T09:33:26.941Z,Ridwan Nur Wahjudin,107558146619149095511,True,0,id,2026-05-04T16:18:38.360326
Ci9DQUlRQUNvZENodHljRjlvT21NeWRFMTFaRzExUm5JeU1ITTVVR1ZuVlVKNWEzYxAB,ChIJ7-lyMlQ7by4RUHa8arJJFHU,Air Terjun IBUN PELANGI,Majalengka,Wisata,4,"penjaga bawah informatif,penjaga parkiran sama tiket ga ramah judes,padahal lagi ga rame",2026-01-22T16:04:34.135Z,Muhammad Malik Ibrahim,110771749683231302462,False,0,id,2026-05-04T16:18:38.360335
Ci9DQUlRQUNvZENodHljRjlvT2xWMVYzZFhVMVZhYUhKaVh6SnJaRU5vVURsRVJuYxAB,ChIJ7-lyMlQ7by4RUHa8arJJFHU,Air Terjun IBUN PELANGI,Majalengka,Wisata,5,Untuk tiket 12k dan parkir 3k sudah cukup sih,2026-01-17T12:26:31.001Z,jeany jaelany,112707945995671432016,True,0,id,2026-05-04T16:18:38.360344
Ci9DQUlRQUNvZENodHljRjlvT25SdU0weExXbnBOVUZWblRYZzFOemRUTWt0cFRXYxAB,ChIJ7-lyMlQ7by4RUHa8arJJFHU,Air Terjun IBUN PELANGI,Majalengka,Wisata,5,"Tempanya bagus perlu efforts lebih untuk mencapai curugnya, ada warungnya juga",2026-01-11T15:34:56.877Z,Rudi Virana,108192025758403682621,True,0,id,2026-05-04T16:18:38.360354
Ci9DQUlRQUNvZENodHljRjlvT2tveGMwRmhZbFZRVFdRMVRtWXlia2hRVVc5SU4wRRAB,ChIJ7-lyMlQ7by4RUHa8arJJFHU,Air Terjun IBUN PELANGI,Majalengka,Wisata,5,"seruuu, first time ke majalengka,indah banget 🍃🥺🤍",2026-01-11T11:10:08.459Z,nabila r utami,105251867821358034657,False,0,id,2026-05-04T16:18:38.360370
Ci9DQUlRQUNvZENodHljRjlvT2tkRGJqazBXbGx6YmtacmVrSkliMUF6UlZoa1dYYxAB,ChIJ7-lyMlQ7by4RUHa8arJJFHU,Air Terjun IBUN PELANGI,Majalengka,Wisata,5,"Pengalaman yang sangat mengesankan, tidak ada di tempat lain.",2026-01-08T04:56:28.967Z,Sobari Anwar,111819779830210248694,True,0,id,2026-05-04T16:18:38.360395
Ci9DQUlRQUNvZENodHljRjlvT2s5MlJrTnBNV3hRTW14bFJFOXZUVTUzVG1SSlUxRRAB,ChIJ7-lyMlQ7by4RUHa8arJJFHU,Air Terjun IBUN PELANGI,Majalengka,Wisata,4,"Tempat wisata murce tapi tidak kaleng2, tempatnya bersih terawat, petugasnya ramah2. Sayang kita kesiangan jadi ngga bisa dpet view sunrise ... tapi tetep puas main kesini ...",2026-01-06T14:03:40.631Z,our story,109718789643123676453,True,0,id,2026-05-04T16:18:38.360404
Ci9DQUlRQUNvZENodHljRjlvT2xSd2FFSTFkM0kwVm5scmQzazVWMVozUW1aV1luYxAB,ChIJVVVVVanVaS4RjK1etCWyWTw,Curug Cipeuteuy,Majalengka,Wisata,5,Bagi yang mau k Curug Cipeuteuy selalu cek kendaraan nya usahakan yg boncengan pake motor matic turun dulu,2026-01-08T04:39:51.728Z,Adi Sucipto,100405681966728105079,True,0,id,2026-05-04T16:18:38.360463
Ci9DQUlRQUNvZENodHljRjlvT21WcFFtdDFkRlZRWWxwMlZEZzFVMlZRUldoU1NFRRAB,ChIJVVVVVanVaS4RjK1etCWyWTw,Curug Cipeuteuy,Majalengka,Wisata,4,kadang bersama pasngn di tmbh dngar krucuk suara air trjun mmbuat tenang,2026-01-05T03:43:14.407Z,Almuhq,103248612013108661242,True,0,ms,2026-05-04T16:18:38.360477
Ci9DQUlRQUNvZENodHljRjlvT2twdWFHOU9ZMnhIV1dZd00zUlJYMFpEUlhSMk5sRRAB,ChIJVVVVVanVaS4RjK1etCWyWTw,Curug Cipeuteuy,Majalengka,Wisata,5,Pokok nya tempatnya nyaman,2026-01-03T22:58:24.038Z,Muhammad Syahdan,115416478618253767685,False,0,id,2026-05-04T16:18:38.360493
Ci9DQUlRQUNvZENodHljRjlvT2trME5FRTNPUzFoWjFSVlIyNUNlSFpJYW14bmJtYxAB,ChIJQf5vWwA5by4RLzCm0GYA3Vk,Bukit Pamoroan,Majalengka,Wisata,5,pemandangan sangat bagus,2026-05-03T08:00:21.199Z,Aishya Gaming,118168184220506362600,False,0,id,2026-05-04T16:18:38.360504
Ci9DQUlRQUNvZENodHljRjlvT21oV1pYVkRibVJUUXpoeFdWZzJUVTFrTjBsVlFrRRAB,ChIJQf5vWwA5by4RLzCm0GYA3Vk,Bukit Pamoroan,Majalengka,Wisata,5,"Baru pertama kali mendaki.. aku sukaa sama Bukit Pamoroan, view nya cantik banget sesuai ekspektasi aku. Tracking nya pun masih bisa dicoba buat pemula kayak aku. Terima kasih Tuhan. dan terima kasih untuk yang menjaga tempat ini tetap cantik dan bersih✨
Kita berteman di Instagram yukk @nayafkh",2026-05-03T02:11:06.213Z,fakhirah inayah,102032074669879667330,False,0,id,2026-05-04T16:18:38.360517
Ci9DQUlRQUNvZENodHljRjlvT2poS1NHRmhhMnRFYW1VMlFtUmplV1JCTVZabFZXYxAB,ChIJQf5vWwA5by4RLzCm0GYA3Vk,Bukit Pamoroan,Majalengka,Wisata,5,"Bagus, cuma sayang pas kesana mendung cuma dapet cerah sebentar doang cuma gapapa seruw gais 🥰🥰🥰",2026-04-25T12:43:38.224Z,Aidara,118085341237063499614,True,0,id,2026-05-04T16:18:38.360533
Ci9DQUlRQUNvZENodHljRjlvT21WSGRteFRWbVoxTTA4dFNGWlZkbU5XYWtWTmExRRAB,ChIJQf5vWwA5by4RLzCm0GYA3Vk,Bukit Pamoroan,Majalengka,Wisata,5,"treknya sangat cocok untuk pemula, pemandangannya indah bangett🤩🫶😜",2026-04-24T08:15:59.819Z,Chintia aulia priandini,105232139463769155176,True,0,id,2026-05-04T16:18:38.360542
Ci9DQUlRQUNvZENodHljRjlvT25sQ1oyMVJhVGxyY1RkMFVHbGxVREJYUlhCemNXYxAB,ChIJQf5vWwA5by4RLzCm0GYA3Vk,Bukit Pamoroan,Majalengka,Wisata,5,sangat seru permainan nya jugaa banyak,2026-03-29T03:15:32.210Z,Roto Totojr,105118165659042340118,False,0,id,2026-05-04T16:18:38.360557
Ci9DQUlRQUNvZENodHljRjlvT2w5UU9XVklOMlZUZUhOMllXVkRhV1ZvUzJaVVEyYxAB,ChIJQf5vWwA5by4RLzCm0GYA3Vk,Bukit Pamoroan,Majalengka,Wisata,5,"paket lengkap bgt trek landai view maksimal lautan awan sunset kabut
toilet warung dekat tiket murah",2026-03-17T12:01:18.642Z,Abdullah Fiqih,116746373488768866361,False,0,id,2026-05-04T16:18:38.360572
Ci9DQUlRQUNvZENodHljRjlvT25WeFJpMUljM3AwUzJsWVIzcEZaMnhvTmpFMlpWRRAB,ChIJQf5vWwA5by4RLzCm0GYA3Vk,Bukit Pamoroan,Majalengka,Wisata,5,Pemandangan yg sangat indah dan asri,2026-03-04T08:37:40.637Z,Garden House,105747083735949292043,False,0,id,2026-05-04T16:18:38.360582
Ci9DQUlRQUNvZENodHljRjlvT2pkcFVrdzNRMXBWTUhOMFMxcFlSRVZIUkc5UU1VRRAB,ChIJQf5vWwA5by4RLzCm0GYA3Vk,Bukit Pamoroan,Majalengka,Wisata,5,Desa sejuk dengan pemandangan indah.disarankan untuk saat ini akses ke bukit pamoroan pakai gojek atau bawa motor tidak pakai mobil belum tersedia lahan parkir besar dan jalan sempit🙏,2026-02-19T02:09:47.507Z,ASENG DJACKY,100203688936323929325,True,0,id,2026-05-04T16:18:38.360597
Ci9DQUlRQUNvZENodHljRjlvT2xCWGVFMVBXVkJIU2xNME9FcEpTMmRPYzBjMmJuYxAB,ChIJQf5vWwA5by4RLzCm0GYA3Vk,Bukit Pamoroan,Majalengka,Wisata,5,"treknya gampang banget, banyak shelter juga ada mushola dan toilet, buat aja keluarga juga oke",2026-02-04T00:24:49.047Z,Zidan Fernanda,117264586180339788288,True,0,id,2026-05-04T16:18:38.360614
Ci9DQUlRQUNvZENodHljRjlvT2pkaWJqTjBObFp0U0V4Q1RISlBSa2g2Vm14RlIzYxAB,ChIJQf5vWwA5by4RLzCm0GYA3Vk,Bukit Pamoroan,Majalengka,Wisata,5,Pagi pagi dateng kesini behhh syahdu nya,2026-01-19T00:04:43.500Z,Saepul Praja,100846742520939597214,False,0,id,2026-05-04T16:18:38.360639
Ci9DQUlRQUNvZENodHljRjlvT25NMVV6ZG5lWEk0V0VSeE9WUnhNVGxRU1ZocFJFRRAB,ChIJQf5vWwA5by4RLzCm0GYA3Vk,Bukit Pamoroan,Majalengka,Wisata,5,pemandangan disana sangat bagus tapi jalan menuju base campnya beh naik turun,2026-01-16T08:11:40.491Z,Somau,115945725095785589636,False,0,id,2026-05-04T16:18:38.360647
Ci9DQUlRQUNvZENodHljRjlvT25obk1rRTNTakJMUVZaWU0yc3dkRGc0VEhSb1FWRRAB,ChIJQf5vWwA5by4RLzCm0GYA3Vk,Bukit Pamoroan,Majalengka,Wisata,5,"jalur nya lumayan extreme + jalur basah, tapi semenjak kita naik bareng orang yang kita cintai,semua moment bisa di jadiin cerita,view nya bagus keliatan semua✨✨",2026-01-10T02:21:49.168Z,apriyan,101946252338023858786,True,0,id,2026-05-04T16:18:38.360655
Ci9DQUlRQUNvZENodHljRjlvT2s5NVMyWnNVSHBJUWs1aVdXdFVlbWxXZWxSU1pXYxAB,ChIJQf5vWwA5by4RLzCm0GYA3Vk,Bukit Pamoroan,Majalengka,Wisata,5,Bukit yang cukup indah buat liat penandanganya,2026-01-09T23:08:38.719Z,Qinote_ TV,116582061733284006626,True,0,id,2026-05-04T16:18:38.360663
Ci9DQUlRQUNvZENodHljRjlvT2t4Wll6SmhVazlzVUdab1ZURkRWVE54VWpWSk9FRRAB,ChIJvRyVG90jby4RzbOnKcu9Mto,Cikadongdong River Tubing,Majalengka,Wisata,5,"Nice place, but no homestay/camping ground",2026-05-04T05:59:15.004Z,haerul anwar,102383913180413819035,False,0,en,2026-05-04T16:18:38.360671
Ci9DQUlRQUNvZENodHljRjlvT25SbFlYRnFTSGhrYmpkRU9WVmhTSFJ4ZFVsdVpuYxAB,ChIJvRyVG90jby4RzbOnKcu9Mto,Cikadongdong River Tubing,Majalengka,Wisata,5,Seru dan mantap,2026-05-03T05:16:50.553Z,Nasrul Arifin,118027981558413860909,True,0,id,2026-05-04T16:18:38.360681
Ci9DQUlRQUNvZENodHljRjlvT2pOTFYzQmtNRk5FYzJkbFZIUnpPWFJ2TVVaaU5YYxAB,ChIJvRyVG90jby4RzbOnKcu9Mto,Cikadongdong River Tubing,Majalengka,Wisata,5,Area permainan river tubing yang seru dengan pemandangan yang cukup asri dan sungai yang masih jernih.,2026-04-27T10:18:46.327Z,Agung Wahyono,112255198763682791006,True,0,id,2026-05-04T16:18:38.360689
Ci9DQUlRQUNvZENodHljRjlvT2xBeU9VZFFTVTQ0TFZGSGVFdEljbEJrWmxKMFRsRRAB,ChIJvRyVG90jby4RzbOnKcu9Mto,Cikadongdong River Tubing,Majalengka,Wisata,5,Suasana desa yang syahdu,2026-04-07T14:23:58.736Z,Isur Suranta,102187669441269338875,False,0,id,2026-05-04T16:18:38.360757
Ci9DQUlRQUNvZENodHljRjlvT2t4UE5sWklXbHBtWW5SNWNEUlhjbnByVDBST1QwRRAB,ChIJvRyVG90jby4RzbOnKcu9Mto,Cikadongdong River Tubing,Majalengka,Wisata,5,Utk bermain tube rafting antri 2 jam kalau on the spot,2026-04-05T11:26:34.805Z,danang den sinyo,113753266601102375727,True,0,id,2026-05-04T16:18:38.360765
Ci9DQUlRQUNvZENodHljRjlvT2xKa1pqaG5Va1JxTFhoUVJYVnNkRnAyZVZwbVRGRRAB,ChIJvRyVG90jby4RzbOnKcu9Mto,Cikadongdong River Tubing,Majalengka,Wisata,5,"Tiket masuk Sungai Rp 3000 per orang. Parkir mobil Rp 10.000. Untuk River tubing nya jarak pendek 350m di harga 60.000. untuk yang jarak panjang 1KM di harga 100.000.
Air jernih. Untuk arus jeram cukup deras di tengah, harap berhati hati. WC artian panjang kalau ramai.",2026-04-05T09:15:02.350Z,Freddy Gunawan,116747376721066065920,False,0,id,2026-05-04T16:18:38.360777
Ci9DQUlRQUNvZENodHljRjlvT20xUlRuZG5Xak5TYVdabE5XZ3pibkp3YURKa05uYxAB,ChIJvRyVG90jby4RzbOnKcu9Mto,Cikadongdong River Tubing,Majalengka,Wisata,5,"Tempatnya adem,airnya bersih&arusnya lumayan deras.cocok bt uji adrenalin..",2026-04-02T03:55:21.854Z,Komar Udin,115075407841597868290,True,0,id,2026-05-04T16:18:38.360794
Ci9DQUlRQUNvZENodHljRjlvT2xWa2QycENObUpwWDNsaE4xbHVRakZSYzJGa0xXYxAB,ChIJvRyVG90jby4RzbOnKcu9Mto,Cikadongdong River Tubing,Majalengka,Wisata,4,Bagus tapi sayang jalan'y terlalu sempit buat mobil simpangan 🙏🙏🙏,2026-03-30T01:44:09.705Z,Aris Aris,111630686318029139732,False,0,id,2026-05-04T16:18:38.360810
Ci9DQUlRQUNvZENodHljRjlvT2poak0xZEhXVVpWTFV4RFUySkNjMUpSVFZaWmExRRAB,ChIJvRyVG90jby4RzbOnKcu9Mto,Cikadongdong River Tubing,Majalengka,Wisata,5,COCOK UNTUK LIBURAN BARENG KELUARGA 🤩😋👇🏻DAN KALAU KESINI WAJIB COBAIN TUBING NYA😁,2026-03-28T10:36:36.177Z,Adii Xditz,102488001421403237937,False,0,id,2026-05-04T16:18:38.360825
Ci9DQUlRQUNvZENodHljRjlvT2kxT1VsVTNSRFZOT0Mwd1NrOTNlVUk1UW1wdlNFRRAB,ChIJvRyVG90jby4RzbOnKcu9Mto,Cikadongdong River Tubing,Majalengka,Wisata,5,seruuu banget si🥰🫰🏻tapi sayangnya kasian pacar acuu jatoh dari ban,2026-03-28T07:47:22.026Z,tiara maharani,104741055710303818948,False,0,id,2026-05-04T16:18:38.360834
Ci9DQUlRQUNvZENodHljRjlvT2tsd1VsbzBTVXBLYkdGa09XaDBRVVoxU2tSa01FRRAB,ChIJQf5vWwA5by4RLzCm0GYA3Vk,Bukit Pamoroan,Majalengka,Wisata,5,"such a beautiful view, especially on hill 2",2026-01-06T13:36:32.743Z,Ilham Joshi,100316060948392128693,True,0,en,2026-05-04T16:18:38.360848
Ci9DQUlRQUNvZENodHljRjlvT2pjNGFVRTFPRzVaUXpWSFVGa3lOMDB5WnpkNlpYYxAB,ChIJQf5vWwA5by4RLzCm0GYA3Vk,Bukit Pamoroan,Majalengka,Wisata,5,Saya mau jual barang mas badminton,2025-12-28T20:38:51.562Z,Rahmat Hidayat,111758792123260552081,False,0,id,2026-05-04T16:18:38.360863
Ci9DQUlRQUNvZENodHljRjlvT214eFZVaFVjR3hUU1ZsVk4zcG1hVk55VUZWUVJYYxAB,ChIJQf5vWwA5by4RLzCm0GYA3Vk,Bukit Pamoroan,Majalengka,Wisata,4,penyewaan tenda dll.. ada ga ?,2025-12-15T07:00:56.510Z,Satria Facelift,107284216404785630577,False,0,id,2026-05-04T16:18:38.360871
Ci9DQUlRQUNvZENodHljRjlvT25WbE5tRkpiMkpZTWxsNU1uQmlZVGg2VkRGSVNFRRAB,ChIJQf5vWwA5by4RLzCm0GYA3Vk,Bukit Pamoroan,Majalengka,Wisata,5,"Keren sekali disini selain view-nya admin nya ramah baik , terimakasih bukit pamoroan ⭐⭐⭐⭐⭐⭐⭐⭐⭐⭐⭐⭐⭐⭐⭐⭐⭐⭐⭐⭐⭐⭐⭐⭐⭐⭐",2025-12-05T13:43:07.027Z,yuda Nihboz,101158746538967860696,False,0,id,2026-05-04T16:18:38.360892
Ci9DQUlRQUNvZENodHljRjlvT21VNU0zb3dOMUYyT0hkbFNqVllhMFZmWVhOUVZWRRAB,ChIJQf5vWwA5by4RLzCm0GYA3Vk,Bukit Pamoroan,Majalengka,Wisata,5,"Sejuk daN seru... adem cocok Buat bertapa., hihihi",2025-12-02T05:59:20.893Z,Sopyan Sopyan,114557013464675817601,True,0,id,2026-05-04T16:18:38.360900
Ci9DQUlRQUNvZENodHljRjlvT25GaVEwZEVRMVJIZUVGd1RWRlFSekJ0VkROTmFrRRAB,ChIJQf5vWwA5by4RLzCm0GYA3Vk,Bukit Pamoroan,Majalengka,Wisata,5,"Selama ini suasana msh asri, sejuk adem berkabut, pokok e josss tenan.
Hati² jalan akses klo hujan licin,",2025-11-11T15:05:48.880Z,Jenggot Naga 29,117048557871799842636,True,0,id,2026-05-04T16:18:38.360931
Ci9DQUlRQUNvZENodHljRjlvT2psdlMzUnZUblpJUzNJNVkyWndZUzF0UW5ac1UzYxAB,ChIJQf5vWwA5by4RLzCm0GYA3Vk,Bukit Pamoroan,Majalengka,Wisata,4,"Tempatnya bagus, bisa lihat lautan awan dan citylight. Viewnya juga 360°. Recommended buat camping bareng teman.",2025-11-11T04:18:42.594Z,Ayu Arum Septiani,107069677990692703615,False,0,id,2026-05-04T16:18:38.360948
Ci9DQUlRQUNvZENodHljRjlvT2pjdFlWVkNObGgzUWs4NFRVUkRVbFZTUTBGQk5uYxAB,ChIJKSRuyiI2by4RXOAzeo3AfQA,Kebun Teh Cipasung Lemahsugih,Majalengka,Wisata,5,Murah terjangkau sangat alami  masih minim pengunjung puas untuk kebutuhan konten,2026-03-23T07:08:57.831Z,Enjang Ruslan Kamaludin,111250658250581564282,True,0,id,2026-05-04T16:18:38.361016
Ci9DQUlRQUNvZENodHljRjlvT25wbWFscEtZalZOWTB4NGRHTXRUbU53VWt4dWJVRRAB,ChIJKSRuyiI2by4RXOAzeo3AfQA,Kebun Teh Cipasung Lemahsugih,Majalengka,Wisata,1,"Bayar 10rb per orang, 5 rb utk mtor, krna owner nya pribadi, jdi mungkin minim pelayanan dan fasilitas nya.. 🥲🥲🥲",2026-02-18T01:54:23.481Z,Dhimas Aditya Haidar,114948373605716982092,False,0,id,2026-05-04T16:18:38.361045
Ci9DQUlRQUNvZENodHljRjlvT2xVM1VrRXpNSHBRZUZKc01rdGlVVlppWWxrelJVRRAB,ChIJKSRuyiI2by4RXOAzeo3AfQA,Kebun Teh Cipasung Lemahsugih,Majalengka,Wisata,4,"Cukup oke untuk perkebunan nya luas, spot fotonya lumayab",2026-02-11T04:52:40.647Z,haikal ucuy,103884833954364664927,False,0,id,2026-05-04T16:18:38.361053
Ci9DQUlRQUNvZENodHljRjlvT2pCNWNIVk1hV0l6TFRkb1VFVm5hWFUxU2kxV2RYYxAB,ChIJKSRuyiI2by4RXOAzeo3AfQA,Kebun Teh Cipasung Lemahsugih,Majalengka,Wisata,5,bagus tapi sayang ga ke urus aja,2026-01-09T22:22:04.500Z,Devis Ramadhan,110787325773325788782,False,0,id,2026-05-04T16:18:38.361074
Ci9DQUlRQUNvZENodHljRjlvT21ZeVJqTndNMDVXWVVaelIyVmZablJQUm5GRVQzYxAB,ChIJKSRuyiI2by4RXOAzeo3AfQA,Kebun Teh Cipasung Lemahsugih,Majalengka,Wisata,3,Lumayan... Tersa di bogor...,2026-01-06T08:02:25.611Z,Topa Wiralodra,114991807465749470466,True,0,id,2026-05-04T16:18:38.361096
Ci9DQUlRQUNvZENodHljRjlvT25aelNXcFphRUZEV25VdFowbFlNbEJYTkc1Nk0zYxAB,ChIJKSRuyiI2by4RXOAzeo3AfQA,Kebun Teh Cipasung Lemahsugih,Majalengka,Wisata,2,"Pmandangan kebun teh yg enak. Naik dr pusat kota Majalengka 1 jam k atas.
Warung di atas sudah tidak ada karena pemilik kebun teh ganti org, ngga bisa santai ngopi dan indomie",2026-01-03T05:27:57.764Z,imam fadil,115363794481365654355,False,0,id,2026-05-04T16:18:38.361106
Ci9DQUlRQUNvZENodHljRjlvT2xWeFYyTkhabGQwWkVJME9ISmphMlZ1TldOb1EwRRAB,ChIJKSRuyiI2by4RXOAzeo3AfQA,Kebun Teh Cipasung Lemahsugih,Majalengka,Wisata,1,gada apa apanyaa buat pooto geh gada bagus bagusnya htm 10k  ga wort it bangettt,2025-12-13T04:59:09.622Z,Widy Wjksna,117591072900847790759,False,0,id,2026-05-04T16:18:38.361122
ChdDSUhNMG9nS0VJQ0FnSUNhajdDZmdnRRAB,ChIJKSRuyiI2by4RXOAzeo3AfQA,Kebun Teh Cipasung Lemahsugih,Majalengka,Wisata,5,Sejuk sekali cocok buat ajak keluarga,2025-11-29T11:50:59.976Z,Setapak Pesona,100132740797978499665,True,1,id,2026-05-04T16:18:38.361143
Ci9DQUlRQUNvZENodHljRjlvT200NU5WUkJaWGRSUjNWdlIzZEdkRWhtU1VGcWRHYxAB,ChIJvRyVG90jby4RzbOnKcu9Mto,Cikadongdong River Tubing,Majalengka,Wisata,5,makasih om barang sudah sampai,2026-03-26T19:43:12.612Z,Sandi,103936594271105180926,False,0,id,2026-05-04T16:18:38.361180
Ci9DQUlRQUNvZENodHljRjlvT2xGWFRtVlhUV2xZVlZCcWFHRTBjRzA0VkZSeWEzYxAB,ChIJvRyVG90jby4RzbOnKcu9Mto,Cikadongdong River Tubing,Majalengka,Wisata,5,"Tempat nya adem keren seru cocok banget buat sama keluarga, komunitas, ataupun pasangan sangat recommended sebelum datang pastikan reservasi dulu reguler 30.000 extreme 100.00 per orang tiket masuk 3000 dokumentasi 10.000 untuk reguler untuk dokumentasi extrem 25.000 per group.",2026-03-26T18:53:57.805Z,Muhamad Fiqri,105736608545620889002,True,0,id,2026-05-04T16:18:38.361189
Ci9DQUlRQUNvZENodHljRjlvT2psbWIycHNVVTVQTWpGa2NuRkVUVGhvU2xOTFpFRRAB,ChIJvRyVG90jby4RzbOnKcu9Mto,Cikadongdong River Tubing,Majalengka,Wisata,5,"bagus banget tempat nya air nya jernih bgt dinginn jangan lupa juga main arung jeram buat seru seruan tapi harus tetep atiati ya guyss
selasa,24/3/26",2026-03-25T00:31:36.221Z,Nur Azkia,112314148460140959439,True,0,id,2026-05-04T16:18:38.361206
Ci9DQUlRQUNvZENodHljRjlvT2paTmRtY3lSV3gwV21sd2EyUktNblpPVHpsSlEyYxAB,ChIJvRyVG90jby4RzbOnKcu9Mto,Cikadongdong River Tubing,Majalengka,Wisata,3,"Nasi liwet klo pake ikan ,gorengnya trlalu kering,, pengalaman di buat lama nunggu , krna lupa antar😤",2026-03-22T07:34:49.131Z,mon cen,106696806337236462590,False,0,id,2026-05-04T16:18:38.361215
Ci9DQUlRQUNvZENodHljRjlvT21aNVVtSXdORkpFYWtSS0xYQmxNVUpZYjFjeVlrRRAB,ChIJvRyVG90jby4RzbOnKcu9Mto,Cikadongdong River Tubing,Majalengka,Wisata,5,"Pengalaman river tubing yang menyenangkan, kecepatan arus yang kencang menjadikan pengalamannya seru. Di depan ada penjual nasi liwet yang enak.",2026-02-16T06:13:40.348Z,Gilbert Pasaribu,102607669657925145148,True,0,id,2026-05-04T16:18:38.361239
Ci9DQUlRQUNvZENodHljRjlvT21KcVNqSmxRa1pCVmtodlRFOTVVVXd4TTNoQlpHYxAB,ChIJvRyVG90jby4RzbOnKcu9Mto,Cikadongdong River Tubing,Majalengka,Wisata,5,Tempat yang kimochi kata bos jepang ku....🤣,2026-02-14T09:29:32.301Z,Dadi Heryanto,102551531445616867681,True,0,id,2026-05-04T16:18:38.361252
Ci9DQUlRQUNvZENodHljRjlvT2tRdFFsOVZaM3BGYXpGTFZsRldUbG8zUjBoNk0zYxAB,ChIJvRyVG90jby4RzbOnKcu9Mto,Cikadongdong River Tubing,Majalengka,Wisata,5,SERUUU BANGETTT💞 MAU LAGIIII😫😫,2026-02-02T07:56:19.235Z,iis Santun,117839465566775594890,True,0,id,2026-05-04T16:18:38.361276
Ci9DQUlRQUNvZENodHljRjlvT2xCc1REUjFTMk56TmpadVVtODNkVVZEY0hwNVowRRAB,ChIJvRyVG90jby4RzbOnKcu9Mto,Cikadongdong River Tubing,Majalengka,Wisata,5,"Oke Cakep
Hemat",2026-01-27T22:13:30.948Z,radit pro,116681130850970870533,True,0,id,2026-05-04T16:18:38.361292
Ci9DQUlRQUNvZENodHljRjlvT25acE1tWTFTMU5KVkZCc1pHTkJZVTVSZVdOcFNuYxAB,ChIJvRyVG90jby4RzbOnKcu9Mto,Cikadongdong River Tubing,Majalengka,Wisata,5,"Tempatnya enak, aksesnya lumayan menantang",2026-01-27T11:48:58.918Z,Mohammad Firman,105051857002991336012,False,0,id,2026-05-04T16:18:38.361301
Ci9DQUlRQUNvZENodHljRjlvT214VlNUSXlhVk5YTmtKS04zWllVbEUyWDJsM05YYxAB,ChIJvRyVG90jby4RzbOnKcu9Mto,Cikadongdong River Tubing,Majalengka,Wisata,5,Pilih jalan sesudah jembatan besar rajagaluh belok kiri ok biar enak jalannya. Klo dri jalir lain ga nyaman buat mobil,2026-01-23T03:17:35.537Z,Jefri Windharka,109480803339037388309,True,0,id,2026-05-04T16:18:38.361319
Ci9DQUlRQUNvZENodHljRjlvT2pKWFp6WjVla1JWTlUxRmRXSm1VVVl4VjNaUVkzYxAB,ChIJKSRuyiI2by4RXOAzeo3AfQA,Kebun Teh Cipasung Lemahsugih,Majalengka,Wisata,5,"Menurut aku tempat ini memang sangat super extra bagus sekali karena ditempat ini kita bisa melihat seluruh pemandangan alam ciptaan allah swt dan ditempat ini juga kita bisa merasakan hawa udara yg super extra bersih sejuk nyaman tenang damai
Pokoknya tempat ini memang super extra bagus sekali untuk acara liburan bersama dengan keluarga atau bisa dipakai untuk mengadakan acara pernikahan di alam terbuka atau bisa dipakai untuk mengadakan acara acara yg lainnya",2025-08-09T02:24:17.815Z,Dika Ujang,101760588674200645503,False,0,id,2026-05-04T16:18:38.361352
Ci9DQUlRQUNvZENodHljRjlvT2sxRVJreERjWE50YjI5RGNtWlpRVmQ0TFdJdGVVRRAB,ChIJKSRuyiI2by4RXOAzeo3AfQA,Kebun Teh Cipasung Lemahsugih,Majalengka,Wisata,1,Jalannya jelek penuh rintangan saya bawa motor aerok susahnya minta ampun,2025-08-02T05:43:04.720Z,Andre Rizki Pratama,112840838843605434417,False,0,id,2026-05-04T16:18:38.361361
Ci9DQUlRQUNvZENodHljRjlvT21kSWFsVnBUMGw2VFVSRmQxaEZhMnRaVjFKSGEyYxAB,ChIJKSRuyiI2by4RXOAzeo3AfQA,Kebun Teh Cipasung Lemahsugih,Majalengka,Wisata,5,"Kebun teh yg hijau dan luas, bikin kangen kesini terus.",2025-07-11T05:13:13.848Z,Azka Channel,104706081186419448852,False,0,id,2026-05-04T16:18:38.361376
Ci9DQUlRQUNvZENodHljRjlvT2xoRVpEWmxkMG93TkdKdU9Gb3hSblJFU0ZWeWNGRRAB,ChIJKSRuyiI2by4RXOAzeo3AfQA,Kebun Teh Cipasung Lemahsugih,Majalengka,Wisata,1,"harga tidak sesuai di tiket, di tiket harganya 10k tapi disuruh bayar 20k, dan hampir tidak dikasih kembalian. gaada warung dan jalanya bikin motor rusak.",2025-07-09T03:17:24.990Z,Habib Ali,113448087384132357745,False,0,id,2026-05-04T16:18:38.361392
ChZDSUhNMG9nS0VJaldrZU8ybm9mVFd3EAE,ChIJKSRuyiI2by4RXOAzeo3AfQA,Kebun Teh Cipasung Lemahsugih,Majalengka,Wisata,2,Tempatnya udh ga seindah dulu,2025-06-12T10:52:56.875Z,Hasby Alghina,102359186027994420618,False,0,id,2026-05-04T16:18:38.361409
ChdDSUhNMG9nS0VMZWhwT3lIcDczbzh3RRAB,ChIJKSRuyiI2by4RXOAzeo3AfQA,Kebun Teh Cipasung Lemahsugih,Majalengka,Wisata,5,sejuk dan bagus pemandangannya,2025-06-12T10:13:08.500Z,Rahmat Ramadhin,115146712828510563877,True,0,id,2026-05-04T16:18:38.361419
ChdDSUhNMG9nS0VMNjA1TER0MWZqOXFRRRAB,ChIJKSRuyiI2by4RXOAzeo3AfQA,Kebun Teh Cipasung Lemahsugih,Majalengka,Wisata,1,"Tempat apaan ini, pantesan sepi, mau lewat aja bayar 2x, 10.000 + 5.000. gak akan ada kemajuan kalo banyak pungli nya..",2025-05-29T05:14:54.990Z,Ade Sutriana,111146447145092252072,True,0,id,2026-05-04T16:18:38.361434
ChdDSUhNMG9nS0VJQ0FnSURnNHRfZjV3RRAB,ChIJKSRuyiI2by4RXOAzeo3AfQA,Kebun Teh Cipasung Lemahsugih,Majalengka,Wisata,1,Cuma numpang lewat doang tetep portal 10rb... Parkir 5rb... Ciri khas konoha...,2025-05-29T04:56:37.545Z,Wely agung,101075901461704414329,True,0,id,2026-05-04T16:18:38.361442
ChdDSUhNMG9nS0VPaVZzdjJOeVBYNXdRRRAB,ChIJKSRuyiI2by4RXOAzeo3AfQA,Kebun Teh Cipasung Lemahsugih,Majalengka,Wisata,5,"Pemandanganyaa baguss bangett, cuman jalan nya itu bikin was was 🙂",2025-05-15T17:58:04.625Z,Sri Devi,115433492089619600833,False,0,id,2026-05-04T16:18:38.361450
ChdDSUhNMG9nS0VJQ0FnTURBLXJXbW5RRRAB,ChIJKSRuyiI2by4RXOAzeo3AfQA,Kebun Teh Cipasung Lemahsugih,Majalengka,Wisata,3,Sepertinya memang sudah tidak dikelola untuk wisata. Sepi tidak ada fasilitas pendukung. HTM 10k/org. Tapi cocok kalau untuk mencari ketenangan dengan udara sejuk dan hamparan tanaman teh yang hijau. Hati² dalam berkendara karena jalan di lokasi berbatu.,2025-02-08T12:20:15.586Z,Wahyu Priya S,111502744143767838696,True,0,id,2026-05-04T16:18:38.361491
ChZDSUhNMG9nS0VJQ0FnSURfMlpXNE9BEAE,ChIJKSRuyiI2by4RXOAzeo3AfQA,Kebun Teh Cipasung Lemahsugih,Majalengka,Wisata,5,Ruginya 10x kalau belum mampir kesini,2025-01-25T11:38:45.658Z,Omi Jhon,108597422001715827881,True,0,id,2026-05-04T16:18:38.361499
Ci9DQUlRQUNvZENodHljRjlvT20xTWMxbFhjSGgwVVRSYU5GWkpWVTQ0UjBObE1sRRAB,ChIJvRyVG90jby4RzbOnKcu9Mto,Cikadongdong River Tubing,Majalengka,Wisata,5,"Ngadem, segar dan alami. Pas untuk menghabiskan waktu liburan bersama keluarga atau sahabat",2026-01-11T01:35:02.605Z,Zahra Amin,117419033913040120327,False,0,id,2026-05-04T16:18:38.361521
Ci9DQUlRQUNvZENodHljRjlvT2xGQ2QzaGxObVpYVW5VeGJGaHdURFpMWldKbWIwRRAB,ChIJvRyVG90jby4RzbOnKcu9Mto,Cikadongdong River Tubing,Majalengka,Wisata,5,Seru nasi liwet ngangenin,2026-01-09T14:53:02.553Z,Carnoto Otto,117230521472426966343,False,0,id,2026-05-04T16:18:38.361529
Ci9DQUlRQUNvZENodHljRjlvT2w5aFR6TkhTRWRJYjJ4ek5FZHdTMWg2V21KRWFHYxAB,ChIJvRyVG90jby4RzbOnKcu9Mto,Cikadongdong River Tubing,Majalengka,Wisata,4,"Harga tiket murah, toilet bersih.
Tubing seru, 350m cukup menantang dan harga murah 30k sudah dapat foto-foto.
Ide tambahan sebagai pertimbangan :
- tambahkan paket video untuk tubing
- tambahkan rambu-rambu Keselamatan dan jaga kebersihan kerapihan
- siapkan ruangan khusus untuk P3K dan standby medis sebagai mitigasi jika terjadi sesuatu

Overall seru dan keren,.
Eia bagian atas sebagai tempat start river tubing boleh itu di optimalkan sebagai tempat ngopi dan glamping.

Semangat warga dan pengurus..",2025-12-29T06:08:17.024Z,Ceritanya Fandi,116921065452168066174,True,0,id,2026-05-04T16:18:38.361588
ChZDSUhNMG9nS0VJQ0FnSUR0NHNUNEhBEAE,ChIJvRyVG90jby4RzbOnKcu9Mto,Cikadongdong River Tubing,Majalengka,Wisata,5,Mantap... Pesona alam indah,2025-12-29T05:40:15.417Z,Amin Bin Amad,100200298172897548481,True,0,id,2026-05-04T16:18:38.361597
Ci9DQUlRQUNvZENodHljRjlvT2xKS04yUkNZM0prWTBoWmJGVnZNbEIxZW5CNFgyYxAB,ChIJQf5vWwA5by4RLzCm0GYA3Vk,Bukit Pamoroan,Majalengka,Wisata,5,Enak dan seru banget,2025-10-12T08:51:18.446Z,Firdaus23 Daus23,112867281113365744949,False,0,id,2026-05-04T16:18:38.361605
Ci9DQUlRQUNvZENodHljRjlvT20xTlRUbFNja2xCZURsU1JqaHdTVk5MV0dkcFpFRRAB,ChIJQf5vWwA5by4RLzCm0GYA3Vk,Bukit Pamoroan,Majalengka,Wisata,4,"Kunjungan pada tanggal 27 September 2025
Harga tiket tektok 10 ribu
Parkir motor 5 ribu
Ngecamp 20 ribu

Fasilitas yg ada di atas:
✅️ Mushola
✅️ Tempat wudhu
✅️ 2 Kamar mandi
✅️ Warung",2025-10-09T03:49:22.242Z,Mona Hasnah,118224635380829062934,True,0,id,2026-05-04T16:18:38.361613
Ci9DQUlRQUNvZENodHljRjlvT25GNVV6STFlVmRrZDNnNGIxWk5MWGhGZUhGTFNWRRAB,ChIJQf5vWwA5by4RLzCm0GYA3Vk,Bukit Pamoroan,Majalengka,Wisata,5,tempat fun hiking yang seru bisa fun camp juga memiliki pemandangan yang bagus dan tenang,2025-09-14T23:46:43.018Z,Ihsan Fadhil,112977613870235855034,True,0,id,2026-05-04T16:18:38.361669
Ci9DQUlRQUNvZENodHljRjlvT2tFMlNXTjFUakJKUVRWZmRWUTBTR281TkROSFNrRRAB,ChIJQf5vWwA5by4RLzCm0GYA3Vk,Bukit Pamoroan,Majalengka,Wisata,5,Untuk hiking dan camping ada toilet dan musola di puncak pos 2 dan ada warung kopi,2025-09-11T05:12:07.046Z,rudy hidayat,102546251316709423989,True,0,id,2026-05-04T16:18:38.361677
Ci9DQUlRQUNvZENodHljRjlvT205ek5IcEtRa1U0VHpkdU9IUkZNRlYyZW00MVZYYxAB,ChIJQf5vWwA5by4RLzCm0GYA3Vk,Bukit Pamoroan,Majalengka,Wisata,4,Indah pemandangan nya ga sia²,2025-09-10T07:36:05.390Z,rbs 11,107506850838290566597,True,0,id,2026-05-04T16:18:38.361688
ChZDSUhNMG9nS0VJQ0FnSUNfX09yVFlnEAE,ChIJKSRuyiI2by4RXOAzeo3AfQA,Kebun Teh Cipasung Lemahsugih,Majalengka,Wisata,5,"Sayang pas hujan, tapi view indah , ketemu perwakilan owner nya kata nya sudah di tutup untuk objek wisata. Hampir tidak ada warung makanan disekitar lokasi",2025-01-14T04:15:12.900Z,Dzulfikri Dzulfikri,106516055595943083757,False,0,id,2026-05-04T16:18:38.361704
ChdDSUhNMG9nS0VJQ0FnSURmcnB6ZzF3RRAB,ChIJKSRuyiI2by4RXOAzeo3AfQA,Kebun Teh Cipasung Lemahsugih,Majalengka,Wisata,5,"Butuh perjuangan banget buat kesini , perjalanannya panjang melewati banyak pedesaan,perkebunan dan hutan yg lebat , But it's worth it, you have to come here at least once.",2025-01-06T18:03:21.350Z,ERLANGGA PRAWIRA,113224773753943132562,True,0,id,2026-05-04T16:18:38.361719
ChdDSUhNMG9nS0VJQ0FnSUNmdnZuQW9nRRAB,ChIJKSRuyiI2by4RXOAzeo3AfQA,Kebun Teh Cipasung Lemahsugih,Majalengka,Wisata,1,Lebih enak 8 tahun yang lalu,2024-12-29T13:17:11.498Z,Akmal Ahmad faujan,105309414738899933674,False,0,id,2026-05-04T16:18:38.361729
ChdDSUhNMG9nS0VJQ0FnSUNmNnZPb3FnRRAB,ChIJKSRuyiI2by4RXOAzeo3AfQA,Kebun Teh Cipasung Lemahsugih,Majalengka,Wisata,1,"Akses jalan masih jelek, diatas sama sekali tidak ada orang dan warung cuma ada petugas karcis dibawah, agak mengecewakan sih",2024-12-28T04:01:20.065Z,joko Supriyono,106550888452163451727,False,0,id,2026-05-04T16:18:38.361739
ChZDSUhNMG9nS0VJQ0FnSUMzaElfRFpREAE,ChIJKSRuyiI2by4RXOAzeo3AfQA,Kebun Teh Cipasung Lemahsugih,Majalengka,Wisata,1,"Jalan jelek.tiket masuk di getok 25Ribu.fasilitas wc ga ada.. warung di atas udah pada ancur.ga ada yg dagang.
Jangan ke sana...",2024-11-02T21:00:23.006Z,Haji Nur,114184085587577013404,False,0,id,2026-05-04T16:18:38.361755
ChdDSUhNMG9nS0VJQ0FnSUMzd05iU2xBRRAB,ChIJKSRuyiI2by4RXOAzeo3AfQA,Kebun Teh Cipasung Lemahsugih,Majalengka,Wisata,5,Indah dan sejuk,2024-11-01T18:20:15.598Z,Muhammad Djibriel,101842529423458846507,True,0,ms,2026-05-04T16:18:38.361763
ChdDSUhNMG9nS0VJQ0FnSURudnNYaXdnRRAB,ChIJKSRuyiI2by4RXOAzeo3AfQA,Kebun Teh Cipasung Lemahsugih,Majalengka,Wisata,5,"Sumpah pake google map kesini kaga nyampe nyampe, mending tanya warga sekitarr",2024-10-06T09:44:36.321Z,Preman Pensiun,116196795971547565670,False,0,id,2026-05-04T16:18:38.361780
Ci9DQUlRQUNvZENodHljRjlvT2w5WE0wNW1ZMlJTU2pORlJtSnlhVzV5TVdvMFVGRRAB,ChIJNUUf-dQnby4RDa7N8RQSPhI,Jembar Waterpark Majalengka,Majalengka,Wisata,5,"Tempat liburan yang nyaman untuk keluarga, tempat luas dengan harga tiket masuk lumayan terjangkau.",2026-04-26T11:32:36.883Z,Zacky Ahmad,105694871098962938220,True,0,id,2026-05-04T16:18:38.361820
Ci9DQUlRQUNvZENodHljRjlvT25Ob2QxSmpSbEIzWlZjNWVtRlllR1F3VHpjMFMxRRAB,ChIJNUUf-dQnby4RDa7N8RQSPhI,Jembar Waterpark Majalengka,Majalengka,Wisata,5,Surya jatiwangi the best,2026-04-26T08:16:15.114Z,Delis Setianingrum,110308046266853638177,False,0,id,2026-05-04T16:18:38.361831
Ci9DQUlRQUNvZENodHljRjlvT21zNGRHTXhNbVp3TVRGTGJuZFNTa3QxWkZod1drRRAB,ChIJNUUf-dQnby4RDa7N8RQSPhI,Jembar Waterpark Majalengka,Majalengka,Wisata,5,"All ok, cuma tiket nya rada mahal",2026-04-12T04:00:00.671Z,Rani Jakapan,114816082541225307083,False,0,id,2026-05-04T16:18:38.361872
Ci9DQUlRQUNvZENodHljRjlvT25GR2N6Vk5WbXhHYldwWlNWVm1jMVp2Y1VOYWFHYxAB,ChIJNUUf-dQnby4RDa7N8RQSPhI,Jembar Waterpark Majalengka,Majalengka,Wisata,5,Tempat rekreasi buat kumpul keluarga nyaman adem tempatnya,2026-03-31T12:46:36.570Z,Abdul Kudus,114546177827578076988,False,0,id,2026-05-04T16:18:38.361887
Ci9DQUlRQUNvZENodHljRjlvT2xCRFdrMWtRbGxVV0ZsWFEzTk1Namt3WWpaMFduYxAB,ChIJNUUf-dQnby4RDa7N8RQSPhI,Jembar Waterpark Majalengka,Majalengka,Wisata,4,tempat nya seru dan banyak kolamnya tapi panas trus di kolam arus banyak orang yang naik ban bikin berbahaya orang lain,2026-03-31T01:37:22.599Z,Megaa Putri,102891150656671440581,False,0,id,2026-05-04T16:18:38.361896
Ci9DQUlRQUNvZENodHljRjlvT2tSclkyWkZWMGw2Y0ZSNFkwUmZMVzlKTVUxSWVHYxAB,ChIJNUUf-dQnby4RDa7N8RQSPhI,Jembar Waterpark Majalengka,Majalengka,Wisata,4,"Kolamnya cukup terawat, kamar mandi perlu diperhatikan lagi, kantin dan tempat jajanan juga perlu dirapikan lagi. Ada penjual2 yg nakal dengan memarkup harga terlalu tinggi dan gabisa hitung uang dengan benar, konsumen jadi rugi. Tolong perhatikan lagi.",2026-03-29T04:22:18.279Z,ana shaalihah,100202941973487404795,True,0,id,2026-05-04T16:18:38.361905
Ci9DQUlRQUNvZENodHljRjlvT21vNFNUSnFURWh0V1VKRFpDMDFXRWxGYm1NemQzYxAB,ChIJNUUf-dQnby4RDa7N8RQSPhI,Jembar Waterpark Majalengka,Majalengka,Wisata,5,"sangat seruu
istimewa",2026-03-25T15:53:11.937Z,Nok Mumu,105231601206551171155,False,0,id,2026-05-04T16:18:38.361913
Ci9DQUlRQUNvZENodHljRjlvT2tWUU9IbzJZbnBtVTA5M05FdGFXVXR5VDNCWVFrRRAB,ChIJNUUf-dQnby4RDa7N8RQSPhI,Jembar Waterpark Majalengka,Majalengka,Wisata,5,Suasana cukup bagus dan indah karna bukit nyaman,2026-03-25T00:17:47.510Z,Misno Misno,110888363992646367399,False,0,id,2026-05-04T16:18:38.361929
Ci9DQUlRQUNvZENodHljRjlvT205eWFUZzFXbmREVVhKTVJFRkpURWRHVDBoWFNWRRAB,ChIJNUUf-dQnby4RDa7N8RQSPhI,Jembar Waterpark Majalengka,Majalengka,Wisata,5,Tempatnya bagus wahana banyak dan beraneka ragam.,2026-03-23T03:37:57.395Z,Budi Suprapto,113771835212365191731,True,0,id,2026-05-04T16:18:38.361951
Ci9DQUlRQUNvZENodHljRjlvT2tKbVRqUlFjR3htTVRKcGF6bEdRbmxXVG1GV2NYYxAB,ChIJNUUf-dQnby4RDa7N8RQSPhI,Jembar Waterpark Majalengka,Majalengka,Wisata,5,"Banyak wahana2 baru
Parkiran luar, ada mushola.",2026-02-19T14:56:41.162Z,Yati FPC,117180948383033733787,True,0,id,2026-05-04T16:18:38.361987
Ci9DQUlRQUNvZENodHljRjlvT2pFMmQwcFJWMlZxVW5ScU0wWmtXV3hhUTBSaE1rRRAB,ChIJNUUf-dQnby4RDa7N8RQSPhI,Jembar Waterpark Majalengka,Majalengka,Wisata,5,30rb di hari weekend sawaregna!,2026-02-15T05:21:25.231Z,Setia Rakhmat Hidayat,109221193817484665771,True,0,su,2026-05-04T16:18:38.362009
Ci9DQUlRQUNvZENodHljRjlvT2tkQ05FTXpjMUkzUm05NFV6UllWbXRwVVZnelVXYxAB,ChIJNUUf-dQnby4RDa7N8RQSPhI,Jembar Waterpark Majalengka,Majalengka,Wisata,5,Tempat parkir luas,2026-02-08T04:24:35.442Z,Camed Wis,109794164373804050174,True,0,id,2026-05-04T16:18:38.362046
Ci9DQUlRQUNvZENodHljRjlvT25abVFrUk9kRE5JVDFSNVJGWmpjMGRpUkdObVRuYxAB,ChIJNUUf-dQnby4RDa7N8RQSPhI,Jembar Waterpark Majalengka,Majalengka,Wisata,5,"Bagus komplit sesuai tema
Water+park beneran ada",2026-02-03T12:57:14.997Z,Sega Enak,109888169086993479152,False,0,id,2026-05-04T16:18:38.362054
Ci9DQUlRQUNvZENodHljRjlvT2taeVNWZFBRMmw2TmtkUGMydGtXSHBCWVhaSU0wRRAB,ChIJNUUf-dQnby4RDa7N8RQSPhI,Jembar Waterpark Majalengka,Majalengka,Wisata,5,Tempat yang adem luas nyaman,2026-01-31T02:33:29.361Z,AHMAD IRFAI,113412155864186229187,True,0,id,2026-05-04T16:18:38.362069
Ci9DQUlRQUNvZENodHljRjlvT2w5cU5tMDFUMUJOV2tSM0xVOUJSR3QxWTFKZmIzYxAB,ChIJNUUf-dQnby4RDa7N8RQSPhI,Jembar Waterpark Majalengka,Majalengka,Wisata,1,Bli tempat hp buat renang di situ tipis cepet sobek jadi hp nya rusak mati!,2026-01-18T07:34:44.907Z,Cantigi Kulon,112734506496700475327,False,0,id,2026-05-04T16:18:38.362097
Ci9DQUlRQUNvZENodHljRjlvT25aNWVWQndjVmh6U25SbVFqWjFabUZVV0hOUGFVRRAB,ChIJNUUf-dQnby4RDa7N8RQSPhI,Jembar Waterpark Majalengka,Majalengka,Wisata,5,Pemasangan bagus cuma cuacanya panas,2026-01-11T23:15:10.286Z,Solihin putra sulung,113721124444851100448,True,0,id,2026-05-04T16:18:38.362130
Ci9DQUlRQUNvZENodHljRjlvT210WldUUjJXa0ZpY1d4V1VHbzRUalpVTm1VMGRuYxAB,ChIJ-U2lzogvby4R1Yd1NOf1-NY,Taman Wisata paralayang,Majalengka,Wisata,5,"Tempat yang baguus untuk melihat pemandangan kota Majalengka dari ketinggian. Semua terlihat jelas dari sini pemandangan dan bukit serta gunung.
Buat kamu yang ingin merasakan terbang paralayang bisa juga mencobanya di Taman Wisata Paralayang ini.",2026-04-01T06:51:00.315Z,Heni Hikmayani Fauzia,105486159457224413317,True,0,id,2026-05-04T16:18:38.362144
Ci9DQUlRQUNvZENodHljRjlvT2pWT1ltSlJOUzFWZW01cFVDMXdNbVJvUWxaM1JHYxAB,ChIJ-U2lzogvby4R1Yd1NOf1-NY,Taman Wisata paralayang,Majalengka,Wisata,1,"Cuma datang harus bayar Rp 10.000,- per orang, dikelola oleh Karang Taruna, Pantesan saja sepi..",2026-03-28T07:18:55.330Z,LuQman Hakim,113868091099403253662,False,0,id,2026-05-04T16:18:38.362156
Ci9DQUlRQUNvZENodHljRjlvT2sxTGNsaFRRMDVST1cwM1NIZE1kbmwzWW5KMFUwRRAB,ChIJ-U2lzogvby4R1Yd1NOf1-NY,Taman Wisata paralayang,Majalengka,Wisata,5,Selalu menyenangkan,2026-03-22T13:58:25.138Z,Entis Sutisna (Nurseri),101144923254742790758,False,0,id,2026-05-04T16:18:38.362165
Ci9DQUlRQUNvZENodHljRjlvT20xSFZGWTNha3hGTTB4NmJVeE9VbTlHT1dGeU1GRRAB,ChIJ-U2lzogvby4R1Yd1NOf1-NY,Taman Wisata paralayang,Majalengka,Wisata,5,Nice view in high hill,2026-01-02T06:38:51.774Z,Kamin Sumardi,108485641547056427652,True,0,en,2026-05-04T16:18:38.362196
Ci9DQUlRQUNvZENodHljRjlvT2tJeVpqbExOekpZUzB4Rk9XRldURXhtYW5aNlVsRRAB,ChIJ-U2lzogvby4R1Yd1NOf1-NY,Taman Wisata paralayang,Majalengka,Wisata,5,Senja bikin tambah betah,2025-12-30T18:02:12.040Z,Ade Indra Seftiar,104760660072058781698,True,0,id,2026-05-04T16:18:38.362206
Ci9DQUlRQUNvZENodHljRjlvT21KaGQyMU5UVzVOV0U4dFVWZDJUVTlZVlZGTlNFRRAB,ChIJ-U2lzogvby4R1Yd1NOf1-NY,Taman Wisata paralayang,Majalengka,Wisata,5,Susananya sejuk. Waaah bngt,2025-12-18T09:53:47.905Z,Elan Daratista,115530269255472452312,False,0,id,2026-05-04T16:18:38.362217
Ci9DQUlRQUNvZENodHljRjlvT21aT2JXRk1jM2R5UjFjdGFqUTRkMDlIVVROTWFVRRAB,ChIJ-U2lzogvby4R1Yd1NOf1-NY,Taman Wisata paralayang,Majalengka,Wisata,5,View kota majalengka yg asyik.,2025-06-29T11:44:51.020Z,Amink Arrasyid,101941017974209504403,True,0,id,2026-05-04T16:18:38.362241
ChZDSUhNMG9nS0VMeVF1LWY3aktEb1dREAE,ChIJ-U2lzogvby4R1Yd1NOf1-NY,Taman Wisata paralayang,Majalengka,Wisata,5,"tempatnya enak adem, apalagi malem beuhhh syahdu.
ga terlalu ramai juga cocok untuk orang² yang mau cari ketenangan",2025-05-27T09:10:17.682Z,ABb OI``Yzzy,100292166899119829785,False,0,id,2026-05-04T16:18:38.362258
ChdDSUhNMG9nS0VKRzc0ZUhKeEs3dHhRRRAB,ChIJ-U2lzogvby4R1Yd1NOf1-NY,Taman Wisata paralayang,Majalengka,Wisata,5,"Video di ambil pas hari libur banyak yang terbang cuaca juga lagi bagus jadi aman sampai pendaratannya , masih asri karna masih banyak pohon dan sawah",2025-05-09T11:39:27.070Z,Chukar 0318,107846466963592639597,True,0,id,2026-05-04T16:18:38.362275
ChdDSUhNMG9nS0VJQ0FnSUNmeDZLZnZRRRAB,ChIJ-U2lzogvby4R1Yd1NOf1-NY,Taman Wisata paralayang,Majalengka,Wisata,5,tempat yang baguuus,2025-01-02T05:15:09.178Z,Andrie Namina,112718344373435833876,True,0,id,2026-05-04T16:18:38.362290
ChdDSUhNMG9nS0VJQ0FnSUN2NTdXM3hRRRAB,ChIJ-U2lzogvby4R1Yd1NOf1-NY,Taman Wisata paralayang,Majalengka,Wisata,4,"Ga terlalu jauh dr pusat kota nya ya
Tiket parkir 10rb
Masuk ke dalem, di paralayang nya per orang 10rb. Ada resort nya juga tapi sepertinya agak sepi.",2024-12-15T12:27:16.880Z,Natalia Anggrarini,107430238456949298416,True,1,id,2026-05-04T16:18:38.362298
Ci9DQUlRQUNvZENodHljRjlvT2kwMWJpMXVlRkJqZDA5aVNFMWZiR2xvVTNSTE9HYxAB,ChIJNUUf-dQnby4RDa7N8RQSPhI,Jembar Waterpark Majalengka,Majalengka,Wisata,5,"Alhmdulillah semester di pondok pesantren sudah selesai dan anak anak santri sudah mulai aktif lagi belajar sekolahnya, tetap sehat semangat terus ya nak",2026-01-10T13:36:59.112Z,Iskandar Khumaeni,111949926504522953790,True,0,id,2026-05-04T16:18:38.362313
Ci9DQUlRQUNvZENodHljRjlvT2s1VldqTkVTVEpxYmtvd2FYcFdSVmhSV2tSd1dXYxAB,ChIJNUUf-dQnby4RDa7N8RQSPhI,Jembar Waterpark Majalengka,Majalengka,Wisata,1,"Supir di hitung, anak 1 tahun(ga berenang) di hitung juga harus beli Tiket. Pedahal rombongan 15 orang, Parah banget petugas loket . Para pegawai tidak cekatan untuk membersihkan kolam, area kolam, kamar bilas, dan tidak ada pengawas di kolam! Pedahal pengunjung lagi banyak. KAPOK udah jauh2 Pedahal jalan ke pelosok😩",2026-01-08T16:35:29.786Z,Fazri Irvani,100686764298477018105,True,0,id,2026-05-04T16:18:38.362321
Ci9DQUlRQUNvZENodHljRjlvT2xsWlFrY3RabXhEYjNKSllXZEhNakZuVFZNeWNYYxAB,ChIJNUUf-dQnby4RDa7N8RQSPhI,Jembar Waterpark Majalengka,Majalengka,Wisata,5,seru banget dan tempatnya juga sangat luas perosotan nya bikin nagih jadi naik perosotan nya sampe berkali kali,2026-01-08T02:10:57.930Z,Imad Cilengsar,108655159796678230266,False,0,id,2026-05-04T16:18:38.362353
Ci9DQUlRQUNvZENodHljRjlvT2xGT2NVcFhSWHBHUlVaVWQydElSa2xYZDE4d2VrRRAB,ChIJNUUf-dQnby4RDa7N8RQSPhI,Jembar Waterpark Majalengka,Majalengka,Wisata,4,"Bagus, tiketnya sedikit mahal sih, tapibalance dengan keindahan dan kenyamanannya",2026-01-06T13:43:47.569Z,Masruhin Sarwaniy,115098626204973326958,True,0,id,2026-05-04T16:18:38.362372
Ci9DQUlRQUNvZENodHljRjlvT25ZeVoyUmlZWGR6YmpSU1gwOHhkeTFHVUhSbldWRRAB,ChIJNUUf-dQnby4RDa7N8RQSPhI,Jembar Waterpark Majalengka,Majalengka,Wisata,3,"Saran saja ini mh siapa tau di realisasikan !
Untuk tmpat dan kenyamanan sih sangat nyaman dan menyenangkan untuk HTM segitu mh. CUMAN UNTUK KAMAR BILAS kalo bisa di tambah karna untuk antre nya bisa berjam jam kalo pengunjung penuh dan hampir overload",2026-01-04T05:52:00.509Z,Boki Fals,115050680951801317352,False,0,id,2026-05-04T16:18:38.362403
ChdDSUhNMG9nS0VJQ0FnSUNYei0tSnp3RRAB,ChIJ-U2lzogvby4R1Yd1NOf1-NY,Taman Wisata paralayang,Majalengka,Wisata,5,Pemandangan alam yang sangat sejuk dan nyaman indah di pandang pas buat refreshing keluarga tempatnya di atas bukit,2024-10-22T03:01:31.082Z,Akhmad Ghozali Alwan,115564612052611361652,True,0,ms,2026-05-04T16:18:38.362426
ChdDSUhNMG9nS0VJQ0FnSUNiMHFlRjdRRRAB,ChIJ-U2lzogvby4R1Yd1NOf1-NY,Taman Wisata paralayang,Majalengka,Wisata,5,Viewnya bagus...bisa lihat sunset,2024-07-25T10:57:40.081Z,asep hena maulana,100584766693697346568,True,0,id,2026-05-04T16:18:38.362443
ChZDSUhNMG9nS0VJQ0FnSURMdTl5cEdnEAE,ChIJ-U2lzogvby4R1Yd1NOf1-NY,Taman Wisata paralayang,Majalengka,Wisata,1,Punten a kanggo kesehatan makanan na hoyong di jaga deui abi nyobi tuang nasi ayam tapi si ayam na rada2 tos bau punten a🙏,2024-07-01T09:32:49.686Z,Rinda Putri,100865066445668883450,False,0,su,2026-05-04T16:18:38.362451
ChdDSUhNMG9nS0VJQ0FnSURqLThqMHR3RRAB,ChIJ-U2lzogvby4R1Yd1NOf1-NY,Taman Wisata paralayang,Majalengka,Wisata,4,"Tempat cocok, tiket murah dan fasilitas lengkap",2024-05-08T02:02:55.190Z,Asep Sutisna,100460932527463591382,True,0,id,2026-05-04T16:18:38.362460
ChZDSUhNMG9nS0VJQ0FnSUNqbjlPamNREAE,ChIJ-U2lzogvby4R1Yd1NOf1-NY,Taman Wisata paralayang,Majalengka,Wisata,4,"Bagus tempat nya strategis datang kesini untuk melihat pemandangan majalengka dari ketinggian, sayang belum dapat dikelola dengan maksimal",2024-04-27T14:02:11.265Z,Fakhri Abdillah,101846330258014709674,True,0,id,2026-05-04T16:18:38.362476
ChdDSUhNMG9nS0VJQ0FnSUNqcGZ6Qm9RRRAB,ChIJ-U2lzogvby4R1Yd1NOf1-NY,Taman Wisata paralayang,Majalengka,Wisata,5,"Pas ksini cuaca mendung, jd gak banyak eksplor, nunggu reda ampir sejam lebih duh, sayang banged,
Tiketnya turun gaesss, mungkin banyak yang protes😁,
Semotor berdua hanya bayar 25k aja
HTM 10k/org
Parkir 5k

trus klo skrg bayarnya cuman sekali aja, pas di puncak, td diloket pertama, yang paling bawah kita suruh naik langsung ke atas tanpa diminta tiket lagi
Jajanannya juga ramah dikantong, jajan mie ayam plus baso gede cmn 15k aja semangkok😋, rasa mah standar aja,

Klo menurut aqu sih, paralayang yang ini kurang tinggi, jd klo misalkan pengen terjun paralayang, asa bentar😁, kecuali bisa lama klo diombang ambing dlu oleh angin",2024-04-24T03:25:10.530Z,03Ngaingdays03,116848572950883712976,True,1,id,2026-05-04T16:18:38.362485
ChZDSUhNMG9nS0VJQ0FnSUM5NElhX2VREAE,ChIJ-U2lzogvby4R1Yd1NOf1-NY,Taman Wisata paralayang,Majalengka,Wisata,5,Pemandangannya bagus,2024-02-29T08:46:41.936Z,Kurniawan,109649386497460992797,True,0,id,2026-05-04T16:18:38.362494
ChdDSUhNMG9nS0VJQ0FnSUNOM0tHSXVnRRAB,ChIJ-U2lzogvby4R1Yd1NOf1-NY,Taman Wisata paralayang,Majalengka,Wisata,5,Ngopi malam lebih asyik,2024-01-12T20:57:16.586Z,Cecep ridho,115428798220270559857,True,0,id,2026-05-04T16:18:38.362503
ChZDSUhNMG9nS0VJQ0FnSUNWaU9EaVdBEAE,ChIJ-U2lzogvby4R1Yd1NOf1-NY,Taman Wisata paralayang,Majalengka,Wisata,5,"Tempat olahraga yang ada Paralayang, terletak di Gunung Panten Majalengka",2023-12-05T03:57:25.173Z,Walking,114763210399787244617,True,1,id,2026-05-04T16:18:38.362514
ChdDSUhNMG9nS0VJQ0FnSURKbG9MXzBnRRAB,ChIJ-U2lzogvby4R1Yd1NOf1-NY,Taman Wisata paralayang,Majalengka,Wisata,4,sesuai ekpetasi pemandangan atas bukit,2023-07-16T10:35:15.592Z,orang gila,100208484291868391613,True,0,id,2026-05-04T16:18:38.362529
ChZDSUhNMG9nS0VJQ0FnSUNKdGZTTU9BEAE,ChIJ-U2lzogvby4R1Yd1NOf1-NY,Taman Wisata paralayang,Majalengka,Wisata,5,angin nya wow mencerminkan banget kota angin,2023-07-02T00:34:10.368Z,sya rif,115093241968550683921,False,1,id,2026-05-04T16:18:38.362537
ChdDSUhNMG9nS0VJQ0FnSURoaE5yOGhBRRAB,ChIJ-U2lzogvby4R1Yd1NOf1-NY,Taman Wisata paralayang,Majalengka,Wisata,5,Tempatnya keren,2023-03-01T11:55:04.792Z,nina agustiana (Nina),101285040967361379079,True,0,id,2026-05-04T16:18:38.362552
ChdDSUhNMG9nS0VJQ0FnSUNlaDd6eTFRRRAB,ChIJ-U2lzogvby4R1Yd1NOf1-NY,Taman Wisata paralayang,Majalengka,Wisata,5,Bintang lima pokoknya,2022-09-25T09:57:02.817Z,ADE AHMAD EFENDI,100259917693359339591,True,0,id,2026-05-04T16:18:38.362602
ChdDSUhNMG9nS0VJQ0FnSUN1OVBuM21nRRAB,ChIJ-U2lzogvby4R1Yd1NOf1-NY,Taman Wisata paralayang,Majalengka,Wisata,5,Nikmati pengalaman melihat sunset dan sunrise di satu tempat...cobalah buktikan..,2022-07-22T09:52:35.836Z,ASEP SUGIARTO,100181148370194838236,True,0,id,2026-05-04T16:18:38.362632
ChdDSUhNMG9nS0VJQ0FnSUNPODVIbTd3RRAB,ChIJ-U2lzogvby4R1Yd1NOf1-NY,Taman Wisata paralayang,Majalengka,Wisata,4,Pemandangan Indah,2022-06-19T13:11:01.870Z,Ughi SNSP 2,117662550473892383124,True,0,id,2026-05-04T16:18:38.362646
ChdDSUhNMG9nS0VJQ0FnSUNPMFBlazlBRRAB,ChIJ-U2lzogvby4R1Yd1NOf1-NY,Taman Wisata paralayang,Majalengka,Wisata,5,"Tempat wisata nya oke apalagi malem nya bagus, untuk siang nya juga enak bisa liat yang lagi terbang, namun untuk perihal ticket mohon diperbaiki untuk bayar nya sekali aja ya biar nyaman juga.",2022-05-30T12:36:06.010Z,Taufiqqurrochman,112257678163335627584,True,1,id,2026-05-04T16:18:38.362661
Ci9DQUlRQUNvZENodHljRjlvT2xWSFdsWlNOMWgyVTE4d01raFJkRTFpUjAxVlowRRAB,ChIJYWOnX5o7by4RiyU2UQF8seE,Istana Stable Equestrian Park,Majalengka,Wisata,4,SERU SIH TAPI AGAK SEBEL,2026-04-20T22:31:17.338Z,NIESJKALLA NAYLA,111775315257879083675,False,0,id,2026-05-04T16:18:38.362686
Ci9DQUlRQUNvZENodHljRjlvT21wd1NFMUJVMDV3WmxSTlVHbEllVlUzVm5adGEyYxAB,ChIJYWOnX5o7by4RiyU2UQF8seE,Istana Stable Equestrian Park,Majalengka,Wisata,3,"ga worth it terlalu over price, hewannya sedikit, jajanannya mahal2🙏",2026-04-15T21:04:13.376Z,Siti Aisah,116837841144888897881,False,0,id,2026-05-04T16:18:38.362720
Ci9DQUlRQUNvZENodHljRjlvT2tWTE1VOXljVzgyVm01TFptTnNYMnBZTjJoaVUzYxAB,ChIJYWOnX5o7by4RiyU2UQF8seE,Istana Stable Equestrian Park,Majalengka,Wisata,5,Makan di depannya ayam goreng kampung,2026-04-14T06:00:50.245Z,Lulu Pelangi,103014306635326620218,True,0,id,2026-05-04T16:18:38.362729
Ci9DQUlRQUNvZENodHljRjlvT2pSdWIzWXRSRjlsTms1dWRqUm1jalJpYjFobVgxRRAB,ChIJYWOnX5o7by4RiyU2UQF8seE,Istana Stable Equestrian Park,Majalengka,Wisata,5,Sangat cocok untuk membawa keluarga dan anak-anak,2026-04-13T06:49:23.841Z,Totong Sudiono,100352907629881396064,True,0,id,2026-05-04T16:18:38.362739
Ci9DQUlRQUNvZENodHljRjlvT2t0Qk16ZEpiMUZvWm0wdGFrRlVMVGd5VmpKWVZuYxAB,ChIJYWOnX5o7by4RiyU2UQF8seE,Istana Stable Equestrian Park,Majalengka,Wisata,5,Bagus tempat nya ada mini zoo buat anak-anak,2026-04-11T08:01:39.261Z,Denden Muhamad Alvian,103201074539192275371,True,0,id,2026-05-04T16:18:38.362756
Ci9DQUlRQUNvZENodHljRjlvT21KRU5GRjRZakZPYWtkV1kwMUlWSE0zYzJGTlkyYxAB,ChIJYWOnX5o7by4RiyU2UQF8seE,Istana Stable Equestrian Park,Majalengka,Wisata,5,"ma syaa Allah, alhamdulillah
pelayanannya mantep, masakan enak, kopinya jg mantul.

ada belajar naik kuda dan mini zoo, tmptnya cakep syahdu

pemiliknya teh elpa dan kang riki ramah, berkah selalu.

jazakumullah khairan",2026-04-01T02:17:11.067Z,Sulistiyo Wibowo,112428172584374343903,True,0,id,2026-05-04T16:18:38.362779
Ci9DQUlRQUNvZENodHljRjlvT205elRWZ3dSekJzYTFCUFpUUnFiRVozVTFkUVlVRRAB,ChIJYWOnX5o7by4RiyU2UQF8seE,Istana Stable Equestrian Park,Majalengka,Wisata,5,Makan nya enak banget pas sama harga nya memuaskan mantap👍👍👍👍👍👍,2026-03-26T09:29:02.720Z,Harun,111384327896607746471,False,0,id,2026-05-04T16:18:38.362797
Ci9DQUlRQUNvZENodHljRjlvT21scVpsOXBaMGxOTmpCVlkxSmFjRGw1YkZabU9IYxAB,ChIJYWOnX5o7by4RiyU2UQF8seE,Istana Stable Equestrian Park,Majalengka,Wisata,5,"Adem dan asri suasana nya,, makanannya ok",2026-03-24T13:53:26.481Z,Dedy Junaedi,105041237307718871647,True,0,id,2026-05-04T16:18:38.362813
Ci9DQUlRQUNvZENodHljRjlvT2t4dVlYTjVNelkyWkVOblNrTTNXak5oT0ZBdGRuYxAB,ChIJYWOnX5o7by4RiyU2UQF8seE,Istana Stable Equestrian Park,Majalengka,Wisata,5,"Untuk anak kecil ..lumayan bagus..
Ada berkuda mengenal hewan juga",2026-03-24T02:50:01.361Z,Billy Sudirgo,117886634639207791194,True,0,id,2026-05-04T16:18:38.362822
Ci9DQUlRQUNvZENodHljRjlvT2trNE1WWnJRbkEyZFZKUmJGOXZRWHB0WVU0NGNHYxAB,ChIJYWOnX5o7by4RiyU2UQF8seE,Istana Stable Equestrian Park,Majalengka,Wisata,5,"Tempat wisata di Majalengka yang sangat recommended buat keluarga, cafe nya sangat estetik Dan harga nya pun masih terjangkau.. untuk mini zoo nya lumayan luas hewan nya banyak penjaga nya pun disana ramah2",2026-03-22T09:38:40.490Z,anakeysa amaira,107324971564864050395,False,0,id,2026-05-04T16:18:38.362830
Ci9DQUlRQUNvZENodHljRjlvT25reE5USjFaazlGVmtwbVdUWnFNa0pxVDFFM1oyYxAB,ChIJYWOnX5o7by4RiyU2UQF8seE,Istana Stable Equestrian Park,Majalengka,Wisata,4,"tiketnya terjangkau bisa langsung aja ke loker tiket, cafenya cukup estetik, bisa interaksi langsung sama hewan but penjaga hewan di sini kurang profesional sama perempuan jujur saya kurang nyaman tapi over all hewannya cukup banyak dan tempatnya luas",2026-02-25T05:42:29.270Z,hilda_kmgyu,116771084755849285691,True,0,id,2026-05-04T16:18:38.362839
Ci9DQUlRQUNvZENodHljRjlvT2t4T00yTnBUa0ZTZUVaa2NYZDJhR1ZxZEVGb2MzYxAB,ChIJcZx0lobXbi4RXbWS_I2xT6I,Obyek Wisata Bendungan Rentang Jatitujuh,Majalengka,Wisata,5,"Jd tempat nongkrong, JJS pagi/sore, banyak yang jualan juga, mirisnya disitu tukang jualan, disitu juga mulainya sampah bermunculan,
Kebersihan itu dijaga oleh semuanya...
Lingkungan bersih, mengundang banyak pelancong untuk datang dan tentunya menghasilkan banyak cuan....
Yuk bisa yuk... Slalu jaga kebersihan..",2026-04-25T23:23:45.684Z,Lhuna Rider Pride,112152222095452150658,True,0,id,2026-05-04T16:18:38.362850
Ci9DQUlRQUNvZENodHljRjlvT2pkbldFMUJiMjVZUWkxYUxYUjVNVkZuVUdwRFZXYxAB,ChIJcZx0lobXbi4RXbWS_I2xT6I,Obyek Wisata Bendungan Rentang Jatitujuh,Majalengka,Wisata,5,Apapun masalahnya rentang solusinya,2026-04-09T08:49:33.600Z,Anang Efendi,114511967207321151595,True,0,id,2026-05-04T16:18:38.362876
Ci9DQUlRQUNvZENodHljRjlvT2t4MlRHNWhNWGRCTjJOck56TkxNRVJ0TWxSUWJXYxAB,ChIJcZx0lobXbi4RXbWS_I2xT6I,Obyek Wisata Bendungan Rentang Jatitujuh,Majalengka,Wisata,1,"Sudah ditutup kata security nya, saya kesini katanya sudah tidak boleh masuk lagi. Semoga info ini bisa membantu teman² yg mau datang kesini",2026-03-23T00:02:54.727Z,Dikri Gifari,101597450175006181092,False,0,id,2026-05-04T16:18:38.362897
Ci9DQUlRQUNvZENodHljRjlvT2pRNE5HVmpZa1ZFVlZsbmNVOVJOVVJaVEY5TGVsRRAB,ChIJcZx0lobXbi4RXbWS_I2xT6I,Obyek Wisata Bendungan Rentang Jatitujuh,Majalengka,Wisata,2,Tujuan lari pagi hari minggu,2026-02-10T20:20:07.157Z,Nana Apaapa,114070654592663288644,False,0,id,2026-05-04T16:18:38.362944
Ci9DQUlRQUNvZENodHljRjlvT2sxdFdXWjRlVkIwU0RkdFpIaERaSFk1T1ZwU2FFRRAB,ChIJcZx0lobXbi4RXbWS_I2xT6I,Obyek Wisata Bendungan Rentang Jatitujuh,Majalengka,Wisata,5,"Bendungan Rentang Jatitujuh merupakan salah satu bendungan penting yang berlokasi di wilayah perbatasan Kabupaten Majalengka dan Indramayu. Bendungan ini memiliki peran strategis dalam mendukung sistem irigasi pertanian, khususnya untuk mengairi lahan persawahan di sekitarnya. Selain fungsi utamanya sebagai pengendali air, kawasan bendungan juga menawarkan pemandangan yang cukup menarik dengan hamparan air yang luas dan lingkungan yang masih alami. Suasana di sekitar bendungan terasa tenang dan cocok untuk dikunjungi sebagai tempat singgah atau wisata ringan. Bendungan Rentang Jatitujuh menjadi contoh infrastruktur yang tidak hanya bermanfaat bagi masyarakat, tetapi juga memiliki nilai estetika dan edukatif.",2026-02-04T00:55:35.292Z,Zidan Fernanda,117264586180339788288,True,0,id,2026-05-04T16:18:38.362953
Ci9DQUlRQUNvZENodHljRjlvT2xVeVdVWnJjR293VG1sa2FuWk1UeTE1YjNGV09HYxAB,ChIJcZx0lobXbi4RXbWS_I2xT6I,Obyek Wisata Bendungan Rentang Jatitujuh,Majalengka,Wisata,1,buka timana eta nu jalan rk ka sea games di tutup bae teu ngarti urang mh,2026-02-02T16:12:16.205Z,Litch Lin,101458651694901947995,False,0,su,2026-05-04T16:18:38.362962
Ci9DQUlRQUNvZENodHljRjlvT21ONE1GZHdiQzE0YlU4dFMxZFdRWGhsYkRGdmRWRRAB,ChIJcZx0lobXbi4RXbWS_I2xT6I,Obyek Wisata Bendungan Rentang Jatitujuh,Majalengka,Wisata,5,enak buat nyantai sambil ngelamun,2026-01-09T03:12:42.404Z,Cahaya Triaprilliana,113744289370653543348,False,0,id,2026-05-04T16:18:38.362998
Ci9DQUlRQUNvZENodHljRjlvT2kxS1FuRlVVeTFWU0ZGNFZWRTBUMWRHTmxWRWVGRRAB,ChIJYWOnX5o7by4RiyU2UQF8seE,Istana Stable Equestrian Park,Majalengka,Wisata,5,"Adem....... Sejuk........
Makanannya enakk..........
Terjangkau harganya .......
Staffnya ramah ramah.............",2026-02-16T11:56:21.323Z,raden sepat,108315912036384931822,True,0,id,2026-05-04T16:18:38.363016
Ci9DQUlRQUNvZENodHljRjlvT21GMlpGazRlV3RFYTJ4V01rTTBaREZxTlZKVGFWRRAB,ChIJYWOnX5o7by4RiyU2UQF8seE,Istana Stable Equestrian Park,Majalengka,Wisata,5,"Tempatnya nyaman banget, suasananya tenang dan adem. Bangunannya estetik dan enak dipandang. Area dalamnya juga rapi dan bersih, cocok buat duduk santai atau sekadar ngopi sambil ngobrol. Banyak spot yang bagus buat foto-foto karena tiap sudutnya keliatan unik. Cocok banget buat healing tipis-tipis atau main bareng teman dan keluarga. Overall betah dan pengen balik lagi.",2026-01-21T04:51:33.989Z,Arini Fauziah,114351614449204659130,False,0,id,2026-05-04T16:18:38.363025
Ci9DQUlRQUNvZENodHljRjlvT25GVGRHVkNaRkIwUlRJMlJqSTFUVTB3VTBwUk0zYxAB,ChIJYWOnX5o7by4RiyU2UQF8seE,Istana Stable Equestrian Park,Majalengka,Wisata,5,"Tempatnya bersih,adem rekomed banget pokonya ga ada duanya d majalengka",2026-01-21T04:21:31.492Z,HildEnn Putra,113525759714807720502,False,0,id,2026-05-04T16:18:38.363063
Ci9DQUlRQUNvZENodHljRjlvT2pSQmJsSkNUV1IyV1ZCRkxYbERWVGhWZW1GdGFrRRAB,ChIJYWOnX5o7by4RiyU2UQF8seE,Istana Stable Equestrian Park,Majalengka,Wisata,5,Rekomed banget buat acara keluarga,2026-01-20T09:03:56.546Z,Fuji Nurhakim,116551447394571843093,False,0,id,2026-05-04T16:18:38.363074
Ci9DQUlRQUNvZENodHljRjlvT25Ka1oza3lYMVpuTFY5cFUzbExjbFJmTUd0SmMyYxAB,ChIJYWOnX5o7by4RiyU2UQF8seE,Istana Stable Equestrian Park,Majalengka,Wisata,3,"tempatnya bagus, cocok liburan bersama keluarga teman dan pacar. pelayanannya juga ramah",2026-01-20T08:34:31.916Z,gita 11,106488832778255438267,False,0,id,2026-05-04T16:18:38.363095
Ci9DQUlRQUNvZENodHljRjlvT2taRE1VcEpMVmRzYVdWRVdGVjJVSFppVUhWUFYzYxAB,ChIJYWOnX5o7by4RiyU2UQF8seE,Istana Stable Equestrian Park,Majalengka,Wisata,5,"Teman nya nyaman dan indah
Recom buat wisata keluarga",2026-01-20T04:06:02.483Z,Septa,110808654355478796658,False,0,id,2026-05-04T16:18:38.363106
Ci9DQUlRQUNvZENodHljRjlvT201MFdtcHZPRGN6TW1VelRWcHhjV0V6ZUZnNVZXYxAB,ChIJYWOnX5o7by4RiyU2UQF8seE,Istana Stable Equestrian Park,Majalengka,Wisata,5,Mini zoo sangat rekomend banget cocok banget buat ajakin anak jalan jalan kesini,2026-01-19T17:38:44.346Z,Dealdi Yusup,109313520247554469829,False,0,id,2026-05-04T16:18:38.363115
Ci9DQUlRQUNvZENodHljRjlvT25JMlpqWlJkRWxPYVZCNFpVTk5OemswWVU1V2JIYxAB,ChIJYWOnX5o7by4RiyU2UQF8seE,Istana Stable Equestrian Park,Majalengka,Wisata,5,Tempat yang nyaman untuk berlibur dan zoo yang sangat rekomendasi banget,2026-01-19T17:14:49.931Z,Jaka sodikin,117249940976118576096,False,0,id,2026-05-04T16:18:38.363126
Ci9DQUlRQUNvZENodHljRjlvT21wSVJtZFhaazVCVkVsaGRXNDNNalZoTUVKMk5GRRAB,ChIJYWOnX5o7by4RiyU2UQF8seE,Istana Stable Equestrian Park,Majalengka,Wisata,5,"Seru buat ajak anak bermain,mengenal banyak hewan lucu lucuu.. anak anak happy kalo diajak main ke sini ...",2026-01-19T05:49:49.160Z,Erni Rosmayanti,116087085036307638082,False,1,id,2026-05-04T16:18:38.363135
Ci9DQUlRQUNvZENodHljRjlvT25aU1ZWTlJRMDB0TFVKdlFYRkxhbUZ4Um5ack5HYxAB,ChIJYWOnX5o7by4RiyU2UQF8seE,Istana Stable Equestrian Park,Majalengka,Wisata,5,seru banget asik tempatnya🤩,2026-01-19T05:27:47.445Z,LAFF Exlusiff,104157427945011607006,False,0,id,2026-05-04T16:18:38.363144
Ci9DQUlRQUNvZENodHljRjlvT2xkR1VsZDJWRWRwY1RaMFprUkpWa2hKZFdwUVEwRRAB,ChIJYWOnX5o7by4RiyU2UQF8seE,Istana Stable Equestrian Park,Majalengka,Wisata,5,Bagus tempat nya mantap jiwa,2026-01-19T05:21:29.036Z,Dina Siti Fatimah,101766683314666865402,False,0,id,2026-05-04T16:18:38.363157
Ci9DQUlRQUNvZENodHljRjlvT21aSk9FdG5TMkZQVlRZeWNIVk1hbXQ1ZDBSTWNWRRAB,ChIJYWOnX5o7by4RiyU2UQF8seE,Istana Stable Equestrian Park,Majalengka,Wisata,4,"Pertama kali kesini tempat bersih sejuk. Crew pas masuk di tiket ramah. Tapi namanya juga mini zoo binatangnya sedikit, cuma harga tiket saya kira kemahalan untuk sekedar keliling lihat binatang. di tempat reptil kurang bersih kacanya Gk pernah di bersihin kyknya.

Tapi bagi yg suka berkuda oke lah walaupun harga kemahalan.",2026-01-17T11:26:37.238Z,Viap Mfa,113389933279260317547,False,0,id,2026-05-04T16:18:38.363166
Ci9DQUlRQUNvZENodHljRjlvT2xoVE9UbFJWMVF6YVdSNU1GSkhOWEI0TXpKYWVtYxAB,ChIJYWOnX5o7by4RiyU2UQF8seE,Istana Stable Equestrian Park,Majalengka,Wisata,5,Cocok sekali buat liburan akhir pekan.dengan tiket masuk yg sangat terjangkau.rekomendasi bngt buat liburan keluarga besar,2026-01-16T02:34:40.994Z,Jejen Zaenal,113173553401550516616,False,0,id,2026-05-04T16:18:38.363186
Ci9DQUlRQUNvZENodHljRjlvT2pCRGNuRndkRTVXVTB0MVMxZFBVRkZ3ZVhkNVlYYxAB,ChIJYWOnX5o7by4RiyU2UQF8seE,Istana Stable Equestrian Park,Majalengka,Wisata,5,SANGAT MENARIK DAN SANGAT SAYA REKOMENDASI KAN UNTUK TEMAN TEMAN YANG TERTARIK UNTUNG BERKUNJUNG KE WISATA ISTANA STABLE,2026-01-15T09:19:09.351Z,Rizky Ahmad fauzan,114487113208033080129,False,0,id,2026-05-04T16:18:38.363195
Ci9DQUlRQUNvZENodHljRjlvT25WRGEyTlNSSEJVWVVneE56bHZVREZaVTFwbFgwRRAB,ChIJYWOnX5o7by4RiyU2UQF8seE,Istana Stable Equestrian Park,Majalengka,Wisata,5,Gak nyesel deh datang kesinii...recomended buat family pokoknya.,2026-01-15T08:24:47.169Z,Edo Ardianto,108597091317210391747,False,0,id,2026-05-04T16:18:38.363205
Ci9DQUlRQUNvZENodHljRjlvT2xkblRuWnBUa1JJVFZFMFlUVjNORGs0YWtOSGJtYxAB,ChIJYWOnX5o7by4RiyU2UQF8seE,Istana Stable Equestrian Park,Majalengka,Wisata,5,"Tempatnya nyaman ,sejuk ,dingin.
Kopi gula arennya mantapp..",2026-01-15T08:07:18.085Z,Pyaaa Yan20,104218245621068338992,False,0,id,2026-05-04T16:18:38.363214
Ci9DQUlRQUNvZENodHljRjlvT2swNE5uQkhkSEYzYjB4TFVYaEpaekZ5YVVRd2RtYxAB,ChIJYWOnX5o7by4RiyU2UQF8seE,Istana Stable Equestrian Park,Majalengka,Wisata,5,"tempatnya bagus untuk jalan² bersama anak² ..
untuk harga wort it, tempat cafe nya nyaman coffe nya enak 👍",2026-01-15T08:06:16.950Z,Sinicuci Gunung batu,107448135093827914756,False,0,id,2026-05-04T16:18:38.363223
Ci9DQUlRQUNvZENodHljRjlvT200NVltTXlSVEZqUVc1NVVrdHpXRUppYm5Cek1VRRAB,ChIJYWOnX5o7by4RiyU2UQF8seE,Istana Stable Equestrian Park,Majalengka,Wisata,5,"petualangan safari mini yg seru ..
sangat di rekomendasikan untuk liburan keluarga akhir pekan ☺️",2026-01-15T06:52:57.621Z,Echii. Dolle1993,109025691569784004305,False,0,id,2026-05-04T16:18:38.363232
Ci9DQUlRQUNvZENodHljRjlvT2pFdGFVcHROMmhNV1RaSFJEVkdMVkU1WHpsSlZIYxAB,ChIJYWOnX5o7by4RiyU2UQF8seE,Istana Stable Equestrian Park,Majalengka,Wisata,5,tempatnya rekomend banget cocok buat ngajak liburan keluarga sama temen,2026-01-15T04:42:41.457Z,Ariani Zhraaa,114820555086863613851,False,0,id,2026-05-04T16:18:38.363327
Ci9DQUlRQUNvZENodHljRjlvT21vMWRIaEhYM0paVkV3MVRtcEpaV3RqVUhORE5IYxAB,ChIJcZx0lobXbi4RXbWS_I2xT6I,Obyek Wisata Bendungan Rentang Jatitujuh,Majalengka,Wisata,5,Rumahku surgaku,2026-01-04T14:42:24.082Z,Rian Iskandar,107663466720619708604,True,0,id,2026-05-04T16:18:38.363409
Ci9DQUlRQUNvZENodHljRjlvT25GTFMzQnBiWGhmUWpoMGNWUXlWVWxMZUZwNGEzYxAB,ChIJcZx0lobXbi4RXbWS_I2xT6I,Obyek Wisata Bendungan Rentang Jatitujuh,Majalengka,Wisata,5,Untuk akhir pekan bersama keluarga enak,2025-11-14T12:15:23.800Z,Cule thearticality,109844725170095077867,False,0,id,2026-05-04T16:18:38.363452
Ci9DQUlRQUNvZENodHljRjlvT2pWTk5rTmZVemxvVlRsclRIcFNkVGxMZGpoTmRWRRAB,ChIJcZx0lobXbi4RXbWS_I2xT6I,Obyek Wisata Bendungan Rentang Jatitujuh,Majalengka,Wisata,5,Pemandangannya indah...,2025-10-22T08:20:29.867Z,Erix Kornel,112914188266890938719,False,0,id,2026-05-04T16:18:38.363485
Ci9DQUlRQUNvZENodHljRjlvT2poTmRGcE5YMVoxT1dSdVZqVXdObkV5UmxGbU5tYxAB,ChIJcZx0lobXbi4RXbWS_I2xT6I,Obyek Wisata Bendungan Rentang Jatitujuh,Majalengka,Wisata,5,Suasannya sangat menyenangkan dan indah,2025-08-08T09:34:26.628Z,Tria Utami,108392461960958380631,True,0,id,2026-05-04T16:18:38.363588
Ci9DQUlRQUNvZENodHljRjlvT2taU0xVRjNOMkUzU0c5UGVsTjNZMng1VVZwdVYwRRAB,ChIJcZx0lobXbi4RXbWS_I2xT6I,Obyek Wisata Bendungan Rentang Jatitujuh,Majalengka,Wisata,5,cocok untuk kumpul represing bersama temen ataupun keluarga,2025-07-16T16:14:18.256Z,JONATHAN AGUSTIA RASULI,114604924318485652693,True,0,id,2026-05-04T16:18:38.363606
ChZDSUhNMG9nS0VJQ0FnSURJb29DU2NBEAE,ChIJDdz7eKQhby4R2_LkTiXuBho,Buper Talaga Pancar,Majalengka,Wisata,5,"Tempat perkemahan ternyaman dan luas, jangan lupa kunungi juga area bawah telaga pancar dan sungainya",2026-04-27T15:38:53.832Z,Bencul n,104948968542631513846,True,1,id,2026-05-04T16:18:38.363615
Ci9DQUlRQUNvZENodHljRjlvT25oUU0xWXRObFpLVTNwSVdFcDRjWEJtY21kak9FRRAB,ChIJDdz7eKQhby4R2_LkTiXuBho,Buper Talaga Pancar,Majalengka,Wisata,1,"Dari segi tempat enak adem,tapi mamang parkirnyaaa gak seruu huuuu padahal cuma mampir makan bentar ditagih nya 17 ribu ...",2026-03-29T05:00:08.031Z,dwina Putri cikal,111102695805785925376,False,0,id,2026-05-04T16:18:38.363631
Ci9DQUlRQUNvZENodHljRjlvT2paelRGRTRNMlJhV0V4MFZtcGFSblJ1T1c1TGFYYxAB,ChIJDdz7eKQhby4R2_LkTiXuBho,Buper Talaga Pancar,Majalengka,Wisata,1,tukang parkir ny resep,2026-03-24T04:13:15.212Z,Bima,100606803272367166710,False,0,id,2026-05-04T16:18:38.363643
Ci9DQUlRQUNvZENodHljRjlvT2xkSlNqRlJVMlJEUXpaamIzWklXRXBhVW1GNmFVRRAB,ChIJDdz7eKQhby4R2_LkTiXuBho,Buper Talaga Pancar,Majalengka,Wisata,4,"Buat yang tak bisa berenang jangan khawatir , pakailah rompi pelampung raihlah kebahagiaan kebahagian yg akan muncul , Bravo tim penyelamat selalu sigap dan terampil .",2026-01-29T05:18:09.507Z,Ridwan Nur Wahjudin,107558146619149095511,True,0,id,2026-05-04T16:18:38.363662
Ci9DQUlRQUNvZENodHljRjlvT2pFNE1ITlBYMmN5ZVVGTFoxbDJTeTF3VW5jdGJIYxAB,ChIJDdz7eKQhby4R2_LkTiXuBho,Buper Talaga Pancar,Majalengka,Wisata,5,Tempatnya bersih..luas..bisa pilih lokasi yg beda dalam satu tempat..,2025-12-25T14:49:28.679Z,Wa O_zay,107151023380268711358,True,0,id,2026-05-04T16:18:38.363681
Ci9DQUlRQUNvZENodHljRjlvT2t0R1NYRlhXVTVFV2xKSFEwbG1NVmx2VlhGM1oyYxAB,ChIJDdz7eKQhby4R2_LkTiXuBho,Buper Talaga Pancar,Majalengka,Wisata,5,Tempat rimbun cocok buat aktivitas pelantikan,2025-12-25T12:16:41.060Z,Hardianto Crb,109697473826794085076,True,0,id,2026-05-04T16:18:38.363695
Ci9DQUlRQUNvZENodHljRjlvT25oVVZGZE9kWGRyTkUweWFrTmlSV3g0U3pkSFowRRAB,ChIJDdz7eKQhby4R2_LkTiXuBho,Buper Talaga Pancar,Majalengka,Wisata,5,enak untuk gowes ngopi,2025-10-19T12:04:02.154Z,Gowes Harian,116808354999452475002,True,0,id,2026-05-04T16:18:38.363752
Ci9DQUlRQUNvZENodHljRjlvT2t4dlYyUjNXWFZMYTNKeE5tTXdiazlPT1ZFeFpXYxAB,ChIJDdz7eKQhby4R2_LkTiXuBho,Buper Talaga Pancar,Majalengka,Wisata,5,"Pemandangan bagus , ada perkemahan ada wisata. Cocok untuk keluarga berlibur, suasana adem asri 🥶🥰 rekomendasi untuk semua kalangan..",2025-10-15T01:24:48.077Z,Sevilda Sri Sehati,106076169008134966202,False,0,id,2026-05-04T16:18:38.363793
Ci9DQUlRQUNvZENodHljRjlvT25GaFowdGphMjB3WVVKWWFtRkRNa3g1Tm1KUlZWRRAB,ChIJDdz7eKQhby4R2_LkTiXuBho,Buper Talaga Pancar,Majalengka,Wisata,5,"Suasananya sejuk bisa untuk bersantai kawasan perkemahan, rekomendasi banget buat para guru untuk mengadakan acara",2025-10-12T05:18:37.608Z,Jaenudin Zay,106792619160129672738,True,0,id,2026-05-04T16:18:38.363805
Ci9DQUlRQUNvZENodHljRjlvT2xKTk1EaHNaMlZNZW5WT2JXVjBWV1pNVlU1Nk1FRRAB,ChIJYWOnX5o7by4RiyU2UQF8seE,Istana Stable Equestrian Park,Majalengka,Wisata,5,Tempat wisata dan edukasi buat anak yg rekomended😍😍😍,2026-01-15T00:10:34.521Z,Ida Este,106708692500795590114,False,0,id,2026-05-04T16:18:38.363837
Ci9DQUlRQUNvZENodHljRjlvT25CUlZIVkxPWFZUVFRCRlVWVmhMVXc0YkhCdmRVRRAB,ChIJYWOnX5o7by4RiyU2UQF8seE,Istana Stable Equestrian Park,Majalengka,Wisata,5,"tempatnya nyaman bgt, seru bgttttt, tth aa nya juga pda ramah dan baik bgttt🩷❤️❤️❤️❤️",2026-01-14T14:28:59.285Z,laila zahra,113508512390012002308,False,0,id,2026-05-04T16:18:38.363847
Ci9DQUlRQUNvZENodHljRjlvT2pkMGRqUk1hakZRZUhSRVpqSlFRbXQzTkZKQ1pXYxAB,ChIJYWOnX5o7by4RiyU2UQF8seE,Istana Stable Equestrian Park,Majalengka,Wisata,5,Pengurus kuda nya tampan dan pemberani,2026-01-14T14:17:57.551Z,12ahmad.jaelani,111732110871147317316,False,0,id,2026-05-04T16:18:38.363859
Ci9DQUlRQUNvZENodHljRjlvT25KbFpFdzVOMTh6VFZsd1FXcExPSE41UjIxTFFWRRAB,ChIJYWOnX5o7by4RiyU2UQF8seE,Istana Stable Equestrian Park,Majalengka,Wisata,5,"Alhamdulillah di sini di istana stable kalo menurut saya sangat nyaman dan sejuk udaranya orangnya juga baik-baik dan ramah-ramah, istana stable ok",2026-01-14T14:12:30.112Z,Nana Supriatna,108815224454612199187,False,0,id,2026-05-04T16:18:38.363877
Ci9DQUlRQUNvZENodHljRjlvT20xWGFHRlhOWEp1VlVrM01HVnFPRTE1TjFOdlEzYxAB,ChIJYWOnX5o7by4RiyU2UQF8seE,Istana Stable Equestrian Park,Majalengka,Wisata,5,"Tempat wisata recommended buat keluarga dan bisa dijadikan edukasi wisata buat anak sekolah. Tempat yang nyaman parkiran yang cukup luas, terutama harga tiket dan parkirnya yang worth it sesuai dengan apa yang ada di dalamnya.",2026-01-14T13:26:34.234Z,Nurfauziyah 98,104522999444751012017,False,0,id,2026-05-04T16:18:38.363890
Ci9DQUlRQUNvZENodHljRjlvT2tOUFpIaDZZVkJIVW14cVRVTm1abEZPTnpWS2NVRRAB,ChIJYWOnX5o7by4RiyU2UQF8seE,Istana Stable Equestrian Park,Majalengka,Wisata,5,Bermain di Istana Stable sangat seru. Aku belajar mengenal kuda dan memberi mereka makan. Tempatnya indah dan membuatku senang.,2026-01-14T13:23:05.942Z,Zerra Virginia,105463845564847119818,False,0,id,2026-05-04T16:18:38.363904
Ci9DQUlRQUNvZENodHljRjlvT2xCS1dGcFVXa0pETldvdFV6UjVUMjVJZUdkdVNtYxAB,ChIJYWOnX5o7by4RiyU2UQF8seE,Istana Stable Equestrian Park,Majalengka,Wisata,5,"seru banget kesana, bisa foto sama burung, keren poko nyaa",2026-01-14T13:22:27.538Z,Ade Septi,105834680603283764026,False,0,id,2026-05-04T16:18:38.363916
Ci9DQUlRQUNvZENodHljRjlvT2xoRVlXTnZWRXR2U0Y5Mk1EaG5VV3BXZEc1M05IYxAB,ChIJYWOnX5o7by4RiyU2UQF8seE,Istana Stable Equestrian Park,Majalengka,Wisata,5,"tempat wisata yang cocok untuk dikunjungi bersama  teman, keluarga, pasangan, dan anak2. bukan sekedar tempat wisata yang bisa dinikmati keindahannya tapi anak2 juga bisa sambil belajar banyak hal, mengenal binatang dan dapat berinteraksi dengan alam secara langsung🤩😍pkonya besstt dehh😘",2026-01-14T13:21:37.778Z,NendenEgi,115966940920621757622,False,0,id,2026-05-04T16:18:38.363932
Ci9DQUlRQUNvZENodHljRjlvT2tOQ2J6bEhSVmx1Y0RaSFlYQk9jMEl4Wkd4RU1VRRAB,ChIJYWOnX5o7by4RiyU2UQF8seE,Istana Stable Equestrian Park,Majalengka,Wisata,5,seru banyak binatang yang jinak dan bisa di kasih makan,2026-01-14T13:20:25.457Z,sel,116387809645777869784,False,0,id,2026-05-04T16:18:38.363950
Ci9DQUlRQUNvZENodHljRjlvT2xjMVFVdFFhVGxIWVdseFJsUlhjVVowU2xGYU1IYxAB,ChIJYWOnX5o7by4RiyU2UQF8seE,Istana Stable Equestrian Park,Majalengka,Wisata,5,Ini tempat wisata keluarga yang lengkap ada parkiran mobil dan motor yang cukup luas Cafe yang menu nya cukup lengkap dan ada mini zoo nya josss,2026-01-14T13:19:49.611Z,Ai cacah Cahyati,104853199370323496958,False,0,id,2026-05-04T16:18:38.363965
Ci9DQUlRQUNvZENodHljRjlvT2xaamQwNWthRkpTVVdOdGRtcGthazFuUWs1S01rRRAB,ChIJYWOnX5o7by4RiyU2UQF8seE,Istana Stable Equestrian Park,Majalengka,Wisata,5,"Tempat wisata yang sangat recommended. Pelayanan ramah, lingkungan bersih, dan koleksi lengkap.",2026-01-14T13:19:06.624Z,Puri Rinjani,113117522122644707629,False,0,id,2026-05-04T16:18:38.363978
Ci9DQUlRQUNvZENodHljRjlvT25OeldsODFRbGR5ZDBsTVh6QmFabWRCZUZneWNuYxAB,ChIJYWOnX5o7by4RiyU2UQF8seE,Istana Stable Equestrian Park,Majalengka,Wisata,5,Bagus banget di majalengka ada tempat wisata seperti ini cocok bgt buat liburan keluarga apalagi bawa anak👌,2026-01-14T13:15:51.776Z,Sani Septiani,108884419555004376452,False,0,id,2026-05-04T16:18:38.363989
ChdDSUhNMG9nS0VJRDhnY3ZmckpDRjhBRRAB,ChIJcZx0lobXbi4RXbWS_I2xT6I,Obyek Wisata Bendungan Rentang Jatitujuh,Majalengka,Wisata,5,"Terakhir kesini udah lama bgt, pas minggu kemaren kesini lagi masya Allah jd lebih bagus dan tertata, kesitu pas weekend lumayan ramai pengunjung yg berolahraga dan orang yg berjualan.
Semoga tidak ada org yang buang sampah sembarangan yaa.
Pas waktu mampir beli kerak telor dan bbrp jajanan, aku merasa kesulitan mencari tempat sampah, akhirnya nanya ke penjual “mau buang sampah tempatnya dimana ya?” Terus penjualnya baik bgt mau simpan sampah bekas yg saya makan.
Semoga lebih banyak tempat sampah di area pedagang agar yg pada jajan tidak buang sampah sembarangan 🙏🏻",2025-05-25T06:00:44.098Z,Ayukhoirunnisha,108079813433617133207,True,0,id,2026-05-04T16:18:38.364039
ChZDSUhNMG9nS0VJQ0FnTURvc1l5YVJREAE,ChIJcZx0lobXbi4RXbWS_I2xT6I,Obyek Wisata Bendungan Rentang Jatitujuh,Majalengka,Wisata,5,Bendung Rentang kanan adalah saluran irigasi untuk wilayah Indramayu dn Cirebon bagian kanan Sungai Cimanuk,2025-04-26T00:46:14.412Z,Warlan Wardjono,100841879818517595543,True,0,id,2026-05-04T16:18:38.364057
Ci9DQUlRQUNvZENodHljRjlvT21ReGREUlFiakJrWnpkWlYzTlhiWHBsZG5aUVRGRRAB,ChIJvWerN4Mhby4RmhmgVh22y9o,Curug Kiara Danu,Majalengka,Wisata,5,"Tempat nya bagus,bersih,tiket masuk murah.kemarin ngerayain ultah anak ke curug kiara danu",2026-04-27T01:31:12.912Z,Choemini Alesha,113066725396282235734,False,0,id,2026-05-04T16:18:38.364166
Ci9DQUlRQUNvZENodHljRjlvT2tScVFtUklOemQzVlROdWIyUkpXVmczYWt4cFJWRRAB,ChIJvWerN4Mhby4RmhmgVh22y9o,Curug Kiara Danu,Majalengka,Wisata,5,Tempat nyaman.. Air ngalir sehingga kualitas air lebih bersih,2026-04-22T07:23:29.697Z,Adi Panji,114934875543786652997,False,0,id,2026-05-04T16:18:38.364194
Ci9DQUlRQUNvZENodHljRjlvT2toaFJHUk9TalF5WVVKd2FFUkpRV1p1VDJSbFJrRRAB,ChIJvWerN4Mhby4RmhmgVh22y9o,Curug Kiara Danu,Majalengka,Wisata,5,"curug kiara danu adalah wisata kolam renang yg cocok untuk keluarga, tujuan kesini bukan karena kolam renangnya, tp sungai arus sedang penuh bebatuan, dimana saat ini cuaca suhunya lagi heatwave alias gerah alias nylengkeb, kayaknya enak kalo kumkum di kali.

kiara danu cocok untuk anda yg ingin berendam di sungai arus sedang, airnya ga terlalu dingin jadi enak buat berendam lama2.",2026-04-20T09:15:14.514Z,Dede Mikhrod,108178103944539730254,True,0,id,2026-05-04T16:18:38.364204
Ci9DQUlRQUNvZENodHljRjlvT2xaRE1IVlBVVTVFY3poSVJtMTJlbVZYUldOSVVXYxAB,ChIJvWerN4Mhby4RmhmgVh22y9o,Curug Kiara Danu,Majalengka,Wisata,5,"bagus tempat nya, sejuk indah di pandang juga",2026-04-18T10:24:56.625Z,Dara DamRam,114004001619581552445,False,0,id,2026-05-04T16:18:38.364232
Ci9DQUlRQUNvZENodHljRjlvT2sxMGJrUllRVXBaTlhSVFZtc3RVRWRpVDFBeVNFRRAB,ChIJvWerN4Mhby4RmhmgVh22y9o,Curug Kiara Danu,Majalengka,Wisata,5,Murah dan cocok untuk berwisata,2026-04-18T01:26:17.839Z,erlin irmawa irmawa,104960948848151538246,False,0,id,2026-05-04T16:18:38.364244
Ci9DQUlRQUNvZENodHljRjlvT2xSNmEzcExNME5OVTNONGFrcEJWMVJSWTJ3NWJVRRAB,ChIJvWerN4Mhby4RmhmgVh22y9o,Curug Kiara Danu,Majalengka,Wisata,5,"Sudah 4 kali ke sini...gak pernah bosan, suasana yang begitu indah,asri,sejuk menenangkan hati dan pikiran. Cocok sekali untuk ngadem😁",2026-04-11T10:30:06.887Z,Yaz Farlina,100206846740577236272,True,0,id,2026-05-04T16:18:38.364274
Ci9DQUlRQUNvZENodHljRjlvT2w5UGFsOXdaM0prYlUxTmJWYzJhV2MzWlMwd1lVRRAB,ChIJvWerN4Mhby4RmhmgVh22y9o,Curug Kiara Danu,Majalengka,Wisata,5,"Tempat nya lumayan dingin di tambah sekeliling nya pegunungan ada air sungai mengalir bikin betah berlama2 di situ, tapi kalau hari libur pengunjung nya membludak walaupun kamar mandi dan toiletnya banyak paling nggak nya kurang lebih setengah jam harus ngantri, kurang tau kalau hari biasa mungkin gak seramai itu",2026-04-08T05:22:15.033Z,Wawan Gunawan,108927599131061705932,True,0,id,2026-05-04T16:18:38.364319
Ci9DQUlRQUNvZENodHljRjlvT21sbVR6VTVRbmR5UmxodFQybDNTSFJLZEZsS1QyYxAB,ChIJvWerN4Mhby4RmhmgVh22y9o,Curug Kiara Danu,Majalengka,Wisata,5,"Tempat renang andalan mamak, mesti ajak kesini. Pas libur lrbaran luar biasa rame, parkir sampe penuh.

Tapi kalo hari biasa, enakan banget sepi, seger. Tiket masuk murah, makanan dan minuman harga standar tempat liburan ya. Tempatnya lumayan bersih.

Banyak tangga karena di atas ya, jadi agak ngap ngapan kalo parkir di atas tuh, abis renang malah ngap ngapan hahaha tolong parkiran bawah di perbanyak atau dilebarin lagi yaa ehehe",2026-04-06T11:05:42.796Z,lulu rahayu,114120969744796098778,True,0,id,2026-05-04T16:18:38.364329
Ci9DQUlRQUNvZENodHljRjlvT2taR01tdDRNM0ZGYVZoUWN6TkxhRUV0VnpKTVQxRRAB,ChIJDdz7eKQhby4R2_LkTiXuBho,Buper Talaga Pancar,Majalengka,Wisata,5,"Kesini lg ada acara mobil
Tempatnya adem, sejuk, ga berisik, tenang buat pikiran 🫶",2025-08-09T10:04:30.384Z,MELIYANA LIA,100006368072104636091,True,0,id,2026-05-04T16:18:38.364348
Ci9DQUlRQUNvZENodHljRjlvT25sc1VIcHVjakIyVTNWT1pteHRPWEZ1TFZWSmNYYxAB,ChIJDdz7eKQhby4R2_LkTiXuBho,Buper Talaga Pancar,Majalengka,Wisata,5,Untuk hiking lumayan terjal dan tempatnya dingin,2025-07-29T03:40:46.810Z,Henny Andriasari,108638681654563723373,True,0,id,2026-05-04T16:18:38.364358
Ci9DQUlRQUNvZENodHljRjlvT2pkWFFYSjFaM0JJY0RZek4yVm9kbmhpVkV0U1VHYxAB,ChIJDdz7eKQhby4R2_LkTiXuBho,Buper Talaga Pancar,Majalengka,Wisata,5,Tempatnya nyaman. Ada gajebo & tempat duduknya banyak pilihan.. Cocok untuk keluarga & anak2..,2025-07-13T11:20:46.386Z,adila motor,118374610215874200453,True,0,id,2026-05-04T16:18:38.364368
ChZDSUhNMG9nS0VNQ0x2NDZjeUtYbE1REAE,ChIJDdz7eKQhby4R2_LkTiXuBho,Buper Talaga Pancar,Majalengka,Wisata,4,"Enak tempatnya recomen buat camp acara keluarga komunitas dn siswa disetiap blok A, B, dn C dekat dgn toilet dn harga terjangkau dn ramah dikantong",2025-05-18T07:53:04.649Z,Enok Litawati,106610620796501127022,True,0,id,2026-05-04T16:18:38.364386
ChdDSUhNMG9nS0VJQ0FnSUNfOTVQSTN3RRAB,ChIJDdz7eKQhby4R2_LkTiXuBho,Buper Talaga Pancar,Majalengka,Wisata,2,"Saya kasih rating 2bintang ya, karena pihak pengelola nya matr bangeet, hari biasa cuma di kenakan parkir aja 5k masa pas kmren tahun baru bayar nya 1motor 17k belum org nya jg di Tarif lg 5k, ngawur... Kalo mau maju jangan gitu cara nya, itu bikin pengunjung kapok,",2025-01-19T23:37:30.860Z,Muhamad Zaenal,113994895369548560622,True,0,id,2026-05-04T16:18:38.364420
ChdDSUhNMG9nS0VJQ0FnSUNRa2RpeGhBRRAB,ChIJDdz7eKQhby4R2_LkTiXuBho,Buper Talaga Pancar,Majalengka,Wisata,5,"Kalo hari biasa ga ada karcis. Kecuali hari libur, baru ada karcis 5000 per orang. Ga semeriah waktu pertama kali ke sini. Ga ada spot foto kaya dulu. Katanya karena banyak yang dimanfaatin buat berduaan dan warga ga suka. Dulu mah ada kaya para pecinta alam nawarin ayunan tidur gitu. Sekarang lebih sepi. Saran buat pengelola: JANGAN MUTER LAGU TARLING DI HUTAN! Orang datang pengen vibes hutan, bukan hajatan!",2025-01-09T01:26:29.901Z,Muhammad Adam Khatami,114698131041135779047,True,0,id,2026-05-04T16:18:38.364446
ChZDSUhNMG9nS0VJQ0FnSUR2MTh2eWZBEAE,ChIJDdz7eKQhby4R2_LkTiXuBho,Buper Talaga Pancar,Majalengka,Wisata,5,"Hawanya sejuk
Oxigen murni....",2024-12-25T00:44:32.610Z,WIDODO MAKMUR CO,100563945190526425379,True,0,id,2026-05-04T16:18:38.364463
Ci9DQUlRQUNvZENodHljRjlvT2tkTVNtbEJWMGhZUlhCRU1EWlJOM2t4YW5nNVJuYxAB,ChIJvWerN4Mhby4RmhmgVh22y9o,Curug Kiara Danu,Majalengka,Wisata,3,"Berkunjung Pas hari minggu pengunjung membludak, kamar ganti jadi satu sama toilet ngantri lama air kurang deras ada toilet yang airnya mati total.",2026-04-05T17:14:15.639Z,Fatonah Siti,116383279514480694657,False,0,id,2026-05-04T16:18:38.364531
Ci9DQUlRQUNvZENodHljRjlvT2psRldsRlVlV05zWDA1NldGUlRiRmRXWWxOMWFHYxAB,ChIJvWerN4Mhby4RmhmgVh22y9o,Curug Kiara Danu,Majalengka,Wisata,5,"Adem sejuk
Sangat senang",2026-04-03T14:19:54.429Z,Carinih,107048491160566029160,True,0,id,2026-05-04T16:18:38.364564
Ci9DQUlRQUNvZENodHljRjlvT2xOcFdqQjFTVWhOTjFWM1VtVkNibGxtVkd4R1duYxAB,ChIJvWerN4Mhby4RmhmgVh22y9o,Curug Kiara Danu,Majalengka,Wisata,5,"Tiket terjangkau dan murah, keluarga puas dengan nuansa di tempat ini. Tetap di jaga seperti ini",2026-04-01T18:15:14.404Z,wartono jawar,116069470876271732775,False,0,id,2026-05-04T16:18:38.364586
Ci9DQUlRQUNvZENodHljRjlvT2xZeGFYZE5YMlE0YWpFemMzQmtOemRVYm5OdFdHYxAB,ChIJvWerN4Mhby4RmhmgVh22y9o,Curug Kiara Danu,Majalengka,Wisata,4,Wisata renang sayang anak paket hematttt...recommend,2026-04-01T14:45:02.946Z,gunaidi zhw,118209027626744382404,True,0,id,2026-05-04T16:18:38.364595
Ci9DQUlRQUNvZENodHljRjlvT2psWFZIRXdhM2hLUWw5RGIxbzNiMkp4TlRCYVdFRRAB,ChIJvWerN4Mhby4RmhmgVh22y9o,Curug Kiara Danu,Majalengka,Wisata,1,mohon bertanyA untuk tiket brapa,2026-03-30T04:12:42.771Z,Ap Pe,116773144856254129400,False,0,id,2026-05-04T16:18:38.364605
Ci9DQUlRQUNvZENodHljRjlvT2pSaFYxaHJPV0ZsWmxKbFRYVjNSM2RFYzAxM1lVRRAB,ChIJvWerN4Mhby4RmhmgVh22y9o,Curug Kiara Danu,Majalengka,Wisata,5,"Tempatnya bagus ada kolam dan sungai ada kolam ikan juga,  sungainya bersih  jernih dan pemandangan bagus, toilet nya juga banyak cuma di bawah kolamnya agak kotor banyak plastik, tanjakannya pas masuk itu agak curam si menurutku",2026-03-30T04:02:25.135Z,Yanti Ts,100639746216178301874,False,0,id,2026-05-04T16:18:38.364613
Ci9DQUlRQUNvZENodHljRjlvT2pNM2JqUXlXVXh5ZDNoTkxYUTBiV3cxU0hGM1VrRRAB,ChIJvWerN4Mhby4RmhmgVh22y9o,Curug Kiara Danu,Majalengka,Wisata,5,"Air kolam nya banyak, tempat nya juga bersih .. Anak anak senang...",2026-03-29T10:07:45.296Z,Riska Sari,110661207359499349835,True,0,id,2026-05-04T16:18:38.364623
Ci9DQUlRQUNvZENodHljRjlvT20xSVNUbHZNelZ2YkRkNk9YVmFSVW80TlhGWVdtYxAB,ChIJvWerN4Mhby4RmhmgVh22y9o,Curug Kiara Danu,Majalengka,Wisata,1,Ga nyaman untuk anak saya kolam nya dalam dan anak saya yg umur nya 4 tahun sampe ga bisa renang meski pakai pelampung sama tempat nya dekat sungai dan ga banyak pembatas dan ke banyakan nya itu  fasilitas dan tempat peristirahatan sama tanjakan mau ke parkiran banyak mobil yg ga kuat karna terlalu curam🙏,2026-03-29T08:04:35.989Z,Aneka Crepes Mang Bud,110789035436541665589,False,0,id,2026-05-04T16:18:38.364632
Ci9DQUlRQUNvZENodHljRjlvT2tsNFVXcHBPV1ZpUmxoWFIwSklTWGhIWW5WcWFFRRAB,ChIJvWerN4Mhby4RmhmgVh22y9o,Curug Kiara Danu,Majalengka,Wisata,5,"Tempatnya bagus karena selain kolam renang, pengunjungi disuguhi sungai dan pemandangan bukit yang indah",2026-03-29T03:43:56.124Z,Syafiimey (Muhammad Syafi'i),112843877286876488175,True,0,id,2026-05-04T16:18:38.364652
Ci9DQUlRQUNvZENodHljRjlvT2xWR2VtMWhZa0pTZGxsRWNYYzJUeTFvU1hCV1NIYxAB,ChIJvWerN4Mhby4RmhmgVh22y9o,Curug Kiara Danu,Majalengka,Wisata,5,Healing area yang sangat menyenangkan bagi keluarga murah meriah semua bisa happy !,2026-03-26T11:25:14.177Z,Suhendra Wijayakusumah,103696986241417472115,False,0,id,2026-05-04T16:18:38.364679
Ci9DQUlRQUNvZENodHljRjlvT25aSVpsOXBTVFpoWmxGdmVtSm9TM1JUWDFScU5YYxAB,ChIJvWerN4Mhby4RmhmgVh22y9o,Curug Kiara Danu,Majalengka,Wisata,4,"bagus tempat nya, adem, cuma kamar mandi nya tolong di tambah biar ga ngantri panjang",2026-03-25T11:17:46.302Z,Kyysaa Adnda,108970924036245464412,False,0,id,2026-05-04T16:18:38.364700
ChdDSUhNMG9nS0VJQ0FnSUNYNHAySXp3RRAB,ChIJDdz7eKQhby4R2_LkTiXuBho,Buper Talaga Pancar,Majalengka,Wisata,5,"Tempat camping seru, minus kadang banyak nyamuk",2024-10-14T17:11:11.563Z,adi syahhaluddin,115456329404695013084,False,0,id,2026-05-04T16:18:38.364728
ChZDSUhNMG9nS0VJQ0FnSURucE0tNVdREAE,ChIJDdz7eKQhby4R2_LkTiXuBho,Buper Talaga Pancar,Majalengka,Wisata,5,Kemah siswa smpn1 sumberjaya,2024-10-03T09:27:12.477Z,Waduday Bageur,113677290463455099230,True,0,id,2026-05-04T16:18:38.364753
ChdDSUhNMG9nS0VJQ0FnSUNudlptTnRBRRAB,ChIJDdz7eKQhby4R2_LkTiXuBho,Buper Talaga Pancar,Majalengka,Wisata,5,"Recommended 👍
MCK melimpah..",2024-09-29T00:54:14.169Z,Nurul Ulfa,104933578636678796435,True,0,id,2026-05-04T16:18:38.364771
ChdDSUhNMG9nS0VJQ0FnSUNieDhyaGtnRRAB,ChIJDdz7eKQhby4R2_LkTiXuBho,Buper Talaga Pancar,Majalengka,Wisata,5,Rest area untuk goweser,2024-07-30T13:41:46.141Z,Bhes Kaliwulu,102680576474451590351,True,0,id,2026-05-04T16:18:38.364815
Ci9DQUlRQUNvZENodHljRjlvT2tGalZIcFdkM0EzZVMxVldERmZjamR1TFdsQmFFRRAB,ChIJh_10uLsjby4R9LR7vA91FCw,"Cawene Geulis ""The Best View of CIREMAI""",Majalengka,Wisata,5,"Fasilitas sekitar basecamp bersih, musola, dan area camp sangat dijaga🔥🔥🔥 hanya HTM 25k saja sudah dapat tiket murah, ojek, toilet juga tersedia dan jalur tracking disuguhi sama view pemandangan perkebunan, hutan, dan hutan mati, apalagi saat siang dan malam, pokoknya top deh cawene Geulis ini 🔥",2026-04-30T12:45:48.719Z,Asep Darso,103989827005372566559,False,0,id,2026-05-04T16:18:38.364825
Ci9DQUlRQUNvZENodHljRjlvT2xoclRFMXlNakZGY2xCdGJXRmhSa1pKVTJ0RExVRRAB,ChIJh_10uLsjby4R9LR7vA91FCw,"Cawene Geulis ""The Best View of CIREMAI""",Majalengka,Wisata,5,"Harganya murah banget... Murah banget udah dapet view keren dan menakjubkan. Ditambah lagi saat baru datang terdengar kicauan burung. Jalur tracking banyak spot untuk foto² dan selfie, WIS pokoknya mantul",2026-04-30T12:38:55.992Z,Marsel wijaya,115649510813015545788,False,0,id,2026-05-04T16:18:38.364839
Ci9DQUlRQUNvZENodHljRjlvT2taZlEwZEZTRTg0WkVkRFJEWnhhV0Z4YWpkT01WRRAB,ChIJh_10uLsjby4R9LR7vA91FCw,"Cawene Geulis ""The Best View of CIREMAI""",Majalengka,Wisata,5,"Pelayanan ramah, dan tempatnya bagus, bersih, terjaga dan terawat serta pengunjung nyaman untuk mendaki di bukit ini, view nya juga bagus, dan indah apalagi kalau cerah",2026-04-30T12:36:04.462Z,cikooskibdiii,106552477297991536732,False,0,id,2026-05-04T16:18:38.364854
Ci9DQUlRQUNvZENodHljRjlvT2tJdE16SnVZa1ZqWW10MGVrUnRSMHc1U2xRMFNsRRAB,ChIJh_10uLsjby4R9LR7vA91FCw,"Cawene Geulis ""The Best View of CIREMAI""",Majalengka,Wisata,5,"Wisata terbaik , pelayanan ramah",2026-04-30T12:30:44.820Z,ibrohimm,110894537422784694052,False,0,id,2026-05-04T16:18:38.364866
ChZDSUhNMG9nS0VJQ0FnSURub3R5b1BnEAE,ChIJh_10uLsjby4R9LR7vA91FCw,"Cawene Geulis ""The Best View of CIREMAI""",Majalengka,Wisata,5,Tempatnya Masya Allah..Timnya juga ramah.Ada pengecekan sampah juga.,2026-04-30T06:28:04.512Z,Azzami Al,100935302394509936640,False,0,id,2026-05-04T16:18:38.364877
Ci9DQUlRQUNvZENodHljRjlvT21kNmREUkdVakJuWm01b1JubGlVRVEwU21neVQxRRAB,ChIJh_10uLsjby4R9LR7vA91FCw,"Cawene Geulis ""The Best View of CIREMAI""",Majalengka,Wisata,5,"pokok nya kalian harus coba di cawene geulis ini, untuk review nya kalian boleh lihat di instagram @allsyarif_27 , apalagi orang majalengka mah wajib👌🏻😁",2026-04-30T03:54:30.697Z,akmal syarif,105436023268171143077,False,0,id,2026-05-04T16:18:38.364887
Ci9DQUlRQUNvZENodHljRjlvT21OZlZIUm5RbnBoWkUxbk9XRjBRMHRXUmpGTE5FRRAB,ChIJh_10uLsjby4R9LR7vA91FCw,"Cawene Geulis ""The Best View of CIREMAI""",Majalengka,Wisata,5,Mantab luar biasa sebagai sebagai sarana healing saat pusing,2026-04-29T08:53:42.745Z,Muslim Abdurahman,117489662723441733255,False,0,id,2026-05-04T16:18:38.364897
Ci9DQUlRQUNvZENodHljRjlvT2sxYVlXRk9ZelpVVWtGbVNFUm1kbVpITWs1SlZIYxAB,ChIJh_10uLsjby4R9LR7vA91FCw,"Cawene Geulis ""The Best View of CIREMAI""",Majalengka,Wisata,5,Mantap luar biasa,2026-04-29T08:49:35.996Z,GUN GUN,101808519291286108398,False,0,id,2026-05-04T16:18:38.364907
Ci9DQUlRQUNvZENodHljRjlvT25CeVlsbE5ZbGRpWW1wS1dHUnhlRzFSTjBOVWEzYxAB,ChIJh_10uLsjby4R9LR7vA91FCw,"Cawene Geulis ""The Best View of CIREMAI""",Majalengka,Wisata,5,Keren tempatnya,2026-04-29T03:02:56.991Z,Aditya C Pratama,106010636859236530857,False,0,id,2026-05-04T16:18:38.364934
Ci9DQUlRQUNvZENodHljRjlvT2w5aGFHdGpZVU42TTB0eWJGRjBVMUJuY0VseFdVRRAB,ChIJh_10uLsjby4R9LR7vA91FCw,"Cawene Geulis ""The Best View of CIREMAI""",Majalengka,Wisata,5,"Bagus tempatnya, gak nyesel kesini",2026-04-27T23:02:23.476Z,Euis,112014615185482319084,False,0,id,2026-05-04T16:18:38.364952
Ci9DQUlRQUNvZENodHljRjlvT2toclUzbExZV3B3YWxSV1FWY3RWMkpGVkhNdGFGRRAB,ChIJh_10uLsjby4R9LR7vA91FCw,"Cawene Geulis ""The Best View of CIREMAI""",Majalengka,Wisata,5,Buat yg pemuda pemudi yg hoby tangtangan cocok kunjungi bukit cawene geulis💪💪💪,2026-04-26T14:01:25.917Z,Darmita Mita,116211279718446502012,False,0,id,2026-05-04T16:18:38.364966
Ci9DQUlRQUNvZENodHljRjlvT2psRmVXZFVPRmRpTkVOVmFHTkRSV2sxTmxaWk1YYxAB,ChIJh_10uLsjby4R9LR7vA91FCw,"Cawene Geulis ""The Best View of CIREMAI""",Majalengka,Wisata,5,Hidden Gem Terbaik,2026-04-26T13:58:33.334Z,Asroni,110002640747313256213,False,0,id,2026-05-04T16:18:38.364977
Ci9DQUlRQUNvZENodHljRjlvT2tkMlJUQllaVlJ3VFZkSGEySnBkMjlQWjJFeWNYYxAB,ChIJh_10uLsjby4R9LR7vA91FCw,"Cawene Geulis ""The Best View of CIREMAI""",Majalengka,Wisata,5,"Pertama kali ke cawene geulis pas 17 agustus 2024, masih sepi banget di puncak cuma saya sama temen saya, akses jalan masih bebatuan, motor hampir mogok, keur mah nyasab deui yaAllah sampe chat adminnya 😭😭😭 cuma terbayarkan dengan viewnya yang cantik sekali, enakeun pisan, pas nyampe bc ada abah abah yang ngasih tau jalan pintas biar ga lewat jalan yang full bebatuan lagi, musholanya enak airnya dingin pisan 🤩🥰🥰😍 semoga bisa hiking lagi ke cawene geulis jigana mah panggling 😁🤭 🫡🫡🤩🤩",2026-04-25T07:52:58.749Z,Aidara,118085341237063499614,True,0,id,2026-05-04T16:18:38.364993
Ci9DQUlRQUNvZENodHljRjlvT21WVFRFbExSMHRMU21zMVJ6aHdXa3BqUTFsTGRsRRAB,ChIJh_10uLsjby4R9LR7vA91FCw,"Cawene Geulis ""The Best View of CIREMAI""",Majalengka,Wisata,5,Masya Allah sungguh sangat cantik,2026-04-15T00:22:44.325Z,Tasyii Tasyaaa,104067523593003040780,False,0,id,2026-05-04T16:18:38.365004
Ci9DQUlRQUNvZENodHljRjlvT21KWkxWVm5ZVEpFYlZGelJUbGpTRTl5TVZKdVpXYxAB,ChIJh_10uLsjby4R9LR7vA91FCw,"Cawene Geulis ""The Best View of CIREMAI""",Majalengka,Wisata,5,Indah luar biasa 🥰🥰🥰,2026-04-15T00:20:48.418Z,rasyarasia,116271134136126597761,False,0,id,2026-05-04T16:18:38.365014
Ci9DQUlRQUNvZENodHljRjlvT25Cak4ydHpibVZyU0RSemJuazVRMEZqUzA1UFptYxAB,ChIJh_10uLsjby4R9LR7vA91FCw,"Cawene Geulis ""The Best View of CIREMAI""",Majalengka,Wisata,5,"Surga tersembunyi, indah banget, jalan menuju ke sana luar biasa. Semoga pemerintah Majalengka memperbaiki akses jalan menuju ke sana.",2026-03-26T23:54:28.515Z,Sovy Damaiyanty,108244454032188131319,False,0,id,2026-05-04T16:18:38.365024
Ci9DQUlRQUNvZENodHljRjlvT2kxSU5taERibmhxWjJ0T09YWnBPRXN0TkRoWVFsRRAB,ChIJh_10uLsjby4R9LR7vA91FCw,"Cawene Geulis ""The Best View of CIREMAI""",Majalengka,Wisata,4,"Pemandangannya bagus bangett, terus tracknya juga landai. Cuma jalan pas naik pick upnya MANTAP BANGETT",2026-02-04T13:42:04.379Z,SLAMET FIRDAUS,113888476758370418326,True,0,id,2026-05-04T16:18:38.365035
Ci9DQUlRQUNvZENodHljRjlvT2pRMGFFNXBaMEo1VEhaQmQxTlNVMFJyTVVkeFQzYxAB,ChIJh_10uLsjby4R9LR7vA91FCw,"Cawene Geulis ""The Best View of CIREMAI""",Majalengka,Wisata,5,"Puncak Cawene Geulis in Majalengka is a hidden gem that offers a refreshing escape into nature. Perched at a high elevation, this scenic viewpoint provides breathtaking panoramic views of rolling hills, lush green landscapes, and layers of mountains stretching into the distance. The cool, crisp air makes it an ideal place to relax and unwind away from the hustle of daily life.
The atmosphere at Puncak Cawene Geulis is calm and peaceful, making it perfect for visitors who enjoy quiet moments surrounded by natural beauty. It is especially stunning during sunrise and late afternoon, when soft golden light enhances the landscape and creates excellent photo opportunities. Simple viewing spots and natural surroundings keep the experience authentic and unspoiled.
Overall, Puncak Cawene Geulis is highly recommended for nature lovers, photographers, and anyone seeking a serene destination in Majalengka. Its natural charm, tranquil ambiance, and impressive views make it a memorable place to visit.",2026-01-16T13:03:12.261Z,Ramadhani A.S,105099010674134471705,True,0,en,2026-05-04T16:18:38.365045
Ci9DQUlRQUNvZENodHljRjlvT2swdFRGUTBNMmRUWTBwV1NrOUlZbnB3Wm5OUWVuYxAB,ChIJh_10uLsjby4R9LR7vA91FCw,"Cawene Geulis ""The Best View of CIREMAI""",Majalengka,Wisata,5,"Track landai hanya saja diawali berbatu..
Tp setelah masuk BC, kita disuguhkan pemandangan yg indah selama perjalanan..",2026-01-12T08:09:26.496Z,YUDIONO,116349828082082016883,True,0,id,2026-05-04T16:18:38.365056
Ci9DQUlRQUNvZENodHljRjlvT2pCRFVtZHVaVVZ5ZDIxRmIxTkVNemsyVVVWc05rRRAB,ChIJo_axWrwpby4RLI8PEabbzT0,Kolam Renang Surya Kadipaten,Majalengka,Wisata,1,"Dua kali renang kesini selalu di buru buru pulang. Di google jam tutup 5.20. Tapi baru jam 4 lewat aja udah disuruh pulang. Ampe lagi mandi lampunya dimatiin dua kali. Diburu buru dari masih di kolam, lagi mandi, sampe mau pulang. Hujan gede pun tetep harus keluar. Kalo mau buka ampe jam 4 doang ganti di google nya. Kita juga masuk situ bayar. Bikin ga nyaman aja",2026-04-12T10:38:29.757Z,Nadya Cadangkan,105645207443257467322,False,0,id,2026-05-04T16:18:38.365066
Ci9DQUlRQUNvZENodHljRjlvT2tVelFuZGFSMXBNTkdJeGVIcFNOa2hHWWtKd1lVRRAB,ChIJo_axWrwpby4RLI8PEabbzT0,Kolam Renang Surya Kadipaten,Majalengka,Wisata,1,"First time ke kolam renang Surya Kadipaten

1. Datang sekitar jam 15.30, sempat nanya dulu masih bisa masuk dan berenang atau ngga. Kata petugas masih bisa, dan infonya tutup jam 17.00
2. Sekitar jam 16.30 saya sudah di toilet buat mandi. Petugas juga tau masih ada orang di dalam, tapi lampu malah dimatiin dan terkesan diburu-buru
3. Saya disuruh keluar padahal belum jam 17.00, kondisi di luar lagi hujan gede, gerbang depan juga sudah dikunci, padahal masih ada beberapa pengunjung di dalam dan kelihatan sama petugas.

cukup sekali aja berenang disini",2026-04-11T13:38:35.056Z,MELISA PUTRI,116383290734671756773,False,0,id,2026-05-04T16:18:38.365079
Ci9DQUlRQUNvZENodHljRjlvT21SRVoxVjRUalUyVVZCVmFsOUpTM0JCV2xSaFdGRRAB,ChIJo_axWrwpby4RLI8PEabbzT0,Kolam Renang Surya Kadipaten,Majalengka,Wisata,3,kaporitnya terlalu menyengat,2026-04-08T08:23:06.885Z,amar amir,113010116451898657103,False,0,id,2026-05-04T16:18:38.365108
Ci9DQUlRQUNvZENodHljRjlvT2pKTVUxQk5WMWN5T0dZM2FuUnRURnB0VjA0MVdXYxAB,ChIJo_axWrwpby4RLI8PEabbzT0,Kolam Renang Surya Kadipaten,Majalengka,Wisata,1,"Area kurang pengawasan..
Tidak ada petugas keamanan untuk memperingatkan, anak anak bebas naik perosotan ( tidak lewat tangga) .. ada pun penjaga cuma nongkrong ngerokok ..

Keramik kolam anak banyak yg lepas dan tajam.

Parkiran luas .. kantin jauh dr kolam harus ke deket pintu masuk,",2026-03-24T03:47:54.121Z,Iwan Ridwan,108738509670531870404,True,0,id,2026-05-04T16:18:38.365120
Ci9DQUlRQUNvZENodHljRjlvT2xWaVpqRmZkbEZ0WjIwNFVXOVpSbU5PUkZwM2VHYxAB,ChIJo_axWrwpby4RLI8PEabbzT0,Kolam Renang Surya Kadipaten,Majalengka,Wisata,1,"Jam tutup ga jelas, info pertama jam 6 kesana jam set 5 katanya mau tutup jam 5 akhirnya gajadi, minggu berikutnya saya datang jam 15:20 katanya tutup jam 4, dua kali kesana berujung cuma abis waktu di jalan gajadi renang",2025-12-14T08:41:38.486Z,Nayla Febriani,104424491645388494931,False,0,id,2026-05-04T16:18:38.365138
Ci9DQUlRQUNvZENodHljRjlvT25JeWJGVnVXVlpMY2xkU1FXTmxWbkpyUjBReGRtYxAB,ChIJo_axWrwpby4RLI8PEabbzT0,Kolam Renang Surya Kadipaten,Majalengka,Wisata,1,"Pelayanan tidak memuaskan..hp anak sy hilang di lokasi,sy ijin lihat cctv tidak ada cctv,minta tolong petugas penjaga respon kurang baik,mereka tidak perduli dan malah angkat tangan.tidak ada tindakan apapun dlm menjalani tugas untuk pengunjung...
Semoga kedepannya lebih di tingkatkan keamanan dan kenyamanan bagi pengunjung yg datang ..",2025-10-18T22:47:37.375Z,Eren Widyari,114773661210649318714,False,0,id,2026-05-04T16:18:38.365147
Ci9DQUlRQUNvZENodHljRjlvT25VeldUZDVRbWh4ZW05UlVVVk9VVGRUTUMxdU0wRRAB,ChIJo_axWrwpby4RLI8PEabbzT0,Kolam Renang Surya Kadipaten,Majalengka,Wisata,1,"HTM 25 ribu, tidak ada loker penyimpanan barang, PENJAGA TIDAK PUNYA ATTITUDE! tutup jam 5, tapi dari setengah 5 sudah di usir! padahal padahal di maps tutup jam 5.20. posisi lagi duduk nungguin adik ganti baju tiba-tiba disamperin sambil bilang 'teh udah sore, mau tutup' dan itu posisi masih jam setengah 5 sore. kalau sampai jam 5 lebih tapi saya masih main di kolam baru boleh di tegur, toh ini jam 5 juga belum. ga ada maaf ga ada basa-basi, pantesan makin sepi aja. dari depan juga sudah di beri tahu tutup jam 5, pengunjung juga mengerti.",2025-07-20T09:53:17.731Z,Ai Nita Amalia,107158955625807473319,True,0,id,2026-05-04T16:18:38.365173
ChdDSUhNMG9nS0VMNmF1cnFLcmVXRGpnRRAB,ChIJo_axWrwpby4RLI8PEabbzT0,Kolam Renang Surya Kadipaten,Majalengka,Wisata,5,Harga tiket murah untuk keluarga,2025-05-29T12:41:03.909Z,Muhammad Rizky,101296638740904387009,False,0,id,2026-05-04T16:18:38.365190
ChZDSUhNMG9nS0VKZVQ4ckRSbmRtcFp3EAE,ChIJo_axWrwpby4RLI8PEabbzT0,Kolam Renang Surya Kadipaten,Majalengka,Wisata,5,Kolam nya sedikit lebih luas ke taman nya....tapi kalau untuk les renang sangat recommended,2025-05-27T11:26:14.433Z,desi rosida,100727114782745655092,True,1,id,2026-05-04T16:18:38.365199
ChZDSUhNMG9nS0VJQ0FnTUNZckplaEF3EAE,ChIJo_axWrwpby4RLI8PEabbzT0,Kolam Renang Surya Kadipaten,Majalengka,Wisata,1,"Pengurus disana ngusir saya dan teman teman saya, dengan ucapan yang sangat kasar. Padahal disitu kami udah mau pulang dan siap siap. Kami juga tau jam harus pulangnya kapan. Tutupnyaa jam 5 sore, tapi udah berisik dari jam 4 ditambah pake bohong bilang udah setengah 5. Saya lagi mandi lampu dimatiin, sambil bilang ""bongan saha lila tatadi ge buru baralik"". Bayar tiket mahal kenyamanan minus, demi allah seumur umur saya baru digituin sama pengurus kolam renang ini!!",2025-05-02T06:47:15.928Z,Sekar Ayu,115383072574701113872,False,0,id,2026-05-04T16:18:38.365215
ChdDSUhNMG9nS0VJQ0FnTUNvd2VXQl9nRRAB,ChIJo_axWrwpby4RLI8PEabbzT0,Kolam Renang Surya Kadipaten,Majalengka,Wisata,5,"Saya terakhir kali ke kolam renang ini sekitar enam tahun lalu, dan sekarang akhirnya berkunjung lagi. Hasilnya cukup memuaskan. Harga tiket masuknya masih tergolong murah, hanya Rp20.000, jauh lebih terjangkau dibanding kolam renang lain yang harganya makin naik. Fasilitas kolam cukup bagus dan bersih, cocok untuk olahraga renang karena tempatnya tidak panas dan kedalaman kolam bervariasi, jadi aman untuk semua usia.

Saya datang pukul 08.00 pagi, pas baru buka. Suasana masih sepi, hanya ada beberapa orang, jadi enak banget buat berenang dengan tenang. Udara pagi juga masih segar dan bikin badan terasa lebih fresh. Saya datang hari Selasa, jadi suasana memang tidak ramai, cocok untuk yang ingin berenang santai tanpa keramaian.

Area parkir luas, WC sedang dalam proses penambahan, dan pelayanan dari petugas juga cukup ramah. Tapi ada beberapa hal yang perlu diperbaiki. Pertama, ada beberapa keramik di dasar kolam yang sudah rusak atau hilang. Meskipun tidak banyak, tapi tetap mengganggu dan bisa berbahaya. Kedua, di WC tidak tersedia kaca, jadi cukup repot kalau habis mandi dan mau bercermin.

Secara keseluruhan, tempat ini masih saya rekomendasikan. Dengan harga yang murah, fasilitas oke, dan suasana yang nyaman terutama di pagi hari, kolam ini layak untuk dikunjungi, baik untuk olahraga maupun rekreasi ringan.",2025-04-17T14:22:15.248Z,Orang Baik,112171874350151881021,True,0,id,2026-05-04T16:18:38.365225
ChZDSUhNMG9nS0VJQ0FnTUN3eU9QalhREAE,ChIJo_axWrwpby4RLI8PEabbzT0,Kolam Renang Surya Kadipaten,Majalengka,Wisata,3,Harganya murah terjangkau,2025-03-16T09:07:34.998Z,Rimba Jaya,105273054174186908729,False,0,id,2026-05-04T16:18:38.365233
ChdDSUhNMG9nS0VJQ0FnSUNQOW92MjN3RRAB,ChIJo_axWrwpby4RLI8PEabbzT0,Kolam Renang Surya Kadipaten,Majalengka,Wisata,5,"menurutku gak worth it sih harga tiket sama fasilitasnya, kayak yaudah gitu doang, kamar ganti kurang nyaman. semoga ada peningkatan. 🙆‍♀️",2024-11-24T09:16:31.204Z,Sukesi E. Wiranti,109215581810154030562,True,0,id,2026-05-04T16:18:38.365262
Ci9DQUlRQUNvZENodHljRjlvT2twdlFrRnhhR3Q0Wkc0NFRXaE9lRkpIWVdGeGNHYxAB,ChIJvWerN4Mhby4RmhmgVh22y9o,Curug Kiara Danu,Majalengka,Wisata,5,"Tdi siang kesini.tempat nya bagus.nyaman.anak2 happy bnget. Bisa pindah2 kolam renang😍Gk nyesel wisata ke curug kiara danu..
Tpi apes gk ada yg tau.pas Pulang kami mobil nya mogok.masih di daerah lengkong.. Alhamdulillah warga situ nya bnyak yg nolongin benerin mobil kami..yg punya tempat wisatanya PAK DANU jg datang membantu.smpai mobil kami jaln.orang nya baik2 semua....🙏🙏🙏Trimakasih bnyak orang2 baik semoga kebaikannya di bls allah SWT.. Aamiin 🤲🤲",2026-03-24T12:51:13.517Z,Mulyati,113045549762735702594,False,0,id,2026-05-04T16:18:38.365272
Ci9DQUlRQUNvZENodHljRjlvT2taVVRrdFJaM2s0UzJGek5YRm5RWGhGUjJ3eVJVRRAB,ChIJvWerN4Mhby4RmhmgVh22y9o,Curug Kiara Danu,Majalengka,Wisata,5,"Tempat santai dan berkumpul bersama keluarga, dengan harga tiket yang murah sangat ramah di kantor, secara lokasi tidak sebagus kolam renang di perkotaan tetapi untuk acara keluarga berkumpul dan menikmari alam sekitarnya ini sangat cocok, tempat rekomended kumpul keluarga dengan harga tejangkau.",2026-03-24T04:53:02.214Z,amir hamzah,117491363397064581389,True,0,id,2026-05-04T16:18:38.365281
Ci9DQUlRQUNvZENodHljRjlvT25GTlREUmxWRlpPVVhGcVpWcEJRbWxEY0dSR1oyYxAB,ChIJvWerN4Mhby4RmhmgVh22y9o,Curug Kiara Danu,Majalengka,Wisata,5,Banyak kolam renangnya juga untuk anak anak pemandangan nya juga bagus dan ada sungai nya lengkap semua fasilitas dan harga terjangkau,2026-03-23T08:52:09.192Z,Zaen Gamal,114391224053192105658,True,0,id,2026-05-04T16:18:38.365304
Ci9DQUlRQUNvZENodHljRjlvT2xaUlZXVktURzUyVGxKMFVVNVFaRTlmZG5CUk1uYxAB,ChIJvWerN4Mhby4RmhmgVh22y9o,Curug Kiara Danu,Majalengka,Wisata,5,"Sudah 3 x kunjungan ada yg baru terus , ketagihan pengen lagi",2026-03-22T05:48:33.500Z,tatang ihya,116144846851371935420,False,0,id,2026-05-04T16:18:38.365344
Ci9DQUlRQUNvZENodHljRjlvT2kxZlMyWm1WRVJFUlZOQ1ozbFFaRGhRYW1SMVdGRRAB,ChIJvWerN4Mhby4RmhmgVh22y9o,Curug Kiara Danu,Majalengka,Wisata,5,"Tempatnya nyaman banget, berhubung kita kesana jumat jadi sepi.. suara airnya masha Allah adem banget cm aga curam aja ya akses jalannya, aga ngeri karna cukup 1 kendaraan..
Untuk harga tiket jg terjangkau... pokonya rekomen banget💞",2026-03-08T08:14:26.077Z,Mphiiw,116297754735332119573,True,0,id,2026-05-04T16:18:38.365362
ChdDSUhNMG9nS0VJQ0FnSURyNU9fT3N3RRAB,ChIJo_axWrwpby4RLI8PEabbzT0,Kolam Renang Surya Kadipaten,Majalengka,Wisata,5,Suka sekali karna dekat,2024-07-15T07:42:51.643Z,Siti Ppp,109189854145485685617,True,0,id,2026-05-04T16:18:38.365414
ChZDSUhNMG9nS0VJQ0FnSURUOUxQdEhREAE,ChIJo_axWrwpby4RLI8PEabbzT0,Kolam Renang Surya Kadipaten,Majalengka,Wisata,3,"Tempatnya bagus, sayang bangak fasilitas yang sudah ga berfungsi. Jadi tiket Rp. 25.000 terasa terlalu mahal",2024-05-23T02:18:04.350Z,Lismia Ramdania,112106080158067847547,True,1,id,2026-05-04T16:18:38.365439
ChdDSUhNMG9nS0VJQ0FnSUNUaV9pMjdBRRAB,ChIJo_axWrwpby4RLI8PEabbzT0,Kolam Renang Surya Kadipaten,Majalengka,Wisata,1,"Ah SAYA KECEWA UMUR 5 TAHUN JUGA DI SAMA IN SAMA ORANG DEWASA MASUK NYA 25000,FASILITAS KOLAM RENANG NYA SAMA AJAH KAYA GINI GA RUBAH,KECEWA,MENDING DI JEMBAR , APA KOLAM RENANG SURYA",2024-05-19T03:27:51.449Z,Wawan,109541969906558308151,False,0,id,2026-05-04T16:18:38.365448
ChZDSUhNMG9nS0VJQ0FnSUROOE1hWFdBEAE,ChIJo_axWrwpby4RLI8PEabbzT0,Kolam Renang Surya Kadipaten,Majalengka,Wisata,5,"Serba luas & nyaman ...
Fasilitas bagus untuk les anak anak",2024-01-20T04:22:30.983Z,karinaris 1707,115296687217333058275,True,3,id,2026-05-04T16:18:38.365464
ChZDSUhNMG9nS0VJQ0FnSUNONXJTX0FREAE,ChIJo_axWrwpby4RLI8PEabbzT0,Kolam Renang Surya Kadipaten,Majalengka,Wisata,4,"Ckup recommend happy breng family,
Harga masuk di hri weekend 25rb+2000 parkir motor,

Tpi untuk kolam renang khusus anak2nya agak kotor and butek,, fasilitas and jajan ckup standar, Overall oke lah ..",2024-01-14T05:47:27.321Z,ABDUL ARIP SUCIPTO,115112163445223848369,True,0,id,2026-05-04T16:18:38.365486
ChZDSUhNMG9nS0VJQ0FnSURGM19iLUp3EAE,ChIJo_axWrwpby4RLI8PEabbzT0,Kolam Renang Surya Kadipaten,Majalengka,Wisata,5,Untuk berenang yg menyenangkan di sekitar,2023-11-12T05:01:50.133Z,Mulya Ramadhan2,103960010351170533817,True,0,id,2026-05-04T16:18:38.365511
ChdDSUhNMG9nS0VJQ0FnSUM1b3Q2ZWt3RRAB,ChIJo_axWrwpby4RLI8PEabbzT0,Kolam Renang Surya Kadipaten,Majalengka,Wisata,4,Kolam nya kotor,2023-10-12T04:15:03.938Z,Adelia Kairen Mauldwinissa,111596018248395675516,True,0,id,2026-05-04T16:18:38.365527
ChdDSUhNMG9nS0VJQ0FnSURaOHMzcnh3RRAB,ChIJo_axWrwpby4RLI8PEabbzT0,Kolam Renang Surya Kadipaten,Majalengka,Wisata,2,"Padahal tempatnya luas, tapi bener-bener tidak terawat. Kamar bilas, kamar mandi kotor sekali tampak tidak terawat. Mushola nya juga sama, sangat kotor sekali. Sungguh sangat disayangkan. Untuk harga tiket yang lumayan, saya benar-benar kecewa saat berada di dalam. Kamar mandinya bau, pokoknya nampak tidak terawat sekali. Semoga kedepannya bisa lebih baik lagi. Sayang tidak saya foto, karena terlanjur malas dan kecewa.",2023-09-28T07:27:46.545Z,Siti Imas Masruroh,111689271448040353019,True,4,id,2026-05-04T16:18:38.365544
Ci9DQUlRQUNvZENodHljRjlvT2xScU9ERkViMnRQUlRBMGQxaFpUMFJZUVVWWlJGRRAB,ChIJh_10uLsjby4R9LR7vA91FCw,"Cawene Geulis ""The Best View of CIREMAI""",Majalengka,Wisata,5,"Cawene Geulis benar-benar tempat yang nyaman untuk bersantai. Suasananya tenang, banyak spot foto menarik, dan penataannya rapi sehingga terasa estetik. Makanannya enak dengan harga yang masih masuk akal, dan pelayanannya ramah serta sigap. Cocok untuk kumpul keluarga maupun nongkrong bareng teman. Tempat parkir cukup luas dan area bersih. Pasti ingin kembali lagi!",2025-12-15T09:59:24.779Z,IDEASTUDIO CIREBON,106837076066631816226,True,0,id,2026-05-04T16:18:38.365568
Ci9DQUlRQUNvZENodHljRjlvT2pGR2RtSlBUREZoVFVOaU1HRkRXRWt6T1RKQk1rRRAB,ChIJh_10uLsjby4R9LR7vA91FCw,"Cawene Geulis ""The Best View of CIREMAI""",Majalengka,Wisata,5,Sekarang sudah tersedia ojek pick up,2025-10-26T08:11:36.480Z,ONE OUTDOOR LOJI,111474902560848587926,False,0,id,2026-05-04T16:18:38.365586
Ci9DQUlRQUNvZENodHljRjlvT2tKUmFWVm9iVGxWWXpOb01DMTJkWEozU0ZRNFRWRRAB,ChIJh_10uLsjby4R9LR7vA91FCw,"Cawene Geulis ""The Best View of CIREMAI""",Majalengka,Wisata,5,"Harganya terjangkau sekali,bagi saya yg ekonominya menengah ke bawah",2025-09-28T16:35:42.957Z,Nurul Anwar,101028928617504912576,False,0,id,2026-05-04T16:18:38.365623
Ci9DQUlRQUNvZENodHljRjlvT2poNU1sWkpRV2xFV21wRGQwTXhPR3BRT1U4NFZsRRAB,ChIJh_10uLsjby4R9LR7vA91FCw,"Cawene Geulis ""The Best View of CIREMAI""",Majalengka,Wisata,5,Mantap pihak bc nya ramah ramah semua,2025-09-21T08:22:32.945Z,Rangga Adiputra,113889882299208303230,False,0,id,2026-05-04T16:18:38.365636
Ci9DQUlRQUNvZENodHljRjlvT2xKSE0yRlZVbk0zZWxaV00xaFBTSFptTTI1eVVrRRAB,ChIJh_10uLsjby4R9LR7vA91FCw,"Cawene Geulis ""The Best View of CIREMAI""",Majalengka,Wisata,5,Baru mau kesini,2025-09-11T07:59:16.065Z,Nugroho Pujisantoso,101747150793572841739,False,0,id,2026-05-04T16:18:38.365646
Ci9DQUlRQUNvZENodHljRjlvT25WdE5UUllZWFphZGpnNGJIWnFTelZ4Tlc1V2NYYxAB,ChIJh_10uLsjby4R9LR7vA91FCw,"Cawene Geulis ""The Best View of CIREMAI""",Majalengka,Wisata,4,"Masih buka via sadarehe jalan nya,tapi yaps akses jalan nya perlu di perbaiki",2025-09-07T13:17:10.691Z,JK _Gadzer,115884505160897122713,False,0,id,2026-05-04T16:18:38.365669
Ci9DQUlRQUNvZENodHljRjlvT25abldUSmxNa2RaVlhKMFgweDFZV3B1Um1FemVWRRAB,ChIJh_10uLsjby4R9LR7vA91FCw,"Cawene Geulis ""The Best View of CIREMAI""",Majalengka,Wisata,4,"17 Agustus 2025
Nanjak minimal perjalanan maksimal penuh perjuangan,sangat effort sekali tp seru dan sangat menyenangkan 😅",2025-08-18T02:14:29.082Z,Susi Yanti,103058835140860497398,False,0,id,2026-05-04T16:18:38.365795
Ci9DQUlRQUNvZENodHljRjlvT2pZNFYwdzFXR1Z1VlU1M1JuQlZUbDluVjFCa1MxRRAB,ChIJh_10uLsjby4R9LR7vA91FCw,"Cawene Geulis ""The Best View of CIREMAI""",Majalengka,Wisata,5,jalurnya cocok buat motoran dengan medan yang sedikit menantang,2025-08-15T01:53:49.417Z,ekosantoso46,110708704069439932865,True,0,id,2026-05-04T16:18:38.365806
Ci9DQUlRQUNvZENodHljRjlvT21aeWMwcGliRVF6VkRsTFIyaFRNRVptVmxScmMwRRAB,ChIJh_10uLsjby4R9LR7vA91FCw,"Cawene Geulis ""The Best View of CIREMAI""",Majalengka,Wisata,4,"Menurut saya, aksesbilitas cukup sulit karena jalan yg sangat rusak. Bisa teman2 lihat sendiri seperti apa yg saya ulas. Mungkin dari pihak pemerintah setempat bisa memperbaiki jalan menuju wisata. Selain bermanfaat untuk pengunjung, itu juga dapat memudahkan mobilitas penduduk setempat.

Dan saran saya untuk teman2 yang mau kesini mending kendaraan nya ditaro di chekpoint 5 atau dekat warung ma oneng. Soalnya kalo dibawa ke basecamp jalannya rusak sekali dan juga waktu hiking singkat karna jarak yang pendek bila dimulai dari basecamp. Jadi mending mulai pendakian dari deket warung ma oneng jadi temen2 bisa lebih kerasa dalam menikmati pendakian.",2025-08-13T13:31:16.345Z,Sari Kurniasih,104859948365672202477,False,1,id,2026-05-04T16:18:38.365817
Ci9DQUlRQUNvZENodHljRjlvT2taa1NVWnRVV1ZmZVVGRlJUSm9NamRrV2xKV1VWRRAB,ChIJh_10uLsjby4R9LR7vA91FCw,"Cawene Geulis ""The Best View of CIREMAI""",Majalengka,Wisata,5,Akses jalan kurang baik,2025-07-29T10:36:29.624Z,Zaenal Alfarizi,110897584485769735359,False,0,id,2026-05-04T16:18:38.365844
Ci9DQUlRQUNvZENodHljRjlvT2pCTFl6RjZWVzltUnpGVVJEVnBiREk1V2pkQlRVRRAB,ChIJh_10uLsjby4R9LR7vA91FCw,"Cawene Geulis ""The Best View of CIREMAI""",Majalengka,Wisata,3,"Kecewa ternyata sudah ditutup 2 minggu yang lalu, hari ini kesana",2025-07-27T13:45:04.082Z,jan widhiutomo,103836936203129102562,False,0,id,2026-05-04T16:18:38.365855
ChZDSUhNMG9nS0VJQ0FnSUNwaGJleVpREAE,ChIJo_axWrwpby4RLI8PEabbzT0,Kolam Renang Surya Kadipaten,Majalengka,Wisata,5,Apakah ada no tlp yang bisa di hubungi?,2023-08-07T06:02:38.111Z,Eko Hariyanto,109821779455390768653,False,0,id,2026-05-04T16:18:38.365882
ChZDSUhNMG9nS0VJQ0FnSURKcHBUWEVnEAE,ChIJo_axWrwpby4RLI8PEabbzT0,Kolam Renang Surya Kadipaten,Majalengka,Wisata,5,Lumayan untuk anak,2023-07-16T02:02:29.712Z,Lala Nurbaiti Saadah,117360519665885059770,True,0,id,2026-05-04T16:18:38.365891
ChdDSUhNMG9nS0VJQ0FnSUR4NzZpR3VBRRAB,ChIJo_axWrwpby4RLI8PEabbzT0,Kolam Renang Surya Kadipaten,Majalengka,Wisata,1,2 kali kesini masuk jam14.30 di kolam renang anak..jam 15.30 udah di suruh naik dari kolam Krn mau di taburi obat.. bikin anak saya kecewa,2023-06-17T14:14:30.236Z,Asep Saefudin,102149405993693251608,False,0,id,2026-05-04T16:18:38.365900
ChZDSUhNMG9nS0VJQ0FnSUR4Z1kzNEh3EAE,ChIJo_axWrwpby4RLI8PEabbzT0,Kolam Renang Surya Kadipaten,Majalengka,Wisata,3,"Mau tanya dulu, sekarang tiket masuk kolam renang nya berapa ya?",2023-06-09T13:12:24.647Z,Pirman Alamsyah,114818052351312592955,False,0,id,2026-05-04T16:18:38.365911
ChdDSUhNMG9nS0VJQ0FnSUQtOWNpVzN3RRAB,ChIJo_axWrwpby4RLI8PEabbzT0,Kolam Renang Surya Kadipaten,Majalengka,Wisata,4,"Suka renang disini sama suami dan sodara juga pernah nikah disini.
Kolamnya bagus buat belajar renang, tapi pelayannya bapak bapak bawel banget",2022-12-06T01:41:24.727Z,ami mardiani,102926553940347442010,True,2,id,2026-05-04T16:18:38.365968
ChdDSUhNMG9nS0VJQ0FnSUMtaDZfbnh3RRAB,ChIJo_axWrwpby4RLI8PEabbzT0,Kolam Renang Surya Kadipaten,Majalengka,Wisata,4,"Tempat nya lumayan tapi wahana dan kebersihan nya masih sangat kurang..
Makanan dikantinya pun mahal-mahal",2022-11-15T04:40:28.763Z,charlind apriliand,116811521496532858800,False,0,id,2026-05-04T16:18:38.365988
Ci9DQUlRQUNvZENodHljRjlvT25FNVdrNXNkMjFNTVRSWmVsaGlPR1JqYVUxR1VtYxAB,ChIJPyKuYKshby4RYe4y61D73Fk,Kolam Renang Tirta Indah,Majalengka,Wisata,5,Semoga tambah banyak wisatanya,2026-04-04T12:30:48.286Z,Moh Ahsin,110514784622662156170,True,0,id,2026-05-04T16:18:38.366038
Ci9DQUlRQUNvZENodHljRjlvT25BMlVEa3RjRlk0UVhka04zVk1aR2Q2YzA5MFpIYxAB,ChIJPyKuYKshby4RYe4y61D73Fk,Kolam Renang Tirta Indah,Majalengka,Wisata,5,Cobain sendirian aja deh nanti juga tau cerita nya,2026-04-01T13:19:13.492Z,Varro Rio,112912397182606322234,False,0,id,2026-05-04T16:18:38.366047
Ci9DQUlRQUNvZENodHljRjlvT2tKcWVYUTNZa0ZUV0dsNlNDMTViek5MY1VGd1owRRAB,ChIJPyKuYKshby4RYe4y61D73Fk,Kolam Renang Tirta Indah,Majalengka,Wisata,5,Dulu pas Masih sekolah TK pernah kesini keasikan renang ampe disuruh pulang,2026-03-31T09:20:59.729Z,Falah Fadlika,117890110366231499434,False,0,id,2026-05-04T16:18:38.366072
Ci9DQUlRQUNvZENodHljRjlvT25kU2RFTnZTVkJRVTBOaU9YRlVjM3BmWm01aFZXYxAB,ChIJPyKuYKshby4RYe4y61D73Fk,Kolam Renang Tirta Indah,Majalengka,Wisata,5,Bagus dan ramai,2026-03-29T08:08:54.766Z,Raden Sholeh Jaya Jaya,108947374088028068785,True,0,id,2026-05-04T16:18:38.366106
Ci9DQUlRQUNvZENodHljRjlvT2xaTk1YTlJPRFJYWjFGQlZEUjJkMGR6VTBSZlEzYxAB,ChIJPyKuYKshby4RYe4y61D73Fk,Kolam Renang Tirta Indah,Majalengka,Wisata,5,"indah, Bersi dan nyaman, kolamnya juga bervariasi",2026-03-27T06:16:02.657Z,Mimi iip,116064565379375868331,False,0,id,2026-05-04T16:18:38.366117
Ci9DQUlRQUNvZENodHljRjlvT2xwMk5XOUJURWRXYjBGS1VVNDNieTF6V25OTFduYxAB,ChIJPyKuYKshby4RYe4y61D73Fk,Kolam Renang Tirta Indah,Majalengka,Wisata,5,"Tempatnya enak adem & bersih, kolamnya banyak ada mini zoo nya juga
Harga tiket 25K anak² & dewasa",2026-03-27T05:29:00.962Z,GC store,108050884132899453332,False,0,id,2026-05-04T16:18:38.366126
Ci9DQUlRQUNvZENodHljRjlvT2pCMU9HdGpMV0Z6YzBka1pHUkZVMVZEV2xkQlNXYxAB,ChIJPyKuYKshby4RYe4y61D73Fk,Kolam Renang Tirta Indah,Majalengka,Wisata,4,"Prosotannya keset GK licin,danenurut gw ikn terapinya kurang banyak",2026-03-26T08:35:41.596Z,Wandi Wijaya,105411892987791160657,False,0,id,2026-05-04T16:18:38.366135
ChZDSUhNMG9nS0VJQ0FnSUNPNnNPMUpnEAE,ChIJPyKuYKshby4RYe4y61D73Fk,Kolam Renang Tirta Indah,Majalengka,Wisata,5,"Seru kolamnya banyak Ada 7 jadi gak bosen berenang nya, dan Kamar Mandi nya juga banyak (bersih) pasilitas permainan nya juga banyak mulai dari ATV, motor trail mini, mobil mobilan mini, ROORERCOSTER mini . Sampai kebun binatang mini nya juga Ada. Tempat penitipan barang  juga Ada jadi aman,nyaman poko nya",2026-03-26T02:49:07.574Z,pepeyy tiktok,100384454339491432058,False,0,id,2026-05-04T16:18:38.366144
Ci9DQUlRQUNvZENodHljRjlvT210NloySTNTM1JNYW5ZNVJtSm1hWE4xYzNrelVWRRAB,ChIJPyKuYKshby4RYe4y61D73Fk,Kolam Renang Tirta Indah,Majalengka,Wisata,4,Cari moment yg sepi supaya puas. 😆,2026-03-25T10:18:28.277Z,Zefanya Pangkey,117110554956401562569,True,0,id,2026-05-04T16:18:38.366156
Ci9DQUlRQUNvZENodHljRjlvT2pCSVFTMXJORFJyZHpSeFQwY3pNSGxCY20xcFUzYxAB,ChIJPyKuYKshby4RYe4y61D73Fk,Kolam Renang Tirta Indah,Majalengka,Wisata,5,Sdh 3x di situ.. Tempat luas pelayanan puas. Makann harga murah2..,2026-03-24T09:19:15.835Z,3 Satria,112639084135153836534,False,0,id,2026-05-04T16:18:38.366166
Ci9DQUlRQUNvZENodHljRjlvT21WMFdHVTFSREI2YVhaM1ZtbHZNRGhrY1dsTk1VRRAB,ChIJPyKuYKshby4RYe4y61D73Fk,Kolam Renang Tirta Indah,Majalengka,Wisata,4,"Kolam renang bagus banyak tapi bagian satwa/hewan nya harus diperbaiki atau direnovasi dan papan nama hewan nya harus di ganti supaya para pengunjung melihat dan tahu hewan apa
Oke sekian terimakasih wassalamualaikum wr wb",2026-03-24T07:37:07.285Z,Abdullah,102518924591712328484,False,0,id,2026-05-04T16:18:38.366175
Ci9DQUlRQUNvZENodHljRjlvT21RMlFrcG9WekkzTmtOaGEwZFlPSGhqVkdwWlgwRRAB,ChIJPyKuYKshby4RYe4y61D73Fk,Kolam Renang Tirta Indah,Majalengka,Wisata,5,The best sqimming pool the panorama is very beutiful and the price also chiper,2026-03-17T07:29:51.217Z,Al Sa,105627562057267378903,False,0,en,2026-05-04T16:18:38.366184
Ci9DQUlRQUNvZENodHljRjlvT2pkTU1scHFOelZUZGt4UWFrcG1NR1JtTmtscmNGRRAB,ChIJh_10uLsjby4R9LR7vA91FCw,"Cawene Geulis ""The Best View of CIREMAI""",Majalengka,Wisata,5,"Htm 25rb include stiker, parkir 10rb permotor. Cocok untuk pemula karena track landai. Untuk hiking bisa dari parkiran pertama ataupun parkiran kedua dekat dari base camp. Pemandangannya cantik banget, udaranya sejuk, kalaupun siang ga sampe terik bahkan cenderung kabut. Salfok ada doggy di base camp, kasian banget menggigil gitu, kebetulan ga bawa pet food jadi ga sempet ngasih makanan. Semoga doggynya bener-bener dipelihara dengan baik ya, ga kelaparan/kehausan ga kedinginan apalagi kehujanan. Minusnya jalan menuju lokasi emang bebeledugan euy bisa bikin shock breaker kena.",2025-07-12T02:13:27.359Z,Ikfi Khofifah,105319995503231364638,True,0,id,2026-05-04T16:18:38.366200
Ci9DQUlRQUNvZENodHljRjlvT2xoRVFrNW5lVFIxTVZWMGJsZEVibWwzVFVoTlJHYxAB,ChIJh_10uLsjby4R9LR7vA91FCw,"Cawene Geulis ""The Best View of CIREMAI""",Majalengka,Wisata,4,"Tempatnya udah gak bisa dikunjungi lagi, guys.
Ada Warga sekitar yang mencegah untuk ngasih info kalau lokasinya ditutup permanen, ditanya kenapa tidak ada alasan
Pasti .
Buat yang udah sempat ke sana, kalian beruntung banget!
Yang belum, sabar ya… semoga ada kabar baik ke depannya. 🌿🙏",2025-07-08T01:00:03.458Z,Adi Wi,108417509238129586579,True,1,id,2026-05-04T16:18:38.366219
Ci9DQUlRQUNvZENodHljRjlvT2s1Uk1uZzNXVkUwYW1SSlgxRTFZbGM1Y0RCdFpGRRAB,ChIJh_10uLsjby4R9LR7vA91FCw,"Cawene Geulis ""The Best View of CIREMAI""",Majalengka,Wisata,5,Gak nyesel pokoknya 🥰,2025-06-23T00:36:50.871Z,Meli Amelia,113816517669011006234,True,0,id,2026-05-04T16:18:38.366229
Ci9DQUlRQUNvZENodHljRjlvT2s5RFJVbzVSMjVaZW5KTVJWUnlNMGhuYjBWNFdXYxAB,ChIJh_10uLsjby4R9LR7vA91FCw,"Cawene Geulis ""The Best View of CIREMAI""",Majalengka,Wisata,5,"bagus tempatnyaa, cocok buat pemulaa track yang landai pemandangannya juga okeeee",2025-06-19T05:11:28.169Z,Neng puja Kharisma,101976044979655844810,False,1,id,2026-05-04T16:18:38.366266
ChdDSUhNMG9nS0VJSDY2czd3NF9qYTFRRRAB,ChIJh_10uLsjby4R9LR7vA91FCw,"Cawene Geulis ""The Best View of CIREMAI""",Majalengka,Wisata,5,"Dengan view pemandangan gunung ceremai sangat bagus sekali..
Adem, nyaman, jalur tracking oke, penataan motor d tempat parkir oke..
HTM masuk : 25k
Parkir motor :10k",2025-05-25T05:09:24.682Z,Hiba Rahilah,101540689163792323629,False,0,id,2026-05-04T16:18:38.366300
Ci9DQUlRQUNvZENodHljRjlvT2xKc2JHTm9WaTFUYVRKbVNTMVpTek5KWldjdFRsRRAB,ChIJPyKuYKshby4RYe4y61D73Fk,Kolam Renang Tirta Indah,Majalengka,Wisata,4,"Lumayan buat momong anak, main air, tempatnya jg sejuk 🫰🏻",2026-03-07T04:36:31.802Z,Suci Hartati Dewi,101757589224081484896,False,0,id,2026-05-04T16:18:38.366332
Ci9DQUlRQUNvZENodHljRjlvT21SUlJscFlaMGxGUVhRelkyTXhZbUY0VkZFNVMxRRAB,ChIJPyKuYKshby4RYe4y61D73Fk,Kolam Renang Tirta Indah,Majalengka,Wisata,1,"blasss,,,,pelayanan ga ramah",2026-02-05T13:29:34.830Z,deden pratama,114711443042023313945,False,0,id,2026-05-04T16:18:38.366353
Ci9DQUlRQUNvZENodHljRjlvT2xvMU5YZ3hhVWR4Vm10RFMxQkNNeTFSTUVFMlYyYxAB,ChIJPyKuYKshby4RYe4y61D73Fk,Kolam Renang Tirta Indah,Majalengka,Wisata,1,Sangaaaaat mengecewakan....rombongan mendingan jgn ke sini deh....pelayan kasir jutek pula.,2026-02-05T04:31:28.574Z,Mamah Fatimah,107858022182250962610,False,0,id,2026-05-04T16:18:38.366362
Ci9DQUlRQUNvZENodHljRjlvT25ONWVGZEJRbFZITlhCNVowSlJkV0ZOZDBwUWIzYxAB,ChIJPyKuYKshby4RYe4y61D73Fk,Kolam Renang Tirta Indah,Majalengka,Wisata,5,Seru dengan pemandangan alam,2026-02-01T05:48:23.298Z,Frans Setia,105884919836347050221,False,0,id,2026-05-04T16:18:38.366380
Ci9DQUlRQUNvZENodHljRjlvT205U01EWm9WRnBMWTBGUmMzSmZjamh4WlRkM2JYYxAB,ChIJPyKuYKshby4RYe4y61D73Fk,Kolam Renang Tirta Indah,Majalengka,Wisata,5,"Tempatnya nyaman, kalo buat foto foto lebih bagus setelah hujan atau pas ada kabut diarea gunungnya.. harga minum dan makann nya terbilang murah standar",2026-01-19T08:41:13.605Z,Hoerul Fahmi,108507309755207511736,True,0,id,2026-05-04T16:18:38.366409
Ci9DQUlRQUNvZENodHljRjlvT21GS00xSnFUa2hMUjBoTk9VMWFkVzFtTFhwMU5sRRAB,ChIJPyKuYKshby4RYe4y61D73Fk,Kolam Renang Tirta Indah,Majalengka,Wisata,5,Kolam renang murah meriah bersih,2026-01-18T12:05:39.769Z,Cafe Nusantara,109410090859323654562,True,0,id,2026-05-04T16:18:38.366426
Ci9DQUlRQUNvZENodHljRjlvT2xwQkxUbE5OMW94VkVSc2NtTjZjWGRxU2xCbmVWRRAB,ChIJPyKuYKshby4RYe4y61D73Fk,Kolam Renang Tirta Indah,Majalengka,Wisata,5,asyik pemandangannya,2026-01-11T06:51:16.187Z,Wafi Pro,103637546877938770938,False,0,id,2026-05-04T16:18:38.366478
Ci9DQUlRQUNvZENodHljRjlvT2taeFpEY3RMVlZmVW5GbVRHVjVVMVpQVlRscWFsRRAB,ChIJKxlepV85by4R5aBiMQhuhu4,Museum Talaga Manggung,Majalengka,Wisata,5,Bagus tempatnya nyaman dan asri,2026-02-18T09:31:25.494Z,Suta ID,115739000847154515010,True,0,id,2026-05-04T16:18:38.366548
Ci9DQUlRQUNvZENodHljRjlvT2taME4zWXRiV2hYUTJwMlYyUlpRbTV5TUhJeGRHYxAB,ChIJKxlepV85by4R5aBiMQhuhu4,Museum Talaga Manggung,Majalengka,Wisata,4,"Dusun Kahuripan Cimeong Kabu. Kuningan

Ask place For A worm Super Unknown Human being.",2025-10-14T11:09:33.885Z,Avaris Predator,102031440655212757500,True,0,id,2026-05-04T16:18:38.366646
ChdDSUhNMG9nS0VJQ0FnTUNZckxxcTFnRRAB,ChIJKxlepV85by4R5aBiMQhuhu4,Museum Talaga Manggung,Majalengka,Wisata,5,"Situs cagar budaya Talaga Manggung
Keren",2025-05-02T05:36:16.918Z,Iwan Ikhwanudin,103654550069270039783,False,0,id,2026-05-04T16:18:38.366713
Ci9DQUlRQUNvZENodHljRjlvT2t0VllUSmtXbXMzYlVZeGVHZE5TV05YUW5kRlkwRRAB,ChIJPyKuYKshby4RYe4y61D73Fk,Kolam Renang Tirta Indah,Majalengka,Wisata,4,lebih suka dateng pas musim hujan karena lebih adem&dingin cuacanya,2026-01-06T09:01:07.494Z,hlfmncrystal,102063826567024582344,False,0,id,2026-05-04T16:18:38.366823
Ci9DQUlRQUNvZENodHljRjlvT2tWd1R6WnZkSEpXV2pCck4wRTFkREV4Y2pCWFYyYxAB,ChIJPyKuYKshby4RYe4y61D73Fk,Kolam Renang Tirta Indah,Majalengka,Wisata,4,"kalau hujan siap-siap yang pake motor kehujanan motornya, nyewa bola mahal bener yaelah harganya setara beli mie cup, perosotannya macet semua air dialirin banyak pun tetep aja mungkin cuma di gw who knows?",2026-01-06T07:39:38.244Z,Rey J.,108507927227893863878,True,0,id,2026-05-04T16:18:38.366832
Ci9DQUlRQUNvZENodHljRjlvT2poTFZrZEhRa2cxTkRWVWQwOVpPVGRRVTNsdVJYYxAB,ChIJPyKuYKshby4RYe4y61D73Fk,Kolam Renang Tirta Indah,Majalengka,Wisata,3,"Lumayan luas tempatnya, buat kolam renang di rasa cukup, cuma buat saya wahana permainan buat anak2 yg kurang. Krna rata2 di manapun yg di utamakan itu buat bermain anak2 dulu. Itu saja sih. Makasih.",2026-01-02T03:52:47.775Z,Atta Warsita,112656682638445682789,True,0,id,2026-05-04T16:18:38.366865
Ci9DQUlRQUNvZENodHljRjlvT2pSNWRXOUhObmszTjJkek0yWlVSWGRqYVZjMVMxRRAB,ChIJPyKuYKshby4RYe4y61D73Fk,Kolam Renang Tirta Indah,Majalengka,Wisata,5,"Parkiran luas, kolam renangnya banyak dari mulai untuk anak kecil sampai dewasa pun ada.",2026-01-01T21:36:27.775Z,Ryan Septiawan,113808353735162566643,True,0,id,2026-05-04T16:18:38.366874
Ci9DQUlRQUNvZENodHljRjlvT21JMmMzTkhhalkzT1hSMVEzaEthREJPU0VKV1VWRRAB,ChIJPyKuYKshby4RYe4y61D73Fk,Kolam Renang Tirta Indah,Majalengka,Wisata,5,Murah meriah tempatnya luas,2026-01-01T07:30:33.922Z,TAUFIQ AJA,107441360716278078435,True,0,id,2026-05-04T16:18:38.366883
Ci9DQUlRQUNvZENodHljRjlvT2pOaFNFRmplRU5TVUVaWmNHVlZlRGt0U1cxSWFYYxAB,ChIJPyKuYKshby4RYe4y61D73Fk,Kolam Renang Tirta Indah,Majalengka,Wisata,5,Kamar ganti kurang terawat,2025-12-25T12:09:56.250Z,Hardianto Crb,109697473826794085076,True,0,id,2026-05-04T16:18:38.366898
Ci9DQUlRQUNvZENodHljRjlvT2tabVUzUmtXbk5SUjIxU2R6SjRiRFpRUzIxSlZWRRAB,ChIJPyKuYKshby4RYe4y61D73Fk,Kolam Renang Tirta Indah,Majalengka,Wisata,5,Seru sangat cocok untuk anak2,2025-12-25T08:38:16.987Z,Sri Mulyani,105321491216299941444,False,0,id,2026-05-04T16:18:38.366906
Ci9DQUlRQUNvZENodHljRjlvT25oNFVFbFVla3RYV1cxbGNYcGZlVU00Wm00NExYYxAB,ChIJJzxxh5Ehby4RL4BOsiIeVgk,Sanghyangdora Campground (Situ Cibaringkeng),Majalengka,Wisata,5,"walau 385 mdl, ini pedes bgt sih. banyak yang latihan trail run dan anak kecil yang kuat sampe atas. wajib cobaaaa walau sekali hehe",2026-05-02T09:42:59.522Z,Ayu Nur Kholifah,104204659774079216878,True,0,id,2026-05-04T16:18:38.366935
Ci9DQUlRQUNvZENodHljRjlvT2sxeWFVdGFUMkkyUVZkUk0xYzRVbWxVZDNaSGFGRRAB,ChIJJzxxh5Ehby4RL4BOsiIeVgk,Sanghyangdora Campground (Situ Cibaringkeng),Majalengka,Wisata,5,Asyik nih buat yg suka track jaraknya pendek,2026-05-02T03:45:37.203Z,Aljauzi Channel,103076279296241368698,True,0,id,2026-05-04T16:18:38.366946
Ci9DQUlRQUNvZENodHljRjlvT2xoYWJXRkJOR3RPYVVWRE9IWmlWVjlVVGpSTGFXYxAB,ChIJJzxxh5Ehby4RL4BOsiIeVgk,Sanghyangdora Campground (Situ Cibaringkeng),Majalengka,Wisata,5,"25 may 2025, keren, seruuu
مَا شَاءَ ٱللَّٰهُ",2026-04-25T10:15:35.966Z,EvieYuningsih (mamii alvien),104030797060131766526,True,0,ar,2026-05-04T16:18:38.366959
Ci9DQUlRQUNvZENodHljRjlvT21kRVQxbENlREEzTFZsM1VWUlJRbTkxYXpCeWRrRRAB,ChIJJzxxh5Ehby4RL4BOsiIeVgk,Sanghyangdora Campground (Situ Cibaringkeng),Majalengka,Wisata,5,Baguss buat pemula rekomendasi bangett tempatnya Hiden gem enak samai tentrem cmn diatas gaada air syg bgtt pemandangan nya cakep bgt masyaAllah,2026-04-21T11:02:55.468Z,hartati.chiko•,117671917226717069685,True,0,id,2026-05-04T16:18:38.366969
Ci9DQUlRQUNvZENodHljRjlvT2t4TGNUQlNZa1kyVERKcVRFVnJSVWxJVDBvemNFRRAB,ChIJJzxxh5Ehby4RL4BOsiIeVgk,Sanghyangdora Campground (Situ Cibaringkeng),Majalengka,Wisata,5,"Pemandangannya baguss! Udah 2x ke sini, apalagi di pagi2 hari atau sore (sunset). Perjalanan mayan terjal sih buat yg g hobi hiking atau ke bukit2 gitu, tapi seterjal apapun perjalanannya kalo bareng temen2 yg seru sih perjalanannya ttep menyenangkan! Kadang yg menentukan berkesan atau tidaknya bukan sebuah destinasi, tapi dg siapa kamu ke sana! Hihi",2026-04-05T05:13:23.327Z,NyuyorkSiti,110228706120270844676,True,0,id,2026-05-04T16:18:38.367018
Ci9DQUlRQUNvZENodHljRjlvT2xkbFZIWnpjVTFEWjNocmRuUTNjemxvYjJoNE9IYxAB,ChIJJzxxh5Ehby4RL4BOsiIeVgk,Sanghyangdora Campground (Situ Cibaringkeng),Majalengka,Wisata,5,Sangat indah...setelah sampai puncaknya...banyak yg camping,2026-03-22T13:16:29.940Z,Sidik Nurasa,103699704240299530065,True,0,id,2026-05-04T16:18:38.367035
Ci9DQUlRQUNvZENodHljRjlvT2tSZmVYRklRM1JsTVhaaE1VaHZNMkZWWW5kbVkyYxAB,ChIJJzxxh5Ehby4RL4BOsiIeVgk,Sanghyangdora Campground (Situ Cibaringkeng),Majalengka,Wisata,5,"Ada 2 jalur, mau muter jauh tapi trek landai, atau mau cepet tapi yaaa gituuu deh. Rekomen ke sini sore atau paginya pagi banget. Estimasi treking 1jam.",2026-03-03T10:31:07.711Z,ria megah hati,105188926467798810448,True,0,id,2026-05-04T16:18:38.367075
Ci9DQUlRQUNvZENodHljRjlvT2tsNlpHc3llSGt6TjFJeWRtaHhXREJpT0RWWmVWRRAB,ChIJJzxxh5Ehby4RL4BOsiIeVgk,Sanghyangdora Campground (Situ Cibaringkeng),Majalengka,Wisata,5,trecknya awal” langsung naik tapi pendek treknya,2026-02-04T00:20:09.810Z,Zidan Fernanda,117264586180339788288,True,0,id,2026-05-04T16:18:38.367110
Ci9DQUlRQUNvZENodHljRjlvT2sxUlEwYzBZMlZ3Y1RkWVMyaFNXak55T1doQ1luYxAB,ChIJJzxxh5Ehby4RL4BOsiIeVgk,Sanghyangdora Campground (Situ Cibaringkeng),Majalengka,Wisata,5,"worth bangett, capenya terbayarkan dengan pemandangan indah
tiketnya cuma 5rb.",2026-01-20T22:34:40.830Z,Adillahsp,116338348577369279864,True,0,id,2026-05-04T16:18:38.367119
ChdDSUhNMG9nS0VJQ0FnSURYaWREWjJBRRAB,ChIJKxlepV85by4R5aBiMQhuhu4,Museum Talaga Manggung,Majalengka,Wisata,5,Tempat nya asri,2024-10-28T16:19:59.229Z,johanes emanoel,114422542539009314468,True,0,id,2026-05-04T16:18:38.367193
ChdDSUhNMG9nS0VJQ0FnSURYcVAyM3RRRRAB,ChIJKxlepV85by4R5aBiMQhuhu4,Museum Talaga Manggung,Majalengka,Wisata,4,Bisa root ga nih,2024-10-23T15:03:19.213Z,Kelazz Bekk,115329530962155813080,False,0,id,2026-05-04T16:18:38.367202
Ci9DQUlRQUNvZENodHljRjlvT2tJeFRqWkVVM1oxVDFaa1YwTkRTM1JVWjFjMGVFRRAB,ChIJQX-UxCshby4Ri_VrpuV1rlw,Kolam Renang DN Waterplay,Majalengka,Wisata,3,"Lumayan lah cuman Kolam Renang buat anak-anaknya diperbanyak lagi dan waktu ke sana Airnya kotor banyak lumutnya,......",2026-05-04T12:48:53.734Z,Hasan Sobari,101100973071958398344,False,0,id,2026-05-04T16:18:38.367226
Ci9DQUlRQUNvZENodHljRjlvT25oT01FazFaa2h1VDBwNU9HTktWa0pOUzFkTllsRRAB,ChIJQX-UxCshby4Ri_VrpuV1rlw,Kolam Renang DN Waterplay,Majalengka,Wisata,5,"Tempat renang yang sejuk banget pemandangan yang indah dan bersih
Cocok buat kumpul keluarga sambil berenang ya",2026-04-30T11:29:08.438Z,Winda Handini,114510354602708460358,True,0,id,2026-05-04T16:18:38.367239
Ci9DQUlRQUNvZENodHljRjlvT21KMVpFdzJhemR4UVRKZlptUndSRmd4VjIxdFZIYxAB,ChIJQX-UxCshby4Ri_VrpuV1rlw,Kolam Renang DN Waterplay,Majalengka,Wisata,1,"dear manajemen, tolong perhatikan kembali kebersihan kolam renang anak, kolam.a kotor dn berlumut, jauh banget sama pengalaman sy berenang di jembar, lbh mahal sih tp wajar krn kolam renang.a luas dan wahana.a banyak, tp kebersihan itu loh, bner2 dijaga..
malu saja pnya tempat kolam renang deket rmh tp kualitas kebersihan.a ancur parah kaya mandi di walungan, please perbaiki ya !
plus.a : makanan.a murah2, petugas.a ramah2",2026-04-30T05:21:20.624Z,Rizaldi Auliya,117499187065126861217,False,0,id,2026-05-04T16:18:38.367249
Ci9DQUlRQUNvZENodHljRjlvT2xwSllXaFdPVzVDWkVKTll6ZDBabDkzT1c1a2JrRRAB,ChIJQX-UxCshby4Ri_VrpuV1rlw,Kolam Renang DN Waterplay,Majalengka,Wisata,5,"Lumayan BAGUS saungnya...
Kolamnya sederhana dan pilihannya g banyak...",2026-04-29T12:30:50.206Z,fauzan fnu,108954120723070004015,True,0,id,2026-05-04T16:18:38.367257
Ci9DQUlRQUNvZENodHljRjlvT2xkWFZWVkVVbDk2VDBGWVpUTmpZV3QyVVRSdlVHYxAB,ChIJQX-UxCshby4Ri_VrpuV1rlw,Kolam Renang DN Waterplay,Majalengka,Wisata,5,"harga murah, fasilitas bnyak, kolam bnyak, bagus luas top markotop",2026-04-28T14:22:28.483Z,mochi klepon,114533216068589857949,True,0,id,2026-05-04T16:18:38.367273
Ci9DQUlRQUNvZENodHljRjlvT2pKNWEyWjFhM010VDJGcmRYQXRjWEJKV21WcVRWRRAB,ChIJQX-UxCshby4Ri_VrpuV1rlw,Kolam Renang DN Waterplay,Majalengka,Wisata,5,"Enaknya dihari biasa supaya puas menikmati kolam renang nya, yang utama toiletnya bersih bagus",2026-04-20T09:17:36.610Z,Riko,107943015223488761492,False,0,id,2026-05-04T16:18:38.367288
Ci9DQUlRQUNvZENodHljRjlvT2xjelExbHdZVkl3VjFGcVJIZERjV3BtT0U5ZlIwRRAB,ChIJQX-UxCshby4Ri_VrpuV1rlw,Kolam Renang DN Waterplay,Majalengka,Wisata,5,"Tolong ya kalau mau potong rumput nanti pada saat tidak ada pengunjung,sangat menggangu sekali ketenangan",2026-04-18T07:12:12.590Z,Fahad Care,116544260818509236266,False,0,id,2026-05-04T16:18:38.367306
Ci9DQUlRQUNvZENodHljRjlvT2psRGNEUXhUV1JPYWxFMGNVMHRMWEZyWWxWUVZsRRAB,ChIJQX-UxCshby4Ri_VrpuV1rlw,Kolam Renang DN Waterplay,Majalengka,Wisata,5,"Tempat luas, hanya perlu penambahan kolam renang",2026-04-08T06:58:23.101Z,Tirta Atmaja,109975803190373424331,True,0,id,2026-05-04T16:18:38.367315
Ci9DQUlRQUNvZENodHljRjlvT2s1ME4yNURjMFYyYldWelJUaFZVbWRLWm1SQmFHYxAB,ChIJQX-UxCshby4Ri_VrpuV1rlw,Kolam Renang DN Waterplay,Majalengka,Wisata,5,Cukup menghibur untuk wahana anak2 di masa libur lebaran kali ini,2026-04-07T04:25:55.818Z,agus sulaeman,107825385309565849551,False,0,id,2026-05-04T16:18:38.367323
Ci9DQUlRQUNvZENodHljRjlvT2pGSE5qSTRVV3cyTjNaTFNrZFNhVEJTVG0xS1JuYxAB,ChIJQX-UxCshby4Ri_VrpuV1rlw,Kolam Renang DN Waterplay,Majalengka,Wisata,4,Overall good park❤️🔥. Kesekian kalinyaaa kesini... tidak pernah bosan.,2026-04-05T02:39:53.752Z,TOKO WINDY,116857984371394958337,True,0,id,2026-05-04T16:18:38.367332
Ci9DQUlRQUNvZENodHljRjlvT21aYWQwcDNUVEoyU0RKSVYzVjBPV1JMY0doVVltYxAB,ChIJQX-UxCshby4Ri_VrpuV1rlw,Kolam Renang DN Waterplay,Majalengka,Wisata,5,tempatnya asyik banyak tempat untuk photo2 dengan background pemandangan alam yg indah dan juga ada gunung ciremainya,2026-03-22T07:33:17.570Z,Hasan Nudin,100939345835366349602,False,0,id,2026-05-04T16:18:38.367351
Ci9DQUlRQUNvZENodHljRjlvT2poQ1ZHTlBYMjAzT1ZoWmRpMXJSVGhsWVRsbFdWRRAB,ChIJQX-UxCshby4Ri_VrpuV1rlw,Kolam Renang DN Waterplay,Majalengka,Wisata,5,Bagus banget tempatny,2026-03-04T14:02:52.418Z,Junedi Edk,117295182104363966547,False,0,id,2026-05-04T16:18:38.367360
Ci9DQUlRQUNvZENodHljRjlvT21wMGRHNTBVall5YTAxaFh6TktRME5tTFdGZldHYxAB,ChIJQX-UxCshby4Ri_VrpuV1rlw,Kolam Renang DN Waterplay,Majalengka,Wisata,4,enak pemandangan sawahnya aja,2026-03-01T13:44:29.420Z,Hendra Inside,117007178391867688846,True,0,id,2026-05-04T16:18:38.367367
Ci9DQUlRQUNvZENodHljRjlvT25JMVYyUmFSbGc0YUhkTU5FcFdlVmxKTUZSRU4xRRAB,ChIJQX-UxCshby4Ri_VrpuV1rlw,Kolam Renang DN Waterplay,Majalengka,Wisata,5,"Sekarang DN kolam renang Rajagaluh banyak perbaikan.. selain kolam nya ramah buat anak2, Sekarang juga banyak slot foto  berlatar sawah yg aestetik",2026-02-24T22:16:09.415Z,YUDIONO,116349828082082016883,True,0,id,2026-05-04T16:18:38.367375
Ci9DQUlRQUNvZENodHljRjlvT2twSmIxWndiREJSUW1KM1EyYzBkRmxmY1dwT1kxRRAB,ChIJQX-UxCshby4Ri_VrpuV1rlw,Kolam Renang DN Waterplay,Majalengka,Wisata,5,Baguss dan terjangkau tinggal tambahin rumah makan sunda buat kluarga yg menunggu anak anak berenang,2026-02-22T01:14:13.714Z,Rima Hardianti Rauf,110454142426389656614,False,0,id,2026-05-04T16:18:38.367383
Ci9DQUlRQUNvZENodHljRjlvT2tOb2JGTllVMUptZFVjNVVrOVVObmxrZFhwMmRrRRAB,ChIJJzxxh5Ehby4RL4BOsiIeVgk,Sanghyangdora Campground (Situ Cibaringkeng),Majalengka,Wisata,5,"2 agustus 2025
seruu....",2026-01-06T03:58:36.032Z,kai,102425746605603632105,False,0,id,2026-05-04T16:18:38.367425
Ci9DQUlRQUNvZENodHljRjlvT2twSmJqTkdaRXRKUW5GQ1owWXhOVUp5VjFwc2FGRRAB,ChIJJzxxh5Ehby4RL4BOsiIeVgk,Sanghyangdora Campground (Situ Cibaringkeng),Majalengka,Wisata,5,"view belakangya pegunungan untuk datang pagi
view depan city light untuk datang sore- malam",2026-01-05T05:23:47.762Z,Badroel Littlebear,117582523267393126084,False,0,id,2026-05-04T16:18:38.367433
Ci9DQUlRQUNvZENodHljRjlvT2pCSllVTXpOalJMY25sQ1ozaEJaRjlTVmpKeGNGRRAB,ChIJJzxxh5Ehby4RL4BOsiIeVgk,Sanghyangdora Campground (Situ Cibaringkeng),Majalengka,Wisata,1,"Tidak ada wc,licin banget",2026-01-02T22:20:21.435Z,Septya Wulandari17,113341061209049252793,False,0,id,2026-05-04T16:18:38.367441
Ci9DQUlRQUNvZENodHljRjlvT2tSYVNIcHhVamRXVHpoR01FbGpiRXB3YjBSWmFFRRAB,ChIJJzxxh5Ehby4RL4BOsiIeVgk,Sanghyangdora Campground (Situ Cibaringkeng),Majalengka,Wisata,5,muncak ke shayangdora,2025-12-18T02:16:53.562Z,Dhiyaul,100056721301287331066,False,0,id,2026-05-04T16:18:38.367478
Ci9DQUlRQUNvZENodHljRjlvT2tsQ2NHVlBaVTFJWjNadmFYTnRkbkJvYkY5bGVGRRAB,ChIJJzxxh5Ehby4RL4BOsiIeVgk,Sanghyangdora Campground (Situ Cibaringkeng),Majalengka,Wisata,5,Pokoknya awesome,2025-12-07T15:15:16.753Z,Irfan Syafe'i,100818653535868435707,False,0,id,2026-05-04T16:18:38.367492
Ci9DQUlRQUNvZENodHljRjlvT25GaVozQnNNM0JVVEZOdVdHbElOMlJKWDBWRllVRRAB,ChIJJzxxh5Ehby4RL4BOsiIeVgk,Sanghyangdora Campground (Situ Cibaringkeng),Majalengka,Wisata,5,"Bukit yg cocok untuk latihan fisik pemula, dimana total pos ada 4. Medan trail menanjak ekstrem, tapi setelah pos 3 medan sudah tidak terlalu curam.",2025-11-14T07:04:10.346Z,M. Septio Bahrul Ilmi,100122262048917159594,True,0,id,2026-05-04T16:18:38.367510
Ci9DQUlRQUNvZENodHljRjlvT2pobVVVNTFXWGxSUlVJMlJrUk5kVFJvTlZOeExYYxAB,ChIJJzxxh5Ehby4RL4BOsiIeVgk,Sanghyangdora Campground (Situ Cibaringkeng),Majalengka,Wisata,5,"MDPL pendek tapi tracknya lumayan nanjak 😭, cocok buat hiking tipis2. Susana lumayan rame, ada warung juga.",2025-11-10T09:22:50.354Z,Anis Fatin,116667416937334545061,True,0,id,2026-05-04T16:18:38.367519
Ci9DQUlRQUNvZENodHljRjlvT25welRYQkNjVXBFZEMxYVRXeGxUWGRPTW1sYVprRRAB,ChIJJzxxh5Ehby4RL4BOsiIeVgk,Sanghyangdora Campground (Situ Cibaringkeng),Majalengka,Wisata,5,Cuku puas dgn pemandangan di puncak bukit nya,2025-11-09T18:12:03.541Z,Gowes Harian,116808354999452475002,True,0,id,2026-05-04T16:18:38.367535
Ci9DQUlRQUNvZENodHljRjlvT25WdE9HRkhRVGhCV1RKVWMwRTNVM1pMZUZCNlIzYxAB,ChIJJzxxh5Ehby4RL4BOsiIeVgk,Sanghyangdora Campground (Situ Cibaringkeng),Majalengka,Wisata,5,"Cocok untuk hiking ataupun yg suka camp, tapi klo malem banyak nyamuk...
Treknya lumayan, apalagi dari pos 1 ke pos 2 😵‍💫",2025-11-04T16:35:31.853Z,Fahmi Alfawaiz,117830828732751070411,True,0,id,2026-05-04T16:18:38.367543
Ci9DQUlRQUNvZENodHljRjlvT2tZNE9XUkpRVGgwUms1a2RIZFBXVzk2V1hNNFpHYxAB,ChIJQX-UxCshby4Ri_VrpuV1rlw,Kolam Renang DN Waterplay,Majalengka,Wisata,5,Suasananya enak apalagi kalau padinya udh di tanam kali lebih indah dipandang,2026-02-11T05:11:35.954Z,h jack,108182774208942956742,True,0,id,2026-05-04T16:18:38.367561
Ci9DQUlRQUNvZENodHljRjlvT2xSMlYwMXBjMmhTUVhCaldsbHJRWGN0Y1RsMFkwRRAB,ChIJQX-UxCshby4Ri_VrpuV1rlw,Kolam Renang DN Waterplay,Majalengka,Wisata,3,Toilet dan kamar bilas sangat minim,2026-02-07T01:40:20.366Z,Agan Suganda,102998831298103779485,True,0,id,2026-05-04T16:18:38.367571
Ci9DQUlRQUNvZENodHljRjlvT2s1eGNWQTBPWFJDWVdzeVpXOVlTWE5RVDA5d1ZrRRAB,ChIJQX-UxCshby4Ri_VrpuV1rlw,Kolam Renang DN Waterplay,Majalengka,Wisata,5,Kolam renang favorit bocil,2026-01-27T08:55:17.592Z,arifin sapari,111027359718166035673,True,0,id,2026-05-04T16:18:38.367580
Ci9DQUlRQUNvZENodHljRjlvT2xGbVprTjZPREJrYzA5Q1YyOVFWVFZVUWxFMlJYYxAB,ChIJQX-UxCshby4Ri_VrpuV1rlw,Kolam Renang DN Waterplay,Majalengka,Wisata,4,"Tempat nya luas, kolam nya banyak, mantap 👍",2026-01-12T09:33:53.035Z,Asep Rahmat,111644206233476694311,True,0,id,2026-05-04T16:18:38.367618
Ci9DQUlRQUNvZENodHljRjlvT2pOSWVUZEdiMjlGYkZsc2J6Um9WVTFMVWpjNFprRRAB,ChIJQX-UxCshby4Ri_VrpuV1rlw,Kolam Renang DN Waterplay,Majalengka,Wisata,4,Kamar gantinya harus nambah soalnya tempatnya nyaman dan seru,2026-01-11T06:47:47.092Z,Irwan Pemalu,104324525708901594933,False,0,id,2026-05-04T16:18:38.367627
Ci9DQUlRQUNvZENodHljRjlvT200dFNWRkdRMlpoWkd4WFF5MXVibEpTU0d4Q1kzYxAB,ChIJQX-UxCshby4Ri_VrpuV1rlw,Kolam Renang DN Waterplay,Majalengka,Wisata,4,lumayan enak tempatnya tapi kalo lg rameh airnya kotor kurang bersih🙏,2026-01-10T05:39:23.984Z,Adi.S Audio,110124268337399284788,False,0,id,2026-05-04T16:18:38.367635
Ci9DQUlRQUNvZENodHljRjlvT2tWcFFtdDZjMEYxVm5oS1VXRXhZMUJCY0VOQ2NIYxAB,ChIJQX-UxCshby4Ri_VrpuV1rlw,Kolam Renang DN Waterplay,Majalengka,Wisata,5,"Indah, murah dan rameh",2026-01-06T00:43:12.651Z,Eep El Hasan,109612125757068458497,True,0,id,2026-05-04T16:18:38.367654
Ci9DQUlRQUNvZENodHljRjlvT2paRlRHcEtiek5mTVZobmJGUkNUMDkzWTBoVGVYYxAB,ChIJQX-UxCshby4Ri_VrpuV1rlw,Kolam Renang DN Waterplay,Majalengka,Wisata,3,tempatnya kurang bagus dan agak kotor,2026-01-04T16:08:03.967Z,Muslikin Global,105442218413141599052,False,0,id,2026-05-04T16:18:38.367670
Ci9DQUlRQUNvZENodHljRjlvT25jMVUzUm1Ta0pMUjBOTWFrcGZlSFJCVG5kSGNGRRAB,ChIJQX-UxCshby4Ri_VrpuV1rlw,Kolam Renang DN Waterplay,Majalengka,Wisata,5,"Kolam nya banyaaak, tempat nya asyik tiket cuma 15k",2026-01-01T13:34:50.828Z,Putri Nuranjani,103158795782345156965,False,0,id,2026-05-04T16:18:38.367685
Ci9DQUlRQUNvZENodHljRjlvT2t4WVJWVlVPVWhoVUhoRlFuUjVPVkZ6VEUxNVVWRRAB,ChIJQX-UxCshby4Ri_VrpuV1rlw,Kolam Renang DN Waterplay,Majalengka,Wisata,5,"Menurut aku tempatnya enak, ada sawahnya juga bisa buat tempat foto-foto setelah renang. Tapi, kalau bisa jangan berangkat siang. Karena, pasti penuh banget.",2025-12-31T14:43:45.258Z,Asri Dwi Sari,108280027302903920981,True,0,id,2026-05-04T16:18:38.367703
Ci9DQUlRQUNvZENodHljRjlvT2t0eVNYaHZNMWN0ZFdGclRXbE5jemc0Vmw4MWJWRRAB,ChIJQX-UxCshby4Ri_VrpuV1rlw,Kolam Renang DN Waterplay,Majalengka,Wisata,5,Buat para supir odong2 dan anak2 mantap,2025-12-31T11:47:06.366Z,Berkah7950,114348300570396167594,True,0,id,2026-05-04T16:18:38.367712
Ci9DQUlRQUNvZENodHljRjlvT2s0NWFXaG9XWEZxYmtJMVRuVmhSMlZ1ZGtGYWQyYxAB,ChIJQX-UxCshby4Ri_VrpuV1rlw,Kolam Renang DN Waterplay,Majalengka,Wisata,1,"menurut ku untuk tempat nya udh bagus pemandangan nya juga baguss. tp syang yg bagian wc di dket kali, tolong🙏 sering di cek lagi yaa (di bersihin) jujur kotor banget di dalam nya. maaf🙏 (kotor, ada tai cepirit nya di lantai"" dalam wc sma di bagian pojokan balik pintu). tolong sering di cek di bersihin lagi, jujur itu ngeganggu bangett dan itu bau. dan itu pun bukan 1wc aja tpi yg di samping"" nya juga ada. mana lagi kran air keluar air nya dikit jdi ga bisa buat nyiram nya🙏",2025-12-28T12:16:01.998Z,melvyn pyanstaa,117138114453104675195,False,1,id,2026-05-04T16:18:38.367722
Ci9DQUlRQUNvZENodHljRjlvT2pkUFNYQkZZUzFQVUdrME1YTXRUMUp3YTA5V1JYYxAB,ChIJQX-UxCshby4Ri_VrpuV1rlw,Kolam Renang DN Waterplay,Majalengka,Wisata,4,"Tempat sih enak luas tapi saran saya tambahin tempat bilas/wc nya biar gak antri berjam jam karna tempat bilasnya sedikit dibandingkan pengguna/pengunjungnya, dan satu lagi tempat duduk disekitaran pinggiran kolamnya kurang memadai mending pakai gazebo drpd tempat duduk bangku kursi kayu kurang nyaman",2025-12-28T08:06:02.706Z,Iday Hunter,103949607449018167086,True,0,id,2026-05-04T16:18:38.367732
Ci9DQUlRQUNvZENodHljRjlvT2t0VUxWUXRlRXhNYkVKNVZtaFhjM2gzY25Fek9XYxAB,ChIJJzxxh5Ehby4RL4BOsiIeVgk,Sanghyangdora Campground (Situ Cibaringkeng),Majalengka,Wisata,5,Keren yak. Seperti sembulan raja Ampat,2025-11-04T03:52:12.224Z,Cakram Cakrawala,102483458558878049049,True,0,ms,2026-05-04T16:18:38.367741
Ci9DQUlRQUNvZENodHljRjlvT25sT1luQkpZVkJIVm1wbVJXRmhRazkyTlZWeGRtYxAB,ChIJJzxxh5Ehby4RL4BOsiIeVgk,Sanghyangdora Campground (Situ Cibaringkeng),Majalengka,Wisata,5,Bagus banget buat hiking tipis tipis tapi ada 1 tanjakan extrime,2025-11-01T10:03:50.142Z,Rizz X SoL,113875287674778396427,False,0,id,2026-05-04T16:18:38.367756
Ci9DQUlRQUNvZENodHljRjlvT25wR2MwaEZkbmgwVW5Nd1NIbE5Ua1Z6U2tGd2QwRRAB,ChIJJzxxh5Ehby4RL4BOsiIeVgk,Sanghyangdora Campground (Situ Cibaringkeng),Majalengka,Wisata,5,"seruu pokonya, view bagus",2025-10-27T10:05:16.105Z,Adinda Triantiputri06,108770980875468310756,False,0,id,2026-05-04T16:18:38.367765
Ci9DQUlRQUNvZENodHljRjlvT2pGYU1WTlpkMW94U2tWQmRtbHZUMWRYT1RNdFZrRRAB,ChIJJzxxh5Ehby4RL4BOsiIeVgk,Sanghyangdora Campground (Situ Cibaringkeng),Majalengka,Wisata,4,"View malam dan pagi-pagi nya amazing dan jawara, tapi kalau malam banyak nyamuk toilet tutup, kalau siang panas dan waspada terhadap monyet liar.",2025-10-26T13:52:49.826Z,Dadang Piatna,113185113824101260071,True,0,id,2026-05-04T16:18:38.367776
Ci9DQUlRQUNvZENodHljRjlvT2xRNGJHMTRaVk5LVUZSeE0wTk1ZMUJZVTBWUWJHYxAB,ChIJJzxxh5Ehby4RL4BOsiIeVgk,Sanghyangdora Campground (Situ Cibaringkeng),Majalengka,Wisata,5,"BACA SAMPE HABIS

Ada 2 jalur ke puncak, yg pertama jalur hiking beraspal, yg kedua jalur trekking

Ada 4 POS jalur ke puncak, jadi kita bisa istirahat di tiap pos

Jalur pertama hiking, jalannya beraspal, tapi cuma sampai mau ke POS 2 saja aspalnya, dan kadang ada bapak² akamsi yg pake motor lewat sini, baik itu antar logistik ke pos atau petani setempat (berkebun atau yg sdg ngumpulin getah pinus), kalau yang ga biasa trekking mending lewat jalur ini aja, memang sih agak jauh krn jalannya muterin pinggir bukitnya, cuma kalau lewat jalur ini, kita banyak liat view bagus dalam perjalanan, alhasil yang ada berhenti² mulu jepret² view bagus 🤭, naik ke POS 3 agak mulai menanjak ya, dr pos 3 ke 4 mah landai, nah dr pos 4 ke puncak udah keliatan, naik banget sih hehe

Jalur trekking, jalurnya sebenernya jalur singkat, motong jalan dr jalan hiking, jadi nanjakin bukit gitu, dr pos 1 ke pos 2 tu lebih cepet, cuman kalau yg udh biasa trekking dan stamina klo ok mah gpp pakai jalur ini, dr pos 2 ke 3 jg ada jalur ekstrem, jalur singkatnya, setelah itu sama.jalurnya ktmu lagi antara hiking dan trekking hingga ke puncak

Sampai puncak : ""tahu bulat di goreng dadakan...kadariyeuh...kadariyeuh""
Denger lagu itu dr kejauhan 😅😅😅

Tiket masuk : Rp. 5000 (tek tok), Rp. 15.000 (camp), ada fly fox dll tp blm tau harganya

Parkir : motor Rp. 5000, mobil Rp. 10.000

Kalau beruntung, akan ketemu sama pemuda² setempat sedang ngebotolin madu asli, boleh di beli, harga 150rb-200rb

WARNING: BAWA TURUN SAMPAH MU kalau hiking/trekking kemanapun (ini bukan brrti di sanghyangdora kotor sampah ya tp ada bbrp aja nemu bekas botol dan plastik, ga banyak, ga ngabisin jari juga itungannya, pdhl sudah ada tulisannya, keren sih tiap jalur istirahat ada tulisan ini)",2025-10-26T02:22:39.550Z,AdRo Rokhmah,106516040739142108288,True,1,id,2026-05-04T16:18:38.367786
Ci9DQUlRQUNvZENodHljRjlvT2swMlluRjRheTExTjFkWE5EZHBZa2hPVW5OelNFRRAB,ChIJQX-UxCshby4Ri_VrpuV1rlw,Kolam Renang DN Waterplay,Majalengka,Wisata,2,"Pertama kali kesini hampir semua kolam renang air y kotor banyak lumut, kamar mandi yang diatas cewek & cowok campur🤦‍♀️ untuk tempat tunggu/ saung enak nyaman buat keluarga.",2025-12-27T08:56:46.884Z,Risti Widya prihatin,115659073529028970370,False,0,id,2026-05-04T16:18:38.367836
Ci9DQUlRQUNvZENodHljRjlvT21GTFREY3daazltV2xaTU9HZG1lSFJ0V1V0b1UyYxAB,ChIJQX-UxCshby4Ri_VrpuV1rlw,Kolam Renang DN Waterplay,Majalengka,Wisata,5,"Tempat nya bagus banget, masuk murah cuma 15.000 , parkir mobil cuma 10.000, jalan menuju ke lokasi bagus dan nyaman.",2025-12-25T02:22:17.477Z,Ayu cimung,100593224415474786281,True,0,id,2026-05-04T16:18:38.367846
Ci9DQUlRQUNvZENodHljRjlvT2pJd1RURnBjM2xTZVRSWlUyTkxlakI2VG1GRU0zYxAB,ChIJQX-UxCshby4Ri_VrpuV1rlw,Kolam Renang DN Waterplay,Majalengka,Wisata,5,"DN Water Play, tempat liburan keluarga yg sangat rekomended, tempatnya sangat asri dan cocok buat semua usia, tentu banyak spot yg estetik.

Selain kolam renang buat anak-anak dan dewasa, dilengkapi juga tempat terapi ikan, wahana bermain anak-anak, saung buat makan dan ngobrol, ban air, seluncuran, ember tumpah, mushola, dan kantinnya komplit sehingga seharian bermainpun tidak akan kelaparan.

Yang tidak kalah penting tiket masuk sangat ramah dikantong.

Dekat Masjid sehingga bisa untuk sholat berjamaah bagi yg rombongan satu bis. Dekat juga dg Terminal dan Pasar Rajagaluh serta DN Swalayan sehingga memudahkan untuk yg mau beli oleh-oleh.

#DNWaterPlay #DNWaterPlayRajagaluh #liburan #liburanseru #liburanmajalengka",2025-11-24T05:24:23.612Z,Nawawi Dental,114779336579583930286,True,0,id,2026-05-04T16:18:38.367886
Ci9DQUlRQUNvZENodHljRjlvT2xZMWFteEJjVmxmUlVSdldYaE1jbFpCWmpNd1kwRRAB,ChIJQX-UxCshby4Ri_VrpuV1rlw,Kolam Renang DN Waterplay,Majalengka,Wisata,1,"Kacau petugas y gak becus masa sy sama keluarga di usir pas lagi di saung, sama2 bayar jeh dibilang sudah di boking padahal gak ada tanda saung sudah di boking, sudah saung y tadi kotar di bersihkan sendiri pas sudah bersih malah di usir parah2 menejemen y Tulung di benahi jadi ngapokin 😠😠😠😠😠",2025-11-23T03:14:05.998Z,Rio Cell,117933938864990453446,False,1,id,2026-05-04T16:18:38.367895
Ci9DQUlRQUNvZENodHljRjlvT21aM2N6ZDFPVXRVVUdORWRURk1TMWhDTmxvMlMwRRAB,ChIJQX-UxCshby4Ri_VrpuV1rlw,Kolam Renang DN Waterplay,Majalengka,Wisata,5,"Tempat yg cocok, buat ngumpul keluarga, anak anak senang orang tua bahagia,",2025-11-17T14:34:28.694Z,Muhammad Kendar,115119488232533785471,False,0,id,2026-05-04T16:18:38.367903
Ci9DQUlRQUNvZENodHljRjlvT25scGNGWnJVMkptU0RjM2FXTnFYMFJ4VGtkQ2NHYxAB,ChIJQX-UxCshby4Ri_VrpuV1rlw,Kolam Renang DN Waterplay,Majalengka,Wisata,5,Enak adem sejuk,2025-11-10T03:50:26.573Z,Rakhmat Hidayat,108222581527794209206,False,0,ms,2026-05-04T16:18:38.367911
Ci9DQUlRQUNvZENodHljRjlvT20wMFN6VjZOV1phT1ZSSGFHZzVVak5aUVV4SldIYxAB,ChIJQX-UxCshby4Ri_VrpuV1rlw,Kolam Renang DN Waterplay,Majalengka,Wisata,5,Tempat rekreasi keluarga,2025-11-09T15:54:45.925Z,Putri Septi,110295039184741690922,True,0,id,2026-05-04T16:18:38.367919
Ci9DQUlRQUNvZENodHljRjlvT2sxVGIxTTJPR0ZNWW1FeU4wWlBha2RuUTBwTmRWRRAB,ChIJQX-UxCshby4Ri_VrpuV1rlw,Kolam Renang DN Waterplay,Majalengka,Wisata,5,Enak tempat nya,2025-11-08T12:18:23.375Z,Tonz C cikal,110487686143473067397,True,0,id,2026-05-04T16:18:38.367930
