review_id,place_id,place_name,wilayah,kategori,rating,review_text,review_date,reviewer_name,reviewer_id,is_local_guide,likes_count,original_language,scraped_at
ChZDSUhNMG9nS0VJQ0FnSUNYdVl5Z1pnEAE,ChIJHWSiwvIXby4Rhuw8ceM0Wk0,Balong Girang Cigugur,Kuningan,Wisata,4,"Objek wisata ini sejujurnya sangat bagus. Hanya saja agak kurang terawat
Lokasi sangat strategis di tepi jln besar penghubung antar kabupaten
Kedepan nya mungkin hrs berinisiatif dan berinovasi supaya tmpt wisata ini diminati wisatawan.
Area parkir nya hrs lbh memadai lg",2024-10-18T11:05:43.266Z,Tepung Gaplek (Pung),112688443903439756692,True,0,id,2026-05-04T16:53:27.446437
ChZDSUhNMG9nS0VJQ0FnSURuNVpmdE5BEAE,ChIJHWSiwvIXby4Rhuw8ceM0Wk0,Balong Girang Cigugur,Kuningan,Wisata,5,tempatnya adem nyaman cocok buatt piknik bersama keluarga,2024-10-08T03:36:33.116Z,Anggita Putri,118336373916339307463,False,0,id,2026-05-04T16:53:27.446474
ChdDSUhNMG9nS0VJQ0FnSUNibk02UmdRRRAB,ChIJHWSiwvIXby4Rhuw8ceM0Wk0,Balong Girang Cigugur,Kuningan,Wisata,5,It's my favorite place to go! It's really nostalgic to me,2024-07-24T12:16:02.409Z,naomii,106404520571111456799,False,0,en,2026-05-04T16:53:27.446491
ChZDSUhNMG9nS0VJQ0FnSUNMdzZ6YlN3EAE,ChIJHWSiwvIXby4Rhuw8ceM0Wk0,Balong Girang Cigugur,Kuningan,Wisata,4,"Adem bingit,,, 🥶",2024-06-22T16:07:08.665Z,Hendra Artwork,113646876329832323899,False,0,id,2026-05-04T16:53:27.446632
ChZDSUhNMG9nS0VJQ0FnSUNwbzlXSVFnEAE,ChIJHWSiwvIXby4Rhuw8ceM0Wk0,Balong Girang Cigugur,Kuningan,Wisata,4,"Kuningan memang terkenal dengan wisata terapi ikan, termasuk di balong girang Cigugur ini. Kita dateng kesini sekitar jam setengah 12an dan kaget ternyata suasana di dalamnya teduh dan air kolamnya dingin. Dengan biaya masuk 20 ribu per orang, layak untuk dikunjungi.

Selain suasananya adem, kebersihan terjaga, kelebihan lainnya disini suasananya ga terlalu penuh, jadi kalo bawa keluarga nyaman. Tapi kalo bawa anak kecil, harus ekstra perhatian karena tepi kolam juga cukup dalam.

Cuman minusnya pas kunjungan kemarin, ps mau shalat di musholla ga ada air bersih. Tolong diperhatikan kembali.",2023-08-09T14:19:26.593Z,Rheyna,116478489681657181565,True,1,id,2026-05-04T16:53:27.446725
Ci9DQUlRQUNvZENodHljRjlvT2s0emJITmZNbTEzVlY5V1pVVnljR1kxVEd4Tk1uYxAB,ChIJ3dUcvDUWby4RhGCuYaOMDbQ,Wisata Alam Lembah Cilengkrang,Kuningan,Wisata,5,Jalan kaki kurang lebih 1jam dari parkiran dengan kondisi nyantai dan ada bocil. Track masih ke bilang aman buat pemula.,2026-05-01T23:22:01.645Z,Citra D Gitalestari,108399985178992611300,True,0,id,2026-05-04T16:53:27.446782
Ci9DQUlRQUNvZENodHljRjlvT214RGNTMXRibkp3YWxKUExWTTBkR1YxZW5sa2VrRRAB,ChIJ3dUcvDUWby4RhGCuYaOMDbQ,Wisata Alam Lembah Cilengkrang,Kuningan,Wisata,5,"Sejuk dan bersih siiii, cuman kalo disuruh naik kesana lagi mungkin mikir"" lagi deh soalnya dari parkiran ke Curug 2.4km tapi kalo suka explore alam boleh tuh dicobaaa seru kok🤩🤩",2026-03-21T12:56:49.942Z,Fredy sihite,106349564609675810813,True,0,id,2026-05-04T16:53:27.446812
Ci9DQUlRQUNvZENodHljRjlvT2sxT2VXRlBlWGRVWmtzemEyVnlUSEZ3V1hwQ1owRRAB,ChIJ3dUcvDUWby4RhGCuYaOMDbQ,Wisata Alam Lembah Cilengkrang,Kuningan,Wisata,5,"Tempat wisata alam yang masih liar, sepi tapi menantang. Ada beberapa curug di dalamnya seperti curug sabuk dan curug sawer. Baiknya pada musim hujan karena air terjunnya masih deras.",2026-03-04T07:37:53.453Z,Hadi Arnowo,118133469438988445029,True,0,id,2026-05-04T16:53:27.446825
Ci9DQUlRQUNvZENodHljRjlvT204dFUyVXhUbWR3TWxjNFpEQmlUekZ2Tkdkd09IYxAB,ChIJ3dUcvDUWby4RhGCuYaOMDbQ,Wisata Alam Lembah Cilengkrang,Kuningan,Wisata,5,"Hiking ceria di Kaki Gunung Ciremai, suasana yang menenangkan, sepanjang jalan disuguhin pemandangan hijau2 yang menyegarkan dan suara air yang mengalir.
Rekomen banget buat para pemula, paling seru ketika turun kabut dan hujan aah menambah suasana tambah syahdu",2026-01-20T13:11:08.032Z,Nchie Hanie,108525455959360756291,True,0,id,2026-05-04T16:53:27.446943
Ci9DQUlRQUNvZENodHljRjlvT2xVM1MycERiblpqZFhKeFIyOUlSV1YxTVVOQ2VsRRAB,ChIJ3dUcvDUWby4RhGCuYaOMDbQ,Wisata Alam Lembah Cilengkrang,Kuningan,Wisata,4,Kesini tahun 2024,2026-01-20T10:02:46.042Z,Anis Fatin,116667416937334545061,True,0,id,2026-05-04T16:53:27.446964
Ci9DQUlRQUNvZENodHljRjlvT2w5VFR6bFBibXhGTVMxNVgwaHhTek5IYkZGMFJtYxAB,ChIJ3dUcvDUWby4RhGCuYaOMDbQ,Wisata Alam Lembah Cilengkrang,Kuningan,Wisata,5,"Seger bgt udara nya🍃healing terbaik melihat keindahan Alam yg masyaAllah bgt,sepanjang jalan adem sejuk bgt dengerin suara air terjun✨",2026-01-18T04:05:34.598Z,Vina pandu,106102623562876099976,False,0,id,2026-05-04T16:53:27.447011
Ci9DQUlRQUNvZENodHljRjlvT25KU1ZtNXRkRWc0U0ZKb2QzVlBTazUzVEdKdExVRRAB,ChIJ3dUcvDUWby4RhGCuYaOMDbQ,Wisata Alam Lembah Cilengkrang,Kuningan,Wisata,5,Udah  lumayan  bagusan  skrg  mah.. Bisa ngopi atau  nyoklat  dingin atau  anget  jg di deket musolah yg mau deket2 ke  curuqnya.. Ramah  dikantong  harganya... Mm... Pokoknya the best.. Lah... Pertahankan dan  tingkatkan  lagi  ya kebersihannya  dan keamanan nya 🤗😉🙏,2026-01-15T08:58:58.572Z,Suci Yulianti,111858488687729991897,False,0,id,2026-05-04T16:53:27.447031
Ci9DQUlRQUNvZENodHljRjlvT2padVYzQkpObTlQYW1ORmFpMTBlbXhmZG1KVGNrRRAB,ChIJ3dUcvDUWby4RhGCuYaOMDbQ,Wisata Alam Lembah Cilengkrang,Kuningan,Wisata,4,"suasana yang cukup sejuk , tentram , segar",2026-01-09T10:56:56.832Z,Nesya Nur afifah,101789926566305276234,False,0,id,2026-05-04T16:53:27.447044
Ci9DQUlRQUNvZENodHljRjlvT2xCemFVUm9jamhwUVcxc1VqWlhSVlYyVEdaWU5VRRAB,ChIJ3dUcvDUWby4RhGCuYaOMDbQ,Wisata Alam Lembah Cilengkrang,Kuningan,Wisata,5,"MasyaAllah indahnya wisata alam lembah cikengkrang...😍
Bisa mandi air panas alami
fasilitas lengkap tempat parkir,warung2, mushola, toilet . Dan bisa ngopi2 di atas gunung..
Wah mantap lah.. 👍👍",2026-01-03T16:09:37.962Z,Suryani Yani,101378243075128333674,True,0,id,2026-05-04T16:53:27.447086
Ci9DQUlRQUNvZENodHljRjlvT2t0TVRraHpiM2hMYWpKQ1JtbzVhWEU0VFhwa2FFRRAB,ChIJ3dUcvDUWby4RhGCuYaOMDbQ,Wisata Alam Lembah Cilengkrang,Kuningan,Wisata,5,"Trek pendek: 2,4 km. Elevasinya normal, ada tanjak dan turunnya. Pembuangan sampahnya juga tertata.

Kolam rendam air panas ada dua lokasi: lokasi 1, di Camping Ground. Ada 1 doang, tapi karena lokasinya lapang dan langsung kena matahari, lebih sedikit yang berendam. Lokasi 2, di dekat air terjun. Ada 3 kolam. Yang ini lebih ramai. Kolamnya enak semua.

Pas buat beginner. Banyak orang tua (40-50an) yang ""piknik"", jadi cukup accessible.",2025-12-29T06:11:02.691Z,Muhammad Raa Kinana,107705277365577186140,False,0,id,2026-05-04T16:53:27.447136
Ci9DQUlRQUNvZENodHljRjlvT2xwb1dtUk1UVmhMYlVGemEzUlZNMGRmY2xKV1dsRRAB,ChIJ3dUcvDUWby4RhGCuYaOMDbQ,Wisata Alam Lembah Cilengkrang,Kuningan,Wisata,5,"Jalan tipis - tipis, lumayan buat olahraga 😄",2025-12-28T07:09:34.534Z,빛(ella),108164821249714087235,True,0,id,2026-05-04T16:53:27.447169
Ci9DQUlRQUNvZENodHljRjlvT2xORlRubDVSa2RMUXpack1sTm5PR3RRVDJWdFpFRRAB,ChIJ3dUcvDUWby4RhGCuYaOMDbQ,Wisata Alam Lembah Cilengkrang,Kuningan,Wisata,5,"Track yang cukup mudah untuk pemula, perjalanan kurang lebih 1 jam dr tempat parkir.",2025-12-27T05:04:52.126Z,Muhammad Fisa Al Iqbal,103607829339029489432,False,0,id,2026-05-04T16:53:27.447188
Ci9DQUlRQUNvZENodHljRjlvT25jNFQyeG1XV05PYVcxc1FWTmlUbHAzTkdScmNGRRAB,ChIJ3dUcvDUWby4RhGCuYaOMDbQ,Wisata Alam Lembah Cilengkrang,Kuningan,Wisata,5,"Mau berendam air panas, sayang tidak bawa salin",2025-12-20T21:59:48.895Z,Asep Syah,100874750159391099968,True,0,id,2026-05-04T16:53:27.447230
Ci9DQUlRQUNvZENodHljRjlvT21wUk1UTmxkazUwVnpWVFdWVlRPRlYxWDI5a1QwRRAB,ChIJ3dUcvDUWby4RhGCuYaOMDbQ,Wisata Alam Lembah Cilengkrang,Kuningan,Wisata,5,"Msh alami
Keren lah 👍",2025-12-18T01:15:54.774Z,Mpe Varespa,104395154846970260477,True,0,id,2026-05-04T16:53:27.447241
Ci9DQUlRQUNvZENodHljRjlvT25WU1dGcG5kRnBJZUdob1RtWldSbFpqZERrelNuYxAB,ChIJ3dUcvDUWby4RhGCuYaOMDbQ,Wisata Alam Lembah Cilengkrang,Kuningan,Wisata,5,Berendam air panas gunung ciremai 😁,2025-12-12T10:59:42.862Z,Bangkit Aji Kencana,103375597087283685335,True,0,id,2026-05-04T16:53:27.447283
Ci9DQUlRQUNvZENodHljRjlvT25KbGFXUkdTbXh3TkVkVFIwSlNSR050U0RGelpuYxAB,ChIJ3dUcvDUWby4RhGCuYaOMDbQ,Wisata Alam Lembah Cilengkrang,Kuningan,Wisata,4,Jam 15:00 sudah tutup,2025-12-06T09:13:31.080Z,Taufiq albanjari,110512248637776124198,False,0,id,2026-05-04T16:53:27.447326
Ci9DQUlRQUNvZENodHljRjlvT2pob1pFRnNaVVYzTFZKemRtNXhiSEJvU210UE5tYxAB,ChIJ3dUcvDUWby4RhGCuYaOMDbQ,Wisata Alam Lembah Cilengkrang,Kuningan,Wisata,5,Terima Cilengkrang,2025-11-30T12:51:21.842Z,Aang Plastik Indramayu,111209536015083245246,True,0,id,2026-05-04T16:53:27.447338
Ci9DQUlRQUNvZENodHljRjlvT25KRlZYQnFNR1YyUjJwMlYyeDROVEJrYlZGbU5WRRAB,ChIJ3dUcvDUWby4RhGCuYaOMDbQ,Wisata Alam Lembah Cilengkrang,Kuningan,Wisata,5,Haiking Dilembah Cilengkrang Cukup Mengesankan Udara Yg Sangat Sejuk Dan Masih Alami Airnya Sangat Segar Pemandian Air Panasnya Juga Sangat Nyaman Sekali The best Pokoknya Mah Hanya Saja DiSetiap Pos Saya tidak banyak melihat petugas yg menjaganya bila mana Ada sesuatu yg yg darurat saya rasa tidak bisa secara cepet untuk dapat ditindak lanjuti karena jarang sekali DiSetiap pos saya melihat penjagaan dari pihak lembah cilengkrangnya tpi tetep the best i like you lembah cilengkrang,2025-11-18T14:54:31.660Z,Rovy Santoso,113856237880184715233,True,0,id,2026-05-04T16:53:27.447360
Ci9DQUlRQUNvZENodHljRjlvT2xWWExVTm5hV3BrVFhSdlVXNXhTMk16ZVRZeWVFRRAB,ChIJ3dUcvDUWby4RhGCuYaOMDbQ,Wisata Alam Lembah Cilengkrang,Kuningan,Wisata,5,"Kesan saya pada saat datang pertama kali, jalannya nanjak sekali. Jalurnya juga naik-turun, terdapat view yang indah dan cocok buat foto-foto pada saat perjalan menuju Curug nya. Terdapat warung juga di tengah-tengah perjalan bagi yang sudah merasa lelah, dan boleh bawa makanan sendiri. Pesan saya, bawa sampah kembali dan jangan buang sembarangan.",2025-11-18T14:35:08.531Z,Rizky Ardiansyah,117449198138706774674,True,0,id,2026-05-04T16:53:27.447371
Ci9DQUlRQUNvZENodHljRjlvT2xGQ1dFUm5lVGh3TFd4dmF6azNaVmhPZUU5VGFIYxAB,ChIJ3dUcvDUWby4RhGCuYaOMDbQ,Wisata Alam Lembah Cilengkrang,Kuningan,Wisata,4,"tiket masuk weekday 20k+parkir 5k, sejuk bgt seru akan tetapi toilet sangat tidak nyaman kotor dan bau tidak ada air juga untuk bilas/bersih2. tolong diperbaiki lagi kebersihan nya agar yg berkunjung nyaman dan tidak repot saat ingin ganti pakaian ketika sudah berendam",2025-11-03T11:55:13.292Z,Silvy maryani,112346438500476255341,False,0,id,2026-05-04T16:53:27.447394
Ci9DQUlRQUNvZENodHljRjlvT2xWcFptSXlXRUUzVlhCSlRXVTFWV1UwYldKYWQzYxAB,ChIJ3dUcvDUWby4RhGCuYaOMDbQ,Wisata Alam Lembah Cilengkrang,Kuningan,Wisata,5,"Hiking k lembah Cilengkrang bner2 seru, ada kolam air panas juga untuk berendam, dan airnya langsung dari pegunungan, bapak2 penjaga pos'a juga ramah²",2025-10-25T13:18:56.711Z,Elis Modiv'93,117234000919662646701,True,0,id,2026-05-04T16:53:27.447422
Ci9DQUlRQUNvZENodHljRjlvT2xGWlF6VjVNM0JDWVRsd09GQlJPREY1TWs5aVRuYxAB,ChIJ3dUcvDUWby4RhGCuYaOMDbQ,Wisata Alam Lembah Cilengkrang,Kuningan,Wisata,4,Walaupun perjalannya jauh tapi terbayarkan dengan pemandangannya yang masyaallah begitu indah,2025-10-12T10:29:17.183Z,NUNUNG SITI NURJANAH,109901747577396393691,False,0,id,2026-05-04T16:53:27.447467
Ci9DQUlRQUNvZENodHljRjlvT21ONGFFUmtOMnRVVUZSTVpIcGlOamR1VldGVlVrRRAB,ChIJ3dUcvDUWby4RhGCuYaOMDbQ,Wisata Alam Lembah Cilengkrang,Kuningan,Wisata,1,"Tiket buat camping mahal banget sampe 15k, terus juga engga di jaga sama petugasnya🥵",2025-10-05T05:28:38.440Z,Mohamad Sufiyan,105360532413772461040,False,0,id,2026-05-04T16:53:27.447490
Ci9DQUlRQUNvZENodHljRjlvT21kb05UZG5iMVYxZDJWMGRsQlZlVFUzVVRBNU1uYxAB,ChIJ3dUcvDUWby4RhGCuYaOMDbQ,Wisata Alam Lembah Cilengkrang,Kuningan,Wisata,4,مكان جميل جدا لكن الطرق اليه صعبه يجب العناية بها لسهولة الوصول,2025-10-01T22:38:57.884Z,R ALBAWARDI,111478062545788010373,True,0,ar,2026-05-04T16:53:27.447505
Ci9DQUlRQUNvZENodHljRjlvT210dVRXUTRlR0UzWlRaRFNYbExiMHhCY1ZGQ1ZXYxAB,ChIJseWwFhYNby4RcpVAOGQoFIA,Kolam Renang Tirta Agung Mas,Kuningan,Wisata,3,"Kemarin pas main diperosotan  warna warni suami saya jadi korban dibagian lengannya luka kulitnya ampe ngelupas
Keknya harus diperbaiki deh bagian samping perosotonnya supaya gada korban lagi",2026-03-26T14:34:10.054Z,Amanda Nadhira,110152567278615512268,False,0,id,2026-05-04T16:53:27.447537
Ci9DQUlRQUNvZENodHljRjlvT2xoMVYyMDRheTFFV2w5aFVtaEJTRlJDYmxCNlNrRRAB,ChIJseWwFhYNby4RcpVAOGQoFIA,Kolam Renang Tirta Agung Mas,Kuningan,Wisata,5,Ini kenapa ya... Di ruang ganti ada tainya🙏,2025-11-06T14:03:14.116Z,Dblok Anjing,114881467474469722485,False,1,id,2026-05-04T16:53:27.447572
Ci9DQUlRQUNvZENodHljRjlvT25scmJXWjVRbDlRZFdvNFJERlFXR1kxZFVwb1JXYxAB,ChIJseWwFhYNby4RcpVAOGQoFIA,Kolam Renang Tirta Agung Mas,Kuningan,Wisata,5,"Udah stay berapa tahun di Luragung, tapi baru nyobain kolam renang tam saat anak ikut lomba mewarnai, hihi
Worth it sih sekelas kolam renang ya karena luas.
Namun karena disini area sekolah jadi banyak anak sekolah yang renang disini dari SD SMP sampai SMA jadi untuk anak anak cukup hectic juga ya dengan orang orang dewasa, butuh pendamping juga karena area kolam rata rata dalam bahkan di area anak juga termasuknya dalam yah. Mungkin memang karena untuk anak sekolah bukan anak kecil..",2025-09-07T14:00:45.050Z,NisaNisaNura Nura,100980333591941150264,True,1,id,2026-05-04T16:53:27.447594
Ci9DQUlRQUNvZENodHljRjlvT2taVVRsVk5lRmh6VEVRNGVVTlhVbE5IY1ZsRE5GRRAB,ChIJseWwFhYNby4RcpVAOGQoFIA,Kolam Renang Tirta Agung Mas,Kuningan,Wisata,5,"Seruuuu, ada berbagai jenis kedalaman kolam. Biasa kalau praktek renang di sekolah pasti ke sini, dan kemarin dalam rangka liburan mau nostalgia, akhirnya ajak keluarga ke sini. Cuma beda banget sama beberapa tahun lalu. Bagian taman, kolam di bawah kurang terawat. Mungkin karena lebih banyak peminat di bagian atas (ada perosotan, air tumpah, dan kantin). Semoga Tirta Agung Mas bisa lebih jaya lagi dan sukses.",2025-07-03T14:19:50.198Z,Sherina,103082355746410379168,True,0,id,2026-05-04T16:53:27.447606
ChdDSUhNMG9nS0VJQ0FnSURtbHZHLTFRRRAB,ChIJseWwFhYNby4RcpVAOGQoFIA,Kolam Renang Tirta Agung Mas,Kuningan,Wisata,3,"[In accordance with seen]

• Toilet Banyak
• Toilet Perempuan ada si sebelah kanan dari pintu masuk, dan Toilet Laki-laki ada di sebelah kiri dari pintu masuk.
• Tiket Cukup Murah, anak-anak 20 ribu rupiah dan dewasa 25 ribu rupiah.
• Banyak Wahana Air
• Kolam renang Aman, Lumayan Bersih
• Terdapat tempat Fitness, Gym
Lokasi Terjangkau✅
• Makanan dan minuman dijual tetapi Lumayan 𝗺𝗮𝗵𝗮𝗹.
• Selalu ramai setiap hari libur dan akhir pekan.

Disadvantages:
(–) Kebanyakan Keran air di toilet mati.
(–) Lampu di beberapa toilet juga mati.
(–) Pelayanan beberapa tukang parkir sangatlah buruk terutama yg pakai topi atau penjaga pembayaran yang hanya berjaga di pintu dan menunggu uang datang, sangat amat tidak berguna.
(–) Bagian belakang Tirta sudah tidak terawat dengan benar, kebanyakan wahana hancur.
(–) Pintu gerbang tiket hanya tersedia 1 dengan 2 jalur yang terkadang membuat macet serta berdesakan terutama pada hari Sabtu dan Minggu.",2025-01-15T09:35:44.109Z,Anonymous Google (Anonim),109258456623469745336,True,8,id,2026-05-04T16:53:27.447675
ChdDSUhNMG9nS0VJQ0FnSURyN1lLcnZRRRAB,ChIJseWwFhYNby4RcpVAOGQoFIA,Kolam Renang Tirta Agung Mas,Kuningan,Wisata,4,"Bgus, untuk anak* ada atapnya, pling dket dri rumah. Dan untuk prosotan yg tinggi, paling enggk di kasih penjaganya di atas, bnyak anak2 yg tanpa pendamping naik ke atas,sering bersandar di pinggir.. itu sngat berbahaya klo tdk ada pengawasan dri orng dewasa",2025-01-02T03:00:49.342Z,virdian tegar,116029812776199359076,True,0,id,2026-05-04T16:53:27.447689
ChZDSUhNMG9nS0VJQ0FnSURiNS1XaFVBEAE,ChIJseWwFhYNby4RcpVAOGQoFIA,Kolam Renang Tirta Agung Mas,Kuningan,Wisata,5,Tempat berenang yang nyaman. Ada les nya juga utk anak-anak,2024-10-19T09:08:48.646Z,Arip Hidayat,106536160493226757743,True,0,id,2026-05-04T16:53:27.447712
ChZDSUhNMG9nS0VJQ0FnSURueE5uc0JREAE,ChIJseWwFhYNby4RcpVAOGQoFIA,Kolam Renang Tirta Agung Mas,Kuningan,Wisata,5,Saya harap ada peningkatan dan rehab pada wahana nya,2024-10-03T06:58:59.088Z,dimas,118409305437776083915,True,0,id,2026-05-04T16:53:27.447730
ChdDSUhNMG9nS0VJQ0FnSURieXNMWmpnRRAB,ChIJseWwFhYNby4RcpVAOGQoFIA,Kolam Renang Tirta Agung Mas,Kuningan,Wisata,4,"Kolam renang cukup luas, harap diperhatikan lagi kondisi ruang ganti sama wahana nya sudah mulai agak rusak.
Dan harga tiket juga turunin",2024-08-04T03:40:08.516Z,rian rhomansyah,102569423763894281883,True,0,id,2026-05-04T16:53:27.447757
ChZDSUhNMG9nS0VJQ0FnSUNqLU52WURnEAE,ChIJseWwFhYNby4RcpVAOGQoFIA,Kolam Renang Tirta Agung Mas,Kuningan,Wisata,5,Mantap..airnya bersih bening ga bau kaporit...cocok buat segala usia apalagi buat anak anak  ...,2024-04-18T00:58:45.707Z,Umar Bakrie,109222832236989314172,True,1,id,2026-05-04T16:53:27.447789
ChdDSUhNMG9nS0VJQ0FnSUM2MlBiUW9nRRAB,ChIJseWwFhYNby4RcpVAOGQoFIA,Kolam Renang Tirta Agung Mas,Kuningan,Wisata,4,Kolam renang nya cukup luas dan banyak pilihan untuk anak2...parkir nya luas...,2024-03-04T22:45:43.915Z,asep sudiana,111537711296244126040,True,0,id,2026-05-04T16:53:27.447822
ChZDSUhNMG9nS0VJQ0FnSURka0xublFnEAE,ChIJseWwFhYNby4RcpVAOGQoFIA,Kolam Renang Tirta Agung Mas,Kuningan,Wisata,5,Kolam renang nya bagus airnya juga bersih dan kolam nya besar kalo buat anak anak juga nayamna ada area kolam buat anak juga sih terus ara belakang di kolam itu ada spot foto yang bagus karena menyatu dengan alam gitu pokonya nyaman sih pasilitas banyak ada are gym buat olahraga raga dan ada area futsal gitu pokoknya mantap deh the best ❤️❤️❤️❤️ udah bertahun tahun berenang nge gym tidak memboaan kan rekomendasi sih buat yg mau berenang olahraga nyaman pokonya,2024-02-20T08:30:34.775Z,Tri Mulya,108466740173045316533,False,2,id,2026-05-04T16:53:27.447838
ChZDSUhNMG9nS0VJQ0FnSURONzdPNEt3EAE,ChIJseWwFhYNby4RcpVAOGQoFIA,Kolam Renang Tirta Agung Mas,Kuningan,Wisata,5,bersih nyaman....,2024-01-29T13:04:19.227Z,Giovani Arvie,118401523868999697283,True,2,id,2026-05-04T16:53:27.447856
ChZDSUhNMG9nS0VJQ0FnSUMxazlyc2NREAE,ChIJseWwFhYNby4RcpVAOGQoFIA,Kolam Renang Tirta Agung Mas,Kuningan,Wisata,3,"Dengan harga semahal itu Untuk sekarang kurang worth it,dg fasilias yg kurang dan banyak tempat renang lain yg lebih bagus dan lebih murah",2024-01-03T02:32:22.173Z,radea sed,101996640043739057542,False,0,id,2026-05-04T16:53:27.447914
ChdDSUhNMG9nS0VJQ0FnSUNsdWZ2RndRRRAB,ChIJseWwFhYNby4RcpVAOGQoFIA,Kolam Renang Tirta Agung Mas,Kuningan,Wisata,5,seruuu pake bngettt mwehehehe😋😋,2023-11-22T10:30:58.966Z,Zivana Indah Almira,103988671026818222545,False,3,id,2026-05-04T16:53:27.447937
ChZDSUhNMG9nS0VJQ0FnSUNabm9QWmFnEAE,ChIJseWwFhYNby4RcpVAOGQoFIA,Kolam Renang Tirta Agung Mas,Kuningan,Wisata,3,Weekday di bulan2 biasa kurang terawat,2023-09-11T05:58:33.989Z,Junaedi Junaedi,116236096532045348850,True,0,id,2026-05-04T16:53:27.447985
ChZDSUhNMG9nS0VJQ0FnSUNadHN1SkJBEAE,ChIJseWwFhYNby4RcpVAOGQoFIA,Kolam Renang Tirta Agung Mas,Kuningan,Wisata,4,Lumayan aja sih. Airnya agak kotor,2023-09-10T08:36:41.137Z,Momyfa,110736881118985351884,True,0,id,2026-05-04T16:53:27.447994
ChZDSUhNMG9nS0VJQ0FnSUNaa05qa1F3EAE,ChIJseWwFhYNby4RcpVAOGQoFIA,Kolam Renang Tirta Agung Mas,Kuningan,Wisata,5,Les private renang...anak2 seneng pisan...,2023-09-02T09:08:28.679Z,Fhiell 82,116167479287521514339,True,0,jv,2026-05-04T16:53:27.448004
Ci9DQUlRQUNvZENodHljRjlvT2xGWVREYzJOSEJCWTB0cFMxaEhXSEJtWHpNNGRtYxAB,ChIJdX2UCi0Zby4RsWWNs-_ln-I,Kolam Renang Grage Sangkan,Kuningan,Wisata,5,Tempatnya bersih. Kursinya nyaman. Kolam dengan dan hangat. Aman untuk anak-anak. Tiketnya terjangkau. Bisa bawa makanan dari rumah.,2026-04-16T13:34:15.895Z,imroatul rofiah,117570619151050474063,False,0,id,2026-05-04T16:53:27.448052
Ci9DQUlRQUNvZENodHljRjlvT21GdFdraG9lVFJhZFhSZlJqWXlXbkptVmtwNE0xRRAB,ChIJdX2UCi0Zby4RsWWNs-_ln-I,Kolam Renang Grage Sangkan,Kuningan,Wisata,5,"Lumayan luas dan bersih,...suasana enak dan tenang, makanan lumayan bervariasi dan cukup enak....lokasi cukup strategis.....",2026-03-23T02:04:05.834Z,Bagus Karniadi,108923670419080959131,True,0,id,2026-05-04T16:53:27.448065
Ci9DQUlRQUNvZENodHljRjlvT2pOV1FUaGZSRzFHUjFkMFNXNXlWM2d4ZUcxdmVHYxAB,ChIJdX2UCi0Zby4RsWWNs-_ln-I,Kolam Renang Grage Sangkan,Kuningan,Wisata,4,"tempatnya bagus tidak terlalu ramai pengunjung juga, happy renang di sangkan karena aku kesini bareng cowo aku nemenin dia latihan renang jadi seru bgt💗",2026-01-06T10:53:41.147Z,pikra,117551264718483771016,True,0,id,2026-05-04T16:53:27.448089
Ci9DQUlRQUNvZENodHljRjlvT2s1WFVtSm9ZbHA0WmtkZldtbGZSVVUwV0dsYWVtYxAB,ChIJdX2UCi0Zby4RsWWNs-_ln-I,Kolam Renang Grage Sangkan,Kuningan,Wisata,5,Harga tiket masuk ya berapa per orang,2025-12-13T02:04:03.259Z,muhammad sif2,101270779704648026722,False,0,id,2026-05-04T16:53:27.448100
Ci9DQUlRQUNvZENodHljRjlvT2xReGVrcHBTa05sWVRWTGVXNURUalJzUWxSM01tYxAB,ChIJdX2UCi0Zby4RsWWNs-_ln-I,Kolam Renang Grage Sangkan,Kuningan,Wisata,5,Every two weeks family gathering,2025-10-16T11:12:32.656Z,dewi ratnaningsihmuari,112394846736354348791,True,0,en,2026-05-04T16:53:27.448119
Ci9DQUlRQUNvZENodHljRjlvT2sxSVJXTm9OV04zY0hwcFVUQnNNVFIxVEZKdlozYxAB,ChIJdX2UCi0Zby4RsWWNs-_ln-I,Kolam Renang Grage Sangkan,Kuningan,Wisata,1,Bertahun tahun merasa puas dengan kolam air panasnya di bulan Juni 2025 Kecewa sekali datang utk terapi kolam air panas ternyata tidak lagi PANAS...,2025-06-29T09:36:41.338Z,Juragan Bakmi Jowo,101396937450862788149,False,0,id,2026-05-04T16:53:27.448140
Ci9DQUlRQUNvZENodHljRjlvT210QmJsOUdSbGQ2V25kTVFUUjZOVmhtVEZoTGJFRRAB,ChIJdX2UCi0Zby4RsWWNs-_ln-I,Kolam Renang Grage Sangkan,Kuningan,Wisata,3,Kolamnya bagus tapi yang jualannya galak,2025-06-24T07:00:48.202Z,Arfaiz 17,101681525590405107655,False,0,id,2026-05-04T16:53:27.448152
ChZDSUhNMG9nS0VJQ0FnTUNBaFBiUFlBEAE,ChIJdX2UCi0Zby4RsWWNs-_ln-I,Kolam Renang Grage Sangkan,Kuningan,Wisata,4,"Kolam renang umum yang ada Di Grage Resort Sangkan
Tiket masuk Rp. 35.000,-
cocok untuk keluarga dan anak anak
bersih
Tempat bilas banyak
Ada kolam air panas nya juga

Ada cafetaria
Ada seblak
Ada siomay

Bisa bawa makanan dari luar
Tapi jangan lupa, jangan buang sampah sembarangan, karna Tempat nya sudah sangat bersih 👍

Bagus, karna masih kawasan penginapan Grage Resort Sangkan

Semoga orang orang yang berkaitan dengan tempat ini selalu diberi nikmat sehat, kelancaran rejeki dan hidup yang berkah oleh Allah SWT
Aamiin 💜",2025-01-29T14:51:25.614Z,Velayati Yulia,115725281705550656093,True,0,id,2026-05-04T16:53:27.448177
ChdDSUhNMG9nS0VJQ0FnSUN2OXZmV2p3RRAB,ChIJdX2UCi0Zby4RsWWNs-_ln-I,Kolam Renang Grage Sangkan,Kuningan,Wisata,5,"Kolam renangnya bersih ada air hangatnya, ada yg lebih panas jg, HTM tdk terlalu mahal, cukup puas kesini nyenengin anak2",2024-12-10T23:29:20.231Z,fauzia ifa,115122700575185209304,True,0,id,2026-05-04T16:53:27.448185
ChZDSUhNMG9nS0VJQ0FnSURaellPdWVnEAE,ChIJdX2UCi0Zby4RsWWNs-_ln-I,Kolam Renang Grage Sangkan,Kuningan,Wisata,5,"Bersih nyaman.
Ada kolam hangat",2023-10-06T10:17:08.220Z,ardy wazza,105824408552106452297,True,0,id,2026-05-04T16:53:27.448216
ChZDSUhNMG9nS0VJQ0FnSURaemFYelNnEAE,ChIJdX2UCi0Zby4RsWWNs-_ln-I,Kolam Renang Grage Sangkan,Kuningan,Wisata,5,Bersih bening nyaman.,2023-10-06T09:53:30.247Z,Eka Pipitardi (Bandit_laut),106655479735818158900,True,0,id,2026-05-04T16:53:27.448225
ChZDSUhNMG9nS0VJQ0FnSURac3RuV1RBEAE,ChIJdX2UCi0Zby4RsWWNs-_ln-I,Kolam Renang Grage Sangkan,Kuningan,Wisata,4,"Nyaman tempat terforit, Sayangnya semenjak Covid, Jam Malam tidak di buka untuk umum, padahal lebih enak dan nyaman",2023-09-28T02:03:57.016Z,Deris Alamsyah,113013866788010212083,False,0,id,2026-05-04T16:53:27.448233
ChZDSUhNMG9nS0VJQ0FnSURwbVpXckF3EAE,ChIJdX2UCi0Zby4RsWWNs-_ln-I,Kolam Renang Grage Sangkan,Kuningan,Wisata,5,Langganan tempat renang dan outbound anak2,2023-08-25T11:09:56.186Z,Ayuni Syifa,115107259672663017299,True,0,id,2026-05-04T16:53:27.448241
ChdDSUhNMG9nS0VJQ0FnSUR4ak9uWGhBRRAB,ChIJdX2UCi0Zby4RsWWNs-_ln-I,Kolam Renang Grage Sangkan,Kuningan,Wisata,5,Kolam nya cukup bersih dan nyaman,2023-06-03T03:41:51.867Z,Akmaludin 788,113979118105109351255,True,0,id,2026-05-04T16:53:27.448272
ChdDSUhNMG9nS0VJQ0FnSURSbTdYNl9BRRAB,ChIJdX2UCi0Zby4RsWWNs-_ln-I,Kolam Renang Grage Sangkan,Kuningan,Wisata,4,"Tq tim grage sangkan.

Kami sangat senang dan ceria dengan kegiatan outing class mengenai banyak kegiatan2 lainnya dan berjalan dgn lancar🥰",2023-05-04T11:35:20.290Z,siti barkah,115430238339875541995,True,1,id,2026-05-04T16:53:27.448281
ChZDSUhNMG9nS0VJQ0FnSURSa2FUQ01BEAE,ChIJdX2UCi0Zby4RsWWNs-_ln-I,Kolam Renang Grage Sangkan,Kuningan,Wisata,5,Asyik menyenangkan cocok buat anak2 cuma sayang tiket nya terlalu mahal..,2023-04-27T08:23:17.236Z,Udin Komarudin,110334315962306241414,True,0,id,2026-05-04T16:53:27.448290
Ci9DQUlRQUNvZENodHljRjlvT20wellVSmxSWFI2UW14VmJ6TXpVbTR5VERaalgyYxAB,ChIJO5O45zEXby4RIuyrfYxxhwc,Saraelands Eatery,Kuningan,Wisata,4,"Adem bgt tempatnya, pas pula kesana lg sepi jd berasa bgt alamnya😍",2026-02-17T04:05:16.527Z,Sinta Irma,113902155313726825688,False,0,id,2026-05-04T16:53:27.448312
Ci9DQUlRQUNvZENodHljRjlvT2xSNVpWaHJNWEJOYldoNlRtVnBSemxGV0RobFRtYxAB,ChIJO5O45zEXby4RIuyrfYxxhwc,Saraelands Eatery,Kuningan,Wisata,2,"Jalan menuju lokasi lumayan ok, beberapa ok bgt, tanjakan masih bisa terhandle kendaraan R4 gigi 1 dan 2, Parkir Lumayan proper, Lokasi Villa agak jauh dari parkir, dan tidak ramah orang Jompo, dan Anak, View Pegunungan malam juara dgn lampu² kota, fasilitas Villa, ada tempat berjemur, nongkrong dll, Kolam tidak dirawat dan bahkan tidak bisa di buat berenang karena kotor, Villa 1,3 jt/mlm dengan room yg standart proper, Kamar mandi ada bathtub bocor tdk bisa dipakai, closed yg sering macet air flush nya, air panas yg hidup mati pemanasnya, jgn berharap mandi air panas, maintanece ada tapi tdk bisa mastiin keberlangsungan fasilitas, calling maintanance 1 jam ,tv yg tiba² hilang sinyalnya, scara umum kebersihan dan perawatan villa kurang, lalat banyak di pagi hari, piring makanan tdk segera diangkat, fasilitas amunities seadanya, pelayanan sih lumayan bagus pas tamu datang, View juga juara tapi semua tereduksi gara² banyak minus²nya.",2026-01-15T02:21:41.786Z,Eddie GE Manconian,103390726182121096974,True,0,id,2026-05-04T16:53:27.448322
Ci9DQUlRQUNvZENodHljRjlvT2xwQ2RsSkxWRjlIZW1jMmVWY3dSRXBZVkRkeGQyYxAB,ChIJO5O45zEXby4RIuyrfYxxhwc,Saraelands Eatery,Kuningan,Wisata,3,"Pertama berkunjung ke sini sekitar 3 tahun lalu. Waktu itu masih bagus banget. Salah satu yang terbaik di Kuningan buat nongkrong atau sekedar mengajak anak renang.

Sekarang sudah tidak terawat. Makanan dan kopinya juga ga enak. Wahana hampir semua tutup. Tersisa cafe, villa dan kolam renang",2026-01-08T12:19:37.786Z,Dwi Pangestu,103429250004627089139,True,0,id,2026-05-04T16:53:27.448334
Ci9DQUlRQUNvZENodHljRjlvT213MFRuaDRlV1pwZVdaTGRYUlBObEZqYWxGSFVrRRAB,ChIJO5O45zEXby4RIuyrfYxxhwc,Saraelands Eatery,Kuningan,Wisata,5,Utk view pemandangan nya keren banget aestetik..udh ke 2 kali nya dari tangerang ke sini..utk kedepan nya kolam renang nya di tambahin lagi donk,2025-07-01T05:20:34.674Z,Uchu Susanto,103496436070897090029,True,0,id,2026-05-04T16:53:27.448361
ChZDSUhNMG9nS0VJQ0FnTURJek8ybUxBEAE,ChIJO5O45zEXby4RIuyrfYxxhwc,Saraelands Eatery,Kuningan,Wisata,5,"Tiket masuk 25K bisa ditukar dengan minuman coffee, teh atau coklat size mini. Terimakasih",2025-04-07T21:30:40.003Z,Adi Rizki,118306940605758285626,True,0,id,2026-05-04T16:53:27.448408
ChZDSUhNMG9nS0VJQ0FnTUNJX2UzTU5BEAE,ChIJO5O45zEXby4RIuyrfYxxhwc,Saraelands Eatery,Kuningan,Wisata,5,"Kolam renang diatas langit, mantab suasana nya",2025-04-04T07:07:29.315Z,errens hardian,117554112470536114904,True,0,id,2026-05-04T16:53:27.448418
ChZDSUhNMG9nS0VJQ0FnTUNJNlpLcldnEAE,ChIJO5O45zEXby4RIuyrfYxxhwc,Saraelands Eatery,Kuningan,Wisata,1,"Parah sih ini, manfaatin banget orang2 yang kejebak macet. Biaya masuknya aja 25rb, katanya bisa diganti selain kopi, tapi ternyata hanya bisa kopi susu, selain itu gelasnya kecil banget, beda dibandingkan yang beli sendiri. Belum lagi manajemen pelayanannya yang ga baik, banyak pengunjung yang protes. Mini zoo nya juga hanya sapi, domba, angsa dan kalkun.
Mohon maaf not recommended",2025-04-03T06:02:16.458Z,Akhir Anya,111689844600747211694,False,0,id,2026-05-04T16:53:27.448426
ChZDSUhNMG9nS0VJQ0FnTURnanNPZ2J3EAE,ChIJO5O45zEXby4RIuyrfYxxhwc,Saraelands Eatery,Kuningan,Wisata,1,"Mohon sering sering di bersihkan untuk kolam dan villa nya,kemaren pas cek in baru masuk villa udah ada rambut di lantai dan bethapnya udah pada pecah,kolamnya berlumut kalo untuk view sih lumayan bagus",2025-02-24T18:25:20.567Z,Ugi Khotibul umam,101129405691519883514,False,0,id,2026-05-04T16:53:27.448434
ChZDSUhNMG9nS0VJQ0FnSUN2bl9TTFNREAE,ChIJO5O45zEXby4RIuyrfYxxhwc,Saraelands Eatery,Kuningan,Wisata,4,"nginep bln desember, adem bgd + view nya jg bagus.. saran aja : sediakan playground untuk anak², dan bau sepiteng di wc villa lumayan ngeganggu..",2024-12-16T05:10:19.979Z,fatkhiyatul mutfah,112414355413248967507,True,0,id,2026-05-04T16:53:27.448450
ChZDSUhNMG9nS0VJQ0FnSUN2X2ZTek5REAE,ChIJO5O45zEXby4RIuyrfYxxhwc,Saraelands Eatery,Kuningan,Wisata,5,"Susasananya sejuk harga makanan cukup terjangkau, pelayanan baik tapi kolam renangnya perlu perawatan yang lebih baik",2024-12-13T23:40:23.581Z,TSABIT AL BANANI,100691723201208990831,True,1,id,2026-05-04T16:53:27.448464
ChdDSUhNMG9nS0VJQ0FnSUQzdmFYYW9RRRAB,ChIJO5O45zEXby4RIuyrfYxxhwc,Saraelands Eatery,Kuningan,Wisata,5,"Ke sini karena ikut acara Poundfit.
Tempatnya nyaman. Enakeuuuunnn lah. Sarae.",2024-11-18T02:52:51.290Z,Gemi Astiti Sumitra,106218986712212667470,True,0,id,2026-05-04T16:53:27.448473
ChZDSUhNMG9nS0VJQ0FnSURYeU5IQ2RnEAE,ChIJO5O45zEXby4RIuyrfYxxhwc,Saraelands Eatery,Kuningan,Wisata,4,"Kesini cek lokasi dan makan di restonya.
Cukup komplit fasilitas villanya..Ada kolam renang,mini zoo,resto,dan spot foto keren.
Pas datang kesini masih tahap renovasi.",2024-10-23T12:36:12.585Z,Fitria,110830440511317389167,True,0,id,2026-05-04T16:53:27.448494
ChdDSUhNMG9nS0VJQ0FnSURudWFXNTN3RRAB,ChIJO5O45zEXby4RIuyrfYxxhwc,Saraelands Eatery,Kuningan,Wisata,4,"Tempat bagus tapi kurang terurus...
Ada bau kandang sapi",2024-10-07T16:40:32.564Z,Mas Mukhsin,113220693972964250125,True,0,id,2026-05-04T16:53:27.448505
ChZDSUhNMG9nS0VJQ0FnSUQ3b2FLbE5nEAE,ChIJO5O45zEXby4RIuyrfYxxhwc,Saraelands Eatery,Kuningan,Wisata,4,Tempat nya bagus...dan kolam renang nya bersih...cuma untuk order makanan nya lumayan lama hampir 3 jam saya nunggu dan akhir nya cancel mungkin karena mengantri lama dan pada saat kesini pas pembukaan jadi rame...untuk jalan di area parkir masih bebatuan kecil dan tanah...Disni berlaku minimum order kalo mau makan di dekat kolam yg di atas jadi ga bebas milih mau makan di tempat mana2 nya...,2024-08-25T03:47:54.505Z,Nia Erniasih,113536833373485060431,True,1,id,2026-05-04T16:53:27.448522
ChdDSUhNMG9nS0VJQ0FnSUNicl91cG1RRRAB,ChIJO5O45zEXby4RIuyrfYxxhwc,Saraelands Eatery,Kuningan,Wisata,3,"Tempatnya oke apalagi buat yg suka foto-foto tapi maaf bgt untuk rasa makanannya kurang. Saya ngga masalah harga mahal memaklumi karena di tempat wisata tapi tolong diperbaiki lagi khususnya untuk menu chicken katsu benar-benar diluar ekspetasi untuk harga 40k kalau bisa jangan ditaro di di list menu makanan berat bisa ditaro di list camilan. Untuk spagheti dan beef bowl standar rasanya, minuman juga standar rasanya.",2024-07-31T09:15:46.678Z,Miftahul Ilma,114166980372540712207,False,0,id,2026-05-04T16:53:27.448545
ChdDSUhNMG9nS0VJQ0FnSUNUbnR2QnpBRRAB,ChIJO5O45zEXby4RIuyrfYxxhwc,Saraelands Eatery,Kuningan,Wisata,5,"Bagi kalian yg ingin liburan ala Santorini bisa nih cobain kesini.
Spot Foto disini sangat banyak tinggal pilih.
Masuk area dikenakan biaya 50k
Dan nanti dapet voucher yg bisa ditukar dengan makanan dan minuman.
Ada kolam yg bisa dipakai,
Ada juga penginapan yg bisa disewa.
Tempat parkir cukup luas
Dan area bermain anak banyak",2024-05-15T05:47:36.982Z,Joko Fathur “Joeheadshot” Rahman,115432922797482548286,True,1,id,2026-05-04T16:53:27.448553
ChdDSUhNMG9nS0VJQ0FnSUNqay1XRzNRRRAB,ChIJO5O45zEXby4RIuyrfYxxhwc,Saraelands Eatery,Kuningan,Wisata,5,Kebetulan aja hari biasa sepi jadi bisa lebih ekplorasi,2024-04-25T11:39:40.850Z,dadan dansker murdani,109396130734382898756,True,0,id,2026-05-04T16:53:27.448563
ChZDSUhNMG9nS0VJQ0FnSUNqMXEtQ1B3EAE,ChIJO5O45zEXby4RIuyrfYxxhwc,Saraelands Eatery,Kuningan,Wisata,3,"2x ksni buat renang aja, pemandngannya bagus bikin nagih pisang goreng nya",2024-04-21T09:13:01.990Z,Ninda Nirwana,105271374513892601341,True,0,id,2026-05-04T16:53:27.448572
ChZDSUhNMG9nS0VJQ0FnSURkdWFHX1V3EAE,ChIJO5O45zEXby4RIuyrfYxxhwc,Saraelands Eatery,Kuningan,Wisata,1,"Harga nya tidak worth it , paket 25k cuma dapet ice cream doang 50k juga tidak worth it . Pelayanan kurang , tempat nya pada kotor banyak sampah",2024-02-25T07:12:41.607Z,indah trihandayani,113713459930982163171,False,0,id,2026-05-04T16:53:27.448588
ChdDSUhNMG9nS0VJQ0FnSURkdWM3aHp3RRAB,ChIJO5O45zEXby4RIuyrfYxxhwc,Saraelands Eatery,Kuningan,Wisata,1,"Kurang worth it  . Dengan harga paket 25k cuma dapet ice cream doang yg paket 50k tidak worth it juga , pelayanan kurang , tempat nya pada kotor",2024-02-25T07:07:43.447Z,Nenk Yulia,113147044954014306336,False,0,id,2026-05-04T16:53:27.448600
ChZDSUhNMG9nS0VJQ0FnSUNkbUphQ1pBEAE,ChIJO5O45zEXby4RIuyrfYxxhwc,Saraelands Eatery,Kuningan,Wisata,5,"Pemandangan bagus, pelayanan bagus, harga villanya lumayan m****  ya...",2024-02-11T07:37:29.977Z,erie n,114525490404211647980,True,0,id,2026-05-04T16:53:27.448610
ChZDSUhNMG9nS0VJQ0FnSUR0ejlQTlp3EAE,ChIJO5O45zEXby4RIuyrfYxxhwc,Saraelands Eatery,Kuningan,Wisata,5,"Tempatnya enak sambil makan   lihat pemandangan di atas ketinggian beli tiket 50k per org bisa dituker dg menu
makan sesuai Harga tiket dan
makanannya enak harga terjangkau menunya siap saji

Tapi sy lihat ada tempat buat camping tapi ga bisa bawa tenda sendiri krn sdh disediakan 1 paket dr sana tanya ke karyawannya

Andai tempatnya bisa di sewa buat camping dan bawa tenda sendiri kayanya enak juga tuh",2024-02-08T12:47:15.485Z,Moch Najib,112921237645519856051,True,0,id,2026-05-04T16:53:27.448618
ChZDSUhNMG9nS0VJQ0FnSUROa2RqLVRBEAE,ChIJO5O45zEXby4RIuyrfYxxhwc,Saraelands Eatery,Kuningan,Wisata,5,"Menurut saya bagus, indah, sejuk. Tp tidak terlalu ramai. Untuk lahan parkir mungkin bisa ditambah atau diperluas lagi. Dan untuk harga makanan dan minuman nya menurut saya terlalu mahal. Tolong lah dikasih harga standar tempat wisata saja. Dikira didalam itu ada kantin²/tempat makan yg lain nya juga, ternyata cuma resto 1 itu aja. Jd terpaksa deh mau ngga mau walaupun harganya menurut saya mahal. Semoga kedepan nya bisa diperbaiki🙏",2024-01-23T06:48:18.639Z,Muhammad Rizky Alfian Saputra,117689296969330570772,True,0,id,2026-05-04T16:53:27.448628
ChdDSUhNMG9nS0VJQ0FnSUNOenV6djJBRRAB,ChIJO5O45zEXby4RIuyrfYxxhwc,Saraelands Eatery,Kuningan,Wisata,5,Tempat sangat bagus dan sejuk,2024-01-14T15:09:14.333Z,Alan Nataf,113339442378571177521,False,0,id,2026-05-04T16:53:27.448638
ChZDSUhNMG9nS0VJQ0FnSUQxemREdlhnEAE,ChIJO5O45zEXby4RIuyrfYxxhwc,Saraelands Eatery,Kuningan,Wisata,2,"Fasilitas Playground sudah banyak yg rusak
Zoomini cuma ada entog 2, sapi6, Kalkun 2
Kolam renang airnya sedikit
Toilet kehabisan air
Makanan (SOP Iga) adem g ada anget anget nya

Over All kurang rekomendasi",2024-01-09T06:40:56.449Z,AGUNG LAKSONO,102352633411319515322,True,1,id,2026-05-04T16:53:27.448662
ChdDSUhNMG9nS0VJQ0FnSUQxdHViZXlnRRAB,ChIJO5O45zEXby4RIuyrfYxxhwc,Saraelands Eatery,Kuningan,Wisata,5,Ka kapasitas 200 orang untuk villa bisa engga ka mau sewa Sabtu minggu,2024-01-07T00:55:46.012Z,jojo sutar,101487183129543468345,False,0,id,2026-05-04T16:53:27.448679
ChZDSUhNMG9nS0VJQ0FnSUMxdVoydGZBEAE,ChIJO5O45zEXby4RIuyrfYxxhwc,Saraelands Eatery,Kuningan,Wisata,3,Makanannya tolong diperbaiki rasanya,2024-01-01T12:21:55.247Z,layla ariyanti,118290808529771606712,True,0,id,2026-05-04T16:53:27.448689
ChZDSUhNMG9nS0VJQ0FnSUMxMmF1ZFNnEAE,ChIJO5O45zEXby4RIuyrfYxxhwc,Saraelands Eatery,Kuningan,Wisata,3,Pesenan lama nunggu 2 jam lebih,2024-01-01T08:31:07.587Z,Muhammad Sandy,115302692026978309645,False,0,id,2026-05-04T16:53:27.448698
ChdDSUhNMG9nS0VJQ0FnSUMxa2N1aXdBRRAB,ChIJO5O45zEXby4RIuyrfYxxhwc,Saraelands Eatery,Kuningan,Wisata,1,"Htm reguler 50k/org (karena libur thn baru)
Tiket masuk ditukar dengan makanan/minuman dg harga yg sama, aku kira kita bebas pilih menu, taunya menunya cuma bisa menu paketan ajaa, ga bebas pilih menu. Dan untuk pilihan minumannya bad bgt, cuma dikasi 3 pilihan doang (lemon tea, leci tea sama le mineral 2btl) dg harga 20k.
Porsi makanannya pun sedikit bgt:(
So sad. Ga woth it sih menurutku dg hrga segituu",2023-12-31T11:09:38.369Z,Intan Permatasari,106632040334804926985,False,5,id,2026-05-04T16:53:27.448706
ChdDSUhNMG9nS0VJQ0FnSUMxdkpESWtBRRAB,ChIJO5O45zEXby4RIuyrfYxxhwc,Saraelands Eatery,Kuningan,Wisata,5,Suasana dan pemandangan yg sejuk. Tiket masuk 25K boleh minta popmie dan eskrim,2023-12-25T10:05:35.239Z,Ridwan Harris,115650756076808171184,True,0,id,2026-05-04T16:53:27.448719
ChZDSUhNMG9nS0VJQ0FnSUMxak11UFRnEAE,ChIJO5O45zEXby4RIuyrfYxxhwc,Saraelands Eatery,Kuningan,Wisata,1,Pelayanan kacau banget sangat menggecewakan,2023-12-24T07:58:58.163Z,Andhika Sakhi,110981224510502519494,False,3,id,2026-05-04T16:53:27.448729
ChdDSUhNMG9nS0VJQ0FnSUMxakkzM3Z3RRAB,ChIJO5O45zEXby4RIuyrfYxxhwc,Saraelands Eatery,Kuningan,Wisata,1,BAD SERVICE MANAGEMENT!!!! UDAH RESERVASI TEMPAT MALAH DIKASIH KE ORANG LAIN DENGAN ALASAN KALAU DUDUK DISITU GA BISA LAMA PADAHAL YG LAIN LAMA JUGA DUDUKNYA....PERCUMA BOOKING UDAH DP JUGA GA DAPET TEMPAT DUDUK SESUAI PESANAN DIAWAL...NUNGGU MAKANAN LAMA,2023-12-24T07:23:49.675Z,Elvanita Evlin,105141347854640139468,False,4,id,2026-05-04T16:53:27.448740
ChdDSUhNMG9nS0VJQ0FnSUMxakxYajJBRRAB,ChIJO5O45zEXby4RIuyrfYxxhwc,Saraelands Eatery,Kuningan,Wisata,1,"SUDAH TAU WEEKEND HARUSNYA DIPERSIAPKAN, MAKANAN 3 JAM GAK ADA YANG DATENG SATUPUN. ANAK SAMPE SELESAI RENANG UNTUNG SAJA GAK MASUK ANGIN. SEMOGA KEDEPANNYA JAUH LEBIH BAIK DEH. GAK BAGIAN KASIR SM DAPUR SAMA AJA GAK ADA BEDANYA. YANG MAU KESITU PIKIR2 LAGI DEH",2023-12-24T07:19:20.354Z,salma syifa zofia,115333263533388810830,False,4,id,2026-05-04T16:53:27.448750
ChdDSUhNMG9nS0VJQ0FnSUMxbElDZ19BRRAB,ChIJO5O45zEXby4RIuyrfYxxhwc,Saraelands Eatery,Kuningan,Wisata,3,"-makanan untuk sop iganya dingin bener bener dingin, beef di rice bowl nya alot banget, dan nasi juga dingin

-untuk pelayanan masi terbilang baru bekerja dan

tapi untuk suasana bagus sih dan tempatnya keren buat foto",2023-12-23T11:11:15.549Z,wafer lapis,102718964304869854380,False,2,id,2026-05-04T16:53:27.448766
ChZDSUhNMG9nS0VJQ0FnSURWOE9YWVN3EAE,ChIJO5O45zEXby4RIuyrfYxxhwc,Saraelands Eatery,Kuningan,Wisata,5,"Overall tempat nya bagus dan sejuk untuk bersantai bareng keluarga. Bisa saya rekomendasikan untuk kalian yang ingin atau berencana liburan ke daerah palutungan, Kuningan. Hanya saran datang kesini di waktu weekday, karena waktu weeken sangat ramai, bagi saya semakin ramai semakin tidak bisa di nikmati.",2023-12-10T14:32:12.685Z,Febry Ramadan,116380332601781357672,True,1,id,2026-05-04T16:53:27.448783
Ci9DQUlRQUNvZENodHljRjlvT2sxT1FWOU1jVTFYTlZCQk4yeFNZM2xhVlVWdGJHYxAB,ChIJf5TqegAXby4R3IxgdfrYgZI,buper lamping kidang,Kuningan,Wisata,5,Views nya bagus sih,2026-04-07T22:47:17.085Z,Tresss,104628794080274337883,False,0,id,2026-05-04T16:53:27.448792
Ci9DQUlRQUNvZENodHljRjlvT2xwV2RVUnNXWEpmTUVocmRXOTVNazVuTVdrNWIxRRAB,ChIJf5TqegAXby4R3IxgdfrYgZI,buper lamping kidang,Kuningan,Wisata,3,Tempatnyaa beneran se-healing ituuu🥹🤍,2025-12-09T19:13:32.352Z,Rizka Wijayanti,103018994145237305367,False,0,id,2026-05-04T16:53:27.448810
Ci9DQUlRQUNvZENodHljRjlvT2s5NFIzSlJPRlpCYlU0NU5VTTVSVzlUYm1sbFVrRRAB,ChIJf5TqegAXby4R3IxgdfrYgZI,buper lamping kidang,Kuningan,Wisata,5,"Rekomended, wedang jahe nya maknyus",2025-07-19T11:44:42.705Z,Didit Nurhadi,112682261384353845624,False,1,id,2026-05-04T16:53:27.448828
Ci9DQUlRQUNvZENodHljRjlvT25VNFVuZDRZV3BIVlZaNGEwaFhNekZNYTFGMVpsRRAB,ChIJf5TqegAXby4R3IxgdfrYgZI,buper lamping kidang,Kuningan,Wisata,3,Gas saya hilang ada yang ngambil.. perasaan jadi was was sama barang2,2025-07-04T09:29:06.385Z,WRS SILUTH,115158659835914536144,True,0,id,2026-05-04T16:53:27.448838
ChZDSUhNMG9nS0VKQ0N4OExIaXZxb2NnEAE,ChIJf5TqegAXby4R3IxgdfrYgZI,buper lamping kidang,Kuningan,Wisata,5,"View gunung, malam bisa menikmati city light. Sekarang tiketnya naik jadi 30 ribu.",2025-06-02T01:33:47.282Z,Supriyatna Machmud,111829667777870243446,True,0,id,2026-05-04T16:53:27.448847
ChZDSUhNMG9nS0VPcWI0cVdMNmZYMWJ3EAE,ChIJf5TqegAXby4R3IxgdfrYgZI,buper lamping kidang,Kuningan,Wisata,4,Tempat yg syahdu untuk kemping keluarga,2025-05-10T02:15:55.342Z,Ulin bee,109079700289903046910,True,0,id,2026-05-04T16:53:27.448863
ChZDSUhNMG9nS0VJQ0FnTUR3b2FDRFR3EAE,ChIJf5TqegAXby4R3IxgdfrYgZI,buper lamping kidang,Kuningan,Wisata,5,Nyaman. Dilayani dengan ramah bahkan ditemani ngobrol meski datang sendirian.,2025-03-26T10:28:34.293Z,Athif Roihan (inisiatip),111042411478808221393,True,0,id,2026-05-04T16:53:27.448872
ChdDSUhNMG9nS0VJQ0FnSUNmbExqdHlnRRAB,ChIJf5TqegAXby4R3IxgdfrYgZI,buper lamping kidang,Kuningan,Wisata,4,"tgl 24 Des 2024 camping tiket 30rb/orang, fasilitas lokasi ga sesuai harga. naik drastis",2024-12-26T08:39:06.196Z,Justice77,114773801537447373401,True,0,id,2026-05-04T16:53:27.448897
ChZDSUhNMG9nS0VJQ0FnSUNIOHZPYkxnEAE,ChIJf5TqegAXby4R3IxgdfrYgZI,buper lamping kidang,Kuningan,Wisata,5,"Untuk tempat ngecamp nya oke lah, suasana nya sejuk bgt apalagi pas pagi. Liat sunrise nya masyaallah bgtt. Tempat nya recomend bgt buat yg mau ngecamp.",2024-09-03T12:40:02.328Z,Lisa Marcela Zalianti,102235765840646475402,False,1,id,2026-05-04T16:53:27.448908
Ci9DQUlRQUNvZENodHljRjlvT2poRFFXdG5UeTFzU0RReFprTTRRM1pLZEdKS1YyYxAB,ChIJXXJrv64_by4RSVqRcAZ7Y8c,Objek Wisata Alam KUKUPU PANENJOAN,Kuningan,Wisata,2,Kupu kupu cuman patungnya saja,2026-01-04T03:16:51.113Z,PKS Lengkong,117982204506009499059,True,0,id,2026-05-04T16:53:27.448941
ChdDSUhNMG9nS0VNbUNtdjJKM1BHcnhnRRAB,ChIJXXJrv64_by4RSVqRcAZ7Y8c,Objek Wisata Alam KUKUPU PANENJOAN,Kuningan,Wisata,5,"Mengusung tema kupu-kupu, destinasi wisata alam ini cukup asri dan alami. Masih banyak vegetasi. Bunga-bungaan juga ada disana sini. Beragam spot foto disajikan. Buat Selfi maupun bersama-sama. Buat ngumpul-ngumpul gitu sembari mentadaburi alam. Moga-moga ada pelebaran dan perbaikan jalan sehingga akses bisa nyaman. Ke depannya, kunjungan wisatawan semakin meningkat.",2025-06-14T11:02:25.840Z,Bowo Ardianto,100239465600136897078,True,0,id,2026-05-04T16:53:27.448981
ChZDSUhNMG9nS0VLaV8zWlhSeXBMU05REAE,ChIJXXJrv64_by4RSVqRcAZ7Y8c,Objek Wisata Alam KUKUPU PANENJOAN,Kuningan,Wisata,5,"Tempatnya luas, bagus, adem",2025-06-08T08:06:54.465Z,arief rachman,110714893839063112977,False,0,id,2026-05-04T16:53:27.448996
ChZDSUhNMG9nS0VNblEwYXVyMXFLZFRBEAE,ChIJXXJrv64_by4RSVqRcAZ7Y8c,Objek Wisata Alam KUKUPU PANENJOAN,Kuningan,Wisata,3,"Jalan akses masuknya kurang baik, hanya jalan tanah berkerikil. Tidak ada kesan keberadaan taman wisata.
Saya kunjungi tempat ini pada hari Minggu, tetapi sepi. Hanya dua unit mobil dan beberapa unit motor. Secara umum, taman ini masih tampak bersih walau banyak patung kupu-kupu yang kusam. Tidak seindah kupu² asli. Wahana permainan anak pun terlihat kurang perawatan walau masih layak digunakan.
Harga tiketnya 10rb per orang dan kendaraan 5rb. Harga yang fair.",2025-06-08T03:48:10.745Z,Dwi Santoso,114442604578358927201,True,0,id,2026-05-04T16:53:27.449009
ChdDSUhNMG9nS0VJQ0FnTURJcWJtc3NRRRAB,ChIJXXJrv64_by4RSVqRcAZ7Y8c,Objek Wisata Alam KUKUPU PANENJOAN,Kuningan,Wisata,5,"Tempat nya bagus,tapi ga ada wahana permainan nya,lbh banyak spot foto dan gazebo karena ini emang di desain buat tempat kumpul keluarga kayanya.",2025-04-11T04:39:26.967Z,Keysa Zaa,117661494833224197927,True,0,id,2026-05-04T16:53:27.449025
ChdDSUhNMG9nS0VJQ0FnSURmdHBqOHdBRRAB,ChIJXXJrv64_by4RSVqRcAZ7Y8c,Objek Wisata Alam KUKUPU PANENJOAN,Kuningan,Wisata,5,"N nyaman, asri, bersih indah",2025-01-14T10:08:36.823Z,Olih Ruslih,115587460510958111632,True,0,id,2026-05-04T16:53:27.449040
ChdDSUhNMG9nS0VJQ0FnSUNQLVl2ZG93RRAB,ChIJXXJrv64_by4RSVqRcAZ7Y8c,Objek Wisata Alam KUKUPU PANENJOAN,Kuningan,Wisata,1,Udah tutup..tempat tidak terawat,2024-11-26T06:23:18.247Z,Vidy Usman,101359142323972337622,True,0,id,2026-05-04T16:53:27.449047
ChZDSUhNMG9nS0VJQ0FnSUNUeTl6TlVBEAE,ChIJXXJrv64_by4RSVqRcAZ7Y8c,Objek Wisata Alam KUKUPU PANENJOAN,Kuningan,Wisata,5,Suka dengan pemandangan dan sangat memanjakan mata,2024-05-19T05:45:02.101Z,Yessa Nur,112569238019788349375,False,0,id,2026-05-04T16:53:27.449068
ChZDSUhNMG9nS0VJQ0FnSURqOGVPc0R3EAE,ChIJXXJrv64_by4RSVqRcAZ7Y8c,Objek Wisata Alam KUKUPU PANENJOAN,Kuningan,Wisata,5,"SANGAT BAGUS BUAT ACARA KELUARGA, MENGHILANGKAN PENAT DAN MENGHIRUP UDARA SEGAR",2024-05-04T15:11:16.926Z,Didi Rosadi,112404247858330320632,True,0,id,2026-05-04T16:53:27.449082
Ci9DQUlRQUNvZENodHljRjlvT2tOQmVsVkhjalJCWDFrNGVXbGhWMkprU0dFNFkxRRAB,ChIJEdN-G2ETby4RBOlmEy3YIcM,De Goah,Kuningan,Wisata,3,Kalau liburan parinuh,2026-03-26T07:24:08.984Z,Sudarno Ahmad Queen,108600795635668494049,True,0,id,2026-05-04T16:53:27.449105
Ci9DQUlRQUNvZENodHljRjlvT2podGMxSk1kM1J3TFZKRlYzbDZlWGRZV2xkb1VYYxAB,ChIJEdN-G2ETby4RBOlmEy3YIcM,De Goah,Kuningan,Wisata,5,"Suka karena tempatnya bersih sepi lg serasa kolam sendiri,kolamnya ada tiga,ada gazebo di bawah, tmpt ganti/toilet bnyk,free karaoke, fasilitas mushola kedai makanan jg tersedia harga bervariasi terjangkau,yg paling suka boleh bawa makanan dari luar HTM weekday 10 weekend 15 semua umur",2025-07-08T06:46:48.505Z,nenk710,117645616184898662117,True,0,id,2026-05-04T16:53:27.449133
ChZDSUhNMG9nS0VJQ0FnSURmdElES1hnEAE,ChIJEdN-G2ETby4RBOlmEy3YIcM,De Goah,Kuningan,Wisata,5,"memuaskan, kolam nya byk buat ank2 jg ad, saung nyaman adem",2025-01-04T06:05:57.578Z,Erik Rohman,114394088737255373730,False,0,id,2026-05-04T16:53:27.449155
ChZDSUhNMG9nS0VJQ0FnSUR2ZzhHU0FnEAE,ChIJEdN-G2ETby4RBOlmEy3YIcM,De Goah,Kuningan,Wisata,5,suka tempat nya luas adem saung nya juga luas ada taman nya seru lagi,2024-12-23T11:53:04.030Z,Ini Wartini,101425090875055455042,False,0,id,2026-05-04T16:53:27.449174
ChdDSUhNMG9nS0VJQ0FnSUR2M2N2VzVnRRAB,ChIJEdN-G2ETby4RBOlmEy3YIcM,De Goah,Kuningan,Wisata,5,"Semakin bagus
Lengkap
Pas untuk liburan anak anak",2024-12-23T06:53:01.285Z,Aji,101073148664923749631,True,0,id,2026-05-04T16:53:27.449182
ChZDSUhNMG9nS0VJQ0FnSUNyanMzTUNBEAE,ChIJEdN-G2ETby4RBOlmEy3YIcM,De Goah,Kuningan,Wisata,5,Kolamnya bersahabat dengan anak anak kedai yg Nyaman dan enak masakannya,2024-07-30T12:16:50.800Z,Iyan Mulyana,103423316046490012824,True,0,id,2026-05-04T16:53:27.449197
ChZDSUhNMG9nS0VJQ0FnSUNMaThYUlFBEAE,ChIJEdN-G2ETby4RBOlmEy3YIcM,De Goah,Kuningan,Wisata,1,KURANG PUASSSSSS KOLAM DEWASA NYA TIDAK BISA DI PAKAI.,2024-06-23T03:28:35.247Z,Kanaya Aska,109953243931046238681,False,0,id,2026-05-04T16:53:27.449211
ChZDSUhNMG9nS0VJQ0FnSURUd09mM1p3EAE,ChIJEdN-G2ETby4RBOlmEy3YIcM,De Goah,Kuningan,Wisata,3,Lumayan dilembur mah,2024-05-21T08:10:15.925Z,Dewa Priatna,106039185290483930877,True,0,su,2026-05-04T16:53:27.449219
ChdDSUhNMG9nS0VJQ0FnSUNsbE03YjZRRRAB,ChIJEdN-G2ETby4RBOlmEy3YIcM,De Goah,Kuningan,Wisata,5,Jalanan nya mulus dan tidak macet ...gooodd,2023-11-14T08:23:07.536Z,agus riyadi,104261640352180905024,False,0,id,2026-05-04T16:53:27.449626
ChZDSUhNMG9nS0VJQ0FnSUNaMXB1eGJ3EAE,ChIJEdN-G2ETby4RBOlmEy3YIcM,De Goah,Kuningan,Wisata,5,"Ramai pengunjung anak anak yang ingin bermain dan belajar berenang, spot foto menarik, sejuk udara menyelimuti wahana bermain air,  keday untuk mengrecoverry energy yang habis digunakan, selamat bermain",2023-09-10T05:08:42.523Z,odi mawar setiawan,115002081506114004717,True,1,id,2026-05-04T16:53:27.449666
ChdDSUhNMG9nS0VJQ0FnSUNKNmVHSHZnRRAB,ChIJEdN-G2ETby4RBOlmEy3YIcM,De Goah,Kuningan,Wisata,4,"Kolamnya paling dalam cuma 1 mtr, lumayan buat anak bermain",2023-06-30T09:19:04.424Z,Novianto Anto,116274600385541986406,True,0,id,2026-05-04T16:53:27.449675
ChdDSUhNMG9nS0VJQ0FnSUN4OGU3Tzd3RRAB,ChIJEdN-G2ETby4RBOlmEy3YIcM,De Goah,Kuningan,Wisata,5,bagus banget sih 💯🥰,2023-05-20T06:21:54.030Z,Gibran Nuralamsyah pratama,109618510390349494439,False,0,id,2026-05-04T16:53:27.449692
ChdDSUhNMG9nS0VJQ0FnSURSdnVmS2lnRRAB,ChIJEdN-G2ETby4RBOlmEy3YIcM,De Goah,Kuningan,Wisata,4,Lumayan untuk daerah maleber....gak harus ke Sangkan atau cibulan,2023-04-26T10:50:11.090Z,Cecep Hernawan,115586847982278009689,True,0,id,2026-05-04T16:53:27.449714
ChZDSUhNMG9nS0VJQ0FnSUNSLXRuOE1REAE,ChIJEdN-G2ETby4RBOlmEy3YIcM,De Goah,Kuningan,Wisata,5,Luas dan nyaman,2023-03-31T05:29:41.488Z,Muchammad Nasikin Ouzev,110972751130671888329,True,0,id,2026-05-04T16:53:27.449749
ChZDSUhNMG9nS0VJQ0FnSURocnNIckpREAE,ChIJEdN-G2ETby4RBOlmEy3YIcM,De Goah,Kuningan,Wisata,5,"Slmt siang..pak / Bu..barang kali berminat untuk pasang cctv, anti petir, dan runningtext. Bisa hub tlp/wa 081221984196",2023-03-09T05:41:23.911Z,egian margiansya,117607068158795726417,True,1,id,2026-05-04T16:53:27.449757
ChdDSUhNMG9nS0VJQ0FnSUNoLUxEcXp3RRAB,ChIJEdN-G2ETby4RBOlmEy3YIcM,De Goah,Kuningan,Wisata,5,Tempat nya bagus,2023-02-05T01:14:06.714Z,Zifa Razifa,113177228129664952928,False,0,id,2026-05-04T16:53:27.449774
ChdDSUhNMG9nS0VJQ0FnSUQ5cExQeDh3RRAB,ChIJXXJrv64_by4RSVqRcAZ7Y8c,Objek Wisata Alam KUKUPU PANENJOAN,Kuningan,Wisata,5,Kesini pas bulan puasa. Jadi sepi serasa private tour 😀,2024-03-13T11:37:09.885Z,Durajaya City Rent. Car & Travel,107853778614908479250,True,0,id,2026-05-04T16:53:27.449803
ChZDSUhNMG9nS0VJQ0FnSUMxelkzeURREAE,ChIJXXJrv64_by4RSVqRcAZ7Y8c,Objek Wisata Alam KUKUPU PANENJOAN,Kuningan,Wisata,5,Tempat yang cocok untuk rekreasi,2024-01-02T10:00:11.423Z,Cak Devan,115960165286424662848,True,0,id,2026-05-04T16:53:27.449821
ChdDSUhNMG9nS0VJQ0FnSUMxdktuUDNRRRAB,ChIJXXJrv64_by4RSVqRcAZ7Y8c,Objek Wisata Alam KUKUPU PANENJOAN,Kuningan,Wisata,4,"Suasananya Asri, bnyak spot fotonya banyak variasi bunga juga,  banyak permainan untuk anak, tp saya tidak melihat bnyak kupu2 hanya beberapa saja adapun yang di dalam kandang itu bukan kupu2 tp hewan2 lainnya. Banyaknya patung dari kupu2 yang berukuran cukup besar tp overall seru banyak tempat untuk berkumpul juga seperti Aula terbuka, lapangan untuk acara + panggung dan Sound nya juga tersedia.",2023-12-25T12:29:50.276Z,Dewi Shofarotu R,112242549901317152031,True,1,id,2026-05-04T16:53:27.449830
ChdDSUhNMG9nS0VJQ0FnSUMxOEl5cXBnRRAB,ChIJXXJrv64_by4RSVqRcAZ7Y8c,Objek Wisata Alam KUKUPU PANENJOAN,Kuningan,Wisata,5,Teduh bersih nyaman tmpt nya,2023-12-21T05:55:25.869Z,bigbow,116443055457350904850,True,0,id,2026-05-04T16:53:27.449841
ChZDSUhNMG9nS0VJQ0FnSUNscWVpM0JnEAE,ChIJXXJrv64_by4RSVqRcAZ7Y8c,Objek Wisata Alam KUKUPU PANENJOAN,Kuningan,Wisata,4,Semoga akses jalan masuknya diperbaiki.,2023-11-21T14:02:15.533Z,Nafilah Khairunnisa,110269923872468375475,False,0,id,2026-05-04T16:53:27.449858
ChdDSUhNMG9nS0VJQ0FnSUNsZ1lQcTRRRRAB,ChIJXXJrv64_by4RSVqRcAZ7Y8c,Objek Wisata Alam KUKUPU PANENJOAN,Kuningan,Wisata,5,"Tempat ya bagus banget menurut aku recommended buat yang mau liburan bersama keluarga,ada banyak spot foto & gajebo free,panggung karaoke,Zoo mini, warung juga ada, musolah dan Toilet.
Harga tiket ya juga murah 10rb/orang 3rb parkir. Pas ke Sana sepi mungkin karena belum pada tau,tempatnya sesudah ke arah mau Waduk Darma Kuningan ..
Yukk liburan ya kesini 🥰🥰",2023-11-19T23:39:04.886Z,Anis & Agung (AgnisChanel),100036537331577305244,True,1,id,2026-05-04T16:53:27.449866
ChdDSUhNMG9nS0VJQ0FnSUNsME9DU2lnRRAB,ChIJXXJrv64_by4RSVqRcAZ7Y8c,Objek Wisata Alam KUKUPU PANENJOAN,Kuningan,Wisata,5,Tempat y bersih adem .pokok y enak bnget,2023-11-13T00:40:21.391Z,roviqoh Amriansyah,104241825837606786953,False,0,id,2026-05-04T16:53:27.449875
ChdDSUhNMG9nS0VJQ0FnSUNGazVmdHBBRRAB,ChIJXXJrv64_by4RSVqRcAZ7Y8c,Objek Wisata Alam KUKUPU PANENJOAN,Kuningan,Wisata,5,Saya belum masuk karena lihat jalannya tidak layak dilewatin.,2023-11-01T18:16:43.177Z,Studio Imajinasimimpi,105396607609909933523,True,0,id,2026-05-04T16:53:27.449911
ChdDSUhNMG9nS0VJQ0FnSUNwbi02TzhBRRAB,ChIJXXJrv64_by4RSVqRcAZ7Y8c,Objek Wisata Alam KUKUPU PANENJOAN,Kuningan,Wisata,5,"Wisata Alam Kupu kupu penenjoan, desa Kawah manuk kec.Darma,
Lokasinya cukup terjangkau dekat dr jalan raya ,cuma sayang akses jalannya kurang baik, masukan tuk pemdes darma moga bisa jalan akses nya di bagusin di perbaikin biar nyaman klo jalan kaki pun ,
Tamannya resik ,pemeliharaan nya bagus di area tamannya ,sejuk n rindang,,,",2023-08-13T08:53:19.138Z,Tri Sumirati,102034916185163644678,True,2,id,2026-05-04T16:53:27.449954
ChZDSUhNMG9nS0VJQ0FnSUNwdC1TRlN3EAE,ChIJXXJrv64_by4RSVqRcAZ7Y8c,Objek Wisata Alam KUKUPU PANENJOAN,Kuningan,Wisata,5,"Penataan taman sudah bagus, lebih diperbanyak bunga-bunganya...",2023-08-12T09:50:21.422Z,Yohanes Sd,111594555573977565498,True,0,id,2026-05-04T16:53:27.449963
ChZDSUhNMG9nS0VJQ0FnSURSMnEzTFpnEAE,ChIJXXJrv64_by4RSVqRcAZ7Y8c,Objek Wisata Alam KUKUPU PANENJOAN,Kuningan,Wisata,3,Lumayan tertata dengan baik,2023-04-23T10:26:04.602Z,Jangja Jafa,104991108464758835906,True,0,id,2026-05-04T16:53:27.449994
ChZDSUhNMG9nS0VJQ0FnSUNCdTl1UkRBEAE,ChIJEdN-G2ETby4RBOlmEy3YIcM,De Goah,Kuningan,Wisata,5,Walaupun kecil tapi nyaman,2023-01-05T14:25:18.234Z,Yusup Nugraha,105815887955347053712,True,0,id,2026-05-04T16:53:27.450012
ChZDSUhNMG9nS0VJQ0FnSUMteVBHLVhBEAE,ChIJEdN-G2ETby4RBOlmEy3YIcM,De Goah,Kuningan,Wisata,5,"Tempatnya bagus, bersih. Makanannya enak dan harganya bersahabat sekali. Saya rekomendasikan mi nyemeknya 👍👍👍",2022-10-25T21:41:26.263Z,Nurhayati Haris,102308895928102865867,True,4,id,2026-05-04T16:53:27.450035
ChdDSUhNMG9nS0VJQ0FnSUQyenVPdjFnRRAB,ChIJEdN-G2ETby4RBOlmEy3YIcM,De Goah,Kuningan,Wisata,4,Tempat bersih sayang belum teduh jadi kalo sudah siang panas sekali.,2022-05-15T04:47:09.612Z,Adien Novarisa,109261455341070056516,True,6,id,2026-05-04T16:53:27.450043
ChZDSUhNMG9nS0VJQ0FnSUQyOUxiTGR3EAE,ChIJEdN-G2ETby4RBOlmEy3YIcM,De Goah,Kuningan,Wisata,4,"Petugas kolam nyaris tidak ada, air kurang dikontrol kotor dan bau amis...",2022-05-07T19:47:27.471Z,Mahyudi Octavian,116362956356924932335,True,4,id,2026-05-04T16:53:27.450051
ChdDSUhNMG9nS0VJQ0FnSURXblplM3NRRRAB,ChIJEdN-G2ETby4RBOlmEy3YIcM,De Goah,Kuningan,Wisata,5,"Lumayan bagus dan masih tahap pembangunan ada terapi ikan juga tapi masih dalam proses, ada tempat buat poto poto juga, makananya juga banyak menunya murah dan enak enak kalo udah jadi semua kayaknya bakal bagus si ini 👍",2022-04-01T10:36:37.948Z,Shinta,115510996959868112807,True,0,id,2026-05-04T16:53:27.450060
ChZDSUhNMG9nS0VJQ0FnSUNXZzZHOE1REAE,ChIJEdN-G2ETby4RBOlmEy3YIcM,De Goah,Kuningan,Wisata,5,"tempat nyaman utk keluarga dari jakarta yg berkunjung ke kuningan,",2022-03-05T05:07:04.487Z,Allin Soemarlien,103181803790158512894,False,1,id,2026-05-04T16:53:27.450069
ChZDSUhNMG9nS0VJQ0FnSURtazhlZVpBEAE,ChIJEdN-G2ETby4RBOlmEy3YIcM,De Goah,Kuningan,Wisata,5,Harga menunya murah rasanya mantaps,2022-02-08T11:05:07.693Z,Muhammad Rofii,109520913234322753547,False,0,id,2026-05-04T16:53:27.450081
ChZDSUhNMG9nS0VJQ0FnSURtbnU3S0ZBEAE,ChIJEdN-G2ETby4RBOlmEy3YIcM,De Goah,Kuningan,Wisata,5,"bisa olahraga renang, bisa nongkrong juga. Enakeuunnnn",2022-01-29T10:48:28.079Z,Uswatun Hasanah,100812987799181250334,True,3,id,2026-05-04T16:53:27.450090
Ci9DQUlRQUNvZENodHljRjlvT25ad01YSTJTblUyZVhoR0xWa3RNRlZwY21WYU5HYxAB,ChIJZ2HdFwA_by4RRYx31bChgY8,Bumi perkemahan pasirbatang,Kuningan,Wisata,5,"Jalan menuju lokasi kurang bagus, dan kurang lebar.
Tapi terbayar dg pemandangan yg cakeep, udara yg segar dan lokasi yg bersih.
Tersedia fasilitas umum spti toilet (di dekat area camping & di musholla) & musholla yg cukup bersih + terang.",2026-04-12T06:31:30.029Z,atikvb,103945171441351523333,True,0,id,2026-05-04T16:53:27.450106
Ci9DQUlRQUNvZENodHljRjlvT2xKRlYxRnFlWFZXV201blozRjRNVGxsTVRWTVVXYxAB,ChIJZ2HdFwA_by4RRYx31bChgY8,Bumi perkemahan pasirbatang,Kuningan,Wisata,5,Alam yg menyenangkan .haya ases jalanya masih sempit dn kurang bagus,2025-10-27T09:33:37.239Z,widodo klaten,118332051780224801490,False,0,id,2026-05-04T16:53:27.450127
ChdDSUhNMG9nS0VJQ0FnSUNSemJHN3Z3RRAB,ChIJXXJrv64_by4RSVqRcAZ7Y8c,Objek Wisata Alam KUKUPU PANENJOAN,Kuningan,Wisata,4,Banyak spot foto,2023-04-07T22:32:26.188Z,Pheni Indahsari,105182771529014000981,True,0,id,2026-05-04T16:53:27.450137
ChdDSUhNMG9nS0VJQ0FnSUNSMXFxVDh3RRAB,ChIJXXJrv64_by4RSVqRcAZ7Y8c,Objek Wisata Alam KUKUPU PANENJOAN,Kuningan,Wisata,1,Sukan urang kaditu otw,2023-04-01T08:38:42.199Z,Akun Mudi Ganteng,101275577708908674909,False,0,su,2026-05-04T16:53:27.450146
ChZDSUhNMG9nS0VJQ0FnSURCOHBUeExBEAE,ChIJXXJrv64_by4RSVqRcAZ7Y8c,Objek Wisata Alam KUKUPU PANENJOAN,Kuningan,Wisata,4,"Bayar tiket Rp10.000/org dewasa. Parkir mobil Rp5.000.
Tempat sangat luas sekali, banyak spot foto. Tempat cocok untuk para Ibu-ibu atau anak-anak yang suka foto-foto dan jalan-jalan. Banyak binatang seperti sejenis ayam, kelinci, burung. Sejuk, banyak patung kupu2 raksasa. Ada tempat jajan juga, ada aula, panggung, toilet. Arena bermain ada ayunan, trampolin (bayar Rp10.000) dll.",2023-01-16T04:19:04.761Z,HARI,111785890073860923048,True,1,id,2026-05-04T16:53:27.450178
ChZDSUhNMG9nS0VJQ0FnSURCZ3B5OEhREAE,ChIJXXJrv64_by4RSVqRcAZ7Y8c,Objek Wisata Alam KUKUPU PANENJOAN,Kuningan,Wisata,4,Ada kontak admin Obyek wisata Alam kukupu?,2023-01-14T17:12:26.319Z,Susi Susanti,105549115103428049546,False,0,id,2026-05-04T16:53:27.450189
ChdDSUhNMG9nS0VJQ0FnSURCdUwtSzZRRRAB,ChIJXXJrv64_by4RSVqRcAZ7Y8c,Objek Wisata Alam KUKUPU PANENJOAN,Kuningan,Wisata,4,"Tempatnya enak buat kumpul keluarga. Saya kira taman kupu-kupu, banyak kupu-kupu kebetulan putri saya pecinta kupu-kupu tp sayang ternyata hanya patung..
Saran saya agar dieksplore lagi ttg kupu-kupu misalkan ditambah tanaman bunga yg bisa memancing datangnya kupu-kupu agar lebih sesuai dengan tempatnya.",2023-01-11T10:06:07.661Z,Adi Sucipto,103903774799778497093,True,0,id,2026-05-04T16:53:27.450199
ChZDSUhNMG9nS0VJQ0FnSUNCMjVDRGRREAE,ChIJXXJrv64_by4RSVqRcAZ7Y8c,Objek Wisata Alam KUKUPU PANENJOAN,Kuningan,Wisata,5,Tempat yang cocok untuk yang mau liburan bareng keluarga,2023-01-05T06:20:42.293Z,Agung Galih Purnama,117938706539414803039,True,0,id,2026-05-04T16:53:27.450228
ChdDSUhNMG9nS0VJQ0FnSUNCemF6NHdBRRAB,ChIJXXJrv64_by4RSVqRcAZ7Y8c,Objek Wisata Alam KUKUPU PANENJOAN,Kuningan,Wisata,5,Cukup menyenangkan,2023-01-01T09:58:09.451Z,Nde husna Salman,101282061574256534465,False,0,id,2026-05-04T16:53:27.450239
Ci9DQUlRQUNvZENodHljRjlvT2xOUE1VazVkMm80VURoU2VFNTVaVnBmYTBVNFYwRRAB,ChIJgQe4SeMXby4RUOH4uWb5_Cg,D'orchid,Kuningan,Wisata,3,"Kesana jam 3an sepi ada yg camp tapi kok.bau pup ya resto depan pintu masuk juga tutup dan bauu pup Pesing.
Ksni harus dr pagi siang enak pemandangannya, masuk 15,",2026-04-21T05:18:17.246Z,Linda Tarmawati,117622020946920401620,True,0,id,2026-05-04T16:53:27.450264
Ci9DQUlRQUNvZENodHljRjlvT2pWTFR5MWpVME13WDNKRlYwWnZWWHBETVVocGNtYxAB,ChIJgQe4SeMXby4RUOH4uWb5_Cg,D'orchid,Kuningan,Wisata,1,"Pelayanan yg tidak baik, 2 jam menunggu tidak ada pelayanan tpi org yg baru datang langsung dilayani",2026-03-25T07:41:15.618Z,Teguh Kristian,103534992816460607043,False,0,id,2026-05-04T16:53:27.450309
Ci9DQUlRQUNvZENodHljRjlvT2xWbGRVSkJjekk0V1daS04wMXZWbVpTWVMxR2QzYxAB,ChIJgQe4SeMXby4RUOH4uWb5_Cg,D'orchid,Kuningan,Wisata,5,"Tempat yg nyaman ..
Pelayanan na ramah pisan,,
Dengan disuguhkan pemandangan alam yg keren",2026-03-23T13:26:47.119Z,sri Rahayu,109849326370617156368,False,0,id,2026-05-04T16:53:27.450319
Ci9DQUlRQUNvZENodHljRjlvT2pOa01sWlhSMVJuVTJ0V1VYQllPRjh6VEVSdlVFRRAB,ChIJgQe4SeMXby4RUOH4uWb5_Cg,D'orchid,Kuningan,Wisata,1,"Terima kasih untuk pengalaman buruknya, menunggu pesanan di resto & caffe selama kurleb 2 jam, dan akhirnya sama sekali gaada yg diantarkan karena samasekali belum dibuatkan. Sejak datang, tidak ada nomor meja, tidak ada kertas untuk menulis menu. Heran, yg lain baru datang sudah dapat pesanan sedangkan kita udh nunggu 2 jam gaada apapun",2026-03-23T07:09:55.593Z,Lala Seti,103227627715782768863,False,0,id,2026-05-04T16:53:27.450328
Ci9DQUlRQUNvZENodHljRjlvT2kxVWNscGlXR1owT1hwTVNtZHFNRkJFZHpaNVRHYxAB,ChIJgQe4SeMXby4RUOH4uWb5_Cg,D'orchid,Kuningan,Wisata,1,"Penginapan yg sangat buruk,mahal,airnya kecil water hiternya mati,skalipun udh komplen gak dii bnerin smpe ke plg .pasilitas tidak lengkap ,resto kalo sore Mahrib udh tutup kalo pagi jam 8 blm buka.. tempatnya sangat kotor tidak teruruss.bahkan piring bekas makan kemarin masih brantakan tidak dii beresin.",2026-01-03T05:35:05.003Z,Mamah Adell,108941826026947359216,False,0,id,2026-05-04T16:53:27.450365
Ci9DQUlRQUNvZENodHljRjlvT2pOWmVsaGtUMTlPTkc1VlRtZG5SMjFzY2pGMVVuYxAB,ChIJgQe4SeMXby4RUOH4uWb5_Cg,D'orchid,Kuningan,Wisata,5,"Tempat terbaik menikmati pemandangan kota kuningan, gunung Ciremai, bonus klo keliatan, gunung Slamet.. Keren.. Pelayanan sangat baik, ramah, tempat nyaman pol..",2025-12-28T07:19:04.047Z,Jonuva,106759978936840290760,True,0,id,2026-05-04T16:53:27.450387
Ci9DQUlRQUNvZENodHljRjlvT20xNlNtSjBTWHBhWjJKeFNGRm5WalJRV21NeE1IYxAB,ChIJgQe4SeMXby4RUOH4uWb5_Cg,D'orchid,Kuningan,Wisata,5,"Tempatnya bagus, banyak spot foto yang estetik. Makanannya juga enakk..",2025-10-12T09:53:44.243Z,Athifah NF,117169904578581984715,True,0,id,2026-05-04T16:53:27.450429
Ci9DQUlRQUNvZENodHljRjlvT21VelRrNXZZWFppUTNOMGQxbGljek5SY0VkWE9FRRAB,ChIJgQe4SeMXby4RUOH4uWb5_Cg,D'orchid,Kuningan,Wisata,5,masuknya 15rbu tp kaya mati kmr mndi ga berpungsi mungkin lg di perbaiki yaa bnyak yg ga berfungsi saolnya maafnya tp makanannya enak banget jujur milkshke vanila nya enakk murahh bangett klo segitu mah yaa worth it view gunung nya keliatan banget bagus suasananya adem wlupun kesana tengah hari tp dinginn pelayanannya ramah baik 🧚‍♀,2025-10-08T10:53:22.592Z,Dinda Sepriyani,102991918087763398161,True,0,id,2026-05-04T16:53:27.450451
Ci9DQUlRQUNvZENodHljRjlvT2xKbVVHbFVabWRaVnpoMGJEbEhWVEJDV2tzMk9WRRAB,ChIJgQe4SeMXby4RUOH4uWb5_Cg,D'orchid,Kuningan,Wisata,5,"bagus tempatnya menarik suasanya pas dengan alam sejuk,tapi parkiran diperkiraan 10k biar pengunjung lebih rme lagi,mkanan nya enak² harga terjangkau,pokoknya the best D'orchid🫶",2025-09-14T15:26:31.484Z,Fadlillah Wijaya,116854192425172214201,False,0,id,2026-05-04T16:53:27.450480
Ci9DQUlRQUNvZENodHljRjlvT2s5cE9XMUxWa1ZyYzFwaFJVSjNiakZFVW1wdVYwRRAB,ChIJgQe4SeMXby4RUOH4uWb5_Cg,D'orchid,Kuningan,Wisata,4,"Makanan di restonya masih kurang rasanya contoh nasi gorengnya hambar, spagethi bolognase nya aneh
Kamar mandinya kurang bersih
Tapi pemandangannya sangat bagus dan pelayanya baik dan ramah",2025-09-08T08:52:36.546Z,Jonathan Dolidonda,101166896002042608265,True,0,id,2026-05-04T16:53:27.450501
Ci9DQUlRQUNvZENodHljRjlvT2xjM2VIUnhXWEJtTlRVeExXNVRWVFZ2YnpSclZsRRAB,ChIJgQe4SeMXby4RUOH4uWb5_Cg,D'orchid,Kuningan,Wisata,5,"Camping 3 hari, 2 malam.. memuaskan. Triplle View Lengkap: 1)View puncak gunung ciremai didepan mata, disiang hari kota kuningan dan bahkan pesisir laut jawa tampak terlihat. 2)Memasuki malam view city light kota kuningan gemerlap memukau mata. 3)Menjelang pagi hari Sun Rise di ufuk timur muncul ditemani Gn.Slamet meredupkan perlahan cahaya kota.
Amazing Experience - In sya Allah, kan kembali lagi.
Fasilitas Lengkap: Cafe&Resto, Musholla, Restroom, Swimming Pool, Kid Play Ground, BBQ area, Wide parking area, Garden, Villa, Paviliun, Glamping, dllnya.",2025-09-07T03:13:31.626Z,Heriyadi358,108022278993705989413,True,0,id,2026-05-04T16:53:27.450512
Ci9DQUlRQUNvZENodHljRjlvT25RNVEwNXlja2xPVG1OcGVqZFpPWGd3U2pWRVFVRRAB,ChIJgQe4SeMXby4RUOH4uWb5_Cg,D'orchid,Kuningan,Wisata,1,"Makanan mahal tidak worth it, americano nya pake gula, darimana asalnya😭",2025-08-31T05:49:58.192Z,Veni Anggraeni,112068884464371083534,False,0,id,2026-05-04T16:53:27.450523
Ci9DQUlRQUNvZENodHljRjlvT2taTFNVZEtPRjlVZFRsUWFHRkdlWE01WkhnNFRFRRAB,ChIJgQe4SeMXby4RUOH4uWb5_Cg,D'orchid,Kuningan,Wisata,3,"Mas Allah, tidak sesuai dengan kenyataan, di google map, bagus, tapi kenyataannya hancur berantakan, jangan lagi lagi ke situ.kapok.saya dari Jakarta.",2025-08-26T14:03:20.846Z,Aab Nurdin,117562513697328805355,True,0,id,2026-05-04T16:53:27.450540
Ci9DQUlRQUNvZENodHljRjlvT25CMWVqYzRhVWhSU2w4NFkzTm1WV05NTlZnNExYYxAB,ChIJgQe4SeMXby4RUOH4uWb5_Cg,D'orchid,Kuningan,Wisata,1,"udh sejam lebih hampir 2 jam + udah di komplen ttp ga dikasih pesenan nya pelayanan nya bad bgt, ga rekomen pdhl di tiktok udh sering di saranin tpi ga pernah instrospeksi heran",2025-07-12T06:10:07.553Z,Karina Audry,118232510893611465182,False,0,id,2026-05-04T16:53:27.450584
Ci9DQUlRQUNvZENodHljRjlvT2tKb1QzRXhaRzR4TTJOU0xUTlZjbU5tY2pKNGNGRRAB,ChIJgQe4SeMXby4RUOH4uWb5_Cg,D'orchid,Kuningan,Wisata,1,"pelayanan lama bgt nunggu makanan 2 jam ga dateng""",2025-07-12T06:06:24.797Z,Khrisno Putra Prasetyo,116868768047580427253,False,0,id,2026-05-04T16:53:27.450597
Ci9DQUlRQUNvZENodHljRjlvT2tKcFZqTktNRzVoV0RKQ1IxSkxTakpJYlZoUFkyYxAB,ChIJgQe4SeMXby4RUOH4uWb5_Cg,D'orchid,Kuningan,Wisata,5,"Tempatnya sejuk banyak embun, kalau beruntung bisa lihat surili , lutung atau monyet. 😆",2025-07-06T14:19:28.021Z,sifaldi lafery,118127852873069097016,True,0,id,2026-05-04T16:53:27.450621
Ci9DQUlRQUNvZENodHljRjlvT25Cc1ptRk9WVFJSTFZVNU9XVklOMGRhVDNaTWJGRRAB,ChIJgQe4SeMXby4RUOH4uWb5_Cg,D'orchid,Kuningan,Wisata,5,"Suasananya nyaman, adem, fasilitas lengkap, ada cafe, dan glamping buat menginap, pemandangannya indah, tempatnya bersih, pelayanan ramah, bisa ngopi cantik sambil foto-foto buat yang gak nginep",2025-07-01T13:00:13.818Z,Nurul Andarwati,110362150769460143983,True,0,id,2026-05-04T16:53:27.450640
ChdDSUhNMG9nS0VJLUwtcTMwdzlxOHhBRRAB,ChIJgQe4SeMXby4RUOH4uWb5_Cg,D'orchid,Kuningan,Wisata,1,"Pertama berkunjung hari Senin, tempat sepi, kurang bersih dan rapi, bingung mau order harus proaktif (hehehe). Dan harus bayar tiket 15k (kalau bisa ditukar camilan mungkin lebih menarik ya).",2025-06-16T06:27:23.307Z,Prince SP Simaremare,107101840253387668992,True,0,id,2026-05-04T16:53:27.450664
ChdDSUhNMG9nS0VJQ0FnSUR4anVmQTd3RRAB,ChIJgQe4SeMXby4RUOH4uWb5_Cg,D'orchid,Kuningan,Wisata,5,"Tempat WOW bgt pokoe, apalgi yg suka foto² tempat nu cocok pokoe. Makan minuman endosss gandosss, sokklah enggal kunjungi. Bentar lgi mau opening . asriiii banget enak dipandang sejauh mata memandang😍",2025-06-10T15:15:12.116Z,Vera Rosaria,106961646235322193663,False,0,id,2026-05-04T16:53:27.450680
ChdDSUhNMG9nS0VJSFd3dHpGMWQ3by1BRRAB,ChIJgQe4SeMXby4RUOH4uWb5_Cg,D'orchid,Kuningan,Wisata,5,Tempatnya bagus banget. Suasana tenang.,2025-06-08T09:00:59.715Z,LUTHFIAH NOOR,109260427033782973345,True,0,id,2026-05-04T16:53:27.450689
ChZDSUhNMG9nS0VMR2cyN0N2X2UzWWVREAE,ChIJgQe4SeMXby4RUOH4uWb5_Cg,D'orchid,Kuningan,Wisata,1,"Tempatnya kotor kaya gak keurus, banyak sampah, kasir cafe yang jaga pada hari jum’at 6 juni 2025 no attitude. Kami datang bukannya dilayani/dipersilahkan malah bilang “itu menunya” (nunjuk pake dagu sambil terus main hp).",2025-06-06T05:48:08.030Z,Hesti Apisa,106622181128648648553,False,0,id,2026-05-04T16:53:27.450698
ChdDSUhNMG9nS0VPN3Byc1N4aW96SnVnRRAB,ChIJgQe4SeMXby4RUOH4uWb5_Cg,D'orchid,Kuningan,Wisata,3,"Kuningan: D'Orchid Kuningan menjadi salah satu tempat wisata yang wajib dikunjungi bagi para pecinta keindahan taman orkida. Terletak di Kabupaten Kuningan, Jawa Barat, tempat ini menawarkan keindahan taman anggrek yang luas dan indah, serta udara yang sejuk di tengah pegunungan.

Dengan berbagai fasilitas dan kegiatan yang ditawarkan, D'Orchid Kuningan menjadi pilihan tempat wisata yang cocok untuk berlibur bersama keluarga, teman, atau pasangan. Selain menikmati keindahan Taman Anggrek, pengunjung juga dapat menikmati fasilitas.

Fasilitas yang tersedia seperti kolam renang, restoran, kafe, (makanan dan minuman harga mahal ya), arena bermain anak, dan tempat parkir yang luas. Bagi yang ingin menginap, D'Orchid Kuningan menyediakan villa dan cottage yang dapat disewa.

""D'Orchid Kuningan adalah tempat wisata yang indah dan menyenangkan. Taman Anggrek sangat luas dan beragam, membuat pengunjung betah untuk berlama-lama menikmati keindahan alam,"" kata Budi, salah satu pengunjung D'Orchid Kuningan.",2025-06-03T11:44:58.244Z,SOLO ROAMER,107945377527616520260,True,0,id,2026-05-04T16:53:27.450708
ChdDSUhNMG9nS0VKUFNzN1diLU9fbWh3RRAB,ChIJgQe4SeMXby4RUOH4uWb5_Cg,D'orchid,Kuningan,Wisata,5,"Tempatnya nyaman, cozy, pelayanannya ramah dan helpfull. Alhamdulillah menginap di sini 2 hari dapat upgrade room glamping. Thank you D'Orchid.
Ps: siapin bekal yang cukup ya gaes, karena cuaca bisa berubah ubah dengan cepat.. ^^",2025-05-13T03:17:17.541Z,Susini Rangkai,101368223512136882043,True,1,id,2026-05-04T16:53:27.450726
ChdDSUhNMG9nS0VJQ0FnSUR5X01YOHJnRRAB,ChIJ75f-wnIWby4Rv61iDFePVbk,Peternakan Unggas SKUY Farm,Kuningan,Wisata,4,"Tempat yg sejuk bagus untuk wisata keluarga, Track nya lumayan turun naik ada juga buat panjat tebing,
Tanda Penunjuk jalan mulai dr jalan utama tolong lebih jelas lg ya",2021-03-04T09:28:50.152Z,isep ridwan,107218151010377438509,True,1,id,2026-05-04T16:53:27.450777
ChZDSUhNMG9nS0VJQ0FnSUR5NUthRWRBEAE,ChIJ75f-wnIWby4Rv61iDFePVbk,Peternakan Unggas SKUY Farm,Kuningan,Wisata,5,"Taman ini enak sekali dan udaranyaa segar & asri pokoknyaa keren lahh untuk spot foto🤗👍
Dan didalam foto tersebut merupakan gerbang masuk menuju taman mayasih",2021-02-25T03:21:13.952Z,Ascom And Friend,118191567833670659502,True,0,id,2026-05-04T16:53:27.450786
ChZDSUhNMG9nS0VJQ0FnSURTbzlXbllnEAE,ChIJ75f-wnIWby4Rv61iDFePVbk,Peternakan Unggas SKUY Farm,Kuningan,Wisata,5,"Cocok untuk menyegarkan diri di pagi hari. Bisa berjalan santai menikmati pemandangan batuan tebing. Bisa berfoto juga. Ada gazebo cukup besar untuk beristirahat atau makan bersama (membawa makanan sendiri), jangan lupa untuk tidak membuang sampah sembarangan.

Tetap jaga kebersihan dan jangan merusak alam.
Nikmati udara segar dan pemandangannya.

Ada toilet hanya saja gelap, sepertinya tidak ada lampu, dan sedikit bau, tapi cukup bersih.

Untuk masuk gratis, hanya membayar parkir saja.",2021-01-07T09:23:58.600Z,Gyshella Dessyanti,107369180541309176243,True,0,id,2026-05-04T16:53:27.450810
ChdDSUhNMG9nS0VJQ0FnSUQ4MmNpX2pBRRAB,ChIJ75f-wnIWby4Rv61iDFePVbk,Peternakan Unggas SKUY Farm,Kuningan,Wisata,5,"It has gazebo, a long path, rock, trees, and nice spots.",2020-07-21T05:02:42.683Z,Hadi Hadiatna,106147971272617019724,True,0,en,2026-05-04T16:53:27.450850
ChZDSUhNMG9nS0VJQ0FnSUQwcFlyLVRBEAE,ChIJ75f-wnIWby4Rv61iDFePVbk,Peternakan Unggas SKUY Farm,Kuningan,Wisata,4,"Dilarang mesum :DDDDDDD

Cuma bayar parkir aja (bisa gratis malah kalo ga bawa kendaraan). Adem tempatnya, gazebonya nyebar.",2019-11-13T01:06:54.842Z,Rey,111285584936214794480,True,0,id,2026-05-04T16:53:27.450868
ChdDSUhNMG9nS0VJQ0FnSUNVdGR1MWhRRRAB,ChIJ75f-wnIWby4Rv61iDFePVbk,Peternakan Unggas SKUY Farm,Kuningan,Wisata,3,"View nya pure nature. Ada juga saung saung (jongko) buat nongkrong. Nuansa yang di berikan yaitu campuran natural dan adat. Ya, Cigugur khas dengan Sunda Wiwitan nya. Kalo main ke cigugur wajib foto disini",2019-07-31T08:26:14.092Z,Andrian Eko,103092829784544897002,True,0,id,2026-05-04T16:53:27.450890
Ci9DQUlRQUNvZENodHljRjlvT2pKWlRuZHpTRlZrV1VaNmNrODFWblI2U1doRk1XYxAB,ChIJ05Nn6vsZby4Rhdq-V7ZwkCU,Bumi Perkemahan Huludayeuh Trijaya,Kuningan,Wisata,5,"Tempatnya enakeun adem, cocok buat piknik, ada cafenya juga. Tapi ga lagi lagi ke sini sendirian, soalnya banyak yang pacaran diriku hanya bisa when yh when yh hmmm",2026-05-04T14:48:11.973Z,Aidara,118085341237063499614,True,0,id,2026-05-04T16:53:27.450950
Ci9DQUlRQUNvZENodHljRjlvT21oT1FrOWZUMXB1T1ZWemFXcG1SRWx0Ums1amFHYxAB,ChIJ05Nn6vsZby4Rhdq-V7ZwkCU,Bumi Perkemahan Huludayeuh Trijaya,Kuningan,Wisata,5,"Pemandangan bagus, sejuk, makanan enak",2026-03-01T02:34:00.150Z,Winiasti PP,111193396431731506738,True,0,ms,2026-05-04T16:53:27.450982
Ci9DQUlRQUNvZENodHljRjlvT2tWUExYQTBaa1ZhU1hSU00weERVVzA0UzNGNlJWRRAB,ChIJ05Nn6vsZby4Rhdq-V7ZwkCU,Bumi Perkemahan Huludayeuh Trijaya,Kuningan,Wisata,5,"Tenang , nyaman ,makanannya enak2
Cocok untuk family time",2025-11-02T05:56:36.059Z,Desis Triyasih,108465321636293260260,True,0,id,2026-05-04T16:53:27.451034
Ci9DQUlRQUNvZENodHljRjlvT2tnM1ZERmFhekJCUkdJemFGbFBNamRwYXkxSlYxRRAB,ChIJ05Nn6vsZby4Rhdq-V7ZwkCU,Bumi Perkemahan Huludayeuh Trijaya,Kuningan,Wisata,5,"Selain bumi perkemahan juga tepat wisata hutan pinus yang memikat. Sudah ditata apik dengan memikat. Jalanan bagus, tempat duduk banyak. Terutama spot fotonya dengan view pemandangan dari atas. Tempat spotnya juga kokoh karena dari rangka besi, bukan dari bambu atau kayu. Tiket terjangkau. Ada Hulday yaitu tempat makan yang asyik dengan harga pas di hati dan kantong. Fasilitas lengkap, termasuk musala dan toilet.",2025-10-16T05:12:49.008Z,Bambang Irwanto Soeripto,105937301964388275853,True,0,id,2026-05-04T16:53:27.451051
Ci9DQUlRQUNvZENodHljRjlvT205NlppMTVZVmREU214eE5WSnhaemhpTUhOVWFHYxAB,ChIJ05Nn6vsZby4Rhdq-V7ZwkCU,Bumi Perkemahan Huludayeuh Trijaya,Kuningan,Wisata,5,"Tempatnya sejuk, pinusnya indah. Bagus buat ngonten dan liburan",2025-10-12T04:03:13.932Z,Athifah NF,117169904578581984715,True,0,id,2026-05-04T16:53:27.451061
Ci9DQUlRQUNvZENodHljRjlvT2pWaWFFOXNZV0o1TmtvNVIwWm9TMGRzTlhGRVJsRRAB,ChIJ05Nn6vsZby4Rhdq-V7ZwkCU,Bumi Perkemahan Huludayeuh Trijaya,Kuningan,Wisata,3,"Hutan pinus dengan rumput yang rapi, pemandangannya juga cukup bagus, tapi aneh tempat camping toilet nya sekali pakai 2000, kebayang sehari semalam keair berapa kali x 2000, semoga bisa lebih baik lagi",2025-09-28T07:34:54.854Z,Depy Widayat,112128218219030279669,True,0,id,2026-05-04T16:53:27.451079
Ci9DQUlRQUNvZENodHljRjlvT25OMlZEbDJSMDlDUldzNGRteDJNMmRaV0dsdGRHYxAB,ChIJ05Nn6vsZby4Rhdq-V7ZwkCU,Bumi Perkemahan Huludayeuh Trijaya,Kuningan,Wisata,5,"bersih, sejuk, ramah",2025-07-18T18:25:44.712Z,Ade Nuriana,105520872304257194201,False,0,ms,2026-05-04T16:53:27.451115
Ci9DQUlRQUNvZENodHljRjlvT25scWRtdDVhRmt5WVhZMVlrTXdVbmxYT0c1TllVRRAB,ChIJ05Nn6vsZby4Rhdq-V7ZwkCU,Bumi Perkemahan Huludayeuh Trijaya,Kuningan,Wisata,3,"Lokasinya mudah di akses hanya fasilitas nya tidak seperti bumi perkemahan. Disini perlunya pengalaman pengelola. Kebanyakan pengelola camping malah tidak pernah camping. Jauh dari parkiran loading perlu extra tenaga, kamar mandi dan mushola juga jauh dr area camp. Colokan ada tapi tidak representatif. Tidak ada kran cuci piring di sediakan. Hampir seluruh area camping bawah pohon miring posisi tanah nya kalo hujan sudah pasti banjir tidak disediakan saluran air. View ya hanya pepohonan aja. Ada gunung ciremai kalo pagi harus naik di lapangan. Warung rokok jauh keluar. Ada warung makanan d lokasi tapi tidak sampai malam. Ada trampolin dan mainan anak. Plus nya cm adem aja karna dibawah pohon dan suhu tidak dingin juga tidak panas.",2025-06-25T12:50:21.170Z,YULIO -,115435694054092096014,True,0,id,2026-05-04T16:53:27.451132
ChdDSUhNMG9nS0VJYWNwb0NxNUxtUXlRRRAB,ChIJHYiLaoQTby4Rdi6gSzhSwMA,Bumi Perkemahan Pakembangan,Kuningan,Wisata,5,Tempatnya bagus asri,2025-06-06T01:55:52.845Z,Ali Rohman,115477245959230514362,False,0,id,2026-05-04T16:53:27.451180
ChZDSUhNMG9nS0VJQ0FnSUMxbnN5UkJ3EAE,ChIJHYiLaoQTby4Rdi6gSzhSwMA,Bumi Perkemahan Pakembangan,Kuningan,Wisata,5,"Tempatnya sangat asri dan cocok buat berkemah. Walaupun cukup kecil, tapi fasilitasnya lumayan lengkap mulai dari toilet, tempat main anak², sampai warung.

Di sini juga bisa ngeliat pemandangan ke arah Pakembangan karena posisinya emang ada di atas bukit.",2023-12-30T10:39:22.500Z,Akip Tsaqif,100367453475726825220,True,1,id,2026-05-04T16:53:27.451189
ChdDSUhNMG9nS0VJQ0FnSUNaOUlUT21RRRAB,ChIJHYiLaoQTby4Rdi6gSzhSwMA,Bumi Perkemahan Pakembangan,Kuningan,Wisata,5,Enak buat camping.. Panorama alam nya mantap.. Sejuk khas hutan pinus.. Cuma sayang tutup..,2023-09-05T10:02:09.814Z,Noe Nurwenda,108715905985545419489,True,0,id,2026-05-04T16:53:27.451199
ChdDSUhNMG9nS0VJQ0FnSUMtaWREdDBnRRAB,ChIJHYiLaoQTby4Rdi6gSzhSwMA,Bumi Perkemahan Pakembangan,Kuningan,Wisata,4,"Berlokasi di tepi jalan Pakembangan Ciniru, tempat wisata ini menawarkan pemandangan alam dan bumi perkemahan yang berada di ketinggian 384 meter di atas permukaan laut. Tiketnya relatif murah, 8,5k per orang. Terdapat fasilitas tempat parkir kendaraan roda dua dan empat, toilet (di bagian bawah), warung makanan ringan, dan beberapa tempat duduk / ayunan. Agar berhati-hati ketika berada di sisi barat, karena berbatasan langsung dengan jurang yang ditunjukkan oleh beberapa papan peringatan.",2022-11-07T01:37:50.298Z,br14n 1m4g3s,114320973606499870769,True,4,id,2026-05-04T16:53:27.451253
ChdDSUhNMG9nS0VJQ0FnSUMtNk5iUHpnRRAB,ChIJHYiLaoQTby4Rdi6gSzhSwMA,Bumi Perkemahan Pakembangan,Kuningan,Wisata,4,Semoga dijaga kelestarian alam nya,2022-10-26T07:54:13.704Z,Anggil Prayoga Saputra,103237253802163122433,True,0,id,2026-05-04T16:53:27.451264
ChZDSUhNMG9nS0VJQ0FnSURPcTR6b1pBEAE,ChIJHYiLaoQTby4Rdi6gSzhSwMA,Bumi Perkemahan Pakembangan,Kuningan,Wisata,5,Tempat camp yang bagus & view nya adem,2022-07-14T09:32:35.657Z,Iman Septiana,104075435693601442117,False,0,id,2026-05-04T16:53:27.451274
ChdDSUhNMG9nS0VJQ0FnSURHcktEQS13RRAB,ChIJHYiLaoQTby4Rdi6gSzhSwMA,Bumi Perkemahan Pakembangan,Kuningan,Wisata,4,"Wana Wisata Pakembangan is located in Desa Pakembangan Kec. Garawangi, Kab. Kuningan
this place offers a beautiful view of the highlands surrounded by forest, cool and comfortable, a bit difficult to access because the road to get here is small, overall this place is quite good",2021-11-20T15:10:58.977Z,Mang Duyeh,108061857828249576610,True,1,en,2026-05-04T16:53:27.451301
ChZDSUhNMG9nS0VJQ0FnSURHd1B2UFJnEAE,ChIJHYiLaoQTby4Rdi6gSzhSwMA,Bumi Perkemahan Pakembangan,Kuningan,Wisata,5,Sangat bermanfaat untuk membantu orang menemukan alamat,2021-11-15T02:13:29.640Z,gianapriadi lesmana,103582705059013616226,False,0,id,2026-05-04T16:53:27.451315
ChZDSUhNMG9nS0VJQ0FnSUNHb0tHMFpBEAE,ChIJHYiLaoQTby4Rdi6gSzhSwMA,Bumi Perkemahan Pakembangan,Kuningan,Wisata,5,"Indah untuk dipandang, nyaman untuk dinikmati bersama keluarga, anda bisa bersantai, bermain dan bahkan menikmati makan bersama keluarga atau bahasa sini nya botram/dahkam beh nikmat, tempat disudut dalam kota nan asri.

jalan akses bagus, tempat luas, ada juga tempat khusus ngecamp, bisa mengadakan acara kecil"" an, tempat yang berada di tengah desa yang penuh pohon"" pinus yang menjulang tinggi anda dapat menikmati semuanya di kala waktu libur (weekend)",2021-10-17T04:48:57.619Z,Saeful,101364181959494237660,True,0,id,2026-05-04T16:53:27.451324
ChdDSUhNMG9nS0VJQ0FnSUM2NzV2UHF3RRAB,ChIJHYiLaoQTby4Rdi6gSzhSwMA,Bumi Perkemahan Pakembangan,Kuningan,Wisata,5,"Buper Pakembangan, ramah anak2, pemandangan lumayan indah walau di perbukitan, tempat mudah dijangkau kendaraan, jalan beraspal menuju perkemahan, tiket masuk pun murah, cuma 5rb + parkir, sudah bisa camping, fasilitas ada warkop,  Toilet umum, tempat mainan anak dll,",2021-09-16T14:23:44.874Z,Dadi Indaris,103805267517459649669,True,0,id,2026-05-04T16:53:27.451334
ChdDSUhNMG9nS0VJQ0FnSUM2aVlUY2hRRRAB,ChIJHYiLaoQTby4Rdi6gSzhSwMA,Bumi Perkemahan Pakembangan,Kuningan,Wisata,3,"Semoga lebih tertata dgn baik.
Perbanyak fasilitas utk pengunjung",2021-09-07T17:02:53.995Z,Tepung Gaplek (Pung),112688443903439756692,True,0,id,2026-05-04T16:53:27.451349
ChdDSUhNMG9nS0VJQ0FnSUNhLWI2WHdRRRAB,ChIJHYiLaoQTby4Rdi6gSzhSwMA,Bumi Perkemahan Pakembangan,Kuningan,Wisata,4,Mantep sih tapi perlu ditingkatkan lagi. Supayaenabah daya tarik,2021-08-04T11:51:41.265Z,Fariz Choirul Wildan,107311353086049197799,True,0,id,2026-05-04T16:53:27.451412
Ci9DQUlRQUNvZENodHljRjlvT2treVYyMXlVM0pYUlZKdFdtcE9VMUJxY1hkVU5rRRAB,ChIJvZotL1MZby4RbW9TaVX9yFY,Objek Wisata Teras Cibulakan,Kuningan,Wisata,1,"Maaf sebelumnya karna memberikan rating yg tidak baik karna ini ke 2x kalinya kesini sebelumnya kita cocok untuk itu direkomendasikan liburan keluarga..
Kebetulan kemaren kita ada acara family gathering ditgl 4-5 dan tertinggal barang berupa balmut kita konfirmasi by admin tp no respon selama seharian itu, pelayanan pun disana luama banget untuk kebutuhan² seperti sapu dll. Makasih",2026-04-06T22:22:43.455Z,Athalla Syafta,118061907484275756372,False,0,id,2026-05-04T16:53:27.451481
Ci9DQUlRQUNvZENodHljRjlvT21KTldrTklZVEZ2V1VGTVExWjZVR000YkRKRmNFRRAB,ChIJvZotL1MZby4RbW9TaVX9yFY,Objek Wisata Teras Cibulakan,Kuningan,Wisata,4,"Tempatnya nyaman adem betah banget kebersihan terawat pisan HTM murah dan jajanan didalampun murah, pokonya pasilitasnya top pisan",2026-04-05T12:40:56.186Z,Gembes Aura chelsea,105846128867140684531,True,0,id,2026-05-04T16:53:27.451493
Ci9DQUlRQUNvZENodHljRjlvT2pKTU9HZEZla0pvVVdGM2VrOVhjMjB6UWxSM1JuYxAB,ChIJvZotL1MZby4RbW9TaVX9yFY,Objek Wisata Teras Cibulakan,Kuningan,Wisata,5,"Mantap ada penginapan (Villa)
Untuk kolam renangnya airnya saya kira air pengunungan tetapi seperti air di wahana wahana lainya air yg berkaporit.
Saran kalo air dari pengunungan mungkin lebih segar lagi untuk berenang nya.
Selain itu mantap semuanya.
Recommended lah",2026-04-03T18:02:56.124Z,Aji,101073148664923749631,True,0,id,2026-05-04T16:53:27.451507
Ci9DQUlRQUNvZENodHljRjlvT2w5bVduWnlYMDlKYmxkMk5UTjZUR3R0WDNnNGNYYxAB,ChIJvZotL1MZby4RbW9TaVX9yFY,Objek Wisata Teras Cibulakan,Kuningan,Wisata,5,Murah meriah . Recommended,2026-02-19T22:16:42.030Z,Wulandari,108802628863346100284,False,0,id,2026-05-04T16:53:27.451567
Ci9DQUlRQUNvZENodHljRjlvT2xjNGNtVnBhRXRQTldOaFZFUXdObkphTjE5YVVIYxAB,ChIJvZotL1MZby4RbW9TaVX9yFY,Objek Wisata Teras Cibulakan,Kuningan,Wisata,5,"Pemandangan ya indah sekali masyaallah...,tapi jalan ya pelosok bangetttt,dan rapih bersih ,dan ada hewan y",2026-01-19T12:27:05.476Z,Aslamah Aslamah,110777813409199426002,False,0,id,2026-05-04T16:53:27.451607
Ci9DQUlRQUNvZENodHljRjlvT21oT1VHbEZZM3BSWW5OWWNYTnJWSHA1TFdFNFQxRRAB,ChIJvZotL1MZby4RbW9TaVX9yFY,Objek Wisata Teras Cibulakan,Kuningan,Wisata,4,Bagus tempatnya terjangkau tiket masuknya,2026-01-12T10:56:48.259Z,Delta Prov,114247130639301077956,False,0,id,2026-05-04T16:53:27.451633
Ci9DQUlRQUNvZENodHljRjlvT2xKT2NEZFFTRjlrU1hSRVYxaGxjMGxXV25wRWVrRRAB,ChIJvZotL1MZby4RbW9TaVX9yFY,Objek Wisata Teras Cibulakan,Kuningan,Wisata,5,Tempatnya bersih dan nyaman.aku senang sekali,2026-01-11T10:38:45.401Z,iis kadarisman,113118681819913491404,False,0,id,2026-05-04T16:53:27.451642
ChZDSUhNMG9nS0VJQ0FnSUNVX052aFNREAE,ChIJ75f-wnIWby4Rv61iDFePVbk,Peternakan Unggas SKUY Farm,Kuningan,Wisata,4,Tempat nya asik,2019-07-21T11:39:34.553Z,Dedi Suryana,112322297692154080873,True,0,id,2026-05-04T16:53:27.451661
ChZDSUhNMG9nS0VJQ0FnSUNVbk9HOFN3EAE,ChIJ75f-wnIWby4Rv61iDFePVbk,Peternakan Unggas SKUY Farm,Kuningan,Wisata,4,Buat repres santai pribadi atau keluarga bisa foto2 dab acara makan di alam terbuka,2019-07-20T16:51:33.554Z,Yusup halimahgifar,100017196227253516994,True,0,id,2026-05-04T16:53:27.451669
ChdDSUhNMG9nS0VJQ0FnSURrMDdpVjV3RRAB,ChIJ75f-wnIWby4Rv61iDFePVbk,Peternakan Unggas SKUY Farm,Kuningan,Wisata,4,"Tempat yg sejuk bebas volusi, cocok buat week end disini👍",2019-07-07T01:07:49.970Z,Yayat Ruhyat,117154155964212806853,True,0,id,2026-05-04T16:53:27.451747
ChZDSUhNMG9nS0VJQ0FnSURrNF9DRU9nEAE,ChIJ75f-wnIWby4Rv61iDFePVbk,Peternakan Unggas SKUY Farm,Kuningan,Wisata,5,Oke banget deh...,2019-07-06T13:57:29.992Z,Acim Triaz,104084346133585815218,True,0,id,2026-05-04T16:53:27.451757
ChZDSUhNMG9nS0VJQ0FnSURrX2VyQmJ3EAE,ChIJ75f-wnIWby4Rv61iDFePVbk,Peternakan Unggas SKUY Farm,Kuningan,Wisata,5,Good place to refresh our mind,2019-07-05T15:08:52.177Z,Fazriansyah Nugraha,110752872975969761757,True,0,en,2026-05-04T16:53:27.451766
ChZDSUhNMG9nS0VJQ0FnSURremZmRVZ3EAE,ChIJ75f-wnIWby4Rv61iDFePVbk,Peternakan Unggas SKUY Farm,Kuningan,Wisata,5,Good place with fresh air. You can relax here.,2019-07-04T03:59:08.251Z,Regina Putriningtyas,116516959722490725846,True,0,en,2026-05-04T16:53:27.451789
ChZDSUhNMG9nS0VJQ0FnSURrcGNMUFJREAE,ChIJ75f-wnIWby4Rv61iDFePVbk,Peternakan Unggas SKUY Farm,Kuningan,Wisata,4,"Hhhhmmmmm....sejuk nya....🙂🌲Hutan kota yang terjaga dari polusi udara yang kotor bisa menenangkan fikiran kita😎,terasa dekat dengan alam yang asri dan indah🌲🌳🌻,,,Taman Hutan Kota Mayasih bisa jadi pilihan untuk liburan akhir pekan bersama keluarga dan kerabat ☁️☂️",2019-07-02T03:54:17.739Z,Leni Cahyani,103866911188293179037,True,1,id,2026-05-04T16:53:27.451804
ChdDSUhNMG9nS0VJQ0FnSURraFlUNHd3RRAB,ChIJ75f-wnIWby4Rv61iDFePVbk,Peternakan Unggas SKUY Farm,Kuningan,Wisata,5,Tempat wisata alam yang sejuk. Batu batu nya cantik. Bersih. Bagus buat foto foto 😊,2019-07-01T13:17:26.662Z,mamah iben,106683444359751632897,True,0,id,2026-05-04T16:53:27.451818
ChdDSUhNMG9nS0VJQ0FnSUNDaGVQUjNBRRAB,ChIJHYiLaoQTby4Rdi6gSzhSwMA,Bumi Perkemahan Pakembangan,Kuningan,Wisata,5,"Susananya masih ASRI, Fasilitas ada Mushola, Ayunan, Toilet, Warkop, Tempat duduk.
Harga tiketnya pun terjangkau...☺",2020-08-29T17:38:23.894Z,ManZ Roekman,107548478431433904407,True,1,id,2026-05-04T16:53:27.451840
ChZDSUhNMG9nS0VJQ0FnSUNjN2JhcFdBEAE,ChIJHYiLaoQTby4Rdi6gSzhSwMA,Bumi Perkemahan Pakembangan,Kuningan,Wisata,5,Bagus buat wisata kluarga,2020-03-22T05:10:52.556Z,Rum Rum,100701711307494307948,False,0,id,2026-05-04T16:53:27.451856
ChdDSUhNMG9nS0VJQ0FnSURNai1QdjJ3RRAB,ChIJHYiLaoQTby4Rdi6gSzhSwMA,Bumi Perkemahan Pakembangan,Kuningan,Wisata,5,Sejuk indah asri,2020-01-16T01:49:51.026Z,Lia Dahlia,114558478668916050331,True,0,ms,2026-05-04T16:53:27.451864
ChdDSUhNMG9nS0VJQ0FnSURNdE1ETG53RRAB,ChIJHYiLaoQTby4Rdi6gSzhSwMA,Bumi Perkemahan Pakembangan,Kuningan,Wisata,5,Suasana masih asri,2019-12-18T10:32:45.520Z,Irwansyah Cool,104610649387155963421,False,0,id,2026-05-04T16:53:27.451901
ChZDSUhNMG9nS0VJQ0FnSURneV83S01REAE,ChIJHYiLaoQTby4Rdi6gSzhSwMA,Bumi Perkemahan Pakembangan,Kuningan,Wisata,5,Suasana yg sangat sejuk di lokasi ini bikin nyaman.,2019-08-04T07:45:00.805Z,Tata obeet,114788589511099074124,False,1,id,2026-05-04T16:53:27.451971
ChdDSUhNMG9nS0VJQ0FnSURremViNHBBRRAB,ChIJHYiLaoQTby4Rdi6gSzhSwMA,Bumi Perkemahan Pakembangan,Kuningan,Wisata,4,"tempatnya bagus, cuma sayang fasilitas hanya itu itu saja",2019-07-03T23:13:30.012Z,Ikhsan,109610755204558231764,True,0,id,2026-05-04T16:53:27.451995
ChZDSUhNMG9nS0VJQ0FnTURnbk1fZmRnEAE,ChIJ05Nn6vsZby4Rhdq-V7ZwkCU,Bumi Perkemahan Huludayeuh Trijaya,Kuningan,Wisata,2,"Tempatnya enak, tp nunggu makannanya lama, 1 jam lebih..",2025-02-23T05:47:17.080Z,Rini Rosyidah,117096384372812062387,False,0,id,2026-05-04T16:53:27.452004
ChZDSUhNMG9nS0VJQ0FnSUNfMjR5Uk1REAE,ChIJ05Nn6vsZby4Rhdq-V7ZwkCU,Bumi Perkemahan Huludayeuh Trijaya,Kuningan,Wisata,2,"Untuk tempat oke,
Restonya Pelayanan makanan lama & tempat duduk yang sudah selesai orangnya ga mau pergi perlu ada manajemen waktu makan untuk pengunjung jika orientasi kepada keuntungan, next akan saya kasih rating  terbaik jika sudah berubah. Thanks",2025-01-19T06:48:16.261Z,Toto Dinas01,117900967654757603452,False,0,id,2026-05-04T16:53:27.452020
ChZDSUhNMG9nS0VJQ0FnSUNIcTRMSFpREAE,ChIJ05Nn6vsZby4Rhdq-V7ZwkCU,Bumi Perkemahan Huludayeuh Trijaya,Kuningan,Wisata,5,"Fasilitas bagus, cocok untuk camping dan wisata alam",2024-09-09T00:26:00.442Z,Sri Fatmawati,114950867345463958354,True,0,id,2026-05-04T16:53:27.452043
ChdDSUhNMG9nS0VJQ0FnSUM3MkwtLXZ3RRAB,ChIJ05Nn6vsZby4Rhdq-V7ZwkCU,Bumi Perkemahan Huludayeuh Trijaya,Kuningan,Wisata,5,Tempatnya nyaman untuk santai dan piknik😁,2024-08-12T09:29:33.168Z,Agus Gunawan,112482617731771705765,True,0,id,2026-05-04T16:53:27.452057
ChdDSUhNMG9nS0VJQ0FnSURiMnR6ejJnRRAB,ChIJ05Nn6vsZby4Rhdq-V7ZwkCU,Bumi Perkemahan Huludayeuh Trijaya,Kuningan,Wisata,5,"Tempat bagus nyaman..
Sayang toilet di tagih bayar..",2024-08-04T12:38:54.591Z,latif jamal,102227191533246315675,True,1,id,2026-05-04T16:53:27.452077
ChZDSUhNMG9nS0VJQ0FnSURyZ3NQcUdnEAE,ChIJ05Nn6vsZby4Rhdq-V7ZwkCU,Bumi Perkemahan Huludayeuh Trijaya,Kuningan,Wisata,5,Tempatnya sejuk sekali,2024-07-16T05:31:21.857Z,Ano Herdian,115705768038973182463,True,0,ms,2026-05-04T16:53:27.452086
ChZDSUhNMG9nS0VJQ0FnSUR6NnFyZE9nEAE,ChIJ05Nn6vsZby4Rhdq-V7ZwkCU,Bumi Perkemahan Huludayeuh Trijaya,Kuningan,Wisata,5,"Tempat sangat bagus dan sejuk
Pas buat acara keluarga",2024-06-09T08:09:18.760Z,yani aja,103260750693433939994,False,0,ms,2026-05-04T16:53:27.452095
ChZDSUhNMG9nS0VJQ0FnSUR6N0lEZEN3EAE,ChIJ05Nn6vsZby4Rhdq-V7ZwkCU,Bumi Perkemahan Huludayeuh Trijaya,Kuningan,Wisata,5,"Pertama kali ke buper hulday..tematnya nyaman bgt..sejuk..Asri..ga bising dan ga begitu rame berhubungan tempatnya juga lumayan luas dan luamayan banyak spot foto...aku dateng weekend HTM nya perorang 15k parkir motor 3k..meskipun di atas gunung,,tpi disini yg jual makanan/cemilan lumayan banyak kok..yg pengen ngopi cantiqq..dsini juga ada cafe nya kok..kuy ramekeun..",2024-06-08T10:31:50.156Z,Siti Mubarokah,105013098632786729400,True,0,id,2026-05-04T16:53:27.452105
ChZDSUhNMG9nS0VJQ0FnSURqblBqRVZnEAE,ChIJ05Nn6vsZby4Rhdq-V7ZwkCU,Bumi Perkemahan Huludayeuh Trijaya,Kuningan,Wisata,4,"Viewnya bagus
Suasananya alami
Fasilitas umum spt toilet bisa diperbanyak
Arena bermain utk anak yg safety bisa ditambahkan
Pelayanan ke customer bisa ditingkatkan lebih baik lagi
HTM&PARKIR agak mahal",2024-04-30T13:14:05.488Z,mho gie,106183051725452343456,True,0,id,2026-05-04T16:53:27.452128
ChZDSUhNMG9nS0VJQ0FnSUNscTRqc2RnEAE,ChIJ05Nn6vsZby4Rhdq-V7ZwkCU,Bumi Perkemahan Huludayeuh Trijaya,Kuningan,Wisata,4,"Lahan lapangan parkir luas, MCK cukup",2023-11-27T07:50:13.748Z,Muhammad Taofik,117563206787454937400,True,0,id,2026-05-04T16:53:27.452160
ChdDSUhNMG9nS0VJQ0FnSUM0NlpPNzZnRRAB,ChIJHYiLaoQTby4Rdi6gSzhSwMA,Bumi Perkemahan Pakembangan,Kuningan,Wisata,5,Adeum suasana di kota Kuningan  BUPER PAKEMBANGAN,2019-06-09T11:22:02.169Z,Aim Aduduee,100247615342833133812,True,0,id,2026-05-04T16:53:27.452238
ChZDSUhNMG9nS0VJQ0FnSURZMTczUGVREAE,ChIJHYiLaoQTby4Rdi6gSzhSwMA,Bumi Perkemahan Pakembangan,Kuningan,Wisata,4,"Enak buat tempat nyantai, udara nya sejuk",2019-05-26T14:08:00.589Z,Angga Rizkya,103089557543875291194,True,0,id,2026-05-04T16:53:27.452270
ChdDSUhNMG9nS0VJQ0FnSUQ1bXBqWHNnRRAB,ChIJ05Nn6vsZby4Rhdq-V7ZwkCU,Bumi Perkemahan Huludayeuh Trijaya,Kuningan,Wisata,5,Tempat bagus dan sejuk.,2023-10-23T01:50:54.520Z,Putra Usaha (Joni),113956107950381375722,True,0,id,2026-05-04T16:53:27.452280
ChdDSUhNMG9nS0VJQ0FnSUNKbHFLaW93RRAB,ChIJ05Nn6vsZby4Rhdq-V7ZwkCU,Bumi Perkemahan Huludayeuh Trijaya,Kuningan,Wisata,5,Tempat yg nyaman untuk berekreasi 🥰🥰 Tempat sangat luas dan terbuka 🥰,2023-06-26T15:07:48.102Z,Hilda Fadillah,115070303416208860172,True,0,id,2026-05-04T16:53:27.452309
ChdDSUhNMG9nS0VJQ0FnSUR4NmR1WHVBRRAB,ChIJ05Nn6vsZby4Rhdq-V7ZwkCU,Bumi Perkemahan Huludayeuh Trijaya,Kuningan,Wisata,5,"Tempat camp yg nyaman, dingin dan pemandangan nya bagus bisa liat puncak ciremai dari sini..",2023-06-11T08:43:43.951Z,Suryani Yani,101378243075128333674,True,5,id,2026-05-04T16:53:27.452319
ChZDSUhNMG9nS0VJQ0FnSUNCODc2blV3EAE,ChIJ05Nn6vsZby4Rhdq-V7ZwkCU,Bumi Perkemahan Huludayeuh Trijaya,Kuningan,Wisata,5,Sangat nyaman dan sejuk untuk bersantai,2023-01-04T04:18:20.227Z,jajang hermawan,101550500815848965316,True,0,id,2026-05-04T16:53:27.452343
ChZDSUhNMG9nS0VJQ0FnSUMtcnEzclZ3EAE,ChIJ05Nn6vsZby4Rhdq-V7ZwkCU,Bumi Perkemahan Huludayeuh Trijaya,Kuningan,Wisata,4,"Tempatnya adem, cocok untuk rekreasi dengan keluarga sambil makan-makan",2022-11-04T12:48:26.077Z,Ir Sukmana,104926389220713867298,True,0,id,2026-05-04T16:53:27.452351
ChZDSUhNMG9nS0VJQ0FnSUNlOGMzZ0JREAE,ChIJ05Nn6vsZby4Rhdq-V7ZwkCU,Bumi Perkemahan Huludayeuh Trijaya,Kuningan,Wisata,5,Mantap untuk tempat berkemah,2022-09-17T01:42:34.731Z,Hendri Yana,110770121408933782440,True,0,id,2026-05-04T16:53:27.452368
ChZDSUhNMG9nS0VJQ0FnSUNlbHAzTlhnEAE,ChIJ05Nn6vsZby4Rhdq-V7ZwkCU,Bumi Perkemahan Huludayeuh Trijaya,Kuningan,Wisata,5,"Tiket masuk : 15k/org
Parkir mtr : 2k
Tempat : bersih dan sejuk
Ada wc umum dan mushola.
Banyak warung dan spot foto lumayan banyak.
Boleh membawa minum& mkanan dr luar.
Good lah buper trijaya makin bagus aja.",2022-09-13T09:32:44.472Z,Karin Asyila,109103896254112077897,True,7,id,2026-05-04T16:53:27.452376
Ci9DQUlRQUNvZENodHljRjlvT2tRMlNUSnFWMWRLYXpZdFNuUXhkWEIxYUZSNkxYYxAB,ChIJvZotL1MZby4RbW9TaVX9yFY,Objek Wisata Teras Cibulakan,Kuningan,Wisata,5,"tempatnya asyik, cocok untuk kumpul bersama rombongan keluarga atau teman teman",2025-12-26T08:41:36.822Z,Diah Indriani,107425728022859422618,False,0,id,2026-05-04T16:53:27.452404
Ci9DQUlRQUNvZENodHljRjlvT2xWVlZFUlhUMEV3U1hoNFZEVmpTSGxwTW00MExVRRAB,ChIJvZotL1MZby4RbW9TaVX9yFY,Objek Wisata Teras Cibulakan,Kuningan,Wisata,5,"Pas mantab , murmer kolamnya ada banayk",2025-12-26T06:00:41.830Z,rinto herdiansyah,108476202895607529597,True,0,id,2026-05-04T16:53:27.452414
Ci9DQUlRQUNvZENodHljRjlvT2s5dVpWTndkMlpvTnpsTGJXdHpZMnhJYkVsS1VYYxAB,ChIJvZotL1MZby4RbW9TaVX9yFY,Objek Wisata Teras Cibulakan,Kuningan,Wisata,5,"Best pokoknya disini, pelayanannya, viewnya langsung gunung ciremai, suasana sejuk udaranyaa, fasilitasnya lengkap pokoknyaa best harus cobain nginep disinii, dan parkirannya luasss",2025-12-25T06:18:08.026Z,khalid maula,105464676971445566353,True,0,id,2026-05-04T16:53:27.452422
Ci9DQUlRQUNvZENodHljRjlvT2xCbE0wUXdialI1ZWpjeWVETkpNMlpuYUVKNVNtYxAB,ChIJvZotL1MZby4RbW9TaVX9yFY,Objek Wisata Teras Cibulakan,Kuningan,Wisata,5,tempatnya representative,2025-12-23T03:16:49.058Z,Rudi Hermanto,101320003152651779756,True,0,id,2026-05-04T16:53:27.452432
Ci9DQUlRQUNvZENodHljRjlvT2xWc01rODVTM0pLY2xsa1RqY3dhMHcxWTNoUVJVRRAB,ChIJvZotL1MZby4RbW9TaVX9yFY,Objek Wisata Teras Cibulakan,Kuningan,Wisata,5,"Tempat'y bagus،bersih,nyaman
Banyak kolam renang utk anak2,ada mandi busa.
Kolam renang utk dewasa jg ada....
Banyak taman utk spot foto2,
Area bermain anak,",2025-12-18T14:12:10.309Z,Kerod Rod,106793012179619850584,True,0,id,2026-05-04T16:53:27.452601
Ci9DQUlRQUNvZENodHljRjlvT25sQlpreFRhSEYxVVRsS1YzTkZVRXAxVlRKRk1VRRAB,ChIJvZotL1MZby4RbW9TaVX9yFY,Objek Wisata Teras Cibulakan,Kuningan,Wisata,5,"Tempatnya asyik, buat renang juga oke banyak opsi pilihan kedalaman kolam, tempat buat ngademnya banyak pondokan / gazebo. Buat yang mau menginap juga ada beberapa pilihan coutage. Ada beberapa hewan yg bisa dilihat seperti burung dan ikan. Makanan juga ada banyak pilihan.",2025-11-28T09:28:11.141Z,Aditya Revengeart,101302025203090119837,True,0,id,2026-05-04T16:53:27.452642
Ci9DQUlRQUNvZENodHljRjlvT25JM1ZuQXdOSEZJWTNaWVRrUTRSa1ZxUVdKSWRFRRAB,ChIJvZotL1MZby4RbW9TaVX9yFY,Objek Wisata Teras Cibulakan,Kuningan,Wisata,3,Maps musti di perbaiki.supaya gak yasar yg mau kesana,2025-11-26T19:24:19.069Z,nur udin,105000518341525595373,True,0,id,2026-05-04T16:53:27.452652
Ci9DQUlRQUNvZENodHljRjlvT200Mk9FSk9UREZqVjIxNFFrRkZjV0ZmUWtaNVdXYxAB,ChIJvZotL1MZby4RbW9TaVX9yFY,Objek Wisata Teras Cibulakan,Kuningan,Wisata,2,"Tolong fasilitas kamar mandi, diperbaiki lagi, sumpah ga ada privasinya banget, kunci pintu kamar mandi pada rusak semua terutama kamar mandi cowo Jorok banget, bau pesing, terus kotor banget, ini ga ada yang bersihin apa gimana? Tiket masuk boleh murah, tapi tolong fasilitas juga kalau bisa dijaga itu untuk menjaga kenyamanan konsumen, Untuk owner jangan mau untungnya doang.",2025-11-23T05:02:13.586Z,Naldi Prayoga,106288804891753287181,False,0,id,2026-05-04T16:53:27.452662
Ci9DQUlRQUNvZENodHljRjlvT2xkVmRFRkplVTlhYkRNeWFuRmxaMmhQY0Y5V05FRRAB,ChIJvZotL1MZby4RbW9TaVX9yFY,Objek Wisata Teras Cibulakan,Kuningan,Wisata,5,swimming pool with beautiful views🏊🏻‍♀️🌴🌲,2025-10-23T00:58:10.333Z,Nty yanti,104285719663123434007,False,0,en,2026-05-04T16:53:27.452700
Ci9DQUlRQUNvZENodHljRjlvT21jeVlrOXlhR3N4ZVdoM1dVUlJWRVJaVlZsSlMxRRAB,ChIJvZotL1MZby4RbW9TaVX9yFY,Objek Wisata Teras Cibulakan,Kuningan,Wisata,2,"Panasssssss , diluar ekspektasi
Cocoknya bawa keluarga besar atau penginapan saja , klw untuk renang atau kunjungan saja kurang cocok .",2025-10-05T06:04:21.592Z,Amalia Mj,108981149468036292778,True,0,id,2026-05-04T16:53:27.452715
Ci9DQUlRQUNvZENodHljRjlvT21RM2FESk9jbGt5VUZaS1psbEZUR2g1WlROS1ZsRRAB,ChIJvZotL1MZby4RbW9TaVX9yFY,Objek Wisata Teras Cibulakan,Kuningan,Wisata,5,"Tempatnya Nyaman, Parkir Cukup Luas, ada Kebun Binatang Mini, Kolam, Kolam Renang Dewasa dan anak terpisah dan bersih. Tiket masuk terjangkau, pelayanan prima.",2025-09-28T12:31:04.926Z,Mulyadi Ahmad,107517582540278096506,True,0,id,2026-05-04T16:53:27.452723
ChdDSUhNMG9nS0VJQ0FnSURrLWJqNS1RRRAB,ChIJ75f-wnIWby4Rv61iDFePVbk,Peternakan Unggas SKUY Farm,Kuningan,Wisata,5,Pokonya suka bnget udaranya sejuk pemandangan nya bagus bnget👍,2019-07-01T07:09:35.063Z,Nenk Ella,112155915099621063912,False,0,id,2026-05-04T16:53:27.452731
ChZDSUhNMG9nS0VJQ0FnSURrdkt2OE53EAE,ChIJ75f-wnIWby4Rv61iDFePVbk,Peternakan Unggas SKUY Farm,Kuningan,Wisata,4,Bagus utk selfie,2019-06-25T04:13:37.154Z,Yoseph Ilham Malik,109215512860509605922,True,0,id,2026-05-04T16:53:27.452783
ChZDSUhNMG9nS0VJQ0FnSUNRbjhDbFJBEAE,ChIJ75f-wnIWby4Rv61iDFePVbk,Peternakan Unggas SKUY Farm,Kuningan,Wisata,5,"mantap, apalagi kalo ada kangguru",2019-06-25T01:48:07.056Z,Robbi Tri Nugraha,117996478707426666576,True,0,id,2026-05-04T16:53:27.452792
ChZDSUhNMG9nS0VJQ0FnSUNFbi1hR2RnEAE,ChIJ75f-wnIWby4Rv61iDFePVbk,Peternakan Unggas SKUY Farm,Kuningan,Wisata,5,Tempat yg nyaman dan sejuk untuk berekreasi alam,2019-06-18T03:58:17.247Z,Kristina Erna,111142267856060153559,False,0,id,2026-05-04T16:53:27.452833
Ci9DQUlRQUNvZENodHljRjlvT2twRlQyNU1jVkZNUjFkMk5USmlhWGxvUzE5V2MwRRAB,ChIJvZotL1MZby4RbW9TaVX9yFY,Objek Wisata Teras Cibulakan,Kuningan,Wisata,5,Nyaman dan asyik buat berenang,2025-09-12T01:57:30.700Z,Tatang Tarsani,101273419058327301178,False,0,id,2026-05-04T16:53:27.452869
Ci9DQUlRQUNvZENodHljRjlvT2xNME9VVjBSbXcxTkhSdVdHSm1Nek5zYkc5M05FRRAB,ChIJZXH_BeYZby4RxP2BCeHv47U,Woodland Kuningan,Kuningan,Wisata,5,"Seru parahhhhh,adem ,nyaman wahana komplet,kolam renang banyak ,ainy nyessss",2026-04-29T03:33:00.963Z,Santai Sejenak,114496373941750032242,False,0,id,2026-05-04T16:53:27.452978
Ci9DQUlRQUNvZENodHljRjlvT2xReldXbzFaRXRFT0c1Mk5VNW9kbE5xWDNGS2RFRRAB,ChIJZXH_BeYZby4RxP2BCeHv47U,Woodland Kuningan,Kuningan,Wisata,5,"Tempat nya sejuk,nyaman,bersih ,air kolam berenang seger ,asli dari mata air
Pilihan wahana banyak😁😁",2026-04-29T03:25:56.766Z,Zeni Zuniar SW,106748029847600769090,False,0,id,2026-05-04T16:53:27.452996
Ci9DQUlRQUNvZENodHljRjlvT2xsU2RHTlhWbmxCWTBsaVMzRTJlblY2YUcwMlRVRRAB,ChIJZXH_BeYZby4RxP2BCeHv47U,Woodland Kuningan,Kuningan,Wisata,5,"kesana lagi sepi karena habis hujan , jadi serasa milik sendiri",2026-03-24T15:53:09.016Z,Joem Aeni,106220738410543598970,True,0,id,2026-05-04T16:53:27.453018
Ci9DQUlRQUNvZENodHljRjlvT2sxdE1IVlVSR3AwUkhwM2NVY3ROa1ZJTkRSaVZVRRAB,ChIJZXH_BeYZby4RxP2BCeHv47U,Woodland Kuningan,Kuningan,Wisata,1,"Tempat lumayan
Sayangnya tempat salin antri",2026-03-23T05:13:15.142Z,Bakri Bakri,117369923465706460922,False,0,id,2026-05-04T16:53:27.453032
Ci9DQUlRQUNvZENodHljRjlvT2xoRVdIRlZORTFRT0RGUlltTlBkbWxFUTFGSFQyYxAB,ChIJZXH_BeYZby4RxP2BCeHv47U,Woodland Kuningan,Kuningan,Wisata,5,"H+1 lebaran 2026
HTM 25k/org
Tempat rekresiasi keluarga terdapat beberapa wahana
- kolam renang anak perosotan
- kolam renang dewasa
- terapi ikan
- ayunan gantung
- mini roll coaster
- cafe
- rainbow slide
- gazebo gratis (datang lebih awal agar kebagian)
- dll",2026-03-22T08:56:42.611Z,Salsabila Fun Video,109262288202047852814,True,0,id,2026-05-04T16:53:27.453044
Ci9DQUlRQUNvZENodHljRjlvT2poRmNuQXhTWGxrU25sd0xUbGhXVWswV2tWYWNVRRAB,ChIJZXH_BeYZby4RxP2BCeHv47U,Woodland Kuningan,Kuningan,Wisata,5,Tempatnya adem banyak phon pinus kolam yg airnya bersih bgt banyak wahana lain,2026-02-02T13:58:28.218Z,Rinaldy_ R.F,114021872727669955215,False,0,id,2026-05-04T16:53:27.453055
Ci9DQUlRQUNvZENodHljRjlvT25OV1VtOWthSGxwZUdsV2JsaFROa1owY1dSb1RFRRAB,ChIJZXH_BeYZby4RxP2BCeHv47U,Woodland Kuningan,Kuningan,Wisata,5,"Suasana alam nya adem bnget dan air nya tak berbau,Poko nya top markotop 👍👍😍🥰",2026-01-20T23:16:06.472Z,Ely Herawati,107379290908001315542,True,0,id,2026-05-04T16:53:27.453083
Ci9DQUlRQUNvZENodHljRjlvT2xkUGJuTnBTekp4YWxBNVNXUkhTelpQV1U1MGFGRRAB,ChIJZXH_BeYZby4RxP2BCeHv47U,Woodland Kuningan,Kuningan,Wisata,4,kolam renang untuk anak-anak dan dewasa,2026-01-07T02:35:25.578Z,USEP SAEPUL BARKAH SH,103975532055102232421,True,0,id,2026-05-04T16:53:27.453106
Ci9DQUlRQUNvZENodHljRjlvT2xSa1dtVkJOWHBNUlVOemVsWnZWRXRIU2w5WlRIYxAB,ChIJZXH_BeYZby4RxP2BCeHv47U,Woodland Kuningan,Kuningan,Wisata,3,"sejuk, nyaman, sayang kamar mandi/toiletnya sedikit jadi kalo mau buang air atau bilas habis berenang tuh nunggunya lama ngantrinya.",2026-01-03T07:05:25.275Z,Sulis Tyani,105794345176689444985,False,0,id,2026-05-04T16:53:27.453124
Ci9DQUlRQUNvZENodHljRjlvT25CTlRHRnlhR3B3U2t4NE9GaG5NbVpHTVd0RGJHYxAB,ChIJZXH_BeYZby4RxP2BCeHv47U,Woodland Kuningan,Kuningan,Wisata,5,Nyaman tempatnya tempat berteduh kurang banyak,2025-12-25T12:09:01.902Z,Hardianto Crb,109697473826794085076,True,0,id,2026-05-04T16:53:27.453142
Ci9DQUlRQUNvZENodHljRjlvT25Od1FWVnlUa0Z5WDFGUE1GUTROME5xTlZnNGFHYxAB,ChIJZXH_BeYZby4RxP2BCeHv47U,Woodland Kuningan,Kuningan,Wisata,5,Mantap kapan-kapan kesana lagi 👍🏻,2025-12-15T12:29:20.102Z,Abdul Azis Maulana,107332793512303708627,False,0,id,2026-05-04T16:53:27.453152
Ci9DQUlRQUNvZENodHljRjlvT2psRVJtdFBTWGx5UkVZeExVRlJYMGhrUTFScWFGRRAB,ChIJZXH_BeYZby4RxP2BCeHv47U,Woodland Kuningan,Kuningan,Wisata,4,"Tempatnya sejuk,nyaman.fasilitas kolam renang dengan mandi busa juga ada.flying fox dan wahana halang rintang untuk anak tersedia disini.seluncuran pelangi wahana favorit tapi cukup menegangkan..seru deh kalo liburan bareng keluarga kesini...",2025-11-25T11:44:49.613Z,nonih oceana,101412759124307232124,False,1,id,2026-05-04T16:53:27.453194
Ci9DQUlRQUNvZENodHljRjlvT2xOMlpYSnBOMGxWVUhsSFVYRndYMlZtVm5BMFRtYxAB,ChIJZXH_BeYZby4RxP2BCeHv47U,Woodland Kuningan,Kuningan,Wisata,5,Bagus tempatnya asri karena di pegunungan..udara bersih dan airnya dingin dan segar cocok untuk berlibur kesana untuk warga Indramayu yg udaranya panas,2025-09-02T23:52:00.018Z,Alexa 123,103628524039354090672,False,0,id,2026-05-04T16:53:27.453224
Ci9DQUlRQUNvZENodHljRjlvT21SdE9FUmthVVZwYVRSVVJGYzJhVkZUUVZWV01rRRAB,ChIJZXH_BeYZby4RxP2BCeHv47U,Woodland Kuningan,Kuningan,Wisata,1,"-Wahana playground anak tidak safety. (Prosotan curam, Spon tipis, bola plastik sedikit)
-Tiket wahana tidak bisa diganti wahana lain walaupun belum dipakai.
-Tiket Anak 2 tahun dihitung sama seperti dewasa.

Cukup berkesan dan tidak akan datang lagi.",2025-08-03T11:45:15.599Z,Husen Subandi,107928349112207597490,False,0,id,2026-05-04T16:53:27.453352
Ci9DQUlRQUNvZENodHljRjlvT2xCSmNFWnBXVWd3VXpORloyWTRZVXhPY2s1cFpWRRAB,ChIJZXH_BeYZby4RxP2BCeHv47U,Woodland Kuningan,Kuningan,Wisata,3,"Datang hari Sabtu jam 12 siang. Kondisi tidak terlalu ramai, tempat sejuk. Yang mengecewakan adalah para petugas hampir semua merokok. Ini kan tempat umum, terlebih banyak anak2 kecil, sambil jalan kesana kesini ngerokok dengan santainya. Asep nya kena angin, duuhhh. Sayang banget sih tempat oke tp staff ga oke.",2025-08-02T05:10:47.884Z,Vivian Chintia,111239943792876411504,False,0,id,2026-05-04T16:53:27.453365
Ci9DQUlRQUNvZENodHljRjlvT2tnNFZYcHZTVVk0U25wU1IyZzBiWEEyWDBFd1kwRRAB,ChIJZXH_BeYZby4RxP2BCeHv47U,Woodland Kuningan,Kuningan,Wisata,5,sangat luas kolam renangnya,2025-07-14T11:16:34.845Z,Edwin Apriyanto,111964073420863095816,True,0,id,2026-05-04T16:53:27.453386
Ci9DQUlRQUNvZENodHljRjlvT2t4T2JXdHlOVlJQVkcxd2JESm1XVEpYZEdwZlltYxAB,ChIJZXH_BeYZby4RxP2BCeHv47U,Woodland Kuningan,Kuningan,Wisata,5,"Selalu di buat nyaman, dan tempatnya selalu update makin kesini makin bagus dan luas, wahananya jg banyak",2025-07-13T01:35:15.650Z,Silvia Rahayu,100357557644028756748,False,0,id,2026-05-04T16:53:27.453397
ChZDSUhNMG9nS0VJQ0FnSURmMTRubUVREAE,ChIJZXH_BeYZby4RxP2BCeHv47U,Woodland Kuningan,Kuningan,Wisata,4,Lumayan enk tempat ya.kolam renang ya  adem.mungkin yg perlu di tambah.musola ya di kasih kere.biyar kalo hujan .tetep bisa untuk solat,2025-01-10T21:59:11.891Z,Nurudin Bae,117036741543526178890,False,0,id,2026-05-04T16:53:27.453459
ChdDSUhNMG9nS0VJQ0FnSURYdXRtdWdnRRAB,ChIJZXH_BeYZby4RxP2BCeHv47U,Woodland Kuningan,Kuningan,Wisata,5,Tempatnya sejuk rindang sangat asik untuk berlibur bersama keluarga,2024-10-26T11:51:09.228Z,Dinu Wisona,102691366698175810372,False,0,id,2026-05-04T16:53:27.453471
ChZDSUhNMG9nS0VJQ0FnSUNUdk1lR0VREAE,ChIJZXH_BeYZby4RxP2BCeHv47U,Woodland Kuningan,Kuningan,Wisata,4,Tolong untuk pengelola kalo bisa jangan ada larangan buat kami pengunjung untuk menempati saung yg ada 🙏🙏,2024-05-12T08:45:30.755Z,Dede Chenel asal Upload 123,112093358378040826525,True,0,id,2026-05-04T16:53:27.453522
ChZDSUhNMG9nS0VJQ0FnSUNkNHRYWmNBEAE,ChIJZXH_BeYZby4RxP2BCeHv47U,Woodland Kuningan,Kuningan,Wisata,5,Tempat Belanja Harga Standar.,2024-02-14T03:07:39.691Z,New M.R.S,101677233553591121228,True,0,id,2026-05-04T16:53:27.453556
ChdDSUhNMG9nS0VJQ0FnSUMxbzVucS13RRAB,ChIJZXH_BeYZby4RxP2BCeHv47U,Woodland Kuningan,Kuningan,Wisata,5,"Lumayan untuk kolam anak”, ada waktu untuk mandi busa juga.",2024-01-02T22:54:44.816Z,Idham Kholidina,116281396476710604323,True,0,id,2026-05-04T16:53:27.453566
ChdDSUhNMG9nS0VJQ0FnSUNwNHNqX3h3RRAB,ChIJZXH_BeYZby4RxP2BCeHv47U,Woodland Kuningan,Kuningan,Wisata,5,Lokasi lumayan bagus,2023-07-31T14:56:54.682Z,Ayman Bayhaka,117817015889256710576,True,0,id,2026-05-04T16:53:27.453599
Ci9DQUlRQUNvZENodHljRjlvT2xrM01WRk1ZMFF4ZG0xalZFTldjR1YxVmpsNVdtYxAB,ChIJmavgvLgXby4R2IizioFRk8k,Pondok Cai Pinus,Kuningan,Wisata,3,"helm kami kehujanan
pihak pengelola parkiran
pondok cai pinus, diem diem bae
terpaksa dari kuningan
sampe bandung gapake helm.!",2026-02-08T11:04:33.532Z,Momon. R,108665167169020688624,False,0,id,2026-05-04T16:53:27.453654
Ci9DQUlRQUNvZENodHljRjlvT2xBMlYyMUNPRWxqU1ZKeFNHOVNMVVp4U0UwMlptYxAB,ChIJmavgvLgXby4R2IizioFRk8k,Pondok Cai Pinus,Kuningan,Wisata,5,"Tempat bagus, suasana adem veu bagus, tp masuk ke dalam harus melalui anak tangga yg bgitu tinggi. Kl yg sdh usia lanjut dan kondisi kurang Vit lbih baik nunggu di bawah saja.",2026-01-26T15:45:26.030Z,Benny Jumoyo,112099014164920153110,True,0,id,2026-05-04T16:53:27.453663
Ci9DQUlRQUNvZENodHljRjlvT2tSaWJtbFJRbFZqWmt4alJWZFFjbUp2Y21Kc1ptYxAB,ChIJmavgvLgXby4R2IizioFRk8k,Pondok Cai Pinus,Kuningan,Wisata,2,"Maaf review jujur🙏Tiket masuk 25rb perorang,spot foto hanya 2 titik.kalau mau makan pun tetap dikenakan tiket.pantesan sepi pengunjung.toilet kotor.spot foto hanya vinici dan castil.gada lagi.ga seperti review di google.",2026-01-08T06:41:01.344Z,Yuliasan Qaisyah,117945377221353323865,True,0,id,2026-05-04T16:53:27.453679
Ci9DQUlRQUNvZENodHljRjlvT2pFdFJGZEhhMjlTVUdkcE1FOU5TVkpuZUVOclNXYxAB,ChIJmavgvLgXby4R2IizioFRk8k,Pondok Cai Pinus,Kuningan,Wisata,4,Lebih baik datang pagi apa sore akan lebih nyaman dan tenang...suasana adem dan mantap,2026-01-07T04:06:39.877Z,Sunarto Naruto,103161451048808890082,True,1,id,2026-05-04T16:53:27.453695
Ci9DQUlRQUNvZENodHljRjlvT2xCb04zaG5iVVpsWlRNNWNVZFNlVUp0TlhrMlltYxAB,ChIJmavgvLgXby4R2IizioFRk8k,Pondok Cai Pinus,Kuningan,Wisata,1,penginapan jelek ga sesuai foto kapasitas 4 orang dibilang bisa buat 7 admin di ajak komunikasi tidak merespon dan menanggapin orang makanan sarapan bagi ga layak buat makan ijin saya kasi bintang 1,2026-01-01T01:29:21.049Z,Enrico Matthew,111623671734661914130,False,0,id,2026-05-04T16:53:27.453704
Ci9DQUlRQUNvZENodHljRjlvT21OVlZFWkpiM2t6VDNWWVNXNHdPRVZqV1RnMVptYxAB,ChIJmavgvLgXby4R2IizioFRk8k,Pondok Cai Pinus,Kuningan,Wisata,4,Tempat yg sangat recomended,2025-10-14T14:15:29.681Z,Viki Viki,100259771139028689859,False,0,id,2026-05-04T16:53:27.453737
Ci9DQUlRQUNvZENodHljRjlvT2tWVmFUWlBiRk5LYm1GS1JXNWFiV05mUVhjNFpIYxAB,ChIJmavgvLgXby4R2IizioFRk8k,Pondok Cai Pinus,Kuningan,Wisata,5,Suasananya enak seger buat liburan,2025-10-12T07:07:34.407Z,Araie Bastello,108933644147121291062,True,0,id,2026-05-04T16:53:27.453747
Ci9DQUlRQUNvZENodHljRjlvT21SU2NVRlpaa3BqVGt4VlgyVkZVRXRKWkdOdGRVRRAB,ChIJmavgvLgXby4R2IizioFRk8k,Pondok Cai Pinus,Kuningan,Wisata,5,pagi hari susana nya enak banget,2025-09-19T00:05:01.785Z,Mas Hendra Gunawan,100473370164384035379,True,0,id,2026-05-04T16:53:27.453756
Ci9DQUlRQUNvZENodHljRjlvT2poUWVrUTJSMlV6TUhaaFJUSjBRV1E1TkUxTlJXYxAB,ChIJmavgvLgXby4R2IizioFRk8k,Pondok Cai Pinus,Kuningan,Wisata,3,25rb tapi gak ada apa2 cuma castle2an aja,2025-08-23T05:24:53.365Z,Yadi Mulyadin,106276727031077764147,True,0,id,2026-05-04T16:53:27.453772
Ci9DQUlRQUNvZENodHljRjlvT2tKRVpWUlpiMTlETFV4dU0wVjNOVjlNU1hWdVNtYxAB,ChIJmavgvLgXby4R2IizioFRk8k,Pondok Cai Pinus,Kuningan,Wisata,4,Udaranya sejuk dan bikin tenang,2025-08-20T09:03:18.942Z,See Future,100847776303360293877,True,0,id,2026-05-04T16:53:27.453789
Ci9DQUlRQUNvZENodHljRjlvT2xac2JVTnZNa3BsWDA5UE9IRTBUVFJmVEdFd1kwRRAB,ChIJU1Q4ZM0Zby4Rk09rjfJKEZk,Taman Wisata Alam (TWA) Linggarjati,Kuningan,Wisata,3,"Wisata sudah tidak terawat sepi pengunjung
Toilet tidak ada",2026-05-03T13:34:07.291Z,Tri astuti Handayani,106775296453244655713,False,0,id,2026-05-04T16:53:27.453797
Ci9DQUlRQUNvZENodHljRjlvT25wWlJYSk1hM2d0U3pNM2VVRnVUbmxKZGw5RExXYxAB,ChIJU1Q4ZM0Zby4Rk09rjfJKEZk,Taman Wisata Alam (TWA) Linggarjati,Kuningan,Wisata,5,"Tempat nya luas ada beberapa kolam renang dan seluncur juga hutan alam dgn permainan outbond, namun masih sepi pengunjung. Suasana nya hening nuansa alam, airnya dingin dan sejuk. Mungkin pada masanya tempat wisata ini pernah berjaya. So far bagus",2026-05-02T15:21:29.629Z,ratna susanti,102744197039518526678,True,0,id,2026-05-04T16:53:27.453813
Ci9DQUlRQUNvZENodHljRjlvT2psRmRuUXlVRm81WmpkUFJrMU1OMHRCUkRWZmJFRRAB,ChIJU1Q4ZM0Zby4Rk09rjfJKEZk,Taman Wisata Alam (TWA) Linggarjati,Kuningan,Wisata,5,"Btw vilaa nya enak bgtt adem tenang bersih rekomendasi deh kalian yang jauh ksni htm murah tempat nya sejuk adem bagus buat nenangin pikiran ayo ksni nikmati fasilitas Twa seperti kolam renang,liat ikan dewa/terapi ikan, bebek2an dll masih banyakk yang lainnya seruu tempatnya Hiden gem pisan pokoknya si ayo ajak teman pasangan keluarga ke Twa ya kaka udaranya yang sejuk hutannya masih terjaga🙌✨",2026-04-21T10:32:37.005Z,hartati.chiko•,117671917226717069685,True,0,id,2026-05-04T16:53:27.453833
Ci9DQUlRQUNvZENodHljRjlvT2xGSUxXUjJhVXB6YjFOSE5HTTJWR1IxUzFGckxWRRAB,ChIJU1Q4ZM0Zby4Rk09rjfJKEZk,Taman Wisata Alam (TWA) Linggarjati,Kuningan,Wisata,1,Wisata nya banyak yang rusak ga terawat banget udh htm mahal banget 55k belum lagi tempat duduk pada rusak semua fasilitas nya kurang bagus ditambah pohon tumbang,2026-03-21T11:26:23.239Z,Hari Beckyi,112715120981956227049,False,0,id,2026-05-04T16:53:27.453866
Ci9DQUlRQUNvZENodHljRjlvT2twV1puRlRTRTVmWkdKTmRuUjZOMlJ6YUhOR2EyYxAB,ChIJU1Q4ZM0Zby4Rk09rjfJKEZk,Taman Wisata Alam (TWA) Linggarjati,Kuningan,Wisata,5,Sangat bagus dan cocok untuk wisata keluarga,2026-03-06T09:24:55.850Z,MESIR creator,108912400179730728256,False,0,id,2026-05-04T16:53:27.453876
Ci9DQUlRQUNvZENodHljRjlvT201dmJUTTBXVU5IVUV0a09HNWpNVWt3ZDNwM1NrRRAB,ChIJU1Q4ZM0Zby4Rk09rjfJKEZk,Taman Wisata Alam (TWA) Linggarjati,Kuningan,Wisata,3,"Sepi bangettt ,,,",2026-02-13T02:53:21.603Z,Keluarga Sukadana,105728799847740945846,False,0,id,2026-05-04T16:53:27.453901
Ci9DQUlRQUNvZENodHljRjlvT2w4Mk4wSmtlakJvV2tsalYzb3pVVzR4V1V4dmQzYxAB,ChIJU1Q4ZM0Zby4Rk09rjfJKEZk,Taman Wisata Alam (TWA) Linggarjati,Kuningan,Wisata,5,Apakah masih beroperasi? Tidak terbengkalai,2026-02-06T21:58:29.015Z,Hamdan Miftahuddin,102667443859540009596,True,0,id,2026-05-04T16:53:27.453912
Ci9DQUlRQUNvZENodHljRjlvT2pkbWEwVlNTbXR1U21OeU1WbFpNRU5aWkdaSFkzYxAB,ChIJU1Q4ZM0Zby4Rk09rjfJKEZk,Taman Wisata Alam (TWA) Linggarjati,Kuningan,Wisata,3,"Sepi banget pdhal longweekend, pohon2 besar pengunjung tdk ada.....perlu sentuhan lg investor yg berani",2026-01-03T21:05:06.242Z,Nani Winarni,114739228391884830358,False,0,id,2026-05-04T16:53:27.453928
Ci9DQUlRQUNvZENodHljRjlvT2xCU1FtRlpkV051WDNOalRIVmhiMHgwTlVoU1UwRRAB,ChIJU1Q4ZM0Zby4Rk09rjfJKEZk,Taman Wisata Alam (TWA) Linggarjati,Kuningan,Wisata,5,Wisata Legend Yang Masih Eksis,2025-12-21T21:57:07.673Z,Bekam Akhwat,114688090563986963390,True,0,id,2026-05-04T16:53:27.453937
Ci9DQUlRQUNvZENodHljRjlvT21wSlZXMVpOamxsZVZsSVR6aE1SRGxuYVZWdVNrRRAB,ChIJU1Q4ZM0Zby4Rk09rjfJKEZk,Taman Wisata Alam (TWA) Linggarjati,Kuningan,Wisata,1,"Gak bagus harga masuk mahal 55k, pas masuk mau berenang bayar, kolam gak terawat banyak lumut, kotor,daun kering, sepeda air tak terawat, kursi di taman banyak yang kotor, rusak, usang, debu tebal, SANGAT TIDAK RECOMMENDED,

Tolong di perbaiki lagi ajh di bagusin lagi biar gak sepi Dateng pas lagi weekend sepi bgt",2025-11-30T15:43:32.059Z,Fathin Arofahna,110951550891958788901,False,0,id,2026-05-04T16:53:27.453960
Ci9DQUlRQUNvZENodHljRjlvT2xBdE5tVlNSV2xUVjBwNFFrZFpMVFI0Ym1odWNuYxAB,ChIJU1Q4ZM0Zby4Rk09rjfJKEZk,Taman Wisata Alam (TWA) Linggarjati,Kuningan,Wisata,1,"untuk taman ok, hijau dan sejuk. tapi untuk HTM sangat mahal 55rb, kalau mau berenang harus beli tiket lagi, sangat tidak worth it",2025-11-30T15:33:00.638Z,Lailatul Istiqomah,109646012355122231687,False,0,id,2026-05-04T16:53:27.453970
Ci9DQUlRQUNvZENodHljRjlvT2psUVdqTnpXSEJEYzE5NldsaDRUbnBJTURsalZuYxAB,ChIJmavgvLgXby4R2IizioFRk8k,Pondok Cai Pinus,Kuningan,Wisata,3,Sayang sekali tempatnya kurang terawat padahal view tempat nya lumayan bagus dan castle nya jg lumayan bagus,2025-07-28T13:17:27.597Z,Wienni Debora,102076939904947647794,True,0,id,2026-05-04T16:53:27.454012
Ci9DQUlRQUNvZENodHljRjlvT2s5b1kzSlpUSEJxUzBneVNHaDFlakZtYWtOSU1XYxAB,ChIJmavgvLgXby4R2IizioFRk8k,Pondok Cai Pinus,Kuningan,Wisata,4,"You can come here on a good day, only for the view. The place itself is not maintained and quite pathetic, but the view from here on a clear day is probably the best in the foot of Mt. Ciremai. Barely any obstruction, you can see all the way to the top of the mighty Mt. Ciremai if there's no cloud covering it. And you can see as far as Mt. Slamet in Central Java, roughly 100 km away, the entire lowlands and almost all hamlet of eastern West Java. The ticket price was cheap, but the parking lot is limited. The place has a lot of potential if it can be managed properly.",2025-07-20T14:28:15.657Z,Hans Jonathan,103783867821002085879,True,1,en,2026-05-04T16:53:27.454025
Ci9DQUlRQUNvZENodHljRjlvT2xOUFVHcHlWWGhMTTJoRVNrSTJjVVI1ZVZoT1NIYxAB,ChIJmavgvLgXby4R2IizioFRk8k,Pondok Cai Pinus,Kuningan,Wisata,5,"Très bel endroit, pensez à vos affaires pour vous poser et profiter de l'instant.",2025-07-09T04:55:55.820Z,Nour-Amine Mankouri,110358551421958393375,True,0,fr,2026-05-04T16:53:27.454042
Ci9DQUlRQUNvZENodHljRjlvT2xReVNGOUtPV2w0YW1GcWN6SjZkRWx1VWpoWlEyYxAB,ChIJmavgvLgXby4R2IizioFRk8k,Pondok Cai Pinus,Kuningan,Wisata,5,Masuk nya murah . Saran kondisi kendaraan harus fit krn jalan nya mulus tp nanjak trs krn di bawah kaki gunung posisi nya. Tempat nya bagus menarik . Cuma kurang bersih . Ada yg fotoin jg . Ada tempat mknan nya g bgt enak mkanan nya . Tp pemandngan nya lumayan.,2025-07-07T12:34:56.894Z,KAYRA & MIMIH,113210636816108513109,True,0,id,2026-05-04T16:53:27.454051
Ci9DQUlRQUNvZENodHljRjlvT2prMVJYUmlObUZWUWxGQ1FrSnNka0ZRTFVkelJsRRAB,ChIJmavgvLgXby4R2IizioFRk8k,Pondok Cai Pinus,Kuningan,Wisata,5,Tempat wisata yang menarik untuk dikunjungi oleh para wisatawan,2025-07-05T05:38:56.093Z,Maun Umar sidik,105558040785812022065,True,0,id,2026-05-04T16:53:27.454062
Ci9DQUlRQUNvZENodHljRjlvT2xoYU9WZDNSMDV2VUZSYVkzZ3dWRkpqU2t0SFlsRRAB,ChIJmavgvLgXby4R2IizioFRk8k,Pondok Cai Pinus,Kuningan,Wisata,5,"Seru dan menurut aku tempatnya unik, kita juga bisa menyewa baju kimono, pokoknya gak mau pulang deh",2025-07-02T04:27:41.918Z,sella aryanti,104406357169594234222,True,0,id,2026-05-04T16:53:27.454071
ChdDSUhNMG9nS0VJQ0FnTUNJODZmc2pBRRAB,ChIJmavgvLgXby4R2IizioFRk8k,Pondok Cai Pinus,Kuningan,Wisata,2,"Hai haii aku selaku pengunjung pertama kali ke sini izin memberikan ulasan yaa semoga bisa di ambil positif nya, dan sebelumnya saya memohon maaf bila ada kata kata yang kurang pas saat saya memberikan ulasan ini 🙏

View & villa nya lumayan nyaman & bagus buat liburan keluarga
Tapiiiiiii mohon maaf ni yaa banyak banyak banget yang bikin gw dan keluarga gw kurang nyaman

""Disclaimer kurang nyaman bukan berarti tidak nyaman 😁👌""

1. Admin & Resepsionis kurang informatif pokonya saya nanya gk di jawab admin (mungkin kelewat karna banyak chat masuk atau apalah itu), & giliran nanya ke resepsionis Allahu Akbar JUTEK BANGET JAWABNYA, moon maaf banget ini tu admin sama resepsionis tempat memberi informasi buat pengunjung bukan cuma pajangan, apa baru pertama kali ya dapet pengunjung yg banyak tanya kek gw jadinya badmood, BTW gw nanya yang emang gak ada di rules yaaaaaaaa, sebaiknya di jawab ramah atau yaa intonasinya lebih di enakin lagi atau tambahin senyum lah biar gak tegang amat & gak bikin suasana jadi awkward, yaa kalo pun ada di rules jawabnya yang ramah juga si SEHARUS nyaaaa yaaa😉, Padahal staff lain kalau di tanya biasa aja jawabnya mungkin karna yang nanya ortu gw kali yaa, soalnya yang selalu nanya ke resepsionis & admin itu selalu gw dan tiap nanya ke situ gak bawa ortu (yaaah ini mah gw curhat bukan ngasi ulasan 🤣🤣)

2. Water heater kamar mandinya aneh😭 masa air panas nya gak selalu nyala tiap mau dipake (apa emang gw nya aja yg gak tau klo ada water heater yang gak selalu nyala tiap mau di pake?)

3. Staf Resto & Pelayanan menu, ini tiap gw order banyak mis nya, gw pesan via WA ternyata nomor yang tertera di menu gak aktif jadi minta tolong ke nomor lain tolong pesan kan🙏 pesen paket liwet 2 yang dateng 1 paket doang, beli minuman per minuman beli 2 yang dateng tiap minuman cuma 1, ini masi positif thingking karna kami ordernya lewat pihak ke 3 & waktu sore mungkin ada miskom & crowded karna tangal liburan pasti banyak pengunjung, tp pagi saya order lagi ada mis juga kurang 1 pesanan saya padahal pengunjung belum rame (gapapa si sebenernya staf juga manusia biasa bukan nabi boyy 🤟)

Panjang banget ya Allah 🤣🤣

Semoga ulasan saya di baca owner & staf nya semoga kedepannya ulasan ini memberikan dampak yang baik bagi kedepannya demi kenyamanan customer yang INGIN MENIKMATI LIBURAN 😆🙏",2025-05-25T02:28:37.579Z,Anisa Nur Afraliah,110288076308557142205,False,0,id,2026-05-04T16:53:27.454088
ChZDSUhNMG9nS0VNbVZnNENjbTZHVVNREAE,ChIJmavgvLgXby4R2IizioFRk8k,Pondok Cai Pinus,Kuningan,Wisata,4,"Sangat tertarik dari jauh melihat bangunan yg seperti kastil sehingga langsung masuk parkiran.. Ternyata banyak spot foto2 yang bisa bikin seru2an..

Tiket masuk @ 25rb perorang
Mushola cukup luas dan toilet juga..
Lumayanlah buat jd salah satu tempat berkunjung di daerah kuningan..",2025-05-11T10:52:33.861Z,Dini Viernawosa,101372541044624895232,True,0,id,2026-05-04T16:53:27.454112
ChdDSUhNMG9nS0VJQ0FnTURJdzhLanlBRRAB,ChIJmavgvLgXby4R2IizioFRk8k,Pondok Cai Pinus,Kuningan,Wisata,5,"Lebaran nginep disini, makanannya enak dan temoatnya nyaman",2025-04-12T15:13:18.368Z,Ratna,113564640615294627321,True,0,id,2026-05-04T16:53:27.454135
ChdDSUhNMG9nS0VJQ0FnTUNJN2VtZi1RRRAB,ChIJmavgvLgXby4R2IizioFRk8k,Pondok Cai Pinus,Kuningan,Wisata,2,"Dateng kesini pas lebaran ke 4, booking 2 kamar plus extra bed. Walaupun
Reservasinya dadakan, alhamdulillah msh dapet kamar kosong..
Untuk pelayanan, aman, akang dan tetehnya ramah.. Tapi pas masuk kamar, agak kaget dengan harga per malem Rp. 2.000.000 Tidak sesuai ekspektasi. Fasilitas wifi tidak ada, pintu kamar sempat rusak, Suara dispenser yg berisik. Ditambah View depan kamar banyak pohon jagung yg lumayan tinggi jadi mengganggu pemandangan. Amat sangat disayangkan padahal pemandangan di palutungan kereen.

Menu sarapan, nasi kuning (belum tanak/belum matang) mie goreng, tumis buncis, dan telur ceplok balado.. (seharusnya bisa lebih bervariasi lagi menunya)
Minuman : teh panas dan jus jambu (gak ada air putih)
Desert : puding & kue pukis.",2025-04-04T01:36:28.041Z,Linda wida,105252595155013398804,True,1,id,2026-05-04T16:53:27.454144
ChZDSUhNMG9nS0VJQ0FnTUNJN2RHTkdREAE,ChIJmavgvLgXby4R2IizioFRk8k,Pondok Cai Pinus,Kuningan,Wisata,1,"Nginep disini lebaran ke 4, dengan biaya 2jt/malam
Tapi kamarnya cmn 1, depan kamar persis tanaman jagung[mengganggu view gunung/city light] banyak laron sama anak bekicot di teras kamar😜
Pas Breakfast menunya cuman nasi kuning,telor ceplok,sayur buncis,mie goreng sambal, dan krupuk Banyak macamnya🤪
Nasi kuningnya rasanya masih ada beras2nya[kurang mateng/tanek]
🤭🤭🤭",2025-04-04T01:31:08.584Z,Budi Raharja,106954139331433534413,False,0,id,2026-05-04T16:53:27.454153
ChdDSUhNMG9nS0VJQ0FnTUNJcW9XUHFnRRAB,ChIJmavgvLgXby4R2IizioFRk8k,Pondok Cai Pinus,Kuningan,Wisata,1,"Ngak seruu mahall doangg , ngak ada apa apaa,percuma mahall doanggg,,",2025-04-01T04:09:33.775Z,Cindy Apriliani,107641703396482144081,False,0,id,2026-05-04T16:53:27.454169
ChdDSUhNMG9nS0VJQ0FnTUNJcXJuZzZnRRAB,ChIJmavgvLgXby4R2IizioFRk8k,Pondok Cai Pinus,Kuningan,Wisata,1,"Hanya untuk berfoto di tempat yang ada gambar ,dilarang duduk depan penginapan klo tidak menginap tidak ada tempat duduk cuma ada cafe mahal gak enak",2025-04-01T04:07:07.073Z,Helmi Riyandi,108481390356174316513,False,0,id,2026-05-04T16:53:27.454179
ChZDSUhNMG9nS0VJQ0FnTUNJbUtXY0dnEAE,ChIJmavgvLgXby4R2IizioFRk8k,Pondok Cai Pinus,Kuningan,Wisata,5,Havasi serin guzel manzara,2025-03-30T01:02:55.792Z,Tekin Tekin,110209197746987876660,True,0,tr,2026-05-04T16:53:27.454187
ChdDSUhNMG9nS0VJQ0FnTURRN2J2SWdBRRAB,ChIJmavgvLgXby4R2IizioFRk8k,Pondok Cai Pinus,Kuningan,Wisata,5,Rekomendasi untuk liburan keluarga serta di tunjang tempat selfie yang bagus👍,2025-03-13T06:31:51.115Z,Urip Mulyana,106673287036349163803,True,0,id,2026-05-04T16:53:27.454195
ChdDSUhNMG9nS0VJQ0FnSUNPNHJhM2hBRRAB,ChIJmavgvLgXby4R2IizioFRk8k,Pondok Cai Pinus,Kuningan,Wisata,5,"Spot selfie yg instagrammable cocok buat hangout bareng keluarga or pasangan,, ditambah resto dengan menu favorit nasi liwet cai pinus,, yg ingin menikmati sejuknya hawa pegunungan tersedia juga villa pondok cai pinus....",2025-02-14T05:52:34.170Z,Yopi Ahdiyanto,111034024583736983940,True,8,id,2026-05-04T16:53:27.454240
Ci9DQUlRQUNvZENodHljRjlvT2s1b2RuaEVWRUZXWWtOeE56ZE1jSGxqYkhCUFJsRRAB,ChIJU1Q4ZM0Zby4Rk09rjfJKEZk,Taman Wisata Alam (TWA) Linggarjati,Kuningan,Wisata,1,"banyak nyamuk, tempat tidak terawat, kolam kotor, pelayanan kurang baik",2025-09-23T05:17:56.415Z,TUT. ID,105227723100474512502,False,0,id,2026-05-04T16:53:27.454287
Ci9DQUlRQUNvZENodHljRjlvT25wMlZrSTNiV1p6V25Sd2QzRndaV1ZaTFhGM09FRRAB,ChIJU1Q4ZM0Zby4Rk09rjfJKEZk,Taman Wisata Alam (TWA) Linggarjati,Kuningan,Wisata,1,"Harga tiket masuknya diturunin biar rame pengunjung, miris liatnya tempat enak tapi sepi",2025-09-14T08:33:13.838Z,Nurul Qr,113769487449300961386,False,0,id,2026-05-04T16:53:27.454297
Ci9DQUlRQUNvZENodHljRjlvT21oVWMxWmtVM0ZqTmw5aFZXUTRUakJLY21Gd1NHYxAB,ChIJU1Q4ZM0Zby4Rk09rjfJKEZk,Taman Wisata Alam (TWA) Linggarjati,Kuningan,Wisata,3,Wisata alam dengan kolam renang dengan kondisi tidak terawat dan sarana pendukung terlihat kumuh.,2025-09-07T14:26:44.447Z,jojo sutarja,111911779484809203816,True,0,id,2026-05-04T16:53:27.454306
Ci9DQUlRQUNvZENodHljRjlvT2xoRWJUZFVVa2xhTXpCTlYxVmxUMjV2TWpRM1YzYxAB,ChIJU1Q4ZM0Zby4Rk09rjfJKEZk,Taman Wisata Alam (TWA) Linggarjati,Kuningan,Wisata,1,Parah buuuuuanget...ini bkn taman wisata tapi kuburan wisata,2025-08-03T05:19:36.490Z,Jack Virgiawan,100165852259186079933,False,0,id,2026-05-04T16:53:27.454315
Ci9DQUlRQUNvZENodHljRjlvT2xwb2VEUmZWM1Y2TTNsclRsaDRjak5hYTJ0aFIwRRAB,ChIJU1Q4ZM0Zby4Rk09rjfJKEZk,Taman Wisata Alam (TWA) Linggarjati,Kuningan,Wisata,5,Tempat adem tapi sayang sekarang kurang terawat,2025-07-26T12:28:49.813Z,Moh Tole,111206531278054280698,True,0,id,2026-05-04T16:53:27.454325
Ci9DQUlRQUNvZENodHljRjlvT210aE16QTBhM05LTVdWVkxVWkphM0pFTjJRM1luYxAB,ChIJU1Q4ZM0Zby4Rk09rjfJKEZk,Taman Wisata Alam (TWA) Linggarjati,Kuningan,Wisata,3,"Dengan fasilitas yang tersedia, tiket masuk terbilang mahal, banyak warung/penjual makanan yang tutup,coba kalo harga tiket dikurangi, pasti banyak pengunjung yang datang/ramai pengunjung",2025-07-13T13:52:27.113Z,rian ananta,116374856676608718691,True,0,id,2026-05-04T16:53:27.454340
Ci9DQUlRQUNvZENodHljRjlvT2pnNGVtVmtSREI1VjBWdE16UklhVWRtUmxWRU0xRRAB,ChIJU1Q4ZM0Zby4Rk09rjfJKEZk,Taman Wisata Alam (TWA) Linggarjati,Kuningan,Wisata,4,"Kolam renang lemayan ada beberapa & ada waterpark nya, padahal adem masih banyak phon besarnya, weekend kyanya ada musik livenya dangdut tarling gitu, tiket kolam renang cukup 10k aja termurah sejagat perkolaman, tiket masuk wisata nya kita 7 dewasa 2 anak² dengan mobil total 170k
Jajanan pop mie minuman lainya cukup harganya ga terlalu mahal juga.
Sewa perahu bebek 20k lemayan lama naik hampir 20-30 menit.

Cuma parkir mobil aja mesti bayar lagi, hanya seikhlasnya ko tinggal kasih kang parkirnya.

Ini cukup worth it ko..
Mampir guys jangan lupa..

Btw kita kesana diweekend ya",2025-07-12T11:39:20.492Z,Orang Cipete,114356606110950578471,True,0,id,2026-05-04T16:53:27.454349
ChZDSUhNMG9nS0VQcXdnZW40NUtINFFREAE,ChIJU1Q4ZM0Zby4Rk09rjfJKEZk,Taman Wisata Alam (TWA) Linggarjati,Kuningan,Wisata,5,Indah masyallah,2025-05-28T23:06:35.140Z,Nining Latifah,100324683523408500429,False,0,ms,2026-05-04T16:53:27.454379
ChZDSUhNMG9nS0VJQ0FnTURveVotN0NnEAE,ChIJU1Q4ZM0Zby4Rk09rjfJKEZk,Taman Wisata Alam (TWA) Linggarjati,Kuningan,Wisata,1,"aduh kacau sya g pernah ksh ulasan ke resto maupun wisata tpi ini jujur sangat2 kacau dan sangat2 kecewa parkir mahal, tiket mahal, wisata didalam berbayar lagi, udh masuk ke dalam dan ternyata ujan ampun ga ada pedulinya hanya sekedar payung pun g dikasih haduh tutup aja deh!!!",2025-04-26T08:17:14.867Z,ryaa devandra,113529414158824727855,False,0,id,2026-05-04T16:53:27.454394
ChZDSUhNMG9nS0VJQ0FnTUNJbnZ1Uk9nEAE,ChIJU1Q4ZM0Zby4Rk09rjfJKEZk,Taman Wisata Alam (TWA) Linggarjati,Kuningan,Wisata,1,"tiket mahal mahal wahana bayar lagi, tempat seperti tidak terawat, parkir motor bayar lagi..

karena terpaksa aja masuk sini",2025-04-02T06:45:35.804Z,Edyono Wibowo,105708507062549765864,False,0,id,2026-05-04T16:53:27.454418
ChZDSUhNMG9nS0VJQ0FnTUNRdk1mbkZnEAE,ChIJU1Q4ZM0Zby4Rk09rjfJKEZk,Taman Wisata Alam (TWA) Linggarjati,Kuningan,Wisata,1,Maaf di bulan puasa buka nggak ya,2025-03-03T02:50:39.600Z,Sukari Jebod07,110641808565802708709,False,0,id,2026-05-04T16:53:27.454442
Ci9DQUlRQUNvZENodHljRjlvT2pkU1VXSnFVbTVZYTBKZmRrUkxSelJTVEZKMlNVRRAB,ChIJGfJRd6EZby4RZk1CIFM2r38,Area Wisata Edukasi Dirgantara J & J,Kuningan,Wisata,5,udh sering banget ke j&j dan seru banget,2026-03-23T03:48:37.828Z,Nabilfathan,107221908890986645358,False,0,id,2026-05-04T16:53:27.454466
Ci9DQUlRQUNvZENodHljRjlvT21kcFJWcEVRbkoyTkVWSlVYUnNPRll4ZDJ4dk4wRRAB,ChIJGfJRd6EZby4RZk1CIFM2r38,Area Wisata Edukasi Dirgantara J & J,Kuningan,Wisata,5,"Cocok untuk anak anak, bukan untuk dewasa.",2026-02-04T12:09:27.367Z,Ridho Radiyan Gunawan,117454567997807856393,False,0,id,2026-05-04T16:53:27.454475
Ci9DQUlRQUNvZENodHljRjlvT2w5WmVIRkRZbHBPWTBzeVNVWnBibkJwVlhSblVIYxAB,ChIJGfJRd6EZby4RZk1CIFM2r38,Area Wisata Edukasi Dirgantara J & J,Kuningan,Wisata,2,"Parkir g masalah
Kolam renangnya g masalah
Tempat bilas or kmr mandi jg g masalah
Keberadaan hewan atau playground jg msh oke

Tapi keberadaan org yg MEROKOK itu lhoo, bikin g nyaman, mengganggu, g cm 1 atau 2 org, tp banyak",2026-01-04T10:12:59.948Z,The Qq,106152667317269250698,False,0,id,2026-05-04T16:53:27.454482
Ci9DQUlRQUNvZENodHljRjlvT205bFdYTmZObUpzYW1kMWRETmlkemRNTVVoNU5rRRAB,ChIJGfJRd6EZby4RZk1CIFM2r38,Area Wisata Edukasi Dirgantara J & J,Kuningan,Wisata,5,Nyaman dan educatif,2025-12-02T21:44:35.189Z,Muhamad Alfatih,104978365254964860008,True,0,id,2026-05-04T16:53:27.454517
Ci9DQUlRQUNvZENodHljRjlvT25wQmRVYzFaMWRsYzNKblRXZDRhRE16YlV4Q1RWRRAB,ChIJGfJRd6EZby4RZk1CIFM2r38,Area Wisata Edukasi Dirgantara J & J,Kuningan,Wisata,5,parkiran yang luas  banyak menu makanan membuat tenang amqn bahagia membahagiakan,2025-11-19T03:16:11.273Z,Andrietech,115005915906230479599,True,0,id,2026-05-04T16:53:27.454531
Ci9DQUlRQUNvZENodHljRjlvT21adldFUXRjbkowZVV4Wk1tTnNWbDlGTlZGb2IyYxAB,ChIJGfJRd6EZby4RZk1CIFM2r38,Area Wisata Edukasi Dirgantara J & J,Kuningan,Wisata,5,Produksi plastik fiber terbaik dikelasnya,2025-10-12T02:04:18.574Z,Muamar Mumu,116631783982126699138,False,0,id,2026-05-04T16:53:27.454547
Ci9DQUlRQUNvZENodHljRjlvT25OUlJUTTNNekpWWDBocVVqaHZlSG93YVhNM2NWRRAB,ChIJGfJRd6EZby4RZk1CIFM2r38,Area Wisata Edukasi Dirgantara J & J,Kuningan,Wisata,5,Anak anak happy sekali main di j&j,2025-07-24T02:22:01.199Z,tyas lestari,112516071310320509926,True,0,id,2026-05-04T16:53:27.454568
Ci9DQUlRQUNvZENodHljRjlvT25wRVEzRXlVM3BvVGpWNWFHSnpNblp5V2xwWU5rRRAB,ChIJGfJRd6EZby4RZk1CIFM2r38,Area Wisata Edukasi Dirgantara J & J,Kuningan,Wisata,3,"Saran ny lbh bnyak lg area permainan ny,, jd ank² stlh dr pesawat bisa main d'luar,, atau pesawat ny d'buat lbh menarik lg,, spt bisa nonton pertunjukan melalui TV atau digital lain ny",2025-07-02T03:50:23.303Z,Muhammad Abrisam,109088824934114125351,True,0,id,2026-05-04T16:53:27.454590
Ci9DQUlRQUNvZENodHljRjlvT2xOb1dHZ3hOMjlWY3pOSVJIWlRXRGhoV0ZKTGExRRAB,ChIJVVVVVegZby4R8EB_RCKzO-Y,Montana Hotel Kuningan,Kuningan,Wisata,5,"Sy datang hy utk berenang bersama keluarga, jd sy tidak paham tentang kamarnya",2026-04-25T22:13:16.318Z,Witeyou witeyou,103636683685969350005,True,0,id,2026-05-04T16:53:27.454607
ChZDSUhNMG9nS0VJQ0FnSUN5MExXREtnEAE,ChIJVVVVVegZby4R8EB_RCKzO-Y,Montana Hotel Kuningan,Kuningan,Wisata,1,"GA AKAN NGINEP SINI LAGI. KAPOK.

Check-in sekitar jam 10 malem, di kasih kamar yang ga sesuai sama di gambar, booking kamar dengan balkon dan view kolam...malah dapet kamar penjara bau apek. buru-buru checkout pagi juga karena kamarnya JOROK & NGGAK AMAN.

Ada BANGKAI CICAK di dalam kamar mandi, dan sabun mandi bekas di atas toilet BEKAS DIPAKE tamu sebelumnya. Kondisi lantai nya kotor banget, berasa nggak aman buat istirahat. Bedcover juga robek,Tga pake smart TV juga, anakku bengang bengong jadinya hahaha. Kolam renang kotor pula.

Komplain ke Agoda cuma dipingpong dari email ke app ke telepon. Nggak ada solusi.

Buat yang sayang nyawa & kebersihan, SKIP HOTEL INI. Foto bukti udah aku upload semua.",2026-04-22T12:45:04.176Z,Elly nursafari Oktafia,112604051951159033664,True,0,id,2026-05-04T16:53:27.454626
Ci9DQUlRQUNvZENodHljRjlvT2tKNmFVNW9Tekk0UzBWMFpGUlVWMGRKT1hoUmQyYxAB,ChIJVVVVVegZby4R8EB_RCKzO-Y,Montana Hotel Kuningan,Kuningan,Wisata,1,"Pelayanan jelek&kurang,water heater harus ditunggu 30 menit,ruangan nya kotor ada sarang laba-laba,ngga tersedia makanan,banyak alasan,pelayan nya misskomunikasi,padahal pas check in diminta buat kamar nya yang deket kolam renang,tapi dikasih nya di pojokan jauh dari kolam renang sendiri,barang harus dibawain sendiri",2026-02-07T11:21:18.292Z,Nataliee Privacy,118267694811360158286,False,0,id,2026-05-04T16:53:27.454655
Ci9DQUlRQUNvZENodHljRjlvT2tWRE9GcHZhRFl0ZDBSVVpGZEhjbkF4VGxWUFRXYxAB,ChIJVVVVVegZby4R8EB_RCKzO-Y,Montana Hotel Kuningan,Kuningan,Wisata,4,"Karena baru pertama kali ke sini,belum tahu lokasi keman mananya,cuma pas masuk kurang yakin..karena jalanan sempit dan aspalnya hancur,sempat kesasar juga tadi,tapi lumayan dengan harga murah dapat kamar lumayan nyaman..",2026-02-07T10:27:43.579Z,Aryati haryati,116624667606059829259,False,0,id,2026-05-04T16:53:27.454663
Ci9DQUlRQUNvZENodHljRjlvT2tKUWJIaEhiVGQzUW5oblVUVkpVV2hvYVVKaVlYYxAB,ChIJVVVVVegZby4R8EB_RCKzO-Y,Montana Hotel Kuningan,Kuningan,Wisata,5,Tempat yg cocok liburan keluarga.,2026-02-03T22:27:34.273Z,Yosep Sanggur,110199466467683579007,False,0,id,2026-05-04T16:53:27.454675
Ci9DQUlRQUNvZENodHljRjlvT25aRk5WQmpPQzE0VVd4aFMzQnhPVlptVTJNeE1IYxAB,ChIJVVVVVegZby4R8EB_RCKzO-Y,Montana Hotel Kuningan,Kuningan,Wisata,1,"pas awal masuk staff laki2 yang di depan ga ramah bgt atitude nya,awal masuk kamar bau ga sedap,terus kamar mandi kotor kyk ga dibersihin sama pembuangan nya juga mempet,tv ga jalan. Kapok bgttt",2026-01-21T08:10:26.178Z,Arie efriyan,113069162313585430187,False,0,id,2026-05-04T16:53:27.454686
Ci9DQUlRQUNvZENodHljRjlvT201eVFscEJjbkkzVVU0d2FGTm5XRWxUUTFwbGRVRRAB,ChIJVVVVVegZby4R8EB_RCKzO-Y,Montana Hotel Kuningan,Kuningan,Wisata,4,penginapan yang perlu perawatan .. agar lebih memiliki daya tarik.. harga ramah sekali apabila via online. saya dan keluarga suka sekalidgn viewnya,2026-01-13T07:17:45.828Z,Mohammad dirvan,103799712992295091274,True,0,id,2026-05-04T16:53:27.454703
Ci9DQUlRQUNvZENodHljRjlvT2tsNVJFMXZOSE5tUTFwRmRrczVaV040YURScVRIYxAB,ChIJVVVVVegZby4R8EB_RCKzO-Y,Montana Hotel Kuningan,Kuningan,Wisata,5,"Recomended hotel tuk liburan anak2 tempatnya terjangkau..ekonomis,playannya ramah pokoknya top bangeutt",2026-01-07T06:01:55.532Z,tri utami,105958435753912605670,False,0,id,2026-05-04T16:53:27.454712
Ci9DQUlRQUNvZENodHljRjlvT21KRVpISm9NMDFJZUhkRVFsQmtWRkI0WVhsVWFXYxAB,ChIJVVVVVegZby4R8EB_RCKzO-Y,Montana Hotel Kuningan,Kuningan,Wisata,3,"Tempat cukup strategis pemandangan gunung kalau pagi dan kolam renang.

Sayang nya masuk ke kamar terkesan kotor sekali, kamar mandi juga jarang dibersihkan.  seprei dan sarung bantal kynya belum di ganti dari pengunjung lama. Kompain ke repcepsionis untungnya di tanggapi dan diganti.

Wifi ada tapi nga bisa juga..

Intinya perlu ditingkatkan lagi pelayanan nya.",2026-01-03T22:09:17.793Z,Sugeng Rianto,116953274980675191034,True,0,id,2026-05-04T16:53:27.454721
Ci9DQUlRQUNvZENodHljRjlvT21Ka2JrZDVZWGx1UkRGWlJVWnVSVmxsWVdkc0xXYxAB,ChIJVVVVVegZby4R8EB_RCKzO-Y,Montana Hotel Kuningan,Kuningan,Wisata,2,"Nginep disini ambil yg familly room, dapetnya 2 ranjang double. Kamar berbau ga sedap, handuk kotor bekas tamu sebelumnya masih tergantung dikamar mandi. Air bathtub mampet ga bisa tiris, ga ada hot water padahal kuningan lumayan dingin, ga ada teko listrik buat bikin kopi sebagaimana biasa kita temukan di hotel-hotel.
Not recommended",2026-01-03T09:42:23.212Z,Glorious Gems,112991954962589106937,True,0,id,2026-05-04T16:53:27.454737
Ci9DQUlRQUNvZENodHljRjlvT2pNeVZGVXRXSHBEYkdKYWEwazJNalp6V2t4Wk4wRRAB,ChIJVVVVVegZby4R8EB_RCKzO-Y,Montana Hotel Kuningan,Kuningan,Wisata,5,"Hotel dengan fasilitas yang lengkap dan view yang indah.
Tapi mesti ditingkatkan kebersihan kamarnya.",2025-12-31T23:03:18.785Z,Rin *,108006119419044067035,True,0,id,2026-05-04T16:53:27.454745
Ci9DQUlRQUNvZENodHljRjlvT2pSTFJHcEdNMWx2VjA1MFVIQk1ZVlI0YmpaYVFtYxAB,ChIJVVVVVegZby4R8EB_RCKzO-Y,Montana Hotel Kuningan,Kuningan,Wisata,4,Ok banget Buat liburan anak2 dan keluarga,2025-12-31T14:43:02.189Z,Agus Suradi,104923047756186468674,True,0,id,2026-05-04T16:53:27.454754
Ci9DQUlRQUNvZENodHljRjlvT2s5MVJuaFFORXRJZVVwSVRXSkJabkV0VWxGalJHYxAB,ChIJVVVVVegZby4R8EB_RCKzO-Y,Montana Hotel Kuningan,Kuningan,Wisata,5,"Harga sangat murah
Fasilitas : mantan hotel bintang 3 jadi ada yang sudah tidak berfungsi dan tidak terawat",2025-12-27T11:17:48.638Z,oey vonie,111437991361304657314,True,1,id,2026-05-04T16:53:27.454769
ChZDSUhNMG9nS0VJQ0FnTURJdnBUbkZnEAE,ChIJGfJRd6EZby4RZk1CIFM2r38,Area Wisata Edukasi Dirgantara J & J,Kuningan,Wisata,5,"Seru, menarik, anak anak suka sekali main sambil belajar di dalam pesawat.",2025-04-10T06:37:41.022Z,syarif prabowo,106726373057565607606,True,0,id,2026-05-04T16:53:27.454785
ChdDSUhNMG9nS0VJQ0FnTUR3cHVMMTlRRRAB,ChIJGfJRd6EZby4RZk1CIFM2r38,Area Wisata Edukasi Dirgantara J & J,Kuningan,Wisata,3,Tempat ini sangat membantu untuk educasi anak,2025-03-25T15:27:05.694Z,Udin Kurdi,101766783500703428775,False,0,id,2026-05-04T16:53:27.454803
ChdDSUhNMG9nS0VJQ0FnTUNRdWM3eHR3RRAB,ChIJGfJRd6EZby4RZk1CIFM2r38,Area Wisata Edukasi Dirgantara J & J,Kuningan,Wisata,5,Arena cock buat keluarga,2025-03-06T00:49:44.048Z,Abah Wahyu,116699963010217569228,True,0,id,2026-05-04T16:53:27.454811
ChdDSUhNMG9nS0VJQ0FnSUNfNzUyWjNBRRAB,ChIJGfJRd6EZby4RZk1CIFM2r38,Area Wisata Edukasi Dirgantara J & J,Kuningan,Wisata,5,seruuu banget liburan bareng temen,2025-01-20T06:33:27.785Z,Zulfa Ulumiyah Assalma,110612232851226780964,True,0,id,2026-05-04T16:53:27.454818
ChdDSUhNMG9nS0VJQ0FnSUM3bG9xVnd3RRAB,ChIJGfJRd6EZby4RZk1CIFM2r38,Area Wisata Edukasi Dirgantara J & J,Kuningan,Wisata,5,"Tempat wisata edukasi dirgantara yg cocok untuk keluarga maupun sekolah, Spot fotonya estetik banget langsung menghadap gunung Ciremai.",2024-08-15T11:49:13.307Z,Adhiel Channel,108454357923722085375,True,0,id,2026-05-04T16:53:27.454890
ChdDSUhNMG9nS0VJQ0FnSURyLXRPa3JnRRAB,ChIJGfJRd6EZby4RZk1CIFM2r38,Area Wisata Edukasi Dirgantara J & J,Kuningan,Wisata,2,"petugas nya jutek parah. belum jam 5, tp udah ditutup. ponakan saya umur 5th jauh2 dari subang - purwakarta ga di kasih masuk. pulang sedih dia, padahal pengen banget liat pesawatnya. uda mohon2 foto sebentar doang tetep ga dikasih. dih males bgt 🙃 klo masakan resto nya sih enak.",2024-07-17T03:50:34.429Z,Gita Wahyu Maudytha,113576204096542512980,False,1,id,2026-05-04T16:53:27.454907
ChdDSUhNMG9nS0VJQ0FnSURyc0xQRG5nRRAB,ChIJGfJRd6EZby4RZk1CIFM2r38,Area Wisata Edukasi Dirgantara J & J,Kuningan,Wisata,5,Tempat wisata kumplit.da kolam.. aneka satwa dn aneka kuliner,2024-07-13T09:11:13.867Z,Asmaul Maghfiroh,111805025647773240986,True,0,id,2026-05-04T16:53:27.454916
ChZDSUhNMG9nS0VJQ0FnSURMcU1YS0NnEAE,ChIJGfJRd6EZby4RZk1CIFM2r38,Area Wisata Edukasi Dirgantara J & J,Kuningan,Wisata,5,Kolam renang&mini zoo wat anak2,2024-06-25T04:01:14.741Z,wakhid rifa'i,105345362672946248279,False,0,id,2026-05-04T16:53:27.454932
ChdDSUhNMG9nS0VJQ0FnTURBcXFUTzVBRRAB,ChIJU1Q4ZM0Zby4Rk09rjfJKEZk,Taman Wisata Alam (TWA) Linggarjati,Kuningan,Wisata,1,Pengelolaan buruk sudah ada tiket parkir tp di dalam parkir lagi,2025-02-08T05:15:25.577Z,Abadi Jaya,118348444247921516549,False,0,id,2026-05-04T16:53:27.454954
ChZDSUhNMG9nS0VJQ0FnSURfcmZ6bFRBEAE,ChIJU1Q4ZM0Zby4Rk09rjfJKEZk,Taman Wisata Alam (TWA) Linggarjati,Kuningan,Wisata,1,"Pengelolaan yg sangat sangat sangat buruk.. kamar mandi gelap gak lampu, kondisi tempat sangat memprihatinkan seperti gak ke urus..

Tolong dong pemerintah tempat ini wisata ini di kelola dgn baik",2025-01-26T06:07:05.549Z,Indonesia Tourism Care,113896750533552465030,True,0,id,2026-05-04T16:53:27.454964
ChZDSUhNMG9nS0VJQ0FnSURYZ2NXUEZREAE,ChIJU1Q4ZM0Zby4Rk09rjfJKEZk,Taman Wisata Alam (TWA) Linggarjati,Kuningan,Wisata,3,"Alamnya bagus, listriknya ada, tapi WC-nya bayar semua, airnya kotor, penjaganya sering tidak ada di pos ketika minta tolong, kurang recommended buat kegiatan camping.
Saya pernah nelpon untuk nanya kamar mandi dan air, pengurusnya malah pura2 hilang sinyal, padahal tinggal jawab GK punya bnyk toilet aja, jujur gt",2024-12-03T11:46:09.763Z,Auster Apul Tiroy Situmorang,115494631295594319562,True,1,id,2026-05-04T16:53:27.454987
Ci9DQUlRQUNvZENodHljRjlvT25sWGRHOUtiV015VEVKNFJHRXRMVGx1ZFRrek1GRRAB,ChIJEe_uMS0Zby4Rb5hBy4Pb5VA,Taman Rekreasi J&J || Kolam Renang Kuningan,Kuningan,Wisata,3,Burung nya jangan lupa di gunting kuku nya tangan saya biru karena kuku nya tajam,2026-05-03T09:23:41.688Z,Syauqi Basabih,114310005679371342084,False,0,id,2026-05-04T16:53:27.455046
Ci9DQUlRQUNvZENodHljRjlvT20xeldVYzFPV0p0U1dabUxWUkVjM2t3V2toTWIzYxAB,ChIJEe_uMS0Zby4Rb5hBy4Pb5VA,Taman Rekreasi J&J || Kolam Renang Kuningan,Kuningan,Wisata,5,"Asyik... Unik, estetik...",2026-04-20T10:13:32.853Z,Ahmad Qusyaeri,113268168480195291858,True,0,id,2026-05-04T16:53:27.455060
Ci9DQUlRQUNvZENodHljRjlvT25obFpXeFpWbDh0VURkdVQxbHNZa2h2Wm1oelgyYxAB,ChIJEe_uMS0Zby4Rb5hBy4Pb5VA,Taman Rekreasi J&J || Kolam Renang Kuningan,Kuningan,Wisata,5,"Sangat rekomen, tiket murah meriah",2026-04-19T04:01:51.687Z,Adi Enosutrisno,116958605322631698054,False,0,id,2026-05-04T16:53:27.455067
Ci9DQUlRQUNvZENodHljRjlvT205bVRtYzVaMVoyTFRGTGJIZFJYMk5oZUZOS01WRRAB,ChIJEe_uMS0Zby4Rb5hBy4Pb5VA,Taman Rekreasi J&J || Kolam Renang Kuningan,Kuningan,Wisata,5,"Ada mini zoo. Kolam renang bagus, kebersihan di jaga cukup baik",2026-04-12T12:29:07.176Z,Sulton Setiawan,109806234144214403373,False,0,id,2026-05-04T16:53:27.455082
Ci9DQUlRQUNvZENodHljRjlvT21KaFdVNWFaR2Q0VUZWaFdteElhRmxuUVVkVFUzYxAB,ChIJEe_uMS0Zby4Rb5hBy4Pb5VA,Taman Rekreasi J&J || Kolam Renang Kuningan,Kuningan,Wisata,4,"Cocok untuk liburan terutama berenang, sayang hewan-hewanya kurang bervariasi.",2026-03-31T13:11:49.989Z,Suryana Sattar,110220992978313570737,True,0,id,2026-05-04T16:53:27.455097
Ci9DQUlRQUNvZENodHljRjlvT2psQ056VlBkRkIyTjBWblFta3pkV1V4VTA1NVEzYxAB,ChIJEe_uMS0Zby4Rb5hBy4Pb5VA,Taman Rekreasi J&J || Kolam Renang Kuningan,Kuningan,Wisata,1,Enak dan nyaman cuma mulai dari tiket karcis dll harus diperbaiki management nya sesuai standar perusahan umum.karena itu perusahaan besar min,2026-03-30T12:52:52.434Z,Aza Miharja,100186342541826754067,False,0,id,2026-05-04T16:53:27.455113
Ci9DQUlRQUNvZENodHljRjlvT2xaM2FVdEdaMXBHTmpkbmVUTnhWa1F4V25rd1ZsRRAB,ChIJEe_uMS0Zby4Rb5hBy4Pb5VA,Taman Rekreasi J&J || Kolam Renang Kuningan,Kuningan,Wisata,5,"Alhamdulillah
Alvino belum lihat ikan yg ini",2026-03-29T06:36:34.730Z,Ina Ramadhanti,114727497724544917557,False,0,id,2026-05-04T16:53:27.455121
Ci9DQUlRQUNvZENodHljRjlvT2toUVJYaHdNa2xHVlZwdFlqZE9hREZuVldsSFNVRRAB,ChIJEe_uMS0Zby4Rb5hBy4Pb5VA,Taman Rekreasi J&J || Kolam Renang Kuningan,Kuningan,Wisata,1,Perusahaan seperti ga punya management dan aturan,2026-03-29T03:42:17.078Z,Onah Saonah,102128584270289820885,False,0,id,2026-05-04T16:53:27.455136
Ci9DQUlRQUNvZENodHljRjlvT2xWUWQwazRiVzF5V0VsaWVVMUROMHhqUkd0aVEzYxAB,ChIJEe_uMS0Zby4Rb5hBy4Pb5VA,Taman Rekreasi J&J || Kolam Renang Kuningan,Kuningan,Wisata,5,Berenang sm keluarga kecil,2026-03-29T02:33:31.314Z,Yayah Nursamsiyah,109802324808118647271,False,0,id,2026-05-04T16:53:27.455144
Ci9DQUlRQUNvZENodHljRjlvT2tsRlNGZFhNVFpPVXpWaGFFdGZTMmt6TTI5RmNVRRAB,ChIJEe_uMS0Zby4Rb5hBy4Pb5VA,Taman Rekreasi J&J || Kolam Renang Kuningan,Kuningan,Wisata,5,"Jnj tempat tahunan yang wajib didatengin , 😁",2026-03-28T14:53:38.727Z,Diku lymn,102640134839210886319,True,0,id,2026-05-04T16:53:27.455155
Ci9DQUlRQUNvZENodHljRjlvT2taWFdWbFdRM3B1Y0d0SVUxZzBRV3BrU1ZoRlZYYxAB,ChIJEe_uMS0Zby4Rb5hBy4Pb5VA,Taman Rekreasi J&J || Kolam Renang Kuningan,Kuningan,Wisata,3,"Pengujung cowo nya Banyak yang ngerokok bau banget asep rokok, petugas reptil nya juga sama pegang hewan sambil ngerokok ;(",2026-03-27T05:35:41.258Z,Rahma Novia Hidayat,106570817618049384167,True,0,id,2026-05-04T16:53:27.455164
Ci9DQUlRQUNvZENodHljRjlvT2pKYVZHNUphbms0T1RCeWRIcFhhemRmYVRocFdtYxAB,ChIJEe_uMS0Zby4Rb5hBy4Pb5VA,Taman Rekreasi J&J || Kolam Renang Kuningan,Kuningan,Wisata,3,"TOLONG TIDAK MEROKOK.
kolam renang nya banyak, tempat duduk pun banyak, wisata hewan banyak. hanya sayang saja tempat yg notabene untuk anak2 bersenang2 dan berenang tp tidak ramah anak karena banyak sekali pengunjung yg MEROKOK!!! apakah tidak kasihan dengan anak2 apalagi balita yg berenang ataupun nunggu? sy harap ada diruang khusus untuk tempat merokok. karena ini tempat untuk anak2.. hargailah dan sayangilah anak2. thx!!!",2026-03-23T01:55:39.254Z,fajriatul janati,104414315259547773543,False,0,id,2026-05-04T16:53:27.455179
Ci9DQUlRQUNvZENodHljRjlvT2xCdlMyc3dVM0UwVEZObFVreDVMVFZIUVUxdFIxRRAB,ChIJEe_uMS0Zby4Rb5hBy4Pb5VA,Taman Rekreasi J&J || Kolam Renang Kuningan,Kuningan,Wisata,5,bersih dan nyaman,2026-03-22T01:53:30.382Z,AisyahMfqh,102818875712354495724,False,0,id,2026-05-04T16:53:27.455188
Ci9DQUlRQUNvZENodHljRjlvT2pSYWNUSnZVbEp5Vmtkc2NDMTBVV1pyY0ZScWNHYxAB,ChIJVVVVVegZby4R8EB_RCKzO-Y,Montana Hotel Kuningan,Kuningan,Wisata,5,"Tempat yang murah meriah tapi kualitas oke, kolam renang luas",2025-12-26T14:04:41.875Z,Pandu Tulus Satria,105936027571842719650,True,0,id,2026-05-04T16:53:27.455196
Ci9DQUlRQUNvZENodHljRjlvT214aVpqSk9UMjV5YTJoRVRWWnJUbmRLWDA5V2FVRRAB,ChIJVVVVVegZby4R8EB_RCKzO-Y,Montana Hotel Kuningan,Kuningan,Wisata,5,Lokasi strategis dengan lingkungan yang asri dan adem bikin saya nyaman dan tenang di tambah lagi kolam renang untuk anak dan dewasa yang sangat luas jadi untuk keluarga aman lah..sukses montana.,2025-11-25T07:32:50.427Z,djohar enam,111815433279218796506,False,0,id,2026-05-04T16:53:27.455211
Ci9DQUlRQUNvZENodHljRjlvT20xWkxYY3lSalJOYTFkU1dHcExORVZJUkRKRkxWRRAB,ChIJVVVVVegZby4R8EB_RCKzO-Y,Montana Hotel Kuningan,Kuningan,Wisata,5,"Kalau menurutku sangat cukuplah, dengan harga 100k udah dapat fasilitas kolam renang, tempat bermain, view yang bagus dengan gunung ciremai, cuma kamar mandi aja yang kurang terjaga kebersihannya tapi ada watter heater, untuk kamarnya cukup dan alhamdulillah dapat kasur yang spreinya bersih, kemudian untuk TV nya sebetulnya ada chanelnya cuma sinyalnya kadang ada kadang enggk, dan balik lagi,  bagiku cukup bangetlah dengan harga 100k hanya sekedar tidur aja dengan ditambah fasilitas kolam renang dan tempat bermain, masih terbilang bersih dan terawat juga ko hotelnya, berharap apa atuh dengan budget 100k an aja bisa dapat fasilitas hotel bintang 5 ? Oh iya 1 lagi, yang membuat saya sedikit kecewa, pesan double bad dikasih yang 1.  sejauh ini worth it",2025-11-14T07:05:41.582Z,Nur hamidah,118099736786806266131,True,0,id,2026-05-04T16:53:27.455238
Ci9DQUlRQUNvZENodHljRjlvT2pSdGRHVnRZbUpKY1U1T2VrczNlSEJEYUZFMFYzYxAB,ChIJVVVVVegZby4R8EB_RCKzO-Y,Montana Hotel Kuningan,Kuningan,Wisata,4,"Bersih sejuk plus ada kolamnya
Mungkin bisa di tambah  tempat makan sama minimarketnya",2025-11-13T03:46:16.918Z,gerai Sunnah,102974196987051543407,True,0,id,2026-05-04T16:53:27.455249
Ci9DQUlRQUNvZENodHljRjlvT2sxM2NrdGZibEpoWlhndFNUbHZlRXBVVDJGSVJXYxAB,ChIJVVVVVegZby4R8EB_RCKzO-Y,Montana Hotel Kuningan,Kuningan,Wisata,4,"Worth it sesuai harga nyaa, pelayanan yang baik, ramah",2025-11-12T00:57:41.988Z,Maulida Hijriyani,117876194912630066628,True,0,id,2026-05-04T16:53:27.455259
Ci9DQUlRQUNvZENodHljRjlvT2xNeUxWbHVWRFV4YUVkV1NHSjBiMDVOUVZobVRGRRAB,ChIJVVVVVegZby4R8EB_RCKzO-Y,Montana Hotel Kuningan,Kuningan,Wisata,4,Semua nya sudah cukup baik dengan harga yang ditawarkan 👍,2025-10-05T08:52:41.299Z,Radian Rizki,116048434350111487664,True,0,id,2026-05-04T16:53:27.455275
Ci9DQUlRQUNvZENodHljRjlvT2tFd2QwNWFPRGRaUTE5WU9WODNlVGxhTWxaSlpWRRAB,ChIJVVVVVegZby4R8EB_RCKzO-Y,Montana Hotel Kuningan,Kuningan,Wisata,5,Kampus yang bagus untuk sekolah pariwisata di Cirebon,2025-09-08T05:07:02.657Z,Yemima Raphaellin,116023032140084297180,True,0,id,2026-05-04T16:53:27.455296
Ci9DQUlRQUNvZENodHljRjlvT21vM1JWVmZkMWgxTlZVd1JXbDZVbFJOYkZNM1UxRRAB,ChIJVVVVVegZby4R8EB_RCKzO-Y,Montana Hotel Kuningan,Kuningan,Wisata,2,"Kamar kotor bgt kayanya ga pernah di bersihin, masa ada rambut2, ada sampah pewangi yg udah abis ga di buang, trus banyak semut2 gede dan semut2 merah kecil di kasur. Kamar mandi kotor bgt, closet nya licin, air nya kecil dan ga ada air panas. Kesini bawa bayi dan rewel aja pas malem, di bacain ayat qursi nangis2. Ga rekomen deh apalagi bawa bayi, suasananya bikin bayi ga nyaman, kita aja yg dewasa ga nyaman. Lampu lorong kamar jg remang2",2025-08-08T03:24:41.213Z,Qotiefatul Qibtiyah,104914576958094187844,True,0,id,2026-05-04T16:53:27.455314
Ci9DQUlRQUNvZENodHljRjlvT25GRFNtc3hUaTFpYUVObFIzRnRiRU5ZVTBsV1NGRRAB,ChIJVVVVVegZby4R8EB_RCKzO-Y,Montana Hotel Kuningan,Kuningan,Wisata,4,"Yaa cukuplah untuk istirahat sejenak perjalanan jauh,meskipun tak ada sarapan pagi,tv led ada cuma nth krna antena tv/kabel ny yg g nyambung jd channel gda.untuk fasilitas okelah smua ada diharga 350k msh memuaskan.",2025-07-19T23:52:08.182Z,Evan .D.G,108690891527462117943,False,0,id,2026-05-04T16:53:27.455334
Ci9DQUlRQUNvZENodHljRjlvT2pKNmJVZEVUblZQYTBseGMzVmhiblowTUZSNWNtYxAB,ChIJVVVVVegZby4R8EB_RCKzO-Y,Montana Hotel Kuningan,Kuningan,Wisata,3,"Tempatnya bersih dan luas dan sangat rekomended
Pokoknya nyaman banget.
Mantab",2025-07-18T05:38:29.071Z,Nursito Wijaya Kusuma,111108326910258526802,True,0,id,2026-05-04T16:53:27.455343
Ci9DQUlRQUNvZENodHljRjlvT2xoVVlucFdVMUoxUzJKTFJHSkdTM2R6ZVVkNlptYxAB,ChIJVVVVVegZby4R8EB_RCKzO-Y,Montana Hotel Kuningan,Kuningan,Wisata,5,Penginapan murah dan nyaman,2025-07-14T04:23:11.660Z,Deden Agustian,110987295151925507449,True,0,id,2026-05-04T16:53:27.455357
Ci9DQUlRQUNvZENodHljRjlvT2xCTWRuUnNaV1IxUjNKSlIxOHRjRnBuYnpSM09VRRAB,ChIJVVVVVegZby4R8EB_RCKzO-Y,Montana Hotel Kuningan,Kuningan,Wisata,5,Bagus dan bersih kamarnya. 👍,2025-07-10T09:41:18.321Z,Odoy San,102197115215003304096,True,0,id,2026-05-04T16:53:27.455365
Ci9DQUlRQUNvZENodHljRjlvT204emIybFBhMmRqU1ZNdE9FZEZlbEZQTTE5TE4wRRAB,ChIJVVVVVegZby4R8EB_RCKzO-Y,Montana Hotel Kuningan,Kuningan,Wisata,2,"lokasi aman dan sunyi, yg jadi masalah pembuangan air WC yg sering mampet, handuk juga kalau gak diminta gak di kasih.",2025-07-09T10:37:17.313Z,Faraday Archer,104219475989257386122,True,0,id,2026-05-04T16:53:27.455373
Ci9DQUlRQUNvZENodHljRjlvT21Gd2JWWXRaRFJpUWpCZmNsVldZWE15ZEV0VVMwRRAB,ChIJEe_uMS0Zby4Rb5hBy4Pb5VA,Taman Rekreasi J&J || Kolam Renang Kuningan,Kuningan,Wisata,5,"Ga brubah sih, cm hewan nya aja pada kurang dulu kaya banyak bgt:((",2026-02-15T01:32:50.330Z,Vincent Fredrick,107554606720638818408,False,0,id,2026-05-04T16:53:27.455425
Ci9DQUlRQUNvZENodHljRjlvT2xjNVNqRk5NVVV3YUV4dGJsUnViMFJRV0dOQ1JHYxAB,ChIJEe_uMS0Zby4Rb5hBy4Pb5VA,Taman Rekreasi J&J || Kolam Renang Kuningan,Kuningan,Wisata,5,"Kolam renang favorit anak anakku..
Pernah 1x ketemu sama bapak2 yang punya kolam ini anakku di kasih papan selancar pink yang sekarang masih di pakai..
Terimakasih bapak baik pemilik J&J..
Sehat dan sukses selalu J&J..",2026-02-12T23:17:36.843Z,Arif Suryanda,107744354266854783559,True,0,id,2026-05-04T16:53:27.455434
Ci9DQUlRQUNvZENodHljRjlvT21kT2QwNDFVUzE1ZDFsc1kxRk9URXBmV1ZwTFpIYxAB,ChIJEe_uMS0Zby4Rb5hBy4Pb5VA,Taman Rekreasi J&J || Kolam Renang Kuningan,Kuningan,Wisata,4,"Tempatnya oke, tapi minus ny klo musim hujan bau kebun bin🥺 jadi klo bisa harus rajin dibersihkan biar pengunjung lebih nyaman☺️🙏🏻",2026-01-28T01:42:30.086Z,Ana Sofyana,105367205048063140489,False,0,id,2026-05-04T16:53:27.455474
Ci9DQUlRQUNvZENodHljRjlvT2xkYWJXMVFXVlZzV1dwYU9DMDVSMjFFTTBacVZsRRAB,ChIJEe_uMS0Zby4Rb5hBy4Pb5VA,Taman Rekreasi J&J || Kolam Renang Kuningan,Kuningan,Wisata,5,Sangat menyenangkan saat bawa keluarga untuk bertamasya.,2026-01-25T11:38:44.128Z,Wsntr Hehanusa,103102358599077601037,False,0,id,2026-05-04T16:53:27.455496
Ci9DQUlRQUNvZENodHljRjlvT2pGWk1sTTBVR1JNVTFGTE9XOU9OWGxHWVc5NWNIYxAB,ChIJEe_uMS0Zby4Rb5hBy4Pb5VA,Taman Rekreasi J&J || Kolam Renang Kuningan,Kuningan,Wisata,5,"Liburan tahun barunya lumayan seru. Ajak anak ke sini. Kolam renang lg rame bgtttt. Jadi kita ga berenang.
tp, walau ga brenang. ada fasilitas lainnya yg cocok untuk anak².
playground, liat ikan aquarium, liat rusa",2026-01-19T22:16:08.173Z,Anggi Guppy,117517661032944867302,True,0,id,2026-05-04T16:53:27.455506
Ci9DQUlRQUNvZENodHljRjlvT21reE5rRlBUSEJQU1hsc1IyMXVkbWR4YkdKSGFFRRAB,ChIJEe_uMS0Zby4Rb5hBy4Pb5VA,Taman Rekreasi J&J || Kolam Renang Kuningan,Kuningan,Wisata,5,Gak bosen* ke j&j,2026-01-16T07:18:17.129Z,Kartini Tini,112798527102898256352,True,0,id,2026-05-04T16:53:27.455514
Ci9DQUlRQUNvZENodHljRjlvT20xTGJ6QTJTVzlhVFVkdFVXaDFjbE51U1dwUldrRRAB,ChIJEe_uMS0Zby4Rb5hBy4Pb5VA,Taman Rekreasi J&J || Kolam Renang Kuningan,Kuningan,Wisata,3,Kolam nya hanya untuk anak 2 bukan untuk dewasa karna ga dalam cuma setengah dada orang dewasa,2026-01-14T07:13:01.412Z,Iim,114147101999725827181,True,0,id,2026-05-04T16:53:27.455526
Ci9DQUlRQUNvZENodHljRjlvT2xKbmVXODBOR0ZIWjNGcFltczNhRjluT0dGUlVuYxAB,ChIJEe_uMS0Zby4Rb5hBy4Pb5VA,Taman Rekreasi J&J || Kolam Renang Kuningan,Kuningan,Wisata,4,"Kolam renang komplit ada taman satwanya

Catatan buat pengelola, tolong air kolamnya rutin diganti apalagi pas peak season karena gampang kotor.

Kamar mandi dan tempat gantinya bersih, kayaknya ini kamar mandi terbersih dibandingkan kolam renang lainnya. Tolong dipertahankan",2026-01-11T15:06:33.276Z,Oman Nurrohman,107466125849603170564,True,0,id,2026-05-04T16:53:27.455536
Ci9DQUlRQUNvZENodHljRjlvT2tKbmFsSjBRMFJrTFVRd2QyRlRPRlZTT0ZsR1VXYxAB,ChIJEe_uMS0Zby4Rb5hBy4Pb5VA,Taman Rekreasi J&J || Kolam Renang Kuningan,Kuningan,Wisata,5,Pas buat kluarga liburan nya ... Tapi sayang baru ada tusa aja untuk ngasih makan ternak nya untuk tempat bermain oke lah ...,2026-01-05T07:59:52.712Z,Ohans Abdulkohar,112385301605414084403,True,0,id,2026-05-04T16:53:27.455553
Ci9DQUlRQUNvZENodHljRjlvT2pKVlpWVmhNM05oVTJKcVZHMUdURFk1WkU5TVpWRRAB,ChIJEe_uMS0Zby4Rb5hBy4Pb5VA,Taman Rekreasi J&J || Kolam Renang Kuningan,Kuningan,Wisata,5,Tiket masuk sekarang berapa ea,2026-01-03T00:39:23.427Z,Cirebon Timur,112251855694202089871,False,0,id,2026-05-04T16:53:27.455561
ChdDSUhNMG9nS0VJQ0FnSUR6dzVPeGl3RRAB,ChIJGfJRd6EZby4RZk1CIFM2r38,Area Wisata Edukasi Dirgantara J & J,Kuningan,Wisata,5,Makanan nya lumayan enak tapi penuh banget pengunjung nya,2024-06-12T00:51:24.731Z,Yudin Wahyudin,115822860636463536933,True,0,id,2026-05-04T16:53:27.455570
ChZDSUhNMG9nS0VJQ0FnSUN6MmNxWUhBEAE,ChIJGfJRd6EZby4RZk1CIFM2r38,Area Wisata Edukasi Dirgantara J & J,Kuningan,Wisata,5,"Bisa naik ke pesawat dan ke helikopter. Ada mini zoo isinya domba, kelinci.dan bisa kasih makan hewannya. Ada resto juga buat makan2 dan poto2 pinggir sawah.",2024-06-03T09:19:01.585Z,Malan Rizki,110804911266240654925,True,0,id,2026-05-04T16:53:27.455585
ChZDSUhNMG9nS0VJQ0FnSURUdHJ1cFVBEAE,ChIJGfJRd6EZby4RZk1CIFM2r38,Area Wisata Edukasi Dirgantara J & J,Kuningan,Wisata,5,Tempat yg cocok. Buat. Anak2. Belajar mengenai pesawat,2024-05-24T13:52:21.317Z,Edy Jun,110788799063457308422,True,0,id,2026-05-04T16:53:27.455593
ChZDSUhNMG9nS0VJQ0FnSUNUX05maUFnEAE,ChIJGfJRd6EZby4RZk1CIFM2r38,Area Wisata Edukasi Dirgantara J & J,Kuningan,Wisata,5,Wisata untuk Anak2 mengenal pesawat dan heli. Murah meriah. Tiket masuk cuma 10k per orang. Udah bisa masuk ke pesawat n heli. Bisa masuk kokpit. Bonus bisa masuk mini zoo ada kelinci n kambing dan ikan. Ga nyesel jauh2 dari brebes ngajak anak ngenalin pesawat n heli. Parkiran luas. Kamar mandi bersih.,2024-05-12T10:56:40.772Z,Bayu Tri Laksono,104879021664900012730,True,0,id,2026-05-04T16:53:27.455604
ChZDSUhNMG9nS0VJQ0FnSUNEMVkybUtREAE,ChIJGfJRd6EZby4RZk1CIFM2r38,Area Wisata Edukasi Dirgantara J & J,Kuningan,Wisata,3,Tutup. Sayang banget.,2024-03-30T21:37:11.484Z,Iwan Sukirna,114503720133113498443,True,0,id,2026-05-04T16:53:27.455627
ChZDSUhNMG9nS0VJQ0FnSUROc3Z1TVB3EAE,ChIJGfJRd6EZby4RZk1CIFM2r38,Area Wisata Edukasi Dirgantara J & J,Kuningan,Wisata,5,"Kami Anak2 dari Paud KB Pelita Bandorasawetan Senang dan Seru banget  bermain karya wisata di J&J mulai dari edukasi pesawat terbang,ke kebun Sayuran , ke kebun tomat dan mengangkap ikan dan paling anak2 suka berenang terimakasih J&J",2024-01-21T09:43:38.228Z,Titi Rumsiti,105342138225504948632,True,0,id,2026-05-04T16:53:27.455650
ChZDSUhNMG9nS0VJQ0FnSUNONHVhSEdREAE,ChIJGfJRd6EZby4RZk1CIFM2r38,Area Wisata Edukasi Dirgantara J & J,Kuningan,Wisata,5,"Tempat wisata kumplit.Ada agro wisata,kolam renang + permainan anak dan taman dirgantara.Bagus untuk edukasi anak².Harga tiket murah banget.Pokoknya rekomendasi.",2024-01-13T06:00:50.784Z,Kang Didin,108730251825501873780,True,0,id,2026-05-04T16:53:27.455658
Ci9DQUlRQUNvZENodHljRjlvT2twNFJtaGlTaTFLWVc0MExVSnNZMDFDYm5oMmQwRRAB,ChIJEe_uMS0Zby4Rb5hBy4Pb5VA,Taman Rekreasi J&J || Kolam Renang Kuningan,Kuningan,Wisata,5,"Tempatnya bagus lumayan banyak kolamnya, ada satwa nya juga dan kolam iklan.",2026-01-02T06:49:37.005Z,Mohammad Mubin,108246219050290448732,True,0,id,2026-05-04T16:53:27.455666
Ci9DQUlRQUNvZENodHljRjlvT2psNFZuUTFUa3RXZW5wU016WTFVakZQV1VKcVpIYxAB,ChIJEe_uMS0Zby4Rb5hBy4Pb5VA,Taman Rekreasi J&J || Kolam Renang Kuningan,Kuningan,Wisata,5,Suka nya sama kolam renang ini. Tempat nya selalu bersih & karyawan nya selalu membersihkan sampah setiap saat..,2025-12-28T11:49:54.076Z,Yuli Rusnandar,107875678646330373324,True,0,id,2026-05-04T16:53:27.455675
Ci9DQUlRQUNvZENodHljRjlvT2xoTlNVa3haMWR5Y1hKV2NucFliMWxGY3pOZmNuYxAB,ChIJEe_uMS0Zby4Rb5hBy4Pb5VA,Taman Rekreasi J&J || Kolam Renang Kuningan,Kuningan,Wisata,5,Sekarang J&J gak kaya dulu bagus sekarang kayaknya gersang,2025-12-24T08:05:46.128Z,Malik Zhafran Al As'ad,103462290650614247584,False,0,id,2026-05-04T16:53:27.455683
Ci9DQUlRQUNvZENodHljRjlvT21Ob1NEaGxSR0ZSVFhkMWRFOVlZM3B3ZUd0WmEwRRAB,ChIJEe_uMS0Zby4Rb5hBy4Pb5VA,Taman Rekreasi J&J || Kolam Renang Kuningan,Kuningan,Wisata,3,good place but I prefer if their have a hot water,2025-12-18T11:25:42.871Z,Kharisma Tri Fajarwati,116244536575673411228,False,0,en,2026-05-04T16:53:27.455698
Ci9DQUlRQUNvZENodHljRjlvT21keU4yUktOSGRNZFhaVGQwOVZibWRSV1dGNVVtYxAB,ChIJEe_uMS0Zby4Rb5hBy4Pb5VA,Taman Rekreasi J&J || Kolam Renang Kuningan,Kuningan,Wisata,1,"Tiket masuk standar, ada mini zoo, naik kuda harganya masih standar, ehh ada jasa FG yg hasilnya bikin nangis bgt padahal pas diliat di kamera oke, hasilnya gambar pudar kaya banner makanan di jnj yg udh kepanasan setahun, PUDAR, MAHAL KALO UNTUK MOMENT HASILNYA BAGUS MASIH BISA DITERIMA, TAPI YG INI MAH BIKIN NGELUS DADA, alasannya foto di kandang kuda emg begitu cahayanya padahal kamerah HP Jernih bgt. Udah bayar yg hasil cetaknya jelek minta file aslinya harus bayar lagi.
Tolong ya FG diisi sama gen z yg lebih pro. Bukan cuma ngedit pake frame jnj resort gapenting bgt.",2025-12-17T10:38:39.689Z,Asri_,105247010389554909014,False,0,id,2026-05-04T16:53:27.455707
Ci9DQUlRQUNvZENodHljRjlvT25wTFdIUlBVRTE2YmtsQ1pYSnpNMUk1TW5Kd1NrRRAB,ChIJEe_uMS0Zby4Rb5hBy4Pb5VA,Taman Rekreasi J&J || Kolam Renang Kuningan,Kuningan,Wisata,5,"airnya dingin bgt, maybe karna baru pertama kali kesitu tp jujurly enakeun tempatnya",2025-12-16T23:07:44.103Z,Dineee`,116354592753842531843,True,0,id,2026-05-04T16:53:27.455715
Ci9DQUlRQUNvZENodHljRjlvT2xwYU9FdGphRGRyTW14WVNtWmhRUzFpVlc5M1pIYxAB,ChIJEe_uMS0Zby4Rb5hBy4Pb5VA,Taman Rekreasi J&J || Kolam Renang Kuningan,Kuningan,Wisata,5,"Suka sekali tempat nya,cocok untuk tempat liburan keluarga.Cocok untuk anak anak",2025-12-10T01:14:49.587Z,mom Shanum,108656549437960220582,False,0,id,2026-05-04T16:53:27.455727
Ci9DQUlRQUNvZENodHljRjlvT25Vd2VHRm1kWEp2VmpKMWJXZG5Sek56U0cxUU1HYxAB,ChIJEe_uMS0Zby4Rb5hBy4Pb5VA,Taman Rekreasi J&J || Kolam Renang Kuningan,Kuningan,Wisata,5,Nyaman  dan bersih serta banyak pilihan untuk bermain,2025-12-02T21:46:02.851Z,Muhamad Alfatih,104978365254964860008,True,0,id,2026-05-04T16:53:27.455756
Ci9DQUlRQUNvZENodHljRjlvT214Tlp6RjJTVWRpYzFkS2JHSkhSMDl3WDFaVWFrRRAB,ChIJB34_uPQhby4R787oA8n6Blw,Kebun Raya Kuningan,Kuningan,Wisata,5,"views nya bagus, sejuk ,ademm bgt pokoknya",2026-05-03T23:21:14.533Z,Ummi Syarif26,117525193936578303315,False,0,ms,2026-05-04T16:53:27.455764
Ci9DQUlRQUNvZENodHljRjlvT2tOMFVHbFFkazFVUWpacFVFUjFaVGRPUlZkSU1tYxAB,ChIJB34_uPQhby4R787oA8n6Blw,Kebun Raya Kuningan,Kuningan,Wisata,5,"""our best experience with Kuningan Botanical Gardens.""",2026-04-28T08:13:32.645Z,Juliannn,112498739359267441202,False,0,en,2026-05-04T16:53:27.455784
Ci9DQUlRQUNvZENodHljRjlvT25WcVVVSlZOekJWWkVVMlRHdHVNVXd6UmtGa2JXYxAB,ChIJB34_uPQhby4R787oA8n6Blw,Kebun Raya Kuningan,Kuningan,Wisata,5,"Suka ke sini karena deket 🥰🥰🥰 tempatnya enak, bagus, cocok buat piknik, bikin seger liat yang ijo ijo ea 😅🥰🫶",2026-04-24T05:58:52.069Z,Aidara,118085341237063499614,True,0,id,2026-05-04T16:53:27.455792
Ci9DQUlRQUNvZENodHljRjlvT25ZdGVWSjRPWEU1WHpWWU1YZFlhbVI1TlVoWU5sRRAB,ChIJB34_uPQhby4R787oA8n6Blw,Kebun Raya Kuningan,Kuningan,Wisata,5,"seruuu dan menyenangkan tentunya. lingkungannya masih asri, udara sejuk, ademm, nyaman untuk sekadar istirahat dari keramaian.",2026-04-18T07:59:00.044Z,Zakiya Tusholiha,111019407072572931663,False,0,id,2026-05-04T16:53:27.455808
Ci9DQUlRQUNvZENodHljRjlvT2s5NGNETlZNMkZTVlhKSGJFbHBORXRKTWxoc1QxRRAB,ChIJB34_uPQhby4R787oA8n6Blw,Kebun Raya Kuningan,Kuningan,Wisata,5,bagus bangettttt,2026-04-15T13:17:46.186Z,Andin Oktaviani19,106399342019531535381,False,0,id,2026-05-04T16:53:27.455816
Ci9DQUlRQUNvZENodHljRjlvT213NWVHNUlTa1pDWldGSVh6QmlOMm96WlVGV2NHYxAB,ChIJB34_uPQhby4R787oA8n6Blw,Kebun Raya Kuningan,Kuningan,Wisata,5,"One dah one review✨
Sumpaaaaa ini mah tiap sudut nya aesthetic bangettt. Htm 10rb itu sangat sangat murahh. Dateng pas cuaca mendung, terus turun hujan, afternyaaa sangat syahduuu, dapet senja juga padahal abis ujann. Best of the bestt🌼🌳✨",2026-04-14T00:01:23.638Z,Sya Naaa,104758644572911192992,True,0,id,2026-05-04T16:53:27.455844
Ci9DQUlRQUNvZENodHljRjlvT21OSVJHWnVNRU10WkRWSk1qRkNWV1pEYzNFelFsRRAB,ChIJB34_uPQhby4R787oA8n6Blw,Kebun Raya Kuningan,Kuningan,Wisata,5,"KEBUN RAYA KUNINGAN✨️
Seru banget ke sini! Tempatnya luas, adem, dan nyaman banget buat healing bareng pacar. Plus, banyak jajanan enak di sekitar, jadi makin betah lama-lama 😄",2026-04-07T12:36:37.587Z,HANIYAH# 1704,114031494330734589839,False,0,id,2026-05-04T16:53:27.455904
Ci9DQUlRQUNvZENodHljRjlvT2pOdGFXWnFUVEpIUldSek1UY3RTREpPZG10MGFVRRAB,ChIJB34_uPQhby4R787oA8n6Blw,Kebun Raya Kuningan,Kuningan,Wisata,2,"Emang jaga toilet ga di gaji ya?
Sampe2 dikejar2 org hbis buang air suruh bayar!!! Tengil pulang yg jaga nya,pecat aja lah",2026-04-04T07:16:45.429Z,Whandie Doank,114466102054777359744,False,0,ms,2026-05-04T16:53:27.455921
Ci9DQUlRQUNvZENodHljRjlvT2poM01rZ3pTMk5UVVZGdU9ISkhhRWx4Y0U1WFJFRRAB,ChIJB34_uPQhby4R787oA8n6Blw,Kebun Raya Kuningan,Kuningan,Wisata,5,pelayannya bagus tempatnya juga okelah unit nya lumayan bagus bagus,2026-04-01T11:34:04.448Z,Lucky Lucky,110095464916791949756,False,0,id,2026-05-04T16:53:27.455947
Ci9DQUlRQUNvZENodHljRjlvT2kwelkxRjJRalZoYzJaYVVVWjFZbVZYVFY5a1YyYxAB,ChIJVVVVVegZby4R8EB_RCKzO-Y,Montana Hotel Kuningan,Kuningan,Wisata,1,"Pesan 2 kamar , ternyata dua duanya tidak ada air panas, tidak sedia juga kettle air panas, bahkan gelas pun tidak, amenities diletakkan sembarangan, tv tidak nyala, di selokan kamar mandi banyak rambut dan puntung rokok, bak batthub nya ada residu sabun mandi, sepertinya tidak di bersihkan,   ragu masih baru atau bekas orang krn di bed bagian tengah spt habis di duduki. Nyesel ga baca reviews dulu, harga kamar murah tapi mending pindah aja ke hotel sekitarnya, nambah dikit gapapa deh. Resepsionis laki kurang ramah, seperti bicara dengan pekerja lapangan, kepada pihak manajemen hotel, apakah reviews dari customer ini pernah dibaca dan dianalisa?",2025-06-30T22:31:21.390Z,rumah ku,113165007770461130149,False,0,id,2026-05-04T16:53:27.455956
Ci9DQUlRQUNvZENodHljRjlvT2tST1FVUnJiRFUzV1ZFMFZYVllNREJTY1RaeU1IYxAB,ChIJVVVVVegZby4R8EB_RCKzO-Y,Montana Hotel Kuningan,Kuningan,Wisata,1,"satpamnya ga ramah sekali, pecat aja",2025-06-28T06:52:34.401Z,Haris Satu,112220227546419869992,False,0,id,2026-05-04T16:53:27.455965
ChdDSUhNMG9nS0VMaTg4SWlZM182T2hRRRAB,ChIJVVVVVegZby4R8EB_RCKzO-Y,Montana Hotel Kuningan,Kuningan,Wisata,2,"Ada beberapa hal gak enak yang saya alami saat kesini (btw ini yng ke 3 dan sangat kecewa)

1. Pintu kamar mandi rusak, Alhamdulillah bisa langsung dibenerin
2. Tidak dikasih handuk. Ini saya kecewa banget. Sudah say tanyakan ke resepsionis, beliau bilang ""akan dikirim di jam 5 sore"". Tp sampai  besok paginya belum juga dikasih
3. Stop kontak yang tidak bisa digunakan + penempatan yang lumayan kurang strategis

Mohon ulasannya ditanggapi agar orang lain tidak mengalami apa yang saya alami",2025-05-31T22:05:35.012Z,Rafi Al,102993295220182431168,False,0,id,2026-05-04T16:53:27.455989
ChZDSUhNMG9nS0VLM3RoYWk4NS03X1dREAE,ChIJVVVVVegZby4R8EB_RCKzO-Y,Montana Hotel Kuningan,Kuningan,Wisata,5,"Hotel termurah dengan kolam renang terbesar. Tidak dapat sarapan, kamar mandi ada air hangat, TV kamar 32“ hanya STB bukan android, tidak ada pemanas air minum. Kebersihan terbilang kurang tapi mengingat harganya yg murah jadinya imbang. Colokan listrik cuma 1. Pemandangan gunung Ciremai yg kelihatan hanya pagi hari jam 6.",2025-05-20T08:58:58.967Z,Ron Tob,114398696569302438996,True,0,id,2026-05-04T16:53:27.455998
ChdDSUhNMG9nS0VKSzB0TFNLaS1UNS13RRAB,ChIJVVVVVegZby4R8EB_RCKzO-Y,Montana Hotel Kuningan,Kuningan,Wisata,3,"Kamar & Harga tidak sesuai dengan foto di Map.
Ada bayar tambah dan harus dibayar ditempat bukan di kasir",2025-05-12T04:19:25.015Z,Mahmudin Shofa,116830229128542825326,False,0,id,2026-05-04T16:53:27.456007
ChZDSUhNMG9nS0VJQ0FnTUNvbnYzcVR3EAE,ChIJVVVVVegZby4R8EB_RCKzO-Y,Montana Hotel Kuningan,Kuningan,Wisata,5,"Pemandangan bagus, suasananya tenang, sejuk.",2025-04-17T07:07:02.485Z,Dickalkap,112676137681278707921,True,0,id,2026-05-04T16:53:27.456016
ChdDSUhNMG9nS0VJQ0FnTURJM1B2NG1RRRAB,ChIJVVVVVegZby4R8EB_RCKzO-Y,Montana Hotel Kuningan,Kuningan,Wisata,5,"it is a very comfortable place, good for vacations, having nice swimming pools with waterboom and also huge garden with amazing mount ciremai view",2025-04-08T05:11:18.158Z,kennjoys,101016394319724667711,False,0,en,2026-05-04T16:53:27.456038
ChZDSUhNMG9nS0VJQ0FnTUNJMklLU0F3EAE,ChIJVVVVVegZby4R8EB_RCKzO-Y,Montana Hotel Kuningan,Kuningan,Wisata,5,"Montana is such a beautiful hotel with a huge swimming pool for my adorable kids to swim in. Truly, This experience made me very happy and relaxed. I recommend this hotel for every one of you to stay in for the holidays!",2025-03-30T02:17:39.358Z,nicole ୨୧,107466407376724597080,False,0,en,2026-05-04T16:53:27.456046
Ci9DQUlRQUNvZENodHljRjlvT2xoSU1teEtWVWhUVFRoT2EySTJUV0ZQT1hBeVJHYxAB,ChIJB34_uPQhby4R787oA8n6Blw,Kebun Raya Kuningan,Kuningan,Wisata,5,"Lokasinya cukup enak dan tenang, ada ruang koleksi anggrek, laboratorium, kantin, taman, situ dan trek jalan kaki..tapi akses jalan ke lokasi cukup sulit, naik turun, terjal, jalan sempit lebih enak pakai motor..tiket masuk terjangkau..",2026-03-30T03:47:01.035Z,Yusa Inderapermana,109473528368434923072,True,0,id,2026-05-04T16:53:27.456058
Ci9DQUlRQUNvZENodHljRjlvT21jdFJtVXRPV0ZIYkhVd1l6UnNUWE5xUjJ4Q1QyYxAB,ChIJB34_uPQhby4R787oA8n6Blw,Kebun Raya Kuningan,Kuningan,Wisata,5,keren poll pokonya yang jaga tiket baik bangettt saya bintang 5 mantap pokoknya,2026-03-30T01:24:13.191Z,Awas ada Sule,104825277814510086428,False,0,id,2026-05-04T16:53:27.456067
Ci9DQUlRQUNvZENodHljRjlvT2xKRlozTkVUSEprWlVKYU1ucFVhVlJVVFY5S2NXYxAB,ChIJB34_uPQhby4R787oA8n6Blw,Kebun Raya Kuningan,Kuningan,Wisata,5,"lucu tempatnya, sukak😍. bagus buat foto foto, spot nya juga banyak",2026-03-23T13:53:22.441Z,Dara DamRam,114004001619581552445,False,0,id,2026-05-04T16:53:27.456096
Ci9DQUlRQUNvZENodHljRjlvT21oM05tSnFhRFpUY0haQ1F6VkpiMDVNUTNBeFZGRRAB,ChIJB34_uPQhby4R787oA8n6Blw,Kebun Raya Kuningan,Kuningan,Wisata,5,Tempat nyaman bagus dan adem asri,2026-03-21T00:20:41.535Z,Suwandri Wandri,116584251924454476805,False,0,id,2026-05-04T16:53:27.456104
Ci9DQUlRQUNvZENodHljRjlvT2taeU5rRkpURTgwU1ZKb2JISXhkR2t5Y1daVFZGRRAB,ChIJB34_uPQhby4R787oA8n6Blw,Kebun Raya Kuningan,Kuningan,Wisata,5,Ramah bikin tenang d hati,2026-03-07T15:32:15.686Z,Lisna Wati,104649158680247211756,False,0,id,2026-05-04T16:53:27.456112
Ci9DQUlRQUNvZENodHljRjlvT2pWS2VESkNWMXBKY21sd2FVbDJaM0pFYzBZNVdsRRAB,ChIJB34_uPQhby4R787oA8n6Blw,Kebun Raya Kuningan,Kuningan,Wisata,2,"Tempatnya kurang banyak yang bisa di nikmati, kalau ada beberapa jenis hewan bagus seperti kebun binatang mini",2026-02-16T10:38:22.545Z,Idin Rohidin,100384704437513936461,True,0,id,2026-05-04T16:53:27.456149
Ci9DQUlRQUNvZENodHljRjlvT25SdE5rUmFka2hrT0VndFdGa3RNbU5yT0c5Q1FXYxAB,ChIJB34_uPQhby4R787oA8n6Blw,Kebun Raya Kuningan,Kuningan,Wisata,5,"tempat ini punya kenangan, dan kisah nya pada masanya. Ada cerita sebelum pisah 2 Benua",2026-02-14T13:17:25.774Z,Siti Nur Azizah (Zizi),109751953265616285630,True,0,id,2026-05-04T16:53:27.456157
Ci9DQUlRQUNvZENodHljRjlvT2kxQmMzRkhaVFprTm1oalJuYzROMWhtZVcxNVJWRRAB,ChIJB34_uPQhby4R787oA8n6Blw,Kebun Raya Kuningan,Kuningan,Wisata,5,"Dateng kesan pas lagi hujannn, tapi Alhamdulillah sempat terang dan bagus banget view nyaa, ngga nyesel sii jauh jauh dateng ke kebun raya Kuningan.🤗
Cobain deh minimal sekali seumur hidup main kesini yaaw📸
Judulnya 'Kuningan after rain'🌦️🌄",2026-02-08T02:43:35.043Z,Lubna Laeli,111986124020691960859,True,0,id,2026-05-04T16:53:27.456165
Ci9DQUlRQUNvZENodHljRjlvT2tZNGRFNW5hMmRmWVZoSE9WOWhhV2xqU1ZCTGExRRAB,ChIJB34_uPQhby4R787oA8n6Blw,Kebun Raya Kuningan,Kuningan,Wisata,5,bahagia bangett🥺🥺🤍,2026-02-03T03:28:12.495Z,Ichaa Maulida,105119052986419869515,True,0,id,2026-05-04T16:53:27.456181
Ci9DQUlRQUNvZENodHljRjlvT21WMk5GUnZTbGQzUzJ4emIzYzNVRFJsY1VoR1JVRRAB,ChIJB34_uPQhby4R787oA8n6Blw,Kebun Raya Kuningan,Kuningan,Wisata,5,"Surga tersembunyi di wilayah bobos,  pada benghar pasawahan san sekitarnya",2026-01-27T05:47:27.074Z,PKS Lengkong,117982204506009499059,True,0,id,2026-05-04T16:53:27.456189
Ci9DQUlRQUNvZENodHljRjlvT2xabFoyMDFSR1p4WHpGaFVqbHFYM0pUVVVkdGVFRRAB,ChIJB34_uPQhby4R787oA8n6Blw,Kebun Raya Kuningan,Kuningan,Wisata,5,"Tempat luas, banyak spot foto yg bagus, cocok buat piknik.
Dateng kesini pas cuaca mendung",2026-01-19T06:08:30.611Z,yeppi6xSkz,109358432234466857326,True,0,id,2026-05-04T16:53:27.456207
Ci9DQUlRQUNvZENodHljRjlvT2tjMVRUUnpiMHR4Y1Zad2VubHNlRkpMVkVwblZGRRAB,ChIJB34_uPQhby4R787oA8n6Blw,Kebun Raya Kuningan,Kuningan,Wisata,5,Oke bagus dan luas,2026-01-16T17:03:45.069Z,Hari Rifandi,102763216269459725677,False,0,id,2026-05-04T16:53:27.456215
Ci9DQUlRQUNvZENodHljRjlvT21OUWFGVktUVWRPUTNrek5tNVNjMVJaYUZkc1MxRRAB,ChIJB34_uPQhby4R787oA8n6Blw,Kebun Raya Kuningan,Kuningan,Wisata,5,"Kebun Raya Kuningan sangat nyaman dan menenangkan. Suasana sejuk, hijau, dan tertata rapi. Cocok untuk wisata keluarga, pelajar, maupun kegiatan edukasi alam. Udara segar khas kaki Gunung Ciremai, fasilitas cukup baik, dan harga tiket terjangkau. Datang pagi lebih terasa nikmat. Sangat direkomendasikan.",2025-12-27T05:12:01.401Z,PKBM Ar Raudhah,112478576618714211768,False,0,id,2026-05-04T16:53:27.456268
Ci9DQUlRQUNvZENodHljRjlvT201TVkyZzRWa2RmY3kwMVRESkthbE5pWTNOTVNsRRAB,ChIJB34_uPQhby4R787oA8n6Blw,Kebun Raya Kuningan,Kuningan,Wisata,5,ademm view nya cantik,2025-12-24T01:02:03.264Z,dinda2826,118348225073650635098,False,0,id,2026-05-04T16:53:27.456277
Ci9DQUlRQUNvZENodHljRjlvT21oaGFrVlpNa2hCTkdWbVZFUnlTR0pOTnpsMVFsRRAB,ChIJN3VyRIM9by4Rau3eD7B4Fw8,Obyek Daya Tarik Wisata Alam Tenjo Laut,Kuningan,Wisata,5,"Overall bagus disini, terawat dan adem. Tiket masuk juga masih relatif murah. Tinggal nyobain untuk camping disini. Insya Allah next.",2026-05-04T09:22:22.176Z,Heru Pramono,105867370728032924282,True,0,id,2026-05-04T16:53:27.456314
Ci9DQUlRQUNvZENodHljRjlvT25jMFQweENWbkZUVEV0bVNFbFdkMkpHVm5samNuYxAB,ChIJN3VyRIM9by4Rau3eD7B4Fw8,Obyek Daya Tarik Wisata Alam Tenjo Laut,Kuningan,Wisata,5,Tempat ya enak tenang buat kempaing,2026-05-03T03:14:27.730Z,Roni cahblanKan,102451391376858323982,True,0,id,2026-05-04T16:53:27.456328
ChZDSUhNMG9nS0VJQ0FnSUNlOU1iZ2RBEAE,ChIJN3VyRIM9by4Rau3eD7B4Fw8,Obyek Daya Tarik Wisata Alam Tenjo Laut,Kuningan,Wisata,5,"Tempat nge camp favorit sama keluarga ini mah.. Masuknya juga murah bangeet, tempatnya luas.. Klo malem dingiin banget, mushola, toilet bersih..",2026-04-26T07:39:50.441Z,Riska Daulika,106065406197305989779,True,0,id,2026-05-04T16:53:27.456345
Ci9DQUlRQUNvZENodHljRjlvT2pWalprOXhRbEpCUjNkYUxVOWFTa2N6T0hGclltYxAB,ChIJN3VyRIM9by4Rau3eD7B4Fw8,Obyek Daya Tarik Wisata Alam Tenjo Laut,Kuningan,Wisata,5,Pemandangannya indah,2026-04-22T14:37:47.240Z,dow Fan,112766347963494528728,False,0,id,2026-05-04T16:53:27.456361
Ci9DQUlRQUNvZENodHljRjlvT200M09GcHVVRGQ2VFhGd09UTlBUMEowYnpCd09YYxAB,ChIJN3VyRIM9by4Rau3eD7B4Fw8,Obyek Daya Tarik Wisata Alam Tenjo Laut,Kuningan,Wisata,5,"Dikira tenjo laut beneran laut..
Ternyata waduk darma.. Secara lebih dekat ke laut cirebon daripada ke laut Selatan pangandaran.. Itu hanya waduk darma.. Nama tenjo laut sebenarnya kurang tepat.. Mungkin supaya lebih indah didengar.. Daripada tenjo waduk atau tenjo darma...",2026-04-06T19:04:59.042Z,Mobile Legend,103945909763341246699,False,0,id,2026-05-04T16:53:27.456375
Ci9DQUlRQUNvZENodHljRjlvT2pkRWNVOHlTekpxWlc5MFpsUjNValpvVHpOdVpsRRAB,ChIJN3VyRIM9by4Rau3eD7B4Fw8,Obyek Daya Tarik Wisata Alam Tenjo Laut,Kuningan,Wisata,5,1 jalur dengan ipukan  . . .di daerah kuningan palutungan yes . . . . Banyak kafe juga di mari  . . .,2026-03-24T05:49:34.991Z,Willy Dhani,103741782872468393372,True,0,id,2026-05-04T16:53:27.456399
Ci9DQUlRQUNvZENodHljRjlvT2s5dVZrMUhhWGRWUTNCclZYSXRhMjFTVW5sdVExRRAB,ChIJN3VyRIM9by4Rau3eD7B4Fw8,Obyek Daya Tarik Wisata Alam Tenjo Laut,Kuningan,Wisata,5,Cukup bagus untuk pemula yang baru ke alam,2026-02-18T22:23:26.566Z,Adhi Affanul Hakim,100014595582309927385,True,0,id,2026-05-04T16:53:27.456407
Ci9DQUlRQUNvZENodHljRjlvT2w5UldtcFRkbkZxUkdOVWFsRnpTbTU0Tm5jemFHYxAB,ChIJN3VyRIM9by4Rau3eD7B4Fw8,Obyek Daya Tarik Wisata Alam Tenjo Laut,Kuningan,Wisata,5,"Tempat camping yang nyaman. Sangat cocok camping bersama keluarga karna bisa parkir mobil samping tenda, penerangan area cukup, bayak colokan listrik, toilet banyak, area cukup luas. Viewnya pun bagus",2026-02-03T02:55:24.922Z,Ega Nadya Putra,108272475077718980609,True,0,id,2026-05-04T16:53:27.456416
Ci9DQUlRQUNvZENodHljRjlvT21ObFIyRlRMVUZRUlVkUE1IZEZVMFF5WjBkdk5HYxAB,ChIJN3VyRIM9by4Rau3eD7B4Fw8,Obyek Daya Tarik Wisata Alam Tenjo Laut,Kuningan,Wisata,5,Bagus buat camp apalagi ada city lights tapi menurut aku jangan di area atas knp? Dingin bgt weh,2026-02-01T22:40:07.198Z,Muhammad Rasyid Ridho,109990409214334092462,False,0,id,2026-05-04T16:53:27.456423
Ci9DQUlRQUNvZENodHljRjlvT25OM2JqQmpOMDFuTFhwdmFrNUdYMFZFTmpaRWQwRRAB,ChIJN3VyRIM9by4Rau3eD7B4Fw8,Obyek Daya Tarik Wisata Alam Tenjo Laut,Kuningan,Wisata,5,"Namanya tenjo laut (bhs sunda),di indonesiakan ,tenjo=lihat,laut=laut,sebenarnya yg kita lihat bukan laut,tetapi waduk darma dari kejauhan (ketinggian bukit),cocok buat org2 yg ingin santai sambil ngopi2 dan nikmati hawa pegunungan,udara segar,akses jalan menuju lokasi tidak terlalu lebar,jd jika kita berpapasan dgn mobil g berlawanan atah,salah 1 mbl harus ngalah.untuk jalan mulus.Sayangnya tidak sempat mendokumentasikan pemandangan sekitar,krn keburu hujan 😃😃",2026-01-09T18:34:21.909Z,Triska,113770337802549692748,True,0,id,2026-05-04T16:53:27.456452
Ci9DQUlRQUNvZENodHljRjlvT2kwdFNtNHlZVzVUYkRJd1lUQnRjMUpWTTFBNGExRRAB,ChIJN3VyRIM9by4Rau3eD7B4Fw8,Obyek Daya Tarik Wisata Alam Tenjo Laut,Kuningan,Wisata,5,"Alam yang indah, keren, dan benar-benar bisa membuat fresh",2026-01-07T11:11:11.789Z,moh yasykur (basquy),108060890916284993682,True,0,id,2026-05-04T16:53:27.456466
Ci9DQUlRQUNvZENodHljRjlvT25kUlVVTm1kRUZXVVZnNWVUVjJka0ZCU0ZGT1ZXYxAB,ChIJN3VyRIM9by4Rau3eD7B4Fw8,Obyek Daya Tarik Wisata Alam Tenjo Laut,Kuningan,Wisata,5,Tempat 6g indah,2025-12-30T07:28:39.636Z,Abud Nadzir,108304843334957089769,True,0,id,2026-05-04T16:53:27.456474
Ci9DQUlRQUNvZENodHljRjlvT21oU05ISlBabGx4TFhrd1NVaDJRVTVUTkc1WGFVRRAB,ChIJN3VyRIM9by4Rau3eD7B4Fw8,Obyek Daya Tarik Wisata Alam Tenjo Laut,Kuningan,Wisata,3,"Gak di urus, maaf kamar mandinya kotor",2025-12-06T08:17:45.194Z,Sarifah Sarifah,114041568396748215073,False,0,id,2026-05-04T16:53:27.456496
Ci9DQUlRQUNvZENodHljRjlvT2pSaVYwUlJkVUk1Y1c5c2RVaExWM2huZFRZMlZIYxAB,ChIJN3VyRIM9by4Rau3eD7B4Fw8,Obyek Daya Tarik Wisata Alam Tenjo Laut,Kuningan,Wisata,5,Tempat dan view panorama nya bagus banget...,2025-10-26T15:27:00.301Z,Ade Sofyan,117125345706271736882,False,0,id,2026-05-04T16:53:27.456517
Ci9DQUlRQUNvZENodHljRjlvT25WbmFUVllhWGxvU25ZNU5EQnpRbGRVUXpKUVpIYxAB,ChIJN3VyRIM9by4Rau3eD7B4Fw8,Obyek Daya Tarik Wisata Alam Tenjo Laut,Kuningan,Wisata,1,"tempat bagus padahal,cuma disini parah banget kaya hajatan perang soundsystem
dari pihak pengelola juga gda ketegasan buat aturan pemakaian sound.
harusnya cukup di dengarkan sendiri aja dan itupun di batasi waktunya.tujuan kita camping kan butuh ketenangan,bukan kebisingan",2025-10-11T17:30:54.082Z,Joe Nabira,114437117614216321221,False,0,id,2026-05-04T16:53:27.456532
Ci9DQUlRQUNvZENodHljRjlvT214b1FqSjBXRzFzZEhoT1pWWjBha2xrTWt4R00wRRAB,ChIJN3VyRIM9by4Rau3eD7B4Fw8,Obyek Daya Tarik Wisata Alam Tenjo Laut,Kuningan,Wisata,5,"Sangat asyik jika camp di bawah,cuman syng skrng ada cafe lokasi di bawah jd tempat camp ground atau buat campervan terbatas..gk kaya dulu Tenjo laut nya.. Karena sy camp di Tenjo laut dulu paling sering camp..mau weekdays atau weekend sampai pengelola dulu pada tau sama sy😁saking sering nya camp di Tenjo laut",2025-10-10T12:57:01.969Z,Die Daf,114034120056048214970,True,0,id,2026-05-04T16:53:27.456543
Ci9DQUlRQUNvZENodHljRjlvT21acWJVaEdOVkpoY1RZME9EZFpXVVl3ZEMxNGFrRRAB,ChIJN3VyRIM9by4Rau3eD7B4Fw8,Obyek Daya Tarik Wisata Alam Tenjo Laut,Kuningan,Wisata,5,"Semua yang ada di sana ok, TPI penunggu nya aja yg GK bisa di ajak kerja sama, temen"" saya banyak yang kesurupan 😭",2025-10-06T03:01:58.696Z,Fajar Kayen,110187478736618394216,False,0,id,2026-05-04T16:53:27.456558
Ci9DQUlRQUNvZENodHljRjlvT21GdFFsSjZkRmhXT0hOTWRtZzVSRmRpUTNwWlNYYxAB,ChIJN3VyRIM9by4Rau3eD7B4Fw8,Obyek Daya Tarik Wisata Alam Tenjo Laut,Kuningan,Wisata,5,Ok lah u camping,2025-09-20T11:03:30.009Z,Josman Mathias Resfianto (josmanlily),109929937311129989137,True,0,en,2026-05-04T16:53:27.456573
Ci9DQUlRQUNvZENodHljRjlvT205d1IxOUtOMll6T1dsV2JUaHRORkIyUjFWUFkxRRAB,ChIJN3VyRIM9by4Rau3eD7B4Fw8,Obyek Daya Tarik Wisata Alam Tenjo Laut,Kuningan,Wisata,5,"Melepas penat.
Tidak terlalu ramai.
Cocok untuk family time.
Sejuk segar pegunungan.
Hujan menambah syahdu.",2025-09-08T02:55:54.532Z,Hasan Smart,113629059567567661645,True,0,ms,2026-05-04T16:53:27.456587
Ci9DQUlRQUNvZENodHljRjlvT2pGaFNFUnROamxaV0hWSk5DMXhkMDlZV0RBdFduYxAB,ChIJN3VyRIM9by4Rau3eD7B4Fw8,Obyek Daya Tarik Wisata Alam Tenjo Laut,Kuningan,Wisata,4,Mantap ada masjidnya ada listrik juga,2025-08-23T15:53:43.176Z,lakeisha azzaura verda,101428564680942401335,False,0,id,2026-05-04T16:53:27.456601
Ci9DQUlRQUNvZENodHljRjlvT2poTmMycGxjbWRaYWtkRmRVZ3llR2t0VTFaS1NrRRAB,ChIJN3VyRIM9by4Rau3eD7B4Fw8,Obyek Daya Tarik Wisata Alam Tenjo Laut,Kuningan,Wisata,3,Cocok untuk refreshing,2025-08-06T08:45:18.984Z,Endi Suhendi,109102597428974788213,True,0,id,2026-05-04T16:53:27.456616
Ci9DQUlRQUNvZENodHljRjlvT2pnNFIwOW1aRUZqVFVZeFJWaExRbEpJTkVOT1VuYxAB,ChIJ6xZylMAXby4RbqnY8_c-Fe0,Sukageuri view,Kuningan,Wisata,5,Senang aja bisa liat pemandangan ga perlu k puncak gunung. Jadi bisa ajak anak buat ngecamp. Cuma mnta tolong sama petugas sukageuri tuk memperingatkan ke pengunjung dilarang bawa speaker besar. Karna pengunjung terganggu pengen nikmati alam malah denger suara speaker sember,2026-04-27T12:10:55.287Z,Hani,101402497006757124170,False,0,id,2026-05-04T16:53:27.456645
Ci9DQUlRQUNvZENodHljRjlvT2w5UGVEZHZTa3RZT1cwd2QyRkNSM1ZoWkhkc1puYxAB,ChIJ6xZylMAXby4RbqnY8_c-Fe0,Sukageuri view,Kuningan,Wisata,5,"Tempat camping ramah keluarga, dekat dari parkiran, parkiran juga luas. Fasilitas lengkap, mulai dari musola, toilet, taman bermain, kantin, dsb. HTM 15k untuk dewasa, 5k untuk anak-anak, sudah termasuk parkir. Cocok buat nikmatin sunrise.",2026-04-26T12:14:50.467Z,Arif Hidayat,113413694180420943845,True,0,id,2026-05-04T16:53:27.456654
Ci9DQUlRQUNvZENodHljRjlvT2tGcFlUZFllVWxpVDFGRmNsSXdjRzA0VkUxZlZuYxAB,ChIJ6xZylMAXby4RbqnY8_c-Fe0,Sukageuri view,Kuningan,Wisata,1,"25 - 26 april 2026.
Lg cam d sni ad yg bawa salon dan nyala sampe jam 12 lebih tapi g ad teguran sma skali, seharus ny ad batasan pasang alat musik stidak nya sampai jam 12 malam, dan d larang brisik juga karna waktu nya orang istrahat. Lagipula orang cam it unt cari ktenangan, in mlah ad gangguan dan d biarkan saja.
Seharus nya d bikin aturan biar pda g seenaknya aj. Jd kapok cam d sni meskipun murah tiket masuk nya.",2026-04-25T17:23:08.514Z,Hairul Hidayat,102079348062010745287,True,0,id,2026-05-04T16:53:27.456663
Ci9DQUlRQUNvZENodHljRjlvT2tjeVFrZzBUa05IY1d4S2NVMTNjVXBtZHpsV2NXYxAB,ChIJ6xZylMAXby4RbqnY8_c-Fe0,Sukageuri view,Kuningan,Wisata,5,"Tempat ok bagt
Ada saran buat pengelola, tertibkan pengunjung yg klo camping pada berisik maen karokean. Ini tempat buat nyari ketenangan bukan diskotik",2026-04-22T14:16:47.107Z,Andry Idm,103967937737868597400,True,0,id,2026-05-04T16:53:27.456674
Ci9DQUlRQUNvZENodHljRjlvT2twRU0wZFBhRzV1UzNkSE1HdHFSV000V1VrdFQxRRAB,ChIJ6xZylMAXby4RbqnY8_c-Fe0,Sukageuri view,Kuningan,Wisata,5,Indah sejuk mantap 😍❤❤❤,2026-04-07T02:45:07.380Z,Prayitno Abdurochman Duryat,116466095749692905571,True,0,ms,2026-05-04T16:53:27.456710
Ci9DQUlRQUNvZENodHljRjlvT21abVIwdHJNVXgyVEdvMmVGbHpjemhMVjFBNWJIYxAB,ChIJ6xZylMAXby4RbqnY8_c-Fe0,Sukageuri view,Kuningan,Wisata,5,Pemandangan 360°-nya yang memukau,2026-02-25T08:10:06.643Z,DSP Group Channel,110678282928057593031,True,0,id,2026-05-04T16:53:27.456755
Ci9DQUlRQUNvZENodHljRjlvT2pkcWIyZFJjMnhTYWtWRlRIWlpaRGh2TFZKR1pFRRAB,ChIJ6xZylMAXby4RbqnY8_c-Fe0,Sukageuri view,Kuningan,Wisata,3,Cocok buat bawa keluarga tadabur alam,2026-02-15T00:22:08.375Z,6bln 4bln,111264019790247407919,False,0,id,2026-05-04T16:53:27.456771
Ci9DQUlRQUNvZENodHljRjlvT25VeVl6ZHdVRzV4TVhSbFdrWjNNbE5EYUZRMU1IYxAB,ChIJN3VyRIM9by4Rau3eD7B4Fw8,Obyek Daya Tarik Wisata Alam Tenjo Laut,Kuningan,Wisata,5,"View indah dari atas gunung
Dingin angin kencang dan kabut
Suara alam yang indah",2025-06-29T01:35:52.631Z,Anadi Sakina,104940691131801471997,True,0,id,2026-05-04T16:53:27.456796
Ci9DQUlRQUNvZENodHljRjlvT210SFFVUmFiV0ZYUVZwQ1JFMXBlVE54UWpRdGJuYxAB,ChIJN3VyRIM9by4Rau3eD7B4Fw8,Obyek Daya Tarik Wisata Alam Tenjo Laut,Kuningan,Wisata,5,Tiket masuknya murah meriah. Viewnya bagus. Suasananya alami dan asri. Bikin betah.,2025-06-24T11:44:25.446Z,Momyfa,110736881118985351884,True,0,id,2026-05-04T16:53:27.456807
Ci9DQUlRQUNvZENodHljRjlvT2pGMVlVeG1kMlIwWjFaVVoxcE5SRVp1VFhGdmNuYxAB,ChIJN3VyRIM9by4Rau3eD7B4Fw8,Obyek Daya Tarik Wisata Alam Tenjo Laut,Kuningan,Wisata,5,"Jalanannya masih bisa dilewati mobil kecil, tanjakan tdk terlalu curam dan cukup baik kondisi jalanannya. Harga sewa cabin agak mahal tp sprei bed cover dan gordynnya wangi. Ga kapok ksna..",2025-06-17T08:56:36.464Z,indria Pujia,115277422927571934813,True,0,id,2026-05-04T16:53:27.456816
Ci9DQUlRQUNvZENodHljRjlvT21oZmFVVmZXbHBJVUVSbFprWnVibnBuUlZodlpIYxAB,ChIJN3VyRIM9by4Rau3eD7B4Fw8,Obyek Daya Tarik Wisata Alam Tenjo Laut,Kuningan,Wisata,5,"Camping di sini, viewnya amazing:  hamparan kota Kuningan dan waduk darma. Petugas ramah dan membantu sekali.
HTM 20k / orang, parkir mobil 10k.
suhu sejuk, cenderung dingin Krn angin semilir.
Recommended buat camping keluarga.",2025-06-07T00:48:22.693Z,firman bebyn hidayat,116141635196379123765,True,0,id,2026-05-04T16:53:27.456857
ChdDSUhNMG9nS0VJQ0FnSURSbXNIVy13RRAB,ChIJN3VyRIM9by4Rau3eD7B4Fw8,Obyek Daya Tarik Wisata Alam Tenjo Laut,Kuningan,Wisata,4,Hanya tempat camping dan tempat foto2,2025-05-20T06:26:04.159Z,Mamas Video Hits,118187671136857313999,True,0,id,2026-05-04T16:53:27.456872
Ci9DQUlRQUNvZENodHljRjlvT2pSU2NuVkhWbnBqYUhOTWF6TkdielI1UjNkaVgxRRAB,ChIJn2hCRysWby4Rmx7x9VqlK6w,Buper Ipukan,Kuningan,Wisata,5,Bakal jadi tempat camp favorit sih,2026-04-20T14:24:09.578Z,Tety Yuniarti,116602930833328640693,False,0,id,2026-05-04T16:53:27.456915
Ci9DQUlRQUNvZENodHljRjlvT2pKUFlVUndkM3BPTWpKMlpXdDRVVlpmVm5RMlkxRRAB,ChIJn2hCRysWby4Rmx7x9VqlK6w,Buper Ipukan,Kuningan,Wisata,5,Tidak diragukan lage,2026-04-07T22:49:46.222Z,Tresss,104628794080274337883,False,0,id,2026-05-04T16:53:27.456932
ChdDSUhNMG9nS0VJQ0FnSUMxcjdMVTNnRRAB,ChIJn2hCRysWby4Rmx7x9VqlK6w,Buper Ipukan,Kuningan,Wisata,5,"Bagus untuk tempatnya, bersih,nyaman, dan rapi , untuk foto"" mau pun camping lumayan enak, itu aja sih 😊👍",2026-03-28T19:41:35.191Z,Deni syaputra Denni,109298606032334129224,False,0,id,2026-05-04T16:53:27.456955
Ci9DQUlRQUNvZENodHljRjlvT2pWcWRHVm1NbWMzY1ZrMFNqbENaRTVvTjJweVlWRRAB,ChIJn2hCRysWby4Rmx7x9VqlK6w,Buper Ipukan,Kuningan,Wisata,5,"The view is very beautiful, but the path is a bit slippery at the bottom of the stairs (when you want to get to the waterfall). But that's okay, the view of the waterfall is really beautiful. There are lots of photo spots.",2026-03-27T05:43:44.875Z,Penapellii,109822028570716594177,False,0,en,2026-05-04T16:53:27.456964
Ci9DQUlRQUNvZENodHljRjlvT20xQ00yY3hORUpQVkV0SlVrcEtNbXhvV0ZsbFdVRRAB,ChIJn2hCRysWby4Rmx7x9VqlK6w,Buper Ipukan,Kuningan,Wisata,5,Wkwkwwkwk .  ..  .buper ipukan lumayan dah buat camping pemula dan kluarga sangat ramah di kantong 🤩🤩🤩🤩🤩,2026-03-24T05:46:52.084Z,Willy Dhani,103741782872468393372,True,0,id,2026-05-04T16:53:27.456974
Ci9DQUlRQUNvZENodHljRjlvT2pKS1J6VnZhVlpPWTFCeFJFSndTRUoxVTBWb05sRRAB,ChIJn2hCRysWby4Rmx7x9VqlK6w,Buper Ipukan,Kuningan,Wisata,5,"Suasananya enak adem, aman untuk anak-anak juga, Cocok untuk berlibur akhir pekan
Buat yg mau ke curug cisurian hati2 banyak batu yg berlumut, dan yg mau ke curug payung tidak rekom untuk anak-anak, udah bayar 5000 medannya curam dan licin banget.
BUAT PENGELOLA MOHON TERTIBKAN/BATASI SUARA BISING DARI SOUND DAN ALAT MUSIK LAINNYA KETIKA MALAM HARI, KITA KE IPUKAN INGIN MENIKMATI SUASANA ALAM.",2026-01-11T10:11:04.779Z,Tarmani Tomie,108326542616791001116,True,0,id,2026-05-04T16:53:27.457040
Ci9DQUlRQUNvZENodHljRjlvT2xkWk5FaG1TRUpOVW5FMFkxWnVPUzFMVWsxWE1uYxAB,ChIJn2hCRysWby4Rmx7x9VqlK6w,Buper Ipukan,Kuningan,Wisata,5,"Sejuk,seru, sudah lama tidak kesana jadi pegel deh nih kaki nafasnya juga lumayan ☺️🤭🤭naik turun bukit .
Bantal kecil warna biru ku hilang terakhir dipakai untuk alas ayunan",2026-01-07T22:44:00.090Z,erna erlytawati (Myta),112027328153154831275,True,0,id,2026-05-04T16:53:27.457055
Ci9DQUlRQUNvZENodHljRjlvT2tRMFMzWjNObk5yYlhsbU9YSlJNRmxSYVcxVk1XYxAB,ChIJn2hCRysWby4Rmx7x9VqlK6w,Buper Ipukan,Kuningan,Wisata,3,"Tempat nya bagus, indah, tapi sayang banget ada manusia ga kenal waktu nyanyi nyanyi Ampe tengah malem, merusak ketenangan malam, mohon ini pengelolanya bisa lain kali di sediakan area khusus untuk mereka mereka yang suka nyanyi, mana saya bawa anak usia 10 tahun.",2025-12-26T17:00:06.664Z,Drs. Tarima,106449160715406889258,False,0,id,2026-05-04T16:53:27.457064
Ci9DQUlRQUNvZENodHljRjlvT2s5U1EyMWFZVjh0UzJoVFQzbDJkREpZVWtoMVpFRRAB,ChIJn2hCRysWby4Rmx7x9VqlK6w,Buper Ipukan,Kuningan,Wisata,5,"Area khusus berkemah cocok untuk semua kalangan, tiket murah, harga sewa peralatan berkemah cukup terjangkau.

Jangan lupa untuk tidak buang sampah sembarangan dan jangan lupa untuk membersihkan area sekitar kemah jika hendak pulang...",2025-10-29T13:06:50.170Z,Dimas Herlambang,113434908458554801676,True,0,id,2026-05-04T16:53:27.457119
Ci9DQUlRQUNvZENodHljRjlvT21ONGVIQk9Za1p0TldwQ2ExZDViR0pJVFV0VWNXYxAB,ChIJn2hCRysWby4Rmx7x9VqlK6w,Buper Ipukan,Kuningan,Wisata,3,"Harga masuk ke bumi perkemahan ini cukup murah 25rb / orang, anak2 usia dibawah 10rb tidak dihitung. Jalan menuju kesana nya bagus, cuman dari mulai pintu masuk ke buper nya agak rusak tapi its oke msh dalam batas wajar. Ada 3 tempat disini, starcamp, camp d lapang yang bisa masuk mobil, dan area atas camp dari parkir mobil sekitar 300m. Untuk starcamp dan campervan  view nya ke gunung dan lembah. Kalo untuk area atas view nya city light, cuman agak PR kalo bawa tenda dan peralatan lainnya sendiri jalan nya lumayan 100m dan menanjak. Area toilet dan mushola berada di dekat parkiran dan dekat dengan warung-warung. Kebersihan di tempat ini kurang sekali, ketika saya kesana terdapat sampar berceceran dimana2 seperti tidak ada petugas yang membersihkan. Tempat sampah pun tidak terlihat disediakan tiap sudut nya. Toilet pun sangat kurang bersih, bisa dibilang kurang layak krna tempat nya kecil dan air dari toilet nya kebuang nya keluar dekat pintu masuk toilet nya sehingga becek, dan gelap juga wc meskipun ketika malam ada lampu dinyalakan. Jd membuat pengunjung enggan ke toilet apalagi mandi. Ketika saya kesana kebetulan berbarengan dengan camp anak smp dan ada gathering suatu perusahaan, sehingga tempat camping nya berisik sekali. Yg bikin gk nyaman karna gathering suatu perusahaan itu mengadakan karaokean dari pertama saya datang sekitar jm 3an smpe malam jm 11an. Dan ketika pagi pun sekitar jm 6 mereka sudah ready kembali karaokean. Niat kita mau healing menepi dari keramaian kota, eh disini dpet keramaian. Saran untuk pengelola ada jam tenang nya dari mulai jm8an. Supaya yang camping benar-benar menikmati suasana alam nya.",2025-10-19T15:27:04.932Z,Wita Sari,110340373309980327693,True,0,id,2026-05-04T16:53:27.457141
Ci9DQUlRQUNvZENodHljRjlvT25WVmFqRkthakV3UjB0bGRVaFJYMmxEZGpGalVVRRAB,ChIJn2hCRysWby4Rmx7x9VqlK6w,Buper Ipukan,Kuningan,Wisata,5,"Suasananya berasa camping di gunung, penuh kabuttt dingin enakkk",2025-10-11T01:42:00.353Z,Athifah NF,117169904578581984715,True,0,id,2026-05-04T16:53:27.457159
Ci9DQUlRQUNvZENodHljRjlvT201M1RtWXdiM052TTBSSFdsOHpUbGhyVDBaSk1XYxAB,ChIJn2hCRysWby4Rmx7x9VqlK6w,Buper Ipukan,Kuningan,Wisata,5,Toiletnya aga bau,2025-09-29T02:56:57.645Z,Khoyrun Nisa,106052966578240575803,False,0,id,2026-05-04T16:53:27.457174
Ci9DQUlRQUNvZENodHljRjlvT2pOMGVqVTRZVEZhV1hBMVlqRkVRMDlVZVVKM1EwRRAB,ChIJn2hCRysWby4Rmx7x9VqlK6w,Buper Ipukan,Kuningan,Wisata,5,see you next time,2025-09-22T01:37:56.986Z,wijaya abadi mulia,117322559237944307312,True,0,en,2026-05-04T16:53:27.457182
Ci9DQUlRQUNvZENodHljRjlvT2s1bWFGUlNaSEpWVkRBNGRURnlRbXA1T0hWNFVrRRAB,ChIJn2hCRysWby4Rmx7x9VqlK6w,Buper Ipukan,Kuningan,Wisata,5,Tempat nyaman untuk camping keluarga,2025-09-21T13:42:41.203Z,Ading Sofyuddin,111736978942623989334,True,0,id,2026-05-04T16:53:27.457189
Ci9DQUlRQUNvZENodHljRjlvT25WNGNsTk5ZVFY1UVhacWVrTmxkVlJDYmpZMFNFRRAB,ChIJn2hCRysWby4Rmx7x9VqlK6w,Buper Ipukan,Kuningan,Wisata,5,Yg pengen suasana sejuk yuk kita glamping di ipukan,2025-09-20T01:34:23.487Z,Denni Sukmawan,108293278094560206922,True,0,id,2026-05-04T16:53:27.457209
Ci9DQUlRQUNvZENodHljRjlvT2w5b2JXaE1MVXR4TTFaTlEzZDJUak5tUTJoaE1HYxAB,ChIJ6xZylMAXby4RbqnY8_c-Fe0,Sukageuri view,Kuningan,Wisata,5,"Suasananya sejuk dingin,bagi yg mau camping siapkan perbekalan yg cukup,baju tebal yah,
Buat liburan keluarga pas banget,liat pemandanga kota kuningan dr atas bukit indah👍",2026-01-05T03:34:51.106Z,Kusen cirebon pd manbaulminan,108479888987392463853,True,0,id,2026-05-04T16:53:27.457266
Ci9DQUlRQUNvZENodHljRjlvT2xJeVkzZG5aekpuVDFGRk5sZFFjWEpoYjNKSloxRRAB,ChIJ6xZylMAXby4RbqnY8_c-Fe0,Sukageuri view,Kuningan,Wisata,4,"Camping ground yg lumayan bagus pemandangan nya.
Wajib di coba jika berkunjung ke wilayah kuningan - cirebon.
Harga ekonomis, 15k.
Tersedia toilet (free) dan mushola yg bersih.
Petugas ramah dan informatif.
Tapi sayang di sayang kurang perawatan.",2026-01-03T22:59:28.023Z,Tamsil Prima,116084793188866778090,True,1,id,2026-05-04T16:53:27.457282
Ci9DQUlRQUNvZENodHljRjlvT21Kdk1GWnphRWw1TVVGU1luQXdhMnAzT1RaeVVIYxAB,ChIJ6xZylMAXby4RbqnY8_c-Fe0,Sukageuri view,Kuningan,Wisata,5,"Toko listrik yang dapat di percaya, ownernya bisa dii ajak diskusi masalah kelistrikan",2026-01-01T05:10:28.230Z,Misdar Midun,109743126651881080487,False,0,id,2026-05-04T16:53:27.457291
Ci9DQUlRQUNvZENodHljRjlvT210WE9EQjBWRkJ4UmxSa1puRllObGhGU21Vd1JXYxAB,ChIJ6xZylMAXby4RbqnY8_c-Fe0,Sukageuri view,Kuningan,Wisata,4,"Keren, city light view, harganya sangat ramah.",2025-12-31T11:40:17.820Z,Supriyatna Machmud,111829667777870243446,True,0,id,2026-05-04T16:53:27.457300
Ci9DQUlRQUNvZENodHljRjlvT2w5Tk0yWndWRzlhVkZocFpFdzJlRGRaVFRWTlRXYxAB,ChIJ6xZylMAXby4RbqnY8_c-Fe0,Sukageuri view,Kuningan,Wisata,3,"Mau boking tempat nya buat malam tahun baru bisa ga,minta no wa pengelolanya",2025-12-28T12:45:11.883Z,Inda Septiana,102528761056539931343,False,0,id,2026-05-04T16:53:27.457308
Ci9DQUlRQUNvZENodHljRjlvT2pCMFgwVk1aa3N6VG5odVoydExhazl6WnkweFVYYxAB,ChIJ6xZylMAXby4RbqnY8_c-Fe0,Sukageuri view,Kuningan,Wisata,5,Amazing....gak kalah sama sebelah nya.,2025-12-22T12:01:35.149Z,mudir aja,105986574486429994995,False,0,id,2026-05-04T16:53:27.457319
Ci9DQUlRQUNvZENodHljRjlvT205dVZuaG5jbVkxVEVocGEwMVFka2hqVjNaRFZWRRAB,ChIJ6xZylMAXby4RbqnY8_c-Fe0,Sukageuri view,Kuningan,Wisata,1,cepet mau konfirmasi pembayaran,2025-12-13T05:33:37.417Z,Dokter Ambisi,117688469147732666576,False,0,id,2026-05-04T16:53:27.457327
Ci9DQUlRQUNvZENodHljRjlvT25KbFRFRllOalZDYVRoSmFFdFRiMmhQVW1ONGRXYxAB,ChIJ6xZylMAXby4RbqnY8_c-Fe0,Sukageuri view,Kuningan,Wisata,5,Pengelolanya bagus banget..  Sangat peduli dengan sarana sekitar... Top lah.,2025-12-07T00:28:39.188Z,Warya Ramones,102078362901929124504,False,0,id,2026-05-04T16:53:27.457335
Ci9DQUlRQUNvZENodHljRjlvT25SNmEzZDZaMXBrVlVOMmQxSlNRbDgyVWpWSVNuYxAB,ChIJ6xZylMAXby4RbqnY8_c-Fe0,Sukageuri view,Kuningan,Wisata,5,tempat nya bgus .syahdu view nya juga indah,2025-12-03T11:34:54.684Z,Sri Rojani,116082684552711408019,False,0,id,2026-05-04T16:53:27.457343
Ci9DQUlRQUNvZENodHljRjlvT2pWRFlrTnNORWhyUkRka2JtMXJla04yYW5CV2JGRRAB,ChIJ6xZylMAXby4RbqnY8_c-Fe0,Sukageuri view,Kuningan,Wisata,5,"Fasilitas kamar mandi sangat nyaman, harga tiket worth ittttt bgt",2025-11-09T00:14:40.960Z,Intan Tresna khoirunnisa,109857569487459732645,False,0,id,2026-05-04T16:53:27.457371
Ci9DQUlRQUNvZENodHljRjlvT2taclRGaHRkRGc0VjFGcVV5MXRNbGRpYjFJdFVuYxAB,ChIJqaSDy-sXby4RC5LSObXAdGw,BUPER BATU LAMAR,Kuningan,Wisata,4,"Baru tau di sini ada perkemahan tempat nya lumayan luas tempat parkir  juga nyaman muat banyak waktu kunjungan,",2025-11-16T07:54:13.263Z,Asep Sunandar,101923699027451900688,True,0,id,2026-05-04T16:53:27.457392
Ci9DQUlRQUNvZENodHljRjlvT2xwU1gwRXRZazFrY2pWSGNYcExSWGxJY0hwdVgxRRAB,ChIJqaSDy-sXby4RC5LSObXAdGw,BUPER BATU LAMAR,Kuningan,Wisata,5,Suasana yg sejuk dan damai di lokasi ini dengan pemandangan yg indah gunung ciremai,2025-11-16T03:00:46.483Z,Afdall17 Dwi,116632164845208936537,False,0,id,2026-05-04T16:53:27.457401
Ci9DQUlRQUNvZENodHljRjlvT2paUlkyaGZTR1JNY1VaS1RXY3pZak5mWWxSVlRXYxAB,ChIJqaSDy-sXby4RC5LSObXAdGw,BUPER BATU LAMAR,Kuningan,Wisata,5,Pemandangan nya indah,2025-11-12T12:13:41.385Z,ang angga,101163208568791452120,True,0,id,2026-05-04T16:53:27.457409
Ci9DQUlRQUNvZENodHljRjlvT25CeWNXbGpUbnBIWlhkU1UyNHpORzluZEdZMVkwRRAB,ChIJqaSDy-sXby4RC5LSObXAdGw,BUPER BATU LAMAR,Kuningan,Wisata,5,"nyaman untuk berkemah dengan view sawah dan gunung ciremai, dengan fasilitas toilet, penerangan, saung pertemuan, dan mushola😍✨",2025-08-19T01:52:21.541Z,Anisa Lutfiana,108853196477612217544,False,0,id,2026-05-04T16:53:27.457442
ChZDSUhNMG9nS0VJQ0FnTURnNHBXNEdBEAE,ChIJqaSDy-sXby4RC5LSObXAdGw,BUPER BATU LAMAR,Kuningan,Wisata,5,Singkat padat ini desa neneku..eh belum ta kunjungin..,2025-02-23T14:49:07.465Z,Joni Hasanudin,101364780834539411342,False,0,id,2026-05-04T16:53:27.457453
ChZDSUhNMG9nS0VJQ0FnSURIeF9QUEdnEAE,ChIJqaSDy-sXby4RC5LSObXAdGw,BUPER BATU LAMAR,Kuningan,Wisata,5,Cocok untuk kemah,2024-10-21T09:07:04.254Z,dian perdiyana,105491552832738228527,True,0,id,2026-05-04T16:53:27.457461
ChdDSUhNMG9nS0VJQ0FnSURuXzdhdnNnRRAB,ChIJqaSDy-sXby4RC5LSObXAdGw,BUPER BATU LAMAR,Kuningan,Wisata,5,"Tempat yg bagus untuk ngecamp,
Aman...nyaman....indah dan sejuk",2024-10-12T02:01:32.859Z,h g,115465354633818552402,False,0,id,2026-05-04T16:53:27.457474
ChZDSUhNMG9nS0VJQ0FnSUNubnYtaVlREAE,ChIJqaSDy-sXby4RC5LSObXAdGw,BUPER BATU LAMAR,Kuningan,Wisata,5,"Bumi perkemahan Pramuka baru di buka 2 th lalu tapi pasilitasnya sudah cukup bagus,, tempat terbuka yg luas cukup untuk 200 tenda.",2024-09-26T10:10:35.871Z,Kang Basri,111588359210852130936,False,0,id,2026-05-04T16:53:27.457489
ChZDSUhNMG9nS0VJQ0FnSUNuaU15MlJREAE,ChIJqaSDy-sXby4RC5LSObXAdGw,BUPER BATU LAMAR,Kuningan,Wisata,5,Tempat yang sangat bagus dan recommended sekali buat camping ataupun berwisata👍,2024-09-22T04:21:12.993Z,Muhammad Vajri,106966460259578286098,False,1,id,2026-05-04T16:53:27.457497
ChZDSUhNMG9nS0VJQ0FnSURIeDV2NkNBEAE,ChIJqaSDy-sXby4RC5LSObXAdGw,BUPER BATU LAMAR,Kuningan,Wisata,5,Cocok untuk berkemah dan wisata,2024-09-20T13:38:54.510Z,Jojo Bramonoaru,116460386691196603722,True,0,id,2026-05-04T16:53:27.457504
ChdDSUhNMG9nS0VJQ0FnSURwdjlHQzN3RRAB,ChIJqaSDy-sXby4RC5LSObXAdGw,BUPER BATU LAMAR,Kuningan,Wisata,5,"Tempat yang cocok untuk kegiatan camp,
View gunung selamet di sebelah timur dan gunung Ciremai di sebelah barat.
Di malam harinya terdapat lampu lampu yang cukup untuk menerangi setiap sudut area camp dan sekitarnya.",2024-09-17T17:55:16.054Z,Ryan Nugraha,107499116024904334010,True,4,id,2026-05-04T16:53:27.457512
ChZDSUhNMG9nS0VJQ0FnSURIaE1PRFlnEAE,ChIJqaSDy-sXby4RC5LSObXAdGw,BUPER BATU LAMAR,Kuningan,Wisata,5,Tempat'a luas dan juga bersih,2024-09-12T13:55:36.592Z,Elis Modiv'93,117234000919662646701,True,0,id,2026-05-04T16:53:27.457521
Ci9DQUlRQUNvZENodHljRjlvT2pSa2FYSlJPR296ZFV4MFNEbDZOSGRxUmxsZmJIYxAB,ChIJn2hCRysWby4Rmx7x9VqlK6w,Buper Ipukan,Kuningan,Wisata,4,"cocok untuk funcamp, memiliki banyak area camp, ada Curug juga ga jauh dari tempat camp cuman 15 menit, minus nya suka ada orang bawa music box jadi berisik",2025-09-15T00:06:05.643Z,Ihsan Fadhil,112977613870235855034,True,0,id,2026-05-04T16:53:27.457543
Ci9DQUlRQUNvZENodHljRjlvT2tFNWNXTkxiak5tVlMxeFNFTnpSRzFTZEhGS1MwRRAB,ChIJn2hCRysWby4Rmx7x9VqlK6w,Buper Ipukan,Kuningan,Wisata,1,Sangat tidak nyaman. Tidak ada petugas yg negur saat soud nyala di atas jam 12 .Toilet berbayar. Jajanan mahal. Rokok mahal . Sebaiknya di evaluasi  untuk lebih baik. Tidak semua yg datang sini untuk bersenang ria. Kadang juga ada yg memerlukan ketentraman dan kesunyian. TIDAK REKOMEN. MENDING DLAMPING KIDANG . ATAU TELAGA SURIAN,2025-09-13T16:48:44.417Z,Akrom BZero,111997251456941116727,False,0,id,2026-05-04T16:53:27.457552
Ci9DQUlRQUNvZENodHljRjlvT2xCM1dGa3RiVGcyTldOTWFERkNaSGRvVGxWd01uYxAB,ChIJn2hCRysWby4Rmx7x9VqlK6w,Buper Ipukan,Kuningan,Wisata,5,"Htm murah 25rb/orang camping
Air melimpah bisa campervan
Warung banyak
Tolilet
Mushola
Listrik 25rb sudah sampe tenda
Ada curug buat tracking pagi
Pemandangan puncak gunung ciremai
Udara nya sejuk banyak pohon
8-9-2025",2025-09-10T05:12:43.045Z,abetgbastian,108452051516036493808,True,0,id,2026-05-04T16:53:27.457563
Ci9DQUlRQUNvZENodHljRjlvT25RNU5WWkpTbE5YUlMxRVoyMW1SMGhyVW1KYVRVRRAB,ChIJn2hCRysWby4Rmx7x9VqlK6w,Buper Ipukan,Kuningan,Wisata,5,Asri banget tempatnya,2025-08-24T10:38:31.896Z,Abud Nadzir,108304843334957089769,True,0,id,2026-05-04T16:53:27.457598
ChdDSUhNMG9nS0VJQ0FnSURSNzR5ajdnRRAB,ChIJn2hCRysWby4Rmx7x9VqlK6w,Buper Ipukan,Kuningan,Wisata,5,"Spot favorit nih...
Biar ga main Hape terus wkwk",2025-08-19T04:02:16.251Z,Raffi Ananta,113839303301133019002,True,0,id,2026-05-04T16:53:27.457619
Ci9DQUlRQUNvZENodHljRjlvT2kxMWQxOXJlbXBxYXpRMU9IRk1ibTFKWTAxUmFWRRAB,ChIJOXO4eVIYby4RRWKrdv4cpwI,Taman Batu Hanjuang,Kuningan,Wisata,5,"Wisata yang murah meriah,,
Enak untuk liburan bersama keluarga tercinta
HTM dewasa 20ribu, anak2 15ribu..",2026-04-02T05:35:34.107Z,Agus mugi mulyono,109520406597823375756,True,0,id,2026-05-04T16:53:27.457668
Ci9DQUlRQUNvZENodHljRjlvT214U2QyUmtWRlY2ZUhoZlYwWnhURXBYWW1adVFYYxAB,ChIJOXO4eVIYby4RRWKrdv4cpwI,Taman Batu Hanjuang,Kuningan,Wisata,5,"Rekomendasi tempat wisata keluarga/rekreasi keluarga, harga partiket dewasa 20k sudah bisa renang, ada warung menjual berbagai macam makanan, ada tempat camping nya juga, bisa untuk anak anak dan dewasa",2026-03-31T06:44:20.873Z,Tukang review tempat,112353504879694783160,True,0,id,2026-05-04T16:53:27.457676
Ci9DQUlRQUNvZENodHljRjlvT2s5d1ZUWlRiMHBqYzFWYWVXbFpSVEJzZUdwdlNGRRAB,ChIJOXO4eVIYby4RRWKrdv4cpwI,Taman Batu Hanjuang,Kuningan,Wisata,5,"Tempat renang yg bagus di bawah kaki gunung batu tempatnya masih asri sejuk dan airnya alami,jdi ga takut klo keminum anak2 karena jernih dan bersih...",2026-03-27T09:18:09.151Z,Risma Oriez,109768704232143030119,False,0,id,2026-05-04T16:53:27.457691
Ci9DQUlRQUNvZENodHljRjlvT2tOUFpXNUlYMDVvZGpWdk0xWllkMjFYYldReFYzYxAB,ChIJOXO4eVIYby4RRWKrdv4cpwI,Taman Batu Hanjuang,Kuningan,Wisata,5,"Tempatnya adem, cocok buat liburan keluarga, mengajak bocil-bocil",2026-03-26T07:07:13.836Z,Angon Jiwo Farm,109358268945492321596,True,0,id,2026-05-04T16:53:27.457698
Ci9DQUlRQUNvZENodHljRjlvT25aU1UySktaMnB3VERWRE5VVTJha1JzYjBRNGNsRRAB,ChIJOXO4eVIYby4RRWKrdv4cpwI,Taman Batu Hanjuang,Kuningan,Wisata,5,Murah meriah cocok untuk semua kalangan,2026-03-25T14:49:49.485Z,Udin Purnawan,107698129458033562390,True,0,id,2026-05-04T16:53:27.457706
Ci9DQUlRQUNvZENodHljRjlvT2tad1pUWTFSbkZrVTBwNWFXVnNZVWN3Y1hveWFtYxAB,ChIJOXO4eVIYby4RRWKrdv4cpwI,Taman Batu Hanjuang,Kuningan,Wisata,1,gasuka bgt sama karyawan nya ga sopan,2026-03-22T09:07:18.265Z,Cristilia anggun,113597602195315819384,False,0,id,2026-05-04T16:53:27.457714
Ci9DQUlRQUNvZENodHljRjlvT25WU1ZGOXpkRk0yV1RaS05uWk5hbXAzTUZjMmFIYxAB,ChIJOXO4eVIYby4RRWKrdv4cpwI,Taman Batu Hanjuang,Kuningan,Wisata,1,karyawan nya min attitude,2026-03-22T09:06:17.510Z,zilvia rahma,117716510888912064855,False,0,id,2026-05-04T16:53:27.457727
Ci9DQUlRQUNvZENodHljRjlvT25GaGEyTkxURUl5TTB0TGQxQkZPR3RFZEdKcGFrRRAB,ChIJOXO4eVIYby4RRWKrdv4cpwI,Taman Batu Hanjuang,Kuningan,Wisata,1,karyawanan nya songong,2026-03-22T09:05:06.223Z,lisa mariana,111789534078059158736,False,0,id,2026-05-04T16:53:27.457735
Ci9DQUlRQUNvZENodHljRjlvT2tsbWEyUkxVMEUwVW1KV1NHOW9VMkZKUXkxdmNWRRAB,ChIJOXO4eVIYby4RRWKrdv4cpwI,Taman Batu Hanjuang,Kuningan,Wisata,5,"Tempatnya sejuk, kolam renang dengan background tebing yang estetic. Oke banget buat liburan anak² sekaligus mengenalkan alam hutan dan gunung",2026-01-05T16:08:15.951Z,Cowboy84,103930537773314867576,False,0,id,2026-05-04T16:53:27.457750
Ci9DQUlRQUNvZENodHljRjlvT2xkR2RFZzVTWGhDU0RSTmFVZHVURWhpWVRacWNuYxAB,ChIJOXO4eVIYby4RRWKrdv4cpwI,Taman Batu Hanjuang,Kuningan,Wisata,5,Suka sama pemandangan nya,2026-01-05T08:24:00.718Z,Sukarno Dinata,117821479402321310322,False,0,id,2026-05-04T16:53:27.457758
ChdDSUhNMG9nS0VJQ0FnSUNHanNHdHRBRRAB,ChIJOXO4eVIYby4RRWKrdv4cpwI,Taman Batu Hanjuang,Kuningan,Wisata,4,Cukup Segar menyenangkan dan tidak ramai,2026-01-04T23:22:43.197Z,Mas Udjang,107633952428894505910,True,1,id,2026-05-04T16:53:27.457766
Ci9DQUlRQUNvZENodHljRjlvT2w4M1kwbENWbWg2V2pKTWRHOU5OMmx3V1ZJMGIwRRAB,ChIJ6xZylMAXby4RbqnY8_c-Fe0,Sukageuri view,Kuningan,Wisata,5,"Tempatnya enak, ada kamar mandinyaa, cocok untuk camp bareng keluarga...",2025-11-04T16:38:35.587Z,Fahmi Alfawaiz,117830828732751070411,True,0,id,2026-05-04T16:53:27.457790
Ci9DQUlRQUNvZENodHljRjlvT2tWWVJVdGFjMFZMTW5CaFQzQmhPVGxvYlhSeFpuYxAB,ChIJ6xZylMAXby4RbqnY8_c-Fe0,Sukageuri view,Kuningan,Wisata,5,"Tempat yang cocok banget buat healing, area camping favorit. Kalau malem city viewnya bagusss banget",2025-10-11T01:39:47.785Z,Athifah NF,117169904578581984715,True,0,id,2026-05-04T16:53:27.457830
Ci9DQUlRQUNvZENodHljRjlvT2pOMWRUTk9aSFJVU1ZZd1YwbHZTM1JIT1VsemJFRRAB,ChIJ6xZylMAXby4RbqnY8_c-Fe0,Sukageuri view,Kuningan,Wisata,5,"Tempat'a enak buat ngcamp, view'a bagus klo malam, klo pagi bisa lihat sunrise yg indah",2025-10-08T12:08:58.325Z,Elis Modiv'93,117234000919662646701,True,0,id,2026-05-04T16:53:27.457839
ChZDSUhNMG9nS0VJQ0FnSURUdnE3N0hREAE,ChIJpReBz-gZby4RqHQyuJ1zJzk,Kolam Renang Ghiffary Valley,Kuningan,Wisata,1,"dari jam 8.30an sampe jam 10an kolam renang belum ready.. sampe anak anak kecewa dan nangis nangis.
tolong diperbaiki lagi ya.",2024-05-25T02:47:11.822Z,Dwicky Nurzaman,108740854056543949554,False,0,id,2026-05-04T16:53:27.457899
ChdDSUhNMG9nS0VJQ0FnSURwOVA3T3NRRRAB,ChIJpReBz-gZby4RqHQyuJ1zJzk,Kolam Renang Ghiffary Valley,Kuningan,Wisata,5,Bersih Murah Ramah,2023-08-17T10:16:05.685Z,tiara rahma,118118020519633436592,False,1,id,2026-05-04T16:53:27.457931
ChdDSUhNMG9nS0VJQ0FnSUNwNU42M3VRRRAB,ChIJpReBz-gZby4RqHQyuJ1zJzk,Kolam Renang Ghiffary Valley,Kuningan,Wisata,5,Kolam renangnya besar dan nyaman. Tamannya asri. Cocok sekali untuk acara keluarga atau kantor. Pemiliknya juga sangat ramah.,2023-07-29T05:56:16.443Z,Endarto Thok,107771491606336626321,True,7,id,2026-05-04T16:53:27.457939
ChZDSUhNMG9nS0VJQ0FnSUNtX1pMQWRnEAE,ChIJpReBz-gZby4RqHQyuJ1zJzk,Kolam Renang Ghiffary Valley,Kuningan,Wisata,5,"Tempatnya enak luas, buat selfy juga enak.",2022-01-07T02:25:27.491Z,Kang Agus,104948345585657658246,True,6,id,2026-05-04T16:53:27.457970
ChZDSUhNMG9nS0VJQ0FnSURMX3NQaFV3EAE,ChIJqaSDy-sXby4RC5LSObXAdGw,BUPER BATU LAMAR,Kuningan,Wisata,5,"Nyaman, luas, cocok buat camping",2024-06-28T04:29:40.360Z,Hendris Abdullah,103935581373986176135,True,0,id,2026-05-04T16:53:27.457979
ChdDSUhNMG9nS0VJQ0FnSUNaN2FmYXVnRRAB,ChIJqaSDy-sXby4RC5LSObXAdGw,BUPER BATU LAMAR,Kuningan,Wisata,5,Untuk view pemandangan Buper batu lamar sangat indah dan udaranya sejuk sangat cocok untuk kegiatan perkemahan,2023-09-16T00:09:08.919Z,Ghaza Iqbal,110398153146261366710,False,1,id,2026-05-04T16:53:27.458026
ChdDSUhNMG9nS0VJQ0FnSUNadGJtWHN3RRAB,ChIJqaSDy-sXby4RC5LSObXAdGw,BUPER BATU LAMAR,Kuningan,Wisata,5,Pemandangan yang sangat indah dan sejuk,2023-09-15T05:09:19.577Z,Dimas Nugraha,104774021329250086667,False,2,id,2026-05-04T16:53:27.458069
ChdDSUhNMG9nS0VJQ0FnSUNadFlLMjlnRRAB,ChIJqaSDy-sXby4RC5LSObXAdGw,BUPER BATU LAMAR,Kuningan,Wisata,5,bumi perkemahan new good view juga fasilitas oke akses gampang . rekomend bat bumper satu ini 😃,2023-09-15T03:11:25.285Z,putia azzahra,115412677021748587714,False,2,id,2026-05-04T16:53:27.458097
ChZDSUhNMG9nS0VJQ0FnSUNadGZ6N0RnEAE,ChIJqaSDy-sXby4RC5LSObXAdGw,BUPER BATU LAMAR,Kuningan,Wisata,5,Enak banget dah tempat nya + view nya yang bagus,2023-09-15T03:09:56.604Z,Muhammad Zain,103477286616220555626,False,2,id,2026-05-04T16:53:27.458105
ChdDSUhNMG9nS0VJQ0FnSUNadGN6YS1RRRAB,ChIJqaSDy-sXby4RC5LSObXAdGw,BUPER BATU LAMAR,Kuningan,Wisata,5,"Suasana Alamnya terasa banget, ga bakal nyesel camp di BUMPER BATU LAMAR",2023-09-15T02:55:56.975Z,Nana Rusmana,111911514295165748901,False,3,id,2026-05-04T16:53:27.458120
ChdDSUhNMG9nS0VJQ0FnSUNaNHJHMnV3RRAB,ChIJqaSDy-sXby4RC5LSObXAdGw,BUPER BATU LAMAR,Kuningan,Wisata,5,tempat buper terbaru di ds singkup kec japara enak diwaktu sore dan pagi hari lihat gunung ciremai dan sunrest gunng slamet,2023-09-07T08:11:42.998Z,gunawan hendra,115010269714386227463,False,2,id,2026-05-04T16:53:27.458128
ChZDSUhNMG9nS0VJQ0FnSURTNF9TUlRBEAE,ChIJOXO4eVIYby4RRWKrdv4cpwI,Taman Batu Hanjuang,Kuningan,Wisata,5,"Enak,bagus banyak spot selfinya, pemandangan alamnya juga bagus",2025-12-27T14:31:40.597Z,Sy Kholifah,116405684119335262871,True,0,id,2026-05-04T16:53:27.458138
Ci9DQUlRQUNvZENodHljRjlvT21sRWFFaGFTV2RYZVdGSGVWSTRhbHB4VHpRM2QzYxAB,ChIJOXO4eVIYby4RRWKrdv4cpwI,Taman Batu Hanjuang,Kuningan,Wisata,5,"Tempatnya bersih, tiket masuknya terjangkau, nyaman untuk wisata keluarga",2025-12-18T22:50:58.484Z,Chandra Alfathir,107639950890282044498,False,0,id,2026-05-04T16:53:27.458154
Ci9DQUlRQUNvZENodHljRjlvT2t0UFkwZHVRVVo1Y0RsTFdVOUpWbmN6TUdobmVVRRAB,ChIJOXO4eVIYby4RRWKrdv4cpwI,Taman Batu Hanjuang,Kuningan,Wisata,5,"Spot tempatnya nanjak ke atas, banyak kolam renangnya paling bagus yang paling atas..

Suasana tenang, biaya masuk terjangkau cocok untuk kumpul kumpul..

Sedia makanan juga kantinnya..
Toiletnya bersih, banyak tempat spot foto di didekat area tebingnya..",2025-07-19T01:04:02.256Z,Verayga Dimitri Pranata,104166311865419253427,True,0,id,2026-05-04T16:53:27.458290
Ci9DQUlRQUNvZENodHljRjlvT2psdVJWVlVja1pMUlhOalpteHJSV0ZPVFhsUlUzYxAB,ChIJOXO4eVIYby4RRWKrdv4cpwI,Taman Batu Hanjuang,Kuningan,Wisata,5,kolam ya lumyan bnyak.anak2 jadi betah,2025-07-14T23:46:06.548Z,nur udin,105000518341525595373,True,1,id,2026-05-04T16:53:27.458298
Ci9DQUlRQUNvZENodHljRjlvT2pSalRGOUZWVEZ5VkVoU2JIcFJXbFp1UVU1NE5WRRAB,ChIJOXO4eVIYby4RRWKrdv4cpwI,Taman Batu Hanjuang,Kuningan,Wisata,3,Sangat menarik cocok buat liburan keluarga,2025-07-14T17:10:26.523Z,toni ilyas,102719168337063585499,False,0,id,2026-05-04T16:53:27.458308
Ci9DQUlRQUNvZENodHljRjlvT21VdGVHOURkbDlrWkVVeFdIRndVV3gzZDFnNFQyYxAB,ChIJOXO4eVIYby4RRWKrdv4cpwI,Taman Batu Hanjuang,Kuningan,Wisata,5,Bagus dan nyaman,2025-06-14T10:29:09.220Z,Ilah Susilah,109379268545601779952,True,0,id,2026-05-04T16:53:27.458366
Ci9DQUlRQUNvZENodHljRjlvT2xZd1pXcFFVbUUzWlZsWlltdHZOMDlDTlhSeVYxRRAB,ChIJG-rsHBoXby4RrqSTh-Sr6DY,Curug Jurang Landung,Kuningan,Wisata,3,"Untuk menuju lokasi curug jln ank tngga nya agk brlumut..hrs hati2..trs smping2 curng pegangn ada sih..cuma ada sbgian itupun pgangn nya udh ada yg rusak..pas nympe curug..tmpt wc/gnti sudh tdk trurus lg..icon tulisan curug landung nya jg ada yg hilng angka L nya
Saran aja sih.. curug ini hrs ada pemeliharaan lg..mksih",2026-01-08T13:37:07.807Z,Adul Forever,106640163060023295084,True,0,id,2026-05-04T16:53:27.458422
ChZDSUhNMG9nS0VJQ0FnTURJemZEZ0pBEAE,ChIJG-rsHBoXby4RrqSTh-Sr6DY,Curug Jurang Landung,Kuningan,Wisata,5,"FAZRI TRIP REVIEW📍

Honest Review: Tempatnya Sangat Bagus Dari Segi View Curug Ini Sangat Indah , Sangat Ramai Pengunjung Ketika Weekend, Memiliki Fasilitas Mushola Dan Air Alam.
Overall Very Good 👍🏻
If you'd like to see my profile, you can follow me on Instagram | IG: fazri_xc

*ini foto saya di tahun 2020 kala itu",2025-12-28T03:41:15.911Z,Fazri Trip,100860643057274530976,True,0,id,2026-05-04T16:53:27.458432
Ci9DQUlRQUNvZENodHljRjlvT205NFptZElaM1pWWVhGQ1JtOVhXVzVoYTBaVlJVRRAB,ChIJG-rsHBoXby4RrqSTh-Sr6DY,Curug Jurang Landung,Kuningan,Wisata,1,"Anak Tangga Dominan Lumut.
Pegangan Tangga sudah harus diremajakan, tidak rekomendasi untuk dipegang jika Anak Tangga masih berlumut (licin).
Shelter/Gazebo tidak terawat dengan baik.
Kamar Bilas/Toilet tidak layak digunakan.
Spot Foto perlu perhatian untuk keselamatan wisatawan.
Tiket masuk Rp. 20.000,- (Curug & Spot Foto)
Semoga pengelola bisa memperbaiki area Curug agar dapat menarik Wisatawan lebih banyak lagi.
Terima kasih.",2025-12-14T14:59:38.127Z,Basilius Agung,114435232876461774199,False,0,id,2026-05-04T16:53:27.458443
Ci9DQUlRQUNvZENodHljRjlvT2xSUmFHazBNWE16YWtWaU9HSnhTVVEwU2taSFFrRRAB,ChIJG-rsHBoXby4RrqSTh-Sr6DY,Curug Jurang Landung,Kuningan,Wisata,5,"tempat wisata murah,sesuai ekspetasi. banyak spot foto yang menarik, dnegan suasana dingin pegunungan, dekat dengan taman nasional dan tempat wisata lainnya di sekitaran tempat",2025-11-30T13:33:51.869Z,Gilang Ramadhan,114812504164574770790,True,0,id,2026-05-04T16:53:27.458458
ChZDSUhNMG9nS0VPV3p1WmF3N052ZUl3EAE,ChIJG-rsHBoXby4RrqSTh-Sr6DY,Curug Jurang Landung,Kuningan,Wisata,4,"Bagi pengunjung yang mau main air, harap hati² ya..
Mungkin karena tempat kurang terawat,  jadi mengakibatkan bebatuan berlumut yang licin ketika di pijak",2025-06-19T04:54:29.098Z,Popon Pepen,101577019489759370002,True,1,id,2026-05-04T16:53:27.458476
ChdDSUhNMG9nS0VJQ0FnSURmb0k2am1RRRAB,ChIJG-rsHBoXby4RrqSTh-Sr6DY,Curug Jurang Landung,Kuningan,Wisata,1,"Ga sesuai sama foto nya ...
Tempat nya banyak yg terbengkalai ga keurus .
Kecewa berat biaya masuk mahal
Jalan nya licin bgt .",2025-01-03T10:18:12.722Z,Hendra Hend,106060742158315600123,False,0,id,2026-05-04T16:53:27.458512
ChdDSUhNMG9nS0VJQ0FnSUNQdHFMVHVnRRAB,ChIJG-rsHBoXby4RrqSTh-Sr6DY,Curug Jurang Landung,Kuningan,Wisata,1,Untuk parkir 5000 tiket masuk 20 ribu tempatnya kurang nyaman banyak yg terbengkalai.......,2024-11-24T06:15:54.301Z,Julham Alkwarizmi,105095460651425802692,False,1,id,2026-05-04T16:53:27.458520
ChZDSUhNMG9nS0VJQ0FnSURubnRUQlNBEAE,ChIJG-rsHBoXby4RrqSTh-Sr6DY,Curug Jurang Landung,Kuningan,Wisata,2,"Tdk sesuai expectasi,kotor ga keurus,tidak di pelihara dgn baik
Pdhal ticket nya 20k
Tangga jg tdk terpelihara
Hrs nya dgn biaya msk segitu hrs ada pemeliharaan",2024-10-06T04:36:22.152Z,Zaitun Is,112207664849804058541,True,1,id,2026-05-04T16:53:27.458528
ChZDSUhNMG9nS0VJQ0FnSUQ3bC1fS0hnEAE,ChIJG-rsHBoXby4RrqSTh-Sr6DY,Curug Jurang Landung,Kuningan,Wisata,4,Effort banget!! harus turun ngelewatin banyak tangga dulu buat nikmatin view sebagus ini🌳🍃💚,2024-08-29T15:51:55.199Z,Asih Fitriyani,114337306775978376251,False,0,id,2026-05-04T16:53:27.458543
ChZDSUhNMG9nS0VJQ0FnSUNOdzlPNUZ3EAE,ChIJG-rsHBoXby4RrqSTh-Sr6DY,Curug Jurang Landung,Kuningan,Wisata,4,"Anak tangga yg melelahkan karena cukup curam, untuk manula sebaiknya jgn kesini, khawatir tidak kuat menaiki anak tangga",2024-01-17T10:16:52.632Z,Jacky Boy,108796668228523007036,True,0,id,2026-05-04T16:53:27.458572
ChdDSUhNMG9nS0VJQ0FnSURseWU3WGpRRRAB,ChIJG-rsHBoXby4RrqSTh-Sr6DY,Curug Jurang Landung,Kuningan,Wisata,3,Menarik si cuma HTM dirasa cukup mahal dg fasilitas yang gitu aja.,2023-12-02T14:49:11.072Z,Fredy Santoso,113060549204798950893,True,0,id,2026-05-04T16:53:27.458598
ChdDSUhNMG9nS0VJQ0FnSUNGbmZtZjVnRRAB,ChIJG-rsHBoXby4RrqSTh-Sr6DY,Curug Jurang Landung,Kuningan,Wisata,3,"Cantik sekali curugnya. Worth to visit! Bener2 masih asri, tangga yang curam lumayan buat olahraga🧗‍♀️ tapi sayang, HTM tidak sesuai dengan keadaan sekitar, 20k/ orang dengan kondisi area yang terbilang kotor (sampah berserakan) dan tidak terawat.",2023-10-31T13:11:25.905Z,Ines Ramadanti,107280079499573137920,False,2,id,2026-05-04T16:53:27.458607
ChZDSUhNMG9nS0VJQ0FnSUNaM1pfSlh3EAE,ChIJG-rsHBoXby4RrqSTh-Sr6DY,Curug Jurang Landung,Kuningan,Wisata,4,"Karena sedang kemarau, air sungainya tidak terlalu penuh. Tapi tetep asyik main² di bawah air terjunnya. Hanya saja tempatnya kurang terawat.",2023-09-16T09:55:14.319Z,Momyfa,110736881118985351884,True,2,id,2026-05-04T16:53:27.458623
ChZDSUhNMG9nS0VJQ0FnSURwenMta1ZREAE,ChIJG-rsHBoXby4RrqSTh-Sr6DY,Curug Jurang Landung,Kuningan,Wisata,4,Curugnya lumayan bagus tetapi akses ke curug perlu diperhatikan karna menurun agak curam,2023-08-22T07:44:36.245Z,Muhammad Daffa,111295527889436454710,True,1,id,2026-05-04T16:53:27.458634
ChZDSUhNMG9nS0VJQ0FnSUN4MzZTY05nEAE,ChIJG-rsHBoXby4RrqSTh-Sr6DY,Curug Jurang Landung,Kuningan,Wisata,3,Please pengunjung jangan buang sampah sembarangan ~,2023-05-29T15:54:08.473Z,Srintil Handayani,112837070896462081339,True,0,id,2026-05-04T16:53:27.458642
ChZDSUhNMG9nS0VJQ0FnSUN4dnQ3S1hREAE,ChIJG-rsHBoXby4RrqSTh-Sr6DY,Curug Jurang Landung,Kuningan,Wisata,5,"Nyaman bangett,, Air ny singin seger Lagii...
Seru banyak wahana dan rekreaai lainnya dan juga tmpat² lainnyaa...",2023-05-18T15:38:05.576Z,Khaulah Ni' mah (Ola),101803020002423635464,False,0,id,2026-05-04T16:53:27.458650
ChZDSUhNMG9nS0VJQ0FnSUN4d3ZxRUxREAE,ChIJG-rsHBoXby4RrqSTh-Sr6DY,Curug Jurang Landung,Kuningan,Wisata,1,"Baru saja tdi siang kesana. wahananya udah ga terurus, spot2 fto udah pda rusak, sepi pengunjung, jalannya pun udah dipenuhi semak2 dan akses jalan menuju air terjunnya curam aduh tiket mahal tpi mengecewakan.",2023-05-13T15:06:41.005Z,Shinta khofifah,114364220594633545790,False,2,id,2026-05-04T16:53:27.458658
ChdDSUhNMG9nS0VJQ0FnSUN4bElQSzhnRRAB,ChIJG-rsHBoXby4RrqSTh-Sr6DY,Curug Jurang Landung,Kuningan,Wisata,4,Mantap pokoknya untuk hiburan destinasi alam air terjunnya tinggi sesuai namanya landung,2023-05-11T10:09:35.345Z,Wan Acheim,117322496157363817224,True,5,id,2026-05-04T16:53:27.458666
ChdDSUhNMG9nS0VJQ0FnSURSd2RQbG9RRRAB,ChIJG-rsHBoXby4RrqSTh-Sr6DY,Curug Jurang Landung,Kuningan,Wisata,4,"Htm 20 rb, akses ke curug turunan yg curam, hati2 bawa anak kecil, toilet kurang perawatan, bagus untuk foto2",2023-04-26T21:33:32.979Z,Melda87,109798764317529885202,True,1,id,2026-05-04T16:53:27.458674
Ci9DQUlRQUNvZENodHljRjlvT2xkM1ZHMXBObFZMZFc1aFRGQjZZM1Z6Y2xwdU5VRRAB,ChIJuTgSQ2AVby4RZn9rb78lboo,Situ Wulukut,Kuningan,Wisata,5,pemandangan asri nan sejuk ketika menginjakan kaki di lokasi. bikin kangen balik lagi,2026-04-28T07:51:36.582Z,Amir Mahmud,112969983950517990748,False,0,id,2026-05-04T16:53:27.458709
Ci9DQUlRQUNvZENodHljRjlvT21sdlpYRm5hM1kzVm1sSVZqRmliWHBaVjBsUlRHYxAB,ChIJuTgSQ2AVby4RZn9rb78lboo,Situ Wulukut,Kuningan,Wisata,4,"Di hari biasa sepi guys, mending weekend ke sininya,
Tempatnya enak sejuk masih asri cocok buat ngopi santai atau refreshing, jalan aksesnya sangat menantang adrenalin😅🙌",2026-04-22T05:40:42.749Z,Noval NassarAmrullah,118164640410449960175,False,0,id,2026-05-04T16:53:27.458721
Ci9DQUlRQUNvZENodHljRjlvT2pGa1IwTklkemhoWTBWblpXTnlRV1Y2U25Ga1ZHYxAB,ChIJuTgSQ2AVby4RZn9rb78lboo,Situ Wulukut,Kuningan,Wisata,5,"One day one review✨
Semesta berpihak ke aku sama abang karna pas dateng baguusss bangetttt🤗 tapi untuk jalan kesinii lumayan terjal ya guys jadi hati-hatii. Tenang ajaa semuaa akan terbayarkan ketika udah sampe lokasii yg samgat syahduuu🌳🌳
Saran aku sama abang, kalian kesini sore atau pagii yaa, jadi ademm dan sejukk bangeett",2026-04-15T17:47:40.029Z,Sya Naaa,104758644572911192992,True,0,id,2026-05-04T16:53:27.458730
Ci9DQUlRQUNvZENodHljRjlvT2xsUVdsY3diRlUzVWxKV1ZuVmtjVmN4VW5WTmJXYxAB,ChIJuTgSQ2AVby4RZn9rb78lboo,Situ Wulukut,Kuningan,Wisata,5,"ademm tempatnya, bagus pemandanganya apalagi abis hujan ada kabuttt, minus jalannya tapiii terbayarkan sama tempat yg bgus😇",2026-03-09T09:50:08.310Z,Hamidah Rachmanita,107595655694468257767,True,0,id,2026-05-04T16:53:27.458749
Ci9DQUlRQUNvZENodHljRjlvT21wWVVYRXdVR0l3U0RaR1lWVkpkM2xxWXpOSmNVRRAB,ChIJuTgSQ2AVby4RZn9rb78lboo,Situ Wulukut,Kuningan,Wisata,5,"Ada yang bilang, tempat ini seperti miniaturnya Ranu Gumbolo, telaga estetik di kawasan TNBTS. Berjarak sekitar 2 kilometer dari Balai Desa Kertayuga melewati perkebunan warga. Di sekitar telaga, terdapat fasilitas warung penjual makanan dan minuman.   Kita bisa bersantai atau mendirikan tenda. Tiket masuk relatif murah.",2026-01-20T01:17:05.643Z,br14n 1m4g3s,114320973606499870769,True,0,id,2026-05-04T16:53:27.458758
Ci9DQUlRQUNvZENodHljRjlvT21WMVNUaERZMVZMTTBWb1ZVYzJUMDE0UjNwa1lVRRAB,ChIJuTgSQ2AVby4RZn9rb78lboo,Situ Wulukut,Kuningan,Wisata,5,"MasyaAllah....tempatnya cantik dan adem. Buat foto-foto juga oke banget. Ada beberapa tempat duduk, buat piknik kayaknya seru juga. Ada warung jual mie, minuman, dan beberapa makanan ringan. Tempat sholatnya ada walau sederhana. Harga tiket masuk 5000 parkir motor 2000 parkir mobil 4000.",2026-01-02T03:35:55.812Z,Irhamna optiyani,114973815786208048838,False,0,id,2026-05-04T16:53:27.458773
Ci9DQUlRQUNvZENodHljRjlvT2xkalNYUkplVTVITmpOVFJETk9iMWw2V2pCSUxVRRAB,ChIJuTgSQ2AVby4RZn9rb78lboo,Situ Wulukut,Kuningan,Wisata,4,"Hidden gem tersunyi ternyaman jalan akses menuju ke situnya saja yg masih harus diaspal karna masih rusak sebagian, pedagang disana jg hanya satu yg buka karna masih sepi pengunjung. Tiket masuk cukup terjangkau hanya 15rb sudah termasuk tiket parkir dan 3 orang worth it sih. Enaknya kalau kesini lagi bawa bekal makanan dan minuman dari rumah.",2025-11-12T03:08:03.865Z,ani indriyanti,100660592333051714524,True,0,id,2026-05-04T16:53:27.458816
Ci9DQUlRQUNvZENodHljRjlvT21KdVJISnlObEV4Y25OQmJXc3daRmhIVFRCblNVRRAB,ChIJuTgSQ2AVby4RZn9rb78lboo,Situ Wulukut,Kuningan,Wisata,2,"kalo emang ud g ber oprasi lagi , knapa g di tutup aja si? kmrn kesitu ud jauh"" tau tau nya gd pengunjung sm sekali",2025-11-05T03:06:47.806Z,iriel auliya,115467938284118573422,False,0,id,2026-05-04T16:53:27.458832
ChdDSUhNMG9nS0VJeTBxcFA2MnFMR25nRRAB,ChIJuTgSQ2AVby4RZn9rb78lboo,Situ Wulukut,Kuningan,Wisata,4,"Tempat ini cukup nyaman tetapi dijalannya perlu hati hati serta tempat untuk berinteraksi dengan teman, keluarga ataupun sahabat kalau Sendirian juga si oke oke aja karena akses tempat yang cukup aman dan mudah bisa menjadi alternatif buat kita yang sedang suntuk sama kerjaan buat niisin isi kepala. Tempatnya adem dan tempat duduk juga tersedia, serta tempatnya juga masih asri dan gak terlalu berisik. Bisa diakses sama motor atau hiking juga bisa...",2025-09-25T18:04:01.901Z,Gita Valentina,116878722893005736145,True,0,id,2026-05-04T16:53:27.458849
ChdDSUhNMG9nS0VJQ0FnSURlN292ZHF3RRAB,ChIJG-rsHBoXby4RrqSTh-Sr6DY,Curug Jurang Landung,Kuningan,Wisata,4,"Akses menuju curug cukup menantang dg turunan yg curam, rasa lelah menapaki anak tangga yg curam akan terbayarkan begitu tiba dan disambut oleh air terjun, aliran airnya yg bersih suasana khas pegununagan yg menenangkan

siapkan stamina anda saat akan beranjak dari curug apalagi buat kalian membawa balita.

For info, tiket parkir kendaraan roda 4 Rp 15000
Tiket masuk curug Rp 20000/org (sudah termasuk spot swafoto)

Bagi kalian yg suka swafoto, spot fotonya banyak dan dengan latar pemandangan yang indah

Perlu perawatan akses jalan menuju curug seperti handrail, dan beberapa anak tangga yg sudah retak.",2022-10-10T23:38:34.457Z,Iqbal Dani,116024910115371798761,False,0,id,2026-05-04T16:53:27.458907
ChdDSUhNMG9nS0VJQ0FnSUN1OGZtSW13RRAB,ChIJG-rsHBoXby4RrqSTh-Sr6DY,Curug Jurang Landung,Kuningan,Wisata,2,"Masuk area 10rb / kendaraan  buat parkir
Tiket curug 10rb/orang..
2Wahana lain bayar juga..",2022-07-31T06:44:22.334Z,Iyans Kusoy50,113708213549728963626,True,0,id,2026-05-04T16:53:27.458917
ChZDSUhNMG9nS0VJQ0FnSURPdXNIbE5nEAE,ChIJG-rsHBoXby4RrqSTh-Sr6DY,Curug Jurang Landung,Kuningan,Wisata,5,Alhamdulillah bisa bawa tamu dari Korea Selatan good looking. ☺☺☺,2022-07-12T15:43:53.976Z,noer shauqi,110751651635102265737,False,2,id,2026-05-04T16:53:27.458941
Ci9DQUlRQUNvZENodHljRjlvT2sxdlJVUmpkbGRoYUhwRWVtWm9TREV5UjNObWRsRRAB,ChIJUSbICdshby4Rr4Dl8JU9Oz4,Telaga Nilam,Kuningan,Wisata,5,"Bening banget,seger🥶😁🫶",2026-04-05T12:53:52.557Z,Desi,117801037854879205602,False,0,id,2026-05-04T16:53:27.459000
Ci9DQUlRQUNvZENodHljRjlvT2xkUGVVaHNRVVZYTVRGRVdtbHVTWHAxVWtOTFZrRRAB,ChIJUSbICdshby4Rr4Dl8JU9Oz4,Telaga Nilam,Kuningan,Wisata,5,"Plus :
1. Harga terjangkau hanya 20k untuk dewasa, 10k untuk anak-anak. Parkir only 15k until 20k
2. Tempat asri dan sederhana (jgn mengharapkan yang kekinian ya, ini kawasan yang asri dan sejuk nuansa alam
3. Air jernih banyak ikan kecil bisa snorkling dan berenang, terdapat sewa ban dll
4. Harga jajanan ramah dikantong, tidak bayar tempat untuk sewa duduk2 for free

Minus :
1. Bener kata orang yang review sebelum nya, ada music dangdutnya sedikit mengganggu ketenangan, namun jika anda suka musik dangdut sangat disarankan kesini ya hahah
Kalo ga suka dangdut, duduknya di pojok belakang, tidak terlalu bising
2.Akses masuk jalan lumayan rusak, kurang terawat.
Mobil oke lah bisa nanjak",2026-04-03T04:29:10.018Z,R. Huang Johnson,112898207422064170452,True,0,id,2026-05-04T16:53:27.459016
Ci9DQUlRQUNvZENodHljRjlvT2pKbk1IUnFNRkIyTkhKSFJGRnJlV0V0VjFJeFlYYxAB,ChIJUSbICdshby4Rr4Dl8JU9Oz4,Telaga Nilam,Kuningan,Wisata,1,Tidak ada yang mau menolong saat ada orang tenggelam dan ada penunggu atau setan yang bisa merebut nyawa orang 😭😭😭👎👎👎👎👎👎👎👎,2026-03-30T07:44:52.267Z,Aldi ansyah,108205392191275173630,False,0,id,2026-05-04T16:53:27.459036
Ci9DQUlRQUNvZENodHljRjlvT25CSmFXVndTVzFmYkVobVJFRmFNWFpCUVhGcGVXYxAB,ChIJUSbICdshby4Rr4Dl8JU9Oz4,Telaga Nilam,Kuningan,Wisata,1,"minggu, 22 maret 2026,saya dan kluarga sy liburan ketempat ini, 2 ank sy dan 1 keponakan sy mengalami tenggelam ank sy sudah teriak mnta tlg tp petugas penyewa ban di skitarnya tdk ad yg menolong nya, sudah 5menit di dlm air, dgn kndisi sy yg lumayan jauh dr ank sy dan tdk ad yg peduli, mnta penanganan medis, tp mlh plangaplongo smua petugasnya, tdk ada petugas keselamatan, dantdk tau protokol menyelatkan org tenggelam",2026-03-24T06:49:09.535Z,ratu cirebon01,103871686006530810787,False,0,id,2026-05-04T16:53:27.459045
Ci9DQUlRQUNvZENodHljRjlvT2xCUVZHTXlPVEZITUhOZllrczVlazlGTlZsVVEyYxAB,ChIJUSbICdshby4Rr4Dl8JU9Oz4,Telaga Nilam,Kuningan,Wisata,5,Detailed attention to things like light switch plates and door handles that I never think to clean but are apparently super germy,2026-03-08T02:21:00.189Z,Eliysha Chantika,115777026812611030256,False,0,en,2026-05-04T16:53:27.459054
Ci9DQUlRQUNvZENodHljRjlvT2xCVFpVSjRaMnh6WDIxWFFXSlBWSGxLVjJ0SU5sRRAB,ChIJUSbICdshby4Rr4Dl8JU9Oz4,Telaga Nilam,Kuningan,Wisata,5,"airnya bening, yang butek pikiran Lu !!!!!",2026-02-21T14:56:49.988Z,han,106697202513972323774,False,0,id,2026-05-04T16:53:27.459063
Ci9DQUlRQUNvZENodHljRjlvT25wYVgyNWxhRVYzYVVGcmIyaHRORGRVUmxSbmRXYxAB,ChIJUSbICdshby4Rr4Dl8JU9Oz4,Telaga Nilam,Kuningan,Wisata,5,Sejuk asri adem,2025-12-31T08:16:16.090Z,Rido Gonjot,110775101441680361569,False,0,id,2026-05-04T16:53:27.459103
ChdDSUhNMG9nS0VJQ0FnSUREbmVMVy1RRRAB,ChIJUSbICdshby4Rr4Dl8JU9Oz4,Telaga Nilam,Kuningan,Wisata,5,"Secara keseluruhan baik, namun sayang ada musiknya (dangdutan atau semacamnya). Kita ke sini tujuannya bukan mau dengar hingar bingar musik, suara alam lebih sesuai dengan objek wisatanya, kalau mau dengar musik tidak perlu jauh jauh harus datang ke sini.

Tolong dipertimbangkan lagi.",2025-12-29T23:30:33.117Z,Abdullah,105964816494659437283,False,0,id,2026-05-04T16:53:27.459112
Ci9DQUlRQUNvZENodHljRjlvT21oaVJXcFdjbkJsU1ZKMGJEQmxXRkZCY1VKSVJWRRAB,ChIJUSbICdshby4Rr4Dl8JU9Oz4,Telaga Nilam,Kuningan,Wisata,1,Sukses selalu untuk pkbm albaqir,2025-12-07T02:54:01.529Z,De Fariyah,113475084704651123570,False,0,id,2026-05-04T16:53:27.459148
Ci9DQUlRQUNvZENodHljRjlvT25GM2JHRlNNRXR3VFhBd1FuVTFRMlJaUmt4V1UyYxAB,ChIJMRVjNwAXby4RD8sHC-GLIig,Agrowisata Pakuwon,Kuningan,Wisata,5,"Tempat yg bagus untuk wisata Agro 😎👍 Pemandangan yg Indah Gunung Ciremai, udara yg sejuk, orang2 yg ramah. Pokoknya recommended",2026-05-02T23:46:42.430Z,ranto surapraja,100265134414800485020,True,0,id,2026-05-04T16:53:27.459168
Ci9DQUlRQUNvZENodHljRjlvT21KRVpsZE1aMGRvY25GcmFrRjZPSFZzZUVwR1gyYxAB,ChIJMRVjNwAXby4RD8sHC-GLIig,Agrowisata Pakuwon,Kuningan,Wisata,5,"Viewnya ciremai yg sangat indah,di kelilingi kebun jambu, jd kalian disini bisa sambil belanja jambu jagung sayuran ada, jangan khawatir kelaparan ada indomie dan makanan lainnya,bisa papalidan yg bikin seru ada kolam renang juga, Masuknya 7rb kalau weekend,ada gazebo,mushola,oke laa yaa ajak keluarga kesini, rekomendasi pakai motor krn Hiden gem gitu,klo naik mobil bisa cmn parkir agak lumayan jauh yaa, tapi ada ojeg yaa gaes,",2026-04-26T10:21:54.352Z,Diana megawati,112255732742804200561,True,0,id,2026-05-04T16:53:27.459185
Ci9DQUlRQUNvZENodHljRjlvT2pObU4xOUtlbE00YkhWMGFWSm1WMnBtVldsT2NuYxAB,ChIJMRVjNwAXby4RD8sHC-GLIig,Agrowisata Pakuwon,Kuningan,Wisata,5,"Wisata murah meriah di kampung..
Semoga semakin maju dan sukses ya...",2026-04-18T09:20:10.614Z,Wifa defa Anjani,117354013407845631420,True,0,id,2026-05-04T16:53:27.459208
Ci9DQUlRQUNvZENodHljRjlvT21acU1WQkpaRWw2UVZKbGEwNXZTbGc0T0ZSVGMwRRAB,ChIJMRVjNwAXby4RD8sHC-GLIig,Agrowisata Pakuwon,Kuningan,Wisata,4,Aprovval nih buat wisata Agro nya oleh2 nya murah dan segar,2026-04-11T14:36:21.780Z,azis muslim kopla,116697097315172098468,False,0,id,2026-05-04T16:53:27.459224
Ci9DQUlRQUNvZENodHljRjlvT2xobVJFSmZVelZxTkRWSFZFMWlhVTlZVUZSNU1FRRAB,ChIJMRVjNwAXby4RD8sHC-GLIig,Agrowisata Pakuwon,Kuningan,Wisata,5,"Agrowisata Pakuwon Kuningan
Jika kamu sedang mencari tempat wisata alam yang sejuk sekaligus edukatif di Jawa Barat, Agrowisata Pakuwon Kuningan bisa menjadi pilihan yang tepat. Tempat ini menawarkan pengalaman berwisata yang berbeda, yaitu menikmati keindahan alam sambil mengenal dunia pertanian secara langsung.

🌄 Suasana & Keindahan Alam
Berada di kawasan Kuningan yang terkenal dengan udara sejuknya, Agrowisata Pakuwon Kuningan menghadirkan suasana yang asri dan menenangkan. Dikelilingi oleh pepohonan hijau, kebun, dan pemandangan perbukitan, tempat ini cocok untuk melepas penat dari aktivitas sehari-hari.
Udara segar dan suasana yang jauh dari kebisingan kota membuat pengunjung bisa benar-benar menikmati waktu santai bersama keluarga atau teman. Pagi hari menjadi waktu terbaik karena udara masih sangat bersih dan segar.

🌱 Konsep Wisata Edukatif
Salah satu daya tarik utama tempat ini adalah konsep agrowisata edukatif. Pengunjung tidak hanya datang untuk berlibur, tetapi juga bisa belajar tentang berbagai hal yang berkaitan dengan pertanian dan perkebunan.

Beberapa aktivitas yang bisa dilakukan di sini:
🌾 Melihat proses bercocok tanam secara langsung
🍓 Memetik buah atau hasil kebun (tergantung musim)
🌿 Mengenal berbagai jenis tanaman
👨‍👩‍👧 Wisata edukasi untuk anak-anak dan keluarga
Tempat ini sangat cocok untuk kunjungan sekolah atau keluarga yang ingin memberikan pengalaman belajar yang menyenangkan bagi anak-anak.

⭐ Kelebihan Agrowisata Pakuwon Kuningan
Beberapa alasan kenapa tempat ini layak dikunjungi:
🌿 Lingkungan hijau dan alami
🌬️ Udara sejuk khas daerah pegunungan
📸 Banyak spot foto alami yang instagramable
👨‍👩‍👧 Cocok untuk wisata keluarga dan edukasi
🧘 Tempat yang tenang untuk healing

📌 Rekomendasi untuk Pengunjung
Jika kamu berkunjung ke Agrowisata Pakuwon Kuningan, ada beberapa hal yang direkomendasikan:
🍓 Coba aktivitas petik buah jika sedang musim.
📸 Ambil foto di area kebun dan taman yang hijau dan indah.
🌿 Jalan santai menikmati udara segar di area wisata.
👨‍👩‍👧 Ajak keluarga atau anak-anak untuk pengalaman edukatif.

💡 Tips Berkunjung
Agar kunjungan lebih maksimal:
✔️ Datang di pagi hari untuk udara yang lebih segar.
✔️ Gunakan pakaian santai dan nyaman.
✔️ Siapkan kamera atau HP untuk mengabadikan momen.
✔️ Perhatikan musim buah jika ingin mencoba petik langsung.

⭐ Kesimpulan
Agrowisata Pakuwon Kuningan merupakan destinasi wisata yang memadukan keindahan alam dengan edukasi pertanian. Tempat ini sangat direkomendasikan bagi pengunjung yang ingin menikmati suasana hijau, udara segar, serta pengalaman wisata yang berbeda dan bermanfaat.

📱 Hashtag
#agrowisatapakuwon
#pakuwonkuningan
#wisataku ningan
#kuningan
#wisataalam
#agrowisata
#explorekuningan
#healingtime
#wisatakel uarga
#jalanjalan
#visitkuningan
#alamindonesia
#liburanseru
#edukasiwisata
#travelindonesia 🌿🌄",2026-03-30T11:34:30.567Z,WIWASTA_DGS,111051904350299532463,True,0,id,2026-05-04T16:53:27.459262
Ci9DQUlRQUNvZENodHljRjlvT2tKclpXSmFjMUExZWtwMFlYaENaRFZMUm1kelkxRRAB,ChIJMRVjNwAXby4RD8sHC-GLIig,Agrowisata Pakuwon,Kuningan,Wisata,5,"Perlu penambahan petunjuk arah ke tempat wisata, tempat parkir pengunjung, jumlah penjaga dan pelayan area tempat wisata harus disesuaikan dengan kebutuhan kondisi skrg dirasa masih kurang, fasilitas toilet dan tempat ibadah masih kurang perlu di evaluasi serius. Selebihnya untuk biaya luar biasa relatif murah sbagai menarik minat pengunjung, stand / warung jajanan juga relatif murah sekelas di tempat wisata. Evaluasi agar lebih baik dan bisa bermanfaat untuk roda perekonomian masyarakat setempat dan pertahankan yang sudah baik agar lebih baik lagi. Bravo",2026-03-27T03:27:02.053Z,Beta Putri,116331598486991466152,False,0,id,2026-05-04T16:53:27.459280
Ci9DQUlRQUNvZENodHljRjlvT2pGM1FWRmpOWHBYTmt0Tk1ETlhkVUpUUkU5TGJXYxAB,ChIJMRVjNwAXby4RD8sHC-GLIig,Agrowisata Pakuwon,Kuningan,Wisata,3,"seru buat tubing kecil kecilan alias papalidan,
bayar 5k/ban untuk tubingnya 3x main.
tiket masuk 7-10k, worth it lah buat cuci mata liat yg hejo hejo mah.
biaya parkir 5k/motor

kolam renangnya cuma 2,mana dangkal lagi.
saran tambah kolam renangnya lagi untuk dewasa 1,5 - 2 meter lah kedalamannya. enak bgt airnya dingin, tapi keruh.

wastafelnya masa airnya matii siih

tolong tambah fasilitas toilet dan ganti pakaian. antriannya pjg bgt bgt

untuk kedainya masih oke harga masih murah. gorengan 1k/pcs, untuk per mie-an 10k. tapi mie nya ga kasih sayur, padahal di sawah sayur berlimpah😅😅 yg mau minta cabe potong request aja ke mamang waiters nyaa.
tapi mesti bawa tiker sendiri kecuali yg udah sewa gazebo.

ada warung seblak prasmanan juga deket situ, namanya saung Eurih
seblaknya mayan enak. tempatnya juga enak buat nunggu atau kongkow,.
tapi minusnya ada org karaokean yg menurut gw suaranya zzzzzzzzzzz (merusak suasana)

sekian",2026-03-23T07:53:18.920Z,Lusi Rahmawati,108136053236956544569,True,0,id,2026-05-04T16:53:27.459299
Ci9DQUlRQUNvZENodHljRjlvT2tkRGJUbEpNbGx1YjBsWVJVMVVhbmh3V25salJXYxAB,ChIJMRVjNwAXby4RD8sHC-GLIig,Agrowisata Pakuwon,Kuningan,Wisata,1,"wisata gajelas, tempat umum gaada, kalo misalkan tempat nya komersil harus nya ada pemberitahuan ini ngga ada, kecewa",2026-03-23T06:01:16.217Z,Abdul Arif,114583499546584142772,False,0,id,2026-05-04T16:53:27.459308
Ci9DQUlRQUNvZENodHljRjlvT2sxcWMxSk9WbmN5V2tKWGNXMDRWREpCT1MxeVNtYxAB,ChIJMRVjNwAXby4RD8sHC-GLIig,Agrowisata Pakuwon,Kuningan,Wisata,1,"Pengalaman yang kurang baik, tempat cukup luas untuk bermain tapi tempat pemesanan makanan
Di dalem hanya 1jadi sangat antri lama ,dan pengantaran makanannya sangat lama di setiap kran dan kamar mandi pun mati ketika saya kesitu",2026-03-22T10:00:20.845Z,puttry rahayu,108855875029856559082,False,0,id,2026-05-04T16:53:27.459318
Ci9DQUlRQUNvZENodHljRjlvT25GME5uTnFaMUl0VlhKSk5Xd3lTMWRSVVVjd1puYxAB,ChIJuTgSQ2AVby4RZn9rb78lboo,Situ Wulukut,Kuningan,Wisata,1,"Jalannya jelek ,bikin kapok mana jauh banget",2025-09-04T16:56:57.069Z,Lala Naila,106092271515902185023,False,0,id,2026-05-04T16:53:27.459334
Ci9DQUlRQUNvZENodHljRjlvT2paV1pVMVZNR2cxTTA1U2VrYzFlVkJ5VFdkelVXYxAB,ChIJuTgSQ2AVby4RZn9rb78lboo,Situ Wulukut,Kuningan,Wisata,2,"Jln ny ekstrim bgt , pas aku kesitu sama temen aku lagi renov :(",2025-09-04T16:40:00.341Z,faza mufarokha,116291823238814013329,False,0,id,2026-05-04T16:53:27.459347
Ci9DQUlRQUNvZENodHljRjlvT210MmFFZHFUVVJXYkdOQ1RHZzFibVpSVjJkMk4yYxAB,ChIJuTgSQ2AVby4RZn9rb78lboo,Situ Wulukut,Kuningan,Wisata,1,Sangat kecewa dari jalan menuju lokasi sangat buruk.fasilitas kurang banget .dan aturan yang aneh .,2025-09-04T06:10:47.875Z,Repan Dzikrullah,106471356859057398322,False,0,id,2026-05-04T16:53:27.459356
Ci9DQUlRQUNvZENodHljRjlvT2toQlMzUkNhVGR2YnpGRWVGbEhkekpCYkZwMmFIYxAB,ChIJuTgSQ2AVby4RZn9rb78lboo,Situ Wulukut,Kuningan,Wisata,4,Real adventurous and hidden lake,2025-07-12T13:10:39.068Z,Budi Erianto Nuswanto,112428076084406309003,True,0,en,2026-05-04T16:53:27.459379
ChZDSUhNMG9nS0VPYWl5OFc5MUtyYll3EAE,ChIJuTgSQ2AVby4RZn9rb78lboo,Situ Wulukut,Kuningan,Wisata,5,"Destinasi wisata yang memadukan telaga dengan pemandangan alam. Suasana asri dan alami terpancar di sekitar. Hawa udaranya sejuk. Dingin menusuk kulit. Cocok buat healing sendiri ataupun bersama keluarga. Ohya, untuk menuju kesini perlu perjuangan. Jalan naik turun. Agak terjal. Tracking tipis-tipis diberi bonus pemandangan alam. Sudah ada mushola, toilet serta warung-warung yang menjajakan makanan dan minuman. Harga standar. Wisata murah meriah di situ wulukut.",2025-06-15T06:12:48.342Z,Bowo Ardianto,100239465600136897078,True,0,id,2026-05-04T16:53:27.459396
Ci9DQUlRQUNvZENodHljRjlvT25SeWRYSldYMWw0WmpCM05GbE9SMmszVEV4U00yYxAB,ChIJuTgSQ2AVby4RZn9rb78lboo,Situ Wulukut,Kuningan,Wisata,5,bgus sumpah sayang jauh aja dri pemungkiman jdi agak mlosok cuma bgus bgtt hrga tiket juga murah,2025-06-15T00:31:34.827Z,Suci Apridah,102587685819535634022,False,0,id,2026-05-04T16:53:27.459405
ChdDSUhNMG9nS0VJQ0FnTUNZN05QVnVnRRAB,ChIJuTgSQ2AVby4RZn9rb78lboo,Situ Wulukut,Kuningan,Wisata,5,"Masih asri, udara nya menyegarkan, bagus buat foto2",2025-05-02T08:34:10.345Z,Afif's Channel,105438863174014711154,True,0,id,2026-05-04T16:53:27.459413
ChdDSUhNMG9nS0VJQ0FnTURvbFBUcWlRRRAB,ChIJuTgSQ2AVby4RZn9rb78lboo,Situ Wulukut,Kuningan,Wisata,5,Pernah berkunjung kesini kerumah sodara,2025-04-22T04:38:26.559Z,Hack Back,108459535160953077509,False,0,id,2026-05-04T16:53:27.459422
ChZDSUhNMG9nS0VJQ0FnSUQwaFlLWUlBEAE,ChIJuTgSQ2AVby4RZn9rb78lboo,Situ Wulukut,Kuningan,Wisata,5,tempat nya bagus sih kalo bukan musim kemarau,2025-04-08T03:35:21.526Z,Jaka Seruni,108803439623635888824,False,0,id,2026-05-04T16:53:27.459430
ChdDSUhNMG9nS0VJQ0FnTUNJLXNXVDlnRRAB,ChIJuTgSQ2AVby4RZn9rb78lboo,Situ Wulukut,Kuningan,Wisata,5,Ada ikannya gk sih dstu?,2025-04-01T11:29:18.680Z,Ali Mubarok,112712528174007082666,False,0,id,2026-05-04T16:53:27.459438
ChZDSUhNMG9nS0VJQ0FnSUNmMGNiR2J3EAE,ChIJuTgSQ2AVby4RZn9rb78lboo,Situ Wulukut,Kuningan,Wisata,5,"Cukup Hidden gem, Jalanannya kecil dan terjal, tapi keren si, berasa tenang.
Ga terlalu rame, mungkin karna aksesnya terbatas, tapi suasana yg tidak terlalu ramai itulah yang ngebuat nyaman.",2024-12-30T01:26:21.017Z,Ahmad Nurhamidin,109084690544596115399,False,0,id,2026-05-04T16:53:27.459466
ChdDSUhNMG9nS0VJQ0FnSUMzbGVTSnhRRRAB,ChIJuTgSQ2AVby4RZn9rb78lboo,Situ Wulukut,Kuningan,Wisata,5,tempatnya bagus bngtt apalagi bisa buat ngegalau wkwk,2024-11-07T15:37:31.645Z,Annisa NurulSanti,116691872995550678902,False,0,id,2026-05-04T16:53:27.459477
ChdDSUhNMG9nS0VJQ0FnSURuaUtLSm5nRRAB,ChIJuTgSQ2AVby4RZn9rb78lboo,Situ Wulukut,Kuningan,Wisata,5,"Tempat yang menarik, cocok untuk healing. Suasana sejuk, sepi, bersih. Tersedia musola, toilet, dan beberapa warung. Harap berhati-hati jika menuju Situ, jalan cukup terjal dan bebatuan.",2024-10-02T12:49:43.752Z,Arif Hidayat,113413694180420943845,True,0,id,2026-05-04T16:53:27.459486
ChZDSUhNMG9nS0VJQ0FnSURILWRpeUV3EAE,ChIJuTgSQ2AVby4RZn9rb78lboo,Situ Wulukut,Kuningan,Wisata,5,"Nyaman
Tenang adem pokok nya jauh dari kata bising",2024-09-18T00:23:44.018Z,Jenggot Naga 29,117048557871799842636,True,0,id,2026-05-04T16:53:27.459494
Ci9DQUlRQUNvZENodHljRjlvT2tKSFRrRkdRM1YyVTI1ak5Hd3hiVVJuTlY5dlgwRRAB,ChIJ01GoymgXby4Rgpc_Dp483CU,Wisata Talaga Surian,Kuningan,Wisata,5,"tempatnya rekomend bgttt, tiket masuk murah, air nya dingin puoll, kalo pagi kabutnya mantep, disediakan mushola juga",2026-04-30T15:49:00.914Z,Elis Sulistiyawati,111625961561908634633,True,0,id,2026-05-04T16:53:27.459502
Ci9DQUlRQUNvZENodHljRjlvT25NMlkxbG1TRzFNY1ZORU9VVTNXV0YyYkVNelZsRRAB,ChIJ01GoymgXby4Rgpc_Dp483CU,Wisata Talaga Surian,Kuningan,Wisata,5,Talaga anu endah,2026-03-08T12:26:44.701Z,Angga Docx,103284869265789072079,True,0,su,2026-05-04T16:53:27.459518
Ci9DQUlRQUNvZENodHljRjlvT2pZM1JWRjVVREp6TXpjM1lUZzVjREV4VkZkRVVVRRAB,ChIJ01GoymgXby4Rgpc_Dp483CU,Wisata Talaga Surian,Kuningan,Wisata,1,"Saya kasih bintang satu buat pengelolanya pada sombong plus bahasa nya terlalu arogan  jauh""dari serang buat ngadem tenangin pikiran malah music dan karokean dangdut berasa di pasar pada tereak""",2025-12-13T17:39:41.853Z,sella,117101452477133390248,False,0,id,2026-05-04T16:53:27.459534
Ci9DQUlRQUNvZENodHljRjlvT2taWFYwNUhWRmxWWVZCck5FZzJZVmt5TFVoV09XYxAB,ChIJ01GoymgXby4Rgpc_Dp483CU,Wisata Talaga Surian,Kuningan,Wisata,1,"Tgl 11 Oktober 2025. Tepatnya jam 00.45 kami sekeluarga tidak bisa tidur, ada segerombolan anak sekolah sampai dengan jam 00.45 masih saja setel musik , , padahal sayang ya tempatnya yg bagus dan asri. Coba untuk pengelolanya agar di buat peraturan",2025-10-10T17:51:36.919Z,giska ardy wilaga ardy,105390616307376585412,False,0,id,2026-05-04T16:53:27.459545
Ci9DQUlRQUNvZENodHljRjlvT210MU1FeDRSazVxTW5GSWJXeExZa3g1VkMxeE9XYxAB,ChIJ01GoymgXby4Rgpc_Dp483CU,Wisata Talaga Surian,Kuningan,Wisata,2,"Bintang 1 buat yang jaga di pintu masuk sagof cewe 2 najis minta ampun judes katanya gaboleh masuk keatas. Padahal saya sudah bilang mau ke sagof, dan gak mau ke tempat wisata yg diatas, masih di kasih peringatan dengan bahasa yang keras dan tidak sopan . tolong di tindak pegawai yang modelan begini yang bisa nge hambat pertumbuhan ekonomi para pelaku bisnis nya.",2025-09-26T05:16:40.237Z,sri sugirihati,116958176653130280689,True,0,id,2026-05-04T16:53:27.459561
Ci9DQUlRQUNvZENodHljRjlvT25rek1rOTFVM2xhY0VZMVZTMUlkRVpoYmpWR00wRRAB,ChIJ01GoymgXby4Rgpc_Dp483CU,Wisata Talaga Surian,Kuningan,Wisata,3,"View bagus
2kali kemah gak ada live musik Tp Makin ke sini jadi ada live musik mana dangdutan suara keras banget😭 jadi tidur gak nyenyak karena berisik saran untuk kedepannya jam untuk live musiknya di kurangin. Kita dri kota niat liburan malah makin rungkad denger dangdutan. Trs saran kedua tendanya tolong di cuci dapet tenda yang dalem penutupnya kotor banget biar makin nyaman. Untuk mas pengelola nya sih baik ramah 👍

Harga makanan/minuman warung di sini mahal yang mau ke sini bawa perbekalan sendiri aja biar hemat",2025-08-02T15:59:00.226Z,Rahmat,108921497481470991336,False,0,id,2026-05-04T16:53:27.459569
Ci9DQUlRQUNvZENodHljRjlvT2pScVpVeDNRMDl5VFZCTlZuWndWMDlUYldNNFlVRRAB,ChIJ01GoymgXby4Rgpc_Dp483CU,Wisata Talaga Surian,Kuningan,Wisata,5,View dr telagasurian sangat bagus,2025-06-29T15:06:50.555Z,Rudi Wildan84,108400636233991233427,False,0,id,2026-05-04T16:53:27.459580
ChZDSUhNMG9nS0VPX0ctdUdwMExxTWZREAE,ChIJ01GoymgXby4Rgpc_Dp483CU,Wisata Talaga Surian,Kuningan,Wisata,1,"Buruk sekali pengelolanya.
Nyesel
Cari tempat camping yang lain deeh selain ini",2025-05-29T03:39:30.878Z,miracle,110546596882479093016,False,0,id,2026-05-04T16:53:27.459588
ChdDSUhNMG9nS0VNai1oYzY4NGUyZzBBRRAB,ChIJ01GoymgXby4Rgpc_Dp483CU,Wisata Talaga Surian,Kuningan,Wisata,3,"The place is quite cool, comfortable, and beautiful.
The entrance ticket is 15k per person including motorbike/car parking.
This is a camping area, if you are going to camp, pay 20k by bringing your own equipment.
You can also rent tents and hammocks.
Photo spots are mainly pine trees, at night maybe the twinkling lights of Kuningan city will be visible.
We didn't get to the lake, so we can't tell you (not sure if the lake is still there?).
Enjoy the photos.",2025-05-19T03:34:03.579Z,Iskandar Zulkarnain,102020397900890798123,True,0,en,2026-05-04T16:53:27.459596
ChZDSUhNMG9nS0VJQ0FnTUNncmYzSUFREAE,ChIJ01GoymgXby4Rgpc_Dp483CU,Wisata Talaga Surian,Kuningan,Wisata,5,"Tempatnya bagus, nyaman, sejuk dan cocok untuk liburan",2025-02-19T23:11:44.576Z,Feri Ramdani,112479330999328336573,False,0,id,2026-05-04T16:53:27.459604
ChdDSUhNMG9nS0VJQ0FnSURucnVIRjhnRRAB,ChIJ01GoymgXby4Rgpc_Dp483CU,Wisata Talaga Surian,Kuningan,Wisata,5,Wisata alam cocok buat keluarga,2024-10-06T00:42:39.468Z,yugo766,102284581145989828327,True,0,id,2026-05-04T16:53:27.459625
ChdDSUhNMG9nS0VJQ0FnSUNIdmIyZzF3RRAB,ChIJ01GoymgXby4Rgpc_Dp483CU,Wisata Talaga Surian,Kuningan,Wisata,1,"Udh booking dari seminggu yg lalu pas nyampe tempat tendanya malah diikasiin ke org lain, terus terpaksa dadakan dibikinin tenda yg asal2an",2024-09-08T01:32:26.233Z,Amelia,117057997235967776803,False,0,id,2026-05-04T16:53:27.459639
ChZDSUhNMG9nS0VJQ0FnSURiNTdPS1F3EAE,ChIJ01GoymgXby4Rgpc_Dp483CU,Wisata Talaga Surian,Kuningan,Wisata,5,Tempatnya indah dan bagus untuk spot foto foto,2024-08-10T07:36:28.593Z,Jaf Ar,106829434901125689071,True,0,id,2026-05-04T16:53:27.459646
Ci9DQUlRQUNvZENodHljRjlvT2toWFNHaFpNbkl5UTNCTE1ESTBPWEZzVG5kaFYxRRAB,ChIJUSbICdshby4Rr4Dl8JU9Oz4,Telaga Nilam,Kuningan,Wisata,1,"dengan htm 20k tapi saya tdkk puas dengan fasilitasnya dan juga kalo ke kamer ganti harus bayar lagi, tolong perbaiki terlebih dhulu kamer gantinya...",2025-09-12T12:55:10.716Z,Mulya Ayu,107955434303853345435,False,0,id,2026-05-04T16:53:27.459661
Ci9DQUlRQUNvZENodHljRjlvT2xsc1ZXeEVUMHd4Umpac01sZzFYMjVPUmpCZk9XYxAB,ChIJUSbICdshby4Rr4Dl8JU9Oz4,Telaga Nilam,Kuningan,Wisata,1,Sebenernya asik tp gak sesuai ekspektasi. Masa ruang ganti aja bayar lagi,2025-07-07T10:52:54.268Z,Kriswanto Ad,110266834280909217927,True,0,id,2026-05-04T16:53:27.459675
Ci9DQUlRQUNvZENodHljRjlvT21SRk4yaEJRakkzT0VnMmFYcHZRV0ZhUVdKSmRrRRAB,ChIJUSbICdshby4Rr4Dl8JU9Oz4,Telaga Nilam,Kuningan,Wisata,1,Fasilitas minim ruang ganti harus bayar lagi,2025-07-07T10:51:19.428Z,Titi Sosis,101168958381804446640,False,0,id,2026-05-04T16:53:27.459683
Ci9DQUlRQUNvZENodHljRjlvT2xSWFNrZHVOVE5FVEd0VlQxVjRjSEpaUVdOV1VuYxAB,ChIJUSbICdshby4Rr4Dl8JU9Oz4,Telaga Nilam,Kuningan,Wisata,4,"sebenernya buat saya yang mahasiswa, tiket 20 ribu sedikit agak mahal. tapi memang terbayar dengan banyaknya gazebo yang bisa ditempati, banyak warung, toilet, bahkan kolam kecil.
sangat cocok untuk datang bersama keluarga.
recommended!",2025-06-25T02:02:12.233Z,zacky fathurohman,116503158700931383305,True,0,id,2026-05-04T16:53:27.459696
ChdDSUhNMG9nS0VQMzhrN0RyMGItZjh3RRAB,ChIJUSbICdshby4Rr4Dl8JU9Oz4,Telaga Nilam,Kuningan,Wisata,5,Saran adakan live musik atau tempat untuk bernyanyi,2025-05-20T04:40:51.504Z,Harmono 77,111025541590292151196,True,0,id,2026-05-04T16:53:27.459718
ChdDSUhNMG9nS0VJQ0FnSUNDMWFQNG9RRRAB,ChIJUSbICdshby4Rr4Dl8JU9Oz4,Telaga Nilam,Kuningan,Wisata,5,"Pas buat keluarga, bisa sambil renang, nyelam. Airnya jernih dan murni dari sumber mata air. Sayangnya tiket tambah naik aja. Pernah bawa anak sekolah sekitar 250 orang yg dapat diskon hanya gurunya saja. Padahal biaya pemeliharaan kolah juga sedikit.",2025-05-16T06:22:31.379Z,Supriyatna Machmud,111829667777870243446,True,0,id,2026-05-04T16:53:27.459725
ChdDSUhNMG9nS0VJQ0FnTUN3MU12WTR3RRAB,ChIJUSbICdshby4Rr4Dl8JU9Oz4,Telaga Nilam,Kuningan,Wisata,5,"Spot cantik utk refreshing, tidak terlalu luas tapi asik.. apalagi yg suka main air.. seger banget.
Puas.",2025-03-16T21:50:45.349Z,ZEMSBROW !,110312095236965114426,True,0,id,2026-05-04T16:53:27.459753
ChdDSUhNMG9nS0VJQ0FnTUNBcU1tNTJBRRAB,ChIJUSbICdshby4Rr4Dl8JU9Oz4,Telaga Nilam,Kuningan,Wisata,5,"bagusss poollll, sekeluarga sering kesini kalau liburan. karena tempatnya juga deket sama rumah sepupu jauh, jadi sering banget kesini. airnya dingin polll, gorengan yang di warung deket telaganya jugaaa enakkk, paling pas kalau lagi istirahat abis berenang makan gorengan di sana. ga terlalu banyak sampah, tapi mungkin ada beberapa fasilitas yg tidak bisa dipakai karrna sudah termakan waktu  tapi tetap worth it siii tempatnyaaa.",2025-01-29T07:42:34.415Z,Hayley Bryson,110838943799336026037,False,0,id,2026-05-04T16:53:27.459767
ChZDSUhNMG9nS0VJQ0FnSUR2by16emFBEAE,ChIJUSbICdshby4Rr4Dl8JU9Oz4,Telaga Nilam,Kuningan,Wisata,1,"Harga tiket masuk gak kira2, fasilitas tidak ada taman bermain,",2024-12-23T14:55:10.414Z,Bang berik Papae qeysha,109254056988598804215,True,0,id,2026-05-04T16:53:27.459775
ChdDSUhNMG9nS0VJQ0FnSURuNWRfeS13RRAB,ChIJUSbICdshby4Rr4Dl8JU9Oz4,Telaga Nilam,Kuningan,Wisata,5,"Airnya jernih banget, dingin pula bisa untuk berenang ataupun hanya untuk sekedar piknik bersama keluarga 🤩",2024-10-08T03:48:01.760Z,Anggita Putri,118336373916339307463,False,0,id,2026-05-04T16:53:27.459802
Ci9DQUlRQUNvZENodHljRjlvT2tkNlp6RnVjbUpDTTJ0bmRVZG1SUzFrWjNvMk5WRRAB,ChIJMRVjNwAXby4RD8sHC-GLIig,Agrowisata Pakuwon,Kuningan,Wisata,5,"Main kesini seru banget, tapi kalo bisa toiletnya tambah lagi ya",2026-02-27T02:05:00.320Z,Sri Wahyuni,107964335426047185325,True,0,id,2026-05-04T16:53:27.459810
Ci9DQUlRQUNvZENodHljRjlvT25Wd1RYQlZXVVZGY0d4dVltZFdWMUZ6Vm1WcmNIYxAB,ChIJMRVjNwAXby4RD8sHC-GLIig,Agrowisata Pakuwon,Kuningan,Wisata,5,"First time with her biarpun bungga nya blm mekar, tp air di tempat bilas nya ktor",2026-02-15T01:33:43.425Z,Vincent Fredrick,107554606720638818408,False,0,id,2026-05-04T16:53:27.459825
Ci9DQUlRQUNvZENodHljRjlvT2xCWk1uSmhWa1ZKWW5NMVNVbGtPVFpwYjNkalQyYxAB,ChIJMRVjNwAXby4RD8sHC-GLIig,Agrowisata Pakuwon,Kuningan,Wisata,5,wisata papalidan,2026-01-23T18:35:29.506Z,Wawan Setiawan,112006707963834357841,True,0,su,2026-05-04T16:53:27.459858
Ci9DQUlRQUNvZENodHljRjlvT21GRmVWcElTRlJ4ZG1GT1VVVkxUMUJVZGxsaVRYYxAB,ChIJMRVjNwAXby4RD8sHC-GLIig,Agrowisata Pakuwon,Kuningan,Wisata,5,Suasana pedesaan yang asli dan pedagang sayur murah meriah,2026-01-19T10:45:08.413Z,Kholifah Olip,114903363924682951511,False,0,id,2026-05-04T16:53:27.459895
Ci9DQUlRQUNvZENodHljRjlvT2t3M1drcHhTbEJSU1UxTExYUmZkbVV0VVY5V1IzYxAB,ChIJMRVjNwAXby4RD8sHC-GLIig,Agrowisata Pakuwon,Kuningan,Wisata,5,Seru banget dan view nya langsung ke sawah  dan sejuk banget,2026-01-19T02:14:04.700Z,helda Ajeng,110533291683499775295,False,0,id,2026-05-04T16:53:27.459904
Ci9DQUlRQUNvZENodHljRjlvT2kxVWREUlRSVEZZTFZWbk1EaGFUWGxhZUZGbWJYYxAB,ChIJMRVjNwAXby4RD8sHC-GLIig,Agrowisata Pakuwon,Kuningan,Wisata,5,"Wisata dengan udara yang sejuk dan menyenangkan mata. Dengan biaya masuk Rp7000 dan parkir motor Rp5000. Untuk bisa sampai ke tempat ini lebih mudah menggunakan sepeda motor, namun jalannya menegangkan. Bisa menggunakan mobil, cuma harus jalan kaki lumayan jauh atau menggunakan jasa ojeg. Di sini juga bisa rafting 3x putaran dengan membayar hanya Rp5000 saja.",2026-01-18T15:07:12.160Z,Langkah Senja,114140855981477513406,True,0,id,2026-05-04T16:53:27.459913
Ci9DQUlRQUNvZENodHljRjlvT2tOVlJ6SnVXa2Q1YmpGRlJURktORVZ0UTB0dmMxRRAB,ChIJMRVjNwAXby4RD8sHC-GLIig,Agrowisata Pakuwon,Kuningan,Wisata,1,"Maaf saran aja, wc nya harus ada yg misah sama kamar mandi biar yg mau ke wc ga ngantri sama yg mau bilas, terus kamar bilasnya harus di perbanyak biar ga pada nunggu",2026-01-16T09:14:24.803Z,Arief Hidayat,114327122273555677031,True,1,id,2026-05-04T16:53:27.459922
Ci9DQUlRQUNvZENodHljRjlvT21aeFRWSmlaR2hmTWtaSmNteElOVWRCUlZkNk4yYxAB,ChIJMRVjNwAXby4RD8sHC-GLIig,Agrowisata Pakuwon,Kuningan,Wisata,5,"Tempat yang pas untuk mengajak keluarga, bisa beli sayuran ditempat pokcoy jambu biji dll.",2026-01-14T01:30:26.715Z,Ita Ratna Susanti,115050375102252812310,True,0,id,2026-05-04T16:53:27.459939
Ci9DQUlRQUNvZENodHljRjlvT2poTE5sQnBaVXR4VFdGTmRXZFNjbk5rVFMweWNrRRAB,ChIJMRVjNwAXby4RD8sHC-GLIig,Agrowisata Pakuwon,Kuningan,Wisata,5,Sangat menarik biza melihat petani bercocok tanam dan sekaligus bisa mendapatkan hasil panennya..,2026-01-04T12:20:06.701Z,Yusuf hppi,106425591206909823644,True,0,id,2026-05-04T16:53:27.459970
Ci9DQUlRQUNvZENodHljRjlvT2w4M1RYRnVWV1JtYlRCMVZrTmxURUp5ZDFkRk5HYxAB,ChIJMRVjNwAXby4RD8sHC-GLIig,Agrowisata Pakuwon,Kuningan,Wisata,4,Bagusss. . Rekomen,2026-01-03T04:34:01.950Z,Nita Sharma,103838849523661235277,False,0,id,2026-05-04T16:53:27.459979
ChZDSUhNMG9nS0VJQ0FnSUNibTU2SlV3EAE,ChIJ01GoymgXby4Rgpc_Dp483CU,Wisata Talaga Surian,Kuningan,Wisata,5,Tempat nya bikin segar pikiran,2024-07-30T05:46:29.081Z,Yanto Riyanto,108332148899210980293,True,0,id,2026-05-04T16:53:27.459998
ChZDSUhNMG9nS0VJQ0FnSUNidXVEZUJ3EAE,ChIJ01GoymgXby4Rgpc_Dp483CU,Wisata Talaga Surian,Kuningan,Wisata,4,"Wisata perkemahan lagi naik daun dikuningan, salah satunya telaga surian. Berkemah tanpa takut kelaperan, susah buat nyari toilet atau mushola, karena fasilitas tersebut ada di dekat perkemahan. Turun sedikit ada coffe shop dan resto. Yuk lah gas yang bosen liat pemandangan pohon2 besi, camping liat pohon beneran. 😁",2024-07-26T05:49:58.819Z,anita suwetja,110842831051575474269,True,0,id,2026-05-04T16:53:27.460006
ChZDSUhNMG9nS0VJQ0FnSUNyN191TVVnEAE,ChIJ01GoymgXby4Rgpc_Dp483CU,Wisata Talaga Surian,Kuningan,Wisata,5,"Tiket murah..
Di bawah ada cafe (kalau punya duit ya kesitu) ..",2024-07-12T10:20:02.311Z,M.firman,115188061331421165844,True,1,id,2026-05-04T16:53:27.460014
ChZDSUhNMG9nS0VJQ0FnSUR6ajktM1RBEAE,ChIJ01GoymgXby4Rgpc_Dp483CU,Wisata Talaga Surian,Kuningan,Wisata,5,Suasana sangat nyaman tenang aman dan asri,2024-06-13T11:06:41.476Z,Burhan udin,110340795526902907453,True,0,id,2026-05-04T16:53:27.460034
ChZDSUhNMG9nS0VJQ0FnSURUanJtX0R3EAE,ChIJ01GoymgXby4Rgpc_Dp483CU,Wisata Talaga Surian,Kuningan,Wisata,3,"Ini tempat camping enak dan harga camping ramah di kantong dan warung makan nya harga nya mantap lah dan terjangkau banget....

Tolong pengurus dikasi info bagi yg mau camping disini apabila karaokean dibatasi waktu karokean nya kita camping menikmati alam ini dngrin org karokean sampai 23.22 ngk berhenti2 kalau mau sangat menganggu waktu istirahat",2024-05-24T16:26:38.629Z,Rian Conpirasy,101746130177980741046,True,0,id,2026-05-04T16:53:27.460057
ChZDSUhNMG9nS0VJQ0FnSUNkcTYyOEVREAE,ChIJ01GoymgXby4Rgpc_Dp483CU,Wisata Talaga Surian,Kuningan,Wisata,5,Balai desa di timue kuningan,2024-02-18T10:45:37.816Z,fahmi Umar,114212055682165901891,True,1,id,2026-05-04T16:53:27.460065
ChZDSUhNMG9nS0VJQ0FnSUROd1pmSFN3EAE,ChIJ01GoymgXby4Rgpc_Dp483CU,Wisata Talaga Surian,Kuningan,Wisata,5,"Tempat yang sangat indah, tempat nyaman untuk berlibur bersama-sama keluarga,, bisa juga untuk menghilangkan rasa penat,,, pokoknya, tempatnya sangat nyaman .",2024-01-23T02:49:12.973Z,anjah pratama,111233287592338455176,False,1,id,2026-05-04T16:53:27.460081
ChZDSUhNMG9nS0VJQ0FnSUNOd2JqbmJ3EAE,ChIJ01GoymgXby4Rgpc_Dp483CU,Wisata Talaga Surian,Kuningan,Wisata,5,"This place is very suitable for enjoying Natural beauty, the manager is also very active in keeping this place orderly",2024-01-15T03:27:25.657Z,Akbar Saputra,101920944077491980012,False,0,en,2026-05-04T16:53:27.460089
ChdDSUhNMG9nS0VJQ0FnSUNOaHZ5TjZRRRAB,ChIJ01GoymgXby4Rgpc_Dp483CU,Wisata Talaga Surian,Kuningan,Wisata,5,"Tiket masuk 20.000/orang dewasa. Toilet dan mushola ada di beberapa titik, jadi mudah tanpa ribet. Sayangnya malam tahun baru airnya tidak selancar malam malam biasa. TerimaKasih",2024-01-14T00:59:00.968Z,Bondan Lee,101449774353305931319,False,6,id,2026-05-04T16:53:27.460097
ChdDSUhNMG9nS0VJQ0FnSUMxMmVYQW5RRRAB,ChIJ01GoymgXby4Rgpc_Dp483CU,Wisata Talaga Surian,Kuningan,Wisata,2,"Tolong pihak pengelola wisata diperhatikan untuk TOILET diperbanyak + air di maksimalkan, masa pengunjung full toilet & airnya minim 👏👏",2024-01-01T07:26:45.878Z,Adhnen Eghy,105949740299870792332,False,0,id,2026-05-04T16:53:27.460119
ChZDSUhNMG9nS0VJQ0FnSUNWdzlDSFRREAE,ChIJ01GoymgXby4Rgpc_Dp483CU,Wisata Talaga Surian,Kuningan,Wisata,5,"Adem , enak suasananya",2023-12-09T03:06:45.062Z,euis wahyuni,103961143107016277449,True,0,id,2026-05-04T16:53:27.460128
ChdDSUhNMG9nS0VJQ0FnSUQ3d05XS25nRRAB,ChIJuTgSQ2AVby4RZn9rb78lboo,Situ Wulukut,Kuningan,Wisata,5,"Tempatnya sejuk dan adem mantap, tapi jalannya kurang memadai, tolong jalannya di perhatikan lagi aksesnya, tempat ok mantap",2024-08-20T01:29:06.564Z,Jrx Outsiders,110601390447228702302,True,1,id,2026-05-04T16:53:27.460158
ChdDSUhNMG9nS0VJQ0FnSUM3bnVMWXJBRRAB,ChIJuTgSQ2AVby4RZn9rb78lboo,Situ Wulukut,Kuningan,Wisata,5,"Mantablah suasananya asri, tenang enak buat ngadem..",2024-08-16T00:15:59.699Z,Bams Torus,110190056969298943513,True,0,id,2026-05-04T16:53:27.460166
ChZDSUhNMG9nS0VJQ0FnSUM3bnB5b1F3EAE,ChIJuTgSQ2AVby4RZn9rb78lboo,Situ Wulukut,Kuningan,Wisata,5,"Tempat yg sejuk utk berwisata, santai..",2024-08-16T00:08:29.911Z,Oppung Torus,100944432181268969198,True,0,id,2026-05-04T16:53:27.460180
ChZDSUhNMG9nS0VJQ0FnSUM3Z1BtMlVBEAE,ChIJuTgSQ2AVby4RZn9rb78lboo,Situ Wulukut,Kuningan,Wisata,5,Masih asri alam nya bagus rokemen buat yang mau ngadem,2024-08-11T07:17:58.869Z,chandra Anugrah,109546566463159860503,False,0,id,2026-05-04T16:53:27.460212
ChZDSUhNMG9nS0VJQ0FnSURUMjZ5WFRnEAE,ChIJuTgSQ2AVby4RZn9rb78lboo,Situ Wulukut,Kuningan,Wisata,5,"Jalanan lumayan terjal dan berkerikil,, tapi begitu sampai terbayar lunas dengan pemandangan alam dan situnya",2024-07-02T11:33:54.059Z,Amien Syam,106783594228338360680,True,0,id,2026-05-04T16:53:27.460230
ChdDSUhNMG9nS0VJQ0FnSUNMbk91Xy1nRRAB,ChIJuTgSQ2AVby4RZn9rb78lboo,Situ Wulukut,Kuningan,Wisata,5,"jalan menuju lokasi batu kerikil semua , tapi terbayarr dengan suasana alam yg Masya Allah",2024-06-16T13:32:51.386Z,Dini Maharani,103580591633241687362,False,0,id,2026-05-04T16:53:27.460253
ChdDSUhNMG9nS0VJQ0FnSURqeHNINTFBRRAB,ChIJuTgSQ2AVby4RZn9rb78lboo,Situ Wulukut,Kuningan,Wisata,5,"Tempatnya jauh, dan jalanan nya cukup curam",2024-05-19T00:13:16.356Z,S. Wulansari,101470842078758105286,True,0,id,2026-05-04T16:53:27.460271
ChZDSUhNMG9nS0VJQ0FnSUNUeHNIT0dREAE,ChIJuTgSQ2AVby4RZn9rb78lboo,Situ Wulukut,Kuningan,Wisata,5,"pertama kali kesini cuma modal google maps, duit 20ribu, sama nekat doang.
tempatnya bagus banget, cocok buat ngelamun seharian.
cuman akses jalannya bikin mulut otomatis sholawatan mulu, kerikil semua dan pinggirnya jurang. semoga cepet diperbaiki yaa",2024-05-14T04:17:21.799Z,sopia ?,109452478192200067798,False,1,id,2026-05-04T16:53:27.460281
Ci9DQUlRQUNvZENodHljRjlvT21KNGJqTkhiRlU0U1Y4M1NXd3Rkak5CYW1adlozYxAB,ChIJMRVjNwAXby4RD8sHC-GLIig,Agrowisata Pakuwon,Kuningan,Wisata,2,Air nya suka kotor terus ada hewan,2026-01-01T23:59:33.946Z,Alfi,117498683909127442481,False,0,id,2026-05-04T16:53:27.460298
ChdDSUhNMG9nS0VJQ0FnTURBek9TNDhBRRAB,ChIJMRVjNwAXby4RD8sHC-GLIig,Agrowisata Pakuwon,Kuningan,Wisata,5,Wisata keluarga yg ramah lingkungan dan ramah di kantong,2025-12-30T09:18:45.996Z,Jenggot Naga 29,117048557871799842636,True,0,id,2026-05-04T16:53:27.460314
Ci9DQUlRQUNvZENodHljRjlvT2pOQ2FqQk9abUpHZWxwM2JrdDBWMVJQVkhwaU1IYxAB,ChIJMRVjNwAXby4RD8sHC-GLIig,Agrowisata Pakuwon,Kuningan,Wisata,5,Mantap alamnya indah,2025-12-27T03:06:30.843Z,Jojo Cijoho,106511075314646212771,False,0,id,2026-05-04T16:53:27.460332
Ci9DQUlRQUNvZENodHljRjlvT2pkUVFVdEhNRGx2TldSMU1sVkdiVWx6Y0ZRNFVWRRAB,ChIJMRVjNwAXby4RD8sHC-GLIig,Agrowisata Pakuwon,Kuningan,Wisata,5,"Agrowisata Pakuwon adalah destinasi agrowisata dan wisata alam edukatif yang terletak di Desa Pajambon, Kecamatan Kramatmulya, Kabupaten Kuningan, Jawa Barat. Tempat ini merupakan salah satu wisata desa yang berkembang pesat dan menjadi daya tarik baru bagi pengunjung lokal maupun dari luar daerah.

🌿 Konsep & Daya Tarik Utama

Agrowisata Pakuwon menggabungkan wisata alam, edukasi pertanian, dan rekreasi keluarga dalam satu lokasi. Tempat ini cocok untuk liburan santai sekaligus belajar tentang pertanian dan kehidupan pedesaan.

Apa yang bisa dinikmati pengunjung?

🌱 Edukasi pertanian — belajar tentang cara menanam, merawat, dan memanen sayur serta buah, terutama jambu merah khas Pajambon.

🍉 Petik buah dan sayur langsung dari kebun.

💦 Wahana air Papalidan — area bermain air alami dengan pemandangan persawahan dan Gunung Ciremai sebagai latar belakang.

🐟 Terapi ikan dan wahana air lainnya yang menyenangkan untuk keluarga serta anak-anak.

🏕️ Camping ground untuk pengalaman bermalam di alam terbuka.

🍜 Kuliner lokal & UMKM desa — termasuk produk khas seperti dodol jambu merah dan kopi lokal.

📸 Spot foto dengan latar alam yang Instagram-able dan udara yang sejuk karena berada di ketinggian sekitar 657 mdpl.

🛠️ Fasilitas

Agrowisata ini terus berkembang dan menambah fasilitas untuk kenyamanan pengunjung, antara lain:

Kolam bermain dan kamar bilas baru untuk keluarga.

Gazebo dan area istirahat.

Area parkir, toilet, musala, dan kafe outdoor.

Gerai UMKM dengan produk lokal.

💰 Tiket & Biaya

🎟️ Tiket masuk: sekitar Rp 5.000 pada hari biasa dan sekitar Rp 7.000–Rp 7.500 pada akhir pekan/nasional.

⛺ Camping: mulai sekitar Rp 15.000 per orang (opsional).
➡️ Biaya tambahan mungkin berlaku untuk fasilitas tertentu seperti petik buah/sayur dan penyewaan alat.

🧑‍🌾 Manfaat Bagi Masyarakat

Keberadaan agrowisata ini tidak hanya menarik wisatawan, tetapi juga memberdayakan ekonomi warga desa. Banyak keluarga lokal terlibat dalam pengelolaan, penjualan produk, dan penyediaan jasa di kawasan wisata, sehingga menghasilkan pendapatan tambahan dan meningkatkan semangat bertani di kalangan masyarakat.

📍 Kapan & Bagaimana Mengunjungi

Umumnya lokasi buka pagi hingga sore hari (sekitar 08.00–17.00 WIB). Pengunjung bisa datang langsung atau menghubungi kontak terkait untuk informasi lebih lanjut.

📍 Secara keseluruhan, Agrowisata Pakuwon adalah pilihan wisata ramah keluarga yang edukatif, murah meriah, dan membawa pengalaman baru tentang alam dan pertanian khas Desa Pajambon.",2025-12-25T10:57:06.162Z,DANI MUBAROK,116863174710657370005,True,0,id,2026-05-04T16:53:27.460347
Ci9DQUlRQUNvZENodHljRjlvT2xkV2JEQnNPRkpSV20xUVJFUkRSRWRNWTJ0c1duYxAB,ChIJMRVjNwAXby4RD8sHC-GLIig,Agrowisata Pakuwon,Kuningan,Wisata,5,Pemandangannya indah bnget dan hawanya sejuk khas pegunungan harga makanannya terjangkau,2025-12-17T06:24:26.158Z,Desy Susiyana,108246250678528750317,False,0,id,2026-05-04T16:53:27.460366
Ci9DQUlRQUNvZENodHljRjlvT2pGTFEzRmhRak5DZDNCUFNHVkZkelV3VVRJd2NHYxAB,ChIJMRVjNwAXby4RD8sHC-GLIig,Agrowisata Pakuwon,Kuningan,Wisata,3,"Bintang 3 dulu yaa...Sebenernya bagus, bisa buat grounding jg, udara sejuk, view cakep. cumaaaaa... plisss lebih tegas lagi perihal kebersihan, bbrp kali kesini masih ada aja pengunjung usil yang belum tertib buang sampah pada tempatnya. Banyak tempat duduk kosong tp pas mau nempatin banyak sampahnya bekas makan pengunjung sebelumnya. Di area taman aja betebaran plastik ciki dll 😓😓😓",2025-12-13T07:43:20.171Z,yuni chaerani,115246895319179173879,False,0,id,2026-05-04T16:53:27.460375
Ci9DQUlRQUNvZENodHljRjlvT2xGSVRHcHBiemxoU1hJemFHeHdlak51WmxoUFZXYxAB,ChIJMRVjNwAXby4RD8sHC-GLIig,Agrowisata Pakuwon,Kuningan,Wisata,5,camping mntap di agro wisata Pakuwon Ds.Pajambon - Kuningan,2025-12-08T16:39:33.084Z,Ari Harisman,112101174019859841372,True,0,su,2026-05-04T16:53:27.460384
Ci9DQUlRQUNvZENodHljRjlvT2pKVGFVd3dkMnhHZG5KNVgxVjNORkZvWTAxbGNXYxAB,ChIJMWcvbgAZby4RZw8wBqCr9GY,Salaka Land Pool Resto,Kuningan,Wisata,5,Kolam renang dekat jalan utama Kuningan Mandirancan. Dengan konsep umpag-umpagan / terasering. Parkir luas. Toilet bersih. Harga tiket terjangkau. Saran untuk area parkir diberi garis pembatas kendaraan dengan rute keluar masuk yang jelas. Kemudian semoga bisa lebih kids friendly dan safety-nya. Overall puas. Semoga sukses dan berkah.,2026-04-12T13:40:30.612Z,Yunus Purnama,113146848271830421284,True,0,id,2026-05-04T16:53:27.460392
Ci9DQUlRQUNvZENodHljRjlvT21adk9XOXJkMHgwY0ZCalltNXJZVmswYkd4UE1rRRAB,ChIJMWcvbgAZby4RZw8wBqCr9GY,Salaka Land Pool Resto,Kuningan,Wisata,1,Harga tidak jelas.,2026-04-06T08:57:56.188Z,Dani Pribadi,113549363710181741516,False,0,id,2026-05-04T16:53:27.460405
Ci9DQUlRQUNvZENodHljRjlvT21RMFdsVlBMVWd3TkROclYwVjVhVjh6Tm5GVVIyYxAB,ChIJMWcvbgAZby4RZw8wBqCr9GY,Salaka Land Pool Resto,Kuningan,Wisata,5,bagus.apalagi ada kolam busa,2026-03-23T01:03:18.967Z,Dita Khanza,104429982369176829218,False,0,id,2026-05-04T16:53:27.460431
Ci9DQUlRQUNvZENodHljRjlvT21kNlNqaE1NalY0YUd0VVdXUkVXbWRFZHpRMFVHYxAB,ChIJMWcvbgAZby4RZw8wBqCr9GY,Salaka Land Pool Resto,Kuningan,Wisata,5,Cocok buat anak kecil,2026-02-08T02:36:49.523Z,Yudi Servis XJAGA,113227973940608127080,True,0,id,2026-05-04T16:53:27.460447
Ci9DQUlRQUNvZENodHljRjlvT25GeVltTnBZbFJDZVZONU1XNVVVRE40V0VOamQyYxAB,ChIJMWcvbgAZby4RZw8wBqCr9GY,Salaka Land Pool Resto,Kuningan,Wisata,5,"Tempatnya bagus padahal, airnya bening enggak bau kaporit, ada tempat karaokean, cuma kasian kalau pesen makanan, pelayannya harus nanjak turun. Harga makanan ga terlalu mahal sih",2026-01-20T07:14:15.761Z,Aceng Budiman,115134161973831272495,True,0,id,2026-05-04T16:53:27.460456
Ci9DQUlRQUNvZENodHljRjlvT2tGeVYzWTNhMk5yUlhWNVNGZGpNR2RDV2xKRU1VRRAB,ChIJMWcvbgAZby4RZw8wBqCr9GY,Salaka Land Pool Resto,Kuningan,Wisata,5,Tempat nya bagus dan nyaman karena luas,2025-12-31T21:30:28.859Z,khurul 'ien,108204390556522333524,True,0,id,2026-05-04T16:53:27.460487
Ci9DQUlRQUNvZENodHljRjlvT21GclIwcEhMVjk0UWpsRVUyOTNaM2hQVDA5cWNHYxAB,ChIJMWcvbgAZby4RZw8wBqCr9GY,Salaka Land Pool Resto,Kuningan,Wisata,5,"Kesini karna ada acara dari kantor. Utk jalan menuju kesini gampang bgt tinggal ikutin maps, pas nyampe hrs ke resto dan ternyata restonya diatassssss. Pas nyampe lt.4 beuuuh sedeppp tempatnya luas adem bgt angin sepoy2 ditambah pemandangannya yg cakep. Makanannya jg enak, tp es teh Manisnya ga Manis. Ya overall utk tempat baru segini mah bagus. Ada taman bermain jg buat anak2, kolam renangnya jg kayaknya seger tp ga rekomen klo siang hari karna walopun ditempat adem , kalo siang msh kerasa panas bgttt.",2025-12-28T12:27:20.077Z,Tiara Kiran,108803544606579207785,True,0,id,2026-05-04T16:53:27.460503
Ci9DQUlRQUNvZENodHljRjlvT21Nd0xUVkhaVlpmVVZCWlgyOXBhVkpmWTB0dVRFRRAB,ChIJMWcvbgAZby4RZw8wBqCr9GY,Salaka Land Pool Resto,Kuningan,Wisata,5,"Kolam Renang Salaka Land merupakan salah satu destinasi wisata air yang cocok untuk keluarga maupun pengunjung dari berbagai usia. Terletak di kawasan yang masih asri, kolam renang ini menawarkan suasana sejuk dan nyaman, jauh dari hiruk-pikuk perkotaan. Area sekelilingnya dipenuhi pepohonan hijau sehingga pengunjung dapat menikmati udara segar sambil bersantai.

Fasilitas yang tersedia cukup lengkap dan terawat. Terdapat beberapa jenis kolam, mulai dari kolam anak dengan kedalaman aman hingga kolam dewasa yang lebih luas. Untuk anak-anak, tersedia wahana permainan air yang sederhana namun menyenangkan, sehingga mereka bisa bermain dengan aman dan ceria. Selain itu, tersedia kamar bilas, toilet, dan area ganti pakaian yang cukup bersih dan memadai.

Kolam Renang Salaka Land juga menyediakan area duduk dan gazebo yang nyaman untuk beristirahat. Pengunjung dapat membawa bekal sendiri atau membeli makanan dan minuman di area sekitar kolam. Harga tiket masuk relatif terjangkau, sehingga tempat ini menjadi pilihan rekreasi yang ramah di kantong.

Secara keseluruhan, Kolam Renang Salaka Land merupakan tempat yang tepat untuk melepas penat, menghabiskan waktu bersama keluarga, dan menikmati liburan singkat tanpa harus bepergian jauh. Dengan suasana alam yang mendukung dan fasilitas yang cukup lengkap, tempat ini layak untuk dikunjungi.",2025-12-17T02:21:56.459Z,Baron BI,116829558499115359229,True,0,id,2026-05-04T16:53:27.460518
Ci9DQUlRQUNvZENodHljRjlvT2xCT2EyUnBNRk5CTmw5bWJuRTBhMUJUTTNKc1luYxAB,ChIJMWcvbgAZby4RZw8wBqCr9GY,Salaka Land Pool Resto,Kuningan,Wisata,5,"Tempatnyaaa bagusss bangett, mantapp pokonyaa😍🤩",2025-12-08T00:23:13.413Z,Nazwa azzahra Putri,109114661110707664638,False,0,id,2026-05-04T16:53:27.460527
Ci9DQUlRQUNvZENodHljRjlvT2xjeFVrWTJTVmd3WmxwelpsbDZhMnQ2ZEU5NlYxRRAB,ChIJMWcvbgAZby4RZw8wBqCr9GY,Salaka Land Pool Resto,Kuningan,Wisata,3,Lumayan sih buat hiburan anak2.,2025-11-06T11:22:15.732Z,Dwi sulastri,101138944253616515199,False,0,id,2026-05-04T16:53:27.460571
ChdDSUhNMG9nS0VJQ0FnSUNwX1BQTTZnRRAB,ChIJ01GoymgXby4Rgpc_Dp483CU,Wisata Talaga Surian,Kuningan,Wisata,5,Tanjakan nya lumayan kalau dari arah desa pincak,2023-07-31T03:59:58.400Z,iwan kurniawan,117853110420625575258,False,5,id,2026-05-04T16:53:27.460580
ChdDSUhNMG9nS0VJQ0FnSUNKX2FHT3JRRRAB,ChIJ01GoymgXby4Rgpc_Dp483CU,Wisata Talaga Surian,Kuningan,Wisata,4,"Tempat sejuk, nyaman, enak buat rilex, mantap pokoknya",2023-07-03T14:13:52.878Z,Gugun 9797,106043919671238110643,True,1,id,2026-05-04T16:53:27.460590
ChZDSUhNMG9nS0VJQ0FnSUNKdFo3Q0l3EAE,ChIJ01GoymgXby4Rgpc_Dp483CU,Wisata Talaga Surian,Kuningan,Wisata,5,"Dipucuk pohon cemara....
Burung kutilang berbunyi...",2023-07-02T02:11:56.385Z,Oyo Sarya,112089074995992067317,True,1,id,2026-05-04T16:53:27.460599
ChZDSUhNMG9nS0VJQ0FnSUNKcGVPeUh3EAE,ChIJ01GoymgXby4Rgpc_Dp483CU,Wisata Talaga Surian,Kuningan,Wisata,5,Mantap sejuk dingin tenang bngt buat healing nenangin diri,2023-07-01T12:37:23.685Z,fahri kholad,102010921768039595000,True,3,id,2026-05-04T16:53:27.460607
ChdDSUhNMG9nS0VJQ0FnSUNKNmNITnJ3RRAB,ChIJ01GoymgXby4Rgpc_Dp483CU,Wisata Talaga Surian,Kuningan,Wisata,5,pemandangan nya sangat asri bagus bgt buat sama pasangan atau keluarga mwehehe,2023-06-30T09:15:09.912Z,Yustian Hadi Pratama (ANDY),115681883971623095694,False,0,id,2026-05-04T16:53:27.460616
ChdDSUhNMG9nS0VJQ0FnSUQ3aWRLZGpRRRAB,ChIJUSbICdshby4Rr4Dl8JU9Oz4,Telaga Nilam,Kuningan,Wisata,1,Tukang parkirnya ga ramah doyan nyolot,2024-08-25T14:12:32.314Z,Mutiara Musdhalifah,113947304257634870814,False,0,id,2026-05-04T16:53:27.460675
ChZDSUhNMG9nS0VJQ0FnSUM3cEtLamZnEAE,ChIJUSbICdshby4Rr4Dl8JU9Oz4,Telaga Nilam,Kuningan,Wisata,2,"I don't like it, the place was not well maintained and it's crowded with people",2024-08-12T17:24:15.102Z,Danny Kwan,103011629575713710686,True,0,en,2026-05-04T16:53:27.460693
ChdDSUhNMG9nS0VJQ0FnSURiaEs3OTV3RRAB,ChIJUSbICdshby4Rr4Dl8JU9Oz4,Telaga Nilam,Kuningan,Wisata,5,"Tempat yg asri, telaga yg terawat, bersih ,air yg jernih, ekosistem telaga yg terjaga. Sejuk",2024-08-02T01:56:14.066Z,Agus Suprianto,105218401082616117284,True,0,id,2026-05-04T16:53:27.460704
ChdDSUhNMG9nS0VJQ0FnSUNiOFpQTXdnRRAB,ChIJUSbICdshby4Rr4Dl8JU9Oz4,Telaga Nilam,Kuningan,Wisata,5,cocok nya berenang siang²... Soal nya Ti'is euy,2024-07-28T12:50:22.114Z,Jя 7,101141843459526072938,True,0,id,2026-05-04T16:53:27.460712
ChdDSUhNMG9nS0VJQ0FnSUNia3NUMjR3RRAB,ChIJUSbICdshby4Rr4Dl8JU9Oz4,Telaga Nilam,Kuningan,Wisata,5,"Tempatnya Asri. Airnya sejuk, bersih, Segar, jernih dan boleh dipakai berenang.",2024-07-25T07:17:44.840Z,Faisal Riyadi,102489281877100720714,False,0,id,2026-05-04T16:53:27.460720
ChZDSUhNMG9nS0VJQ0FnSURyLXMtbmNREAE,ChIJUSbICdshby4Rr4Dl8JU9Oz4,Telaga Nilam,Kuningan,Wisata,5,Baru pertama x kmrin belok sni pdhl sering k talaga remis ternya lebih seru airnya jernih ada kolm renang ank2 tpi sayang hrus byr lgi klu renang ank..tp tenang z cukup murh bngt byrnya cma 5000...ktgihan berenang dsni,2024-07-17T04:07:18.778Z,Asep Wahyu,102817042037772380120,True,0,id,2026-05-04T16:53:27.460727
ChdDSUhNMG9nS0VJQ0FnSUNybjV6Smd3RRAB,ChIJUSbICdshby4Rr4Dl8JU9Oz4,Telaga Nilam,Kuningan,Wisata,5,"Ukir jejak mu di mana pun kau berada...
Lalu ceritakan ke anak cucu mu nanti dimana kau telah meninggalkan jejak tersebut...",2024-07-12T10:55:34.501Z,M.firman,115188061331421165844,True,0,id,2026-05-04T16:53:27.460735
ChdDSUhNMG9nS0VJQ0FnSURMLUlPUHJRRRAB,ChIJUSbICdshby4Rr4Dl8JU9Oz4,Telaga Nilam,Kuningan,Wisata,5,"Boleh lah buat memanjakan badan dengan berenang
Adem suasananya",2024-06-25T10:40:29.673Z,ZF Channel,112808003884208154782,False,0,id,2026-05-04T16:53:27.460743
ChZDSUhNMG9nS0VJQ0FnSUNMajlUbklBEAE,ChIJUSbICdshby4Rr4Dl8JU9Oz4,Telaga Nilam,Kuningan,Wisata,5,airnya dingin banget jernihh,2024-06-24T01:19:58.639Z,Faldan Trijaya,112554726716016520014,False,0,id,2026-05-04T16:53:27.460750
ChdDSUhNMG9nS0VJQ0FnSUNMMm9fZjNRRRAB,ChIJUSbICdshby4Rr4Dl8JU9Oz4,Telaga Nilam,Kuningan,Wisata,1,Wisata EA sports jir asli mau kemana mana harus bayar lagi,2024-06-18T08:49:34.116Z,Gururimpa,114021578056194499840,True,0,id,2026-05-04T16:53:27.460765
Ci9DQUlRQUNvZENodHljRjlvT25kUWEyeEZVelpqWWt4alMxTm5SbVJJVWpKeVFsRRAB,ChIJ92dIejAXby4RGri8qdHaR1M,TS Camp Park,Kuningan,Wisata,5,Enak banget saya ngambil yang 350 mantap bangett,2026-05-03T10:28:06.728Z,Moch Sultan,114374024978396696844,False,0,id,2026-05-04T16:53:27.460773
Ci9DQUlRQUNvZENodHljRjlvT2kxWVNtY3RYMDAzUm1oRVNYSnRUMUo1VURSTmVYYxAB,ChIJ92dIejAXby4RGri8qdHaR1M,TS Camp Park,Kuningan,Wisata,1,Bagi yg luar kota daripada camp disini mending ke kanaga hill majalengka tempat gak worth it .. view gak ada cuma tempat camp doank dan ada air terjun yg udah jelek.. pokonya klw mau camp gak recomended ..,2025-12-26T11:35:59.835Z,Gugun Guntara,102837331950594494519,True,0,id,2026-05-04T16:53:27.460846
Ci9DQUlRQUNvZENodHljRjlvT2xCM09VNWxNbXRhUlRNMlQyWjNZVXAxWjFwQ1ptYxAB,ChIJ92dIejAXby4RGri8qdHaR1M,TS Camp Park,Kuningan,Wisata,5,Recommended buat Ngecamp keluarga/teman maupun anak sekolahan,2025-11-05T21:33:10.021Z,Bahrun jamil malik,109744888601456939318,True,0,id,2026-05-04T16:53:27.460900
Ci9DQUlRQUNvZENodHljRjlvT2pCWmJYbEpVVWRJYzFjMVpITmhTVmhMT0d4YVMzYxAB,ChIJ92dIejAXby4RGri8qdHaR1M,TS Camp Park,Kuningan,Wisata,5,Adem dan asri banget,2025-10-09T13:29:18.853Z,Eva Nurfitriana,103080079097244305502,True,0,id,2026-05-04T16:53:27.460909
Ci9DQUlRQUNvZENodHljRjlvT25ZelMwdE5ORGhCUnprelpuTlZjVzEyVEZwVVpHYxAB,ChIJ92dIejAXby4RGri8qdHaR1M,TS Camp Park,Kuningan,Wisata,5,Nyari telaga belum ketemu kak.....,2025-08-24T10:56:06.045Z,Tarmani Tomie,113405921757026738407,False,0,id,2026-05-04T16:53:27.460918
Ci9DQUlRQUNvZENodHljRjlvT201MWNFNXROWGwxYVV3MGNIQjNOMWhyYjFJNVZIYxAB,ChIJ92dIejAXby4RGri8qdHaR1M,TS Camp Park,Kuningan,Wisata,3,Minus nya banya yang pake pengeras suara atau sound terlalu kencang,2025-08-24T02:55:00.848Z,apip rokhman,110486094991739123771,True,0,id,2026-05-04T16:53:27.460926
Ci9DQUlRQUNvZENodHljRjlvT2xseVFXNW5ielpTVm1oTExVeG1aRWt3ZG1GbllVRRAB,ChIJMWcvbgAZby4RZw8wBqCr9GY,Salaka Land Pool Resto,Kuningan,Wisata,3,"Lumayan lah, tapi harga tidak sesuai dengan di web. Kolam paling dalam yg paling bersih, kmrn mandi bersih. Ada yg jualan jg, tp nga ada gorengan hanet nya...
Owh iya katanya tiket termasuk mandi busa tp dari DTG jam 8 sampai jam 11 nga ada tuh main mandi busanya",2025-10-26T04:28:17.960Z,Haeny Haris,104496480465739505974,False,0,id,2026-05-04T16:53:27.460934
Ci9DQUlRQUNvZENodHljRjlvT2tKVWJFVmhZazlzUTNkMmF6ZGFPR2xaTTB4aFRVRRAB,ChIJMWcvbgAZby4RZw8wBqCr9GY,Salaka Land Pool Resto,Kuningan,Wisata,5,Trmpat ngopi yang nyaman,2025-08-25T02:39:52.408Z,Maman S,100090565506978981664,True,0,id,2026-05-04T16:53:27.460958
Ci9DQUlRQUNvZENodHljRjlvT2tGYVRubFRRMWt6TkZGRVZtcHRTbGhXY1cxeVVYYxAB,ChIJMWcvbgAZby4RZw8wBqCr9GY,Salaka Land Pool Resto,Kuningan,Wisata,5,sangat luasss adem lagiiii 😊😊,2025-07-29T06:52:29.342Z,putra mahesa,101551029619876979720,False,0,ms,2026-05-04T16:53:27.460975
Ci9DQUlRQUNvZENodHljRjlvT25aTlFXdHhUVE0wTWtsZk5HWlFlbWxQTTE5YWMyYxAB,ChIJMWcvbgAZby4RZw8wBqCr9GY,Salaka Land Pool Resto,Kuningan,Wisata,5,sangat istimewa megah dan asri,2025-07-29T06:50:51.182Z,Tias Ramadhani,107361400345683829670,False,0,id,2026-05-04T16:53:27.460984
Ci9DQUlRQUNvZENodHljRjlvT21OcmVVWk5OMjlrUWpCUlJIZHNVSFphTUVZeWFXYxAB,ChIJMWcvbgAZby4RZw8wBqCr9GY,Salaka Land Pool Resto,Kuningan,Wisata,5,"tempat yang cocok untuk di kunjungi oleh anak anak, tempat yang bagus untuk hari libur 🤩🙌",2025-07-29T06:49:37.736Z,yaass Shopingg,110004624983938281468,False,0,id,2026-05-04T16:53:27.460995
Ci9DQUlRQUNvZENodHljRjlvT2xGcVduQTBRVU5ZUVMxM05rZGtUSFJsYW5GRWIyYxAB,ChIJMWcvbgAZby4RZw8wBqCr9GY,Salaka Land Pool Resto,Kuningan,Wisata,5,"Airnya segar dan bersih, kolamnya ada 5 berundak, cukup estetik, ada kolam busanya juga. Ada Resto juga di atas. Mushola juga bersih dan adem. Alternatif bagi yang mencari kolam renang yang gak terlalu ramai, Parkiran juga sangat luas",2025-07-02T09:32:50.524Z,azmy majestic,107938204668338147756,True,0,id,2026-05-04T16:53:27.461033
Ci9DQUlRQUNvZENodHljRjlvT2xKb1FYTlVYMVYzTlZaQ1JFMDJjamM1TWt0NlRsRRAB,ChIJMWcvbgAZby4RZw8wBqCr9GY,Salaka Land Pool Resto,Kuningan,Wisata,5,"Alhamdulillah kunjungan pertama bisa untuk berenang anak 3th +- ada beberapa kolam renang anak2, & buat dewasa ada 150 cm serta terapi ikan. Lumayan buat anak2 kalau pagi masih relatif sepi dapet keringanan anak kecil pas kunjungan ber6 waktu itu.",2025-06-18T09:48:32.917Z,Jauhari Hadi,115593199914621632872,True,0,id,2026-05-04T16:53:27.461050
ChZDSUhNMG9nS0VPS28zTjJhanNpdE53EAE,ChIJMWcvbgAZby4RZw8wBqCr9GY,Salaka Land Pool Resto,Kuningan,Wisata,5,"Recommended banget ni guys buat family time 🥳
Ada mini zoo,play ground, terapi ikan dan pastinya ada live music nya buat yang mau have fun , Imah amih resto tempatnya

Happy weekend 🥳",2025-06-04T03:55:00.843Z,Ufaira hidayat,111650800496575263068,False,0,id,2026-05-04T16:53:27.461059
ChdDSUhNMG9nS0VOX2poNnVCMGNieGtnRRAB,ChIJMWcvbgAZby4RZw8wBqCr9GY,Salaka Land Pool Resto,Kuningan,Wisata,5,"Bagus, nyaman, ramah, bersih dan sejuk.",2025-05-21T10:36:20.344Z,Hamdhan Siregar,101842708807577493389,True,0,id,2026-05-04T16:53:27.461075
ChZDSUhNMG9nS0VKS0MtLXZCeXItTEFREAE,ChIJMWcvbgAZby4RZw8wBqCr9GY,Salaka Land Pool Resto,Kuningan,Wisata,5,"Maa syaa Allah ...
Ini kolam renang sampe bertingkat-tingkat dri yg tempat dalam(tuk dewasa) dan paling cetek(tuk anak-anak).

Ini pengalaman saya kedua kali nya ke kolam renang salaka land ,Kolam renang nya baguss bangett , tempat nya bersih , Apalagi kamar mandi nya , kamar mandinya bersih & banyak kamar mandi nya jdi gak brebutan deh .
Ini beneran bersih loh semuanya.
Saung buat tempat duduknya juga banyak jadi ga takut gak kebagian deh.

Resto nya juga enak dan nyaman , menu makanan nya juga enak-enak, harganya juga standar ko gak mahal-mahal bgt . Pokoknya beneran enak smuanya deh.",2025-05-13T13:30:30.031Z,Titi Hijrawani,109065868752661445204,False,0,id,2026-05-04T16:53:27.461083
ChdDSUhNMG9nS0VOcUFnWXIwcnFmcTdnRRAB,ChIJMWcvbgAZby4RZw8wBqCr9GY,Salaka Land Pool Resto,Kuningan,Wisata,4,Sangat menarik dan menyenangkan,2025-05-12T15:07:19.799Z,Juhana Bae,106979586945276291903,False,0,id,2026-05-04T16:53:27.461091
Ci9DQUlRQUNvZENodHljRjlvT213MVVXUmtSV1o0UTNCdU5sUkpWMDluUVc1elNuYxAB,ChIJ92dIejAXby4RGri8qdHaR1M,TS Camp Park,Kuningan,Wisata,1,plis buat penjaga tolong perketat lagi dong masa lagi camp jam istirahat pada berisik orang²nya kesian atuh pada ke ganggu jam istirahatnya mohon kerjasamanya🙏😔,2025-08-23T20:50:07.744Z,Noval Kamilan07,114990370484837961885,False,1,id,2026-05-04T16:53:27.461099
Ci9DQUlRQUNvZENodHljRjlvT25OaWExWXlNM1JxWkZkd1MwVnhXR2hKYmpFeWIwRRAB,ChIJ92dIejAXby4RGri8qdHaR1M,TS Camp Park,Kuningan,Wisata,1,warung nya pada tutup,2025-08-01T07:24:17.266Z,Mukhlis Yth,108802683628211361491,False,0,id,2026-05-04T16:53:27.461115
Ci9DQUlRQUNvZENodHljRjlvT2s4eFNUQnJTM1V0U1dZNGRFMTVXbVZhUlZsV01sRRAB,ChIJ92dIejAXby4RGri8qdHaR1M,TS Camp Park,Kuningan,Wisata,4,Minta tolong yg pakai sound ditertibkan dong paling,2025-07-29T03:49:23.870Z,Aim,111438954764836022806,True,0,id,2026-05-04T16:53:27.461123
Ci9DQUlRQUNvZENodHljRjlvT21RMWVreEtkWFYwU0VWdGQyRklWbWxTUlVaTFJtYxAB,ChIJ92dIejAXby4RGri8qdHaR1M,TS Camp Park,Kuningan,Wisata,5,pengobatan yg luar biasa membantu masyarakat menengah ke atas,2025-07-22T13:43:32.292Z,okeboos,109437968926907686742,False,0,id,2026-05-04T16:53:27.461134
Ci9DQUlRQUNvZENodHljRjlvT25wSFV6RkVMVVpyVnpRMlZXcExNRmxHUTJKRWNWRRAB,ChIJ92dIejAXby4RGri8qdHaR1M,TS Camp Park,Kuningan,Wisata,4,"Bintang 4, akses jalan sempit & sebagian rusak, sangat repot kalau papasan mobil dari lawan arah, sinyal hilang timbul harus diusahakan pasang repeater biar liburan makin tenang, kamar mandi & Musholah untuk umum terlihat kumuh & kurang terurus, selebihnya sih udah oke, dari keamanan dan kenyamanan udah bagus, ada aturan jam 11 malam bunyi2an harus di berhentikan, karena masih banyak orang-orang yg terbelakang, ke gunung cuma buat nyanyi2 karokean mengganggu ke syahduan alam bebas, saran tambahan lagi kalau bisa ada larangan pagi2 bakar api unggun, karena pagi hari itu butuh udara segar bukan udara hasil bakaran kayu.",2025-07-20T00:13:08.222Z,Princess Grabag-Grubug,109546244864329898814,True,1,id,2026-05-04T16:53:27.461149
Ci9DQUlRQUNvZENodHljRjlvT2taUlVIVkJSa05UVEVwbWQxZHlPRlZQZVdFd1FuYxAB,ChIJ92dIejAXby4RGri8qdHaR1M,TS Camp Park,Kuningan,Wisata,4,"Tenda Yang ada papan kayunya tologn dicekin lgi, ada pakunya jir.",2025-07-17T11:19:57.835Z,DWY FASHA FIRMANSYAH,101110020531186746858,False,0,id,2026-05-04T16:53:27.461158
Ci9DQUlRQUNvZENodHljRjlvT2xScllsSmFPVzkxT1d0V1dsOU9ZVzVxZUVWS1RVRRAB,ChIJ92dIejAXby4RGri8qdHaR1M,TS Camp Park,Kuningan,Wisata,5,"Surian Camp Park – Kuningan, West Java: The Perfect Escape for Nature Lovers

If you're looking for a peaceful camping experience surrounded by nature, Surian Camp Park in Kuningan, West Java is the place to be.

Getting there is easy—the access route is smooth, with clear directions and well-maintained roads, making it convenient even for first-time visitors. Whether you drive a car or ride a motorcycle, the parking area is spacious and hassle-free, so no need to worry about finding a safe spot for your vehicle.

The camping ground itself is clean, well-organized, and offers plenty of space for both small and large groups. Tents provided by the camp are of excellent quality—sturdy, weatherproof, and already set up upon arrival, so you can relax and enjoy your stay.

A nice bonus is the free breakfast, included for campers, which adds comfort to your outdoor adventure. You’ll also appreciate the availability of clean water and well-maintained toilet facilities, ensuring a hygienic and pleasant camping environment.

The area is surrounded by lush greenery and cool, fresh mountain air, making it perfect for unwinding, enjoying morning walks, or simply breathing deeply away from city pollution.

Highlights:
✔️ Easy, accessible route
✔️ Spacious parking
✔️ High-quality tents provided
✔️ Free breakfast included
✔️ Clean water & toilets
✔️ Fresh air and beautiful natural surroundings

Whether you're a camping enthusiast or just want a relaxing weekend in nature, Surian Camp Park offers a great mix of comfort and outdoor adventure. Highly recommended for families, friends, or solo travelers who love tranquility and convenience.",2025-07-01T03:07:37.699Z,den hensen,107436014864364466257,True,1,en,2026-05-04T16:53:27.461187
Ci9DQUlRQUNvZENodHljRjlvT2paa1lqWXhkM1JVTVUxMVoyVnNVVE0yT0hCQ1gzYxAB,ChIJ92dIejAXby4RGri8qdHaR1M,TS Camp Park,Kuningan,Wisata,5,Pelayanan yg ramah,2025-06-15T11:23:58.341Z,Yakub St,112971705066068359376,False,0,id,2026-05-04T16:53:27.461209
Ci9DQUlRQUNvZENodHljRjlvT2kxU2RtbHVkRzVUTmtsZk5WTnlSamM1Y0V3dGNFRRAB,ChIJ92dIejAXby4RGri8qdHaR1M,TS Camp Park,Kuningan,Wisata,5,Adem ayem suka banget,2025-06-14T05:13:53.119Z,Ica Neng,107867236151649931386,False,0,id,2026-05-04T16:53:27.461216
ChZDSUhNMG9nS0VMQ0ttTkczNE5iMUJREAE,ChIJ92dIejAXby4RGri8qdHaR1M,TS Camp Park,Kuningan,Wisata,5,Tempat yang paling cozy dan ga berisik,2025-06-12T13:04:08.096Z,sandy hardianto,100705031459898401171,True,0,id,2026-05-04T16:53:27.461224
ChZDSUhNMG9nS0VKelpoclNSMWY3c093EAE,ChIJ92dIejAXby4RGri8qdHaR1M,TS Camp Park,Kuningan,Wisata,5,Mekanik nya jujur sama pengerjaan nya rapih ada harga ada kualitas lah,2025-06-04T12:18:56.389Z,Revan Dwipurwanto,116901852730855687993,False,0,id,2026-05-04T16:53:27.461239
ChZDSUhNMG9nS0VMV2o1ODJ1eTluTUFREAE,ChIJ92dIejAXby4RGri8qdHaR1M,TS Camp Park,Kuningan,Wisata,1,"cuma di indo tempat alam di jadikan ladang bisnis banyak akamsi, atau di kuasa oleh segelintir kelompok / orang gimana ketegasan dan kebijakannya sih. padahal dulu seringkali ke tempat ini bebas tarif buat menikmati view alam di bawah pohon pinus.",2025-05-13T04:03:03.178Z,Khaerul Pratama,100029994211479015894,True,0,id,2026-05-04T16:53:27.461249
ChdDSUhNMG9nS0VJQ0FnTURJeWNIOHBBRRAB,ChIJ92dIejAXby4RGri8qdHaR1M,TS Camp Park,Kuningan,Wisata,5,"Sejauh ini camping terrecomented buat gw, nyaman aman, wc bersih, ada tempat sholat,air bersih, makanan, listrik dan peneranganpun aman... plus pelayananannya pun sopan siap standby.",2025-04-11T03:40:45.728Z,Dan Xaviera,115453300302735186133,True,0,id,2026-05-04T16:53:27.461273
ChdDSUhNMG9nS0VJQ0FnTUNRMS02a3FRRRAB,ChIJ92dIejAXby4RGri8qdHaR1M,TS Camp Park,Kuningan,Wisata,5,"Telaga surian sejuk dan indah
Cocok untuk ambil momen",2025-03-07T20:18:19.055Z,STUDIO FOTO,113052374022341523061,True,0,id,2026-05-04T16:53:27.461293
ChdDSUhNMG9nS0VJQ0FnTURnaXQyMHBRRRAB,ChIJ92dIejAXby4RGri8qdHaR1M,TS Camp Park,Kuningan,Wisata,5,"Tempat yang luas dengan pemandangan yg memanjakan mata, fasilitas yg komplit
dua kali saya camping di Telaga Surian
selalu meras puas.",2025-02-24T00:02:00.208Z,Har yono,108720984273258123382,True,0,id,2026-05-04T16:53:27.461310
ChZDSUhNMG9nS0VJQ0FnTUNnNHBHWmJBEAE,ChIJ92dIejAXby4RGri8qdHaR1M,TS Camp Park,Kuningan,Wisata,5,"Salah satu destinasi wisata yang bisa dikunjungi untuk bermain, menikmati alam, ataupun untuk camping. Akses jalan baik, parkir luas, tempat luas, dan fasilitas lengkap.",2025-02-15T12:13:49.717Z,Arif Hidayat,113413694180420943845,True,0,id,2026-05-04T16:53:27.461327
ChZDSUhNMG9nS0VQX2k4Y1c5dzY2UVNREAE,ChIJMWcvbgAZby4RZw8wBqCr9GY,Salaka Land Pool Resto,Kuningan,Wisata,5,Tempat nyaman buat rekreasi 👍,2025-05-10T05:40:41.684Z,IN MEMORY,114467771963361285022,False,0,id,2026-05-04T16:53:27.461365
ChZDSUhNMG9nS0VJQ0FnTUNZa0xpRU5nEAE,ChIJMWcvbgAZby4RZw8wBqCr9GY,Salaka Land Pool Resto,Kuningan,Wisata,5,"Cukup bagus, bersih, nyaman, sejuk",2025-04-30T07:51:01.228Z,Tanti Sri Himawanti,117717714253418251839,False,0,id,2026-05-04T16:53:27.461382
ChdDSUhNMG9nS0VJQ0FnTUNRN3JHRWpnRRAB,ChIJMWcvbgAZby4RZw8wBqCr9GY,Salaka Land Pool Resto,Kuningan,Wisata,5,"Tempatnya bagus banyak pilihan kolam renangnya bersih dan luas selain itu ada berbagai fasilitas lain seperti kolam terapi ikan, kolam perosotan, kolam renang untuk dewasa maupun khusus untuk anak-anak, Playground, dan juga resto & cafe yang menarik untuk dicoba. 🏊🛝☕",2025-04-17T12:06:02.542Z,Yaya Lukis,106740245928551204435,True,1,id,2026-05-04T16:53:27.461390
ChZDSUhNMG9nS0VJQ0FnTUNvMFByc0lREAE,ChIJMWcvbgAZby4RZw8wBqCr9GY,Salaka Land Pool Resto,Kuningan,Wisata,5,"Kolam anaknya banyak, kolam dewasa 1, tiket cukup murah masih hari libur lebaran 20rb/ orang, parkir luas, kamar mandi banyak, bersih, yg jaga super ramah, tapi tangganya agak curam (kurang landai), kolam ikannya udh mulai kotor, yang nyebelin itu pengunjung yg udh termasuk dewasa (bukan orang tua anak) umur sekitaran SMA/ kuliah itu perosotan di kolam anak mana pakai ban 🙄",2025-04-14T12:10:12.568Z,R I,109781345868675724475,True,0,id,2026-05-04T16:53:27.461399
ChdDSUhNMG9nS0VJQ0FnTUNJNDV2Z2lBRRAB,ChIJMWcvbgAZby4RZw8wBqCr9GY,Salaka Land Pool Resto,Kuningan,Wisata,3,"Seharusnya air untuk kolam renang dewasa nya jangan terlalu dingin, tpi untuk toilet approve banget",2025-04-04T11:20:29.968Z,M yusuf Ilham,103399307095417909393,False,0,id,2026-05-04T16:53:27.461414
ChdDSUhNMG9nS0VJQ0FnTURnLV8tTXBRRRAB,ChIJMWcvbgAZby4RZw8wBqCr9GY,Salaka Land Pool Resto,Kuningan,Wisata,4,"HTM : 15-20k
Parkir luas masih sirtu.
Toilet ada 15n kayaknya.
Ada 4 kolam renang, 3anak + 1 dewasa.
Belum ada semburan busanya.
Tempatnya berundak jadi untuk lansia & anak harap hati"".
Di atasnya ada resto nya tapi ada kanton juga sekitar kolam.",2025-02-27T22:26:43.459Z,Frinda Jeane,113667186189883609586,True,0,id,2026-05-04T16:53:27.461430
ChZDSUhNMG9nS0VJQ0FnSUNfMEltcFN3EAE,ChIJMWcvbgAZby4RZw8wBqCr9GY,Salaka Land Pool Resto,Kuningan,Wisata,5,"Plus
1. Kolam bersih
2. HTM murah
Anak 10 k
Dewasa 20 k
Orang tua + 1 anak 15 k
3. WC bersih
4. Banyak pondokan
5. Ada kantin
6. Parkir luas

Minus
Blm ada",2025-01-12T02:05:33.445Z,Imaw,117590852851229048240,True,1,id,2026-05-04T16:53:27.461453
Ci9DQUlRQUNvZENodHljRjlvT21OeFVIaFhMWGhZYkd4elZrRXRRVTltTFZScVVIYxAB,ChIJSfNHE-8_by4Rw25RLmNPPvY,Kolam Renang Tirta Citimbang Indah,Kuningan,Wisata,5,"Sangat bahagia berenang disini
Kolam bersih
Air alami gazebo oke
Parkiran luas
Kama mandi bersih
Bisa bawa makanan",2026-04-06T01:58:23.918Z,DANI MUBAROK,116863174710657370005,True,0,id,2026-05-04T16:53:27.461464
Ci9DQUlRQUNvZENodHljRjlvT20wd1FYTkNiMVpvTTNwcWRUbFlWalpTU2pZeExVRRAB,ChIJSfNHE-8_by4Rw25RLmNPPvY,Kolam Renang Tirta Citimbang Indah,Kuningan,Wisata,5,Tempat nya bagus harga relatif menengah ke bawah alhamdulillah masih ada orang dermawan yang mau menyiapkan kolam renang murah meriah tapi ga murahan juga karena suasana nya bersebelahan dengan sawah jadi wow,2026-03-26T04:35:55.707Z,Suripno Yono,111081553865570250460,False,0,id,2026-05-04T16:53:27.461480
Ci9DQUlRQUNvZENodHljRjlvT25oWlluY3phMEZ4ZEVKTlJtRk9hVzB4U1hkMlkxRRAB,ChIJSfNHE-8_by4Rw25RLmNPPvY,Kolam Renang Tirta Citimbang Indah,Kuningan,Wisata,5,"Karena masih sepi jadi suka banget, berasa private",2026-01-04T04:48:44.630Z,Ulfa Rizky Aullia,118100297246144483268,False,0,id,2026-05-04T16:53:27.461507
Ci9DQUlRQUNvZENodHljRjlvT2xaRWJrZHpPRUY1WTNNelNsQkNWbXR6ZWpJeFpGRRAB,ChIJSfNHE-8_by4Rw25RLmNPPvY,Kolam Renang Tirta Citimbang Indah,Kuningan,Wisata,5,"kolam renang nya bagus, bersih pemandangan ke sawah dan tiket masuk murah",2025-12-20T23:22:54.657Z,Anis Suhaeni,102517839513613049661,False,0,id,2026-05-04T16:53:27.461516
Ci9DQUlRQUNvZENodHljRjlvT2twMGNVZzVZblp6UTJkaFpXZFhjSE4zZFZZMmVXYxAB,ChIJSfNHE-8_by4Rw25RLmNPPvY,Kolam Renang Tirta Citimbang Indah,Kuningan,Wisata,3,Tempat bagus adem kolam lumayan bersih tapi pelayan nya agak judes trus tukang parkirnya gak sopan,2025-11-10T03:54:39.465Z,Azzam,110799824144987326384,False,0,id,2026-05-04T16:53:27.461526
Ci9DQUlRQUNvZENodHljRjlvT21SMFRFUlJaekpxU1ZOb1R6TXpOVUZ0Yldkdk1GRRAB,ChIJSfNHE-8_by4Rw25RLmNPPvY,Kolam Renang Tirta Citimbang Indah,Kuningan,Wisata,5,"Tiket 5 k ,bersih  tempat gazebo adem nyaman ,full musik,  Deket waduk darma",2025-08-02T04:02:26.449Z,Septi Aldiriana,107208821374675665509,False,0,id,2026-05-04T16:53:27.461549
ChZDSUhNMG9nS0VJQ0FnSURScmZ2Yk13EAE,ChIJSfNHE-8_by4Rw25RLmNPPvY,Kolam Renang Tirta Citimbang Indah,Kuningan,Wisata,5,"Tiket masuk Rp. 5000 anak/dewasa, tempatnya nyaman banget, sejuk, kolam renangnya bersih, toiletnya jga bersih. Lokasinya di tengah-tengah pesawahan, jadi udaranya seger banget 👍🏻",2025-08-02T03:17:18.292Z,Silvia Revina,110363515692132084483,True,1,id,2026-05-04T16:53:27.461557
Ci9DQUlRQUNvZENodHljRjlvT25abk9FUnZiV0ppZUZocWJuUnpTV05rTkZGU04wRRAB,ChIJSfNHE-8_by4Rw25RLmNPPvY,Kolam Renang Tirta Citimbang Indah,Kuningan,Wisata,3,Sangat menarik.cocok buat liburan keluarga,2025-07-14T17:09:41.100Z,toni ilyas,102719168337063585499,False,0,id,2026-05-04T16:53:27.461567
ChdDSUhNMG9nS0VPV1k5YTdHMHJYRjRnRRAB,ChIJSfNHE-8_by4Rw25RLmNPPvY,Kolam Renang Tirta Citimbang Indah,Kuningan,Wisata,1,Walpun murah tapi gak bisa keluar klw udh masuk penjaga nya sombong.niat hati minta kelur beli tahu crispy eh penjaga nya bilang gak bisa keluar bu 🤣🤣🤣 jauh² dri kuningan 😌 zamzam pool gedean aza kita minta keluar dulu bisa ko asal tiket msh ada,2025-06-13T09:31:57.198Z,Pipit Apriyanti,116300966957970744749,False,0,id,2026-05-04T16:53:27.461575
ChZDSUhNMG9nS0VJQ0FnSUR2ejVhMU9BEAE,ChIJSfNHE-8_by4Rw25RLmNPPvY,Kolam Renang Tirta Citimbang Indah,Kuningan,Wisata,5,"Tmpatnya enakeun plus murah lagi
kolam nya ad 3",2024-12-25T08:17:49.207Z,Asep Saepudin,102298302817429153412,False,0,su,2026-05-04T16:53:27.461625
ChdDSUhNMG9nS0VJQ0FnSURKdUtpTDJnRRAB,ChIJSfNHE-8_by4Rw25RLmNPPvY,Kolam Renang Tirta Citimbang Indah,Kuningan,Wisata,5,Kolem renang nya lumayan bersih harga nya terjangkau,2024-12-22T08:42:20.257Z,Sofin Jakarta,109448929626207096025,True,1,id,2026-05-04T16:53:27.461633
ChdDSUhNMG9nS0VJQ0FnSUN6cE9UMjJ3RRAB,ChIJSfNHE-8_by4Rw25RLmNPPvY,Kolam Renang Tirta Citimbang Indah,Kuningan,Wisata,5,"Murahhhh, segerrrrr.....",2024-05-31T00:34:15.568Z,Dita Tirta M,100295109915186052310,True,0,ms,2026-05-04T16:53:27.461649
ChdDSUhNMG9nS0VJQ0FnSUNUanNMVXZ3RRAB,ChIJSfNHE-8_by4Rw25RLmNPPvY,Kolam Renang Tirta Citimbang Indah,Kuningan,Wisata,5,"Pertama kesini kesan nya amazing bgt..
Masya Allah TabarakAllah 😍 🥰
Anak2 cukup terhibur..",2024-05-14T18:16:54.461Z,Sri Jayanti Januar,113320483650809034805,True,0,id,2026-05-04T16:53:27.461657
ChZDSUhNMG9nS0VJQ0FnSUMxdVlTRUZBEAE,ChIJSfNHE-8_by4Rw25RLmNPPvY,Kolam Renang Tirta Citimbang Indah,Kuningan,Wisata,5,bagus  tiket murah....tar mau main lagi tempt nya bersih.,2024-01-23T09:49:25.509Z,Deby Febian,114192791495278065608,False,0,id,2026-05-04T16:53:27.461682
ChdDSUhNMG9nS0VJQ0FnSUMxb3Z5ZG1nRRAB,ChIJSfNHE-8_by4Rw25RLmNPPvY,Kolam Renang Tirta Citimbang Indah,Kuningan,Wisata,5,"Tempatnya nyaman bersih, staffnya ramah",2023-12-26T07:41:06.423Z,Aris Kurniawan,114439817710528543483,True,0,id,2026-05-04T16:53:27.461705
ChZDSUhNMG9nS0VJQ0FnSUMxeUlTUEZ3EAE,ChIJSfNHE-8_by4Rw25RLmNPPvY,Kolam Renang Tirta Citimbang Indah,Kuningan,Wisata,4,Akses Mudah di jangkau Tiket Sangat Terjangkau,2023-12-21T13:16:57.036Z,ZAPHUKU TV,111043721468841540031,True,2,id,2026-05-04T16:53:27.461720
ChZDSUhNMG9nS0VJQ0FnSURwNjRPOFNnEAE,ChIJSfNHE-8_by4Rw25RLmNPPvY,Kolam Renang Tirta Citimbang Indah,Kuningan,Wisata,4,"Worth it kok, 5k dah bisa berenang",2023-08-29T14:33:19.497Z,Dini Hasanul Awaliyah,104712252797164802587,True,1,id,2026-05-04T16:53:27.461769
ChdDSUhNMG9nS0VJQ0FnSURSM3BQZzZRRRAB,ChIJSfNHE-8_by4Rw25RLmNPPvY,Kolam Renang Tirta Citimbang Indah,Kuningan,Wisata,5,Tempat nya bagus,2023-04-26T06:08:31.862Z,anak alam (Cheful),106053407170718262781,False,1,id,2026-05-04T16:53:27.461783
ChdDSUhNMG9nS0VJQ0FnSUMtN002c193RRAB,ChIJSfNHE-8_by4Rw25RLmNPPvY,Kolam Renang Tirta Citimbang Indah,Kuningan,Wisata,5,"Tempat nya Sejuk dan juga air nya alami langsng dari gunung ciremai tempat nya bersih banget kamar mandi nya juga bersih matap polll👍👍👍 tapi yg di sayang kan pas masuk nya itu, tempat nya terlalu masuk ke dalam jadi gk keliatan dri luar klo di situ ada kolam renang, tpi klo untuk 1 mobil bisalah oke cukup.",2022-10-29T07:30:22.180Z,Willi Firmansyah,101692230363568918707,False,1,id,2026-05-04T16:53:27.461792
ChZDSUhNMG9nS0VJQ0FnSUQyd01QMldBEAE,ChIJSfNHE-8_by4Rw25RLmNPPvY,Kolam Renang Tirta Citimbang Indah,Kuningan,Wisata,5,"Tempatnya bersih dan indah, airnya segar suasananya alami ditengah persawahan, muda dijangkau",2022-05-03T09:04:46.251Z,Sumitron Efendi,100406947087942935750,True,1,id,2026-05-04T16:53:27.461810
ChZDSUhNMG9nS0VJQ0FnSUNXLTY2RUlREAE,ChIJSfNHE-8_by4Rw25RLmNPPvY,Kolam Renang Tirta Citimbang Indah,Kuningan,Wisata,5,Tempat nya nyaman bangt,2022-03-07T23:59:17.635Z,Oo abdul Mutolib,116226320814969277603,True,2,id,2026-05-04T16:53:27.461818
Ci9DQUlRQUNvZENodHljRjlvT2taWFRsUXhibXRmVEZKQk4wcHljako2Tm5Wak1XYxAB,ChIJnwfbyUY_by4Rj0atGFvDbcY,JAGARA ECO PARK,Kuningan,Wisata,5,"Tempat nya enak dan nyaman, fasiltas nya lengkap, toilet nya bersih dan ada mesjid nya yg cukup bagus, kalau datang usahakan di sore hari sekitar jam 17.00 biar gak panas dan bisa melihat sunset di pinggir waduk dharma, duduk di kursi outdoor yg dekat pinggir waduk lebih asyik pemandangannya ke arah waduk dharma..sambil ditemani nasi goreng (ini asli enak banget) dan kopi hitam..berdua cuma habis sekitar 90 rb an, makan nasi goreng 1, kopi hitam dan jus .. ada fasilitas villa nya juga yg bisa di sewa..masuk nya gratis dan cuma bayar parkir aja..recommended banget tempat nya",2026-05-04T08:18:27.471Z,Wawan Gunawan,109550977796924997941,True,0,id,2026-05-04T16:53:27.461826
Ci9DQUlRQUNvZENodHljRjlvT2podlpGaDNNVlZDYzJWMldYazVMV2hMVERSSWNYYxAB,ChIJnwfbyUY_by4Rj0atGFvDbcY,JAGARA ECO PARK,Kuningan,Wisata,5,Escape from harsh of realtiy and enjoy the nature here will give you a booster to face them all. Try to come early morning on weekday to feel the calmness of this place,2026-05-04T04:25:30.921Z,Fazriansyah Nugraha,110752872975969761757,True,0,en,2026-05-04T16:53:27.461838
Ci9DQUlRQUNvZENodHljRjlvT20xYWF5MXhlREJVYmxjMmJrcFJjM3BvWDFaSVluYxAB,ChIJnwfbyUY_by4Rj0atGFvDbcY,JAGARA ECO PARK,Kuningan,Wisata,5,"View Laut di Kuningan 😍

Makanannya enak, nunggunya juga ga terlalu lama pdahal resto nya rame banget.

Semua tempat jadi satu, Resto, Cabin, Playground. Dan yang paling best adalah; KAMAR MANDINYA BERSIH BANGET!!!!",2026-05-03T09:49:36.905Z,Melina Andriani,115053202278104454175,True,0,id,2026-05-04T16:53:27.461846
Ci9DQUlRQUNvZENodHljRjlvT2prMldGcE1Na3RtVjBzMVkxaEJaVk4zWmt4SlZHYxAB,ChIJnwfbyUY_by4Rj0atGFvDbcY,JAGARA ECO PARK,Kuningan,Wisata,1,Pesenan datang lama bgt saya order bakso plus nasi dan nasi nya datang lama sekali kita sdh selesai mkn baru dtg dan itupun saya hrs k kasir dlu ngasih tau,2026-05-02T13:51:02.403Z,santria silaban,116526127015452904766,False,0,id,2026-05-04T16:53:27.461869
Ci9DQUlRQUNvZENodHljRjlvT21SNU1qQnNTM3BsZDFaM1QzSmlSSHBrTFhwMGRFRRAB,ChIJnwfbyUY_by4Rj0atGFvDbcY,JAGARA ECO PARK,Kuningan,Wisata,5,"Bagus tempatnya, cocok untuk healing tapi engga begitu jauh.. datang tengah hari anginya masih adem

untuk makananya kemarin order bakso, pisang goreng sama kopi gula aren.
baksonya lumayan ya tapi kuahnya kurang panas sih, kopi gula arennya kurang sih kalau kataku terlalu maniiis, pisang goreng gula arenya anak-anak suka sekali

kursi dan meja banyak tinggal pilih mau makan diatas, depan, samping, bawah, belakang ada. toiletnya bersih.
rekomen untuk kembali lagi",2026-05-02T05:31:36.500Z,Chintiya NW,107956529901431784981,True,0,id,2026-05-04T16:53:27.461887
Ci9DQUlRQUNvZENodHljRjlvT25CV1pWVlFNMGxUWDJOR1dHZDFiMVYxTUVaeGEyYxAB,ChIJnwfbyUY_by4Rj0atGFvDbcY,JAGARA ECO PARK,Kuningan,Wisata,5,"Es krimnya enak, seger dan lembut- banyak pilihan rasa yang unik. Makanannya beragam dengan porsi yang mengenyangkan ada makanan utama (western & Indonesia) dan snack berat. Tempatnya bersih, rapi, dan aesthetic. Banyak pohon, tanaman, bunga sampai ada juga kupu-kupu. Pemandangannya panoramic cantik waduk darma dan gunung ciremai. Asri, dan bertingkat/menanjak. Ada mushola dan tempat wudhu yang tertutup untuk wanita. Tempat yang menyenagkan.",2026-04-30T09:11:51.297Z,Indira Rachmawita,100573501444843033115,True,0,id,2026-05-04T16:53:27.461906
Ci9DQUlRQUNvZENodHljRjlvT2tVMlZGaHpWbWRPWm1reExXRmZhbUZmU1RnelVXYxAB,ChIJnwfbyUY_by4Rj0atGFvDbcY,JAGARA ECO PARK,Kuningan,Wisata,5,"Tempatnya ok sihh, luas jugaa.. sama ini ada penginapan juga cakep. Tanemannya juga rapih",2026-04-30T03:44:52.790Z,Alisa Fadhiela Hayat,106408357587154519842,False,0,id,2026-05-04T16:53:27.461916
Ci9DQUlRQUNvZENodHljRjlvT2pJeVFrNW9UWEJUUVVFNVZYVk1jVzQ1ZW5WZmFGRRAB,ChIJnwfbyUY_by4Rj0atGFvDbcY,JAGARA ECO PARK,Kuningan,Wisata,5,"it was foiiiiine scenering, the lake is virgin and foods are okies",2026-04-29T05:38:42.152Z,eka ratna,105357116734830847658,False,0,en,2026-05-04T16:53:27.461937
Ci9DQUlRQUNvZENodHljRjlvT2xoUVJHZDVUMGwzUWtFNFpUZE5TMVUxVVhWMmFHYxAB,ChIJnwfbyUY_by4Rj0atGFvDbcY,JAGARA ECO PARK,Kuningan,Wisata,5,Best banget tempatnya,2026-04-23T16:07:23.874Z,adelia dika,101668882957338473687,False,0,id,2026-05-04T16:53:27.461983
Ci9DQUlRQUNvZENodHljRjlvT2xndGVYbHFWR2d4YlZOR2FXWjNkalZXVFdGUFFtYxAB,ChIJr8kiFfEZby4RdaGl7MGTfZU,"Obim Village Resort - Cottage, Resto & Coffee Shop Ciremai",Kuningan,Wisata,5,"SERUUUUU BANGETTTT ngasih makan rusa meskipun agak reuwas 😫😫😫 pas kesini full cerah cantik banget langitnya, ciremainya juga ga kalah cantik 🥰🥰🥰 selain rusa, ada alpaca, domba, kelinci, burung, kura kura, kalo ga salah ada hewan lainnya juga guys agak lupa hehehe. Kalo kesini jangan lupa ajak temen, pasangan atau keluarganya ya guys. Musholanya enakeun, airnya dingin x 🥰🥰🥰",2026-05-04T14:58:58.925Z,Aidara,118085341237063499614,True,0,id,2026-05-04T16:53:27.462008
Ci9DQUlRQUNvZENodHljRjlvT2sxNVZWSTRWVzlzYlhsRVNYVmpRazB5UnpCdmFFRRAB,ChIJr8kiFfEZby4RdaGl7MGTfZU,"Obim Village Resort - Cottage, Resto & Coffee Shop Ciremai",Kuningan,Wisata,5,Cafe oke tapi kasihan kami para smoker tidak ada tempat saat hujan wkwkwk,2026-05-03T18:47:41.550Z,mohammad arief,104094370963030937375,True,0,id,2026-05-04T16:53:27.462020
Ci9DQUlRQUNvZENodHljRjlvT2sxSGVIZGtNMDE2Um1aMlREZE9WRXhJUzBGeVUzYxAB,ChIJr8kiFfEZby4RdaGl7MGTfZU,"Obim Village Resort - Cottage, Resto & Coffee Shop Ciremai",Kuningan,Wisata,1,"Tempatnya ya lumayan, hanya saja pesen makan sampe 1 jam lebih. Dr pesen 6 menu dtg satu satu, minuman dtg duluan makan belakangan ya bosan nunggu minum habis duluan. Ngga worth it sih klo niatnya makan. Klo nongkrong doang sih  ga masalah",2026-05-03T07:12:46.550Z,Firman Noe,109424617644848336523,False,0,id,2026-05-04T16:53:27.462029
Ci9DQUlRQUNvZENodHljRjlvT2tKRlEyMVNXbUZOVERsc2VreDNMVVExTVRWQkxWRRAB,ChIJr8kiFfEZby4RdaGl7MGTfZU,"Obim Village Resort - Cottage, Resto & Coffee Shop Ciremai",Kuningan,Wisata,4,untuk makanan dengan harga 40 ribu kayak terlalu dikit ga si cuminya 😭. yang lainnya bagus👍👍,2026-04-26T09:45:33.800Z,M Faq,114753260711919002057,False,0,id,2026-05-04T16:53:27.462038
Ci9DQUlRQUNvZENodHljRjlvT2twUk0xcDVlV2hYUjNkQlFYcFpkR3RmUkdoemNWRRAB,ChIJr8kiFfEZby4RdaGl7MGTfZU,"Obim Village Resort - Cottage, Resto & Coffee Shop Ciremai",Kuningan,Wisata,4,"Lokasinya strategis dikaki gunung ciremai, view ginung dan sawah, udaranya dingin, jalan masuknya menanjak dan agak sempit",2026-03-29T00:20:34.966Z,F Friyanto,110386900825422882084,True,0,id,2026-05-04T16:53:27.462069
Ci9DQUlRQUNvZENodHljRjlvT25WV05VdDJjVEZyYnkweFR6QXpNVkJUVm0wNVJIYxAB,ChIJr8kiFfEZby4RdaGl7MGTfZU,"Obim Village Resort - Cottage, Resto & Coffee Shop Ciremai",Kuningan,Wisata,1,"Sudah 3 kali nginap. Yg pertama bersama keluarga mash oke di 2 tahun yg lalu, yg kdua bersama rombongan pegawai setahun yang lalu kolam renang mulai kotor dan tidak teramat. Yang ketiga 24 Maret bersama keluarga, nyawa 4 kamar pas masuk kondisi kamar yang Junior yg Saya tempat benar2 tidak dibersihkan pdhal sudah request beberapa kali sblum sampe Villa. Sewa makanan ketika sampe baru 2 jam selesai.  Dua kamar handuk gada butuh satu jam buat datang. Kolam rennag pun sudah request dibersihkan tapi masih kotor.Komplain via WA pegawai respond tidak ada minta maaf. Sayang banget padahal Saya rekomendasikan Villa ini ke banyak orang. Mudah2an bisa segera berbenah dan kembali di manage dengan baik. Kalopun kurang pegawai Mudah2an segera dapat solusinya.",2026-03-24T19:57:57.123Z,Robi Nugraha,116697788453905562916,True,0,id,2026-05-04T16:53:27.462091
Ci9DQUlRQUNvZENodHljRjlvT25NemJWRTRXV2wxZEVsQlRVMVJZbE14ZFZObFMxRRAB,ChIJr8kiFfEZby4RdaGl7MGTfZU,"Obim Village Resort - Cottage, Resto & Coffee Shop Ciremai",Kuningan,Wisata,1,tolonggg pelayanannyaa leletttt bgtttttt!!!!bikinnn kapokk kesini lagii!!padahal ga rame tapiii nunggunyaa makanannya gilaaa lamaaa bgttt!!udah manaa pricey tapi kualitassnyaaa gagallll bgttt!!ga rekomennnn,2026-03-23T06:24:36.225Z,Elsa Fitrianingrum,101121992001201476892,False,0,id,2026-05-04T16:53:27.462100
Ci9DQUlRQUNvZENodHljRjlvT2poVloxOUxkVWczVGxNM1FXUjZWR1EzVjE4MWFuYxAB,ChIJr8kiFfEZby4RdaGl7MGTfZU,"Obim Village Resort - Cottage, Resto & Coffee Shop Ciremai",Kuningan,Wisata,5,"Mwnarik sekali lokasi glamping ini, pelayanan ramah dan sigap membantu kebutuhan tamu, lokasi tenang dan asri, lingkungan dibawah kaki gunung ceremai view dan udara baik sekali..fasilitas cukup utk menginap, menu makanan juga enak..nyaman juga utk anak2 krn kolam renang langsung dr air pegunungan bersih dan ada wahana edukasi hewan Rusa,unggas burung dan ayam dalam mini zoo nya ..hanya sedikit utk lebih menjaga kebersihan kamar mandi spy tidak mengundang serangga dan tokek masuk..selebihnya over all Ok banget...makasih",2026-03-20T16:42:59.541Z,Keramik Jaya Anugerah,101216734841635470427,False,0,id,2026-05-04T16:53:27.462112
Ci9DQUlRQUNvZENodHljRjlvT205RE4waGlWMGhtVEdSUk1uaEdkRFJ0TjBWb00zYxAB,ChIJr8kiFfEZby4RdaGl7MGTfZU,"Obim Village Resort - Cottage, Resto & Coffee Shop Ciremai",Kuningan,Wisata,5,Tempat yg indah,2026-03-10T07:34:09.347Z,WAHYU Din,109823635665241172178,False,0,id,2026-05-04T16:53:27.462122
Ci9DQUlRQUNvZENodHljRjlvT25GTGVGUkplRzVPVDJaa2EyVTRTVzQ0UWt4eFdIYxAB,ChIJr8kiFfEZby4RdaGl7MGTfZU,"Obim Village Resort - Cottage, Resto & Coffee Shop Ciremai",Kuningan,Wisata,5,Tempat nya sejuk,2026-02-27T02:36:40.244Z,Pandu Tulus Satria,105936027571842719650,True,0,ms,2026-05-04T16:53:27.462131
Ci9DQUlRQUNvZENodHljRjlvT2xNM1NuTkJSWEJVVmxsRWJUZDVRbWRUT0haRk4wRRAB,ChIJr8kiFfEZby4RdaGl7MGTfZU,"Obim Village Resort - Cottage, Resto & Coffee Shop Ciremai",Kuningan,Wisata,4,"Sungguh tempat yg nyaman, adem dan damai untuk staycation yg penuh ketenangan dan chill. Ada tv kecil dan wifi walau sedikit trobel.

Sedikit masukan, mohon dapat ditingkatkan lg untuk kebersihan toiletnya, designya toilet pun agak membingungkan dan tidak praktis. Dan untuk menu sarapan agar bisa dibuat lebih menarik dari sekedar nasi goreng biasa & kerupuk, akan lebih menyenangkan ditambah potongan buah segar.",2026-02-26T04:03:15.611Z,Rene Leo,100035118388476129201,True,0,id,2026-05-04T16:53:27.462141
Ci9DQUlRQUNvZENodHljRjlvT2pOTWQwSnFkVVpSTUU5UmRGQmljMVpxWDNkWGJGRRAB,ChIJq4UcbqVzby4Re_HJ-v1tJgs,Bendungan Kuningan,Kuningan,Wisata,2,sama petugasnya ga bole masuk,2026-03-12T10:04:56.939Z,Anela Ainun rahma,109346733897674007855,False,0,id,2026-05-04T16:53:27.462466
Ci9DQUlRQUNvZENodHljRjlvT2pjdGNubFNaV3REVVVGNVMzcFZOWGhJY2tOemRsRRAB,ChIJq4UcbqVzby4Re_HJ-v1tJgs,Bendungan Kuningan,Kuningan,Wisata,5,banyak ikan gabus,2026-02-19T04:23:10.888Z,omall,102944726867355109907,False,0,id,2026-05-04T16:53:27.462484
Ci9DQUlRQUNvZENodHljRjlvT2paV2IxWkdURFYwTTFGNVZUTXlaek0zTUVreWRVRRAB,ChIJq4UcbqVzby4Re_HJ-v1tJgs,Bendungan Kuningan,Kuningan,Wisata,5,sunset nya bagus sekali,2026-01-26T18:04:06.673Z,Rafi Perdiansyah,117458299590714653836,False,0,id,2026-05-04T16:53:27.462504
Ci9DQUlRQUNvZENodHljRjlvT2xkcFdIZzRkbVZQWWpsTU4yUlBSbVpKWVVSbVJYYxAB,ChIJq4UcbqVzby4Re_HJ-v1tJgs,Bendungan Kuningan,Kuningan,Wisata,3,"Sekarang udh beda suasananya jdi sepi bngt yg biasanya klo sore buat anak² muda pada nongkrong, warung² nya juga udh pada ngga ada udh di balesin banyak daun² juga cuma ada 2 warung klo g salah, udah rusak semua syg bngt pdhl view nya bagus🥺",2026-01-23T18:52:02.250Z,Ratih Luwungbata,115432159406929078747,False,0,id,2026-05-04T16:53:27.462517
Ci9DQUlRQUNvZENodHljRjlvT2w5NmJIUmxTRTFwV0ZwZlMxVlRUak40YkVWMGJsRRAB,ChIJq4UcbqVzby4Re_HJ-v1tJgs,Bendungan Kuningan,Kuningan,Wisata,2,"Kemanfaat bendungannya TDK dirasakan oleh warga sekitar, kasian Masy yg terdampak gusuran akibat ambisi seorg presiden Jokowi, bnyk yg kehilangan T4 tinggal dan ntah brp bnyk Masy yg blm menerima manfaat dari kerugian penggusuran tersebut.",2026-01-09T10:12:47.378Z,Rusmedi 16,112171565044196779414,False,0,id,2026-05-04T16:53:27.462546
Ci9DQUlRQUNvZENodHljRjlvT2pZeVZEVTVjVVZrTFVsWllrazJiRFJSU2taNmIwRRAB,ChIJq4UcbqVzby4Re_HJ-v1tJgs,Bendungan Kuningan,Kuningan,Wisata,5,Bendungan yang ada di Kuningan tempat rekreasi keluarga dan teman teman suasana sejuk dan nyaman,2025-12-24T02:08:18.806Z,Akhmad Ghozali Alwan,115564612052611361652,True,0,id,2026-05-04T16:53:27.462582
Ci9DQUlRQUNvZENodHljRjlvT2tKQ05sSm9YMmM0VW5KcFJucDZWbWxuZEhGWlNuYxAB,ChIJq4UcbqVzby4Re_HJ-v1tJgs,Bendungan Kuningan,Kuningan,Wisata,5,Pemandangan indah di sore hari.,2025-10-25T12:48:31.268Z,The Hendra jaya,102345652792432877594,False,0,id,2026-05-04T16:53:27.462603
Ci9DQUlRQUNvZENodHljRjlvT2pCUU0wbEdNMjFUUW00dE5uRkZSVUZuVEc5TVNWRRAB,ChIJq4UcbqVzby4Re_HJ-v1tJgs,Bendungan Kuningan,Kuningan,Wisata,4,All gates lock... restricted areas,2025-09-29T13:13:50.649Z,Deddy Adisudharma,100348728286550680750,True,0,en,2026-05-04T16:53:27.462629
Ci9DQUlRQUNvZENodHljRjlvT25WU1gyRm1RVEJsUkhkS1IyRmFObHBzWnpWR1IyYxAB,ChIJnwfbyUY_by4Rj0atGFvDbcY,JAGARA ECO PARK,Kuningan,Wisata,4,Tempat yang cukup bagus sebagai spot foto. Ada latar belakang waduk drama.,2026-04-22T10:58:52.353Z,Wahyu Sampurno,100073637078092595615,True,0,id,2026-05-04T16:53:27.462641
Ci9DQUlRQUNvZENodHljRjlvT20xSGJqQTNTMk5RYmtwM1ZYVlJTSE5wV0VaVVdGRRAB,ChIJnwfbyUY_by4Rj0atGFvDbcY,JAGARA ECO PARK,Kuningan,Wisata,4,"kalo harganya mahal tolong dong porsi dan rasanya ditingkatkan lagi biar sesuai sama harganya, jangan mahal doang tapi rasa ama porsinya ga logis 🗿🤞🏻",2026-04-21T06:52:51.868Z,Kai,101024564865006267853,False,0,id,2026-05-04T16:53:27.462652
Ci9DQUlRQUNvZENodHljRjlvT21GSFNEVnFaakV5YWpWV1FVMWZVVVEzYVhWd2MwRRAB,ChIJnwfbyUY_by4Rj0atGFvDbcY,JAGARA ECO PARK,Kuningan,Wisata,4,Tempat sangat nyaman,2026-04-19T11:11:28.382Z,Herdee,113325480834642170030,True,0,id,2026-05-04T16:53:27.462677
Ci9DQUlRQUNvZENodHljRjlvT25oQmFIWnJTRlZRVWt0cmIxVldhbkZyVEZsMVgxRRAB,ChIJnwfbyUY_by4Rj0atGFvDbcY,JAGARA ECO PARK,Kuningan,Wisata,5,"Tempat untuk bermain, nongkrong, makan-makan dijagara dengan view waduk darma, dan golden view nya saat sore hari pas matahari akan terbenam",2026-04-19T10:07:06.586Z,Muhamad Tohirudin,104599066373191540121,True,0,id,2026-05-04T16:53:27.462687
Ci9DQUlRQUNvZENodHljRjlvT2pkbU1VMVNVRlZJVm1wc1JsOUtWSEpFYlhvMVZYYxAB,ChIJnwfbyUY_by4Rj0atGFvDbcY,JAGARA ECO PARK,Kuningan,Wisata,1,"Sop Iga not bad, but beli bakwan seafood atau apa lah itu namanya, bakwannya masih mentah, bener-bener mentah adonan. Sengaja ga complain biar saya bisa share disini dan bisa diperbaiki kembali kualitasnya.",2026-04-18T12:47:49.152Z,Fall Yuq,106671472454886467789,False,0,id,2026-05-04T16:53:27.462736
Ci9DQUlRQUNvZENodHljRjlvT2xoWmRsb3hVMUU0YkdoTldIUmxjVWxRYzBSb1gyYxAB,ChIJnwfbyUY_by4Rj0atGFvDbcY,JAGARA ECO PARK,Kuningan,Wisata,5,Bagus banget sukaaa,2026-04-15T13:35:10.330Z,Sopya Rachma Cyntia Dewi,113980361773542796567,False,0,id,2026-05-04T16:53:27.462767
Ci9DQUlRQUNvZENodHljRjlvT25Jd2JsQnJNM05yUlhGRFltWlphMngwUVU1RU5uYxAB,ChIJnwfbyUY_by4Rj0atGFvDbcY,JAGARA ECO PARK,Kuningan,Wisata,5,"Tempatnya enak dan sejuk.
Lebih enak menikmatinya saat sunset.
Harga makanan dan minuman terjangkau",2026-04-15T04:23:07.874Z,Adilyus Chandra,117306953853111703147,True,0,id,2026-05-04T16:53:27.462796
ChZDSUhNMG9nS0VJQ0FnSUQzME95Zkp3EAE,ChIJnwfbyUY_by4Rj0atGFvDbcY,JAGARA ECO PARK,Kuningan,Wisata,5,"Tempat yg sangat nyaman untuk menikmati alam di waduk darma, berada di ketinggian gunung Ciremai. Tiket masuk gratis. Hanya bayar parkir. Tempat parkir tersedia banyak mobil 10k, motor 5k. Tidak di bolehkan bawa makanan dari luar. Baso malang nya lumayan enak sistim ambil sendiri. Sesuai budget😄 sip lah semoga sukses",2026-04-14T12:54:52.603Z,Henny Rohaeni,109048755281143302551,True,0,id,2026-05-04T16:53:27.462821
Ci9DQUlRQUNvZENodHljRjlvT21KNVpqQXdkWFZsY3poUGJ6VmxOM053VWtaVWVXYxAB,ChIJW1jG7C0Xby4Rf8Hvw8xDyxA,Bumi Pelangi Jalaksana,Kuningan,Wisata,5,View yang sangat indah,2026-05-02T23:09:54.793Z,ZAPHUKU TV,111043721468841540031,True,0,id,2026-05-04T16:53:27.462840
Ci9DQUlRQUNvZENodHljRjlvT214UExUbHJUa0Z3TFVkNU0yRTNkVFYyV2xkNFEwRRAB,ChIJW1jG7C0Xby4Rf8Hvw8xDyxA,Bumi Pelangi Jalaksana,Kuningan,Wisata,5,"Gunung indah , pemandangan alam , tempat bagus ,murah",2026-04-26T02:02:28.918Z,Extra Ordinary fashion,117316576842006245395,False,0,id,2026-05-04T16:53:27.462898
Ci9DQUlRQUNvZENodHljRjlvT21OcFRYbEhVR1pzWm1WSmExTnlha1JYYW1oVGIyYxAB,ChIJW1jG7C0Xby4Rf8Hvw8xDyxA,Bumi Pelangi Jalaksana,Kuningan,Wisata,5,"Cukup lumayan untuk ngajak maen bocil, tiket 1  orang 10rb parkir motor 3rb. Tapi mungkin bisa di perhatiin lagi terkait fasilitas dan kebersihannya.",2026-04-22T01:33:38.536Z,Arie Juliyana,102092378105178385589,True,0,id,2026-05-04T16:53:27.462921
Ci9DQUlRQUNvZENodHljRjlvT2xkWWREQkdibmxLYzBSNFVtUTNjMHRPWWtOMlNYYxAB,ChIJW1jG7C0Xby4Rf8Hvw8xDyxA,Bumi Pelangi Jalaksana,Kuningan,Wisata,5,"Tempat renang dengan view gunung Ciremai dengan harga terjangkau murah cocok jadi wahana bermain anak2
Tapi maaf  air kolam renang nya agak sedikit licin dan kotor berlumut tolong diperhatikan..thank you🙏",2026-04-18T12:26:18.502Z,Kang Black,100551418886176533806,True,0,id,2026-05-04T16:53:27.462956
Ci9DQUlRQUNvZENodHljRjlvT25FMFNtSjBSRXR5WkVsRFJGRTVSakZZVEdWWWRsRRAB,ChIJW1jG7C0Xby4Rf8Hvw8xDyxA,Bumi Pelangi Jalaksana,Kuningan,Wisata,4,"Tempatnya adem banget, suka pemandangannya tapi tolong banget buat karyawan disana kolam nya sering² di bersihkan dan dirawat krna banyak lumutnya licin, sayang bgt kalo jorok begitu😭",2026-04-15T10:45:23.607Z,N,116546851125867937904,False,0,id,2026-05-04T16:53:27.462977
Ci9DQUlRQUNvZENodHljRjlvT21WWU9FdDRYM0pqYjJwVGFXOVRZalJSUkhaSlZIYxAB,ChIJW1jG7C0Xby4Rf8Hvw8xDyxA,Bumi Pelangi Jalaksana,Kuningan,Wisata,5,Tempat yang sangat sejuk air dari pegunungan,2026-04-12T09:03:33.604Z,Wawan Riswana,112012211391227565378,False,0,id,2026-05-04T16:53:27.462999
Ci9DQUlRQUNvZENodHljRjlvT25obE1rVnpWa3h5ZGw5UFQyUmpla0ZKTTNwTWEzYxAB,ChIJW1jG7C0Xby4Rf8Hvw8xDyxA,Bumi Pelangi Jalaksana,Kuningan,Wisata,5,"Evaluasi kolam bocornya, demi kepuasan pelanggan",2026-04-11T06:19:23.537Z,Sumenep Madura,109795258548040245369,False,0,id,2026-05-04T16:53:27.463011
Ci9DQUlRQUNvZENodHljRjlvT2kxWk0xaElRM1p4VUdGM2JXTkViRXA2TVZnelRVRRAB,ChIJW1jG7C0Xby4Rf8Hvw8xDyxA,Bumi Pelangi Jalaksana,Kuningan,Wisata,5,"Tempatnya syahdu
Gak terlalu rame tapi nyaman.
Pengurusnya ramah ,",2026-03-26T13:24:27.191Z,Mutirah Mutirah,112822592042091217168,False,0,id,2026-05-04T16:53:27.463047
Ci9DQUlRQUNvZENodHljRjlvT2pFMFNXWmZVWE5mV25KemRVaE9NV2xXZWtablExRRAB,ChIJW1jG7C0Xby4Rf8Hvw8xDyxA,Bumi Pelangi Jalaksana,Kuningan,Wisata,3,"Tempat nya sangat bagus pemandangan nya juga gunung disitu ada mandi bisanya
Seru
Tapi menis nya (disitu dingin banget karena ada kabut) disitu minesnya lagi air nya dingin banget padahal siang
Dan minesnya ( ada air yang ngak terisi)
Dan disitu bagus nya ada perosotan pakai pelampung",2026-03-23T09:33:54.237Z,Naa? Yes' sir Nadia,110997570203891887282,False,0,id,2026-05-04T16:53:27.463062
Ci9DQUlRQUNvZENodHljRjlvT2tOVWVWcGZWMWt4TVZCbGVqZFFWM1ZOUVdzeldXYxAB,ChIJr8kiFfEZby4RdaGl7MGTfZU,"Obim Village Resort - Cottage, Resto & Coffee Shop Ciremai",Kuningan,Wisata,5,"Great view, makanan nya oke, dan ga overprice",2026-02-15T06:30:48.347Z,didi spiel,114613182156305738584,True,0,id,2026-05-04T16:53:27.463091
Ci9DQUlRQUNvZENodHljRjlvT2s5dlNqUkVibkpvYmpZM1pHZHNMVTVOYjFneVVYYxAB,ChIJr8kiFfEZby4RdaGl7MGTfZU,"Obim Village Resort - Cottage, Resto & Coffee Shop Ciremai",Kuningan,Wisata,5,"Ada minizoonya, viewnya langsung gunung ciremai, keren banget. bisa kasih makan rusa langsung, ada alpaca lucu, kura², burung, kelinci dll. Jangan khawatir kalau ngk bawa makanan, ada cafe yg menyediakan makan dan minuman dengan view yang estetik dan banyak spot untuk foto. Cocok untuk nongkrong dengan keluarga, teman dan pasangan. Suasana sejuk, nyaman dan dingin.",2026-01-13T10:31:15.475Z,Anggra Dhina,100279625676097484091,True,0,id,2026-05-04T16:53:27.463152
Ci9DQUlRQUNvZENodHljRjlvT21oTE1qbGpjRXBvUkZwRFRVdHdjMlZ1UjFWWldYYxAB,ChIJr8kiFfEZby4RdaGl7MGTfZU,"Obim Village Resort - Cottage, Resto & Coffee Shop Ciremai",Kuningan,Wisata,5,"Tempatnya Nyaman
Staffnya Ramah",2026-01-10T04:33:01.167Z,Gema Ono,104223711263453918475,True,0,id,2026-05-04T16:53:27.463163
Ci9DQUlRQUNvZENodHljRjlvT2tzMU5VeEhiR0ZUWVRsbmNuYzFRVU5CWDFCSWRYYxAB,ChIJr8kiFfEZby4RdaGl7MGTfZU,"Obim Village Resort - Cottage, Resto & Coffee Shop Ciremai",Kuningan,Wisata,5,"Tempatnya cantik sekali. Definisi estetik maksimal. Dapat kamar yang persis di depan kolam renang, cakep bingits. Mini zoo-nya juga luas dan bersih. Tapi area villa bisa diakses pengunjung resto, jadi siap-siap di depan kamar banyak yang foto-foto.",2026-01-09T11:37:54.932Z,Moyang Kasih,110563083726793575727,False,0,id,2026-05-04T16:53:27.463172
Ci9DQUlRQUNvZENodHljRjlvT25GaVFYQXRRMVZFWTNWWmJrZ3RYMkZzV0VkME1uYxAB,ChIJr8kiFfEZby4RdaGl7MGTfZU,"Obim Village Resort - Cottage, Resto & Coffee Shop Ciremai",Kuningan,Wisata,5,Terima ksh suguhannya  Obim cafe  resort dan zoo atas suguhannya.. 🙏🥰🤗,2026-01-09T08:31:53.239Z,Suci Yulianti,111858488687729991897,False,0,id,2026-05-04T16:53:27.463183
Ci9DQUlRQUNvZENodHljRjlvT214TFFVbDZOVUZHYkVKWVkxRnNPRXRmTkhCZlRrRRAB,ChIJr8kiFfEZby4RdaGl7MGTfZU,"Obim Village Resort - Cottage, Resto & Coffee Shop Ciremai",Kuningan,Wisata,5,"Restonya bagus, nyaman, pemandangannya juga indah, ada area outdoor dan indoor, makanan juga lumayan enak, pas datang lagi week end, jadi agak rame, gak jauh dari situ ada mini zoo juga, anak-anak seneng banget pas diajak ke sini",2026-01-07T04:29:57.518Z,Nurul Andarwati,110362150769460143983,True,0,id,2026-05-04T16:53:27.463202
Ci9DQUlRQUNvZENodHljRjlvT2pnelIyZGlNRWw0Ymt4Q2RrdE9PRkpuY1hOdk9IYxAB,ChIJr8kiFfEZby4RdaGl7MGTfZU,"Obim Village Resort - Cottage, Resto & Coffee Shop Ciremai",Kuningan,Wisata,1,"Pertama berkunjung, tempat ya lumayan. Tapi penyediaan makanan di kafenya mengecewakan lambat.",2026-01-04T05:36:20.662Z,Khayat Abdallah,108902376813701737403,False,0,id,2026-05-04T16:53:27.463212
Ci9DQUlRQUNvZENodHljRjlvT2xaRGVtOUlaa3N3WjBoMWVqQnJVM2xRYVRGdGFGRRAB,ChIJr8kiFfEZby4RdaGl7MGTfZU,"Obim Village Resort - Cottage, Resto & Coffee Shop Ciremai",Kuningan,Wisata,2,"buat tempat si bagus bngt ya, cuman kurang nyaman sama pelayan yg ngeliatin dengan tatapan sinis apalagi di liatin pas lg makan",2026-01-03T14:54:07.835Z,Tia Indrayani,102561951882148933788,False,0,id,2026-05-04T16:53:27.463222
Ci9DQUlRQUNvZENodHljRjlvT2taUFVEQmFaVU5wV0d0YVQzaDFkMDUyYkZwRFluYxAB,ChIJr8kiFfEZby4RdaGl7MGTfZU,"Obim Village Resort - Cottage, Resto & Coffee Shop Ciremai",Kuningan,Wisata,4,Cafenya bagus sederhana dan makananya enak... harga affordable..,2026-01-02T13:57:08.204Z,Ade Marya,101726310366303944447,False,0,id,2026-05-04T16:53:27.463231
Ci9DQUlRQUNvZENodHljRjlvT2xCVlRHdExlRWRyZHpGRWVqaGxhVTVoVEVwMWRVRRAB,ChIJr8kiFfEZby4RdaGl7MGTfZU,"Obim Village Resort - Cottage, Resto & Coffee Shop Ciremai",Kuningan,Wisata,4,"Tempat nyaman,kopi tubruk,matcha,sama donat nya enak cuman makanan nasgor sama ayam rica nya kurang.",2026-01-02T03:51:41.416Z,Haniyyah Salsabila,117970227171235728022,False,0,id,2026-05-04T16:53:27.463245
Ci9DQUlRQUNvZENodHljRjlvT25SU2FXeEhNMkYxUW14Q1J6ZEVUMDFzUW1JNFNtYxAB,ChIJr8kiFfEZby4RdaGl7MGTfZU,"Obim Village Resort - Cottage, Resto & Coffee Shop Ciremai",Kuningan,Wisata,5,"Bersih
Nyaman
Aman
Tertib
Makanannya enak",2025-12-29T08:43:00.339Z,Wawan Bagus Hartono,103438946912532678248,True,0,id,2026-05-04T16:53:27.463263
Ci9DQUlRQUNvZENodHljRjlvT204NVRXOTJhMHRDYjE4MFYxUjZjVzVWWlc5SVVVRRAB,ChIJr8kiFfEZby4RdaGl7MGTfZU,"Obim Village Resort - Cottage, Resto & Coffee Shop Ciremai",Kuningan,Wisata,1,"Pesan makanan buat anak, ikan goreng sampai 1 jam lebih belum jadi juga padahal posisi resto gak yang full banget, padahal udah sampai ditinggal ke mini-zoo nya + keliling2 dulu disekitar resto dengan harapan makanan udah jadi tapi ternyata masih nunggu lama lagi, pas ditanyain ke pelayanannya jawabannya lagi digoreng terus, masa iya goreng ikan segitu doang 30 menit lebih, sampe anak keburu rewel makanannya gak datang-datang. Lihat direview emang dari dulu pelayanan restonya lama, tapi ternyata belum ada perbaikan juga. Dan pas nyampe juga ternyata nasinya cenderung keras.",2025-12-28T06:26:16.243Z,muhammad rosamanillah,103710663079334897595,False,0,id,2026-05-04T16:53:27.463275
Ci9DQUlRQUNvZENodHljRjlvT2paelNEUXlWMDlXVVdWQmFYRTJjVnBEWjBaeVlsRRAB,ChIJq4UcbqVzby4Re_HJ-v1tJgs,Bendungan Kuningan,Kuningan,Wisata,4,"Bagus pemandangannya, tapi akses jalan utamanya di tutup",2025-08-03T04:30:40.973Z,See Future,100847776303360293877,True,0,id,2026-05-04T16:53:27.463320
Ci9DQUlRQUNvZENodHljRjlvT2taTFdsOUVZVkEyWTBKeFVqRlZjR1JNWjE5RVFuYxAB,ChIJq4UcbqVzby4Re_HJ-v1tJgs,Bendungan Kuningan,Kuningan,Wisata,5,Bendungan yang asri,2025-06-22T03:09:25.967Z,Rachman Enggineering,116739433441849542362,False,0,id,2026-05-04T16:53:27.463354
ChdDSUhNMG9nS0VNaWMxTjJMX3Y3LTdnRRAB,ChIJq4UcbqVzby4Re_HJ-v1tJgs,Bendungan Kuningan,Kuningan,Wisata,5,Bagus pelayanan nya dan ramah barang original,2025-06-01T06:59:43.462Z,Abdul Hamid,105502031016884214731,True,0,id,2026-05-04T16:53:27.463370
ChdDSUhNMG9nS0VNT1YwSXVVZ0plRXdnRRAB,ChIJq4UcbqVzby4Re_HJ-v1tJgs,Bendungan Kuningan,Kuningan,Wisata,5,"Produk sangat berkualitas dan murah,pelayanan sangat bagus.",2025-05-15T14:22:47.007Z,Irfan Effendi_PT. Ayamkota Untuk Negara,113642250830800425942,False,0,id,2026-05-04T16:53:27.463380
ChdDSUhNMG9nS0VMalBvWWZGLWZIMWdBRRAB,ChIJq4UcbqVzby4Re_HJ-v1tJgs,Bendungan Kuningan,Kuningan,Wisata,5,"Lokasi umum belok kanan ada view bagus ya..
Pastikan kendaraan roda 4 manual kondisi sehat. Jalanan tanjakan lumayan.
Matik sepertinya lancar",2025-05-10T09:58:43.919Z,Margono,115410477764988349331,True,0,id,2026-05-04T16:53:27.463389
ChdDSUhNMG9nS0VJQ0FnTUNvX2VqNThnRRAB,ChIJq4UcbqVzby4Re_HJ-v1tJgs,Bendungan Kuningan,Kuningan,Wisata,5,Aku kesini ga masuk sih di luar aja tapi tempat nya bagus banget cocok buat aku yang ga suka keramaian,2025-04-19T10:22:35.679Z,Yami Maryamah,103450449622179904692,False,0,id,2026-05-04T16:53:27.463422
ChZDSUhNMG9nS0VJQ0FnTURJaWJiVEV3EAE,ChIJq4UcbqVzby4Re_HJ-v1tJgs,Bendungan Kuningan,Kuningan,Wisata,5,pesona indonesia,2025-04-11T00:19:32.827Z,immam saifulloh,105331857750881158240,True,0,id,2026-05-04T16:53:27.463430
ChZDSUhNMG9nS0VJQ0FnTUNJejk2VlNBEAE,ChIJq4UcbqVzby4Re_HJ-v1tJgs,Bendungan Kuningan,Kuningan,Wisata,2,"Cm liat rungkun..ga ke urus
Nyesel datang",2025-04-05T14:31:19.881Z,Sutarno Vio,116662250665439994069,True,0,id,2026-05-04T16:53:27.463444
ChdDSUhNMG9nS0VJQ0FnTUNJNDViS3RnRRAB,ChIJq4UcbqVzby4Re_HJ-v1tJgs,Bendungan Kuningan,Kuningan,Wisata,4,Sayang bendungan di tutup ga bisa masuk,2025-04-04T10:53:03.832Z,darno andreyan,107053639645822614548,False,0,id,2026-05-04T16:53:27.463452
Ci9DQUlRQUNvZENodHljRjlvT2tOa2IwRlRia3hEY25BMVZGcFRNREpHU0ZaMFpIYxAB,ChIJCebBpnAXby4R-nXnIrQcwsU,Kolam Renang Zam Zam Pool,Kuningan,Wisata,5,mantap recomend,2026-04-27T10:42:34.426Z,Aab 2018,102369025460268781214,True,0,id,2026-05-04T16:53:27.463507
Ci9DQUlRQUNvZENodHljRjlvT2pnMFdVNTFObFo0YWpVemEwbzVURnBYU0cxWldtYxAB,ChIJCebBpnAXby4R-nXnIrQcwsU,Kolam Renang Zam Zam Pool,Kuningan,Wisata,5,Nyaman bersih tidak ada aturan bawa makan atau minum dari luar. Good zampool,2026-04-27T01:52:17.387Z,Alfa Diwansah,113557649565780853279,False,0,id,2026-05-04T16:53:27.463523
Ci9DQUlRQUNvZENodHljRjlvT21wNlpYTllNMGM0WjFoT1EzaFRaRVp4ZFdaNmRIYxAB,ChIJCebBpnAXby4R-nXnIrQcwsU,Kolam Renang Zam Zam Pool,Kuningan,Wisata,5,"Nyaman kolamnya banyak, ada kolam air hangat juga, ada foodcourt, live music, pemandangan nya bagus view ciremai,murah bayar 35 parkir 5rb,worth it lah yaa",2026-04-26T13:30:26.628Z,Diana megawati,112255732742804200561,True,0,id,2026-05-04T16:53:27.463541
Ci9DQUlRQUNvZENodHljRjlvT2pGbVNreHRaelp5UVRWeVUwSXpha0o2YnpGa0xWRRAB,ChIJCebBpnAXby4R-nXnIrQcwsU,Kolam Renang Zam Zam Pool,Kuningan,Wisata,5,Rekomen buat liburan ajak keluarga👨👦👧👩👴👵 🥰,2026-04-25T12:46:59.652Z,bunda Lala,111166515918922067741,True,0,id,2026-05-04T16:53:27.463568
Ci9DQUlRQUNvZENodHljRjlvT2tkRU9YTjZhalJwTnpGM1VIZG9YMU5vVVhOa2QwRRAB,ChIJCebBpnAXby4R-nXnIrQcwsU,Kolam Renang Zam Zam Pool,Kuningan,Wisata,5,"Makin luas ya sekarang terakhir kesini waktu saya SMA sekarang udah nikah makin rame, kamar mandinya juga banyak, sukses terus",2026-04-22T03:13:39.529Z,dull ncep,103405768123193531921,False,0,id,2026-05-04T16:53:27.463596
Ci9DQUlRQUNvZENodHljRjlvT21abVRIbzRhekp2VVMxTGJHVkRiSEpyY3pSRU1IYxAB,ChIJCebBpnAXby4R-nXnIrQcwsU,Kolam Renang Zam Zam Pool,Kuningan,Wisata,4,"Tempatnya mudah dijangkau, viewnya langsung ke area pesawahan, harga terjangkau.",2026-04-09T10:35:10.001Z,Yethi Anindi Novita,100127510706473717184,True,0,id,2026-05-04T16:53:27.463621
Ci9DQUlRQUNvZENodHljRjlvT21oNGRVZERRMUZpTVROTmVIZGhjakpuTTNkS2NtYxAB,ChIJCebBpnAXby4R-nXnIrQcwsU,Kolam Renang Zam Zam Pool,Kuningan,Wisata,5,"Destinasi wisata dikuningan tempat berenang untuk Anak-anak cocok ,, nyaman,,banyak kolamnya dan tempat untuk nunggu juga luas",2026-04-08T05:06:30.171Z,jai gibran,111538304788476934116,True,0,id,2026-05-04T16:53:27.463631
Ci9DQUlRQUNvZENodHljRjlvT2pkb2NHdG9Va0prWHpOQ2JWVldiVTEwYjBwVmRHYxAB,ChIJCebBpnAXby4R-nXnIrQcwsU,Kolam Renang Zam Zam Pool,Kuningan,Wisata,5,"Zam zma pool Kuningan memang enak suasananya,dengan background pemandangan sawan dan gunung, dan lahan parkir yang luas loh",2026-04-07T06:17:55.595Z,Yudi Setiyawan,102001969191892908597,False,0,id,2026-05-04T16:53:27.463644
Ci9DQUlRQUNvZENodHljRjlvT2tSd2JEZHNkM2RwYUZaV1pHcFpiWEEwWm1OZlFXYxAB,ChIJnwfbyUY_by4Rj0atGFvDbcY,JAGARA ECO PARK,Kuningan,Wisata,5,"Bikin betah berlama2,",2026-04-14T02:37:39.203Z,A65 J,115616280335325897316,True,0,id,2026-05-04T16:53:27.463683
Ci9DQUlRQUNvZENodHljRjlvT2xad01WWmlXQzF6ZWtwdVV6aE9lRGxhUzNoWGVYYxAB,ChIJnwfbyUY_by4Rj0atGFvDbcY,JAGARA ECO PARK,Kuningan,Wisata,5,"Menikmati suasana sore hari, sungguh damai dan menyenangkan bersama keluarga, tidak ada tiket masuk, hanya tiket parkir kendaraan,
Mantappp...",2026-04-13T06:51:29.671Z,Totong Sudiono,100352907629881396064,True,0,id,2026-05-04T16:53:27.463700
Ci9DQUlRQUNvZENodHljRjlvT2pVNVJ6UXRjMWh6TWpZeVRrNTNlSHBmYUZwaU1WRRAB,ChIJnwfbyUY_by4Rj0atGFvDbcY,JAGARA ECO PARK,Kuningan,Wisata,5,Tempatnya oke banget buat kumpul bareng temen atau pun berdua pas banget dengan pemandangan waduk darma,2026-04-13T04:52:15.453Z,Anto Aja,108672301413244004569,True,0,id,2026-05-04T16:53:27.463709
Ci9DQUlRQUNvZENodHljRjlvT2xGV2F6SjVRVXhvYUc1bVRWTm5RMFZ5VVU5cFdYYxAB,ChIJnwfbyUY_by4Rj0atGFvDbcY,JAGARA ECO PARK,Kuningan,Wisata,5,Sangat rekomen untuk liburan dan ngopi santai,2026-04-12T20:06:51.927Z,Mardit,113412148561913849314,False,0,id,2026-05-04T16:53:27.463719
ChdDSUhNMG9nS0VJQ0FnSUNmc2ZDUndBRRAB,ChIJq4UcbqVzby4Re_HJ-v1tJgs,Bendungan Kuningan,Kuningan,Wisata,5,Pemandangannya nyaman dimata,2024-12-30T02:56:22.169Z,Ahmad Nurhamidin,109084690544596115399,False,0,id,2026-05-04T16:53:27.463789
Ci9DQUlRQUNvZENodHljRjlvT213M2NrNU1TREJOYlVkQlJIQkNiRXM1T0ZaNWNsRRAB,ChIJr8kiFfEZby4RdaGl7MGTfZU,"Obim Village Resort - Cottage, Resto & Coffee Shop Ciremai",Kuningan,Wisata,4,"Untuk makanannya enak datangnya pun cepet, tempat oke, pelayannya kurang ramah🙏🏼",2025-12-24T01:19:50.989Z,Wine priska Indriani,109892001097110925954,False,0,id,2026-05-04T16:53:27.463866
Ci9DQUlRQUNvZENodHljRjlvT204eFN6VmFZMHhMV2xvd1NuZFlNa1k1YlZWdE1sRRAB,ChIJr8kiFfEZby4RdaGl7MGTfZU,"Obim Village Resort - Cottage, Resto & Coffee Shop Ciremai",Kuningan,Wisata,1,Tiket mini zoo 15k/orang udah termasuk pakan. BociL jg dikenakan tiket. Bayar 45k dikasih 2 tiket.,2025-12-21T08:00:51.668Z,Rahwana,113381861499991188682,False,0,id,2026-05-04T16:53:27.463876
Ci9DQUlRQUNvZENodHljRjlvT2trNVNVeEVSRTFKU2xORU0wOVViMFZSY2xCRlMzYxAB,ChIJr8kiFfEZby4RdaGl7MGTfZU,"Obim Village Resort - Cottage, Resto & Coffee Shop Ciremai",Kuningan,Wisata,5,"Tempatnya instagramable yaa sejuk juga, banyak banget spot foto nya. Pelayanannya lumayan ramah, makanannya juga lumayan enak. Kita bisa juga ke mini zoo nya, tiket masuknya 15k (weekend) udah dapet makanan buat hewan nya + view gunung ciremai",2025-12-21T07:33:46.362Z,Nia,114835506061176704164,True,0,id,2026-05-04T16:53:27.463903
Ci9DQUlRQUNvZENodHljRjlvT21wM1VrNU9Yemw1TUZRek9FTm5aR0YxZG5KdE1XYxAB,ChIJr8kiFfEZby4RdaGl7MGTfZU,"Obim Village Resort - Cottage, Resto & Coffee Shop Ciremai",Kuningan,Wisata,4,"Saya kira tiket nya kaya d tiktok 10k eh ternyata 15k yah....tapi its oke ga papa buat pengalaman aja...
Pas bayar parkir 5k kaget harga segitu sudah kaya d kota bayar parkir... sangat d sygkan terlalu mahal...kadang orang2 malas bayar parkir yg terlalu mahal bisa jadi tempat jdi sepi karna parkir kemahalan...padahal saya cuman ke mino zoo nya aja..
Sekedar masukan aja sih ya demi kebaikan wisata nya ...🙏mudah2han bisa d pertimbangkan lg untuk bayar parkir",2025-12-18T06:53:46.969Z,Anton Ajah,113561032584027993454,False,0,id,2026-05-04T16:53:27.463919
Ci9DQUlRQUNvZENodHljRjlvT25SRlRUaEVUVkl3YVZZelkyUmhSamRWZDJ4Q1JtYxAB,ChIJr8kiFfEZby4RdaGl7MGTfZU,"Obim Village Resort - Cottage, Resto & Coffee Shop Ciremai",Kuningan,Wisata,1,"pelayanan lama, mesan makanan sudah sejam mohon diperbaiki lagi untuk kedepannya.",2025-11-29T05:19:09.728Z,dt milani,107997534123336718892,False,0,id,2026-05-04T16:53:27.463956
Ci9DQUlRQUNvZENodHljRjlvT2tkdVZtdDZTVVJ1VGw5Q0xUWXdSRzlvUzB4RE1sRRAB,ChIJr8kiFfEZby4RdaGl7MGTfZU,"Obim Village Resort - Cottage, Resto & Coffee Shop Ciremai",Kuningan,Wisata,5,Tempat yang bagus,2025-11-20T02:00:47.303Z,Topa Wiralodra,114991807465749470466,True,0,id,2026-05-04T16:53:27.463975
Ci9DQUlRQUNvZENodHljRjlvT2tSa1kzcDFjR1F0V2poalp6Sk1TalZUWDJ3MVoyYxAB,ChIJr8kiFfEZby4RdaGl7MGTfZU,"Obim Village Resort - Cottage, Resto & Coffee Shop Ciremai",Kuningan,Wisata,4,"Menurut ku tempat ini not bad lah. Hanya sedikit kaget pas nyari musholla dan toilet, ternyata letak nya di pojokan🥲. Waktu kami datang sekeluarga karenan ramean jadi gak takut, tapi kalo datang berdua doank, serius ini agak serem sih.
Jalan ke situ pake mobil juga aman. Cuma kebetulan bgt pas kami kesana lagi ada perbaikan jalan di jalan utama, jadilah kami di suruh ambil jalan pintas yg kecil bgt buat mobil. Kalau gak pandai nyetir,agaks struggle sih",2025-11-18T10:01:47.928Z,Queen Safaraz,102487092353534180049,False,0,id,2026-05-04T16:53:27.463995
Ci9DQUlRQUNvZENodHljRjlvT25BeFNtcGpVa2xSVVU0MFNqbDFaV3MyZERoaFoyYxAB,ChIJW1jG7C0Xby4Rf8Hvw8xDyxA,Bumi Pelangi Jalaksana,Kuningan,Wisata,5,Tempat favorit buat healing,2025-12-01T10:03:30.574Z,Nada Rahida,110008915750890138566,False,0,id,2026-05-04T16:53:27.464044
Ci9DQUlRQUNvZENodHljRjlvT2tOelVqZERVVVZsVlhsemFVUnZaVjg1ZWxoS1IyYxAB,ChIJW1jG7C0Xby4Rf8Hvw8xDyxA,Bumi Pelangi Jalaksana,Kuningan,Wisata,5,"Tempatnya bener2 bagus banget,.
View-nya bagus banget sumpah,.
Cuma kolam renang sangat kotor dan licin,.
Sepertinya tidak di rawat dan jarang di bersihkan.,
Kolam yg di atas pun bnyk yg tidak ada airnya,.
Andaikan kolam renang dan seisinya bersih pasti akan menjadi tempat wisata yg menyenangkan dan akan di rekomendasikan ke keluarga dan teman2.",2025-09-30T13:08:34.240Z,desta arpharel,104504941923191549080,True,0,id,2026-05-04T16:53:27.464054
Ci9DQUlRQUNvZENodHljRjlvT2tOWlFuUnhWMFkwUTFsS1UwdEdXbTlwZGxwRWFFRRAB,ChIJW1jG7C0Xby4Rf8Hvw8xDyxA,Bumi Pelangi Jalaksana,Kuningan,Wisata,5,"Jalurnya enak, pemandangannya bagus. Lokasi wisatanya sudah tidak beroperasi",2025-09-28T03:08:39.725Z,govit haditz,102363042762426952054,True,0,id,2026-05-04T16:53:27.464063
Ci9DQUlRQUNvZENodHljRjlvT2xoTlF6YzVRVWcwZWw5RVVHdDFVbXhhVkRGUVZYYxAB,ChIJW1jG7C0Xby4Rf8Hvw8xDyxA,Bumi Pelangi Jalaksana,Kuningan,Wisata,5,Mudah2n ada kesempatan lihat lokasi langgsung,2025-09-27T13:55:12.894Z,Yoyo Mulyadi,105979456287510502332,False,0,id,2026-05-04T16:53:27.464072
Ci9DQUlRQUNvZENodHljRjlvT25wU1RESktiVzlpTTFaMlJYRTVSMUpqY2pkV2FGRRAB,ChIJW1jG7C0Xby4Rf8Hvw8xDyxA,Bumi Pelangi Jalaksana,Kuningan,Wisata,1,Ga sesuai ekspektasi kaya tempatnya ga ke urus wc jarang dibersihin yg atas nemuin banyak serangga di wcview masih ok,2025-07-02T05:34:06.198Z,Amelia Dwi Lestari,105366962805819745576,False,0,id,2026-05-04T16:53:27.464088
ChdDSUhNMG9nS0VJQ0FnTURvaHEzYTlRRRAB,ChIJW1jG7C0Xby4Rf8Hvw8xDyxA,Bumi Pelangi Jalaksana,Kuningan,Wisata,4,Sejuk nyaman fasilitas lengkap tp perlu penataan ulang pd bbrp bagian....,2025-04-24T07:28:08.253Z,Eka Priyatna,106980150444661016816,True,0,id,2026-05-04T16:53:27.464112
ChZDSUhNMG9nS0VJQ0FnTUNvcmVPNkpBEAE,ChIJW1jG7C0Xby4Rf8Hvw8xDyxA,Bumi Pelangi Jalaksana,Kuningan,Wisata,3,"Suasananya cantik, indah, langsung dibawah gunung ciremai, tapi kolamnya yg warna warni seperti kolam kurang terurus, cat sudah luntur dan kolam beberapa kosong tanpa air, sayang sekali padahal liat di sosmed yang masih tahun lalu masih bagus sekali, mungkin kurang pengelolaannya, bayarnya hanya 48 ribu plus parkirnya. Semoga dikelola lagi karena sebenarnya ini tempat yang bagus dan viewnya indah. Terlebih lagi ada banyak spot bermain anak seperti melukis, main pasir ajaib, ayunan dan perosotan. Dll",2025-04-19T04:11:15.400Z,Anjela Intan Nurainy (Anjela),108175589261514536928,True,0,id,2026-05-04T16:53:27.464209
ChdDSUhNMG9nS0VJQ0FnTURJNFB2WnF3RRAB,ChIJW1jG7C0Xby4Rf8Hvw8xDyxA,Bumi Pelangi Jalaksana,Kuningan,Wisata,3,cukup lumayan buat renang anak anak sh,2025-04-06T07:41:40.642Z,Pujaheriyanapuja,104514348116000151643,True,0,id,2026-05-04T16:53:27.464409
ChZDSUhNMG9nS0VJQ0FnTURBck9ldElnEAE,ChIJW1jG7C0Xby4Rf8Hvw8xDyxA,Bumi Pelangi Jalaksana,Kuningan,Wisata,5,Perlu promosi dan penambahan obyek biar memikat para pengunjung,2025-02-07T12:22:13.005Z,Darmani Sudjarwo,116922118972628787954,True,0,id,2026-05-04T16:53:27.464430
ChdDSUhNMG9nS0VJQ0FnSURfM1puQXN3RRAB,ChIJW1jG7C0Xby4Rf8Hvw8xDyxA,Bumi Pelangi Jalaksana,Kuningan,Wisata,2,"Intinya kurang terkelola dengan baik beberapa kolam masih belum ada airnya dan dalam masa perbaikan.
Tempatnya indah, pemandangan bagus hanya belum terkelola dengan baik.
Mohon ditingkatkan fasilitas nya. Agar pengunjung tidak kecewa.",2025-01-26T11:07:00.026Z,Isah Anisah,118271173655142372283,False,0,id,2026-05-04T16:53:27.464440
Ci9DQUlRQUNvZENodHljRjlvT2tGUVEyNDJNVEYyY2paZmJtZDVXRFJ4VTJaV2EzYxAB,ChIJCebBpnAXby4R-nXnIrQcwsU,Kolam Renang Zam Zam Pool,Kuningan,Wisata,1,"di tempat yg premium ada 2 kantin dan 1 caffe ""happy nos"". kenapa kalau di kantin ada minimal pembelian 100rb kalau mau payment transfer sedangkan di happy nos tidak ada??
baru kali ini saya belanja ada minimum belanja kalau mau payment menggunakan transfer. sangat men dugong kan sekali",2026-04-04T11:36:04.541Z,Arya ardyatama,100754878945566266947,True,0,id,2026-05-04T16:53:27.464484
Ci9DQUlRQUNvZENodHljRjlvT2xoeVYxOVBNMmhSVDNsVldsSktMWGRSV21oc01XYxAB,ChIJCebBpnAXby4R-nXnIrQcwsU,Kolam Renang Zam Zam Pool,Kuningan,Wisata,1,"Tempat duduk sangat banyak tapi yg sangat disayangkan loker sama air panasnya ngga ada
Update, setelah ke 2x kesini baru sadar klo parkir motor bayar 5rb hanya menyewa tempat parkir bukan buat keamanan. Parkir itu sudah kewajiban pengelola tempat wisata dan seharusnya bayar 5rb untuk keamanan sehingga pengunjung merasa aman saat rekreasi. Jadi sepertinya sudah cukup ngga akan kesini lagi",2026-04-03T14:10:38.741Z,Asep Destryana,114265808511816951702,True,0,id,2026-05-04T16:53:27.464500
Ci9DQUlRQUNvZENodHljRjlvT2pGZk9YVTVVV1pTVW1NdFN6WlJlR2RtU0hSM1NrRRAB,ChIJCebBpnAXby4R-nXnIrQcwsU,Kolam Renang Zam Zam Pool,Kuningan,Wisata,5,"Kolam renang banyak. Ada kolam hangat, untuk anak dan dewasa. Tempat duduk banyak pilihan.
Ada air tumpah, seluncur.",2026-04-03T10:19:52.995Z,Yulianti -,103610543317183694382,True,0,id,2026-05-04T16:53:27.464511
Ci9DQUlRQUNvZENodHljRjlvT2tzMVQySlVRVU14VTNkSExXaHJhRmsyYTFwV1RFRRAB,ChIJCebBpnAXby4R-nXnIrQcwsU,Kolam Renang Zam Zam Pool,Kuningan,Wisata,5,Kolam renangnya cukup luas dengan pilihan kedalaman yang bervariasi. Ada kolam air hangat nya. Kamar mandi dan kamar ganti yang sangat memadai.,2026-04-03T04:56:14.002Z,Angkinisme Purnama,104254046067771353517,True,0,id,2026-05-04T16:53:27.464521
Ci9DQUlRQUNvZENodHljRjlvT2pJeGJXOUNRV1ZyWjBGUVpGaERTbFYwWldoMFYxRRAB,ChIJCebBpnAXby4R-nXnIrQcwsU,Kolam Renang Zam Zam Pool,Kuningan,Wisata,5,"Jangan coba coba kesini saat liburan, ruuuaaaame bet. Dah itu aja.
Selain itu oke, privat pool malam asik ada live musiknya, air anget ada walau kecil tapi lumayan.",2026-04-02T08:36:47.908Z,Iqbal Junizar,107229925891753078711,True,0,id,2026-05-04T16:53:27.464531
Ci9DQUlRQUNvZENodHljRjlvT210VlVtbzBTVmxHVms5UmVqQnRURE16YVZBMGRWRRAB,ChIJCebBpnAXby4R-nXnIrQcwsU,Kolam Renang Zam Zam Pool,Kuningan,Wisata,5,"Kesini h+1 setelah lebaran idul Fitri , kondisi ramai , kolam sedikit kotor mungkin karena banyak pengunjung , tiket masuk 30rb,kolam renang yang katanya panas rasanya cuma anget suam kuku.  Kamar bilas banyak & bersih ,sayang dibagian tunggunya pengunjung ga bisa jaga kebersihan jadi kotor & jorok ,petugasnya ga gercep bersihin .parkir motor kurang paham sistem nya gimana , aku bayar 10k kagak kembali 😁 tukang parkirnya langsung melengos aja
🫠🫠,",2026-03-31T14:16:51.801Z,Foni mutiara,118136786707775582204,False,0,id,2026-05-04T16:53:27.464557
Ci9DQUlRQUNvZENodHljRjlvT2t4bWQwOWpNRlpXZVhBME1IbE5aM2RmZHpoeWFsRRAB,ChIJCebBpnAXby4R-nXnIrQcwsU,Kolam Renang Zam Zam Pool,Kuningan,Wisata,4,"Bagus ,,, Harga lumayan terjangkau,,,klrga sya Suka dgn tmp istrhtnya bnyk pilihan,,,hnya tulisan peringatan utk kedalaman air msh kurang jelas ,,",2026-03-30T09:04:50.827Z,Basuni Basuni,106613363313250007233,False,0,id,2026-05-04T16:53:27.464607
Ci9DQUlRQUNvZENodHljRjlvT25odVFuaDFTMDUyVVZCbFJEWllaMGRIVVdKdGNWRRAB,ChIJCebBpnAXby4R-nXnIrQcwsU,Kolam Renang Zam Zam Pool,Kuningan,Wisata,2,Berasa berenang di kolam lele 🤣🤣🤣🤣🤣🤪🤪🤪🤪,2026-03-29T04:22:22.497Z,fitriana yudita,101174409259581504343,True,0,id,2026-05-04T16:53:27.464623
Ci9DQUlRQUNvZENodHljRjlvT2pGUVZqaFhSM0k1VEZGQmRrUlFNbVZVZW5aMlozYxAB,ChIJCebBpnAXby4R-nXnIrQcwsU,Kolam Renang Zam Zam Pool,Kuningan,Wisata,4,"Tempatnya luas, ruang tunggu nyaman bisa bawa makanan cocok untuk keluarga, kamar mandi bersih",2026-03-24T04:44:51.258Z,Udin Jaenudin,110069556020947052937,True,0,id,2026-05-04T16:53:27.464667
Ci9DQUlRQUNvZENodHljRjlvT2psRVV6bFVaRlJDVDNOUFREWnpZbmgwWmtoWlFrRRAB,ChIJCebBpnAXby4R-nXnIrQcwsU,Kolam Renang Zam Zam Pool,Kuningan,Wisata,3,"Sebenernya asik ini tempat asri banget,,, pemandangan sawah ijo di depan kolam,, view nya juga ada pegunungan,, asik lah pokoknya,, tapi sayang,  ASAP ROKOK  b3bas berhembus , banyak anak2 kecil bermain air para smoker cuex2 aja berasap,, jadi semua yang indah, dari pemandangan sawah, pegunungan suasana kolam, ilang refresh nih karena asap rokok, kalo bisa ada smoking area khusus lah spy enak nih udaranya.. 😉",2026-03-24T01:47:58.975Z,rudi firmansyah 123,107586146315708202141,True,0,id,2026-05-04T16:53:27.464677
Ci9DQUlRQUNvZENodHljRjlvT2xNMldGSm1lRXB5UlRCdU9FaG1aVUUxTkRGT01HYxAB,ChIJCebBpnAXby4R-nXnIrQcwsU,Kolam Renang Zam Zam Pool,Kuningan,Wisata,3,Kesini saat libur lebaran engga banget penuh bgt,2026-03-23T08:43:50.092Z,Primadesty Octora,106069676886959274388,True,0,id,2026-05-04T16:53:27.464686
Ci9DQUlRQUNvZENodHljRjlvT2s5Rk5XVXdkRWhzUVRkS1pXcDZkR0ZIYlRkWldVRRAB,ChIJgyLHLTMYby4R_bXqZmksIVQ,Gedung Perundingan Linggarjati,Kuningan,Wisata,5,Tempat rapi bersih dan terawat,2026-05-04T13:17:49.415Z,Mulyana Saja,112504896178233992610,True,0,id,2026-05-04T16:53:27.464703
Ci9DQUlRQUNvZENodHljRjlvT21SSlJVcDBZbkJFV0hSM2RURmxabkZIU21WUGFYYxAB,ChIJgyLHLTMYby4R_bXqZmksIVQ,Gedung Perundingan Linggarjati,Kuningan,Wisata,5,Jadi makin yakin kalo dulu pendahulu kita memang berjuang untuk kemerdekaan,2026-05-03T18:48:51.456Z,mohammad arief,104094370963030937375,True,0,id,2026-05-04T16:53:27.464721
Ci9DQUlRQUNvZENodHljRjlvT21SME55MUxNMlp4TjFCTU16WXlXVk5sTXpkUlVVRRAB,ChIJgyLHLTMYby4R_bXqZmksIVQ,Gedung Perundingan Linggarjati,Kuningan,Wisata,5,"Pusat oleh2 yang servisnya ok, selama menunggu keluarga yang berbelanja bisa dapat free drik",2026-05-02T10:13:31.373Z,Widi Yusuf,106219944409614784513,True,0,id,2026-05-04T16:53:27.464733
Ci9DQUlRQUNvZENodHljRjlvT2xwT1prMUNjbUkxZW5SaGNGQkJjbFJWTldaaUxYYxAB,ChIJgyLHLTMYby4R_bXqZmksIVQ,Gedung Perundingan Linggarjati,Kuningan,Wisata,4,"Tempat bersejarah yg suasananya nyaman bgt, sejuk, tenang, tempat kejadian penting bagi negara. Semoga tetap lestari",2026-05-01T11:30:27.310Z,shinta dewi ansi setiawan,112754283103702417893,True,0,id,2026-05-04T16:53:27.464743
Ci9DQUlRQUNvZENodHljRjlvT2psT1gxZ3habFY2WlZwWmRuWjBTV3BxWkhGblMzYxAB,ChIJgyLHLTMYby4R_bXqZmksIVQ,Gedung Perundingan Linggarjati,Kuningan,Wisata,5,"harga tiket masuk 10rb, anak belum sekolah gratis, toilet bersih tapi airnya sangat dingin mengingat cuaca pada saat itu sedang dingin walaupun langit cerah, overall bersih, papan informasinya lengkap bisa berlibur + belajar sejarah dengan anak, yg paling enak halaman luarnya sangat luas dan masih asri hijau cocok untuk bertamasya bersama keluarga kecil dan goks nya dihalaman belakang gedung ada kandang rusa",2026-04-26T11:49:08.414Z,Sanjaya,113730397931122143666,True,0,id,2026-05-04T16:53:27.464761
Ci9DQUlRQUNvZENodHljRjlvT25acE5rMU1NbE4xZDBsRE9FTkNjMmRNTjI5UExVRRAB,ChIJgyLHLTMYby4R_bXqZmksIVQ,Gedung Perundingan Linggarjati,Kuningan,Wisata,5,jangan lupakan sejarah bangsamu.,2026-04-21T22:59:36.596Z,cifu Valentine,112144548179178730283,True,0,ms,2026-05-04T16:53:27.464798
Ci9DQUlRQUNvZENodHljRjlvT2s1UFZGUkVaakZWYTBwSExVWklhVTFGVTBVMlIyYxAB,ChIJgyLHLTMYby4R_bXqZmksIVQ,Gedung Perundingan Linggarjati,Kuningan,Wisata,5,Nostalgia masa SD,2026-04-15T06:38:11.530Z,V90 tanda,107351502937961376436,True,0,id,2026-05-04T16:53:27.464838
Ci9DQUlRQUNvZENodHljRjlvT2sxWWJYZFNjSFpLYldkM2NFaHpiMGwzTmpVMVNtYxAB,ChIJgyLHLTMYby4R_bXqZmksIVQ,Gedung Perundingan Linggarjati,Kuningan,Wisata,5,Pengalaman luar biasa bisa mengunjungi tempat bersejarah yg ada di kuningan.. Membawa kita merasakan pengalaman masuk ke jaman dulu,2026-04-12T13:02:32.797Z,Yuni,106495548885279275747,True,0,id,2026-05-04T16:53:27.464860
Ci9DQUlRQUNvZENodHljRjlvT2pCRlYwbHJlak5FWHpZemJISlFUMUJXWDJkWlVtYxAB,ChIJgyLHLTMYby4R_bXqZmksIVQ,Gedung Perundingan Linggarjati,Kuningan,Wisata,5,Bersih dan sangat terjaga barang² peninggalannya,2026-04-10T05:49:19.937Z,Andina Ayu,113197558256136017706,True,0,ms,2026-05-04T16:53:27.464913
Ci9DQUlRQUNvZENodHljRjlvT2xFMk1UTnJkRU5GZW5aTE56aHplWGhzU1ZZNU5WRRAB,ChIJOX4zS_sfby4Rp1HwnPk1nyg,Kampung Pasundan Cisamaya,Kuningan,Wisata,5,"Kampung Pasundan cisamaya, bersama bu Ida dan kenangan bersama alm.pak kuwu salim, di desa pasawahan dusun kaliwon Kec pasawahan",2025-10-14T14:20:55.258Z,Kinghans,113247115954447393397,True,0,id,2026-05-04T16:53:27.464950
ChdDSUhNMG9nS0VJQ0FnSUMxNE1tQ25BRRAB,ChIJOX4zS_sfby4Rp1HwnPk1nyg,Kampung Pasundan Cisamaya,Kuningan,Wisata,5,"Tempat healing unik. Voiceless forest, bersih, tenang, hiburan musik bambu Sunda di hari2 tertentu.",2023-12-20T13:54:05.892Z,arismuda irawan,109513668246763407143,True,0,id,2026-05-04T16:53:27.464980
ChZDSUhNMG9nS0VJQ0FnSUNwMEpyZElBEAE,ChIJOX4zS_sfby4Rp1HwnPk1nyg,Kampung Pasundan Cisamaya,Kuningan,Wisata,4,Harga tiket masuknya berapa yah ?,2023-07-27T01:39:27.422Z,Ari Ahmad,111625343137167292018,True,0,id,2026-05-04T16:53:27.465007
ChdDSUhNMG9nS0VJQ0FnSURoeFktbXl3RRAB,ChIJOX4zS_sfby4Rp1HwnPk1nyg,Kampung Pasundan Cisamaya,Kuningan,Wisata,4,tempatnya sejuk dan full oksigen,2023-03-13T13:59:07.230Z,Engkos 16,112564889125689384459,True,0,id,2026-05-04T16:53:27.465037
ChZDSUhNMG9nS0VJQ0FnSUNoX1liY05BEAE,ChIJOX4zS_sfby4Rp1HwnPk1nyg,Kampung Pasundan Cisamaya,Kuningan,Wisata,5,"Tempat yang asyik buat berkumpul dengan teman-teman, suasana yang sejuk alami",2023-02-21T13:21:48.891Z,Daffa Dzakhira,114203078223275170776,False,0,id,2026-05-04T16:53:27.465047
ChdDSUhNMG9nS0VJQ0FnSUNoazhUeDZnRRAB,ChIJOX4zS_sfby4Rp1HwnPk1nyg,Kampung Pasundan Cisamaya,Kuningan,Wisata,5,"Kereen.. Konsep perkampungan dng budaya sundanya, arsitektur bambu, di dalam hutan pinus dng mata airnya yg suasana yg sejuk, hijau, indah n nyaman.",2023-02-21T09:46:08.579Z,Gandhi Purwanto,109463020531105241587,True,0,id,2026-05-04T16:53:27.465061
ChdDSUhNMG9nS0VJQ0FnSURlLUplRy1BRRAB,ChIJOX4zS_sfby4Rp1HwnPk1nyg,Kampung Pasundan Cisamaya,Kuningan,Wisata,4,adem sejuk dan indah..🤭😄😄🤩,2022-12-09T02:46:03.902Z,Yusuf pusaka bumi,116612753435575883267,True,0,ms,2026-05-04T16:53:27.465078
ChdDSUhNMG9nS0VJQ0FnSUMtN295U3RBRRAB,ChIJOX4zS_sfby4Rp1HwnPk1nyg,Kampung Pasundan Cisamaya,Kuningan,Wisata,5,Cool Place.. good for format healing,2022-11-04T14:32:55.085Z,Muhamad Isnur,105037007586646026159,True,0,en,2026-05-04T16:53:27.465087
ChZDSUhNMG9nS0VJQ0FnSURldGZ2M0RnEAE,ChIJOX4zS_sfby4Rp1HwnPk1nyg,Kampung Pasundan Cisamaya,Kuningan,Wisata,3,Lokasinya ok viewnya biasa kamarnya kurang nyaman. kmr mndi kurang nyaman dan gak ada air panas 🙏,2022-10-16T04:38:14.772Z,Yamazaki “Yamazaki” Chibi,100366085399358015664,True,0,id,2026-05-04T16:53:27.465096
ChZDSUhNMG9nS0VJQ0FnSURlcFlUOU9BEAE,ChIJOX4zS_sfby4Rp1HwnPk1nyg,Kampung Pasundan Cisamaya,Kuningan,Wisata,5,tempat yg benar2 natural,2022-10-15T06:22:25.809Z,than must Wahyudi,107847719438472186952,True,0,id,2026-05-04T16:53:27.465106
ChZDSUhNMG9nS0VJQ0FnSURlOHMtUkpnEAE,ChIJOX4zS_sfby4Rp1HwnPk1nyg,Kampung Pasundan Cisamaya,Kuningan,Wisata,4,"Terletak di kawasan Kuningan, sekitar 20 kilometer dari Cirebon. Dengan suasana pedesaan yang menarik. Tanggal 2 Oktober 2022 dilaksanakan acara Jagat Batik dalam rangka hari batik nasional.",2022-10-07T03:23:21.191Z,Vivera Siregar,107419077518234669534,True,1,id,2026-05-04T16:53:27.465125
ChdDSUhNMG9nS0VJQ0FnSUNmXzhfRjd3RRAB,ChIJW1jG7C0Xby4Rf8Hvw8xDyxA,Bumi Pelangi Jalaksana,Kuningan,Wisata,5,"Bumi Pelangi Jalaksana

Tempatnya Warna Warni dan sangat menarik.

Kolamnya ada banyak.
Airnya Bersih dan Segar.

Toilet lumayan bersih.

Terima kasih banyak....
☺️🥰🌷🌹",2025-01-03T06:22:21.340Z,djuliyah comey,105535613837376839606,False,0,id,2026-05-04T16:53:27.465166
ChdDSUhNMG9nS0VJQ0FnSUNmNDhpMWdBRRAB,ChIJW1jG7C0Xby4Rf8Hvw8xDyxA,Bumi Pelangi Jalaksana,Kuningan,Wisata,4,"Mencari inspirasi untuk resolusi 2025.
(01.01.24)",2025-01-01T06:08:06.081Z,BapakMuda22 _,103381037859566849145,True,0,id,2026-05-04T16:53:27.465175
ChdDSUhNMG9nS0VJQ0FnSUN2cmZqRmxnRRAB,ChIJW1jG7C0Xby4Rf8Hvw8xDyxA,Bumi Pelangi Jalaksana,Kuningan,Wisata,5,Tempat wisata camping baling seru bersama keluarga jalan tidak terlalu nanjak lokasi luas dan kolang renang yg banyak pilihan tiket masuk/ngecamp nya murah,2024-12-13T15:20:49.451Z,ALKALIN CHANNEL,102643296979437887830,True,0,id,2026-05-04T16:53:27.465191
ChZDSUhNMG9nS0VJQ0FnSUNueV9Dd1VnEAE,ChIJW1jG7C0Xby4Rf8Hvw8xDyxA,Bumi Pelangi Jalaksana,Kuningan,Wisata,5,Tadi sekarang ada operator MTs bina cendekia,2024-09-29T23:43:05.164Z,Rizqia Hafiz,108868310573194780653,False,0,id,2026-05-04T16:53:27.465300
ChZDSUhNMG9nS0VJQ0FnSUNINjU2alBREAE,ChIJW1jG7C0Xby4Rf8Hvw8xDyxA,Bumi Pelangi Jalaksana,Kuningan,Wisata,5,Tempat nya sejuk dan dingin,2024-09-09T03:29:48.254Z,asep saepul bahri,112650138716451209241,True,0,id,2026-05-04T16:53:27.465332
ChZDSUhNMG9nS0VJQ0FnSUNIczRqeFZnEAE,ChIJW1jG7C0Xby4Rf8Hvw8xDyxA,Bumi Pelangi Jalaksana,Kuningan,Wisata,1,"tgl 8 Sep, sy main kesana gataunya air nya lgi saat cmn terisi 2 kolam yg kecil sy komplain dan minta uang kembali tpi tdk bisa alesannya karna mata airnya lgi di benerin, dan orang nya cmn senyum senyum doang. seharusnya klo mata air lgi di beresin dan air nya lgi saat jangan di buka dlu atau ga di infoin sebelum tamu nya membeli tiket. nyesel bangett sumpah main ke bumi pelangi jdinya cmn buang buang uang dan waktu saja!!!.",2024-09-08T15:23:24.828Z,Surya Ningsih,112166038582632200603,False,0,id,2026-05-04T16:53:27.465343
ChZDSUhNMG9nS0VJQ0FnSUM3M3RDR2F3EAE,ChIJW1jG7C0Xby4Rf8Hvw8xDyxA,Bumi Pelangi Jalaksana,Kuningan,Wisata,5,Masuk berapa harga nya,2024-08-16T01:49:56.468Z,An Peratama,100103679626134128233,False,0,id,2026-05-04T16:53:27.465362
Ci9DQUlRQUNvZENodHljRjlvT2pOTllXUTFkVVZhYkZsb01HcFJTemRsYUZGb1MzYxAB,ChIJQctOqG0Xby4RSgI2Or9kAZM,Obyek Wisata Cibulan,Kuningan,Wisata,5,"Datang kesini weekday, relatif sepi dan nyaman untuk berenang. Kolamnya berdasar batu jadi harus hati-hati. Awalnya takut karena banyak ikan, tapi ternyata aman aja, ikannya friendly🙂 ada banyak kolam, tapi yang kedalamannya cukup oke yang di depan pintu masuk persis. Parkiran luas, tiket masuk sudah include parkir, tempat bilasnya dan gantinya cukup banyak. Airnya supeer seger menyejukkan. Cuma kalau weekend dan rame mungkin tidak terlalu leluasa untuk berenang. Banyak warung yang menjual snack dan menyewakan pelampung, di ujungnya ada yang jual seafood juga(?) tapi kebetulan kemaren tutup ketika weekdays.  Oya banyak anak lokal yang minta dilempar koin ke kolam, kalau pas ada, boleh siapkan uang koin untuk mereka.",2026-05-03T03:51:20.834Z,Alysfiska Dhiffa Wijaya,116815923202939327936,True,0,id,2026-05-04T16:53:27.465372
Ci9DQUlRQUNvZENodHljRjlvT25oaFVsVmFZVU56Y1VOaE1YZFBhM0JoT1d3MFUxRRAB,ChIJQctOqG0Xby4RSgI2Or9kAZM,Obyek Wisata Cibulan,Kuningan,Wisata,5,"Ada beberapa kolam renang, tapi berlumut bagian bawahnya. Berenang dikolam yg ada ikan besar. Disini juga ada kolam terapi ikan bayar cuma 5 ribu perak sepuasnya dan banyak terdapat penjual makanan, minuman, souvenirs oleh2.",2026-05-02T15:27:19.449Z,ratna susanti,102744197039518526678,True,0,id,2026-05-04T16:53:27.465387
Ci9DQUlRQUNvZENodHljRjlvT2toRE4zVk5iR1JDUVVOV1EwbHBUMmM1YW5SUGFFRRAB,ChIJQctOqG0Xby4RSgI2Or9kAZM,Obyek Wisata Cibulan,Kuningan,Wisata,5,Cari mitsubishi hubungi banni mitsubishi aja,2026-04-27T17:29:42.062Z,Ban Ra,109361519037330465076,False,0,ja,2026-05-04T16:53:27.465398
Ci9DQUlRQUNvZENodHljRjlvT2paUU4zcHBWRzVqVEcxcFduTkNiVVphVWpReVlVRRAB,ChIJQctOqG0Xby4RSgI2Or9kAZM,Obyek Wisata Cibulan,Kuningan,Wisata,5,sangat indah luar biasa sejuk,2026-04-22T21:34:37.208Z,Asimyat5,111457163095445596518,False,0,ms,2026-05-04T16:53:27.465418
Ci9DQUlRQUNvZENodHljRjlvT2w4eFRHVkVNR2x5YXpsdVZqTm1UVkpVWTIxWmEyYxAB,ChIJQctOqG0Xby4RSgI2Or9kAZM,Obyek Wisata Cibulan,Kuningan,Wisata,5,Tempat sangat bagus,2026-04-14T14:54:07.028Z,Ade Hariri,102160448956716971483,False,0,id,2026-05-04T16:53:27.465452
Ci9DQUlRQUNvZENodHljRjlvT2xWcFpXc3dOVmRXVjFNd1NqUm5jVWRmVEd4bWNVRRAB,ChIJQctOqG0Xby4RSgI2Or9kAZM,Obyek Wisata Cibulan,Kuningan,Wisata,4,"Menyenangkan, ada terapi ikan juga dan sangat murah... Cuma goceng bisa terapi ikan sepuasnya. Dan situs petilasan Prabu Siliwangi sumur 7 yg terjaga juga terawat dengan baik cuma sayangnya ga ada kolam pemandian air panasnya padahal di kaki gunung banget. Pokoke top lah",2026-04-13T18:42:50.581Z,Ahmad Furqon,107994951461316555452,True,0,id,2026-05-04T16:53:27.465465
Ci9DQUlRQUNvZENodHljRjlvT210MmNVc3RaVTVKWm01V1pUQjFNR1JZZWtKcFdsRRAB,ChIJQctOqG0Xby4RSgI2Or9kAZM,Obyek Wisata Cibulan,Kuningan,Wisata,5,Suasana yg indah pemandangan gunung yg menawan,2026-04-13T05:34:26.053Z,santy Ra Al Azizatul Yusufiah,109659228877961640464,True,0,id,2026-05-04T16:53:27.465490
Ci9DQUlRQUNvZENodHljRjlvT21WSlpXVmFOM0pEU0hCWFRqQjVTM2hwTkdOYVZsRRAB,ChIJQctOqG0Xby4RSgI2Or9kAZM,Obyek Wisata Cibulan,Kuningan,Wisata,5,Lokasi wisata yang oke,2026-04-11T15:10:15.687Z,SWA AlQatani,109412167160314582582,True,0,id,2026-05-04T16:53:27.465509
Ci9DQUlRQUNvZENodHljRjlvT21JNU4wMVJUVXR0VVZacWVuSlZRVTFqUmpGaU9VRRAB,ChIJQctOqG0Xby4RSgI2Or9kAZM,Obyek Wisata Cibulan,Kuningan,Wisata,5,"Walaupun hanya 2 kolam besar tetap seru dan menyenangkan
Airnya dingin dari gunung langsung, ditambah bisa berenang bareng sama ikannya",2026-04-08T10:08:27.305Z,Onta Risma,109385696576805796199,False,0,id,2026-05-04T16:53:27.465537
Ci9DQUlRQUNvZENodHljRjlvT2tOeU9GWlhNa1ZQZEdsc1NUWXlOMGxvWlV0VWVGRRAB,ChIJQctOqG0Xby4RSgI2Or9kAZM,Obyek Wisata Cibulan,Kuningan,Wisata,4,Biasa saja dan tiket masuk mahal @25.000K/ orang utk melihat ikan.,2026-04-06T05:23:04.926Z,Syahrun Najmi Family,104769510506773898608,True,0,id,2026-05-04T16:53:27.465562
Ci9DQUlRQUNvZENodHljRjlvT25jeFVrSnZPRWhNTm5Kc1ozSkpUMmszZG5NMFQwRRAB,ChIJCebBpnAXby4R-nXnIrQcwsU,Kolam Renang Zam Zam Pool,Kuningan,Wisata,4,"Tempatnya Luas banyak pilihan kolam, cuman untuk area tunggunya bebas roko, termasuk yg di dalm cafenya boleh roko,  Diharapkan untuk di indor ada area yg non smoking jadi aman untuk yang bawa bayi",2026-03-22T11:38:05.258Z,Hendra Vidia,108555276250817366003,True,0,id,2026-05-04T16:53:27.465571
Ci9DQUlRQUNvZENodHljRjlvT2tSbGVWRlpjMnhtU205bVQyVnlWSEowU2t0UVlrRRAB,ChIJCebBpnAXby4R-nXnIrQcwsU,Kolam Renang Zam Zam Pool,Kuningan,Wisata,1,"teruntuk menejemen zamzam pol tempat sudah bagus  tapi parkir kendaraan di perbaiki lagi sistem parkirnya masa sudah bayar parkir, pas keluar di minta bayar lagi sama oknum petugas parkir zamzam pol, udah bilang udah bayar sambil nunjukin karcis parkir malah bilangnya ini mah beda buat beli rokok",2026-03-22T10:51:29.693Z,Kharis Nimatullah,102175012753119451253,False,1,id,2026-05-04T16:53:27.465580
Ci9DQUlRQUNvZENodHljRjlvT2tOV2FVWm1aRGM1YnpaelluUldTVFZ2TlhSbE9FRRAB,ChIJCebBpnAXby4R-nXnIrQcwsU,Kolam Renang Zam Zam Pool,Kuningan,Wisata,5,Quiet good place for swim and chill with family.. Great view.,2026-02-19T04:29:37.793Z,Abdullah Hasan,109453102152187787515,True,0,en,2026-05-04T16:53:27.465612
Ci9DQUlRQUNvZENodHljRjlvT2tSRWNrbHViMk0yVFdWYWJVUTFlbEZIYzB0c05IYxAB,ChIJCebBpnAXby4R-nXnIrQcwsU,Kolam Renang Zam Zam Pool,Kuningan,Wisata,5,"Banyak kolam renangnya, tempat mandi nyaman, boleh bawa makanan, pelayanannya bagus.",2026-02-11T14:26:59.148Z,Tanty Lianass,107585024281272303476,False,0,id,2026-05-04T16:53:27.465621
Ci9DQUlRQUNvZENodHljRjlvT21kbldFWTRSMHhXTTNOM1VHbENjWGhuY0RWQ1pXYxAB,ChIJCebBpnAXby4R-nXnIrQcwsU,Kolam Renang Zam Zam Pool,Kuningan,Wisata,1,"Beli tiket premium 30k, tapi yang tiket 18k masuk ke pool premium. Terus bedanya apa?",2026-02-01T04:55:17.889Z,Mutiara nurmalitasari,110695420239602712721,False,0,id,2026-05-04T16:53:27.465650
Ci9DQUlRQUNvZENodHljRjlvT25SSU1VcHFZekpDU25ab2JWSlpjMUZmY0RKSVpFRRAB,ChIJgyLHLTMYby4R_bXqZmksIVQ,Gedung Perundingan Linggarjati,Kuningan,Wisata,5,"Lokasi bersejarah yang bisa jd tempat hiburan di daerah kuningan, tepat nya linggarjati,
Ada tamannya, bisa kasih makan rusa juga",2026-04-05T12:10:09.740Z,The Professor,117212652478592008297,True,0,id,2026-05-04T16:53:27.465682
ChdDSUhNMG9nS0VJQ0FnSUNvajRqVXh3RRAB,ChIJgyLHLTMYby4R_bXqZmksIVQ,Gedung Perundingan Linggarjati,Kuningan,Wisata,5,Tempat bersejarah dunia,2026-04-05T04:15:45.299Z,Papap Koe Yan,112969452876524754757,True,0,id,2026-05-04T16:53:27.465694
Ci9DQUlRQUNvZENodHljRjlvT2tGck5WcFhUVUpQYkdGRFZIUXphMFJuT0c1aWFuYxAB,ChIJgyLHLTMYby4R_bXqZmksIVQ,Gedung Perundingan Linggarjati,Kuningan,Wisata,5,Supaya paham dengan sejarah bangsa ini,2026-03-31T11:00:07.484Z,ana setya3003,107425595345724482646,True,0,id,2026-05-04T16:53:27.465726
Ci9DQUlRQUNvZENodHljRjlvT2tkRVVFcGhUWEJCYW5kSVpEWXdhVEJQTFVSMmJHYxAB,ChIJgyLHLTMYby4R_bXqZmksIVQ,Gedung Perundingan Linggarjati,Kuningan,Wisata,5,Kangen. Ke situ bareng mama dan adek sepulang dari gunung,2026-03-30T09:46:14.761Z,Dinasti Masa,116731379855682654279,False,0,id,2026-05-04T16:53:27.465751
Ci9DQUlRQUNvZENodHljRjlvT25SR1JHbEZhMU5LYkZCQldISmZXWFpOZDJOMU9FRRAB,ChIJgyLHLTMYby4R_bXqZmksIVQ,Gedung Perundingan Linggarjati,Kuningan,Wisata,5,"Akhirnya terwujud mengunjungi tempat bersejarah yang berperan dalam kemerdekaan Indonesia, semoga tetap lestari dan jadi sarana edukasi bagi generasi berikutnya.",2026-03-27T08:07:28.189Z,Syahrun Najmi Family,104769510506773898608,True,0,id,2026-05-04T16:53:27.465777
Ci9DQUlRQUNvZENodHljRjlvT25OTlIwdHZhRmRxV1dKZlkyMU9NV3N6WWs1NVgzYxAB,ChIJgyLHLTMYby4R_bXqZmksIVQ,Gedung Perundingan Linggarjati,Kuningan,Wisata,5,"Museum Linggarjati is a meaningful place to understand an important moment in Indonesian history. The building itself is well preserved and gives a strong sense of stepping back in time. You can see where key negotiations happened, which makes the experience feel real and not just something you read in a book.

The museum layout is simple and easy to follow. Each room provides clear information with photos, documents, and short explanations. It is not too crowded, so you can explore at your own pace. The atmosphere is calm, which helps you focus and reflect on the historical events that took place here.

This is a good place to visit with family, especially for children who are learning history. It gives a more concrete understanding compared to classroom learning. The location is also accessible, and the surrounding area feels quiet and pleasant. A visit here is both educational and memorable.",2026-03-27T03:16:02.886Z,Valens Riyadi,116065833187526765613,True,0,en,2026-05-04T16:53:27.465788
Ci9DQUlRQUNvZENodHljRjlvT25nM1EzcDBXbUphUkhoaE9IVTRPR3BGV1hWb09HYxAB,ChIJgyLHLTMYby4R_bXqZmksIVQ,Gedung Perundingan Linggarjati,Kuningan,Wisata,5,Mengajak ponakan dr Pontianak belajar dan bermain ke musium perjuangan. Guide nya ramah ✨,2026-03-25T10:54:13.193Z,Ananda Yusuf,104437383302368433962,True,0,id,2026-05-04T16:53:27.465812
ChZDSUhNMG9nS0VJQ0FnSUNHbFlYbVVnEAE,ChIJOX4zS_sfby4Rp1HwnPk1nyg,Kampung Pasundan Cisamaya,Kuningan,Wisata,5,Pas mampir kesini lagi di renovasi. Tempatnya bagus dan adem dengan bangunan khas sunda. Next nanti kembali lagi kesini.,2021-11-04T21:42:46.830Z,Akhmad Hidayat,100441352428238455379,True,0,id,2026-05-04T16:53:27.465866
ChZDSUhNMG9nS0VJQ0FnSUNHbU1IZVNBEAE,ChIJOX4zS_sfby4Rp1HwnPk1nyg,Kampung Pasundan Cisamaya,Kuningan,Wisata,5,Very gregorious,2021-10-19T12:15:08.306Z,Trinovi Atie,102518560378970166673,False,0,en,2026-05-04T16:53:27.465875
ChdDSUhNMG9nS0VJQ0FnSURTeXRhNzh3RRAB,ChIJOX4zS_sfby4Rp1HwnPk1nyg,Kampung Pasundan Cisamaya,Kuningan,Wisata,5,Tempat yang sangat bagus untuk santai.  Dari kota Cirebon tidak terlalu jauh..,2020-12-21T03:42:01.995Z,Budi “Able” Harto,112187716160472952256,False,3,id,2026-05-04T16:53:27.465945
ChdDSUhNMG9nS0VJQ0FnSUNpc0pUYWx3RRAB,ChIJOX4zS_sfby4Rp1HwnPk1nyg,Kampung Pasundan Cisamaya,Kuningan,Wisata,5,"Tempat wisata alami dan Edukatif. Jauh dari kebisingan kota. Tradisional dari mulai bangunan, makanan, suasana.
Nyaman buat acara ngumpul keluarga, club ataupun sama teman. Pemandangannya indah natural alam sekali. Dan biaya dari tiket masuk sampai biaya nginep di home stay nya murah sekali. Pokona mah bade niiskeun pikir kudu datag ka dieu. Mantap, keren pisan.
Sejuk segarrrrrr",2020-10-19T01:05:15.162Z,Asep DK (Dk),108174311951862531372,True,0,id,2026-05-04T16:53:27.465964
ChZDSUhNMG9nS0VJQ0FnSURDazlfN0hnEAE,ChIJOX4zS_sfby4Rp1HwnPk1nyg,Kampung Pasundan Cisamaya,Kuningan,Wisata,5,"Tempat rekreasi yang penuh dengan Edukasi, sejuk tempatnya, indahpemandangannya, artistik konsep bangunannya.

Nuansa alam dan bangunnannya benar-benar nyata menghilangkan rasa penat hiruk pikuk kota, dan kejenuhan efek dunia Maya, saya merasa tenang dan nyaman pernah berkunjung kesini.

Pokoknya kereeenn.,",2020-10-10T13:34:32.831Z,Med Ahmad,116666322414316608364,False,0,id,2026-05-04T16:53:27.465982
ChZDSUhNMG9nS0VJQ0FnSURDay1IekV3EAE,ChIJOX4zS_sfby4Rp1HwnPk1nyg,Kampung Pasundan Cisamaya,Kuningan,Wisata,5,Tempat nya nyaman view nya bagus,2020-10-10T10:17:52.491Z,Azis Abdul mufid,115991793718251282009,False,0,id,2026-05-04T16:53:27.465994
ChdDSUhNMG9nS0VJQ0FnSURNb3RDTWt3RRAB,ChIJOX4zS_sfby4Rp1HwnPk1nyg,Kampung Pasundan Cisamaya,Kuningan,Wisata,5,This such a great place,2019-12-22T23:40:35.348Z,geva izwl,107591914270715539549,False,0,en,2026-05-04T16:53:27.466037
ChZDSUhNMG9nS0VJQ0FnSUNNd2VtYVd3EAE,ChIJOX4zS_sfby4Rp1HwnPk1nyg,Kampung Pasundan Cisamaya,Kuningan,Wisata,5,Learn by nature.. great landscape.. memorable experience!,2019-11-22T13:42:25.410Z,Dimas Wibi,115750227265006406455,False,0,en,2026-05-04T16:53:27.466055
Ci9DQUlRQUNvZENodHljRjlvT2tGSmJYbDNNSHBDYkdKR1VURXhXbkZpTFhCU1dFRRAB,ChIJQctOqG0Xby4RSgI2Or9kAZM,Obyek Wisata Cibulan,Kuningan,Wisata,5,"Banyak pilihan kolam renang.
Ada kolam terapi ikan juga.",2026-04-02T01:56:12.802Z,Ma'wah Syamsuri,103270011790474009065,True,0,id,2026-05-04T16:53:27.466079
Ci9DQUlRQUNvZENodHljRjlvT2tGMlNVYzVNR2RCTkhWaFpHWnBTa1JVWlRWc2MzYxAB,ChIJQctOqG0Xby4RSgI2Or9kAZM,Obyek Wisata Cibulan,Kuningan,Wisata,5,Sejuknya alam terbuka pemandangan air gunung cermai,2026-03-31T08:55:47.955Z,bezho adjah Laloe Lalank,105229201983910515964,True,0,id,2026-05-04T16:53:27.466103
Ci9DQUlRQUNvZENodHljRjlvT2xGM1kySmtOV2wwZUZoVGREQk5hamhOWjNWNWVsRRAB,ChIJQctOqG0Xby4RSgI2Or9kAZM,Obyek Wisata Cibulan,Kuningan,Wisata,5,"Tempat nya bersih, air jernih. Cuma jajanan mahal",2026-03-30T00:02:41.881Z,aa onald channel,101347535690187690547,True,0,id,2026-05-04T16:53:27.466121
Ci9DQUlRQUNvZENodHljRjlvT2xWU1ZscERSMjV2TVd0TGQwaEJWbUpZTTNOaGEzYxAB,ChIJQctOqG0Xby4RSgI2Or9kAZM,Obyek Wisata Cibulan,Kuningan,Wisata,5,"akses mudah, parkir luas...soalnya sy kru bus pariwisata",2026-03-29T09:23:30.003Z,Medium,106203544362622095879,True,0,id,2026-05-04T16:53:27.466138
Ci9DQUlRQUNvZENodHljRjlvT21Kek5uTlVlWFV3WjBkS04xVXpSa2xZUlhBeVlrRRAB,ChIJQctOqG0Xby4RSgI2Or9kAZM,Obyek Wisata Cibulan,Kuningan,Wisata,2,"Tiket masuk mahal, masuk ke sumur tujuh bayar lagi di pintu masuknya. Yang jaga kayak tampang preman semua, tiap sumur harus bayar belum lagi bayar air doa, tempat berdoa dan guide. Kepada pengelola dan pemda tolong yg kayak gini2 ditertibkan, sayang banget tempat2 wisata dikelola oleh org2 yg tidak profesional dan para preman",2026-03-28T04:54:15.057Z,Muhammad Azzam,114745974251848608259,False,0,id,2026-05-04T16:53:27.466147
Ci9DQUlRQUNvZENodHljRjlvT205cFpUaEViR05OVVMxck0yaG1kSHByV0ZrMVRGRRAB,ChIJQctOqG0Xby4RSgI2Or9kAZM,Obyek Wisata Cibulan,Kuningan,Wisata,1,"Kolam Renang ada Ikan bagus..
Yang gak bagus dari awal masuk semua berbayar..masuk 25/orang parkir 10rb.. duduk sewa tikar 20rb sewa ban 10 ,bilas aja harus bayar 10rb/orang.. bukankah fasilitas bilas itu gratis ya harusnya..
udah gitu harga makanan luar biasa di luar nalar.. minum kopi seduh kemasan aja sampai 12ribu/gelas😭 snack anak2 aja di warung 5.000 ini sampai 12.000😭
Tolong di perbaiki lagi fasilitasnya dong.. apalagi yang jualan di dalam, harga jangan di tembak2 gitu..",2026-03-25T07:12:53.708Z,Sumiyati,106406442716873622628,False,0,id,2026-05-04T16:53:27.466156
Ci9DQUlRQUNvZENodHljRjlvT2tKdVVXZEJhamxpWlVOU2J6bFlka1JKYTFSd01HYxAB,ChIJQctOqG0Xby4RSgI2Or9kAZM,Obyek Wisata Cibulan,Kuningan,Wisata,5,kalo berenang air nya jernih banget,2026-03-24T15:54:41.104Z,Joem Aeni,106220738410543598970,True,0,id,2026-05-04T16:53:27.466171
Ci9DQUlRQUNvZENodHljRjlvT2pOT2RXcGpWRmgxY21KVGNtVlZUSFZYYkZGcldtYxAB,ChIJQctOqG0Xby4RSgI2Or9kAZM,Obyek Wisata Cibulan,Kuningan,Wisata,1,"Sebenarnya bagus hanya saja HTM sangat mahal karena tidak include toilet, parkir, kamar bilas, dll. HTM hanya untuk kolam tok. Baiknya dikaji lagi HTMnya. Kalo mau dimahalin ya harus sudah include fasilitas yg ada biar gak terkesan duit lagi duit lagi.",2026-03-24T09:31:01.285Z,Mia Indriani,112673672738345690385,False,0,id,2026-05-04T16:53:27.466180
Ci9DQUlRQUNvZENodHljRjlvT25aSmJWWlNPVk0wTmt4TVJHOVpOemt4TUVSMmQwRRAB,ChIJQctOqG0Xby4RSgI2Or9kAZM,Obyek Wisata Cibulan,Kuningan,Wisata,1,"Tiket belom termasuk fasilitas kamar mandi semua serba di duitin, kamar mandi bayar kencing ajh harus bayar fasilitas bener2 kuranggg... Ga lagi2 kesini",2026-03-23T07:01:16.868Z,Elin Ase,104773425193966609129,False,0,id,2026-05-04T16:53:27.466386
Ci9DQUlRQUNvZENodHljRjlvT2xkb1lsOW5PR3hKU3pCdk1YWnpWemRKTlhkVGMzYxAB,ChIJgyLHLTMYby4R_bXqZmksIVQ,Gedung Perundingan Linggarjati,Kuningan,Wisata,5,"Dari Bandung ke Kuningan, mampir ke Gedung Perundingan Linggarjati 🇮🇩
Tempat bersejarah dengan suasana adem dan tenang. Banyak cerita perjuangan yang bisa dipelajari di sini.
Healing + nambah ilmu ✔️",2026-03-22T08:32:48.373Z,Aldi Reijnders,111292103767140038907,True,0,id,2026-05-04T16:53:27.466653
ChZDSUhNMG9nS0VJQ0FnSUMxalB6LVR3EAE,ChIJgyLHLTMYby4R_bXqZmksIVQ,Gedung Perundingan Linggarjati,Kuningan,Wisata,5,"Mampir sejenak  ketempat bersejarah di Kuningan ke  perundingan Linggajati,
1. Tiket masuknya terjangkau, memudahkan akses bagi pengunjung.
2. Lokasinya yang strategis memberikan nuansa sejarah yang kental, mengingatkan pada peristiwa bersejarah dalam perundingan Linggajati.

3. Staf pegawai sangat ramah dan membantu, memberikan informasi dengan jelas. Mereka turut berkontribusi dalam menciptakan atmosfer yang hangat dan menyenangkan selama kunjungan. Melalui panduan mereka, saya dapat memahami dengan lebih baik latar belakang sejarah tempat ini.

4. Sejarah Linggajati terungkap dengan indah melalui pameran dan penjelasan di tempat ini. Ini memberikan wawasan mendalam tentang peran pentingnya dalam pembentukan negara. Keseluruhan, kunjungan ini memberikan pengalaman positif dan edukatif, membuatnya menjadi destinasi yang layak untuk dikunjungi bagi mereka yang tertarik dengan sejarah Indonesia.",2026-03-22T07:28:27.690Z,Dhiya Da,107920290448459744949,True,0,id,2026-05-04T16:53:27.466668
Ci9DQUlRQUNvZENodHljRjlvT21GV1VIcEpNbHBhVDE5eU1HVnFiazVCUjFkU2VHYxAB,ChIJgyLHLTMYby4R_bXqZmksIVQ,Gedung Perundingan Linggarjati,Kuningan,Wisata,5,"Gedung bersejarah yang asri, terasa vintage vibes tapi tidak terkesan angker.
Area nya sangat luas, sayang waktu itu hujan deras sehingga tidak bisa berkeliling diluar gedung",2026-03-17T04:12:09.453Z,Livia Lie,116098134563228316216,True,0,id,2026-05-04T16:53:27.466689
Ci9DQUlRQUNvZENodHljRjlvT2s1ZmNrWk1lRmRwVkZsWGEyOVVjRTl2ZGt0Nk9GRRAB,ChIJgyLHLTMYby4R_bXqZmksIVQ,Gedung Perundingan Linggarjati,Kuningan,Wisata,5,"Pernah kesini di tahun 2022. untuk kesini tikat masuknya sangat murah dan disediakan pemandu yang akan menjelaskan secara keseluruhan apa yang ada dii Gedung Perundingan Linggarjati. Gedung ini  memiliki enam kamar tidur. Di setiap kamar terdapat dua kamar tidur dengan kasur berwarna putih dan dipan kayu. Di dalam terdapat wastafel, dua kursi dan lemari besar yang terbuat dari kayu. Di setiap kamar juga dipasang foto para penghuni kamar tersebut pada jaman dahulu kala. Berbeda dengan kamar hotel di zaman sekarang, di setiap kamar tidur tidak memiliki kamar mandi di dalamnya.",2026-03-17T00:52:29.101Z,br14n 1m4g3s,114320973606499870769,True,0,id,2026-05-04T16:53:27.466699
Ci9DQUlRQUNvZENodHljRjlvT2pCUmJrVnBiekJDV1RSNFFrWkRibHBQVkVSYVZrRRAB,ChIJgyLHLTMYby4R_bXqZmksIVQ,Gedung Perundingan Linggarjati,Kuningan,Wisata,5,"Bagus, bersejarah dan sedikit serem.",2026-03-13T00:49:16.429Z,MAD,109431111772597079504,True,0,id,2026-05-04T16:53:27.466709
Ci9DQUlRQUNvZENodHljRjlvT21neE4zb3lYekJ2U1dRMmFESjJUREJMZUMxNU9IYxAB,ChIJgyLHLTMYby4R_bXqZmksIVQ,Gedung Perundingan Linggarjati,Kuningan,Wisata,5,Tempat bersejarah yang sangat penting dan sekaligus bisa rekreasi. Jaga kebersihan ya,2026-03-02T09:22:20.717Z,Hadi Arnowo,118133469438988445029,True,0,id,2026-05-04T16:53:27.466726
ChZDSUhNMG9nS0VJQ0FnSUNNd2ZHQmZREAE,ChIJOX4zS_sfby4Rp1HwnPk1nyg,Kampung Pasundan Cisamaya,Kuningan,Wisata,5,Nature... Great location for relax,2019-11-22T13:28:54.629Z,wenx learning,115870213101680448170,False,1,en,2026-05-04T16:53:27.466765
Ci9DQUlRQUNvZENodHljRjlvT25sMVZIRnlhRkkyZWtsa2FVcFZTVEYzU1VKUlNrRRAB,ChIJQctOqG0Xby4RSgI2Or9kAZM,Obyek Wisata Cibulan,Kuningan,Wisata,1,Masa pas ke sumur tujuh dimintain uang terus sama yg jaga nya,2026-02-22T07:50:27.878Z,Hendra Maulana,106380500615304438648,True,0,id,2026-05-04T16:53:27.466807
Ci9DQUlRQUNvZENodHljRjlvT21reFRteEliRm8xWm1JeE1XMUxWV2xDWjIxUWNWRRAB,ChIJQctOqG0Xby4RSgI2Or9kAZM,Obyek Wisata Cibulan,Kuningan,Wisata,4,"Biaya: Peb 2026: Selain tiket masuk per orang 22K, karcis parkir 5K , juga di dalam biaya loker 20K, tempat bilas air hangat 10K. Sewa ban 10K,  terapi ikan 5k, 7 sumur kramat kencleng masuk dan kencleng tiap sumur di dalam baiknya di persiapkan seikhlasnya, air kramat 15K perjelikeun. Kalau gak disiapkan bisa besar seperti pengalaman saya.
Tahun 80an waktu itu pengalaman saya gak ada 7 sumur kramat, atau waktu itu saya belum tahu.
Waktu mau keluar kendaraan ada lagi petugas parkir kok minta lagi uang parkir, padahal diawal pintu masuk sudah bayar karcis parkir 5K.
Secara umum Fasilitas menyenangkan, airnya bening karena mata air, kolamnya memadai, jajanan kuliner, oleh2 lengkap. Silakan kunjungi Cibulan di Kuningan jabar.",2026-02-16T14:39:28.499Z,Ali Yudin,112417576631257098534,True,0,id,2026-05-04T16:53:27.466837
Ci9DQUlRQUNvZENodHljRjlvT2tsamVWaE1URXczZUU5eFNWcEhkRlowWDFKSU4zYxAB,ChIJQctOqG0Xby4RSgI2Or9kAZM,Obyek Wisata Cibulan,Kuningan,Wisata,5,"Sangat bagus😍🥰
Bisa berenang dengan ikan dewa",2026-02-07T15:57:18.608Z,Raden Liris Anggraeni,110514559582331526346,True,0,id,2026-05-04T16:53:27.466870
Ci9DQUlRQUNvZENodHljRjlvT2t4RmRWZHVZVmhwYkRacGVVMXpWVTV2YkRReFZYYxAB,ChIJqyBwcOcZby4Ro18tEOqzELE,Pemandian Air Panas Sangkanurip Alami,Kuningan,Wisata,1,"kalau mau tutup sebaiknya jangan menerima pengunjung,saya kira 24jam,harganya mahal,cuma sejam,kolam di kuras.
tolong di infokan,pengunjung bukan orang sekitar doang,KECEWA!!",2026-04-12T16:57:50.247Z,MR mugiwara,112587802707642573869,True,0,id,2026-05-04T16:53:27.466932
Ci9DQUlRQUNvZENodHljRjlvT21GR01uY3RibUoyTFdoaU4yMWlSVGt0ZW10TE1WRRAB,ChIJqyBwcOcZby4Ro18tEOqzELE,Pemandian Air Panas Sangkanurip Alami,Kuningan,Wisata,5,owner nya ganteng banget,2026-04-11T14:05:09.861Z,Rinduuu PNG,102296397380161500109,False,0,id,2026-05-04T16:53:27.466943
Ci9DQUlRQUNvZENodHljRjlvT2pWWmQyUnFjMncxT0VFeVMwWlpRa05CY2xSMloyYxAB,ChIJqyBwcOcZby4Ro18tEOqzELE,Pemandian Air Panas Sangkanurip Alami,Kuningan,Wisata,5,Tempat ok fasilitas standar harga seram,2026-04-08T14:12:48.441Z,Ara Nusantara,116455361914484874840,False,0,id,2026-05-04T16:53:27.466960
Ci9DQUlRQUNvZENodHljRjlvT21wdlJsOVFWV00yYURJeU5raHVhM2xPYVRoWlNrRRAB,ChIJqyBwcOcZby4Ro18tEOqzELE,Pemandian Air Panas Sangkanurip Alami,Kuningan,Wisata,4,Katanya buka 24 jam tapi jam 7.00 bukanya padahal mau jam 5 kesana tapi gak jadi,2026-03-23T14:07:59.904Z,Habibie Firmansyah,108605312387150331826,False,0,id,2026-05-04T16:53:27.466984
Ci9DQUlRQUNvZENodHljRjlvT25OSlpYVjVUVFZsYWw4NE4wUmFWbDlzV1RNNFFWRRAB,ChIJqyBwcOcZby4Ro18tEOqzELE,Pemandian Air Panas Sangkanurip Alami,Kuningan,Wisata,5,Enak berkunjung klo malem di kolam air panasnya,2026-02-18T13:57:34.822Z,andi suheli,103814832841329463372,True,0,id,2026-05-04T16:53:27.467015
Ci9DQUlRQUNvZENodHljRjlvT2pCNVYzcGFPVTk1VkhWbU9IQjFNVGcxWVVZMVZrRRAB,ChIJqyBwcOcZby4Ro18tEOqzELE,Pemandian Air Panas Sangkanurip Alami,Kuningan,Wisata,5,Datang pada hari minggu👍,2026-02-01T02:33:26.510Z,Syamsuddin Tulen,106208300107047524843,True,0,id,2026-05-04T16:53:27.467031
Ci9DQUlRQUNvZENodHljRjlvT2xNMVlWSkVVak5TVUUxVGVWZERjV3hHV2sxalJHYxAB,ChIJqyBwcOcZby4Ro18tEOqzELE,Pemandian Air Panas Sangkanurip Alami,Kuningan,Wisata,5,"Cukup bagus, masih SPT dulu",2026-01-18T09:10:34.054Z,Tau Pik,107455757505558457150,True,0,id,2026-05-04T16:53:27.467056
Ci9DQUlRQUNvZENodHljRjlvT21NdGIwMUdWRWx0UldFdFJVdHlXR3Q0UW1kU05IYxAB,ChIJqyBwcOcZby4Ro18tEOqzELE,Pemandian Air Panas Sangkanurip Alami,Kuningan,Wisata,1,"Sangat buruk sekali minim perawatan tetapi tiket mahal tidak sesuai kondisi.
Sangat tidak rekomended, kalau bisa lebih baik cari tempat lain wlaupun tiket sedikit lebih mahal. Kuningan memang jelek untuk tempat wisatanya.",2026-01-18T04:20:50.884Z,Oki Baehaki Turman Hutahaean,109055538006816012823,False,1,id,2026-05-04T16:53:27.467064
Ci9DQUlRQUNvZENodHljRjlvT2xGMWQyaHFiemhxYm5Bd04wbzJTblIwV0VKQ2VWRRAB,ChIJqyBwcOcZby4Ro18tEOqzELE,Pemandian Air Panas Sangkanurip Alami,Kuningan,Wisata,5,Seruuuuu kesiniii anak-anak happy,2026-01-12T13:58:42.530Z,Inaya Azmi,106335677879040288915,False,0,id,2026-05-04T16:53:27.467074
Ci9DQUlRQUNvZENodHljRjlvT21Sc2J6aHBNa28zVDA1eVpGbENNV2R1YURnMExVRRAB,ChIJqyBwcOcZby4Ro18tEOqzELE,Pemandian Air Panas Sangkanurip Alami,Kuningan,Wisata,4,"Lumayan banyak sih kolam renang nya,air panasnya juga mantap",2026-01-11T12:34:48.314Z,ken elank,117081995905760248151,True,0,id,2026-05-04T16:53:27.467084
Ci9DQUlRQUNvZENodHljRjlvT21jNFVVRllTWE4xZWpsMmQwRnlNSFU1YUVwWmMyYxAB,ChIJ5VSD2SUXby4RWSKlEZcuSoY,Curug Putri Palutungan,Kuningan,Wisata,5,"Bagus, airnya dingin segar. Curugnya tidak terlalu tinggi tapi bagus. Lokasinya mudah dijangkau. Tiket masuk 25.000 sudah sekalian parkir (April,2026). Ada wahana lain seperti ATV.    Dari tempat parkir ke lokasi curug tidak jauh, tidak harus naik turun tangga yg banyak. Ada tempat untuk ganti baju juga kalau mau main air. Pas kesini ada jasa fotografer juga, next bisa dicoba kali ya. Di jalan sebelum curug banyak warung, ada penjual jajanan seperti telur gulung dan sempol, cocok untuk ngemil.",2026-04-27T13:49:49.141Z,Alisia Margaretha,110575056231526831974,True,0,id,2026-05-04T16:53:27.467159
Ci9DQUlRQUNvZENodHljRjlvT21ONFYzTm1URzB5VjNkbmVsZzJXV1JvU25Zd00zYxAB,ChIJ5VSD2SUXby4RWSKlEZcuSoY,Curug Putri Palutungan,Kuningan,Wisata,1,"Harga Tiket terlalu Mahal Rp.26.000 dengan fasilitas yang biasa saja, Curug juga standar bukan yang wow banget,

Sekelas Tumpak Sewu aja yang udah Go Internasional tiketnya mulai dari 10 Ribu - 20 Ribu,

Curug-Curug di Baturaden Banyumas Jawa Tengah bahkan cuma bayar 5 Ribu sudah bisa menikmati Curug Jernih Kebiruan",2026-04-27T13:15:39.873Z,Jejakdimo,103089913193691168270,True,0,id,2026-05-04T16:53:27.467169
Ci9DQUlRQUNvZENodHljRjlvT2pod05UaDNTMk5PZHpKR05HdHRNek13ZFZSV1VWRRAB,ChIJ5VSD2SUXby4RWSKlEZcuSoY,Curug Putri Palutungan,Kuningan,Wisata,5,Main mobil RC di curug putri...,2026-04-25T09:14:10.633Z,M. Sofwan,112924633151867368097,True,0,id,2026-05-04T16:53:27.467200
Ci9DQUlRQUNvZENodHljRjlvT2tSa1VXNTJjVzAyVWpWT2VWb3hRMGxMTVZOYVdVRRAB,ChIJ5VSD2SUXby4RWSKlEZcuSoY,Curug Putri Palutungan,Kuningan,Wisata,5,"Harga murah dan nyaman, banyak pohon pinus semakin hawanya adem banget...cocok utk camping",2026-04-24T07:14:37.320Z,Harmono 77,111025541590292151196,True,0,id,2026-05-04T16:53:27.467211
Ci9DQUlRQUNvZENodHljRjlvT21KYVFrSmFTbXRpWTFoTE5rUTVYME16VkZsUGJsRRAB,ChIJ5VSD2SUXby4RWSKlEZcuSoY,Curug Putri Palutungan,Kuningan,Wisata,5,Enak banget tempatnya😍😍,2026-04-21T07:32:09.423Z,Ashafa Salsa,101734485671026653735,True,0,id,2026-05-04T16:53:27.467240
Ci9DQUlRQUNvZENodHljRjlvT2xGT1MySldia2xGTkZVeFNWZGtaV1prUzNVMVlsRRAB,ChIJ5VSD2SUXby4RWSKlEZcuSoY,Curug Putri Palutungan,Kuningan,Wisata,5,"Baguss,, tracknya tidak begitu susah, hanya turun sekali. Datang pagi lebih sepi",2026-04-18T14:16:11.203Z,Mutya Hamidah,115272293289649499342,False,0,id,2026-05-04T16:53:27.467270
Ci9DQUlRQUNvZENodHljRjlvT21JellVTmZibGxWUkZOS04ydFhTWGg2UWtOSU0yYxAB,ChIJ5VSD2SUXby4RWSKlEZcuSoY,Curug Putri Palutungan,Kuningan,Wisata,5,"Tempat nya adem ,airnya murni bersih ,
Pokonya rekomended buat kalian",2026-04-15T10:13:20.241Z,Suparman mochammad,106657224837377219134,True,0,id,2026-05-04T16:53:27.467278
Ci9DQUlRQUNvZENodHljRjlvT25SUU5IQklRek5HWnpsVFFXcEZiMDl0YmtkVWRsRRAB,ChIJ5VSD2SUXby4RWSKlEZcuSoY,Curug Putri Palutungan,Kuningan,Wisata,5,"Keren banget, airnya hangat nga dingin , seru deh touring Cirebon Kuningan 👍 Curug Putri mantap",2026-04-13T11:35:48.746Z,Kencono Wari,112032136910497768639,False,0,id,2026-05-04T16:53:27.467295
Ci9DQUlRQUNvZENodHljRjlvT20wME9VeGFPRVU0ZG1aTFUxaHhZbWhwUVVaQmFGRRAB,ChIJ5VSD2SUXby4RWSKlEZcuSoY,Curug Putri Palutungan,Kuningan,Wisata,5,"1994 Camping, STM Gunung Keling",2026-04-13T10:29:06.491Z,Restu Permana,103240102532586898801,True,0,ms,2026-05-04T16:53:27.467304
Ci9DQUlRQUNvZENodHljRjlvT2t4d1gwUnllR0paZUcxclZtcE9lR2xuVFdsNk4zYxAB,ChIJqyBwcOcZby4Ro18tEOqzELE,Pemandian Air Panas Sangkanurip Alami,Kuningan,Wisata,5,"Pemandian sangkanhurip destinasi yg selalu di kunjungi kalo lg kekota Cirebon, letaknya di kuningan ga telalu jauh dr pusat kota Cirebon. Terdapat pemandian air dingin dan air panas belerang. Kolam renang anak anak dan dewasa. Ada terapi ikannya jg, pokoknya selalu puas, selalu happy berenang disini. Hanya saja kebersihan dankkenyamanan ny harus ditingkatkan lagi. Wahana ny jg harus di perbaiki. Sukses trs ya",2026-01-06T03:20:35.880Z,Fima Marvel,115576325540772372146,True,0,id,2026-05-04T16:53:27.467313
Ci9DQUlRQUNvZENodHljRjlvT21vdFdTMUNSbWhQWDFRMFVXazJaVkYxTmtSbFYxRRAB,ChIJqyBwcOcZby4Ro18tEOqzELE,Pemandian Air Panas Sangkanurip Alami,Kuningan,Wisata,2,"Di google map tertulis buka 24 Jam, di papan nama pintu masuk juga tertulis Buka 24 Jam Non Stop, tetapi di loket tertulis Buka 07.00 - 03.00.
Sebelum jam 07.00 sdh puluhan orang menunggu dan jam 07.15 loket baru buka.
Ternyata kolam air hangatnya hanya 2 kolam kecil, sedangkan kolam besarnya air biasa (dingin).",2026-01-03T00:20:38.859Z,Subagyo Bagyo,110525260162784245995,False,0,id,2026-05-04T16:53:27.467322
Ci9DQUlRQUNvZENodHljRjlvT21KVWN6Uk5hemRwZGt4SGRYQTVUM0JtWkhsc1lVRRAB,ChIJqyBwcOcZby4Ro18tEOqzELE,Pemandian Air Panas Sangkanurip Alami,Kuningan,Wisata,1,"Kotor, kumuh, mahal
Banyak yg ngerokok di kolam anak dan dewasa
Di tegor pada galak
Sdm rendah",2026-01-02T11:21:56.483Z,Mas Yoga,106673979866344192600,True,0,id,2026-05-04T16:53:27.467331
Ci9DQUlRQUNvZENodHljRjlvT21kck1qSlFjRlV4TFU0eFoydFJXbE5sU3kxbFUzYxAB,ChIJqyBwcOcZby4Ro18tEOqzELE,Pemandian Air Panas Sangkanurip Alami,Kuningan,Wisata,5,Nyaman dan santuy,2025-12-07T00:55:56.917Z,Otoy Taylor,105712384538555701949,True,0,id,2026-05-04T16:53:27.467388
Ci9DQUlRQUNvZENodHljRjlvT20wdGRqbG5OVVJzT1hsaWExRldlazluYVVkRVdsRRAB,ChIJqyBwcOcZby4Ro18tEOqzELE,Pemandian Air Panas Sangkanurip Alami,Kuningan,Wisata,5,cuma lewat saja koq tapi ini bukan air belerang yah,2025-11-26T16:30:54.547Z,Nomal Pangaribuan (MaLz),106587083002337037966,True,0,id,2026-05-04T16:53:27.467396
Ci9DQUlRQUNvZENodHljRjlvT2xwbFEzbHVibGc1VkRSbldFd3lRbk5qTWpBNWVHYxAB,ChIJqyBwcOcZby4Ro18tEOqzELE,Pemandian Air Panas Sangkanurip Alami,Kuningan,Wisata,3,Untuk air panas kolam renangnya kurang dalam sehingga tidak bisa untuk renang orang dewasa,2025-11-17T13:45:13.986Z,Idin Rohidin,100384704437513936461,True,0,id,2026-05-04T16:53:27.467411
Ci9DQUlRQUNvZENodHljRjlvT21KblNXMHRVMUZZTW5ocU4yTXpWM1ZrZVdkblltYxAB,ChIJqyBwcOcZby4Ro18tEOqzELE,Pemandian Air Panas Sangkanurip Alami,Kuningan,Wisata,1,"Ketipu. Tulisanya pemandian air panas tapi airnya dingin. Jauh2 kesini, akhirnya kecewa. Dengan tiket 20rb harusnya pengelola bisa memperbaiki kondisi tenpat yang sudah tua ini. Kasian yg dari jauh dateng kesini dna kecewa",2025-11-09T03:09:57.364Z,Me & Anime,111462143435418198454,False,0,id,2026-05-04T16:53:27.467437
Ci9DQUlRQUNvZENodHljRjlvT2xaSVIzWnhPV0Z2TUZrNVdqQmpNalJqVGpGUVNGRRAB,ChIJqyBwcOcZby4Ro18tEOqzELE,Pemandian Air Panas Sangkanurip Alami,Kuningan,Wisata,5,Tempat pemandian air panas terlegend ...,2025-11-02T04:58:12.639Z,Desis Triyasih,108465321636293260260,True,0,id,2026-05-04T16:53:27.467454
Ci9DQUlRQUNvZENodHljRjlvT2pWUFlubE5lUzEwVjNkME1tZHdTa3B5Y2xoSmVtYxAB,ChIJqyBwcOcZby4Ro18tEOqzELE,Pemandian Air Panas Sangkanurip Alami,Kuningan,Wisata,5,Cukup ramai pengunjung nya sampai pagi..,2025-09-16T18:01:04.677Z,_WOKO,108483782994708831674,True,0,id,2026-05-04T16:53:27.467500
Ci9DQUlRQUNvZENodHljRjlvT214QmVHTlZaa0pRZUhCS1oyWllaRlE0U0dveWVHYxAB,ChIJqyBwcOcZby4Ro18tEOqzELE,Pemandian Air Panas Sangkanurip Alami,Kuningan,Wisata,1,"Air kolam kaya comberan, bau anyir nyelekit. Lumut tebal lengket di lantai, keramik pecah-pecah nusuk kaki, besi karatan nongol di pinggiran. Sampah bertebaran, bukan cuma plastik tapi juga sisa makanan basah, cabe bekas ngunyah, tisu kotor, semua nyampur di air. Jijik banget, rasanya mau muntah!

Kamar mandi? Busuk, bau pesing nyampur sama lendir licin di lantai, dinding, atap.mereka ga mampu beli shower harga 30 ribuan, malah diganti keran 2 ribuan ditaruh di atas kepala. KOCAK. Ruang “privat”nya malah kaya kamar mayat, suram, pengap, dan bikin ngeri.

Bangunan reyot, cat ngelupas, najis ke mana-mana.

Gak perlu minta tolong perbaiki sama yg ngelola, kalian gak akan di denger. Tutup aja udah!.

Liat review lain yg waras kalau kalian ragu sama ulasanku!.",2025-09-14T11:30:58.307Z,UD FATAYA,103393017366910206075,False,0,id,2026-05-04T16:53:27.467509
Ci9DQUlRQUNvZENodHljRjlvT25rM2Vsa3lTVk5KWVdKTUxVUnRSSEJ0WW0xYVEyYxAB,ChIJqyBwcOcZby4Ro18tEOqzELE,Pemandian Air Panas Sangkanurip Alami,Kuningan,Wisata,5,Air panasnya benar* alami dr perut bumi..,2025-09-06T00:41:23.746Z,Argy Oo,109518667692788430366,True,0,id,2026-05-04T16:53:27.467518
Ci9DQUlRQUNvZENodHljRjlvT21JM01tdFdSWFpqTTBjeFNrY3lPRWhoT0RkellrRRAB,ChIJqyBwcOcZby4Ro18tEOqzELE,Pemandian Air Panas Sangkanurip Alami,Kuningan,Wisata,5,"baik untuk kesehatan, suasana menyenangkan, petugas yang ramah, tiket masuk sangat murah",2025-08-22T04:28:02.142Z,IDAT SUBANDI,106015085424809333675,True,0,id,2026-05-04T16:53:27.467544
Ci9DQUlRQUNvZENodHljRjlvT21ZNVR5MXdZMVZKUVdSSmJsUkRkR3BqTFc5SVUwRRAB,ChIJ2YnKaHgWby4RAb1v0irmkmc,Hutan Kota Bungkirit,Kuningan,Wisata,5,enak bangus adem rekomen dah,2026-04-09T17:46:13.173Z,Muhammad Rasyid Ridho,109990409214334092462,False,0,id,2026-05-04T16:53:27.467574
Ci9DQUlRQUNvZENodHljRjlvT2xKM2JtWlpkMmRpYkRCV2FVaFJWRTl4VUU5UU5XYxAB,ChIJ2YnKaHgWby4RAb1v0irmkmc,Hutan Kota Bungkirit,Kuningan,Wisata,5,"Bagus, ademmm, hijau, cuma terbengkalai, fasilitas rumah untuk berteduh udah pada rusak. Cocok buat olahraga pagi. Tracknya lewat hutan mini dan sawah sawah. Menarik",2025-12-08T14:04:19.255Z,Ismi Setiasih,112157548610413347376,True,0,id,2026-05-04T16:53:27.467593
Ci9DQUlRQUNvZENodHljRjlvT2xrdFZtSXdTazU0UnpGNE9Wb3pWSEptWTJGYVYyYxAB,ChIJ2YnKaHgWby4RAb1v0irmkmc,Hutan Kota Bungkirit,Kuningan,Wisata,2,Masuk portal Uda ga pede liat kondisi jalan ky ga keurus.. ternyata nyampe ke atas bener jg.. kondisi SDH TDK terawat.. sayang sekali.. bayar retribusi 5rb.. tolong pemerintah nya ini diperhatikan,2025-11-09T04:03:39.191Z,BRam Pro,106978109993873067217,True,1,id,2026-05-04T16:53:27.467602
ChdDSUhNMG9nS0VOWGJ6clRkODdhZnh3RRAB,ChIJ2YnKaHgWby4RAb1v0irmkmc,Hutan Kota Bungkirit,Kuningan,Wisata,5,"Keberadaannya sangat penting sebagai paru-paru kota. Ditengah hiruk pikuk perkotaan oleh lalu lalang kendaraan yang mengeluarkan CO2, hutan kota bungkirit mempunyai peranan penting untuk menetralisir dan menyejukkan kota. Pepohonan besar masih tumbuh lestari. Pun bunga-bungaan menjadi unsur penunjang yang memberi warna. Disini bisa ngadem. Ada beberapa Gasebo. Bisa olahraga, jogging atau tracking. Semoga kedepan hutan kota ini lebih tertata dan dikembangkan lagi.",2025-06-15T00:35:19.706Z,Bowo Ardianto,100239465600136897078,True,0,id,2026-05-04T16:53:27.467614
ChdDSUhNMG9nS0VJQ0FnSUNUZ3JqTWd3RRAB,ChIJ2YnKaHgWby4RAb1v0irmkmc,Hutan Kota Bungkirit,Kuningan,Wisata,5,Tempatnya bagus cuman sayang kurang perawatan,2024-05-12T11:14:57.031Z,Riski Bagus Nugraha,114593393246273593576,True,0,id,2026-05-04T16:53:27.467638
ChdDSUhNMG9nS0VJQ0FnSUNEajVDaWlnRRAB,ChIJ2YnKaHgWby4RAb1v0irmkmc,Hutan Kota Bungkirit,Kuningan,Wisata,5,Pokok nya very nice lah,2024-04-03T07:29:07.960Z,Bonjol Bonjol,100524641305923360991,False,0,ms,2026-05-04T16:53:27.467664
ChZDSUhNMG9nS0VJQ0FnSURsbFlMd1JREAE,ChIJ2YnKaHgWby4RAb1v0irmkmc,Hutan Kota Bungkirit,Kuningan,Wisata,3,"Tidak terurus ,jembatan besi sudah mulai lapuk dan portal dibukanya siang",2023-12-03T00:04:51.440Z,Dudung Irianto,106016135209457143321,True,0,id,2026-05-04T16:53:27.467673
ChZDSUhNMG9nS0VJQ0FnSUNsaXFTUER3EAE,ChIJ2YnKaHgWby4RAb1v0irmkmc,Hutan Kota Bungkirit,Kuningan,Wisata,4,"tempat asik buat santai, sejuk dan nyaman...",2023-11-15T16:09:28.224Z,Dominikus Juju,108796671325829762192,True,0,id,2026-05-04T16:53:27.467681
ChdDSUhNMG9nS0VJQ0FnSUM1bmNUVm13RRAB,ChIJ2YnKaHgWby4RAb1v0irmkmc,Hutan Kota Bungkirit,Kuningan,Wisata,5,"Lumayan untuk spot poto, dan ngadem...hanya butuh beberapa perawatan...",2023-10-16T13:01:04.308Z,Caecilia Act,110016989347191466775,False,0,id,2026-05-04T16:53:27.467689
ChdDSUhNMG9nS0VJQ0FnSUNaaTRiZjhnRRAB,ChIJ2YnKaHgWby4RAb1v0irmkmc,Hutan Kota Bungkirit,Kuningan,Wisata,5,bagus  lokasinya,2023-09-18T02:20:53.436Z,hary boyan,110924590280693485004,False,0,id,2026-05-04T16:53:27.467706
ChdDSUhNMG9nS0VJQ0FnSUNwdjVLczJBRRAB,ChIJ2YnKaHgWby4RAb1v0irmkmc,Hutan Kota Bungkirit,Kuningan,Wisata,5,Tempatnya sekarang sepi tapi udaranya sejuk dan tenang,2023-08-13T14:27:51.998Z,Saepul Bahri,105582443984621682130,True,0,id,2026-05-04T16:53:27.467715
ChdDSUhNMG9nS0VJQ0FnSURlMnR6UjFRRRAB,ChIJ2YnKaHgWby4RAb1v0irmkmc,Hutan Kota Bungkirit,Kuningan,Wisata,5,"Pas buat olah raga jalan kaki, lintas dari cigugur ke taman makam pahlawan jln. veteran",2023-08-09T01:40:45.178Z,Andre Grain,103591660282841449504,True,0,id,2026-05-04T16:53:27.467723
ChZDSUhNMG9nS0VJQ0FnSURKc2Rld0tBEAE,ChIJ2YnKaHgWby4RAb1v0irmkmc,Hutan Kota Bungkirit,Kuningan,Wisata,1,"Tak terawat, sepi pengunjung",2023-07-19T04:37:05.201Z,Nano Marjono,111334993666938673380,True,0,id,2026-05-04T16:53:27.467731
Ci9DQUlRQUNvZENodHljRjlvT2pSTWNtUkJkbUk1VGt4dk5Ha3RZa3RIWkd4S1RYYxAB,ChIJ5VSD2SUXby4RWSKlEZcuSoY,Curug Putri Palutungan,Kuningan,Wisata,5,"Family friendly curug, vwry clean with shallow places to play for kids.",2026-04-12T08:02:29.534Z,lj chen,100632716324754983431,True,0,en,2026-05-04T16:53:27.467757
Ci9DQUlRQUNvZENodHljRjlvT25kMGNHRjFhMnB3U2tndExVNDFXbTAyY3pOdGIxRRAB,ChIJ5VSD2SUXby4RWSKlEZcuSoY,Curug Putri Palutungan,Kuningan,Wisata,5,"Bersih banget bagus, kesini pas lagi sepi bisa puas main tapi airnya dingin banget gak kuat lama😅",2026-04-04T16:29:57.716Z,Rzknr,105905566703294086784,True,0,id,2026-05-04T16:53:27.467787
Ci9DQUlRQUNvZENodHljRjlvT25GUmRURkhMVXR4WnpkbE5FZE5WVFZ0VjBjd2MyYxAB,ChIJ5VSD2SUXby4RWSKlEZcuSoY,Curug Putri Palutungan,Kuningan,Wisata,5,"good waterfall for refreshing , air nya sejuuuk pisan",2026-04-04T12:16:06.519Z,Denny Permananingtyas,113533536229377591314,True,0,en,2026-05-04T16:53:27.467796
Ci9DQUlRQUNvZENodHljRjlvT2s5bk5uTmtkV0Z0YVVSd2VsUk9SMGhyWkVwQ09GRRAB,ChIJ5VSD2SUXby4RWSKlEZcuSoY,Curug Putri Palutungan,Kuningan,Wisata,5,"Curugnya bagus, bersih, indah juga. Akses jalan nya bagus tapi emg berkelok kelok. Pokoknya baguss bangett, banyak warung, terawat harga juga murah. Sukses terus buat semua tempat wisata di Kuningan ❤️❤️",2026-04-04T12:08:53.261Z,Anisa Roehatul Jannah,115558462532851331221,False,0,id,2026-05-04T16:53:27.467805
Ci9DQUlRQUNvZENodHljRjlvT2s5dlNUbG1VRmw0V0Vkc2FuZEdPR3B6Y21GZmExRRAB,ChIJ5VSD2SUXby4RWSKlEZcuSoY,Curug Putri Palutungan,Kuningan,Wisata,5,A clean waterfall & only 150m from entrances,2026-04-04T03:09:07.642Z,acungin_aja,101026574370989450043,True,0,en,2026-05-04T16:53:27.467815
Ci9DQUlRQUNvZENodHljRjlvT2paM04waHVWVkJQUldocVIwYzVTVkJWYWtaNE1tYxAB,ChIJ5VSD2SUXby4RWSKlEZcuSoY,Curug Putri Palutungan,Kuningan,Wisata,5,"tempatnya sejuk, dan sangat ramai",2026-04-03T16:39:37.483Z,bella almadah,107875040394169024974,True,0,ms,2026-05-04T16:53:27.467829
Ci9DQUlRQUNvZENodHljRjlvT2xwblZGRlROUzFDTFRWWFh6TnJNVkV6VTFOMGNsRRAB,ChIJ5VSD2SUXby4RWSKlEZcuSoY,Curug Putri Palutungan,Kuningan,Wisata,5,Baru pertama kali ke sini wih cakep banget,2026-04-01T20:06:08.933Z,KING,105687457885220182342,True,0,id,2026-05-04T16:53:27.467862
Ci9DQUlRQUNvZENodHljRjlvT2xabFdISXRaVGRHTVhNM1VtOUVkVzFaWjE5VGVFRRAB,ChIJ5VSD2SUXby4RWSKlEZcuSoY,Curug Putri Palutungan,Kuningan,Wisata,5,Air nya tiris pisan 🥶🥶,2026-04-01T09:28:35.529Z,Alucard lightbron Alucard lightbron,106062642995885224643,False,0,id,2026-05-04T16:53:27.467890
Ci9DQUlRQUNvZENodHljRjlvT21VNFJrc3lXRmh0ZEhadU5USmpkVVV4Y0ZoMFlrRRAB,ChIJ5VSD2SUXby4RWSKlEZcuSoY,Curug Putri Palutungan,Kuningan,Wisata,5,"Tempatnya mah bagus

Di tiket udah termasuk parkir tapi tetep aja pas pulang bayar parkir hehee",2026-03-31T03:17:02.016Z,Nina Naim,106078192836050120012,False,0,id,2026-05-04T16:53:27.467910
Ci9DQUlRQUNvZENodHljRjlvT2paUGJsSnJjbkZFZERKUk9HazJMVVppUzNjMGVsRRAB,ChIJ5VSD2SUXby4RWSKlEZcuSoY,Curug Putri Palutungan,Kuningan,Wisata,5,"Sambil Glamping di Ruang Alam bisa main ke Curug Putri.
Cukup bersih dan akses baik untuk anak2 dan lansia masih aman.",2026-03-30T04:37:10.887Z,Raden Aziz Maulana Akbar,104029663352057621702,True,0,id,2026-05-04T16:53:27.467920
Ci9DQUlRQUNvZENodHljRjlvT2xjMWIyd3lZMlZDVFRkeFJ6VTJZbkJaUW1kNFRXYxAB,ChIJUaVkxhU_by4RRR4swrUlxFo,Waduk Darma Kuningan,Kuningan,Wisata,4,Tempat pengganti laut bagi warga kuningan yg jauh ke laut... Suasana pagi dan sore lebih nikmat,2026-05-04T04:27:43.978Z,Fazriansyah Nugraha,110752872975969761757,True,0,id,2026-05-04T16:53:27.467952
Ci9DQUlRQUNvZENodHljRjlvT2toa1FXRlpWazlmZVhwYVprcFhOMjQ0WW1SalIzYxAB,ChIJUaVkxhU_by4RRR4swrUlxFo,Waduk Darma Kuningan,Kuningan,Wisata,2,"Bagus, tapi sebaiknya tidak ada acara nyanyi2, karena tempat publik harusnya sama2 menjaga ketenangan dan kenyamanan, utk naik perahu, sebaiknya di info kan ke pada pelanggan estimasi menunggu, karena seringnya nunggu penuh dulu, bisa sampai 30 menit, sangat membuang2 waktu, lalu, jika ada yg mau pakai drone dan mau foto2 dan video di boat, izin dulu kepada penumpang lain, tidak semua orang senang di foto dan video, bahkan di atur dalam undang2 utk privasi orang dalam ber foto dan video",2026-04-28T02:02:55.104Z,annisa yudistirani,110563426366271184540,True,0,id,2026-05-04T16:53:27.467992
Ci9DQUlRQUNvZENodHljRjlvT21WMGJFRkdVblV6TFc5M1R6QkxXVFJNTlhkMmNHYxAB,ChIJUaVkxhU_by4RRR4swrUlxFo,Waduk Darma Kuningan,Kuningan,Wisata,4,A place not to get bored to be visited.,2026-04-26T09:32:28.367Z,AanSurahman AtunSufyan,112088520596576708155,True,0,en,2026-05-04T16:53:27.468021
Ci9DQUlRQUNvZENodHljRjlvT2tadmFIWnVWMmcxY0dZeFVDMWxjMU40TmtzMVUzYxAB,ChIJUaVkxhU_by4RRR4swrUlxFo,Waduk Darma Kuningan,Kuningan,Wisata,4,"Sudah 2 kali kesini nyaman2 saja tempat objek wisata.y cocok buat keluarga besar piknik kesini, hanya saja tempat toilet yang ada di masjid selalu antre berdesak2an tolong di situ di kasih penjagaan.y 2 yaaah kasihan kalo 1...",2026-04-21T19:15:46.175Z,Nur Hamidah,103754558111418153901,False,0,id,2026-05-04T16:53:27.468065
Ci9DQUlRQUNvZENodHljRjlvT2tSMVREaENWVGhIWmpjeVVIUlNWWEpqWjFwUE4wRRAB,ChIJUaVkxhU_by4RRR4swrUlxFo,Waduk Darma Kuningan,Kuningan,Wisata,5,Sekarang lebih tertata,2026-04-17T10:53:21.371Z,Aljauzi Channel,103076279296241368698,True,0,id,2026-05-04T16:53:27.468080
Ci9DQUlRQUNvZENodHljRjlvT2xWbVQyeGFiRVpzYzJ0V1ptdzBUbEkwU0dsQ01uYxAB,ChIJUaVkxhU_by4RRR4swrUlxFo,Waduk Darma Kuningan,Kuningan,Wisata,5,Bagus enak adem sepi buat nongkrong enakkkk banget,2026-04-17T08:58:13.375Z,Adam NuGroho_08,102304592748594671156,False,0,id,2026-05-04T16:53:27.468088
ChdDSUhNMG9nS0VJQ0FnSUNSckxqdzRRRRAB,ChIJ2YnKaHgWby4RAb1v0irmkmc,Hutan Kota Bungkirit,Kuningan,Wisata,5,Hutan kota yang bagus,2023-03-27T04:09:42.576Z,Usaha YHR,117798908450041042346,True,0,id,2026-05-04T16:53:27.468105
ChZDSUhNMG9nS0VJQ0FnSUNCOWNYeGVREAE,ChIJ2YnKaHgWby4RAb1v0irmkmc,Hutan Kota Bungkirit,Kuningan,Wisata,3,Kurang perawatan.,2022-12-31T22:35:35.706Z,Jenia Rahman,117136109297859703265,False,0,id,2026-05-04T16:53:27.468121
ChZDSUhNMG9nS0VJQ0FnSUNCNHU3VEJnEAE,ChIJ2YnKaHgWby4RAb1v0irmkmc,Hutan Kota Bungkirit,Kuningan,Wisata,4,"Deket dg pusat kota Kab. Kuningan,",2022-12-21T00:45:15.065Z,Edi junaedi,101419684546442829325,True,0,id,2026-05-04T16:53:27.468129
ChdDSUhNMG9nS0VJQ0FnSUMtMWNHSzlBRRAB,ChIJ2YnKaHgWby4RAb1v0irmkmc,Hutan Kota Bungkirit,Kuningan,Wisata,4,"Hutan kota Bungkirit, tempat aku berolah raga setiap hari. Tempatnya tenang, udaranya bersih, untuk selfi juga oke.",2022-11-09T14:53:55.052Z,Rintanalinie Girinata Primanique,100688541611091164007,False,2,id,2026-05-04T16:53:27.468141
ChZDSUhNMG9nS0VJQ0FnSURlejl1Sld3EAE,ChIJ2YnKaHgWby4RAb1v0irmkmc,Hutan Kota Bungkirit,Kuningan,Wisata,5,Tempatnya nyaman dan sejuk,2022-10-22T17:57:52.572Z,Ade Rizki Anggraini,105335829627502621290,False,0,id,2026-05-04T16:53:27.468150
ChdDSUhNMG9nS0VJQ0FnSURlOHBibThRRRAB,ChIJ2YnKaHgWby4RAb1v0irmkmc,Hutan Kota Bungkirit,Kuningan,Wisata,5,Sungguh luar biasa. Tuhan selalu menyertai ku dan keluarga ku. Amin.,2022-10-07T00:01:02.943Z,John Souhoka,116486626529640013008,True,0,id,2026-05-04T16:53:27.468160
ChdDSUhNMG9nS0VJQ0FnSUR1bWFyeWlnRRAB,ChIJ2YnKaHgWby4RAb1v0irmkmc,Hutan Kota Bungkirit,Kuningan,Wisata,4,Skrg tidak ter-urus,2022-08-24T10:23:26.760Z,Ardians Wongso,116141590235305811018,True,0,id,2026-05-04T16:53:27.468186
ChdDSUhNMG9nS0VJQ0FnSURVN3R2bnlBRRAB,ChIJ2YnKaHgWby4RAb1v0irmkmc,Hutan Kota Bungkirit,Kuningan,Wisata,5,Aman sejuk rindang indah,2022-04-10T07:42:26.882Z,Pirgan Pratama,108424346929302079609,True,0,id,2026-05-04T16:53:27.468252
ChZDSUhNMG9nS0VJQ0FnSURHODRPc0pBEAE,ChIJ2YnKaHgWby4RAb1v0irmkmc,Hutan Kota Bungkirit,Kuningan,Wisata,3,"Karena pandemi sepertinya tdk ada/jarang sekali yang berkunjung, fasilitas yang ada tdk terawat...semoga Pemda segera mengembalikan fungsi seperti semula...",2021-12-09T07:45:00.762Z,Budi Santosa,101521740742068255649,True,1,id,2026-05-04T16:53:27.468279
Ci9DQUlRQUNvZENodHljRjlvT2pGNmNrSlNhSEpGTm5kRU5sSlVZMFJwYjNSdU5uYxAB,ChIJ5VSD2SUXby4RWSKlEZcuSoY,Curug Putri Palutungan,Kuningan,Wisata,5,Suasanya segerrrr apalagi kalau embunnya turunnn kayak lagi diatas awan wkwk,2026-03-27T01:00:05.592Z,Shima Rin,113080394172767002003,True,0,id,2026-05-04T16:53:27.468305
Ci9DQUlRQUNvZENodHljRjlvT2sxa2RGYzVRWEo2UjIwd1gyRjBXakU1ZFVJeVlsRRAB,ChIJ5VSD2SUXby4RWSKlEZcuSoY,Curug Putri Palutungan,Kuningan,Wisata,4,"Tempatnya sangat bagus, airnya dingin, suasana sejuk. Cocok untuk berlibur bersama keluarga. Sayang sekali tempat sampahnya kurang sehingga banyak sampah yang berceceran. Saran untuk pengelola agar menambah tempat sampah & diberikan pengumuman larangan untuk membuang sampah sembarangan.",2026-03-25T16:08:12.395Z,Blue Wings,113655668169270288777,False,0,id,2026-05-04T16:53:27.468322
Ci9DQUlRQUNvZENodHljRjlvT2t3M1EyY3RWVW80ZVd0VGVuQnZRa3g2V21GNk9IYxAB,ChIJ5VSD2SUXby4RWSKlEZcuSoY,Curug Putri Palutungan,Kuningan,Wisata,4,Curuk bersahabat buat family,2026-03-25T10:44:39.681Z,Rino Sumo,116796129365408809123,True,0,id,2026-05-04T16:53:27.468348
Ci9DQUlRQUNvZENodHljRjlvT200M1EwTjVSVE5uVkdSS2RVaHZUM2czWVd0dlVFRRAB,ChIJ5VSD2SUXby4RWSKlEZcuSoY,Curug Putri Palutungan,Kuningan,Wisata,5,"It's a wonderful place, refreshing..",2026-03-25T10:35:47.308Z,Mokhammad Khotim Abdul Khofid,103262133649192834681,True,0,en,2026-05-04T16:53:27.468358
Ci9DQUlRQUNvZENodHljRjlvT25RMWFqQTJRMjVDTFZaQ1ZUbGljMlJEUkRnemFIYxAB,ChIJ5VSD2SUXby4RWSKlEZcuSoY,Curug Putri Palutungan,Kuningan,Wisata,5,"PERTAMA KALI KE SINI MINGGU 22 MARET 2026,TEMPATNYA TEDUH,ADEM DAN SPOT NYA BAGUS BANGET DARI ATAS KELIATAN INDAH,TAPI DI SAYANGKAN SAAT MAEN DI CURUG NYA SAYA BANYAK DI TEMPELIN LINTAH ATAU PACET KECIL-KECIL JADI BERMAIN AER JADI GA AMAN SAN NYAMAN",2026-03-25T02:49:02.768Z,Dody Pramana,104565909729859737282,True,0,id,2026-05-04T16:53:27.468373
Ci9DQUlRQUNvZENodHljRjlvT2t4aFpVNHhlR1l6ZVZKQ2NrdHRZV3BhYUVSNE1XYxAB,ChIJ5VSD2SUXby4RWSKlEZcuSoY,Curug Putri Palutungan,Kuningan,Wisata,3,Pas kesitu suasana sangat dingin tempat nongkrong ada dan mengenai curugnya lumayan buat mandi,2026-03-24T00:10:30.852Z,Effendi 078,114599939782695447013,False,0,id,2026-05-04T16:53:27.468384
ChdDSUhNMG9nS0VJQ0FnSURHcmF6VTlRRRAB,ChIJ2YnKaHgWby4RAb1v0irmkmc,Hutan Kota Bungkirit,Kuningan,Wisata,5,tempatnya nyaman dan sejuk,2021-12-06T07:55:29.542Z,Budi Alamsyah,108571158881462599581,True,0,id,2026-05-04T16:53:27.468405
ChZDSUhNMG9nS0VJQ0FnSUM2aThLYWV3EAE,ChIJ2YnKaHgWby4RAb1v0irmkmc,Hutan Kota Bungkirit,Kuningan,Wisata,3,"Sebenarnya tempatnya bagus, asri, dan banyak spot foto bagus buat wisatawan dri luar kota ataupun warga lokal. Hanya saja kurang terawat dan tidak ada penanganan yg jelas. Jd agak seram kalau diliat skrng. Trlebih saat pandemi, makin sedikit yg datang. Beberapa hari lalu sempet photoshoot di sini. Hasilnya lumayan😊",2021-09-12T21:12:27.596Z,putri permata sari,108706077930460162009,True,0,id,2026-05-04T16:53:27.468449
ChZDSUhNMG9nS0VJQ0FnSURheEw2cUdBEAE,ChIJ2YnKaHgWby4RAb1v0irmkmc,Hutan Kota Bungkirit,Kuningan,Wisata,3,Tempat nya sejuk tapi kurang terawat,2021-08-15T12:05:01.905Z,Susy Purnamasari,114163806379580969529,False,0,id,2026-05-04T16:53:27.468466
ChdDSUhNMG9nS0VJQ0FnSURxeDg3OS13RRAB,ChIJ2YnKaHgWby4RAb1v0irmkmc,Hutan Kota Bungkirit,Kuningan,Wisata,4,Lumayan tempat nya adem cm fasum kurang,2021-07-17T08:18:05.491Z,gado gado,100328865343224738267,True,0,id,2026-05-04T16:53:27.468475
Ci9DQUlRQUNvZENodHljRjlvT2w5UlMweEtkRlpwZFdGdFVIQkJZVzh3UkVFMWIxRRAB,ChIJUaVkxhU_by4RRR4swrUlxFo,Waduk Darma Kuningan,Kuningan,Wisata,4,Sampahnya ..sama wcnya sih kurang byk..mungkin blm sesiap menerima lonjakan pengungjung tp its okeylah..perbaiki,2026-04-17T06:43:22.094Z,Dewi Siti nurzanah,102389373717916895763,False,0,id,2026-05-04T16:53:27.468610
Ci9DQUlRQUNvZENodHljRjlvT2pkdVpWUmZTVXh2YUVJd2RsVjRaRlZ1YTJFNVRGRRAB,ChIJUaVkxhU_by4RRR4swrUlxFo,Waduk Darma Kuningan,Kuningan,Wisata,5,Sejuk suasananya,2026-04-13T06:12:09.632Z,Tati R Apriliana,116895213074904743580,True,0,ms,2026-05-04T16:53:27.468651
Ci9DQUlRQUNvZENodHljRjlvT25kRVJtRnlibVpJU2xSMlVHZHpjRXBmTjFocVJHYxAB,ChIJUaVkxhU_by4RRR4swrUlxFo,Waduk Darma Kuningan,Kuningan,Wisata,4,Pintu akses masuk sudah macet parkir susah dapat jauh dari pintu masuk,2026-04-12T21:38:30.123Z,myone crb,115655664001486897974,False,0,id,2026-05-04T16:53:27.468670
Ci9DQUlRQUNvZENodHljRjlvT2xreE5XMUVSRzltU2paSGFrWklTRmhSVkdZMFZVRRAB,ChIJUaVkxhU_by4RRR4swrUlxFo,Waduk Darma Kuningan,Kuningan,Wisata,5,"Asik buat camp, pemandangan bagus udara lumayan tdk terlalu dingin dan panas, akses jalan mudah",2026-04-12T00:09:28.043Z,iwan purnawarman,113248121169295735406,True,0,id,2026-05-04T16:53:27.468697
Ci9DQUlRQUNvZENodHljRjlvT25KWFVXMDVkekJ3UkRoamMybHBZelphVG1scE9FRRAB,ChIJUaVkxhU_by4RRR4swrUlxFo,Waduk Darma Kuningan,Kuningan,Wisata,5,Tempat yg indah untuk dipandang.. udara cukup sejuk..,2026-04-11T07:25:20.687Z,Amriansyah Alfia,116526485638788260852,True,0,id,2026-05-04T16:53:27.468724
Ci9DQUlRQUNvZENodHljRjlvT25Kc2NFb3RYemhWWjNGMFlXcFRlblJtY1RWSlduYxAB,ChIJUaVkxhU_by4RRR4swrUlxFo,Waduk Darma Kuningan,Kuningan,Wisata,5,Bayar 20rb /org parkir mobil 10rb,2026-04-11T03:19:22.936Z,deni ramdani,117255525787347722667,True,0,id,2026-05-04T16:53:27.468734
Ci9DQUlRQUNvZENodHljRjlvT2pKc1VrbFBNbmRNY25seE16Uk1lRTlwTFhOMlgyYxAB,ChIJUaVkxhU_by4RRR4swrUlxFo,Waduk Darma Kuningan,Kuningan,Wisata,4,"Sudah di perbarui dan ada perubahan cukup besar.. enak buat nongki , tp masuk nya skrg lumayan melonjak",2026-04-09T17:52:39.503Z,Maju Jaya,101688143267483433042,True,0,id,2026-05-04T16:53:27.468752
Ci9DQUlRQUNvZENodHljRjlvT2tKR2NIUXpUR1U1UjNST1EwZDBTRzFWTlRnNFNuYxAB,ChIJUaVkxhU_by4RRR4swrUlxFo,Waduk Darma Kuningan,Kuningan,Wisata,5,Tempatnya sejuk dan Asri,2026-04-09T13:46:05.980Z,Ridwan Anas,104882761812556098244,True,0,id,2026-05-04T16:53:27.468764
Ci9DQUlRQUNvZENodHljRjlvT2xkM2RqWkZiV2xST0hrNU5uRlFkSEJNYTJaWGNGRRAB,ChIJUaVkxhU_by4RRR4swrUlxFo,Waduk Darma Kuningan,Kuningan,Wisata,5,"Jalan2 hari ke 3 lebaran, lumayan rame tapi masih aman, tempat paarkir masih kebagian.",2026-04-09T10:07:11.778Z,yeyen meliyawaty,114350498825052422238,True,0,id,2026-05-04T16:53:27.468780
Ci9DQUlRQUNvZENodHljRjlvT2toUFpYSmpZMXBpTUZKT1ZXTkJZMk15ZHpGRlZtYxAB,ChIJYUVBO-Ehby4RH8fqJAr4nZ8,Telaga Biru Cicerem,Kuningan,Wisata,5,Tempat sangat indah seru pake perahu saya kami tidak kebagian naik ayunan,2026-05-04T11:25:14.988Z,Sulasminah,115612584228510498363,False,0,id,2026-05-04T16:53:27.468789
Ci9DQUlRQUNvZENodHljRjlvT25FeVgzcEtTMjFqTW5kbFF6ZGZRakpVTTJ0bFdXYxAB,ChIJYUVBO-Ehby4RH8fqJAr4nZ8,Telaga Biru Cicerem,Kuningan,Wisata,5,Healing tipis² sama besty...,2026-05-04T06:03:12.429Z,Nurlaela Afriyana Sari,113858951991925980378,True,0,id,2026-05-04T16:53:27.468803
Ci9DQUlRQUNvZENodHljRjlvT2xOeUxXdHVibmt4Y1RkUk1FUjZjUzE0WDBwcE4yYxAB,ChIJYUVBO-Ehby4RH8fqJAr4nZ8,Telaga Biru Cicerem,Kuningan,Wisata,1,"Hanya bagus di kamera photo, kenyamanan nuansa alam tidak terasa karena karoke berdentum merusak kenyamanan yang seharusnya bisa dirasakan, untuk yang bernyanyi mohon maaf suara sumbang anda membuat kita tidak betah disini, alanglah baiknya tempat ini tidak ada atau ada tempat tertutup yang sound proofs.

Tidak ada tempat makan yang proper, hanya ada olahan mie instan dengan harga cukup tinggi.

Jika anda hanya pencari photo di medsos mungkin tempat ini akan sangat cocok untuk di kunjungi, jika anda ingin mencari kenyamanan tempat yang alami mungkin bisa berfikir 2 kali untuk mengunjungi.",2026-05-03T06:35:03.142Z,ade,101016097042796596553,True,0,id,2026-05-04T16:53:27.468836
Ci9DQUlRQUNvZENodHljRjlvT2s0d1QySkdUSEpuWlUxcWRVZDZZVmxPVlRCcVNIYxAB,ChIJYUVBO-Ehby4RH8fqJAr4nZ8,Telaga Biru Cicerem,Kuningan,Wisata,5,"Destinasi wisata yg dikelola bumdes. Desa berdaya, keren👍🏻",2026-05-02T08:33:19.308Z,Dida Candita,114830443193267238912,True,0,id,2026-05-04T16:53:27.468905
Ci9DQUlRQUNvZENodHljRjlvT2trMVdqUnNla2hSVlZFd01HVTBkR000TWpkSk5YYxAB,ChIJYUVBO-Ehby4RH8fqJAr4nZ8,Telaga Biru Cicerem,Kuningan,Wisata,1,"Kantinnya terlalu mahal gooday+dangco+gorengan 4 =30 rb itungannya gimna nggak ad penjelasan,
Serba bayar",2026-05-01T05:39:03.160Z,ahmad sukron,111242634775505274497,True,0,id,2026-05-04T16:53:27.468961
Ci9DQUlRQUNvZENodHljRjlvT25CUlF6TjJWRlF4WDJSSlUxSjZjRWR3V2tKc1IzYxAB,ChIJYUVBO-Ehby4RH8fqJAr4nZ8,Telaga Biru Cicerem,Kuningan,Wisata,4,"Telaganya airnya bersih, banyak ikannya, anak2 suka bisa kasih makan ikan, ayunannya antri, tempat makannya biasa aja tp lumayan banyak yg jualan jd ga perlu cari keluar wisata.",2026-04-28T21:48:15.062Z,Yanti Family,117498076078211341207,True,0,id,2026-05-04T16:53:27.469013
Ci9DQUlRQUNvZENodHljRjlvT2xaNlQySmhiRU51Wm1KS1R5MXllak5LTlZwU1VVRRAB,ChIJYUVBO-Ehby4RH8fqJAr4nZ8,Telaga Biru Cicerem,Kuningan,Wisata,5,Good experience and low cost,2026-04-28T11:22:05.604Z,Saut Napitupulu,105069311005428679279,True,0,en,2026-05-04T16:53:27.469028
Ci9DQUlRQUNvZENodHljRjlvT25OS1Iwb3haa3QyYTNGd1JUVlhRWEV0T1ZwV2NIYxAB,ChIJYUVBO-Ehby4RH8fqJAr4nZ8,Telaga Biru Cicerem,Kuningan,Wisata,5,sangat bagus asik bersih dan ramahhh,2026-04-27T02:08:11.275Z,Naura Salsabila,114361291557770413337,False,0,id,2026-05-04T16:53:27.469038
Ci9DQUlRQUNvZENodHljRjlvT2xaRGQyZFRVbXd6V2twbFduZEJibko2TlMxM1pIYxAB,ChIJYUVBO-Ehby4RH8fqJAr4nZ8,Telaga Biru Cicerem,Kuningan,Wisata,4,Akses jalannya kecil,2026-04-25T07:15:24.765Z,Y Mahendra,110005336164652145430,False,0,id,2026-05-04T16:53:27.469077
Ci9DQUlRQUNvZENodHljRjlvT2xremRWQk5UbmwzU0VOR2VYb3pXR28xYzA5WGJHYxAB,ChIJYUVBO-Ehby4RH8fqJAr4nZ8,Telaga Biru Cicerem,Kuningan,Wisata,5,Alhamdulillaah spot poto poto bagus walopun hrs antri tks larismanis berkah berlimpah,2026-04-22T06:35:45.869Z,vonny yulianto,104679424480339363466,True,0,id,2026-05-04T16:53:27.469108
ChZDSUhNMG9nS0VJQ0FnTURBdVpESmJREAE,ChIJYUVBO-Ehby4RH8fqJAr4nZ8,Telaga Biru Cicerem,Kuningan,Wisata,5,Jasa fotonya keren,2026-04-21T02:04:45.058Z,ratna ah,118433240054283783164,True,0,id,2026-05-04T16:53:27.469142
Ci9DQUlRQUNvZENodHljRjlvT2xOR05GUnlTVkkxY0hwMWMzUjJhMWxFZG5wWmNVRRAB,ChIJYUVBO-Ehby4RH8fqJAr4nZ8,Telaga Biru Cicerem,Kuningan,Wisata,5,Tempat nya bagus..cuma waktu pertama kesana hujann..,2026-04-20T04:29:25.845Z,Indah Irawati,118023651092610683424,False,0,id,2026-05-04T16:53:27.469178
Ci9DQUlRQUNvZENodHljRjlvT2xVelF6aFdOVTlwY1cwM1YybE9WVjkyVkZWMWQxRRAB,ChIJ4w1eWj0hby4R7sIZnMty5GE,Wisata Side Land (kolam renang dengan pemandangan yang keren),Kuningan,Wisata,5,nyaman dan bisa melihat pemandangan kuningan.,2026-04-19T06:16:55.948Z,Citras Channel,101104709801179006559,True,0,id,2026-05-04T16:53:27.469258
Ci9DQUlRQUNvZENodHljRjlvT25KWmVqVjVSazFtYzFSb1ozUTJVemxuYUZOaGVsRRAB,ChIJ4w1eWj0hby4R7sIZnMty5GE,Wisata Side Land (kolam renang dengan pemandangan yang keren),Kuningan,Wisata,4,"Bagus murah tapi kolam rada kotor ,lantai kolam licin ,tempat jajan murah bisa camping ,waktu terbaik pagi sekali atau sore sekali",2026-04-11T04:08:38.316Z,Pramudya USD,101654260500184821572,True,0,id,2026-05-04T16:53:27.469282
Ci9DQUlRQUNvZENodHljRjlvT2pVeVlVd3lWR1J5VTNjMVpIWlhhMVpqT0RObllXYxAB,ChIJ4w1eWj0hby4R7sIZnMty5GE,Wisata Side Land (kolam renang dengan pemandangan yang keren),Kuningan,Wisata,5,sumpil disini seruu banget tauuuu banyak banget kolem berenang nyaa truss banyak bgt wahana main nyaa dan seru deh pokonyaa,2026-03-26T03:36:39.016Z,Rizqia Alayna,110882457566727808747,True,0,id,2026-05-04T16:53:27.469301
Ci9DQUlRQUNvZENodHljRjlvT2pCRWNsTTFTVEZ1UlMxT1pXeHhkRXBHWVd0cVgxRRAB,ChIJ4w1eWj0hby4R7sIZnMty5GE,Wisata Side Land (kolam renang dengan pemandangan yang keren),Kuningan,Wisata,5,"Tempatnya indah, air alami, cocok banget buat acara kumpul bersama keluarga",2026-02-08T08:49:49.232Z,Tri_Nurhayati UMC,101129024768825284268,True,0,id,2026-05-04T16:53:27.469326
Ci9DQUlRQUNvZENodHljRjlvT2xBMFNrWkdPVFEyYm1vNWNEWmxXRUpYWVhkWk1XYxAB,ChIJ4w1eWj0hby4R7sIZnMty5GE,Wisata Side Land (kolam renang dengan pemandangan yang keren),Kuningan,Wisata,5,airnya bersih langsung dr pegunungan,2026-01-11T13:52:14.166Z,Winata Yudistira,102342093096531098327,False,0,id,2026-05-04T16:53:27.469383
Ci9DQUlRQUNvZENodHljRjlvT2xGcGFHbE9VRkpaZW5oUlRIcDNhMFZDWWtsc2RrRRAB,ChIJUaVkxhU_by4RRR4swrUlxFo,Waduk Darma Kuningan,Kuningan,Wisata,5,Waduk darma MasyaAllah Cantikk❤❤❤,2026-04-05T09:34:07.513Z,yulinda sa,114847049453378405797,True,0,ms,2026-05-04T16:53:27.469429
Ci9DQUlRQUNvZENodHljRjlvT25wWlZWRk1NSFpyUmpOYVREaGZaa1p1WldGc2NsRRAB,ChIJUaVkxhU_by4RRR4swrUlxFo,Waduk Darma Kuningan,Kuningan,Wisata,4,"Suka pemandangannya, biaya masuk 20k/org, dg parkir mobil 10k. Tp di dalem klo mau naik2/masuk ke spot tertentu harus bayar lagii. Cilok disini enak #tmi.",2026-04-05T06:23:04.512Z,Wyne Mumtaazah,111294450858121958060,True,0,id,2026-05-04T16:53:27.469438
Ci9DQUlRQUNvZENodHljRjlvT21ack5VeHlZekpZTVRsSVFtVlJOMWxMTTFwQmRrRRAB,ChIJUaVkxhU_by4RRR4swrUlxFo,Waduk Darma Kuningan,Kuningan,Wisata,5,Bagus pokoknyaaaa ada tutut enak lagi,2026-04-04T16:37:18.524Z,Rzknr,105905566703294086784,True,0,id,2026-05-04T16:53:27.469462
Ci9DQUlRQUNvZENodHljRjlvT205ZmFEVmpZMUUzVG1GWWRubEliRzg1V0VsNVYyYxAB,ChIJ4w1eWj0hby4R7sIZnMty5GE,Wisata Side Land (kolam renang dengan pemandangan yang keren),Kuningan,Wisata,5,"Bagus, relatif aman buat anak anak, karena pengawasan pengelolanya lumayan bagus",2026-01-06T13:40:40.890Z,Masruhin Sarwaniy,115098626204973326958,True,0,id,2026-05-04T16:53:27.469520
Ci9DQUlRQUNvZENodHljRjlvT201T2JHbEVlRzFuT0ZaaFlWOVRNV2wwWWtkdVExRRAB,ChIJ4w1eWj0hby4R7sIZnMty5GE,Wisata Side Land (kolam renang dengan pemandangan yang keren),Kuningan,Wisata,5,Seneng banget sama moment pakai hijab mazay,2026-01-06T04:05:59.814Z,Siti Iim,114898997807939386031,False,0,id,2026-05-04T16:53:27.469531
Ci9DQUlRQUNvZENodHljRjlvT21kdU55MUNXVmhWVVdwb2NUTTFVVTFpZG5WdFozYxAB,ChIJ4w1eWj0hby4R7sIZnMty5GE,Wisata Side Land (kolam renang dengan pemandangan yang keren),Kuningan,Wisata,3,"Kolamnya kotor banyak lumutnya.padahal pemandangan bagus tapi kebersihan kolam ga dijaga.
Lumut dimana mana,jadi licin.",2026-01-03T08:56:17.983Z,Ali Firdaus,116996073838373508764,False,0,id,2026-05-04T16:53:27.469547
Ci9DQUlRQUNvZENodHljRjlvT2xWaE5FMVpTbTlvUW1rNU5GVlFiR1pKY0V0M2RVRRAB,ChIJ4w1eWj0hby4R7sIZnMty5GE,Wisata Side Land (kolam renang dengan pemandangan yang keren),Kuningan,Wisata,5,Enakeun pisan pokona mah..,2026-01-02T03:47:56.851Z,yuliana yura,102801088696070570317,False,0,su,2026-05-04T16:53:27.469565
Ci9DQUlRQUNvZENodHljRjlvT2t4SVlYVXplbk5oYm05UWRHVnFRbVZLZG1OeU4wRRAB,ChIJ4w1eWj0hby4R7sIZnMty5GE,Wisata Side Land (kolam renang dengan pemandangan yang keren),Kuningan,Wisata,1,Banyak lumut. Padahal hari libur banyak pengunjung. Tapi kolam kaya tidak di urus bnyak lumut.a. anak anak ada yg jatuh,2026-01-01T07:25:58.607Z,Ilham Kencet,106119572424859084690,True,0,id,2026-05-04T16:53:27.469577
Ci9DQUlRQUNvZENodHljRjlvT25vNWNGSjBkRjgxWTB4SVFsQjZRMFkyZWpCaE5sRRAB,ChIJ4w1eWj0hby4R7sIZnMty5GE,Wisata Side Land (kolam renang dengan pemandangan yang keren),Kuningan,Wisata,5,"Sebenarnya tempatnya enak bgt viewnya indah cuma sayang karena sudah tidak hits jd perawatannya kurang , kolamnyabnyk lumutnya, tp ga smuanya ada yg bersihnya jg tp y ga bersih bgt,,  semoga di rawat lg agar pengunjung puas",2025-12-23T09:23:45.651Z,Nely,107930617700610051061,True,0,id,2026-05-04T16:53:27.469587
Ci9DQUlRQUNvZENodHljRjlvT205SGFHNVlUMnhUYnpkT1NXUTNZbFJRU25nMmQxRRAB,ChIJ4w1eWj0hby4R7sIZnMty5GE,Wisata Side Land (kolam renang dengan pemandangan yang keren),Kuningan,Wisata,4,Tadi pagi kesini bagus tempatnya pemandangannya...skdr masukan lebih di perhatikan kebersihan kolam renangnya ada kotoran dan lumut..slbhnya bagus trmksh,2025-11-30T13:04:23.694Z,Ferina Yunita,100807108261102515458,False,0,id,2026-05-04T16:53:27.469632
Ci9DQUlRQUNvZENodHljRjlvT21oMFJHeHJSMkprTjFoTVJrbEZMWGhNWVdoQlpFRRAB,ChIJ4w1eWj0hby4R7sIZnMty5GE,Wisata Side Land (kolam renang dengan pemandangan yang keren),Kuningan,Wisata,4,"View nya bagus, suasana nya adem dan enak buat camping atau sekedar jalan jalan.",2025-11-05T03:43:33.335Z,Sarmud Muda,111141682400162501378,True,0,id,2026-05-04T16:53:27.469652
Ci9DQUlRQUNvZENodHljRjlvT2pKalQzTk1ZMkpzV25wa1VrUnBZbXRVZEVwNlZXYxAB,ChIJ4w1eWj0hby4R7sIZnMty5GE,Wisata Side Land (kolam renang dengan pemandangan yang keren),Kuningan,Wisata,5,"Kolam renang view sawah dan bukit yang cantik!, perosotan panjangnya sangat seru, airnya segar dari mata air langsung, cocok untuk healing dan refreshing keluarga dengan tiket terjangkau.",2025-11-04T12:01:59.241Z,Surendi,106498552920064819471,True,0,id,2026-05-04T16:53:27.469662
Ci9DQUlRQUNvZENodHljRjlvT2tWcE9GOHpVV013VVRGWGVWcDRkekZhZDNOMk5sRRAB,ChIJ4w1eWj0hby4R7sIZnMty5GE,Wisata Side Land (kolam renang dengan pemandangan yang keren),Kuningan,Wisata,5,Rasa kekeluargaan kebersamaan...,2025-11-03T23:12:14.261Z,suparjo crb,106799330585585868181,True,0,id,2026-05-04T16:53:27.469672
Ci9DQUlRQUNvZENodHljRjlvT20xcWR6bHRia1EyY0hSa1dYbERaM2x1V0d3MFpuYxAB,ChIJ4w1eWj0hby4R7sIZnMty5GE,Wisata Side Land (kolam renang dengan pemandangan yang keren),Kuningan,Wisata,5,"Cukup seru yaa
Biaya masuk 15k
Anak 10k
Tp ditambah tiket panah 5k langsung di awal
Kolamnya utk anak2 lumayan seru juga ada tembakan bubble nya
Anak happy bgt
Utk saran mungkin kolam anak sering dibersihkan saja krena byk lumut
Trmksh
Next kesini lg",2025-10-21T10:54:31.509Z,fitri hermawati,110105692985416454316,True,0,id,2026-05-04T16:53:27.469682
Ci9DQUlRQUNvZENodHljRjlvT2t3d1FrSlViRWxrY1dwWFdqVmpRMHROVEVOaFJuYxAB,ChIJ4w1eWj0hby4R7sIZnMty5GE,Wisata Side Land (kolam renang dengan pemandangan yang keren),Kuningan,Wisata,4,"Tempatnya cukup nyaman Kami datang ber6 pakai mobil tiket masuk plus parkir mobil dikenakan tarif 55 rb( murah bgt) karna anak dbwah 2thn tdk dihitung sudah gratis 2tiket memanah. disana banyak arena bermain anak dan kolam renang untuk anak dan dewasa..pemandanganya bagus kamar mandi/bilas banyak ada mushola tersedia banyak warung untuk skedar ngopi jajan mie/ gorengan dgn harga terjangkau,ada juga penyewaan tiker ,pelampung dan ban untuk berenang.minusnya ada beberpa kolam renang yg agak berlumut dan licin dan tidak ada pemandian air hangatnya😁..oiya disana ada mandi busa juga yah...anak anak cukup merasa puas bermain diwisata ini.",2025-10-19T14:20:40.314Z,Donaldchan12,116893040814190188710,True,1,id,2026-05-04T16:53:27.469693
Ci9DQUlRQUNvZENodHljRjlvT25GemQwdFhUV1JqWXpobWNqQlJTazE1YzFaYVpGRRAB,ChIJYUVBO-Ehby4RH8fqJAr4nZ8,Telaga Biru Cicerem,Kuningan,Wisata,5,"Sejuk, banyak ikan nya.",2026-04-18T08:20:50.316Z,Chairullah Haris,113697806274582159464,True,0,ms,2026-05-04T16:53:27.469718
Ci9DQUlRQUNvZENodHljRjlvT21kblkwMVNUbVJKWTI4Mk1GTkhWbkJMTFdoRGFrRRAB,ChIJYUVBO-Ehby4RH8fqJAr4nZ8,Telaga Biru Cicerem,Kuningan,Wisata,5,Pas datang baru buka. Pertama kali ke Kuningan. Enakeun buat bersantai. Refresh pikiran dan menjauh dari hiruk pikuk perkotaan. Masuk 15rb. Parkir 3rb. Parab lauk 3rb 5rb dan 10rb. Difoto di ayunan 8rb.,2026-04-18T03:38:20.809Z,Alifa Al-Fath,112780910523449782391,True,0,id,2026-05-04T16:53:27.469731
Ci9DQUlRQUNvZENodHljRjlvT2xObE5tOVpNalp3WTA1VGNsSllVbTV0YVhGb1ZYYxAB,ChIJYUVBO-Ehby4RH8fqJAr4nZ8,Telaga Biru Cicerem,Kuningan,Wisata,5,Tempatnya indah,2026-04-18T01:27:16.704Z,erlin irmawa irmawa,104960948848151538246,False,0,id,2026-05-04T16:53:27.469742
Ci9DQUlRQUNvZENodHljRjlvT214WmVUZ3dUbkp0UVhoVWFWSTRURU4yWlRaWmJGRRAB,ChIJYUVBO-Ehby4RH8fqJAr4nZ8,Telaga Biru Cicerem,Kuningan,Wisata,5,"Kemarin kesini, waktu liburan lebaran. Tempatnya bersih, asri dan bagus untuk foto-foto, apalagi sama keluarga. Seru banget",2026-04-17T18:37:30.356Z,Linda Sari,112550448157603893307,False,0,id,2026-05-04T16:53:27.469752
Ci9DQUlRQUNvZENodHljRjlvT2t3MFJYUldTMGR6WWw5V1dWZDNRazV2UTIxWVRsRRAB,ChIJYUVBO-Ehby4RH8fqJAr4nZ8,Telaga Biru Cicerem,Kuningan,Wisata,1,"Terlalu komersil, ada 2 spot foto yg merusak keaslian telaga. Tempat parkirnya tidak enak terlalu nanjak. Udh ga recomen liburan disini. Tiket masuk aja 15k tanpa dapat fasilitas apapun. Bayar parkir tapi KLO ada kehilangan tidak tanggung jawab",2026-04-15T03:14:49.538Z,Thekiil garage,102815315911269007439,True,0,id,2026-05-04T16:53:27.469794
Ci9DQUlRQUNvZENodHljRjlvT2pOa2RIaHRjbXhqUldOQ1VWWXlSa3BLU1RSVFdtYxAB,ChIJYUVBO-Ehby4RH8fqJAr4nZ8,Telaga Biru Cicerem,Kuningan,Wisata,5,Udaranya masih sejuk dan air nya jernih... enak untuk refreshing,2026-04-15T01:33:00.221Z,Akh Satria,118374628295136423616,True,0,id,2026-05-04T16:53:27.469804
Ci9DQUlRQUNvZENodHljRjlvT25oVFUyeFZiRmRyVkRkTlFVeExkR1ZmYjFGa01tYxAB,ChIJybxw5FkZby4RMeu9I5AIsuE,Desa Wisata Cibuntu,Kuningan,Wisata,5,Udaranya asri sejuk,2026-05-01T08:02:39.403Z,Bang Yus 27,102769304465189342122,False,0,id,2026-05-04T16:53:27.469832
Ci9DQUlRQUNvZENodHljRjlvT2twc1FUVmtObmxLVlRVd1lsVmZOMXB6ZGxoVWNHYxAB,ChIJybxw5FkZby4RMeu9I5AIsuE,Desa Wisata Cibuntu,Kuningan,Wisata,5,Really great experience. It's near to Cirebon too.,2026-04-26T10:17:07.251Z,Rocky Jacob,109044720498678535633,True,0,en,2026-05-04T16:53:27.469848
Ci9DQUlRQUNvZENodHljRjlvT2xGa1R6SnpkakJVYmpSa1ZWTnlZWEZPTWxWa2MzYxAB,ChIJybxw5FkZby4RMeu9I5AIsuE,Desa Wisata Cibuntu,Kuningan,Wisata,5,"Tenpatnya ramah anak kalo mau ngumpul2 sambil makan siang, tiket 10rb + 15rb jika mau masuk kolam, parkir 5rb.
Ada Musholanya.",2026-04-26T04:58:48.598Z,Restu Wicaksono,117890064986994740366,False,0,id,2026-05-04T16:53:27.469857
Ci9DQUlRQUNvZENodHljRjlvT2xKaFdWcFdaSFp1UVRsUE5XdDFaRWs1UW1Ock1HYxAB,ChIJybxw5FkZby4RMeu9I5AIsuE,Desa Wisata Cibuntu,Kuningan,Wisata,5,"Tempatnya enakeun, adem, sering kesini buat piknik sama bestie. Masuknya juga murce sekali, bisa sewa tripod, tiker juga ya gais 🥰🥰🥰🥰",2026-04-25T08:16:00.456Z,Aidara,118085341237063499614,True,0,id,2026-05-04T16:53:27.469866
Ci9DQUlRQUNvZENodHljRjlvT25OTlNrNTVOMGg1TVdJM1JWVk9aVUpGZVd4eFoxRRAB,ChIJybxw5FkZby4RMeu9I5AIsuE,Desa Wisata Cibuntu,Kuningan,Wisata,5,"Datang kesini pagi paling enak pagi belum ramai ,dewasa 25k per orang mobil 5k parkir ,kolam renang alami no kaporit",2026-04-25T01:55:43.283Z,Pramudya USD,101654260500184821572,True,0,id,2026-05-04T16:53:27.469897
Ci9DQUlRQUNvZENodHljRjlvT2xBMGFYWmtVblJNU1ZaQ1EwUkZkRkpoVmw4ek5FRRAB,ChIJybxw5FkZby4RMeu9I5AIsuE,Desa Wisata Cibuntu,Kuningan,Wisata,5,Desa wisata yg benar2 asri sejak pertama masuk desa sampe ke lokasi wisata bener2 disuguhkan dengan view dan suasana yg bersih dan nyaman..,2026-04-22T21:38:55.181Z,YUDIONO,116349828082082016883,True,0,id,2026-05-04T16:53:27.469911
Ci9DQUlRQUNvZENodHljRjlvT25KclRVODNSMmxyWjJ0TWNITm1hM3B1TW5waWVuYxAB,ChIJybxw5FkZby4RMeu9I5AIsuE,Desa Wisata Cibuntu,Kuningan,Wisata,5,Tempat santai bersama keluaraga ada kolam renang,2026-04-12T01:51:50.098Z,Diandra Chanel,104086527842177235247,True,0,id,2026-05-04T16:53:27.469955
Ci9DQUlRQUNvZENodHljRjlvT2xONVIxaHZPRWhtU1RCaFltUk1kV1ZhV1RkemJGRRAB,ChIJybxw5FkZby4RMeu9I5AIsuE,Desa Wisata Cibuntu,Kuningan,Wisata,5,seru dan menyenangkan,2026-04-08T00:29:45.476Z,nizam zo,115992686627492595432,False,0,id,2026-05-04T16:53:27.469972
Ci9DQUlRQUNvZENodHljRjlvT25Gbk4zaDBXV2hMVGtFd2JIWmhOUzA0WHpoWU0xRRAB,ChIJybxw5FkZby4RMeu9I5AIsuE,Desa Wisata Cibuntu,Kuningan,Wisata,4,"Tempatnya nyaman dan view lumayan bagus, ada curugnya walaupun kecil, sayang kolam renangnya kurang bersih, banyak Serpihan lumut dlm air kolam renang",2026-03-31T05:17:06.926Z,Alif Raffa,113813770721174621030,False,0,id,2026-05-04T16:53:27.469990
Ci9DQUlRQUNvZENodHljRjlvT25GR1owUldNRGxEWjFOM1lrSkZVekYzTUZkTFozYxAB,ChIJdxVoXtIXby4Rhlh104AQObE,Sawah Lope Desa Cikaso,Kuningan,Wisata,5,"Suasana sejuk, pemandangan indah, kebersihan ok",2026-05-03T08:01:10.547Z,Ebo Ebo,104620353415977042210,True,0,id,2026-05-04T16:53:27.470014
Ci9DQUlRQUNvZENodHljRjlvT214R1UyVlNOR0l3VXpWZk9HSlpaMlYyYVcxakxVRRAB,ChIJdxVoXtIXby4Rhlh104AQObE,Sawah Lope Desa Cikaso,Kuningan,Wisata,1,Pelayanan ny g ramah.,2026-04-29T13:25:14.919Z,Dwi Bulan,109913755410580122261,False,0,id,2026-05-04T16:53:27.470025
Ci9DQUlRQUNvZENodHljRjlvT2taa2JqQkdlRXd3VnpJeVVWODBjekpCYm1sSE1uYxAB,ChIJdxVoXtIXby4Rhlh104AQObE,Sawah Lope Desa Cikaso,Kuningan,Wisata,5,Oke lah enak buat ngadem,2026-04-20T03:37:40.686Z,Ginanjar Wira Saputra,106649517460281299360,True,0,id,2026-05-04T16:53:27.470040
Ci9DQUlRQUNvZENodHljRjlvT21oak1scHNaMGRWTjJveVpYUm5SbGs1YVhGYVdWRRAB,ChIJdxVoXtIXby4Rhlh104AQObE,Sawah Lope Desa Cikaso,Kuningan,Wisata,5,"Sawah lope desa Cikaso, pemandangan nya indah asri, untuk Selfi ,santai sangat bagus, bisa tuk liburan ,bersama keluarga,teman, yu kita kesini 💖",2026-04-17T23:53:52.447Z,Nuryani Nuryani,112886629069036669531,True,0,id,2026-05-04T16:53:27.470049
Ci9DQUlRQUNvZENodHljRjlvT2s1TFJqTmZiRUp2WVVRMWNtRldPVXcwWDJKVk9XYxAB,ChIJdxVoXtIXby4Rhlh104AQObE,Sawah Lope Desa Cikaso,Kuningan,Wisata,1,"Joging berempat di hari Senin pagi,pas masuk ngga ada yg jaga tiket, eee pas mau pulang kita di mintai tiket 15ribu/ orang, wow..🙄, fasilitas cuma gitu aja mahal kali tiketnya 😄, dan anehnya banyak orang yg lalu lalang naik motor di jalan situ ngga di kenakan tiket.",2026-04-08T03:57:18.383Z,Nina Nov,106098951427177680221,True,0,id,2026-05-04T16:53:27.470083
Ci9DQUlRQUNvZENodHljRjlvT2paQlJuRkhOa04xY1ZscWNHSnJWbXB5VDB4VlJHYxAB,ChIJdxVoXtIXby4Rhlh104AQObE,Sawah Lope Desa Cikaso,Kuningan,Wisata,5,"Karcis masuk tergolong murah hanya 10rb/org
Jajanan di area dalam juga pas banget menawarkan aneka jajanan tradisional yg lumayan murah dan enak std dari 5rb - 10rb masih sangat terjangkau
Tempat bersih, nyaman, pilih saung bebas gratis ga kyk di lembur Pakuan saung doank bayar
Selebihnya Terimakasih pekerjanya ramah2 ciri khas Sunda bgt",2026-04-04T11:10:02.307Z,Aris Satria (Aris Bosque),112732842171440236208,True,0,id,2026-05-04T16:53:27.470094
Ci9DQUlRQUNvZENodHljRjlvT2xaU1MybDVObU14V1dSYWRHbDVTR2x1TmxWWlFtYxAB,ChIJdxVoXtIXby4Rhlh104AQObE,Sawah Lope Desa Cikaso,Kuningan,Wisata,4,"Hawanya sejuk, agar di perbanyak kulinernya 👍",2026-04-02T05:45:32.403Z,Aa odik,110058907983618875649,True,0,id,2026-05-04T16:53:27.470109
Ci9DQUlRQUNvZENodHljRjlvT2xsWlpsSnZkM2d6T0Y5RWRWWXpiMmRUVlZGcE5XYxAB,ChIJdxVoXtIXby4Rhlh104AQObE,Sawah Lope Desa Cikaso,Kuningan,Wisata,3,Bagus banget ada view gunung Ciremai lalu di dekat nya ada mata air,2026-03-28T01:15:18.000Z,Erline Erline,105132551445675206875,True,0,id,2026-05-04T16:53:27.470135
Ci9DQUlRQUNvZENodHljRjlvT2kxVGNHMUtSekpQVkZCaVltSlVUVkZITVcxMVoyYxAB,ChIJdxVoXtIXby4Rhlh104AQObE,Sawah Lope Desa Cikaso,Kuningan,Wisata,5,desa yg indah layak untuk kesini lagi,2026-03-26T16:07:15.211Z,royan sulthon auliya,104755444259332061558,True,0,id,2026-05-04T16:53:27.470145
Ci9DQUlRQUNvZENodHljRjlvT25jMVVVeENOV1JmVjBGUk4wZGFMVGR4Y2xKUGRGRRAB,ChIJdxVoXtIXby4Rhlh104AQObE,Sawah Lope Desa Cikaso,Kuningan,Wisata,4,"1. Enak buat refreshing,
2. Kulinernya kurang mantap",2026-03-26T06:47:33.625Z,Ibnu Annas,111965757214928468447,False,0,id,2026-05-04T16:53:27.470154
Ci9DQUlRQUNvZENodHljRjlvT21STVVEVnNkVEJUU2xkRE9EUnVTalI0VUhBMVdGRRAB,ChIJdxVoXtIXby4Rhlh104AQObE,Sawah Lope Desa Cikaso,Kuningan,Wisata,5,Rumah minimalis yg sejuk,2026-02-22T08:55:48.692Z,Teguh Mulyanto,109229178778335702847,True,0,id,2026-05-04T16:53:27.470163
Ci9DQUlRQUNvZENodHljRjlvT2toMGNscHFaMFJoWjBWb2QyVlpRMVpOUlRsZmNrRRAB,ChIJdxVoXtIXby4Rhlh104AQObE,Sawah Lope Desa Cikaso,Kuningan,Wisata,4,It's somehow nice to enjoy the view of rice field while having snacks or meal. The restaurant is serving  traditional meal and snacks. But you can bring your own otherwise buying some there. The best point in this place is the view actually. The air is fresh you can view Ciremai mountain as well.,2026-01-17T08:15:35.167Z,Yossi A. Wulandari,104783289812686656402,True,0,en,2026-05-04T16:53:27.470186
Ci9DQUlRQUNvZENodHljRjlvT2pSVlJYQmphVmRzYkY5eE1rTm1VVkU1VDFvM05WRRAB,ChIJ4w1eWj0hby4R7sIZnMty5GE,Wisata Side Land (kolam renang dengan pemandangan yang keren),Kuningan,Wisata,1,"Pemandangan oke. Cuman untuk kolam renang tidak layak banyak lumut banyak rumput kering masuk kolam, Ada bekas makanan di kolam renang. Saran saya sering2 di kuras ganti air dan bersihkan lumut yg nempel di dinding kolam.",2025-10-19T10:55:39.069Z,IIS Ismayanti,101926587279839045821,False,0,id,2026-05-04T16:53:27.470210
Ci9DQUlRQUNvZENodHljRjlvT2paME1UWmFlVkZST0VsVlZVbERialpUWWs4MFZHYxAB,ChIJ4w1eWj0hby4R7sIZnMty5GE,Wisata Side Land (kolam renang dengan pemandangan yang keren),Kuningan,Wisata,5,Pemandangannya bagus dan udara msh segar..,2025-10-05T13:57:36.376Z,Johan Arifin,113678543141476008907,False,0,id,2026-05-04T16:53:27.470234
Ci9DQUlRQUNvZENodHljRjlvT201TmExcFlRVk01TVRjeVlqSjJZMHh5WkdKck9HYxAB,ChIJ4w1eWj0hby4R7sIZnMty5GE,Wisata Side Land (kolam renang dengan pemandangan yang keren),Kuningan,Wisata,5,Keren terjangkau bersih enaklah pokoknya,2025-09-29T17:06:20.290Z,budiman rahardian,117623762230024533379,True,0,id,2026-05-04T16:53:27.470254
Ci9DQUlRQUNvZENodHljRjlvT2xkdGRtMXNNVmxtZVZwNlpqTlFWVmg1UnprMFpFRRAB,ChIJ4w1eWj0hby4R7sIZnMty5GE,Wisata Side Land (kolam renang dengan pemandangan yang keren),Kuningan,Wisata,2,"Tempat nya enak adem...
Tp semua kolam kotor,musti rutin di bersihin..",2025-09-28T05:37:19.566Z,Leo Naryo,110560940829607649275,False,0,id,2026-05-04T16:53:27.470263
Ci9DQUlRQUNvZENodHljRjlvT21sbE5UWXdlVzE1Um5WaE5taDJXRE55U1dGRVQyYxAB,ChIJ4w1eWj0hby4R7sIZnMty5GE,Wisata Side Land (kolam renang dengan pemandangan yang keren),Kuningan,Wisata,4,"Sejenak, merefresh otak. Alhamdulillah.",2025-09-23T08:58:09.116Z,محمد رحمة التغالي,106472186086698966070,True,0,id,2026-05-04T16:53:27.470272
Ci9DQUlRQUNvZENodHljRjlvT205NE5WZ3lTMlYxTVdwUlMwRkpjVEZEY0RGZlRXYxAB,ChIJ4w1eWj0hby4R7sIZnMty5GE,Wisata Side Land (kolam renang dengan pemandangan yang keren),Kuningan,Wisata,5,"Terletak di Desa Kaduela, Sideland adalah destinasi wisata yang menawarkan pengalaman berlibur yang menyenangkan. Tempat ini memiliki tiga tingkatan kolam renang yang menarik, termasuk kolam busa yang menjadi daya tarik utama, terutama bagi anak-anak. Selain itu, lokasinya sangat luas dengan fasilitas lengkap, seperti kamar bilas dan tempat makan, yang menjamin kenyamanan pengunjung. Air yang digunakan berasal langsung dari pegunungan, terasa sejuk dan segar. Tersedia juga penyewaan motor ATV untuk berkeliling dan menambah keseruan liburan Anda.",2025-09-14T03:59:28.251Z,IDEASTUDIO CIREBON,106837076066631816226,True,0,id,2026-05-04T16:53:27.470296
Ci9DQUlRQUNvZENodHljRjlvT2xaUU9VaGhTbHBpTWsxdk4ydGxWM2hWZDBkR1prRRAB,ChIJ4w1eWj0hby4R7sIZnMty5GE,Wisata Side Land (kolam renang dengan pemandangan yang keren),Kuningan,Wisata,5,"Tempatnya enak, adem, sejuk
Jika ada live music mungkin bisa tambah rame
Airnya seger, minus ada lumut nya aja
HTM : 15k/orang
Parkir motor : 3k",2025-09-06T10:50:20.296Z,Ayu Dwi Pungki Prastiwi,104232082857252124944,True,0,id,2026-05-04T16:53:27.470305
Ci9DQUlRQUNvZENodHljRjlvT2tzNVdFdFBhamx6TjJwclRYbDBURUpoVDI1TWVrRRAB,ChIJdxVoXtIXby4Rhlh104AQObE,Sawah Lope Desa Cikaso,Kuningan,Wisata,5,Sangat kreatif. Enak buat santai hilangkan penat. Ikan asin nasi liwetnya enak,2026-01-02T10:41:49.734Z,juhnie fardhian,118438190937582814785,True,0,id,2026-05-04T16:53:27.470323
Ci9DQUlRQUNvZENodHljRjlvT21GV2FHOHRkV1ExWlVsNVgxbERVR0ZmUVdKTlNWRRAB,ChIJdxVoXtIXby4Rhlh104AQObE,Sawah Lope Desa Cikaso,Kuningan,Wisata,3,Tiket masuknya lumayan untuk fasilitas yg standar,2026-01-01T23:46:17.749Z,Rossi Falaka,106764631488345008448,True,0,id,2026-05-04T16:53:27.470331
Ci9DQUlRQUNvZENodHljRjlvT2xkVmFWbDJVM0ZCTjBaM2VVcGxiVkZVTVdjdExXYxAB,ChIJdxVoXtIXby4Rhlh104AQObE,Sawah Lope Desa Cikaso,Kuningan,Wisata,5,Sawah lope salah satu tempat wisata yg menarik.... Dengan kesederhanaannya.... Justru membawa kita merasakan hidup penuh dengan ketenangan.... Suasana yg sejuk... Pemamdangan alam yg sungguh cantik... Cocok untuk kumpul dengan keluarga menikmati kebersamaan,2025-12-23T06:54:31.737Z,Yuli Ana,115983241345000028768,True,0,id,2026-05-04T16:53:27.470348
Ci9DQUlRQUNvZENodHljRjlvT2s5TFFVWldVVkZCY1hGWFFUVnRjREpWY1RaNk1IYxAB,ChIJdxVoXtIXby4Rhlh104AQObE,Sawah Lope Desa Cikaso,Kuningan,Wisata,4,Suasana asri dan sejuk pas buat refreshing keluarga,2025-12-09T13:49:27.582Z,Idin Rohidin,100384704437513936461,True,0,ms,2026-05-04T16:53:27.470371
Ci9DQUlRQUNvZENodHljRjlvT2t4RmF6bEhPVlpQZGxGNVRURm5jRTFsUTNOTWVsRRAB,ChIJdxVoXtIXby4Rhlh104AQObE,Sawah Lope Desa Cikaso,Kuningan,Wisata,5,"Keren abisss
Makanan kumplit, aplagi ikan Nila kering nya
Besssst
Harus wajib mampir",2025-11-30T06:47:56.686Z,Yudie,105159255068955475532,True,0,id,2026-05-04T16:53:27.470389
Ci9DQUlRQUNvZENodHljRjlvT201NGJVSjNjV0psZEcxb2NWWjNhblJvUkRoV2JtYxAB,ChIJdxVoXtIXby4Rhlh104AQObE,Sawah Lope Desa Cikaso,Kuningan,Wisata,5,Barang selalu ready stok,2025-11-20T09:28:06.078Z,trijaya register,115054835376801374962,False,0,id,2026-05-04T16:53:27.470408
Ci9DQUlRQUNvZENodHljRjlvT2tGWVZVOVFkVmRVZGtSUmFYbEJjRk5mV0Rsb1VrRRAB,ChIJdxVoXtIXby4Rhlh104AQObE,Sawah Lope Desa Cikaso,Kuningan,Wisata,4,Lumaya sepi hari biasa,2025-11-20T05:01:29.052Z,aM,105650734578383596134,True,0,id,2026-05-04T16:53:27.470417
Ci9DQUlRQUNvZENodHljRjlvT21WSFMwNXZiRnBqUlY5SFJEVjJlbmRzZWxwRVUyYxAB,ChIJdxVoXtIXby4Rhlh104AQObE,Sawah Lope Desa Cikaso,Kuningan,Wisata,5,Pemandangannya luar biasa langsung ke arah gunung ciremai.anak anak juga suka main disini...papalidan(main arus sungai)...tiket masuk terjangkau.,2025-11-11T11:41:35.327Z,nonih oceana,101412759124307232124,False,0,id,2026-05-04T16:53:27.470431
Ci9DQUlRQUNvZENodHljRjlvT2pOTVQzVlZaMVpvTjBoQmFub3paWGhzUVUxb1dFRRAB,ChIJdxVoXtIXby4Rhlh104AQObE,Sawah Lope Desa Cikaso,Kuningan,Wisata,5,Suasana dan pemandangan yang sejuk,2025-10-10T00:21:22.670Z,Moh Sha,102365762110175377289,True,0,ms,2026-05-04T16:53:27.470459
Ci9DQUlRQUNvZENodHljRjlvT2xSdE56VkROM0l6VUZkR1IwNXRORnBCZDBaNlMxRRAB,ChIJdxVoXtIXby4Rhlh104AQObE,Sawah Lope Desa Cikaso,Kuningan,Wisata,5,"Keindahan cinta bikin menjadi Kita Semua Ada nya Kasih Sayang bagi Kita Semua,Sehingga kita bisa mencintai dan Menyayangi.
Sukses selalu dan Berkah selalu",2025-10-03T10:03:26.238Z,Hernawan Iwan Family,116172402892964090122,True,0,id,2026-05-04T16:53:27.470467
Ci9DQUlRQUNvZENodHljRjlvT2pGNk9FcFNXbWhaVURZMFdGRTRlVmxEVlROWlUwRRAB,ChIJybxw5FkZby4RMeu9I5AIsuE,Desa Wisata Cibuntu,Kuningan,Wisata,4,Desa terakhir sebagai desa wisata. Alam indah dan banyak tempat wisata sejenis di sekitarnya. Desa ini lengkap dengan home stay yang lengkap. Tanpa sinyal selular. Enak buat istirahat dari bisingnya kota,2026-02-11T11:14:33.136Z,Mas Zein,116821288383283189716,True,0,id,2026-05-04T16:53:27.470528
Ci9DQUlRQUNvZENodHljRjlvT20xa2RXdE9iWHBmWVhkVWNta3pUV2h6WWtGVGEzYxAB,ChIJybxw5FkZby4RMeu9I5AIsuE,Desa Wisata Cibuntu,Kuningan,Wisata,5,Tempatnya bagus cocok buat Family,2026-02-06T06:59:28.395Z,Nurdiansyah Kuningan,112537284106384100255,False,0,id,2026-05-04T16:53:27.470540
Ci9DQUlRQUNvZENodHljRjlvT2pCVlEyMW1UMmhKVVRJeWQycGtaMmt5Wm1OS1UwRRAB,ChIJybxw5FkZby4RMeu9I5AIsuE,Desa Wisata Cibuntu,Kuningan,Wisata,5,Adem banget kek serasa di film2 suasana nyaaa,2026-01-28T02:56:25.978Z,nita susanti,108672769815130505669,False,0,id,2026-05-04T16:53:27.470634
Ci9DQUlRQUNvZENodHljRjlvT25ORlpHZEZaa1ZaWm05T1JGWjBaalJ4UkhWWVIzYxAB,ChIJybxw5FkZby4RMeu9I5AIsuE,Desa Wisata Cibuntu,Kuningan,Wisata,4,Salah satu desa penghasil durian lokal,2026-01-25T13:11:54.427Z,Ione,100859908608083800450,True,0,id,2026-05-04T16:53:27.470718
Ci9DQUlRQUNvZENodHljRjlvT2xCWlRHZ3lPRWc0V1VwbmFHVnZWMDlST1VaM2IxRRAB,ChIJybxw5FkZby4RMeu9I5AIsuE,Desa Wisata Cibuntu,Kuningan,Wisata,5,"Tempatnya nyaman untuk keluarga
Pemandangan yang sangat hijau syahdu seketika lupa dengan hutang bank keliling 😅",2026-01-11T00:26:45.400Z,Widiantoni,101278728863513614192,True,0,id,2026-05-04T16:53:27.470784
Ci9DQUlRQUNvZENodHljRjlvT25od1FVWnVhRWhVTWpGSFRFUjNZalZMV0VGdFEyYxAB,ChIJybxw5FkZby4RMeu9I5AIsuE,Desa Wisata Cibuntu,Kuningan,Wisata,4,"RUMAH PRODUKSI DIMSUM 29 sudah berkunjung ke desa cibuntu sebanyak 3-4x tempat nya nyaman dan untuk keluarga santai.

Selamat Datang di Dimsum 29! Cirebon ciwaringin perum saputra raya blok E no28 dan DIMSUM 29 BEKASI pesona anggrek harapan E3/18
Halo para pecinta kuliner!
Di sini, kami percaya dimsum bukan sekadar makanan—ini adalah cerita rasa, kehangatan, dan kebahagiaan dalam satu gigitan.
Apa yang membuat kami berbeda?
Dimsum Fresh Setiap Hari – dibuat dari bahan pilihan DAGING AYAM FILLET FRESH (TIDAK MENGGUNAKAN MDM) dan tanpa pengawet.
Resep Khas & Cita Rasa Autentik – lembut di luar, juicy di dalam.
Kreatif & Variatif – dari dimsum klasik hingga inovasi rasa unik yang jarang Anda temukan di tempat lain.
Pelayanan Hangat – kami ingin setiap pelanggan merasa seperti keluarga.
Misi kami sederhana: menghadirkan dimsum berkualitas dengan harga ramah di kantong, sehingga semua orang bisa menikmatinya kapan saja.
Ayo ikuti perjalanan kami, temukan promo seru, tips kuliner, dan cerita di balik dapur Dimsum 29.
Karena di sini, Setiap Gigitan Punya Cerita.
DIMSUM YANG DIKIRIMKAN PRODUKSI TERBARU",2026-01-04T13:02:39.488Z,yuli nurvita,109889656032238320206,False,0,id,2026-05-04T16:53:27.470857
Ci9DQUlRQUNvZENodHljRjlvT21kaE9GOUdkMDR3VFVwTlIyZGhaMXBmWkZWM05YYxAB,ChIJybxw5FkZby4RMeu9I5AIsuE,Desa Wisata Cibuntu,Kuningan,Wisata,5,Tempat asri sejuk luas bisa untuk piknik,2026-01-02T11:06:18.230Z,akhmad sabiq,111211365967200236027,False,0,id,2026-05-04T16:53:27.470899
Ci9DQUlRQUNvZENodHljRjlvT2xKVmVGcHhUWHBhVVdGU2IyZzNTMlJLWjNsa2JYYxAB,ChIJybxw5FkZby4RMeu9I5AIsuE,Desa Wisata Cibuntu,Kuningan,Wisata,4,"Tempatnya bersih , adem enak buat piknik jugaaa",2025-12-30T14:04:12.789Z,Ade Nisa Agnet Sulastri,100878968821771311502,False,0,id,2026-05-04T16:53:27.470915
Ci9DQUlRQUNvZENodHljRjlvT213MGF6bGhabmhKYTJ4NVh6Vk5PSE5CTW1wdlFXYxAB,ChIJdxVoXtIXby4Rhlh104AQObE,Sawah Lope Desa Cikaso,Kuningan,Wisata,4,"Kedua kali ke sawah lope, rasanya menyenangkan. Lihat latar belakang pemandangan bagus. Mungkin perlu penyuluhan untuk petani agar sawah terlihat indah dan rapi, sehingga pengunjung pingin kembali lagi untuk berkunjung.",2025-09-16T01:31:28.898Z,Rius Ngaderi,117050613458448665582,False,0,id,2026-05-04T16:53:27.470927
Ci9DQUlRQUNvZENodHljRjlvT2t4dlMxVklNMmxoVlVwSExVaDFTa1pLYzNsamJrRRAB,ChIJdxVoXtIXby4Rhlh104AQObE,Sawah Lope Desa Cikaso,Kuningan,Wisata,1,Pelayannya mani jutek dan htm nya agak mahal ya karna di dalem harus bayar lagi anak bayi kena bayar juga,2025-08-31T10:06:07.629Z,Dea Ernawati,113235045867506696695,False,0,id,2026-05-04T16:53:27.471148
Ci9DQUlRQUNvZENodHljRjlvT21aT1dIVXRjVkowTlZGRlQyUllPV3BKV1ROTE1IYxAB,ChIJdxVoXtIXby4Rhlh104AQObE,Sawah Lope Desa Cikaso,Kuningan,Wisata,5,Berkunjung kesini nikmati sere hari 🥰🤗🤗,2025-08-24T10:23:33.917Z,Adi Putra,111604495701418163898,True,0,id,2026-05-04T16:53:27.471180
Ci9DQUlRQUNvZENodHljRjlvT2sxdlpIVkRSREZCWTJrME9VVkdhMGRzYkRCSlJFRRAB,ChIJdxVoXtIXby4Rhlh104AQObE,Sawah Lope Desa Cikaso,Kuningan,Wisata,2,"Fasilitas udah bagus, tapi tukang parkirnya bisa lebih ramah ga? Tolong di koordinasi minimal senyum dikit",2025-07-27T02:10:22.353Z,Dessert Lover,116448164093603601724,False,0,id,2026-05-04T16:53:27.471217
Ci9DQUlRQUNvZENodHljRjlvT25ScFMyMTBiMjQxZGxCQmEwTnJRMWRPY0ZabGNHYxAB,ChIJzbXdUtshby4RIKmLPNWkagg,Telaga Remis Pasawahan Kuningan,Kuningan,Wisata,5,Jangan lupa mampir ikan bakar gurame segar langsung tangkap sendiri di kolam,2025-12-24T11:58:46.226Z,META-Indonesia Mirror Enterprise Tangguh Abadi,108435930789168170340,True,0,id,2026-05-04T16:53:27.471292
Ci9DQUlRQUNvZENodHljRjlvT2tnMFVqWm1VbVZmYVhKU05IbDNkamRGVVVWS1lYYxAB,ChIJzbXdUtshby4RIKmLPNWkagg,Telaga Remis Pasawahan Kuningan,Kuningan,Wisata,5,Apotek terlengkap dan ramah juga murah..,2025-11-20T12:57:09.529Z,Akang Saefudin,114311058786558823673,False,0,id,2026-05-04T16:53:27.471308
Ci9DQUlRQUNvZENodHljRjlvT2psZlZWOVhPVGRWVDFnMmRYVmhYM0ZLY1hvd05XYxAB,ChIJzbXdUtshby4RIKmLPNWkagg,Telaga Remis Pasawahan Kuningan,Kuningan,Wisata,2,"Zonk bgt dtg k situ🙏🏻jln rusak , sepi, tdk terawat , tiket juga mahal 20k untuk sekedar lihat danau",2025-11-01T16:08:41.077Z,Neng Daniah,118147370508425072098,False,0,id,2026-05-04T16:53:27.471338
Ci9DQUlRQUNvZENodHljRjlvT2kxQ056bDJlVGg2Vmt3NE0ycHJjR1J5WkhkNVJrRRAB,ChIJzbXdUtshby4RIKmLPNWkagg,Telaga Remis Pasawahan Kuningan,Kuningan,Wisata,3,"Tiket masuk 20.000/orang.

Sampai disini tidak ada wahana, kurang terawat, jarang yang datang.

semoga wahana bisa lbh banyak, bersih dan dirawat lagi ya.",2025-09-06T23:38:32.000Z,Smile zzz,118103897917592529611,True,0,id,2026-05-04T16:53:27.471398
Ci9DQUlRQUNvZENodHljRjlvT2tOdFpYazJlWGRPYVhwR1QwMHRVMDB4ZUV4MFdWRRAB,ChIJzbXdUtshby4RIKmLPNWkagg,Telaga Remis Pasawahan Kuningan,Kuningan,Wisata,4,Pas untuk melepas penat,2025-07-18T10:03:15.413Z,Cep Nur,111550471887372397235,True,0,ms,2026-05-04T16:53:27.471469
Ci9DQUlRQUNvZENodHljRjlvT2w5dmRWSjVSRk5KUTJKclVWQnpVa3B6Y25wNlltYxAB,ChIJzbXdUtshby4RIKmLPNWkagg,Telaga Remis Pasawahan Kuningan,Kuningan,Wisata,3,"Telaga nya nuansa alam sangat sejuk, tp jalanya rusak. Pemerintah & warga harus promosi supaya telaga remis bs ramai. Banyak warung2 yg tu2p. Dan wahana airnya kurang terawat",2025-07-16T16:02:09.373Z,arsyad briyant,108637238808418879863,True,0,id,2026-05-04T16:53:27.471481
Ci9DQUlRQUNvZENodHljRjlvT2pWeFVqVkNkM1kxWVZCMlluZHNUMkZuZEV3eVRIYxAB,ChIJzbXdUtshby4RIKmLPNWkagg,Telaga Remis Pasawahan Kuningan,Kuningan,Wisata,1,"Apalah tempatnya jelek
Orang mancing nggak dikasih padahal banyak yg mancing (mancing di kolam yg aslinya di perbolehkan)& orangnya jutek nggak ramah. Pokoknya jangan ada yg datang ke telaga remis.
Jelek
Bau
Orangnya jutek",2025-07-07T11:07:00.630Z,Syibil Abdurrahman,113872204963333194268,False,0,id,2026-05-04T16:53:27.471503
Ci9DQUlRQUNvZENodHljRjlvT2pOSE56bEZUbUkxVDJoYVJHd3labmxWYzFacFFsRRAB,ChIJzbXdUtshby4RIKmLPNWkagg,Telaga Remis Pasawahan Kuningan,Kuningan,Wisata,3,"Telaga remis wisata yg sudah lama ada, tapi kondisinya skrng berbeda, sepi dan penjual tgl sdikit, danau sudah tidak terawat hanya beberapa spot saja yg bersih, justru banyak yg mancing. Sedih juga liat pedagang yg tetap bertahan, harusnya ada program pemda untuk mempertahankan wisata",2025-07-01T12:21:29.467Z,robbi jannit,108223408311079610972,True,0,id,2026-05-04T16:53:27.471519
Ci9DQUlRQUNvZENodHljRjlvT25aTVlsbzJZbHByZUVoZlZWcFlabmhvVEZKUFdHYxAB,ChIJzbXdUtshby4RIKmLPNWkagg,Telaga Remis Pasawahan Kuningan,Kuningan,Wisata,5,"Tempat liburan yg nyaman buat keluarga, saran az sepertinya perlu perbaikan di danau dan penambahan view untuk berfoto",2025-07-01T00:27:20.630Z,Ugih Sugiarto,106562836276972983956,True,1,id,2026-05-04T16:53:27.471534
Ci9DQUlRQUNvZENodHljRjlvT2t4M1RrdG5SSEkwVUZwUVIwb3lhMGgzUlhoblYyYxAB,ChIJzbXdUtshby4RIKmLPNWkagg,Telaga Remis Pasawahan Kuningan,Kuningan,Wisata,5,Indah sekali enk buat healing,2025-06-19T03:21:56.101Z,Sam How,108314098085456775131,True,0,id,2026-05-04T16:53:27.471545
Ci9DQUlRQUNvZENodHljRjlvT2xkNVNYUlViVzV5VkdJd1VWSlRRa1I0ZWtsYVVsRRAB,ChIJybxw5FkZby4RMeu9I5AIsuE,Desa Wisata Cibuntu,Kuningan,Wisata,4,Asri dan enakeun buat healing,2025-12-30T04:47:33.540Z,HENDY Suhendi,103971915338755424809,False,0,su,2026-05-04T16:53:27.471587
Ci9DQUlRQUNvZENodHljRjlvT21KdVJXcE5hazFhYm10b2QwWTRNbFp1WW5ka1prRRAB,ChIJybxw5FkZby4RMeu9I5AIsuE,Desa Wisata Cibuntu,Kuningan,Wisata,5,"Dalamnya luas, ada terapi ikan, padang rumput hijau, atv dll. Bisa untuk makan bersama keluarga atau teman juga tinggal bawa tikar atau mengadakan acara juga bisa, tiket tergolong murah untuk tempat bagus seperti ini",2025-12-28T02:26:16.596Z,Fajar Nurmansyah,107857514251901935300,True,0,id,2026-05-04T16:53:27.471716
Ci9DQUlRQUNvZENodHljRjlvT21SeVNFMURRVk52Y1RCRWJubDNhRWhaVm01elZXYxAB,ChIJybxw5FkZby4RMeu9I5AIsuE,Desa Wisata Cibuntu,Kuningan,Wisata,5,Keseruan kamii.... 🔥,2025-12-26T01:48:39.108Z,Ankkidz Erlang Girilaya,113634822377007321179,False,0,id,2026-05-04T16:53:27.471752
Ci9DQUlRQUNvZENodHljRjlvT2tKUWNIRlZhRWRyWVhOWU9HSnVOblZaTWtnMmVVRRAB,ChIJybxw5FkZby4RMeu9I5AIsuE,Desa Wisata Cibuntu,Kuningan,Wisata,5,Tempatnya bagus adem sejuk ada air terjunnya worth it sih dengan harga murah kalian bisa sepuasnya,2025-12-22T13:29:59.358Z,Danny Wahyu,101365276862107239121,False,0,id,2026-05-04T16:53:27.471765
Ci9DQUlRQUNvZENodHljRjlvT2tOVlJuUnVjbkZaVmpWS2FtNVRNV1IwVFZWR1oxRRAB,ChIJybxw5FkZby4RMeu9I5AIsuE,Desa Wisata Cibuntu,Kuningan,Wisata,5,"Happy to be here.. fresh air..
Tempatnya beraih, kamar mandinya jg bersih. Parkir luas, tempatnya nyaman..alami..",2025-12-22T05:54:14.770Z,agustina fitriyani,102719486022955532273,True,1,id,2026-05-04T16:53:27.471776
Ci9DQUlRQUNvZENodHljRjlvT21ZeFFsUnZhVmRHYTFsNE0yUXRTRmRKWTB4RmNuYxAB,ChIJybxw5FkZby4RMeu9I5AIsuE,Desa Wisata Cibuntu,Kuningan,Wisata,5,untuk acara outdoor nyaman pastinya,2025-12-19T01:42:51.465Z,Devi Anggraini,110585435320158233355,True,0,id,2026-05-04T16:53:27.471796
Ci9DQUlRQUNvZENodHljRjlvT21sS2Eyb3pTa1JQUjNsSk0ycE5hVUZTUjJGZlgzYxAB,ChIJybxw5FkZby4RMeu9I5AIsuE,Desa Wisata Cibuntu,Kuningan,Wisata,5,"Tempatnya luas, asri, sejuk dan cocok untuk keluarga",2025-12-10T22:58:23.907Z,Tams Dhee,116220267760943951680,True,0,id,2026-05-04T16:53:27.471806
ChZDSUhNMG9nS0VJQ0FnTUNJM3ZpQk5nEAE,ChIJzbXdUtshby4RIKmLPNWkagg,Telaga Remis Pasawahan Kuningan,Kuningan,Wisata,1,"Tempat kurang bersih,tidak terawat fasilitas kurang,hrga tiket mahal serba bayar..jalan rusak menuju lokasi",2025-04-02T07:11:10.338Z,Amar Pribady,111198133617037022696,False,0,id,2026-05-04T16:53:27.471845
ChdDSUhNMG9nS0VJQ0FnTUNReDhUc2xnRRAB,ChIJzbXdUtshby4RIKmLPNWkagg,Telaga Remis Pasawahan Kuningan,Kuningan,Wisata,3,"Tiket terjangkau, tempat asri.. Kasian tempat sebagus ini sepi..",2025-03-07T14:03:31.686Z,Irfan Irawan,105364938432084281140,True,0,id,2026-05-04T16:53:27.471854
ChdDSUhNMG9nS0VJQ0FnTUNncXVYbHlnRRAB,ChIJzbXdUtshby4RIKmLPNWkagg,Telaga Remis Pasawahan Kuningan,Kuningan,Wisata,3,"lumayan untuk menenangkan pikiran.
bisa untuk dipancing juga ...",2025-02-16T02:30:27.517Z,Irkanda KT,114566125040036043357,True,0,id,2026-05-04T16:53:27.471864
ChZDSUhNMG9nS0VJQ0FnTUNBMkpDME1nEAE,ChIJzbXdUtshby4RIKmLPNWkagg,Telaga Remis Pasawahan Kuningan,Kuningan,Wisata,5,Telaga ini dekat dengan telaga Cicerem yang ruame poll. Sementara disini kami bisa menikmati telaga dengan tenang. Hanya memang ikannya belum gede². Tapi tempatnya cukup asik buat piknik.,2025-01-29T10:45:52.524Z,Vera Astagini,101839928528697666575,True,0,id,2026-05-04T16:53:27.471896
ChdDSUhNMG9nS0VJQ0FnSURfdV96aDFBRRAB,ChIJzbXdUtshby4RIKmLPNWkagg,Telaga Remis Pasawahan Kuningan,Kuningan,Wisata,5,Tempatnya sejuk dan warga sekitar baik 👍,2025-01-27T11:47:59.902Z,Johan Efendi,109623899682464143665,True,0,id,2026-05-04T16:53:27.471907
ChZDSUhNMG9nS0VJQ0FnSURQaWVUd2J3EAE,ChIJzbXdUtshby4RIKmLPNWkagg,Telaga Remis Pasawahan Kuningan,Kuningan,Wisata,2,"Perlu perhatian dari pemerintah daerah kabupaten Kuningan untuk kebersihan & perawatan tempat wisata ini
Sayang aset wisata yg jd tempat terbengkalai & kumuh",2024-12-03T12:38:55.454Z,Benny Wijaya Susilo,106376375019585560585,False,0,id,2026-05-04T16:53:27.471950
ChZDSUhNMG9nS0VJQ0FnSUQzeVlTSVJnEAE,ChIJzbXdUtshby4RIKmLPNWkagg,Telaga Remis Pasawahan Kuningan,Kuningan,Wisata,1,"Kurang terawat, sepi pengunjung, kotor sekali tempatnya",2024-11-16T07:34:27.734Z,rizki ramadhan,109222959333887597390,False,0,id,2026-05-04T16:53:27.471961
ChZDSUhNMG9nS0VJQ0FnSUQzc2FTLVFREAE,ChIJzbXdUtshby4RIKmLPNWkagg,Telaga Remis Pasawahan Kuningan,Kuningan,Wisata,4,Tempatnya bagus cuma aksesnya cukup jauh dan kurang bagus,2024-11-16T02:05:42.259Z,Saeful Bahri,106020202457015257116,False,0,id,2026-05-04T16:53:27.471981
ChZDSUhNMG9nS0VJQ0FnSUMzdExiTkVBEAE,ChIJzbXdUtshby4RIKmLPNWkagg,Telaga Remis Pasawahan Kuningan,Kuningan,Wisata,3,"Untuk saat ini telaga remis sudah tidak terawat, banyak fasilitas yg rusak. Air danau yang kurang perawatan, warung banyak yg tutup, serta tidak ada lg wahana lain yg bisa di pakai, harga tiket yg mahal untuk sekedar melihat danau..",2024-11-03T07:52:06.127Z,Miftahuddin Al Aziz,102157157042526770267,True,1,id,2026-05-04T16:53:27.471991
ChdDSUhNMG9nS0VJQ0FnSURuNWRmWGxRRRAB,ChIJzbXdUtshby4RIKmLPNWkagg,Telaga Remis Pasawahan Kuningan,Kuningan,Wisata,5,"Buaguussss puuoll airnya bening bngt, enak nyantai disini sambil piknik, soalny suasananya adem tentram klo kalian datengny weekday",2024-10-08T03:38:11.660Z,Putri Salma,116700206684211350158,False,0,id,2026-05-04T16:53:27.472000
ChZDSUhNMG9nS0VJQ0FnSURuNWVmRlFBEAE,ChIJzbXdUtshby4RIKmLPNWkagg,Telaga Remis Pasawahan Kuningan,Kuningan,Wisata,5,"Tempat yang klasik tp bikin nagih, kita bisa naik perahu sambil muterin talaga juga makan serabi di pinggir telaga.
pokoknya bikin hati adem deh kalau lagi galau",2024-10-08T03:35:10.618Z,Dwiky Oktaviano,117142907737850125861,True,0,id,2026-05-04T16:53:27.472009
ChdDSUhNMG9nS0VJQ0FnSURuMmEtZTNnRRAB,ChIJzbXdUtshby4RIKmLPNWkagg,Telaga Remis Pasawahan Kuningan,Kuningan,Wisata,5,"Parkir luas, masakan enak,.menu serba ikan komplit. Pelayanan bagus. Mantap",2024-10-07T15:31:46.441Z,DRS. YUNUS,115178021984871650478,True,0,id,2026-05-04T16:53:27.472019
ChdDSUhNMG9nS0VJQ0FnSUNIX1BmR3lRRRAB,ChIJzbXdUtshby4RIKmLPNWkagg,Telaga Remis Pasawahan Kuningan,Kuningan,Wisata,4,Bisa mancing kah disini??,2024-09-02T16:35:47.978Z,Ade Achmad,114394510750361933937,False,0,id,2026-05-04T16:53:27.472043
ChZDSUhNMG9nS0VJQ0FnSUR6by1qNkVREAE,ChIJzbXdUtshby4RIKmLPNWkagg,Telaga Remis Pasawahan Kuningan,Kuningan,Wisata,4,Tempat cocok untuk menenangkan diri,2024-06-12T01:17:10.475Z,Sriyanto,101414212991866931296,True,0,id,2026-05-04T16:53:27.472091
ChZDSUhNMG9nS0VJQ0FnSUNUN1AtYU9BEAE,ChIJzbXdUtshby4RIKmLPNWkagg,Telaga Remis Pasawahan Kuningan,Kuningan,Wisata,5,Adem gak ada polusi dan bersih. Enak banget.,2024-05-12T02:31:43.472Z,Hantu Laut,109993427848748239383,True,0,id,2026-05-04T16:53:27.472100
ChZDSUhNMG9nS0VJQ0FnSUREMzVhd0JBEAE,ChIJzbXdUtshby4RIKmLPNWkagg,Telaga Remis Pasawahan Kuningan,Kuningan,Wisata,4,"Tidak seindah dulu karena barala, pemeliharaannya kurang. Katanya skg dipelihara oleh kehutanan.. padahal dulu sangat indah dan jadi tempat favorite. Sudah kalah dengan wisata lain...
Semoga makin membaik ya talaga remis....",2024-04-16T06:37:47.612Z,NisaNisaNura Nura,100980333591941150264,True,2,id,2026-05-04T16:53:27.472126
ChZDSUhNMG9nS0VJQ0FnSUM5Z2ZiNVd3EAE,ChIJzbXdUtshby4RIKmLPNWkagg,Telaga Remis Pasawahan Kuningan,Kuningan,Wisata,5,"Tempat luar biasa
Plus ziarah maqom pangeran suta jaya",2024-03-06T07:35:30.672Z,YANURWAJA- Majlis Dzikir Kalimatusy Syahadah,108807509348540447567,True,0,id,2026-05-04T16:53:27.472148
Ci9DQUlRQUNvZENodHljRjlvT205eU5FRm9jMUJxVTFSWE9VaHFRMWswVTBaaVJHYxAB,ChIJaXLvKmMWby4ROR4tKU6d2_E,Situs Museum Taman Purbakala Cipari,Kuningan,Wisata,5,Tempat terawat dan bersih,2026-05-04T13:19:12.399Z,Mulyana Saja,112504896178233992610,True,0,id,2026-05-04T16:53:27.472157
Ci9DQUlRQUNvZENodHljRjlvT210eFYyMWlTelJWWldGSmFsRXdSVXRYT0ZKQ1dIYxAB,ChIJaXLvKmMWby4ROR4tKU6d2_E,Situs Museum Taman Purbakala Cipari,Kuningan,Wisata,5,Untuk edukasi anak anak...,2026-03-31T05:01:09.947Z,Arubaito,117006078218087213035,True,0,id,2026-05-04T16:53:27.472218
Ci9DQUlRQUNvZENodHljRjlvT2psYWVFOU9UbDlFTTJWWU1sOXBWRTlXWkY4MmRHYxAB,ChIJaXLvKmMWby4ROR4tKU6d2_E,Situs Museum Taman Purbakala Cipari,Kuningan,Wisata,5,"Penting, harus dikunjungi kalau ke kota Kuningan. Mudah dijangkau.",2026-03-02T09:48:54.515Z,Hadi Arnowo,118133469438988445029,True,0,id,2026-05-04T16:53:27.472237
Ci9DQUlRQUNvZENodHljRjlvT210M09YWlNORGxHVWxCeVQxOUdNbko0Y2tNelVYYxAB,ChIJaXLvKmMWby4ROR4tKU6d2_E,Situs Museum Taman Purbakala Cipari,Kuningan,Wisata,5,Ini tempat meseum bisa untuk umum tidak?,2026-01-31T23:30:37.242Z,Ntahlah,118226717668858490595,False,0,id,2026-05-04T16:53:27.472246
Ci9DQUlRQUNvZENodHljRjlvT21JNU5uaEtia1V5TUVNMmN6VmlRbGRQV2pCc1IwRRAB,ChIJaXLvKmMWby4ROR4tKU6d2_E,Situs Museum Taman Purbakala Cipari,Kuningan,Wisata,5,Tempatnya agak nyelip tapi penjelasan dr tour guide nya sangat informatif banget,2026-01-06T12:38:39.542Z,muhammad amir faisal,114560369826923397072,True,0,id,2026-05-04T16:53:27.472286
Ci9DQUlRQUNvZENodHljRjlvT25OclZtbFBURUYwU25oWk1XWmpTMlZMU25oNVIxRRAB,ChIJaXLvKmMWby4ROR4tKU6d2_E,Situs Museum Taman Purbakala Cipari,Kuningan,Wisata,5,Bagus unk belajar keourbakalaan,2026-01-04T20:15:40.490Z,nina agustiana (Nina),101285040967361379079,True,0,id,2026-05-04T16:53:27.472315
Ci9DQUlRQUNvZENodHljRjlvT2pVMFEzQnZPVU5wWTBGT1JHSmxOelpYTkdSelIxRRAB,ChIJaXLvKmMWby4ROR4tKU6d2_E,Situs Museum Taman Purbakala Cipari,Kuningan,Wisata,5,Cocok buat yang mau recharge energy...,2026-01-04T03:24:44.658Z,Danazva Danazva,115087308865535503436,True,1,id,2026-05-04T16:53:27.472325
Ci9DQUlRQUNvZENodHljRjlvT2w4MVQzcHdWM0ZNY3paWU4zbG9aRFozVDFVdGVWRRAB,ChIJaXLvKmMWby4ROR4tKU6d2_E,Situs Museum Taman Purbakala Cipari,Kuningan,Wisata,5,"Waktu saya datang, masuknya gratis. Tempatnya bersih dan terawat. Akses jalan menuju tempat ini ada bagian yang melewati jalan satu mobil.",2025-11-08T06:27:49.088Z,Aditha Gloria,101457963224727158443,True,0,id,2026-05-04T16:53:27.472345
Ci9DQUlRQUNvZENodHljRjlvT2toVlFVTkllRFI0YjJwbGJHbDFRbGhDU0hOVVJXYxAB,ChIJv7Wb2L8Xby4RUf92zFsV6hU,Kopi Botanika,Kuningan,Wisata,5,Makanan sih so so aja rasanya.. tp view oke bgt..,2026-05-04T13:52:59.696Z,Ambrita Gita Dewa,116190281077607850215,True,0,id,2026-05-04T16:53:27.472364
Ci9DQUlRQUNvZENodHljRjlvT21KS01rNW5lR0pqVDBwRmFHbG5VMHAwYzJOSVpsRRAB,ChIJv7Wb2L8Xby4RUf92zFsV6hU,Kopi Botanika,Kuningan,Wisata,2,"Kak tolong dong rute di maps nya di rubah ke jalan gede lewat arunika aja, saya di arahin lewat jalan kecil bikin kapok ga bisa papasan mobil 😭 roda mobil sampe slip pas lg nanjak papasan, untung di bantu petani ga kebayang klo kesana nya malem mau minta tolong siapa 😢",2026-05-04T13:28:19.667Z,diny khaerunnisa,109017830788522468420,False,0,id,2026-05-04T16:53:27.472377
Ci9DQUlRQUNvZENodHljRjlvT2swdGNHcEJOWGhKYlZGa1FUZGZNV2hQY2xkVVlVRRAB,ChIJv7Wb2L8Xby4RUf92zFsV6hU,Kopi Botanika,Kuningan,Wisata,2,"The location offers a truly splendid view, yet the experience is somewhat marred by poor maintenance. Several spots remain untidied, with litter scattered about and the toilets in a rather distressing state.

Furthermore, the ordering system is quite fragmented as food and beverages must be handled separately. While the establishment officially opens at 10:00, rice-based dishes are remarkably unavailable until 11:00. One might suspect the staff commence their shifts at precisely 09:59, leaving them with no time to prepare the kitchen beforehand. A bit of a shame, as the setting has such great potential.",2026-05-03T15:59:28.797Z,Khairul Suhendar,103244678860635862385,True,0,en,2026-05-04T16:53:27.472395
Ci9DQUlRQUNvZENodHljRjlvT2xGeGNVdDRTMmxUTldFd1F6UmFYMFpUUVhGc1puYxAB,ChIJv7Wb2L8Xby4RUf92zFsV6hU,Kopi Botanika,Kuningan,Wisata,5,"Kopi uenak dan mantappp,, harga masih terjangkau dan suasana adem",2026-05-03T03:29:23.903Z,AKBAR AIDUL POETRA,116283348758505239653,True,0,id,2026-05-04T16:53:27.472413
Ci9DQUlRQUNvZENodHljRjlvT21SQ1VVeGFTbkUzYzJSSFJIaEJWVWx6TkVOcGFVRRAB,ChIJv7Wb2L8Xby4RUf92zFsV6hU,Kopi Botanika,Kuningan,Wisata,5,"Nyaman, penandangan Luas. Kopi Romanomya pas.",2026-05-02T12:44:03.914Z,Afian Channel,112356678005620198790,True,0,id,2026-05-04T16:53:27.472431
Ci9DQUlRQUNvZENodHljRjlvT21Gd2VrSjRXRXRGWVU1dVp6VnFNWEpMUVZOMFIyYxAB,ChIJv7Wb2L8Xby4RUf92zFsV6hU,Kopi Botanika,Kuningan,Wisata,5,"PERHATIAN
YANG MAU KELOKASI INI HINDARI >>>>JL.CILEULEUY<<<< YA, JALANN EKSTRIM KECIL KIRI JURANG, BERESIKO,,   LOKASI NYA PEMANDANGAN BAGUS NYAMAN ENAK BUAT DOKUMENTASI",2026-05-02T03:53:17.052Z,Danu Indra,114860195410715727645,True,0,id,2026-05-04T16:53:27.472447
Ci9DQUlRQUNvZENodHljRjlvT210U1JsSjVSVWRzYmxsYVNIbEhhMXA1ZWtWV2MzYxAB,ChIJv7Wb2L8Xby4RUf92zFsV6hU,Kopi Botanika,Kuningan,Wisata,4,KM/ toiletnya dan musholanya kurang bersih,2026-04-27T12:23:36.699Z,imas Badriyah,118384988393835167723,True,0,id,2026-05-04T16:53:27.472476
Ci9DQUlRQUNvZENodHljRjlvT21NNGVqWjFTSEU0V1ZZNE55MTFMV3BGYUdwM1MwRRAB,ChIJv7Wb2L8Xby4RUf92zFsV6hU,Kopi Botanika,Kuningan,Wisata,5,"Enak buat healing bareng keluarga
Cuma emang antri makan sama minuman di konter yg beda, jadi siap siap aja antri dua kli",2026-04-25T00:16:52.165Z,andy afif (Andy El Afif),100939801300757549278,True,0,id,2026-05-04T16:53:27.472503
Ci9DQUlRQUNvZENodHljRjlvT2s5YU56WjZkWFU1YTFGak9VWkdUVUpwVFdSd01uYxAB,ChIJv7Wb2L8Xby4RUf92zFsV6hU,Kopi Botanika,Kuningan,Wisata,5,Kpi botanika mantap pokok nya jadi pengen ke sini lagi,2026-04-24T23:49:33.092Z,Dimas Lingga,108901424562764191575,False,0,id,2026-05-04T16:53:27.472518
Ci9DQUlRQUNvZENodHljRjlvT21oSFJHRlBTRVpJYzNRd1ZUTnVOekJFVFhZMVUzYxAB,ChIJaXLvKmMWby4ROR4tKU6d2_E,Situs Museum Taman Purbakala Cipari,Kuningan,Wisata,5,Museum rapi dan tertata. Petugas yang memberikan penjelasan sangat beemanfaat dan santun.,2025-10-25T06:45:47.736Z,sarifitr sari,114069187124952139163,True,0,id,2026-05-04T16:53:27.472561
ChdDSUhNMG9nS0VLMzQ5OE9OaFotOWxRRRAB,ChIJaXLvKmMWby4ROR4tKU6d2_E,Situs Museum Taman Purbakala Cipari,Kuningan,Wisata,5,"Mengetahui keberadaan situs ini dari Buku Sejarah Kuningan karya Alm. Prof Edi S. Ekadjati.

Saat long weekend Waisak 2025, saya memutuskan mengunjungi situs ini. Sangat terkesan dengan situs ini, karena jika situs lain biasanya adalah tempat pemujaan di masa lampau, maka situs ini, berdasarkan hasil penelitian merupakan tempat bermukim di masa lampau.

Situs ini, dan Kuningan secara umum membekas menjadi memoar sangat baik di hati saya.",2025-05-26T02:57:58.523Z,Rudi Wijaya,118187835734535692864,True,1,id,2026-05-04T16:53:27.472607
ChZDSUhNMG9nS0VJQ0FnTUNJNlpTNExREAE,ChIJaXLvKmMWby4ROR4tKU6d2_E,Situs Museum Taman Purbakala Cipari,Kuningan,Wisata,5,"Went here on Eid 2025, not crowded. We only paid 2,000IDR for the entrance. The place was so beautiful, the view was amazing. Got to learn about the neolithic & paleolithic era. Pak Rohim was the one who explain every sites to us, the explanation was really easy to understand. Thank you, Pak. I’d recommend this site as one of your destinations if you go here, especially when you love history!🤩",2025-04-03T05:48:19.906Z,audrey,118337122916593602563,False,8,en,2026-05-04T16:53:27.472628
ChdDSUhNMG9nS0VJQ0FnTUNJZ2NqN3BnRRAB,ChIJaXLvKmMWby4ROR4tKU6d2_E,Situs Museum Taman Purbakala Cipari,Kuningan,Wisata,5,"Seolah membawa ke masa lalu, zaman Neolitikum",2025-04-02T12:14:34.812Z,Ali.M,106901782987373157582,True,0,id,2026-05-04T16:53:27.472638
ChdDSUhNMG9nS0VJQ0FnTURBeXYtbDVBRRAB,ChIJaXLvKmMWby4ROR4tKU6d2_E,Situs Museum Taman Purbakala Cipari,Kuningan,Wisata,5,Berguna sekali untuk edukasi sejarah.,2025-02-08T05:03:38.522Z,Susila Ingarasa,103771154485708462648,True,0,id,2026-05-04T16:53:27.472648
ChZDSUhNMG9nS0VJQ0FnSUNfMjhqZ1ZBEAE,ChIJaXLvKmMWby4ROR4tKU6d2_E,Situs Museum Taman Purbakala Cipari,Kuningan,Wisata,5,"bagus, bersejarah",2025-01-19T06:35:59.303Z,Rifki Fadillah,108107149060568058789,True,0,id,2026-05-04T16:53:27.472657
ChZDSUhNMG9nS0VJQ0FnSUNfbV9qMk9BEAE,ChIJaXLvKmMWby4ROR4tKU6d2_E,Situs Museum Taman Purbakala Cipari,Kuningan,Wisata,4,"Situs Purbakala Cipari adalah lokasi arkeologis yang terletak di Desa Cigugur, Kuningan, Jawa Barat. Tempat ini merupakan salah satu situs peninggalan zaman Megalitik di Indonesia.

Di sini, kita bisa merasakan perjalanan ke masa lalu dengan melihat berbagai artefak kuno seperti batu menhir, dolmen, dan sarkofagus. Semua ini memberi gambaran tentang kehidupan masyarakat pada masa itu.

Yang menarik, Situs Cipari juga menyajikan pemandangan alam yang asri dan segar. Jadi, bukan hanya pelajaran sejarah yang didapat, tetapi juga suasana tenang dan menyegarkan.",2025-01-19T05:02:54.914Z,Teguh D. Sudradjat,111690086447247001030,True,0,id,2026-05-04T16:53:27.472666
ChdDSUhNMG9nS0VJQ0FnSUNQbHFlY3lnRRAB,ChIJaXLvKmMWby4ROR4tKU6d2_E,Situs Museum Taman Purbakala Cipari,Kuningan,Wisata,5,Setitik informasi lagi didapatkan dari bukti  eksistensi bangsa ini sejak dahulu ...,2024-11-24T03:23:38.944Z,Sambas Subagdja,107708515023326218790,True,0,id,2026-05-04T16:53:27.472690
ChZDSUhNMG9nS0VJQ0FnSUNQek1PcmRBEAE,ChIJaXLvKmMWby4ROR4tKU6d2_E,Situs Museum Taman Purbakala Cipari,Kuningan,Wisata,5,3000 tahun lalu sudah ada peradaban manusia diatas sini. Sudah sezaman dengan zaman para nabi bani Israil.,2024-11-22T04:13:31.725Z,Iqbal Fadilah,111843374546322295950,True,0,id,2026-05-04T16:53:27.472698
ChZDSUhNMG9nS0VJQ0FnSURaN29lM1BBEAE,ChIJv7Wb2L8Xby4RUf92zFsV6hU,Kopi Botanika,Kuningan,Wisata,5,"Penasaran kesini beberapa kali tdk jd, akhirnya bisa kesini nyampe jam 3 udaranya sejuk dan dingin, oksigen berlimpah, makanan dan minuman lumayan harga standar, bersih. Order mnman dan mknan dipisah conternya dan lgs pesan dikasir, mknan dan mnman dibawa sendiri tdk diantar, parkiran cukup luas, spot foto keren²",2026-04-08T14:40:21.768Z,Han Novianto,102398633396265284133,True,3,id,2026-05-04T16:53:27.472749
Ci9DQUlRQUNvZENodHljRjlvT21wNk1sVnRWak5XWTBoT2R6aExlVTE0T1V4SExYYxAB,ChIJv7Wb2L8Xby4RUf92zFsV6hU,Kopi Botanika,Kuningan,Wisata,5,"This place are remarkable. You can chill with ur friend and family.

Good Food's & coffee with the average taste in the peak area with beautiful landscapes

You can also have an attraction such Gocart, ATV, Slider even picking strawberries with price ranger 25~30K per person

Saturday is peak. You may to queue for the table",2026-04-08T09:08:08.097Z,acungin_aja,101026574370989450043,True,0,en,2026-05-04T16:53:27.472767
Ci9DQUlRQUNvZENodHljRjlvT2pkbGJtOWxaR05oU2xCcU1GQkNXVGswTFVob00wRRAB,ChIJv7Wb2L8Xby4RUf92zFsV6hU,Kopi Botanika,Kuningan,Wisata,5,Enk buat ngopi sambil nyantai,2026-04-08T08:46:40.499Z,Peri Irawan,105243877280154350040,True,0,id,2026-05-04T16:53:27.472776
Ci9DQUlRQUNvZENodHljRjlvT21SeWRtMW5ZV2sxUWxRMmVVdFVkVmROU21WWlJrRRAB,ChIJv7Wb2L8Xby4RUf92zFsV6hU,Kopi Botanika,Kuningan,Wisata,1,Sudah tidak buka lagi di lokasi,2026-04-07T12:46:03.701Z,MIFTA HUDIN,116025347620035734512,False,0,id,2026-05-04T16:53:27.472785
Ci9DQUlRQUNvZENodHljRjlvT2tSS1pIWXhTVFZHZDBKWlVqSXpNVnBvWkVGSmNuYxAB,ChIJv7Wb2L8Xby4RUf92zFsV6hU,Kopi Botanika,Kuningan,Wisata,1,"Kecewa.
Nunggu makanan 1jam lebih, pas tanya ke pegawainya bilang 15mnt lg matang, eh pas udah matang pegawainya bilang kalo makanan nya udah habis semua, gak lagi2 deh.
Tolong perbaiki pelayanan nya.",2026-04-07T07:44:26.750Z,Bule maya Inayah,103075654126308002100,False,0,id,2026-05-04T16:53:27.472795
Ci9DQUlRQUNvZENodHljRjlvT2xZek5VZFhYMWhGTWt4UGFXbHRjSG90TlVZNVdGRRAB,ChIJv7Wb2L8Xby4RUf92zFsV6hU,Kopi Botanika,Kuningan,Wisata,4,Nice place to enjoy with family.. play hydro glide,2026-04-05T06:52:39.529Z,dhani putranto,110683986683062968781,True,0,en,2026-05-04T16:53:27.472814
Ci9DQUlRQUNvZENodHljRjlvT2pCSmQxUk1ZbUUyTVZNeFlXMXNWVUoxYTBOR1JtYxAB,ChIJv7Wb2L8Xby4RUf92zFsV6hU,Kopi Botanika,Kuningan,Wisata,4,rekomend nihh buat yang mau main and friend disini ajaaa ada tempat ngopi makann dan bisa main wahana jugaaa seruu dehhhhh😆buat yg mau main gocart dan ATV tiati jan sampe nyungsep 😭 sakit sedikit gpp asal banyak serunya🤣,2026-04-05T02:06:17.425Z,Nur Azkia,112314148460140959439,True,0,id,2026-05-04T16:53:27.472823
Ci9DQUlRQUNvZENodHljRjlvT2pRMmFqbDRkRVF5ZUhKT1pWaEtaMkl4T0UxWVVYYxAB,ChIJv7Wb2L8Xby4RUf92zFsV6hU,Kopi Botanika,Kuningan,Wisata,5,Tempat nongkrong dengan view masyallah...makanan dan minuman enak dg harga terjangkau...,2026-04-04T09:21:24.801Z,NINI STORY,111597407571959924539,True,0,id,2026-05-04T16:53:27.472840
Ci9DQUlRQUNvZENodHljRjlvT2w5alFXaEVSMmQ2WVd4ek56Tm1VMDlUUlc4MlNuYxAB,ChIJv7Wb2L8Xby4RUf92zFsV6hU,Kopi Botanika,Kuningan,Wisata,5,"Minumannya enak-enak tapi suasananya agak kureng, masa deket toilet ada bangku buat duduk juga",2026-04-03T01:56:28.247Z,Ria Nisawati,113754168311115947931,True,0,id,2026-05-04T16:53:27.472872
Ci9DQUlRQUNvZENodHljRjlvT25wNldrNUpSbk10T1c1RU5FUkZlRE5NYjBGdGVWRRAB,ChIJv7Wb2L8Xby4RUf92zFsV6hU,Kopi Botanika,Kuningan,Wisata,5,Tempat nya bagus dengan view pegunungan,2026-03-31T07:22:52.725Z,Dian Samawati,111297048608758078483,False,0,id,2026-05-04T16:53:27.472905
ChZDSUhNMG9nS0VJQ0FnSURMN1p6bVBBEAE,ChIJaXLvKmMWby4ROR4tKU6d2_E,Situs Museum Taman Purbakala Cipari,Kuningan,Wisata,4,Sangat bagus tempat ya,2024-06-29T16:49:28.307Z,Yohanes Nana,118144646876432995145,False,0,id,2026-05-04T16:53:27.472961
ChdDSUhNMG9nS0VJQ0FnSUNMc3VTdjdnRRAB,ChIJaXLvKmMWby4ROR4tKU6d2_E,Situs Museum Taman Purbakala Cipari,Kuningan,Wisata,5,"Wisata sejarah yang apik untuk didatangi. Bagi pengunjung yang berwisata di daerah kuningan jangan lupa singgah di museum purbakala ini, ada pengetahuan zaman neolitilum. Tidak ada tiket masuk parkirpun tidak ada free. Hanya museum saja itu pun murah sekali hanya 2 ribu rupiah",2024-06-17T13:30:45.106Z,Susan Hamsar,111568898956840534136,True,1,id,2026-05-04T16:53:27.472981
ChdDSUhNMG9nS0VJQ0FnSURUcGUtbnlnRRAB,ChIJaXLvKmMWby4ROR4tKU6d2_E,Situs Museum Taman Purbakala Cipari,Kuningan,Wisata,4,"Tempatnya sepi banget, saat masuk tidak ada pembelian tiket dan tidak terlihat pengelola, sepertinya memang bebas masuk saja, jadi cuma berswafoto aja di halaman museum...",2024-05-26T08:22:14.469Z,Sartoni,102108447538151112198,True,0,id,2026-05-04T16:53:27.472999
ChdDSUhNMG9nS0VJQ0FnSURqc1p6aF9BRRAB,ChIJaXLvKmMWby4ROR4tKU6d2_E,Situs Museum Taman Purbakala Cipari,Kuningan,Wisata,3,Pas nyampe tutup ternyata cuma sampai jam 3 aja,2024-05-04T12:07:40.359Z,LR T,115854345130587227566,True,0,id,2026-05-04T16:53:27.473009
Ci9DQUlRQUNvZENodHljRjlvT2tkVlVGTnlkalJyVkdWV01FczNaM2RuY1RGV01tYxAB,ChIJc1xwod4Zby4R5Z7tCit42Nk,Sangkan Aqua Park,Kuningan,Wisata,5,"Bagus penjaganya ramah dan win win solution jika ada problem
Terimakasih semoga bisa kembali lain waktu",2026-05-03T17:48:48.049Z,D'ms Racing Apparel,114281637535595545172,True,0,id,2026-05-04T16:53:27.473051
Ci9DQUlRQUNvZENodHljRjlvT25WbmFtdG9OVGR3VTFkSVVrcFJiemd5WmpaS2RYYxAB,ChIJc1xwod4Zby4R5Z7tCit42Nk,Sangkan Aqua Park,Kuningan,Wisata,5,"Tempat berenangny nyaman.team lobby nya ramah
TAPI TOLONG PENJUAL MAKANAN DI DALEM RAMAH2 DONK JANGAN JUTEX COWOK2 JUGA G ENAK BANGET LAYANIN PEMBELI,, KAYA NGESELIN BANGET YANG STAND TENGAH2,,kayany LBH asik bawa bekel drpd beli penjual nya kaya gtu,",2026-05-01T06:05:17.471Z,Linda Tarmawati,117622020946920401620,True,0,id,2026-05-04T16:53:27.473064
Ci9DQUlRQUNvZENodHljRjlvT2tONk4wVlBlRGRNYUdsVGN6WjRjMkU0YXkxTFQxRRAB,ChIJc1xwod4Zby4R5Z7tCit42Nk,Sangkan Aqua Park,Kuningan,Wisata,5,"Di kuningan, tapi anehnya air ga terlalu dingin.. Jd nyaman untuk anak2",2026-04-18T21:44:49.799Z,Rika Maryam,104811449383349833209,True,0,id,2026-05-04T16:53:27.473083
Ci9DQUlRQUNvZENodHljRjlvT2xaWk56STVNREJ3Ykdaek5HNDVha3hwVHpRelNuYxAB,ChIJc1xwod4Zby4R5Z7tCit42Nk,Sangkan Aqua Park,Kuningan,Wisata,2,Sangat disayangkan banyak ga zebo yg kosong krn harga sewa nya minimal 3 jam harga 150rb knp ga dibuat per jam 1 pasti gazebo penuh,2026-04-12T04:19:33.704Z,Devy Hermawanti,106428223605144445607,False,0,id,2026-05-04T16:53:27.473132
Ci9DQUlRQUNvZENodHljRjlvT2xsa01Ea3djMjlFYUVSSmIwMUdORTFZWDJvNGRHYxAB,ChIJc1xwod4Zby4R5Z7tCit42Nk,Sangkan Aqua Park,Kuningan,Wisata,5,Kolam renang dan water bom modern..rekomended..keluarga,2026-04-11T07:48:48.151Z,Andreas Sridianto,109036669800303113834,True,0,id,2026-05-04T16:53:27.473142
Ci9DQUlRQUNvZENodHljRjlvT21oWGJ6QlVNVk4yWmw5b1prSk5iWGQ1V0dsWVdIYxAB,ChIJc1xwod4Zby4R5Z7tCit42Nk,Sangkan Aqua Park,Kuningan,Wisata,5,Tempatnya bagus bersih dam nyaman,2026-04-06T19:11:56.329Z,Kesha keano,110363006668525303816,False,0,id,2026-05-04T16:53:27.473192
Ci9DQUlRQUNvZENodHljRjlvT21NNE5WbE9kVlkzTW1abE1HdFVlVlpJVEVwdE1sRRAB,ChIJc1xwod4Zby4R5Z7tCit42Nk,Sangkan Aqua Park,Kuningan,Wisata,5,"Bagus tempatnya, luas banget. Penjaga helpfull semua. Kolam jernih ga bau, banyak jenis kolam dan permainan. Tapi tolong akses jalan ke tangga dan tangga menuju perosotan di benerin, kotor dan banyak batu batu terus lumayan licin. Overall baguss, next kesini lagii",2026-04-03T09:21:02.316Z,Anisa Roehatul Jannah,115558462532851331221,False,0,id,2026-05-04T16:53:27.473234
Ci9DQUlRQUNvZENodHljRjlvT2xSRmRYbzJaRTVoV2xCdlRscHBiemw2Y2toTFQxRRAB,ChIJc1xwod4Zby4R5Z7tCit42Nk,Sangkan Aqua Park,Kuningan,Wisata,1,"Tidak rekomendasi untuk harga tiket, sekelas gazebo/saung aja sewa 🤣. Tiket parkir per 15 menit , minimal makanan boleh dibawa masuk wkwkw...",2026-04-03T06:06:16.153Z,Farhah Affauziyyah,103561368338469913938,False,0,id,2026-05-04T16:53:27.473243
Ci9DQUlRQUNvZENodHljRjlvT2xNd2FsZE5SekU0Y25aaU9VWkhXbVpVVmpoaWFrRRAB,ChIJc1xwod4Zby4R5Z7tCit42Nk,Sangkan Aqua Park,Kuningan,Wisata,5,masuk pas H+2 lebaran rame bgt di lobby tapi pas masuk kedalam ok bgt luas kurangnya cuman di mushola nya aja terlihat terbengkalai tapi bersih mungkin butuh di cat kali ya,2026-03-31T00:35:26.032Z,Icih Kuraesih,107710476923800886382,False,0,id,2026-05-04T16:53:27.473253
Ci9DQUlRQUNvZENodHljRjlvT2xSak5WOTRlbWhvVnpaM1VtWlJhbXQwWjFRelIyYxAB,ChIJc1xwod4Zby4R5Z7tCit42Nk,Sangkan Aqua Park,Kuningan,Wisata,5,Anak2 sangat senang 🫶🏻,2026-03-29T15:48:42.739Z,Muhammad Azhar Epriyanto,115926809897340408800,False,0,id,2026-05-04T16:53:27.473264
Ci9DQUlRQUNvZENodHljRjlvT2kwek1tVnVka05WZWw5TFoydFJOSEl0V25CalNuYxAB,ChIJQcJzzdo_by4RYCuPZ9wFq7E,Wisata Desa PIPIR CAI Desa Cikupa,Kuningan,Wisata,5,"tempat alami, kolam renang bersih",2026-02-28T08:51:52.493Z,gema inti usaha 99,101173686975461287772,True,0,id,2026-05-04T16:53:27.473274
Ci9DQUlRQUNvZENodHljRjlvT2xWcU1GTk1UbmQxUVd4MlEydzJlVzFEVVdWMmVWRRAB,ChIJQcJzzdo_by4RYCuPZ9wFq7E,Wisata Desa PIPIR CAI Desa Cikupa,Kuningan,Wisata,5,"Familyable bgt tempatnya, bersih sejuk dan view nya langsung waduk darma. HTM nya cuman 5.000,- per orang",2026-01-28T10:32:42.117Z,Nia,114835506061176704164,True,0,id,2026-05-04T16:53:27.473296
Ci9DQUlRQUNvZENodHljRjlvT2tGWVJHWkdURGx6T0U5RVZ6SnpWVVZZU1VNelZHYxAB,ChIJQcJzzdo_by4RYCuPZ9wFq7E,Wisata Desa PIPIR CAI Desa Cikupa,Kuningan,Wisata,5,"hidden gem ini, pemandangannya indah, walaupun kecil tapi nyaman, libur nasional tapi tidak terlalu ramai. semoga kedepannya lebih diperbanyak kolamnya dan turunan menuju tempat parkir diperlebar, karena untuk mobil agak susah.",2025-12-31T11:33:48.036Z,UKhol,102148843053090872349,True,0,id,2026-05-04T16:53:27.473314
Ci9DQUlRQUNvZENodHljRjlvT25wNFJXMWhUMDk0YUhwNVQyZFRhMWxCVkhaU1RGRRAB,ChIJQcJzzdo_by4RYCuPZ9wFq7E,Wisata Desa PIPIR CAI Desa Cikupa,Kuningan,Wisata,5,"Wisata murah, pemandangan indah",2025-12-30T00:24:57.961Z,Muhammad Syahid ghurrota,104189753669605156855,False,0,id,2026-05-04T16:53:27.473324
Ci9DQUlRQUNvZENodHljRjlvT2tWMFJrVlBZVWREUjFkWlNFMW9hWGhrYW1VM2JGRRAB,ChIJQcJzzdo_by4RYCuPZ9wFq7E,Wisata Desa PIPIR CAI Desa Cikupa,Kuningan,Wisata,5,Sebuah perjalanan kegiatan yg luar biasa.... Semoga tetap barokah dan maju disetiap langkah.... 💪🔥🥰🥰,2025-12-17T08:41:42.554Z,N Sutini,109361349197676520066,False,0,id,2026-05-04T16:53:27.473338
Ci9DQUlRQUNvZENodHljRjlvT25wNWMzWTFkMDV3Y1ZRMFJHczFaVTF5WmsweU9FRRAB,ChIJQcJzzdo_by4RYCuPZ9wFq7E,Wisata Desa PIPIR CAI Desa Cikupa,Kuningan,Wisata,5,"Dengan tiket yg murah hanya dengan 5rb sudah bisa renang+ menikmati pemandangan indah di wisata pipircai,,,",2025-12-13T15:53:42.859Z,Iis Aisyah,106563564844094399621,False,0,id,2026-05-04T16:53:27.473350
Ci9DQUlRQUNvZENodHljRjlvT2w4MVRqVjZjVXhOU0RaNFZraFFiVGRYT1ZFMVkxRRAB,ChIJQcJzzdo_by4RYCuPZ9wFq7E,Wisata Desa PIPIR CAI Desa Cikupa,Kuningan,Wisata,5,Enakeun Jang hiling agar Cenghar lagi,2025-11-17T22:25:06.240Z,Daud Irsyad,104213287352910156411,False,0,su,2026-05-04T16:53:27.473375
Ci9DQUlRQUNvZENodHljRjlvT25ONU5tbzRiRWhJTW5sMk4zY3pVbVI1T0ZFeFNVRRAB,ChIJQcJzzdo_by4RYCuPZ9wFq7E,Wisata Desa PIPIR CAI Desa Cikupa,Kuningan,Wisata,5,Wisata underrated gak banyak yg tahu .. buat nyantai sendiri maupun bersama luar biasa nyaman..,2025-11-12T09:29:57.307Z,yanni langen,104120538083937231112,False,0,id,2026-05-04T16:53:27.473394
Ci9DQUlRQUNvZENodHljRjlvT2pCbU9IcEhSVk51U205U1EwaGxiRmh2VFhSWU1HYxAB,ChIJQcJzzdo_by4RYCuPZ9wFq7E,Wisata Desa PIPIR CAI Desa Cikupa,Kuningan,Wisata,5,Enak bersih dan adem ayem,2025-11-11T16:49:17.267Z,ABD RAHMAN,103787247019023206556,True,0,id,2026-05-04T16:53:27.473405
Ci9DQUlRQUNvZENodHljRjlvT25SWk5GODFSWEJwV2xKMlJVSlliMVI2ZEhOVlpYYxAB,ChIJQcJzzdo_by4RYCuPZ9wFq7E,Wisata Desa PIPIR CAI Desa Cikupa,Kuningan,Wisata,4,"Htm 5 ribu kolam hanya untuk anak, tempat bersih boleh bawa mkn dari luar",2025-10-20T02:52:50.059Z,ani indriyanti,100660592333051714524,True,0,id,2026-05-04T16:53:27.473424
Ci9DQUlRQUNvZENodHljRjlvT2pCUVRtRjFjV2RxUWpsaVdreDBkR2hvTkdsNllXYxAB,ChIJQcJzzdo_by4RYCuPZ9wFq7E,Wisata Desa PIPIR CAI Desa Cikupa,Kuningan,Wisata,5,"Pemandangan yang indah, sejuk dan menyegarkan, tiket masuk yang murah, tempat duduk yang luas dan ada gazebo gratis, disediakan tempat jajanan anak yang murah meriah.",2025-09-27T15:27:09.538Z,Husnul Sidik,104146616107634982178,True,0,id,2026-05-04T16:53:27.473434
Ci9DQUlRQUNvZENodHljRjlvT25SVGMwVnRibFZFWlZwRlkxRlVaWFpZWDFKa2JIYxAB,ChIJQcJzzdo_by4RYCuPZ9wFq7E,Wisata Desa PIPIR CAI Desa Cikupa,Kuningan,Wisata,5,"Dapat tempat menyenangkan dengan harga ekonomis, cocok untuk bersantai bersama keluarga, rekomendasi",2025-09-07T11:06:06.345Z,Endah Fitriyah,115575353730443435709,True,0,id,2026-05-04T16:53:27.473445
Ci9DQUlRQUNvZENodHljRjlvT21GbU0yNDFlblJhV0RGVlJIZFVjamc0UzJkUFVIYxAB,ChIJ8fWtdD0Xby4R-vtpM4L96j0,Rageman Resto & Coffee,Kuningan,Wisata,1,Pelayanan y lama banget,2026-05-03T13:06:07.691Z,Ogi Suprayogi,101501346326851569211,True,0,id,2026-05-04T16:53:27.473492
Ci9DQUlRQUNvZENodHljRjlvT2xVdGNqaDNUVUppYmxjMVFrbFNWSGN5Vm10QmVuYxAB,ChIJ8fWtdD0Xby4R-vtpM4L96j0,Rageman Resto & Coffee,Kuningan,Wisata,5,makanan enak. layanan ramah. 1 mei 2026,2026-05-01T06:47:26.592Z,DELTA NUSANTARA,112945310390686468562,True,0,id,2026-05-04T16:53:27.473510
Ci9DQUlRQUNvZENodHljRjlvT21Oc2QyZzVRVUZCUkRadmJqTkZRVXBQZUY5YWJWRRAB,ChIJ8fWtdD0Xby4R-vtpM4L96j0,Rageman Resto & Coffee,Kuningan,Wisata,4,Viewnya ok bgt.,2026-04-28T10:08:58.353Z,rahmad febdi bas,106215020465811351756,True,0,id,2026-05-04T16:53:27.473524
Ci9DQUlRQUNvZENodHljRjlvT2tNeVJHWm9hbk0zWXpjMGFWWndTRzV3WTFwQlIyYxAB,ChIJ8fWtdD0Xby4R-vtpM4L96j0,Rageman Resto & Coffee,Kuningan,Wisata,5,"Enak tempat nya cocok banget buat photo, kolam renang nya bersih,",2026-04-26T22:54:20.950Z,endang sugiati,106668998046649106652,False,0,id,2026-05-04T16:53:27.473535
Ci9DQUlRQUNvZENodHljRjlvT25SbGFYRklhVUp1YmtOclgzZ3daRFpvU1hGUU0zYxAB,ChIJ8fWtdD0Xby4R-vtpM4L96j0,Rageman Resto & Coffee,Kuningan,Wisata,5,"Tempatnya bersih dan rapi, makanannya enak.",2026-04-19T08:39:11.028Z,Intan_ Tunas Mulya Poultry,105081036387697238988,True,0,id,2026-05-04T16:53:27.473546
Ci9DQUlRQUNvZENodHljRjlvT2toVFJVVmlWbFJ3TWtvNWFUaEhOV0poTUU1cllsRRAB,ChIJ8fWtdD0Xby4R-vtpM4L96j0,Rageman Resto & Coffee,Kuningan,Wisata,5,"Tempatnya luas, nyaman dan makanannya enak",2026-04-08T06:35:00.108Z,Khusnul Hamidiyah,100553452066464590809,False,0,id,2026-05-04T16:53:27.473575
Ci9DQUlRQUNvZENodHljRjlvT2sxNFdHSkJWbWcyTFVsS1VIQkdjMjVOVUdkdlVIYxAB,ChIJ8fWtdD0Xby4R-vtpM4L96j0,Rageman Resto & Coffee,Kuningan,Wisata,1,Lemot pelayanannya nunggu makanan hampir 40 menit padahal engga lagi rame pengunjung,2026-03-30T05:56:23.436Z,Iqbal Rifki Awali,117511586069633044373,False,0,id,2026-05-04T16:53:27.473628
Ci9DQUlRQUNvZENodHljRjlvT213d2RXTjRaMFF5TTE5MFRtMUphREpHTURWNmIzYxAB,ChIJ8fWtdD0Xby4R-vtpM4L96j0,Rageman Resto & Coffee,Kuningan,Wisata,4,"Harus cobain nasgor tomyamnya, dipakein udang besar fresh berbumbu, tempatnya kids friendly dengan view oke",2026-03-29T17:21:23.385Z,yogaswara diera,102015858582807517605,True,0,id,2026-05-04T16:53:27.473638
Ci9DQUlRQUNvZENodHljRjlvT2xJNFZFRkdTWFF5YVVGVlRFaFVkRU5GVWtkZlNXYxAB,ChIJ8fWtdD0Xby4R-vtpM4L96j0,Rageman Resto & Coffee,Kuningan,Wisata,5,Viewnya bagus bangettttttt makananya juga enaaaak,2026-03-26T13:20:20.013Z,Yuyun Trisnawati,109804510806342571407,True,0,id,2026-05-04T16:53:27.473648
Ci9DQUlRQUNvZENodHljRjlvT2tJMWJETlRaV3h0WDJWVWNXUk9YMlpGWDA5Zk5VRRAB,ChIJ8fWtdD0Xby4R-vtpM4L96j0,Rageman Resto & Coffee,Kuningan,Wisata,3,"Untuk makanan kurang bagi keluarga aku,rasanya terlalu serba manis, harganya cukup mahal",2026-03-24T09:05:41.883Z,Desi Nurhayati,108406512642534222873,False,0,id,2026-05-04T16:53:27.473657
Ci9DQUlRQUNvZENodHljRjlvT25OQk0zQjVaa2R0YVU4d1NETTJNbGd0ZDI5d1kxRRAB,ChIJ8fWtdD0Xby4R-vtpM4L96j0,Rageman Resto & Coffee,Kuningan,Wisata,1,"Di awal dateng mau pesen suruh nyari meja dulu br bisa pesen. Udh dapet meja, dikasih kertas buat pesen. Pas mau pesen, dibilangg close order, bisanya buat kopi sama cemilan doang. Nunggu 1 jam setengah. Kalo gabisa diawal ngomong! Gausah kasih kertas pesenan kalo gabisa. Pelayannya diajarin gak sih? Pada bingung semua ditanya2in",2026-03-24T07:35:08.009Z,Safira Rosalini,117760271056153143904,False,0,id,2026-05-04T16:53:27.473668
Ci9DQUlRQUNvZENodHljRjlvT21weVNETXlVSFZ4UVZGNlJuazFkV1o2TjBGb01tYxAB,ChIJ8fWtdD0Xby4R-vtpM4L96j0,Rageman Resto & Coffee,Kuningan,Wisata,1,Jutek bgt pelayannya,2026-03-24T03:11:50.340Z,Ai siti Cahya,101518487014667507889,False,0,id,2026-05-04T16:53:27.473681
ChdDSUhNMG9nS0VJQ0FnSUNpOVlUQnJRRRAB,ChIJtbkBVyALby4Rsaa-XL5p6X0,Wisata ALAM (BUPER),Kuningan,Wisata,5,"Jalur asik buat piknik.
Untuk jalur Gowes enak nih, ada tanjakan dan turunan buat tes dengkul, buat motocross asik juga. Buat camping asik juga. Akses jalan bagus.
Banyak pohon rindang dan sungai dangkal...",2020-11-10T14:15:57.625Z,budi Linggarjati,107250173455002784562,True,1,id,2026-05-04T16:53:27.473699
Ci9DQUlRQUNvZENodHljRjlvT2xKNFpXYzVTa0owV0RWelRXZDRjMWhQUnpWa2NVRRAB,ChIJQcJzzdo_by4RYCuPZ9wFq7E,Wisata Desa PIPIR CAI Desa Cikupa,Kuningan,Wisata,5,"Junj 2025 kesini tiket masuknya cuma 5rb aja. Seru banget kaya lagi berenang di bali hahah, linggirnya sawah+laut padahal aslinya waduk. Airnya bersih, seger powl, dingin, ga bau kaporit. Tempatknya juga strategis, pinggit jalan bgt. Minusnya cuma, kenapa di pinggir kolam renang ada toilet buat bilas, jdnya kurang aesthetic di pandangnya. Selebihnya oke, semoga bisa terus berprogres",2025-06-23T08:14:27.790Z,Nuraini Kholifiyah Syam,101772367990870459691,True,1,id,2026-05-04T16:53:27.473737
ChdDSUhNMG9nS0VJQ0FnTUNZdG9EZHdBRRAB,ChIJQcJzzdo_by4RYCuPZ9wFq7E,Wisata Desa PIPIR CAI Desa Cikupa,Kuningan,Wisata,5,"Tempat wisata dengan latar pemandangan Waduk Darma, Kuningan yang indah
Tersedia kolam renang dan gazebo.
Harga tiket sangat terjangkau. Saat ini hanya 5 ribu rupiah.
Utk sewa gazebo 15 ribu sekitar 1 atau 2 jam.
Kantin menyediakan snack, minuman, mie dan gorengan.
Bisa pesan tempat untuk acara pertemuan, arisan, acara keluarga.",2025-05-04T05:27:35.234Z,Irna,112037441056931987648,True,0,id,2026-05-04T16:53:27.473769
ChZDSUhNMG9nS0VJQ0FnTUNvLTY2akdnEAE,ChIJQcJzzdo_by4RYCuPZ9wFq7E,Wisata Desa PIPIR CAI Desa Cikupa,Kuningan,Wisata,5,"Salah satu destinasi wisata masyarakat yang sangat terjangkau yg terletak di daerah selatan Kota Kuningan. Memberikan nuansa alam pemandangan dan udara yang sejuk karena tepat dekat dengan pesawahan warga. Untuk harga tiket masuk hanya Rp. 5000/orang dan parkir 5.000. Area parkir motor dan mobil yang tidak teralu luas, karena memang lokasinya ditengah rumah warga. Juga terdapat kantin di area kolam, dan beberapa kedai aneka jajanan, cemilan yang bisa dinikmati sembari santai menunggu, serta mushola yang unik untuk sembahyang.",2025-04-20T11:54:15.849Z,Fuji Kris,103897914627918644322,True,0,id,2026-05-04T16:53:27.473778
ChZDSUhNMG9nS0VJQ0FnTURJaDdDUUN3EAE,ChIJQcJzzdo_by4RYCuPZ9wFq7E,Wisata Desa PIPIR CAI Desa Cikupa,Kuningan,Wisata,5,"Karcis murah meriah Rp. 5000
Bisa bawa makanan
Ada gajibu
Pemandangan sawah dan waduk darma
Parkir mobil motor luas
Jajanan murah.
Lumayan banget...rekomended",2025-04-13T10:55:02.001Z,DANI MUBAROK,116863174710657370005,True,0,id,2026-05-04T16:53:27.473788
ChdDSUhNMG9nS0VJQ0FnTURJb2M3b3FRRRAB,ChIJQcJzzdo_by4RYCuPZ9wFq7E,Wisata Desa PIPIR CAI Desa Cikupa,Kuningan,Wisata,5,"Cocok bersama keluarga besar dalam nuansa liburan yang berada di alam, sejuk sekali",2025-04-10T13:52:40.240Z,Milataka Family,116145543367437383094,True,0,id,2026-05-04T16:53:27.473797
ChZDSUhNMG9nS0VJQ0FnTURJaVA3T0JBEAE,ChIJQcJzzdo_by4RYCuPZ9wFq7E,Wisata Desa PIPIR CAI Desa Cikupa,Kuningan,Wisata,5,nice place and recomended,2025-04-06T14:21:53.343Z,beni budi hidayat,115325360438775635297,False,0,en,2026-05-04T16:53:27.473806
ChdDSUhNMG9nS0VJQ0FnTUNJX3QzaWdBRRAB,ChIJQcJzzdo_by4RYCuPZ9wFq7E,Wisata Desa PIPIR CAI Desa Cikupa,Kuningan,Wisata,4,"Kolam renang murah meriah, cocok untuk anak2. bayar cuman Rp 5.000 tapi pas lebaran jadi Rp 7.000",2025-04-02T11:41:21.193Z,Eka W. Romadona,115598811080671042972,True,0,id,2026-05-04T16:53:27.473814
ChdDSUhNMG9nS0VJQ0FnTURBbkpYMXh3RRAB,ChIJQcJzzdo_by4RYCuPZ9wFq7E,Wisata Desa PIPIR CAI Desa Cikupa,Kuningan,Wisata,5,"Suasana nya enak,nyaman untuk healing dekat2 berangkat dari desa bakom..murah meriah tiket masuk 5000 sudah termasuk untuk berenang.next time kalau pulang ke kuningan mampir lagi ke pipir cai",2025-02-07T14:03:49.618Z,Mohamad Irpan,108617973282846527371,True,0,id,2026-05-04T16:53:27.473866
ChdDSUhNMG9nS0VJQ0FnSUNfME91bnlnRRAB,ChIJQcJzzdo_by4RYCuPZ9wFq7E,Wisata Desa PIPIR CAI Desa Cikupa,Kuningan,Wisata,3,"Biasa aja, anak saya malahan bilang membosankan renang di sini",2025-01-12T02:39:16.915Z,Nano eMRalz,107246065871167681646,True,0,id,2026-05-04T16:53:27.473908
ChdDSUhNMG9nS0VJQ0FnSURmcWFiS2d3RRAB,ChIJQcJzzdo_by4RYCuPZ9wFq7E,Wisata Desa PIPIR CAI Desa Cikupa,Kuningan,Wisata,5,Alternatif pilihan kolam renang murah fasilitas cukup pemandangan bagus,2025-01-07T23:09:49.458Z,gustaf86,110012273659064875783,True,0,id,2026-05-04T16:53:27.473918
Ci9DQUlRQUNvZENodHljRjlvT2xGV2FVSmpNazFIVURSTVJGcHFUbGg2YldWUk5sRRAB,ChIJv7Wb2L8Xby4RUf92zFsV6hU,Kopi Botanika,Kuningan,Wisata,3,nungguin mau main gocart sama atv lama bgt istirahatnya.. dari jam set 12 sampe set 2,2026-03-25T05:41:42.226Z,nadya ulya,103487631974606006959,False,0,id,2026-05-04T16:53:27.473937
Ci9DQUlRQUNvZENodHljRjlvT2xCMVIzZDRTR0pEU1dwdFFYaFVXUzFNVlVsTmFrRRAB,ChIJv7Wb2L8Xby4RUf92zFsV6hU,Kopi Botanika,Kuningan,Wisata,4,"cafe yang ada area bermain seluncur, gokart, dan ATV nya. makanan dan minuman harganya standart aja. cobain wahana seluncur seru poll",2026-03-24T15:16:22.921Z,Nindy meldari Anisa,105458451955659629803,False,0,id,2026-05-04T16:53:27.473949
Ci9DQUlRQUNvZENodHljRjlvT214bGQwWXdRa2swYTJRNWJERlpWV3BMUVRKVWRtYxAB,ChIJv7Wb2L8Xby4RUf92zFsV6hU,Kopi Botanika,Kuningan,Wisata,5,"Viewnya cakep bangett.... FnB agar ditingkatkan lagi baik variasi menu, management dan pelayanannya.
Wahana okelah cukup menyenangkan anak2 happy.",2026-03-24T12:13:22.070Z,Ny Fersim,111688787104535693477,True,0,id,2026-05-04T16:53:27.473960
Ci9DQUlRQUNvZENodHljRjlvT2pGWVh6UTRjVFpuU3pKeGJuRkRNR2cyTjNKc1JuYxAB,ChIJv7Wb2L8Xby4RUf92zFsV6hU,Kopi Botanika,Kuningan,Wisata,5,geloo view-nya keren euy,2026-03-24T06:41:56.143Z,Muhammad Bimo Winarno,105042954509157745577,True,0,id,2026-05-04T16:53:27.473978
Ci9DQUlRQUNvZENodHljRjlvT25CUk1raHNUekJwY2w5alNucFZiMEkyTVVsMFpuYxAB,ChIJv7Wb2L8Xby4RUf92zFsV6hU,Kopi Botanika,Kuningan,Wisata,5,Pengalaman kongko di mari itu bisa liat waduk darma  . . .pemandangan gunung cermai  . . .dingin 18 derajat siang hari  . . . .ketinggian 1050mbpl,2026-03-24T05:51:39.449Z,Willy Dhani,103741782872468393372,True,0,id,2026-05-04T16:53:27.473990
ChZDSUhNMG9nS0VJQ0FnSUNwbVpIZFRBEAE,ChIJv7Wb2L8Xby4RUf92zFsV6hU,Kopi Botanika,Kuningan,Wisata,5,"Tempat nongkrong paling sejuk, makanannya enak ditambah view pemandangan kota Kuningan yg asri. Kalo weekend pasti bakal rame banget sampe harus nunggu dulu buat dapet tempat duduk.",2026-03-22T11:10:25.452Z,Abu Shofi,108394718942801070582,True,0,id,2026-05-04T16:53:27.474034
Ci9DQUlRQUNvZENodHljRjlvT2psWWJYTmFPVWRZUzFwZlYwNVFiMDE1YmsxbE1IYxAB,ChIJv7Wb2L8Xby4RUf92zFsV6hU,Kopi Botanika,Kuningan,Wisata,5,"Makanan lumayan rasanya...
Kopi jg lumayan...
Kalo siang panas bgt,lebih baik sore hari...
Parkiran luas...mgkin kalo malem bagus bisa liat city light ..",2026-03-17T14:13:33.745Z,Septian Vr,101232464716096320778,True,0,id,2026-05-04T16:53:27.474044
Ci9DQUlRQUNvZENodHljRjlvT2xCWWRtZHJlbmwzU25oQ2NYb3RTRlpmWjA5NloyYxAB,ChIJjb9uANcZby4RCv84eRM4F1k,Open Space Gallery,Kuningan,Wisata,2,"TUKANG PARKIR NYA RESE. Ini kondisi kita bawa2 koper dari Jkt lgsg pengen main liat Dino. Tpi tukang parkir ga izinin mobil masuk bhkan hnya utk drop/menurunkan doang dilarang sampai marah2 sama grab nya dan suamiku. Akhrnya kita turun disamping jln sambil bawa2 koper, udah gtu jalan masuk nya rusak parah. Untung anak happy krn liat Dino. Tolong briefing ulang TUKANG PARKIRNYA.",2026-02-17T07:54:40.676Z,armita wau,105294737050061815878,True,0,id,2026-05-04T16:53:27.474076
Ci9DQUlRQUNvZENodHljRjlvT2sxdGFYWjRjM1pEWTFOQlpESXphRU5GTmpWSU9XYxAB,ChIJjb9uANcZby4RCv84eRM4F1k,Open Space Gallery,Kuningan,Wisata,5,Nice play for morning walk,2025-11-22T23:29:59.419Z,Ahmad Fathurrozi,112025695182803829650,True,0,en,2026-05-04T16:53:27.474122
Ci9DQUlRQUNvZENodHljRjlvT2xabGJsUnliMDlUYWkxU2VsSnpRelZRT1VKb2FXYxAB,ChIJjb9uANcZby4RCv84eRM4F1k,Open Space Gallery,Kuningan,Wisata,2,"Terlalu terbuka, buat acara event sangat minim penerangan panitia harus perhatikan penerangan",2025-11-11T03:03:48.828Z,MUHAMMAD DIDIT,111082212612460738462,False,0,id,2026-05-04T16:53:27.474146
Ci9DQUlRQUNvZENodHljRjlvT25oWkxTMDFVWE0xUjJnMlFVVkZNVEphWTBkZlltYxAB,ChIJjb9uANcZby4RCv84eRM4F1k,Open Space Gallery,Kuningan,Wisata,5,Kalau hari minggu lumayan buat olahraga+jajan,2025-09-14T12:30:01.853Z,Arie Juliyana,102092378105178385589,True,0,id,2026-05-04T16:53:27.474188
Ci9DQUlRQUNvZENodHljRjlvT2w5RFdsRllRMTl2VFdsdVdWQTFkbVpTWkVsalJuYxAB,ChIJ8fWtdD0Xby4R-vtpM4L96j0,Rageman Resto & Coffee,Kuningan,Wisata,2,"Makan nunggu lama, stok menu ada yang habis ga dikasih info lagi",2026-03-23T06:35:19.427Z,Diffayanti Syahrani,112264782357552077942,False,0,id,2026-05-04T16:53:27.474223
Ci9DQUlRQUNvZENodHljRjlvT21WeVZUSndiSGxhTm1GTE5ubGFUMDFNZW1acGVuYxAB,ChIJ8fWtdD0Xby4R-vtpM4L96j0,Rageman Resto & Coffee,Kuningan,Wisata,1,"Payah, ga bisa order makanan selain ayam bakar dan iga.
Menu Paket ga ready dengan alasan karna ada acara.
Artinya ini resto ga siap padahal hight season loh ini.",2026-03-23T05:13:07.141Z,Romi Wijaya,101097522116248298153,True,0,id,2026-05-04T16:53:27.474237
Ci9DQUlRQUNvZENodHljRjlvT2xRMGRFcG5UMlJwYTFwMWMzVjRXbnB1TlVkR1FuYxAB,ChIJ8fWtdD0Xby4R-vtpM4L96j0,Rageman Resto & Coffee,Kuningan,Wisata,1,"GILAAA PARAAHH BANGETTT PELAYANANNYA LAMAA!!! bilangnya makanan ditunggu selama 30 menit. gataunya udah nunggu 1 jam 30 menit makanan ga dateng dateng, akhirnya saya cancel karena udh nunggu kelamaan.",2026-03-22T07:40:16.749Z,melody asa,104807957671566806264,False,0,id,2026-05-04T16:53:27.474256
Ci9DQUlRQUNvZENodHljRjlvT2tweGQzWjVObTFTTFUxdVVXeG5WSEJDTkRCclNGRRAB,ChIJ8fWtdD0Xby4R-vtpM4L96j0,Rageman Resto & Coffee,Kuningan,Wisata,2,Pelayanannya lama banget. Udah tunggu 2 jam blm keluar juga makanannya.,2026-03-22T07:38:58.296Z,anicha,115000138127781194910,False,0,id,2026-05-04T16:53:27.474266
Ci9DQUlRQUNvZENodHljRjlvT25VMGJXZEViekpRTTJnMGNuQnhaMHB0UzFoTGIwRRAB,ChIJ8fWtdD0Xby4R-vtpM4L96j0,Rageman Resto & Coffee,Kuningan,Wisata,1,1 jam setengah nunggu dan org yg dateng setelah saya di dahulukan.Bahkan pesanan saya masih berada dikasir!ga pernah sekecewa ini.,2026-03-22T07:37:27.895Z,naura zalfaa,116834470150479856191,False,0,id,2026-05-04T16:53:27.474274
Ci9DQUlRQUNvZENodHljRjlvT2tOaVR5MWlVbGR0ZFRaTVIzQjBWMXBtWld0T1RtYxAB,ChIJ8fWtdD0Xby4R-vtpM4L96j0,Rageman Resto & Coffee,Kuningan,Wisata,5,View pada saat sore menjelang malam.. bagus,2026-03-20T10:57:27.349Z,Fa'is Rizki,114668068253382661838,True,0,id,2026-05-04T16:53:27.474289
Ci9DQUlRQUNvZENodHljRjlvT2prdFNtNDVhWEV6ZFVkblIyRmhla1pHTVVOUlltYxAB,ChIJ8fWtdD0Xby4R-vtpM4L96j0,Rageman Resto & Coffee,Kuningan,Wisata,5,Suasana nyaman sekali....,2026-02-17T22:26:12.329Z,Nuroni Roni,101789851001346350221,True,0,id,2026-05-04T16:53:27.474322
Ci9DQUlRQUNvZENodHljRjlvT2xCM2FFUTFVRGQ2VlVwdlpGVkljbmxwYmxOb2JsRRAB,ChIJ8fWtdD0Xby4R-vtpM4L96j0,Rageman Resto & Coffee,Kuningan,Wisata,4,"Rasa Masakan lumayan,
Harga sedikit lebih mahal, tapi masih wajar untuk kelas resto.
Pelayanya agak lama, manggil beberapa kali lewat bel lama sekali datangnya.
View pegunungan asri Dan terdapat kolam renang

Saran : disediakan payung yg stand by di masing masing tempat, karena kalau hujan agak ribet untuk yg duduk di bagian saung.",2026-02-10T17:30:52.232Z,Ngapak Backpacker,107829998907896017603,True,0,id,2026-05-04T16:53:27.474332
Ci9DQUlRQUNvZENodHljRjlvT25oTVNYcHRhREJoVmtaU1IwcEhNVk14ZEZVMVRVRRAB,ChIJ8fWtdD0Xby4R-vtpM4L96j0,Rageman Resto & Coffee,Kuningan,Wisata,5,Pemandangan indah,2026-02-08T11:02:54.420Z,Wuri Prasetyo,116884683423311357769,True,0,id,2026-05-04T16:53:27.474341
Ci9DQUlRQUNvZENodHljRjlvT2xsak9HZFlVSGRRYWxKb2RHbzJUWE4xUldaUk1uYxAB,ChIJ8fWtdD0Xby4R-vtpM4L96j0,Rageman Resto & Coffee,Kuningan,Wisata,5,"Suasana oks,,,.adem suejuk,,,. makanan dan minuman byk variasi,, harga bersahabat,,,.ada kolam renang juga,,, lokasi luas,,, byk spot unik,,,,",2026-02-01T16:09:20.802Z,Wahidin,109297819386296256061,True,0,id,2026-05-04T16:53:27.474349
Ci9DQUlRQUNvZENodHljRjlvT21neFYxRk1kMFZFT0VKWU1GRTJkMkV5WmtrNVZHYxAB,ChIJ8fWtdD0Xby4R-vtpM4L96j0,Rageman Resto & Coffee,Kuningan,Wisata,3,Over all dari makanan worth it tapi saat hujan besar sebelumnya air toren jadi kotor dan aliran ke kamar mandi sering kosong,2026-01-31T13:09:16.464Z,Adhi Affanul Hakim,100014595582309927385,True,0,id,2026-05-04T16:53:27.474368
ChdDSUhNMG9nS0VJQ0FnSUN2aE9tOWpRRRAB,ChIJQcJzzdo_by4RYCuPZ9wFq7E,Wisata Desa PIPIR CAI Desa Cikupa,Kuningan,Wisata,5,Worthed buat refreshing anak2. Bagus pengelolaan desa nya. Harga Jajanan masuk akal buat kantong kita,2024-12-08T02:34:04.103Z,sww ajah,102019644347012542383,False,0,id,2026-05-04T16:53:27.474415
ChdDSUhNMG9nS0VJQ0FnSUNYaXNTMnFRRRAB,ChIJQcJzzdo_by4RYCuPZ9wFq7E,Wisata Desa PIPIR CAI Desa Cikupa,Kuningan,Wisata,3,Tempatnya kecil,2024-10-15T03:41:56.675Z,Na2 syah,108866355628711208753,False,0,id,2026-05-04T16:53:27.474439
ChdDSUhNMG9nS0VJQ0FnSUNuNU9XVHdBRRAB,ChIJQcJzzdo_by4RYCuPZ9wFq7E,Wisata Desa PIPIR CAI Desa Cikupa,Kuningan,Wisata,5,"Tempat nya sangat bagus, bisa buat melepas lelah",2024-09-23T03:11:26.473Z,Parman Parman,112520128364438909731,True,0,id,2026-05-04T16:53:27.474456
ChdDSUhNMG9nS0VJQ0FnSUM3ajc3YnJnRRAB,ChIJQcJzzdo_by4RYCuPZ9wFq7E,Wisata Desa PIPIR CAI Desa Cikupa,Kuningan,Wisata,5,"Harga tiket masuknya murah banget cuma 5k udah bisa berenang juga, tempatnya enak, pemandangannya bagus oke banget buat yang suka foto-foto, harga makanannya murah untuk ukuran tempat wisata. Pokoknya rekomen banget buat yang pengen hangout tanpa bikin dompet jebol.",2024-08-19T06:43:12.907Z,Miftahul Ilma,114166980372540712207,False,0,id,2026-05-04T16:53:27.474465
ChZDSUhNMG9nS0VJQ0FnSURibWJha0pBEAE,ChIJQcJzzdo_by4RYCuPZ9wFq7E,Wisata Desa PIPIR CAI Desa Cikupa,Kuningan,Wisata,5,Tempat berenang yang asyik dan luas,2024-08-07T03:20:37.961Z,SD ISLAM TERPADU RADHIYATAM MARDHIYYAH KUNINGAN,117934159606492608459,False,0,id,2026-05-04T16:53:27.474489
Ci9DQUlRQUNvZENodHljRjlvT2tSb2NqSm5SRmhuVVZoUmRqbEdUekZsUjBGQ2NXYxAB,ChIJjb9uANcZby4RCv84eRM4F1k,Open Space Gallery,Kuningan,Wisata,5,Pameran hari jadi kota kuningan,2025-09-06T13:35:18.996Z,Aan Ristiyani,104097710001483723132,True,0,id,2026-05-04T16:53:27.474524
Ci9DQUlRQUNvZENodHljRjlvT2pjdGVHWkxRVEZtVTFacVgyOXNjbWg1VmpkdlVsRRAB,ChIJjb9uANcZby4RCv84eRM4F1k,Open Space Gallery,Kuningan,Wisata,5,Kuningan Fair 2025,2025-09-04T15:08:55.078Z,mumtaazul khoir,105680938282252593874,True,0,id,2026-05-04T16:53:27.474533
Ci9DQUlRQUNvZENodHljRjlvT2pVeU5HYzNiMDkwY0dKbGVHbzVOWGhxWW1kR1dHYxAB,ChIJjb9uANcZby4RCv84eRM4F1k,Open Space Gallery,Kuningan,Wisata,5,"Hari minggu harus cobain ke OSG, soalnya banyak banget jajanan disana, kalau kesana wajib beli papeda favorit dari masih sekolah, yg mau jogging bisa, yg mau jajan aja juga bisa, masuknya gratis bayar parkir aja 2k, skrng ada tempat renang buat anak kecil bayarnya 10k kalau gak salah yaaa",2025-07-05T00:03:25.779Z,Atiek Adivra,104609868095829355591,False,0,id,2026-05-04T16:53:27.474567
ChdDSUhNMG9nS0VKSHZ6YS1SbDliWm1BRRAB,ChIJjb9uANcZby4RCv84eRM4F1k,Open Space Gallery,Kuningan,Wisata,5,Mantap temannya nyejukin,2025-05-07T10:27:29.639Z,Bro Shinchan Ok,112905480054756031030,True,0,id,2026-05-04T16:53:27.474607
ChZDSUhNMG9nS0VJQ0FnTUNvNjlLLUNBEAE,ChIJjb9uANcZby4RCv84eRM4F1k,Open Space Gallery,Kuningan,Wisata,5,"Tempat luas.
Hari kingfu pasti rame yg olah raga dan Banyak makanan",2025-04-20T02:15:11.076Z,Yulianti -,103610543317183694382,True,0,id,2026-05-04T16:53:27.474617
ChdDSUhNMG9nS0VJQ0FnSUNmOXZLN3N3RRAB,ChIJjb9uANcZby4RCv84eRM4F1k,Open Space Gallery,Kuningan,Wisata,1,Nyaman buat buat keluarga ada tempat makan dan bermmaiin,2025-04-18T09:12:53.500Z,ade nurahmat,105019003605759492622,True,0,id,2026-05-04T16:53:27.474627
ChZDSUhNMG9nS0VJQ0FnSURfamFUWWRBEAE,ChIJjb9uANcZby4RCv84eRM4F1k,Open Space Gallery,Kuningan,Wisata,1,Cuma pengen beli cilor doang d dalem d tagih tiket masuk 12rb.. teu ngotak,2025-01-26T02:56:05.705Z,Rifto 27,107783956736538128538,False,0,su,2026-05-04T16:53:27.474651
ChZDSUhNMG9nS0VJQ0FnSUMzbEp5VldBEAE,ChIJjb9uANcZby4RCv84eRM4F1k,Open Space Gallery,Kuningan,Wisata,5,Tempat luas kalo minggu kesitu buat senam,2024-11-03T03:54:49.487Z,Aina Zahra,101754465058471773143,False,0,id,2026-05-04T16:53:27.474675
ChZDSUhNMG9nS0VJQ0FnSURubnBURkpREAE,ChIJjb9uANcZby4RCv84eRM4F1k,Open Space Gallery,Kuningan,Wisata,4,Tempat yang cocok untuk keluarga,2024-10-06T04:35:22.593Z,bangjhon chanel,104781211318299097976,True,0,id,2026-05-04T16:53:27.474697
ChdDSUhNMG9nS0VJQ0FnSURuN3NTLW9RRRAB,ChIJjb9uANcZby4RCv84eRM4F1k,Open Space Gallery,Kuningan,Wisata,3,"Kesini hari minggu pagi,biasanya hari minggu pagi ramai ada yg joging,senam,banyak pedagang dadakan jg.Tiket masuk 2Rb/motor klw pagi, tp klw sdh jam siangan Tarif normal kebetulan kesini jam 09 kurang jadi kena yg 12rb/motor dua org (tdk dikasih tiket), didalamnya ada playground cm kurang lengkap,kolam renang anak tp kotor,ada terapi ikan airnya ijo bnyak lumut,ada tempat berteduh, banyak sampah mgkn krn banyk orang klw hari minggu.",2024-10-06T02:52:18.996Z,Why You,115340499667665772971,False,0,id,2026-05-04T16:53:27.474713
ChZDSUhNMG9nS0VJQ0FnSURIMnBQR1ZBEAE,ChIJjb9uANcZby4RCv84eRM4F1k,Open Space Gallery,Kuningan,Wisata,5,Perawatan dan kebersihan untuk lebih ditingkatkan lagi,2024-09-15T00:40:57.677Z,Indah Anggraeni,110211062116644341153,True,0,id,2026-05-04T16:53:27.474746
ChZDSUhNMG9nS0VJQ0FnSUNIbWJpeVJ3EAE,ChIJjb9uANcZby4RCv84eRM4F1k,Open Space Gallery,Kuningan,Wisata,5,Lumayan buat acara2 besar kuningan,2024-09-06T12:39:57.775Z,Dendy Heryanto,102072646250752363821,True,0,id,2026-05-04T16:53:27.474771
ChZDSUhNMG9nS0VJQ0FnSUNIN3ZpekJBEAE,ChIJjb9uANcZby4RCv84eRM4F1k,Open Space Gallery,Kuningan,Wisata,5,Lumayan lah buat maen,2024-09-05T06:46:32.287Z,Abdul Majid,110261619088410572721,True,0,id,2026-05-04T16:53:27.474782
Ci9DQUlRQUNvZENodHljRjlvT2tkWFluZHJhVTF2VVc1Q1dHaHhjVlpVY1d4Q1NVRRAB,ChIJ8fWtdD0Xby4R-vtpM4L96j0,Rageman Resto & Coffee,Kuningan,Wisata,5,"Iseng2mampir sini, kalo liat range harga menunya agak  pricy tp kalo bisa dapet view sebagus itu & rasa masakan yg enak, worth it lah. Ada kolam renang juga & parkiran luas banget, yg punya mobil listrik bisa ngecas jg.
Saya pesan bebek bakar Bali, ayam bakar, nasgor & donat kentang coklat, semuanya ga ada yg failed. Sambelnya ga pedes tp kok enaaaak.
Pertahankan rasa & kualitas ya",2026-01-16T09:30:01.337Z,ayu Lestari,118176700987771683627,True,0,id,2026-05-04T16:53:27.474837
Ci9DQUlRQUNvZENodHljRjlvT2pGWVkweE1iVEpsT0V0dFRXOVBUa2hrZUVJMVpFRRAB,ChIJ8fWtdD0Xby4R-vtpM4L96j0,Rageman Resto & Coffee,Kuningan,Wisata,5,"tempat resto yg nyaman karena punya view bagus, ada spot foto yg keren, soal makanan juara & layanan cepat n helpful",2026-01-11T10:31:41.035Z,Babeh Ilham,107121209993741485276,True,0,id,2026-05-04T16:53:27.474852
Ci9DQUlRQUNvZENodHljRjlvT2pWUk5uUnpRalpmVW1SWmFVMTBVbGRCYzJWSlVFRRAB,ChIJ8fWtdD0Xby4R-vtpM4L96j0,Rageman Resto & Coffee,Kuningan,Wisata,5,Sangat cocok liburan bersama keluarga sambil menikmati hidangan👍👍👍,2026-01-07T09:28:26.640Z,Global Teknik,111802605528526376429,True,0,id,2026-05-04T16:53:27.474869
Ci9DQUlRQUNvZENodHljRjlvT2t0RFVsbDJORGd6WlZFd1dqaHFUMnB3UjJaSlVuYxAB,ChIJ8fWtdD0Xby4R-vtpM4L96j0,Rageman Resto & Coffee,Kuningan,Wisata,5,Best. Terimakasih,2026-01-06T16:17:25.461Z,QPR,111552573070792930327,True,0,id,2026-05-04T16:53:27.474896
Ci9DQUlRQUNvZENodHljRjlvT2paRFJuVlJWVFkyVjNVNVNuWmFkbFZWVG5sMVJuYxAB,ChIJc1xwod4Zby4R5Z7tCit42Nk,Sangkan Aqua Park,Kuningan,Wisata,5,Tempat untuk berlibur yang luar biasa luasnya di suguhkan dengan kolam renang yang banyak dan cocok untuk semua usia... Akan tetapi berkunjung di libur lebaran kemari  antri nya luar biasa...,2026-03-29T06:38:47.159Z,Endin Rohendi,107311583448746744717,True,0,id,2026-05-04T16:53:27.474915
Ci9DQUlRQUNvZENodHljRjlvT2pGcU56Sk9VbWRQWjBST1JWWTFhRGhtWVc1VFUwRRAB,ChIJc1xwod4Zby4R5Z7tCit42Nk,Sangkan Aqua Park,Kuningan,Wisata,3,"Harganya turun setelah 15 tahun silam, bnyak fasilitas umum yang rusak, kolam renang yang kotor dan beberapa wahana terbengkalai,",2026-03-29T03:47:57.107Z,Andri Fauzi,108497780985660350716,True,0,id,2026-05-04T16:53:27.474926
Ci9DQUlRQUNvZENodHljRjlvT2sxRFozaE9RbEJhZHkxR1F6WjBabHBSU3pSeVdWRRAB,ChIJc1xwod4Zby4R5Z7tCit42Nk,Sangkan Aqua Park,Kuningan,Wisata,1,"Kemarin saya bawa klrga 20 org, datang skitar jam 2 siang, datang ke loket tiket tapi petugasnya tidak ramah,,, (semoga kedpn bisa di perbaiki) karna ini tempat wisata kita mau happy"" tapi sambutan pertama langsung woowww... (Untuk tiket kemarin sya dpt promo bli 3 gratis 1 jadi perorang kurleb 42rb) Ok lanjut kita msuk ternyata tempat lumayan sepi mengingat ini libur lebaran,,, dan masih tetap dgn aturanny tidak boleh bawa makanan dan minuman dri luar, padahal kita cuma bawa tumbler minum yang bahkan ke cafe yang memang tempat makan minum saja kalo tumbler itu boleh. Dan sayangnya lagi makanan dan minuman di dalam rasanya sangat kurang 🫣.
Lanjut untuk penyewaan gazebo itu 100rb/3 jam (kl wktunya lebih kena cash 35rb/jam) dan deposit 50rb, untuk ban pun sama sewa 40rb dan deposit 20rb. Untuk fasilitasnya B aja. Untuk kolam ombaknya juga B aja,mengingat ini dan itu nya harus bayar lagi dengan fasilitas yang biasaa ajaa... Kayanya males sih kalo hrus kesni lagi apalagi sekarang banyak tempat baru di kuningan. Oh ya satu lagi menurut saya yang paling mengecewakan yaitu musolanya ditaro di ujung belkang bangeeeettt dan tidak ada kmer mndi dekat musola. Satu"" nya yang kasih nilai plus pelayanan petugas di tempat rent yang super ramah dan helpful.. baik ptgas cewe dan. Cowonya smua ramah. Trims smoga kdepan bisa diperbaiki lagi..",2026-03-27T10:27:55.087Z,minkhatul Maula,108711099373284822501,False,0,id,2026-05-04T16:53:27.474955
Ci9DQUlRQUNvZENodHljRjlvT2t0TldWcFBjazl1VTNSdGIyRlVPRFl3UlVsWGFVRRAB,ChIJc1xwod4Zby4R5Z7tCit42Nk,Sangkan Aqua Park,Kuningan,Wisata,1,"Tidak rekomendasi ke sini , mengecewakan

1. Tidak boleh bawa makanan dan minuman. Walaupun hanya bawa aqua untuk minum.
2. Kamar mandi tidak ada gantungan baju (paling ga masuk di akal kok bisa seperti ini)
3. kamar mandi kotor dan tidak ada shower nya (hampir rata-rata rusak)
4. Ombaknya kecil tidak seru
5. Kita sekeluarga kapok untuk datang ke tempat ini lagi , cukup sekali dan tidak bisa di jadikan rekomendasi untuk para rekan-rekan temen atau yang lainnya.

Parahh bangeet dehh pokoknya mengecewakan tak sebanding dengan mahalnya… masih banyak yg murah yg bagus… ini tidak bangetttt",2026-03-27T00:24:54.908Z,Koleksi Kita,107189722677791398796,False,0,id,2026-05-04T16:53:27.474965
Ci9DQUlRQUNvZENodHljRjlvT2tkaWQyVnBORlZLVlZWRk5YRkpkbE5FYUVjNE5HYxAB,ChIJc1xwod4Zby4R5Z7tCit42Nk,Sangkan Aqua Park,Kuningan,Wisata,5,"Sejak awal di buka baru tahun ini bisa berkunjung,ternyata tempat nya bagus luas dan asri,untuk harga sangat terjangkau",2026-03-26T09:39:15.799Z,Deni Ibnu,110185615891852851312,True,0,id,2026-05-04T16:53:27.474974
ChZDSUhNMG9nS0VJQ0FnSURvMy1QQ2RREAE,ChIJc1xwod4Zby4R5Z7tCit42Nk,Sangkan Aqua Park,Kuningan,Wisata,3,"Banyak spot yg tidak terurus, jalan licin berlumut banyak rumput liar, padahal pekerja banyak ngapain aja.",2026-03-25T02:42:31.955Z,Marsya tara latisha,110714380554795629316,True,0,id,2026-05-04T16:53:27.474983
Ci9DQUlRQUNvZENodHljRjlvT21SQ09FWmFjMnhoZDBWeVFXaFJYelo2ZVZWRVYxRRAB,ChIJc1xwod4Zby4R5Z7tCit42Nk,Sangkan Aqua Park,Kuningan,Wisata,5,Sangat recomended,2026-03-23T12:55:13.310Z,Afan Riyanto,106230977101548082911,True,0,id,2026-05-04T16:53:27.474998
Ci9DQUlRQUNvZENodHljRjlvT2tGRFMwOVJOWE5aTkRKcGVtNUZjbGRyZUVsd2EwRRAB,ChIJc1xwod4Zby4R5Z7tCit42Nk,Sangkan Aqua Park,Kuningan,Wisata,3,"Tolong kalo lagi bebenah jgn hanya perosotan saja yg dibersihkan tapi bagian jalan jga, banyak yg berlumut dan licin
Bagian tiket jga lelet, padahal ada dua org
Pas ngantri beli tiket ada yg nyerobot duluan, bukanny saya didahulukan malah org lain
Padahal dia ngeliat saya lagi ngantri, 🥹",2026-03-23T12:51:34.589Z,Febb_ yannii,104452630333128104979,False,0,id,2026-05-04T16:53:27.475007
Ci9DQUlRQUNvZENodHljRjlvT2pkRWRGSkNORmh6TkZkdGNWQk9kbDlqWmxGNGJYYxAB,ChIJc1xwod4Zby4R5Z7tCit42Nk,Sangkan Aqua Park,Kuningan,Wisata,5,"Resort yang luas dan lumayan lengkap untuk Fasilitasnya' waterboom menjadi yg favorit disini, perlu ditingkatkan perihal makanan",2026-03-21T08:57:32.501Z,ferdi S reviewers maps,116311795458776221462,True,0,id,2026-05-04T16:53:27.475016
Ci9DQUlRQUNvZENodHljRjlvT2taRGFWUmhNbVk1YWtSNGFEWm5OWEZpZG00NE1YYxAB,ChIJc1xwod4Zby4R5Z7tCit42Nk,Sangkan Aqua Park,Kuningan,Wisata,5,"HTM pas 17-8-2025,17.000 / orang, bnyk wahananya kolam renang bnyk varian",2026-03-21T08:53:01.288Z,Rizki Febriyanti,116666273103786341758,False,0,id,2026-05-04T16:53:27.475027
Ci9DQUlRQUNvZENodHljRjlvT2t4VlRsRmpaR1JFZVZKMlRFTlNOakZvWlRSa1ZsRRAB,ChIJc1xwod4Zby4R5Z7tCit42Nk,Sangkan Aqua Park,Kuningan,Wisata,5,Suka renang di sini luas area kolamnya dam parkir kendaraan jg luas bgt,2026-03-21T08:51:17.871Z,Azka,114274753535684540571,True,0,id,2026-05-04T16:53:27.475035
Ci9DQUlRQUNvZENodHljRjlvT25oWFIwdElXWGQ1VldsQ2JYVndia1l5TUdoaFIxRRAB,ChIJc1xwod4Zby4R5Z7tCit42Nk,Sangkan Aqua Park,Kuningan,Wisata,3,"saya nginep disana, pas saya berenang banyak lumut belum di bersih kan dan ada free tiket kuda tapi lama sekali proses nya",2026-03-16T03:17:55.089Z,silviaa suwandi,104202138574464710553,False,0,id,2026-05-04T16:53:27.475043
Ci9DQUlRQUNvZENodHljRjlvT2sxRFltNHdMVmR5Tms5dE4zZFZTbUZNVVRKVU9XYxAB,ChIJc1xwod4Zby4R5Z7tCit42Nk,Sangkan Aqua Park,Kuningan,Wisata,5,"Cukup luas dan fasilitas lengkap
Sewa saung 100rb Sewa ban kecil 30rb Sewa ban double 60rb",2026-03-07T18:22:28.214Z,Luciano,117298349085503915383,True,0,id,2026-05-04T16:53:27.475062
Ci9DQUlRQUNvZENodHljRjlvT21KMlJYVnBaVkJZWlVKeFJWTkpiRGhyTUhOUmMyYxAB,ChIJc1xwod4Zby4R5Z7tCit42Nk,Sangkan Aqua Park,Kuningan,Wisata,5,PERNAH SEKELUARGA DI GARDENIA 1 SEMUANYA MENAKJUBKAN RAMAH BERSIH NYAMAN... MAKAN PAGI SEMUA PEGAWAINYA SANGAT RAMAH... BAHKAN PAS CEK OUT DENGAN SANGAT TELITI DAN JUJUR NYA MEMBERI TAHUKAN BARANG KAMI YANG TERTINGGAL... NANTI KAMI 4 KAMAR 4 KK AKAN DATANG KEMBALI.... I LOVE YOU 😍💘💖🥰,2026-02-24T06:25:39.574Z,Willy,114718310712450658603,True,0,id,2026-05-04T16:53:27.475071
Ci9DQUlRQUNvZENodHljRjlvT2tsRFQwcHFjVGN6T0ZGU1prVjRjMjF4VW1SR00zYxAB,ChIJc1xwod4Zby4R5Z7tCit42Nk,Sangkan Aqua Park,Kuningan,Wisata,1,"Supir rombongan travel tidak bisa masuk dan harus bayar tiket sendiri
Tidak recommended yg bawa rombongan karena makanan minuman tidak boleh masuk",2026-02-08T03:36:35.423Z,Fadhli Eka Prabowo,110187640920896836359,False,0,id,2026-05-04T16:53:27.475087
Ci9DQUlRQUNvZENodHljRjlvT25kTmEwSktXbmxQUWxWWE0yaDZhRUZwVG1KNVdXYxAB,ChIJkT0wmI8Zby4R3u-GFAn5rNw,Wisata Cipaniis,Kuningan,Wisata,2,"Tiket dewasa Rp 20.000
Tiket anak Rp 10.000
Parkir Rp 5.000

untuk sekelas mandi di kali ini terlalu mahal, mana kamar mandi / ganti bayar lagi 😌",2026-05-02T00:35:03.849Z,meilia permatas,105371268168007866493,True,0,id,2026-05-04T16:53:27.475095
Ci9DQUlRQUNvZENodHljRjlvT25ORk5XMVJXR0pzWTNCM1ZHVlhWMHBsYkRSc1MyYxAB,ChIJkT0wmI8Zby4R3u-GFAn5rNw,Wisata Cipaniis,Kuningan,Wisata,5,"Bagus
Masih asri pertama kesini di 2010 sekarang 2026 masih asri terawat
Cocok buat liburan bareng keluarga",2026-04-28T08:13:54.855Z,Mahesa Ibrahim,106747424763512520701,False,0,id,2026-05-04T16:53:27.475116
Ci9DQUlRQUNvZENodHljRjlvT2xNMVVqbFNZUzF5U0VkRExVOUpkMkp1UmxwcGRsRRAB,ChIJkT0wmI8Zby4R3u-GFAn5rNw,Wisata Cipaniis,Kuningan,Wisata,5,Bagus bersih msh alami..,2026-04-27T00:57:57.067Z,H. Toto (Toto),108318406303641375215,True,0,id,2026-05-04T16:53:27.475131
Ci9DQUlRQUNvZENodHljRjlvT2tKT2EzQm5WR0ozVFdOdFFVOXdSVGhMVmxwaE9WRRAB,ChIJkT0wmI8Zby4R3u-GFAn5rNw,Wisata Cipaniis,Kuningan,Wisata,5,Airnya jernih dan menyegarkan. Kendala di lokasi toilet aja sih yang bayar 5K 😁,2026-04-11T04:03:15.381Z,wahidin 24,100128250547955864626,False,0,id,2026-05-04T16:53:27.475169
Ci9DQUlRQUNvZENodHljRjlvT201aVQxQlFPRzlxTlhGSmIyWTJVbFF3ZUcxMFRuYxAB,ChIJkT0wmI8Zby4R3u-GFAn5rNw,Wisata Cipaniis,Kuningan,Wisata,4,"Oke suka bgt, tp baiknya perbaiki tempt ganti baju ya kamar mandi gtu, serem ih",2026-04-10T14:20:05.229Z,Revi Aulia Putri,111717048964523810377,False,0,id,2026-05-04T16:53:27.475185
Ci9DQUlRQUNvZENodHljRjlvT2poYVozZ3Rha3RLUVU1b1VFSkxXRTR0YTJwRk4zYxAB,ChIJkT0wmI8Zby4R3u-GFAn5rNw,Wisata Cipaniis,Kuningan,Wisata,1,"TOLONG KEPADA SAUDARI PADA BAGIAN TIKET BERLAKU JUJUR.

SAYA KESANA SABTU, 04 APRIL 2026 DIMINTA BAYAR TIKET DEWASA @20RB ANAK ANAK 10RB. SEDANGKAN DI TIKET HANYA TERTULIS 15RB DI HARI LIBUR JUGA.

BRANTAS PUNGLI MACAM INI!!! KARENA KAMI PARKIR JUGA BAYAR 10RB!!!",2026-04-10T04:02:09.048Z,Ari,111592288986568220588,True,0,id,2026-05-04T16:53:27.475193
Ci9DQUlRQUNvZENodHljRjlvT21sSVIwaHZVVlZZYTFnNFUyaHNURUY2TWpBeE5XYxAB,ChIJkT0wmI8Zby4R3u-GFAn5rNw,Wisata Cipaniis,Kuningan,Wisata,4,Adem sejukkk jgn lupa bawa tiker atw alasss,2026-03-31T16:10:34.026Z,Desi Anti,100566933013302667995,True,0,ms,2026-05-04T16:53:27.475263
Ci9DQUlRQUNvZENodHljRjlvT2tzMFZtaDVPREJGU1VoUGJIbEhWR3ByVEhCVVNFRRAB,ChIJbzQDCocXby4RWuA1g4r3yUU,Objek Wisata Curug Sidomba,Kuningan,Wisata,5,Alhamdulillah pernah kesini 2014 #FromIKN,2026-04-10T10:18:12.194Z,Pak Suhe LND,102750208737740161020,False,0,id,2026-05-04T16:53:27.475273
Ci9DQUlRQUNvZENodHljRjlvT25oVmFFdDFUVmxLUWpkdVQxa3pXSGxLUlhOZldsRRAB,ChIJbzQDCocXby4RWuA1g4r3yUU,Objek Wisata Curug Sidomba,Kuningan,Wisata,4,"Tempat santai dengan keluarga, komunitas dan pelajar untuk berkemah, fasilitas memadai, masjid besar, udara sejuk dan nyaman....",2026-01-21T07:02:28.757Z,Eka Priyatna,106980150444661016816,True,0,id,2026-05-04T16:53:27.475300
Ci9DQUlRQUNvZENodHljRjlvT2pGQ05uVjVabFZCYzFaVWFWWldjMjluV0ZNeVVFRRAB,ChIJbzQDCocXby4RWuA1g4r3yUU,Objek Wisata Curug Sidomba,Kuningan,Wisata,5,"Tempatnya enak untuk camping
Anakku tiap camping pramuka pasti di sidomba. Tolong penerangan jalannya di perhatikan terlebih jika ada sekolah yg camping disitu dan org tua murid ingin mengunjungi anaknya tidak terlalu gelap jika mlm hari.",2025-12-23T13:09:25.923Z,Zachray Kecebadai,113664702138900996927,True,0,id,2026-05-04T16:53:27.475309
Ci9DQUlRQUNvZENodHljRjlvT2twb01tNWtlV0pIT0RaRGFWTkhVRFphZUhOSVRIYxAB,ChIJbzQDCocXby4RWuA1g4r3yUU,Objek Wisata Curug Sidomba,Kuningan,Wisata,4,"Sekarang sepi.
Padahal dulu andalan wisata Kuningan.",2025-12-14T02:52:43.971Z,Toxic Brigade,107025371599931689154,True,0,id,2026-05-04T16:53:27.475327
Ci9DQUlRQUNvZENodHljRjlvT2xoc2JGTnRZbXR4V0ZacFptWnVSVFZzWlRCM2RGRRAB,ChIJbzQDCocXby4RWuA1g4r3yUU,Objek Wisata Curug Sidomba,Kuningan,Wisata,4,Bersih airnya melimpah ruah,2025-12-09T13:54:33.412Z,ADE AHMAD EFENDI,100259917693359339591,True,0,id,2026-05-04T16:53:27.475336
Ci9DQUlRQUNvZENodHljRjlvT25aWk5rOU9RbUpoYlVKVVRUQXRValZpWDNod1dFRRAB,ChIJbzQDCocXby4RWuA1g4r3yUU,Objek Wisata Curug Sidomba,Kuningan,Wisata,4,"Obyek wisata yg dulu pernah hits, tp sekarang mulai sepi, apalagi curugnya sekarang kurang keurus, rame ketika ada yg kemping, aja mudah-mudahan gak mati lah  objek wisatanya",2025-09-18T10:18:34.009Z,ASHFARN 97,110797949344819091353,True,0,id,2026-05-04T16:53:27.475412
Ci9DQUlRQUNvZENodHljRjlvT2tvNU1VUlBMWEJCYVVOU2NuZERXVVV6WlVOVk0yYxAB,ChIJbzQDCocXby4RWuA1g4r3yUU,Objek Wisata Curug Sidomba,Kuningan,Wisata,5,bagus tapi buat camping anak sekolah,2025-09-16T02:52:28.027Z,Karisma Fitri,111807397075147446983,False,0,id,2026-05-04T16:53:27.475427
Ci9DQUlRQUNvZENodHljRjlvT2tGNFoyWjZhVVpYU1dGc1MyNUpiVXAyWm5obE1VRRAB,ChIJH0q3pTMXby4REoLGQ4fawOk,Kolam Renang Balong Dalem,Kuningan,Wisata,1,wisata ampas kolamnya banyak daun yang gugur dan dibiarin berantakan juga tidak enak di lihat,2026-05-02T02:52:52.981Z,Dezett Kageno,105137656315026833754,False,0,id,2026-05-04T16:53:27.475435
Ci9DQUlRQUNvZENodHljRjlvT25nMlVYQnVabnBTWlV4amNUa3pWbXAzVm01aWNtYxAB,ChIJH0q3pTMXby4REoLGQ4fawOk,Kolam Renang Balong Dalem,Kuningan,Wisata,5,Wisata mata air dgn Kolam ikan luas nyaman adem sejuk,2026-03-26T11:55:10.601Z,andi nunu sunandi,105436836457769829271,False,0,id,2026-05-04T16:53:27.475449
Ci9DQUlRQUNvZENodHljRjlvT2tab05ubHBObmwzYURoWVRtWnJjemQ0ZGxONFpuYxAB,ChIJH0q3pTMXby4REoLGQ4fawOk,Kolam Renang Balong Dalem,Kuningan,Wisata,4,HTM NYA SUDAH MAHAL,2025-10-01T15:27:08.211Z,ACHMAD MAJDI R.S,113176422496433515109,False,0,id,2026-05-04T16:53:27.475457
ChdDSUhNMG9nS0VJQ0FnSURuNWJmbDRRRRAB,ChIJH0q3pTMXby4REoLGQ4fawOk,Kolam Renang Balong Dalem,Kuningan,Wisata,5,"tempatnyaaa baguss poll, sejukkkk, adem",2024-10-08T03:39:10.037Z,kania sunda,110593386165510041728,False,0,ms,2026-05-04T16:53:27.475675
ChZDSUhNMG9nS0VJQ0FnSURiaGRLeFlnEAE,ChIJH0q3pTMXby4REoLGQ4fawOk,Kolam Renang Balong Dalem,Kuningan,Wisata,5,"Kangen maen kesini lagi, segar suasananya",2024-08-07T10:01:52.761Z,Fitria silmia,103774475298757689588,True,0,id,2026-05-04T16:53:27.475700
ChZDSUhNMG9nS0VJQ0FnSUNEMDRlNEN3EAE,ChIJH0q3pTMXby4REoLGQ4fawOk,Kolam Renang Balong Dalem,Kuningan,Wisata,5,Cocok untuk outbond. Tidak luas memudahkan koordinasi,2024-04-01T09:38:51.567Z,Sutadi Official,106621034061057592414,True,1,id,2026-05-04T16:53:27.475729
ChZDSUhNMG9nS0VJQ0FnSUNCcnQ2X1dnEAE,ChIJH0q3pTMXby4REoLGQ4fawOk,Kolam Renang Balong Dalem,Kuningan,Wisata,4,"Airnya jernih, tempat nya bagus.",2022-12-26T04:37:12.928Z,Irfan A,117949542218891932093,False,0,id,2026-05-04T16:53:27.475738
ChdDSUhNMG9nS0VJQ0FnSURDdzhDUnZnRRAB,ChIJH0q3pTMXby4REoLGQ4fawOk,Kolam Renang Balong Dalem,Kuningan,Wisata,4,Perlu perawatan dan ditingkatkan lagi pemeliharaan dan kebersihan kolam renangnya,2020-10-09T06:52:00.705Z,Akhmad Hidayat,100441352428238455379,True,0,id,2026-05-04T16:53:27.475772
Ci9DQUlRQUNvZENodHljRjlvT2w5V1oxaEZMWHAxY1Y5cmJHTk9UVkJPUVdwNWVsRRAB,ChIJc1xwod4Zby4R5Z7tCit42Nk,Sangkan Aqua Park,Kuningan,Wisata,5,"ini seru bangett sih seriusss😫, apalagi pas naik prosotan yang gede ituu, sampe berkali-kali nyobain prosotanya saking seru dan candu nya, pokoknya next time harus kesini lagii💞💕",2026-02-02T09:38:11.328Z,iis Santun,117839465566775594890,True,0,id,2026-05-04T16:53:27.475798
Ci9DQUlRQUNvZENodHljRjlvT2t0dFVpMUJZV0puTUdOd2JrcElXbTVhV0Zwa2JHYxAB,ChIJc1xwod4Zby4R5Z7tCit42Nk,Sangkan Aqua Park,Kuningan,Wisata,1,JANGAN LAGI KE SANGKAN RESOR AQUA PARK GAK SESUAI DENGAN HARGA TIKET FASILITASNYA SEPI PENGUNJUNG PARKIR MOBIL MAHAL JANGAN DI KUNJUNGI LEBIH BAIK CARI TEMPAT YANG LAIN,2026-02-01T09:17:04.558Z,Yusup Mulyana,107413611808065010512,False,0,id,2026-05-04T16:53:27.475808
Ci9DQUlRQUNvZENodHljRjlvT25sVVNHOXVSbDlzZUd4dFZUWlZWVlZGZVRoWlpVRRAB,ChIJc1xwod4Zby4R5Z7tCit42Nk,Sangkan Aqua Park,Kuningan,Wisata,1,"Not satisfied, dirty toilet, room praying and ni good for vacation place..really dissapointed, weekend but no much visiter come this place",2026-02-01T08:22:31.721Z,Hitecsky,110411337942717387323,False,0,en,2026-05-04T16:53:27.475834
Ci9DQUlRQUNvZENodHljRjlvT2xweVdFNTRObXhYWkd3MllWRmFPV051UkRZMWNuYxAB,ChIJc1xwod4Zby4R5Z7tCit42Nk,Sangkan Aqua Park,Kuningan,Wisata,1,"Saya driver ojol saya dapat pesanan ngirim ke loby, kok ojol wajib bayar parkir selama saya ngojol keluar masuk hotel gak pernah tuh di pinta parkir,ini malah di pinta kocak
Untung gak seberapa di pintaain parkir
Perbaiki lagi deh itu jan sampe bikin para ojol pada ngamuk gara2 di pintaain uang parkir ke semua orang harus bisa bedain yang nganterin makan/barang sama yang liburan!!",2026-01-30T05:22:47.511Z,Hendra Gunawan,107716905557728653483,False,0,id,2026-05-04T16:53:27.475845
Ci9DQUlRQUNvZENodHljRjlvT2pOVVEzVk5WMHMyY1RWdVdqQjJTRmxGVjJ4TlRrRRAB,ChIJc1xwod4Zby4R5Z7tCit42Nk,Sangkan Aqua Park,Kuningan,Wisata,1,"Kalian tau gak sih mayoritas penduduk Indonesia itu muslim?? Itu mushola gak ada suci2 nya sama sekali, bau eek tikus. Kesananya gaboleh bawa makanan pas beli telur gulur banyak semutnya. Dan sama sekali gak suka pelayan nya yg meriksa barang.",2026-01-18T13:09:07.353Z,Tanty Lianass,107585024281272303476,False,0,id,2026-05-04T16:53:27.475914
Ci9DQUlRQUNvZENodHljRjlvT2pBdFJFSkhiMFJCVmxaMlMwWlJRVXMzVEhoVFkwRRAB,ChIJkT0wmI8Zby4R3u-GFAn5rNw,Wisata Cipaniis,Kuningan,Wisata,5,"Banyak tersedia makanan, warung, jagung bakar, mie ayam, bakso, popmie, mie rebus, teh panas, es, ada kamar ganti, parkiran motor luas, parkiran mobil cukup. Untuk tiket hari biasa, akhir pekan dan libur nasional beda, terutama libur lebaran. Harga makanan beravariasi, tapi kualitas rasa cukup enak.",2026-03-30T07:40:43.033Z,Abu Halim,113987236783285472337,True,0,id,2026-05-04T16:53:27.475961
Ci9DQUlRQUNvZENodHljRjlvT2pOVFJqYzROMjlxVTJwbE1YZFhTa1Z2ZEVOeU1YYxAB,ChIJkT0wmI8Zby4R3u-GFAn5rNw,Wisata Cipaniis,Kuningan,Wisata,5,"suasana pegunungan adem asri airnya jernih, bnyk sawung makanan parkir kendaraan luas",2026-03-30T05:29:42.016Z,Mas Aan Getasan,113226948029782504727,True,0,id,2026-05-04T16:53:27.475971
Ci9DQUlRQUNvZENodHljRjlvT2twWWQzY3hVVWgwUmpabllubEtNRUZNZDJ0bk1XYxAB,ChIJkT0wmI8Zby4R3u-GFAn5rNw,Wisata Cipaniis,Kuningan,Wisata,5,"Ini wisata pemandian yg setiap tahun dikunjungi, khususnya pada saat liburan lebaran, pengunjungnya pasti membludak, bahkan antrian sampe penuh ga muat 😄
Tempat wisata favorit ortuku krn airnya mengalir, ga kaya kolam renang.
Untuk tiket masuknya 15rb perorang, parkir mobil 10rb, parkir motor lupa berapa.
Banyak juga penyedia jajanan di pinggir sungainya, dan malah menurutku harganya masih standar, ga nggetok 😁
Semoga selalu begitu ya supaya pengunjung juga ga kapok bahkan selalu bertambah banyak.
Sayangnya, pengunjung yg notabenenya orang Indonesia ini, ya hampir sama di mana2, yaitu ga mau memiliki kesadaran untuk menjaga kebersihan 😭
Padahal tempat sampah sudah disediakan di beberapa titik, tapi pengunjung malah tetep males buat ngumpulin dan buangin sampah ke tempatnya, cuma digletakin gitu aja di tempat manapun mereka ninggalin 😭
Semoga warga negara Indonesia ini semakin memiliki kesadaran untuk menjaga kebersihan supaya lingkungan nyaman, tempat wisata nyaman, dan di manapun nyaman.",2026-03-28T15:05:26.239Z,Starry Hoshi,116616075688252373589,True,0,id,2026-05-04T16:53:27.475990
Ci9DQUlRQUNvZENodHljRjlvT2tWNkxVOU9VMnBFZVc0d1puTlZjWFp3YXpKaGJHYxAB,ChIJkT0wmI8Zby4R3u-GFAn5rNw,Wisata Cipaniis,Kuningan,Wisata,5,Suasana sangat indah dan asri,2026-03-28T08:57:03.710Z,Sugih Nugraha,113726553743496016986,False,0,id,2026-05-04T16:53:27.476000
Ci9DQUlRQUNvZENodHljRjlvT2tsS1IxSnNTa3huY25FNVdVOUhiV1JSTjFwdGEyYxAB,ChIJkT0wmI8Zby4R3u-GFAn5rNw,Wisata Cipaniis,Kuningan,Wisata,5,Kawasan Konservasi,2026-03-27T15:28:40.639Z,Dehan Khairurizal,100743218820746096190,True,0,id,2026-05-04T16:53:27.476010
Ci9DQUlRQUNvZENodHljRjlvT2poME1GTkdYelZuVVcxcWVIUjNUMlJoZEhoZmFVRRAB,ChIJkT0wmI8Zby4R3u-GFAn5rNw,Wisata Cipaniis,Kuningan,Wisata,1,"Airnya sangat jernih,,, saran saja Tolong pengelola klau bisa larang yg makan atau bawa makanan jangan di pinggir pemandiaanya,,, karena sampahnya jadi ikut masuk ke pemandian,,,, sayang destinasi sebagus itu sampahnya berantakan,,",2026-03-26T01:46:40.721Z,Romli Piqy,114217651072530159646,False,0,id,2026-05-04T16:53:27.476029
Ci9DQUlRQUNvZENodHljRjlvT2xGeGFWaGxjRVpOTFdkWlNpMUViREZFVUVSV1ZGRRAB,ChIJkT0wmI8Zby4R3u-GFAn5rNw,Wisata Cipaniis,Kuningan,Wisata,1,Tidak memuaskan ( tdk sesuai dengan harga tiket,2026-03-25T14:40:01.222Z,Redy sebri Sebri,107443073652242493419,False,0,id,2026-05-04T16:53:27.476039
Ci9DQUlRQUNvZENodHljRjlvT2pSVFZHWkJXbGRqVGkxVlJYSXRZM1UxYTNrMFoxRRAB,ChIJkT0wmI8Zby4R3u-GFAn5rNw,Wisata Cipaniis,Kuningan,Wisata,1,"Harga tiket elite semua serba bayar dari tiket masuk 20 k per biji, bayar parkir 5k, ruang ganti 2 k, kencing 2 k, boker 2k, mandi 2k.
20k dapet include liatin sungai yang bening doang, gak worth it banget .

Heran 20k ini dikemanain sama pengelolanya.",2026-03-25T09:27:34.655Z,Herlina,111049276844946837741,False,0,id,2026-05-04T16:53:27.476059
Ci9DQUlRQUNvZENodHljRjlvT2s1RVZGTmZXVmxYYkdJeGVYTjFTVWQwV0MxMlMzYxAB,ChIJkT0wmI8Zby4R3u-GFAn5rNw,Wisata Cipaniis,Kuningan,Wisata,5,Airnya jernih dan segar,2026-02-19T04:39:17.582Z,Arifin Abdurrasyid,118345574252694523496,False,0,id,2026-05-04T16:53:27.476116
ChZDSUhNMG9nS0VJQ0FnSURta1l2OFRnEAE,ChIJkT0wmI8Zby4R3u-GFAn5rNw,Wisata Cipaniis,Kuningan,Wisata,4,Sumber air alami... Seger... Tapi tempat kurang terawat aja,2026-02-03T23:58:34.864Z,Fadma Sari,113180985566419755523,True,0,id,2026-05-04T16:53:27.476137
ChZDSUhNMG9nS0VJQ0FnSUNNdm9LN1lBEAE,ChIJH0q3pTMXby4REoLGQ4fawOk,Kolam Renang Balong Dalem,Kuningan,Wisata,4,"Salah satu DTW yg berada di kawasan TNGC di kelola oleh PDAU, disini tersedia untuk nginep ( rombongan bisa)pun pasilitas lainnya...",2019-11-21T10:18:43.353Z,Edi Haryadi,100176567210501681702,True,0,id,2026-05-04T16:53:27.476155
ChdDSUhNMG9nS0VJQ0FnSUQwdExmUnl3RRAB,ChIJH0q3pTMXby4REoLGQ4fawOk,Kolam Renang Balong Dalem,Kuningan,Wisata,4,Wisata sejarah n pemandian,2019-10-25T01:43:26.197Z,Badruz zaman,104341625881750002630,True,1,id,2026-05-04T16:53:27.476166
ChdDSUhNMG9nS0VJQ0FnSUNVM1BlSDZRRRAB,ChIJH0q3pTMXby4REoLGQ4fawOk,Kolam Renang Balong Dalem,Kuningan,Wisata,4,"Untuk yang suka petualangan dan camping d tempat terbuka, harus coba, dan rasakan  dinginnya...
Kalo akan sewa villa hanya 250-300ribu
Cukup hemat d kantong anda",2019-07-21T00:42:13.814Z,didik sarwono,115425911296604907662,True,0,id,2026-05-04T16:53:27.476210
ChdDSUhNMG9nS0VJQ0FnSUNBX3ZMaWpBRRAB,ChIJH0q3pTMXby4REoLGQ4fawOk,Kolam Renang Balong Dalem,Kuningan,Wisata,5,Harus selalu dijaga kebersihannya,2018-09-30T14:58:16.038Z,putri nurfitriyani,106887496110814241766,True,0,id,2026-05-04T16:53:27.476265
ChdDSUhNMG9nS0VJQ0FnSUNnc0kzbTV3RRAB,ChIJH0q3pTMXby4REoLGQ4fawOk,Kolam Renang Balong Dalem,Kuningan,Wisata,5,Seru kemah ke balong dalem,2018-09-27T08:25:41.382Z,Aris Nurdianto,118350265280652745578,False,0,id,2026-05-04T16:53:27.476278
ChdDSUhNMG9nS0VJQ0FnSUN3Nk5HZDZBRRAB,ChIJH0q3pTMXby4REoLGQ4fawOk,Kolam Renang Balong Dalem,Kuningan,Wisata,4,Kolam dengan air alami,2018-07-16T09:57:35.366Z,Didi Disini,102151663982429209347,True,0,id,2026-05-04T16:53:27.476300
Ci9DQUlRQUNvZENodHljRjlvT2tkNE1XVlNjbGxoY0ZWeFVXTkZlWHBsV1dOVmRsRRAB,ChIJbzQDCocXby4RWuA1g4r3yUU,Objek Wisata Curug Sidomba,Kuningan,Wisata,2,"Hari Sabtu berkunjung ke tempat wisata curug Sidomba, ternyata sepi pengunjung, tempatnya kurang terawat, sangat kotor",2025-08-23T07:22:02.986Z,Pemdes Cikedung,112972859845150167471,False,0,id,2026-05-04T16:53:27.476312
Ci9DQUlRQUNvZENodHljRjlvT2pkeVRXZEZTa05tYVhGVVFVRlZOMFJ3UjNOcFNGRRAB,ChIJbzQDCocXby4RWuA1g4r3yUU,Objek Wisata Curug Sidomba,Kuningan,Wisata,2,pemda ga bakal ikut campur kalo tempat ga ada untungnya. dispar gerak kalo ada cuan makanya disini wisata mahal tp ga sesuai espektasi. kalo mau maju harus dikelola provinsi atau pusat (kompetensi jd tolak ukur daerah itu maju atau tdk),2025-08-21T06:06:18.358Z,Justice77,114773801537447373401,True,0,id,2026-05-04T16:53:27.476326
Ci9DQUlRQUNvZENodHljRjlvT2pCdWRYRk9MV1kyVGtwQ1FVOUtibGhwVldORFdYYxAB,ChIJbzQDCocXby4RWuA1g4r3yUU,Objek Wisata Curug Sidomba,Kuningan,Wisata,1,"Kecewa sekali bawa anak anak ternyata tidak sesuai yang diharapkan, objek wisata si domba rusak parah ga keurus uda bayar tiket mahal kecewa berat",2025-06-28T03:16:03.485Z,Hesdiana Puspa Linda,103040389020781023517,True,0,id,2026-05-04T16:53:27.476342
Ci9DQUlRQUNvZENodHljRjlvT205cVZrUjZUbVp4UlcxVGFERjVPWEJsVkU5Rk5FRRAB,ChIJbzQDCocXby4RWuA1g4r3yUU,Objek Wisata Curug Sidomba,Kuningan,Wisata,5,Tempat perkemahan bersih dan nyaman,2025-06-20T02:01:48.241Z,almira latisha,110025864782539818940,False,0,id,2026-05-04T16:53:27.476364
ChdDSUhNMG9nS0VJQ0FnTUNJNmVfeHVBRRAB,ChIJbzQDCocXby4RWuA1g4r3yUU,Objek Wisata Curug Sidomba,Kuningan,Wisata,1,"Tempatnya kumuh sepi bgt didalemnya gada petugas kaya bukan tempat wisata udh bayar tiket mahal², nyesel
Yang mau kesini mending cari tempat lain aja",2025-04-03T07:05:18.586Z,Akhmad Jamaludin,103837333015302972938,False,0,id,2026-05-04T16:53:27.476443
ChZDSUhNMG9nS0VJQ0FnTUNJdnAtZUtBEAE,ChIJbzQDCocXby4RWuA1g4r3yUU,Objek Wisata Curug Sidomba,Kuningan,Wisata,4,Harga tiket masuk 15000 naik odong2 ke atas 5000 ada tempat makan dan naik becak kecil 10 rbu,2025-04-02T10:25:57.342Z,Qcmas Cirebon,100129931901160759249,True,0,id,2026-05-04T16:53:27.476454
ChZDSUhNMG9nS0VJQ0FnTUR3X3UyYVNBEAE,ChIJbzQDCocXby4RWuA1g4r3yUU,Objek Wisata Curug Sidomba,Kuningan,Wisata,5,"aksesnya mudah dilalui dibanding curug² biasanya,curugnya keren",2025-03-26T07:15:57.177Z,Ihsan salman,109925931805583610401,True,0,id,2026-05-04T16:53:27.476467
ChdDSUhNMG9nS0VJQ0FnSUNmbWMzbDlRRRAB,ChIJbzQDCocXby4RWuA1g4r3yUU,Objek Wisata Curug Sidomba,Kuningan,Wisata,1,"Jauh jauh dari Bekasi, mampir ke Losari rumah sodara. Terus berkunjung ke wisata sidomba TAPI tempatnya bener2 gak terawat (terbengkalai) pas kesana hari ini, liburan sekolah anak2. Mba2 tiket masuk gaada info samsek kalo wisata itu ternyata emng udh terbengkalai sejak covid (kata temen yg rumahnya di Kuningan) . Karena pgn tau itu wisata masih buka atau ngga makanya nanya ke temen. Ternyata katanya sudah terbengkalai, cuma ada buat konser sama camp doang..
Kecewanya karena pas bayar tiket kita tidak di info apa2 mengenai keadaan lokasi yang sangat2 tidak ramah buat anak2 (horror). Banyak monyet liar, kantin tutup.",2024-12-30T15:05:28.568Z,saadah,104608317669428644352,False,0,id,2026-05-04T16:53:27.476562
ChZDSUhNMG9nS0VJQ0FnSURQeWRDWldnEAE,ChIJbzQDCocXby4RWuA1g4r3yUU,Objek Wisata Curug Sidomba,Kuningan,Wisata,2,"Sepi banget dateng pas hari sabtu, kawasan air terjunnya kumuh tidak ada air terjunnya lagi",2024-12-03T14:03:40.870Z,ia kurniasari,106846365479605817228,False,0,id,2026-05-04T16:53:27.476607
Ci9DQUlRQUNvZENodHljRjlvT25sS2JWTmtPRzlXVURsMmFGcFpZM05GT0VSeGFtYxAB,ChIJkT0wmI8Zby4R3u-GFAn5rNw,Wisata Cipaniis,Kuningan,Wisata,5,Tempat yang asik,2026-01-28T12:06:38.938Z,Promo Kaban,109925162788443497789,False,0,id,2026-05-04T16:53:27.476641
Ci9DQUlRQUNvZENodHljRjlvT21kelEzYzJiMVJHV1c5aVEwZHBWRlZRUW1KclQzYxAB,ChIJkT0wmI8Zby4R3u-GFAn5rNw,Wisata Cipaniis,Kuningan,Wisata,5,Seblak termantul,2026-01-05T03:55:39.729Z,Gita Herlina,107872316422349292265,False,0,id,2026-05-04T16:53:27.476670
Ci9DQUlRQUNvZENodHljRjlvT210R05YTXpVblZZTWxwdWRtWlBjbEZMUnpjNFYyYxAB,ChIJkT0wmI8Zby4R3u-GFAn5rNw,Wisata Cipaniis,Kuningan,Wisata,5,Suejuk banget tempatnya,2025-12-28T08:29:15.834Z,dea comcell,106268435846482012666,True,0,id,2026-05-04T16:53:27.476702
Ci9DQUlRQUNvZENodHljRjlvT2xKelMwUTJORlZoZG5ZNVlrMHhSV05QUXprNGJsRRAB,ChIJkT0wmI8Zby4R3u-GFAn5rNw,Wisata Cipaniis,Kuningan,Wisata,1,Ngene tok wis larang tiket e...,2025-11-29T02:05:01.787Z,Su Ji,116921846917952056904,False,0,jv,2026-05-04T16:53:27.476719
