review_id,place_id,place_name,wilayah,kategori,rating,review_text,review_date,reviewer_name,reviewer_id,is_local_guide,likes_count,original_language,scraped_at
ChdDSUhNMG9nS0VJQ0FnSURTbFpxeS13RRAB,ChIJd4MbgC4Uby4RNGPYu8gszJY,Waroeng Batok,Kuningan,Kuliner,5,"Tempatnya simpel, sejuk, enak buat dinner and doubleDate, makananya pun enak banget, segera dicoba mampir bagi yang blom pernah ayo segera,,",2021-01-03T09:22:40.048Z,Rendy Motovlog,116066641626276140490,False,0,id,2026-05-04T16:55:05.311144
ChdDSUhNMG9nS0VJQ0FnSURra1BmbDlnRRAB,ChIJd4MbgC4Uby4RNGPYu8gszJY,Waroeng Batok,Kuningan,Kuliner,5,Menunya enak enak dengan harga yang terjangkau,2019-06-23T10:06:22.008Z,Cijolang Mania,114022426086389004268,True,0,id,2026-05-04T16:55:05.311180
Ci9DQUlRQUNvZENodHljRjlvT210eGFYSkNlbkJRTlZNNWJHc3hhRE5VWldneFoxRRAB,ChIJi2L5BsUZby4RCq6objl5Czw,Rumah Makan Lesehan Saung Koering,Kuningan,Kuliner,5,Sangat Profesional,2026-04-21T09:51:18.117Z,Agung Jazuli,100600184711076237550,False,0,id,2026-05-04T16:55:05.311218
Ci9DQUlRQUNvZENodHljRjlvT21OQlFURlZjRkZtYjFsU2JXZERTWEpWZVRWdFdGRRAB,ChIJi2L5BsUZby4RCq6objl5Czw,Rumah Makan Lesehan Saung Koering,Kuningan,Kuliner,1,Pengiriman lama sekali,2026-03-22T07:47:02.137Z,Lulu Setiawaty,105081562798760848100,False,0,id,2026-05-04T16:55:05.311233
Ci9DQUlRQUNvZENodHljRjlvT25WYWQwVnJVMkZUWW1GNE5HOHdXbXR6Vkc5SFVGRRAB,ChIJi2L5BsUZby4RCq6objl5Czw,Rumah Makan Lesehan Saung Koering,Kuningan,Kuliner,5,"Tempat makan asri dan luas, pemandangan sawah, ada kolam ikan. Namun sayang pilihan menunya tidak semuanya tersedia, mungkin karena di hari kerja bukan weekend. Overall masakannya lumayan enak dan porsinya banyak sssuai harga.",2026-01-21T04:52:51.143Z,S. N. (Septian),118302798367399067905,True,0,id,2026-05-04T16:55:05.311244
Ci9DQUlRQUNvZENodHljRjlvT21VMmRHTTFTMFJMY25waGFHNUZhME5uZEY5MUxVRRAB,ChIJi2L5BsUZby4RCq6objl5Czw,Rumah Makan Lesehan Saung Koering,Kuningan,Kuliner,5,Assalamualaikum info lokernya,2025-06-28T11:13:50.269Z,Muhamad Azam,102032967066741296862,True,0,id,2026-05-04T16:55:05.311274
ChZDSUhNMG9nS0VJaThsdUtMcGJ5bU93EAE,ChIJi2L5BsUZby4RCq6objl5Czw,Rumah Makan Lesehan Saung Koering,Kuningan,Kuliner,5,"Masakan enak, suasana adem",2025-05-14T06:39:35.107Z,Erwin Zainudin,116533640383258890728,True,0,id,2026-05-04T16:55:05.311294
ChdDSUhNMG9nS0VJQ0FnTUNJdDcyYWtnRRAB,ChIJi2L5BsUZby4RCq6objl5Czw,Rumah Makan Lesehan Saung Koering,Kuningan,Kuliner,5,"Ne tempat luas, ada kolam renang mininya, ada kolam ikannya gede2..rasanya oke, ada ayunannya juga..view nya jos kalo ga mendung/berawan, ciremai gede banget keliatan..",2025-04-05T11:01:00.627Z,Fedy Dwiantoro,102942510817532806464,True,0,id,2026-05-04T16:55:05.311303
ChdDSUhNMG9nS0VJQ0FnTUNJcm9DdmpnRRAB,ChIJi2L5BsUZby4RCq6objl5Czw,Rumah Makan Lesehan Saung Koering,Kuningan,Kuliner,1,"tempatnya kotor banget, banyak sampah makanan berceceran jadinya banyak semut dimana-mana, ada beberapa saung yg ga di bersihin dan kalo customer selesai makan ga langsung di beresin",2025-04-02T01:32:39.458Z,GEA 16,112982845405106086430,False,0,id,2026-05-04T16:55:05.311313
ChdDSUhNMG9nS0VJQ0FnTUNJLXFMMXJRRRAB,ChIJi2L5BsUZby4RCq6objl5Czw,Rumah Makan Lesehan Saung Koering,Kuningan,Kuliner,1,Nunggu pesanan lama.nasi ada semutnya .gurami dua di bungkus adanya satu.waah!!! Parah banget bikin kecewa dan engga mau ke situ lagi!!!,2025-04-01T11:00:50.888Z,Putra Mandiri,117613322181135764264,False,0,id,2026-05-04T16:55:05.311339
ChdDSUhNMG9nS0VJQ0FnTUNJdXB2RzhRRRAB,ChIJi2L5BsUZby4RCq6objl5Czw,Rumah Makan Lesehan Saung Koering,Kuningan,Kuliner,1,"Pesen 2 gurame bakar dibungkus tapi yang dibungkus nya cuma 1,parah banget",2025-04-01T10:27:30.945Z,teteh uripah,111098738689256207562,False,0,id,2026-05-04T16:55:05.311351
ChZDSUhNMG9nS0VJQ0FnTURnbTVPU2NBEAE,ChIJi2L5BsUZby4RCq6objl5Czw,Rumah Makan Lesehan Saung Koering,Kuningan,Kuliner,5,Utuk pengalaman belum..tapi saya udah yakin.tempat dan makananya ok puya pokoya semuaya bagus..insa allah.allah menghendaki.pokoya lancar semuaya.saya niat mau kumpul2 di RM SAUNG KURING.GRUP ALUMNI.SMP PERTIWI..DI HARI JADI PERKUMPULANYA.DI BULAN 10..,2025-02-27T17:15:36.521Z,Joni Hasanudin,101364780834539411342,False,0,id,2026-05-04T16:55:05.311363
ChdDSUhNMG9nS0VJQ0FnSURma3VYV3FnRRAB,ChIJi2L5BsUZby4RCq6objl5Czw,Rumah Makan Lesehan Saung Koering,Kuningan,Kuliner,4,"Gratis berenang khusus anak2, harga lebih mahal dikit. Karedok 20, Nasgor 25, nasi putih 7 ribu, tapi gratis berenang buat anak2.
Ada play ground dua unit bisa ditambahkan serodotan nya.

Parkir gratis, luas, musola bersih, tempat makan banyak,",2025-01-05T05:26:50.987Z,Sarmud Muda,111141682400162501378,True,0,id,2026-05-04T16:55:05.311374
ChdDSUhNMG9nS0VJQ0FnSURYeUtibGx3RRAB,ChIJi2L5BsUZby4RCq6objl5Czw,Rumah Makan Lesehan Saung Koering,Kuningan,Kuliner,5,"Suasana nya juara,Karena posisi di pesawahan.
Makan di samping kolam ikan jadi anakku ada hiburannya saat menunggu orderan blm dtg.
Harga terjangkau",2024-10-23T12:18:21.924Z,Fitria,110830440511317389167,True,0,id,2026-05-04T16:55:05.311385
ChdDSUhNMG9nS0VJQ0FnSUQ3NGIzQjFRRRAB,ChIJi2L5BsUZby4RCq6objl5Czw,Rumah Makan Lesehan Saung Koering,Kuningan,Kuliner,3,"Suasannya bagus, adem namun ada beberapa meja yang memang tidak dibersihkan, terus nunggu makanan lamaaaa hampir 1 jam, rasanya pun kurang cah kangkung harga 20 rb sama dengan harga ayam goreng 20 rb itu belum termasuk nasi, belum lagi konsumen datang tuh bukannya langsung sodorin menu malah kita yg nyari karyawannya",2024-08-25T06:47:09.618Z,Euis Susilawati,104776764460436913148,False,0,id,2026-05-04T16:55:05.311446
ChZDSUhNMG9nS0VJQ0FnSUNMajU2ZGJ3EAE,ChIJi2L5BsUZby4RCq6objl5Czw,Rumah Makan Lesehan Saung Koering,Kuningan,Kuliner,1,"Ke sini bawa keluarga, niatnya nyenengin orangtua yg suka makan tradisional begini. Tp pas ke sana kecewa. Ngga tau ya, kenapa ada yg ngasih bintang 4/5. Tp setelah saya liat2 lagi, yg ngasih review bagus itu yg udh agak lama, setahun lalu, 5 bulan lalu. Kalo yg terbaru2 pd rating jelek. Dan saya jg tambahin nih ratingnya karena saking keselnya sm pelayanan kemaren. Apa udah ganti kepemilikan apa ganti menegemen atau gimana, kok bisa jomplang banget.

Baru dateng sepi banget padahal hari minggu. Cuma ada keluarga saya berlima dan keluarga satunya yg udh selesai makan di saung seberang. Menunya sedikit dan kaget harganya mahal banget dgn pelayanan yg ga worth it. Masa sayur asem 15rb, cah kangkung/karedok 20rb. Bingung mau makan aja sayurnya mahal udah kaya harga ayamnya. Masa telor dadar juga 15ribu? Emang dadar telor nya berapa biji sih semahal itu?? Di Waroeng SS yg udh terkenal aja dadar telor dan sayuran kaya gitu ga nyampe 10ribu!

Pelayannya juga ga respect, kita dateng tuh tempatnya kaya belum disapu. Alas buat lesehan kan ada di atas meja, harusnya tau ada pelanngan dateng tuh disamperin terus diturunin alas buat duduknya. Lah itu mah cuma berdiri doang ngeliat adik saya nurunin alas lesehan sendiri. Sampe adik saya bilang ke saya, ""bantuin sih"" katanya gitu. Tp pelayan bener2 ga respect apa2 misal ""oiya kak sini saya turunin"" atau apalah yg harusnya itu tugas pelayannya. Itu msh bener2 diem aja sambil megangin kertas menu. Pas kita udh duduk baru dikasihin menunya tanpa ngomong apa2. Kita pilih2 dan liat harganya juga agak kaget, menu sedikit, harga mahal2 untuk setara RM sederhana gini doang. Kalo kita makannya di restoran yg terkenal dan tempatnya estetik gitu mungkin ga heran kalo harganya mahal. Lah ini ngga sepadan!

Abis kita selesai pilih menu, pelayannya nerima kertas menu terus pergi gitu aja. Sumpah ya, batu kali iniii pesen makanan tp pelayannya nylonong gitu aja! Di mana2 tuh pesenan pelanggan diulangi lagi apa2 aja yg dipesennya, kan SOPnya gitu biar ga salah pesenan juga. Waktu dateng juga nganterin makanan diem aja ga bilang silakan atau apa. Kek bener2 udah deh orang kaya gini ga usah jd pelayan, garing banget. Kita jg jadi males bilang makasih udh dianterin makanan, pdhl kita orang yg selalu bilang makasih tiap menu yg udah dianterin sm pelayannya, tp kali ini ngga, saking keselnya sm pelayan itu. Kalo pelayan satunya yg anterin makanan mah ramah, jd kita jg makasih sama beliau. Ngga tau dia namanya siapa. Kalo ada udh ditag deh di sini. Kita ke sana hari Minggu jam set. 2 siang, dia pake kaos putih panjang sm krudung item pendek kaya ada tahilalat di hidungnya.

Kalo rasa mah B aja, ayam goreng + ayam bakar lumayan, tp kata mamah saya ikan nila bakarnya masih amis. Sayur asem nya muanisss banget smpe pesen dua porsi, ga ada yg kita makan. Sayur asem kok manis. Udah mahal2 rasa malah ga enak. Kangkung lumayan tp harga 20rb sedikit banget dan ga ada tambahan apa2 kek kasih telor puyuh kek apa kek. Ga worth it! Sambelnya juga cuma dapet sambel kecap. Kita biasa makan ikan bakar itu dpt sambel yg lain jg, dpt lalap gratis sm sambel kecap. Ini mah sambel kecap doang, lalap juga ngga dikasih! Oiya, di saung seberang itu ada bekas makan orang yg tadi, dari kita dateng smpe kita pulang, itu piring2 kotor ngga diangkat2 sampe disamperin kucing ya ampuuuuun! Parah banget sih. Pdhl itu saung sepiiii banget ga ada siapa2 selain kita. Heran pada ngapain sih pelayan di dalem sampe bisa kek gitu?! Nunggu sekalian jam pulang kali ya baru beresin semua piring kotor bekas tamu. Pantes aja sepi bangetttt. Kapokkk ga akan mau ke sini lagi! Orangtua saya juga buru2 minta pulang, ga mau lama2 di situ katanya. Pointer plusnya mungkin cuma ada kolamnya aja sih, jd yg bawa anak kecil bisa main di situ. Selebihnya harga mahal dan pelayanan super mengecewakan!!!!! Keselnya bangetw berasa sampe hari ini saya ngasih review 👎👎👎👎",2024-06-24T01:53:29.546Z,Eka Solechah,105353458090651762909,False,0,id,2026-05-04T16:55:05.311462
ChdDSUhNMG9nS0VJQ0FnSUREM2E2UXFnRRAB,ChIJi2L5BsUZby4RCq6objl5Czw,Rumah Makan Lesehan Saung Koering,Kuningan,Kuliner,1,"Menu gak jelas
Es jeruk ada semutny..plus ada butiran Kek debu
Tempat lumayan lah adem
Suasana gak terlalu tenang..SAUNG sebelah brisik biasa kampungan norak..

Yah rate dari Gw 6/10

#reviewjujur

Btw Kalo di kuningan gw saranin makan di Arunika resto..",2024-04-13T05:40:09.263Z,Haidar Hanan,114836565884601981619,False,0,id,2026-05-04T16:55:05.311491
ChdDSUhNMG9nS0VJQ0FnSUREcWJ6RW9nRRAB,ChIJi2L5BsUZby4RCq6objl5Czw,Rumah Makan Lesehan Saung Koering,Kuningan,Kuliner,1,"Kesini di hari kedua lebaran 2024 dan mendapat pengalaman yg sangat buruk. Order gurame bakar untuk takeaway, pas dimakan terasa masih mentah.
Order untuk makan di tempat sudah 1 jam menunggu tidak kunjung diantar.",2024-04-11T09:23:52.642Z,S Anjarwirasti,115272361483507921540,True,1,id,2026-05-04T16:55:05.311778
ChZDSUhNMG9nS0VJQ0FnSURNcFBtUGVnEAE,ChIJi2L5BsUZby4RCq6objl5Czw,Rumah Makan Lesehan Saung Koering,Kuningan,Kuliner,5,Makanannya enak,2024-04-11T07:22:37.665Z,Laga Purnama,114532426875733237452,False,0,id,2026-05-04T16:55:05.312219
ChZDSUhNMG9nS0VJQ0FnSUNkc08tY01REAE,ChIJi2L5BsUZby4RCq6objl5Czw,Rumah Makan Lesehan Saung Koering,Kuningan,Kuliner,5,Tempatnya enak adem parkiran luas kolam renang buat anak gratis,2024-02-10T09:18:38.753Z,Warsim Acim,105680510224437774562,True,0,id,2026-05-04T16:55:05.312265
ChdDSUhNMG9nS0VJQ0FnSUNOenRISjJRRRAB,ChIJi2L5BsUZby4RCq6objl5Czw,Rumah Makan Lesehan Saung Koering,Kuningan,Kuliner,5,"Pelayanya rama,makanan nya mantullll kabeeeh,murah meriah,,gk pernah absen tiap ke linggar pasti mampir...🫠🫠",2024-01-14T15:32:28.487Z,INDU Nur,109858342441607480784,False,0,id,2026-05-04T16:55:05.312284
ChdDSUhNMG9nS0VJQ0FnSUQxMmQ2NnZnRRAB,ChIJi2L5BsUZby4RCq6objl5Czw,Rumah Makan Lesehan Saung Koering,Kuningan,Kuliner,5,"Makanan enak, bisa renang gratis",2024-01-08T12:11:13.784Z,Bima Azis,110241254152121170867,False,0,id,2026-05-04T16:55:05.312302
ChZDSUhNMG9nS0VJQ0FnSUMxalptd2ZnEAE,ChIJi2L5BsUZby4RCq6objl5Czw,Rumah Makan Lesehan Saung Koering,Kuningan,Kuliner,3,Perlu kerey pd stiap saung jd waktu ujan ga tampias,2024-01-02T07:49:57.012Z,Mas Broo,101447160933011158259,True,0,id,2026-05-04T16:55:05.312331
ChZDSUhNMG9nS0VJQ0FnSURselpPUEZnEAE,ChIJi2L5BsUZby4RCq6objl5Czw,Rumah Makan Lesehan Saung Koering,Kuningan,Kuliner,2,"Pelayanan nya gak enak banget bangettt dan tidak responsif,meja masih kotor udah bilang minta dibersihin lebih dari 1 kali cuma Iyaa iya nya ajaa hhu!",2023-12-03T07:04:39.894Z,Kharisma Fitri R,106689529219353952796,False,0,id,2026-05-04T16:55:05.312377
ChdDSUhNMG9nS0VJQ0FnSUNsNnNtamh3RRAB,ChIJi2L5BsUZby4RCq6objl5Czw,Rumah Makan Lesehan Saung Koering,Kuningan,Kuliner,4,Suasananya adem tenang tidak terlalu padat.  semua masakan fresh dan segar.. Ada kolam renang kecil buat balita. Pemandangan undakan sawah hijau berseri,2023-11-16T07:39:07.750Z,A rianto,102658807454894256059,True,0,id,2026-05-04T16:55:05.312388
ChdDSUhNMG9nS0VJQ0FnSURGcF92bnBBRRAB,ChIJi2L5BsUZby4RCq6objl5Czw,Rumah Makan Lesehan Saung Koering,Kuningan,Kuliner,3,"Suasananya enak, tapi menunya kurang bervariasi. Banyak kucing yang mengganggu saat waktu makan, selebihnya pelayannya ramah ramah gud.",2023-11-11T00:21:43.115Z,nur fazriah,107287830178080821690,False,0,id,2026-05-04T16:55:05.312402
ChZDSUhNMG9nS0VJQ0FnSUNGdzVqN1JREAE,ChIJi2L5BsUZby4RCq6objl5Czw,Rumah Makan Lesehan Saung Koering,Kuningan,Kuliner,4,"Makanan enak, suasana adem.. Pas bukan weekend jadi suasana adem. Bayar cash, tapi ada alternatif transfer",2023-11-01T06:45:45.560Z,mas nurul,108320640723768553703,True,0,id,2026-05-04T16:55:05.312418
ChZDSUhNMG9nS0VJQ0FnSUNKMFlQOUpBEAE,ChIJi2L5BsUZby4RCq6objl5Czw,Rumah Makan Lesehan Saung Koering,Kuningan,Kuliner,5,"Keren segala2nya dah pokonya..
Ada kolam renang juga untuk anak2",2023-06-29T11:08:44.814Z,Hendy Reiydzar21,110813208212304704434,True,0,id,2026-05-04T16:55:05.312472
ChdDSUhNMG9nS0VJQ0FnSUR4dm91ZG5nRRAB,ChIJi2L5BsUZby4RCq6objl5Czw,Rumah Makan Lesehan Saung Koering,Kuningan,Kuliner,5,"Suasananya adem, tapi nasinya keras",2023-06-09T06:22:49.939Z,Ezio Audi Amir Alshahr,111713358400918642105,True,0,id,2026-05-04T16:55:05.312508
ChdDSUhNMG9nS0VJQ0FnSUN4N1pXbGlnRRAB,ChIJi2L5BsUZby4RCq6objl5Czw,Rumah Makan Lesehan Saung Koering,Kuningan,Kuliner,5,"Cocok untuk keluarga. Tempat luas, ada kolam renang anak. Gado-gado nya ajib. Wajib kesini lagi.",2023-05-23T17:14:20.816Z,Wahyu Bintang Syuhada,109213631540843899729,True,0,id,2026-05-04T16:55:05.312528
ChZDSUhNMG9nS0VJQ0FnSUN4b2JlWUp3EAE,ChIJi2L5BsUZby4RCq6objl5Czw,Rumah Makan Lesehan Saung Koering,Kuningan,Kuliner,4,"tempatnya enak asri, ada kolam renangnya untuk anak anak, mushollahnya nyaman kaamr mandi bersih, ada ayunan. cocok untuk acara makan makan fun game untuk intansi ataupun keluarga. rasanya lumayan enak",2023-05-19T10:54:14.152Z,Dida Novia,101752149973760931897,True,3,id,2026-05-04T16:55:05.312539
ChZDSUhNMG9nS0VJQ0FnSURSemZHVkRBEAE,ChIJi2L5BsUZby4RCq6objl5Czw,Rumah Makan Lesehan Saung Koering,Kuningan,Kuliner,5,Gurame asam manis nya enak,2023-05-01T06:47:02.994Z,Reza Fauzan,102316140236329435804,False,0,id,2026-05-04T16:55:05.312550
ChdDSUhNMG9nS0VJQ0FnSURSeWVqNWdBRRAB,ChIJi2L5BsUZby4RCq6objl5Czw,Rumah Makan Lesehan Saung Koering,Kuningan,Kuliner,5,Tempat nya bagus buat keluarga,2023-04-28T06:28:37.504Z,DAR DER DOR HUNTING CLUB JUANDA SNIPER SEDATI GEDE (cipto mekanik juanda),106525645148722335247,True,0,id,2026-05-04T16:55:05.312570
Ci9DQUlRQUNvZENodHljRjlvT21obmFYaHVUa2xwVFdkbUxVcDNkbFpIU1ZaSGNsRRAB,ChIJ1aS6aAUVby4RUZdFkmQ7tEM,Rumah Makan Takana,Kuningan,Kuliner,1,"pertama kali beli kesini dan shock bgtt padahal 1 macem doang lauknya tapi mahal bgtt,aku biasa beli naspad paling mahal 22k,disini rasanya ga sesuai harganya,nasi benyekk,bumbu rendangnya asin bgt pokonya 6/10 maaf🙏pokonya ga lagi lagi deh bikin kapok wkwk,bukannya pertama kali tuh kasih kesan yang baik,malah sengaja dimahalin,padahal biar jadi langganan tp ga dulu deh wkwk",2026-04-08T14:47:38.037Z,mima jena,111364089741391159047,False,0,id,2026-05-04T16:55:05.312580
Ci9DQUlRQUNvZENodHljRjlvT2tJd1N6QnBSRko2UkRSTGJ6RTNTV2xNVTNKa1FtYxAB,ChIJ1aS6aAUVby4RUZdFkmQ7tEM,Rumah Makan Takana,Kuningan,Kuliner,1,"Sering beli disini,, enak rendangnya. Tapi barusan beli nasi rendang+terong di bungkus. Sampe rumah rendangnya engga ada. Cuma ada terong, daun singkong+nangka doang parah banget🤣 males banget balik lagi jauh",2026-01-06T06:22:15.323Z,Wiby Essa Patriany,100042155010281612126,False,0,id,2026-05-04T16:55:05.312608
Ci9DQUlRQUNvZENodHljRjlvT21nMFRsbzBjek5KYzJ4WlMzVlJhVTlxVm10VVpWRRAB,ChIJ1aS6aAUVby4RUZdFkmQ7tEM,Rumah Makan Takana,Kuningan,Kuliner,5,Ada di jalan veteran atau arah barat dari taman kota kuningan,2025-10-09T08:15:13.294Z,Haditya Ramadhan,110108009709903020866,True,0,id,2026-05-04T16:55:05.312628
Ci9DQUlRQUNvZENodHljRjlvT21KVFZuaFhZa3hpTFRnNVNXMW5kMGxVUzJ4cmJIYxAB,ChIJ1aS6aAUVby4RUZdFkmQ7tEM,Rumah Makan Takana,Kuningan,Kuliner,3,Rasanya kurang cocok di lidah. Harga sesuai.,2025-06-24T11:53:55.424Z,Momyfa,110736881118985351884,True,0,id,2026-05-04T16:55:05.312640
ChdDSUhNMG9nS0VJQ0FnSURUOU5lT3FBRRAB,ChIJ1aS6aAUVby4RUZdFkmQ7tEM,Rumah Makan Takana,Kuningan,Kuliner,5,alhamdulillah..selama di kuningan dpt rumah makan padang.lumayan lengkap menux,2024-05-23T02:28:37.379Z,Arviana Oczalanty,107916477275017050303,True,0,id,2026-05-04T16:55:05.312696
ChdDSUhNMG9nS0VJQ0FnSURqOUstSjR3RRAB,ChIJ1aS6aAUVby4RUZdFkmQ7tEM,Rumah Makan Takana,Kuningan,Kuliner,5,naspad terenak di kuningan sih menurutku,2024-04-30T04:37:17.779Z,Yuna,109502115919363831525,True,0,id,2026-05-04T16:55:05.312707
ChZDSUhNMG9nS0VJQ0FnSUREMV96Y1BnEAE,ChIJ1aS6aAUVby4RUZdFkmQ7tEM,Rumah Makan Takana,Kuningan,Kuliner,4,"Rasa 👍, harga sesuai & pelayanan baik. Parkir cukup nyaman. Plihan menu rendang, ayam bakar, ayam goreng, ayam gulai, ikan tongkol asam padeh, kembung goreng, gulai ikan mas, telur dadar, perkedel, gulai daging cincang dll.",2024-04-15T11:27:12.058Z,Dany Rachmat,107210316278671484661,True,1,id,2026-05-04T16:55:05.312724
ChZDSUhNMG9nS0VJQ0FnSURNdll5NFpBEAE,ChIJ1aS6aAUVby4RUZdFkmQ7tEM,Rumah Makan Takana,Kuningan,Kuliner,5,tempat nyaman ...makanannya aseli sumatra,2024-03-10T10:43:36.318Z,dadan juanda,109960675131405654245,True,0,id,2026-05-04T16:55:05.312742
ChZDSUhNMG9nS0VJQ0FnSURkNXNibUJBEAE,ChIJ1aS6aAUVby4RUZdFkmQ7tEM,Rumah Makan Takana,Kuningan,Kuliner,4,"Masakan ny enak,tempat ny juga nyaman",2024-02-23T08:25:07.388Z,Murni Murni,101188801941974080435,True,0,id,2026-05-04T16:55:05.312752
ChZDSUhNMG9nS0VJQ0FnSUNkNk1QMkJBEAE,ChIJ1aS6aAUVby4RUZdFkmQ7tEM,Rumah Makan Takana,Kuningan,Kuliner,5,Masakan enak... Tempat nyaman dan luas,2024-02-11T05:19:39.420Z,Nandie Joe,106932175256009170931,True,0,id,2026-05-04T16:55:05.312770
ChZDSUhNMG9nS0VJQ0FnSUMxNUxYbUdREAE,ChIJ1aS6aAUVby4RUZdFkmQ7tEM,Rumah Makan Takana,Kuningan,Kuliner,4,Rasa lumayan...harga terjangkau,2023-12-23T09:31:22.840Z,Puji Astuti,110275512826019814864,True,0,id,2026-05-04T16:55:05.312791
ChdDSUhNMG9nS0VJQ0FnSUNWLTVIRXNRRRAB,ChIJ1aS6aAUVby4RUZdFkmQ7tEM,Rumah Makan Takana,Kuningan,Kuliner,5,Legend.. Semuanya enak. Harga standar,2023-12-09T14:25:33.630Z,Rinto Yulianto,108682602959920559827,True,0,id,2026-05-04T16:55:05.312801
ChZDSUhNMG9nS0VJQ0FnSUNCdzhhYlVBEAE,ChIJ1aS6aAUVby4RUZdFkmQ7tEM,Rumah Makan Takana,Kuningan,Kuliner,5,"Suasana oke.
Pelayanan cakep bana udah.
Makanan amazing.

Btw, ga nyangka ketika bayar, MURAHHHH!!!
Syahdu pokoknya.",2023-01-03T02:35:59.172Z,Arjho Mezoome,116439398475428367120,True,0,id,2026-05-04T16:55:05.312918
ChZDSUhNMG9nS0VJQ0FnSUNlaGRITlpBEAE,ChIJ1aS6aAUVby4RUZdFkmQ7tEM,Rumah Makan Takana,Kuningan,Kuliner,4,Enak agak mahal,2022-09-18T21:27:36.290Z,Asep Endang Setiawan,107620288315933944020,True,0,id,2026-05-04T16:55:05.312987
ChdDSUhNMG9nS0VJQ0FnSUNlZ3RQb293RRAB,ChIJ1aS6aAUVby4RUZdFkmQ7tEM,Rumah Makan Takana,Kuningan,Kuliner,4,Karena pelayannya wanita jumatan tidak perlu worry tertunda makan hehehe,2022-09-09T10:59:23.190Z,linda Apriani,116450967823015560532,True,0,id,2026-05-04T16:55:05.312997
ChZDSUhNMG9nS0VJQ0FnSUN1bTZmOVVnEAE,ChIJ1aS6aAUVby4RUZdFkmQ7tEM,Rumah Makan Takana,Kuningan,Kuliner,5,Makannya enak dengan kualitas terbaik,2022-08-07T01:46:10.710Z,Muhammad Nur Risfiansyah_SMKN 1 Kuningan,101476852800008295358,True,0,id,2026-05-04T16:55:05.313016
ChZDSUhNMG9nS0VJQ0FnSURPaHNfQkVBEAE,ChIJ1aS6aAUVby4RUZdFkmQ7tEM,Rumah Makan Takana,Kuningan,Kuliner,5,Gulai otak debest,2022-07-03T23:31:54.816Z,Ika Rantika,102004059076779774506,True,0,id,2026-05-04T16:55:05.313049
ChZDSUhNMG9nS0VJQ0FnSUQyMjVlS0VBEAE,ChIJ1aS6aAUVby4RUZdFkmQ7tEM,Rumah Makan Takana,Kuningan,Kuliner,4,"Saya pesan nasi Padang ikan rendang di bungkus kena 20 ribu.

Ini adalah warung Padang yang cukup sederhana saya kira karena bangunan dan meja meja kursi yang terkesan seperti rumahan.

Saya pesan nasi di bungkus dan owner cukup ramah.Dapat bungkusan nasi  yang banyak dan bumbu nasi yang lengkap dengan sayur daun singkong dan sambel hijau khas.

Untuk rasa karena saya memang sedang lapar terasa nikmat rasanya lebih banyak pedas ya di bandingkan dengan warung Padang lainnya yang saya nikmati.

Lokasi rumah makan strategis tak jauh dari pusat kota dan mesjid agung.Hanya butuh berjalan kaki 2 atau 3 menit.

#LocalGuides",2022-05-26T04:18:41.745Z,Nyai Nurjanah,108770900455055736350,True,3,id,2026-05-04T16:55:05.313081
Ci9DQUlRQUNvZENodHljRjlvT25WMlptdGhia2xKY0hOYVdqTlVjMDV2YmpoeGVIYxAB,ChIJRSaoZiwUby4RjR5wiTu543Y,Rumah Makan Kita,Kuningan,Kuliner,5,"Pusat oleh2 Kuningan terbaik sepanjang masa. Kualitas barang bagus dgn rasa enak, packaging bagus, harga terjangkau, pelayanan ramah dan helpful.",2026-04-11T11:35:42.451Z,Diana Kusumawati,111610466070193816299,False,0,id,2026-05-04T16:55:05.313135
ChZDSUhNMG9nS0VJQ0FnSURvczl2cVVBEAE,ChIJRSaoZiwUby4RjR5wiTu543Y,Rumah Makan Kita,Kuningan,Kuliner,5,Banyak oleh oleh asli kuningan disini dan semuanya enak enak banget,2026-04-02T22:45:44.233Z,Milataka Family,116145543367437383094,True,0,id,2026-05-04T16:55:05.313176
ChZDSUhNMG9nS0VJQ0FnSUNqX2IzemNBEAE,ChIJRSaoZiwUby4RjR5wiTu543Y,Rumah Makan Kita,Kuningan,Kuliner,5,"First time, because one only place in kuningan city-west java..
When buy there is no promo, but overall it's OK
, だいじょぶ。",2026-03-26T05:34:24.521Z,Regy Al,115469046332736092898,True,0,en,2026-05-04T16:55:05.313221
Ci9DQUlRQUNvZENodHljRjlvT2t4c2IwbzBhM0JmZW1oeVdISjVVMlJsYWsxRFdsRRAB,ChIJRSaoZiwUby4RjR5wiTu543Y,Rumah Makan Kita,Kuningan,Kuliner,5,"Makanan enak.
Pemilik ramah",2026-03-20T03:17:28.520Z,rudi HKMU,112852387220454422268,True,0,id,2026-05-04T16:55:05.313243
Ci9DQUlRQUNvZENodHljRjlvT2sxWFNHcFNhVGxpV2taMkxWZHZVMEZ0TkRSV2NYYxAB,ChIJRSaoZiwUby4RjR5wiTu543Y,Rumah Makan Kita,Kuningan,Kuliner,5,"Good.
A Yadi icon RM Kita the best",2026-03-12T09:04:29.023Z,Dida Adit,109560137409859111388,True,0,en,2026-05-04T16:55:05.313273
Ci9DQUlRQUNvZENodHljRjlvT25GTVFWYzRSV2RwWTFnNE1WQnNRVGRCZDBoUFlVRRAB,ChIJRSaoZiwUby4RjR5wiTu543Y,Rumah Makan Kita,Kuningan,Kuliner,5,Tape nya dijamin enak kalau disini pas ga keaseman ga kemanisan,2026-03-08T20:33:16.765Z,Renny nurul Wardah,105161179957990849959,False,0,id,2026-05-04T16:55:05.313301
Ci9DQUlRQUNvZENodHljRjlvT21KU2FVZHdOWFJOV2w5SFdXcFJkV1JxUXpsRGFtYxAB,ChIJRSaoZiwUby4RjR5wiTu543Y,Rumah Makan Kita,Kuningan,Kuliner,5,Dari aku kecil sampe skrg udh punya anak kalo beli oleh2 dr kuningan pasti disni ... rasa ga berubah,2026-02-11T05:44:11.121Z,Mamimumemo Mimi,114716452393474780084,True,0,id,2026-05-04T16:55:05.313313
Ci9DQUlRQUNvZENodHljRjlvT25jdGRuRklRMVJpWlVZM1dGTk5lakZWWmxabGFrRRAB,ChIJRSaoZiwUby4RjR5wiTu543Y,Rumah Makan Kita,Kuningan,Kuliner,4,Resto yang ga cuma tempat makan khas sunda tapi juga tempat oleh-oleh. Pilihan menu cukup banyak. Garang asem ayamnya manis,2026-02-08T14:57:42.612Z,Novan C N,115313928881317977315,True,0,id,2026-05-04T16:55:05.313324
ChZDSUhNMG9nS0VJQ0FnSURXaWJHN2ZnEAE,ChIJRSaoZiwUby4RjR5wiTu543Y,Rumah Makan Kita,Kuningan,Kuliner,5,"Beli oleh oleh khas Kuningan disini saja, banyak pilihan, kualitas baik",2026-01-23T00:52:55.723Z,Endah Fitriyah,115575353730443435709,True,1,id,2026-05-04T16:55:05.313345
Ci9DQUlRQUNvZENodHljRjlvT2pseFgyZFJWSFV0UW05eGVIVkZZbmhZYWpCQlNuYxAB,ChIJRSaoZiwUby4RjR5wiTu543Y,Rumah Makan Kita,Kuningan,Kuliner,4,"Ini konsepnya lebih ke toko oleh oleh sih dibandingkan rumah makan, karena umumnya yang dateng kesini mau berburu oleh oleh khas kuningan terutama peuyeum nya.

Rame pas musim liburan lebaran atau libur panjang.

Langganan oleh oleh disini karena komplit dan kualitas dijamin oke",2026-01-09T13:42:35.642Z,Oman Nurrohman,107466125849603170564,True,0,id,2026-05-04T16:55:05.313355
Ci9DQUlRQUNvZENodHljRjlvT2sxcFUyNUJNbk5vVG5abVZYQkZMVWRaTlRodFZYYxAB,ChIJRSaoZiwUby4RjR5wiTu543Y,Rumah Makan Kita,Kuningan,Kuliner,3,"makanan enak tapi dari tmpat masuk sampe parkirah behhh.... becek,lumpur dan lain lain dan gelap",2026-01-03T09:56:14.131Z,Heru Purwanto,102022710652224252712,False,0,id,2026-05-04T16:55:05.313383
ChdDSUhNMG9nS0VJQ0FnSUN5MmYtYnBBRRAB,ChIJRSaoZiwUby4RjR5wiTu543Y,Rumah Makan Kita,Kuningan,Kuliner,5,"Rumah makan sejak jaman kecil dulu yg bertahan hingga sekarang ...masakan nya enak ,pelayanan baik ,lengkap dgn oleh2 kuningan",2026-01-01T23:10:11.141Z,Christiana Anna,101172131309057287300,True,0,id,2026-05-04T16:55:05.313393
Ci9DQUlRQUNvZENodHljRjlvT21oek1EVXpNR05NVmxGNFdtaHFNR2h1YkRsTmRIYxAB,ChIJRSaoZiwUby4RjR5wiTu543Y,Rumah Makan Kita,Kuningan,Kuliner,5,"Setiap mudik kampung ,pulangnya pasti mampir dllu beli oleh2",2025-11-30T13:26:53.332Z,Cucu Syamsudin,101043005379473973044,True,0,id,2026-05-04T16:55:05.313418
Ci9DQUlRQUNvZENodHljRjlvT25sQlIwUm5UVTVuZUZCUmRqbENRak5IV2paTFZXYxAB,ChIJRSaoZiwUby4RjR5wiTu543Y,Rumah Makan Kita,Kuningan,Kuliner,1,"Tidak recommend untuk bus pariwisata.
Tidak ada komisi seperti toko oleh kharisma atau harum manis.
Note:Bagi bus pariwisata jangan mau kesini",2025-11-22T08:06:57.955Z,Ook Sutrisno,101274122017652177319,False,0,id,2026-05-04T16:55:05.313439
Ci9DQUlRQUNvZENodHljRjlvT2pCNVVsbGtha3RrUW5vMFpqRnVlRlozZG1WSWNYYxAB,ChIJRSaoZiwUby4RjR5wiTu543Y,Rumah Makan Kita,Kuningan,Kuliner,5,Oleh olehnya lengkap. Cuma untuk owner diharapkan untuk menyediakan sistem bayar qris untuk kemudahan pelanggan karena selama ini non tunai cuma bisa transfer,2025-11-16T13:55:08.529Z,fajar agung,109001396774738725689,True,0,id,2026-05-04T16:55:05.313479
Ci9DQUlRQUNvZENodHljRjlvT25aUU5GZG1MWGd5WTJ0QmQybG5PVkZTTmpSR1psRRAB,ChIJ7zLBAaQWby4RLZl5MWkld1Y,Mayang Catering,Kuningan,Kuliner,5,"Menghadiri perkawinan temen,
Selamat berbahagia Fajar dan Afifah",2026-02-21T11:01:33.199Z,Aryati haryati,116624667606059829259,False,0,id,2026-05-04T16:55:05.313591
Ci9DQUlRQUNvZENodHljRjlvT2kwMWMyUnBXWGxsUjJsalNUTk5VVUZCVDJKMlVuYxAB,ChIJ7zLBAaQWby4RLZl5MWkld1Y,Mayang Catering,Kuningan,Kuliner,5,"Nice Hall, Perfect room and Nice decoration",2026-02-17T15:27:21.394Z,Muhammad Fajar,103363952725610853381,True,0,en,2026-05-04T16:55:05.313608
Ci9DQUlRQUNvZENodHljRjlvT21GNWVWZDRZMlU1UzE5WU1WWTJPRFZuWjNJM1puYxAB,ChIJ7zLBAaQWby4RLZl5MWkld1Y,Mayang Catering,Kuningan,Kuliner,5,Rasanya mantap enak dan gurih,2025-12-17T01:00:20.190Z,Antoni rifa'i,111091229906847000798,True,0,id,2026-05-04T16:55:05.313625
Ci9DQUlRQUNvZENodHljRjlvT205T1kwUTFiMVo2ZFU5bFgxQkpSbU5sVldzMFZIYxAB,ChIJ7zLBAaQWby4RLZl5MWkld1Y,Mayang Catering,Kuningan,Kuliner,2,"Pelayanannya tdk ramah,, beda org beda harga padahal menu sama!!! Gak habis pikir! 🥱🥱🥱🥱🥱🥱🥱🥱🥱🥱🥱🥱🥱",2025-12-16T06:18:27.630Z,WIA ROCHYAWATI,107254326200933268111,False,0,id,2026-05-04T16:55:05.313634
Ci9DQUlRQUNvZENodHljRjlvT2xoalZuWk5PR3BPZUZFNVIwUnFiMVpFU3poSWNYYxAB,ChIJ7zLBAaQWby4RLZl5MWkld1Y,Mayang Catering,Kuningan,Kuliner,5,Enak makanannya.. kesini cuma kondangan saja.. bukan beli...,2025-08-06T12:30:19.317Z,Mulyono Elqudsy,110469184507863241522,True,0,id,2026-05-04T16:55:05.313704
Ci9DQUlRQUNvZENodHljRjlvT210NExWZ3lkakJZTVhrd1NGOUVkMjlDUTAxcVkxRRAB,ChIJRSaoZiwUby4RjR5wiTu543Y,Rumah Makan Kita,Kuningan,Kuliner,5,Buat membeli oleh2 khas kuningan cukup komplit,2025-10-02T20:29:01.893Z,sriwahyuni rachmat,106825466878542180440,True,0,id,2026-05-04T16:55:05.313736
Ci9DQUlRQUNvZENodHljRjlvT25GUmJXMUxkM2R3ZW5jMlpqaFJiMlk0WkhOR1gyYxAB,ChIJRSaoZiwUby4RjR5wiTu543Y,Rumah Makan Kita,Kuningan,Kuliner,4,Masakan enak ( garang asem mskn favoritku)pelayanan cepat,2025-09-29T11:39:22.120Z,Enok Toto,115078966884120621169,True,0,id,2026-05-04T16:55:05.313746
Ci9DQUlRQUNvZENodHljRjlvT21aM2VGOWpMWGwxUTAwelRXRkxUVE00WmpjNUxVRRAB,ChIJRSaoZiwUby4RjR5wiTu543Y,Rumah Makan Kita,Kuningan,Kuliner,5,Resto selalu ramai .. tapi ketinggalan jaman dan owner nya harus nya ngikutin jaman sekarang jaman nya digital.. kenapa gak coba ikut online.. cuman ngasih saran nja sih.. ya minimal di aplikasi shopee food.. grab. Gojek. Supaya kedepan nya lebih baik,2025-09-21T04:56:58.894Z,Yaya Tjahyadi,115134866692850760212,False,0,id,2026-05-04T16:55:05.313756
Ci9DQUlRQUNvZENodHljRjlvT2kxMk1pMTRURk5TVG5GWldVTTVNM0JEY2xjemJVRRAB,ChIJRSaoZiwUby4RjR5wiTu543Y,Rumah Makan Kita,Kuningan,Kuliner,1,"Bawa tamu 14 orang ibu² balanja kabeh, teu cai cai acan ka supir travel",2025-09-18T09:59:58.438Z,Oki Rahman Wijaya,107583715852747690280,True,0,su,2026-05-04T16:55:05.313773
Ci9DQUlRQUNvZENodHljRjlvT2tabFFtZFVMWFZ3ZFVZdE1UUndjeTAxUkhGelYzYxAB,ChIJRSaoZiwUby4RjR5wiTu543Y,Rumah Makan Kita,Kuningan,Kuliner,5,Tetep eksis dari zaman saya SD hingga sekarang anak saya sudah kuliah,2025-09-15T01:03:53.105Z,Agus Sulistiyono,114574168020456871573,True,0,id,2026-05-04T16:55:05.313783
Ci9DQUlRQUNvZENodHljRjlvT210RU0yeG5iRmswV1VKR2FrdEpVa2xVVG1WME5IYxAB,ChIJRSaoZiwUby4RjR5wiTu543Y,Rumah Makan Kita,Kuningan,Kuliner,5,"Masakan rumah nya enak enak. Sekalian makan bisa sekalian beli oleh-oleh.
Harus banget beli tape ketan putihnya, enak bangett!!",2025-09-03T07:36:40.121Z,Gabrielle Lyssandra,118324495173148300837,False,1,id,2026-05-04T16:55:05.313817
ChdDSUhNMG9nS0VJQ0FnTURJMzRUaG1nRRAB,ChIJ7zLBAaQWby4RLZl5MWkld1Y,Mayang Catering,Kuningan,Kuliner,1,"Sangattt sangatt mengecewakan, pesann 100 box u pengiring jenazah  dan sudah dibayar tunai ,namun penyelesaiannya tidak sesuai waktu yg di tentukan , pesan jam 5 dintar, jam 6 masih dimasak, alhasil makanan yg ada diambil seadanya dengan menu tidak lengkapp, dan tidak  ada pertanggung jawaban dari pihak catering, dan permohonan maaf , nama besar tidak menjamin kwalitas pelayanan dan profesional nya baik ..., sangat tidak recomended",2025-04-14T01:51:36.455Z,Dina Handayani,113824694063402413914,False,0,id,2026-05-04T16:55:05.313851
ChdDSUhNMG9nS0VJQ0FnTURJM19ET3J3RRAB,ChIJ7zLBAaQWby4RLZl5MWkld1Y,Mayang Catering,Kuningan,Kuliner,1,"Tidak Profesional , waktu penyelesaian pesanan tidak sesuai pesanan harga mahal dan tidak bertanggung jawab, sangat tidak recomended",2025-04-14T01:43:28.949Z,belia tuffahati,114465041742545030687,False,0,id,2026-05-04T16:55:05.313860
ChZDSUhNMG9nS0VJQ0FnTURBbDl1ck53EAE,ChIJ7zLBAaQWby4RLZl5MWkld1Y,Mayang Catering,Kuningan,Kuliner,5,"ke aula mayang wedding area, lumayan luas, parkir juga tertata",2025-02-12T12:34:55.354Z,Yani Widiani,115030365130000191196,True,0,id,2026-05-04T16:55:05.313902
ChdDSUhNMG9nS0VJQ0FnSUNYeXFhdG53RRAB,ChIJ7zLBAaQWby4RLZl5MWkld1Y,Mayang Catering,Kuningan,Kuliner,1,"Suasana panas, kamar mandi bau pesing. Harga mahal, masa satu pack nasi kotak 75ribu, semuanya serba sewa, termasuk sewa gedung juga harus bayar lagi, snacknya juga mahal..mending karuhan di hotel bintang 3",2024-10-15T06:27:18.778Z,Neng Andhine,118074612344068052990,False,0,id,2026-05-04T16:55:05.313962
ChZDSUhNMG9nS0VJQ0FnSURUa0lITGJBEAE,ChIJ7zLBAaQWby4RLZl5MWkld1Y,Mayang Catering,Kuningan,Kuliner,5,Bagus tempat nya dan enak makanan nya,2024-05-21T12:53:51.854Z,Nendi Supriadi,117892892916259838350,True,0,id,2026-05-04T16:55:05.314031
ChRDSUhNMG9nS0VJQ0FnSURqODY4VxAB,ChIJ7zLBAaQWby4RLZl5MWkld1Y,Mayang Catering,Kuningan,Kuliner,5,"Makanannya enak top markotop, sering hajatan menggunakan mayang catering.. Semoga jodoh bisa keterima disini",2024-05-07T12:09:26.918Z,Muhammad Azmii Al Faruqi,106752425354035573299,True,0,id,2026-05-04T16:55:05.314049
ChdDSUhNMG9nS0VJQ0FnSURteTRQQm53RRAB,ChIJk2_ohSgUby4Rl6V9tv9GuTg,Sambal Layah Kuningan,Kuningan,Kuliner,5,Tempat makan yang enak tempatnya luas dan parkirnya nyaman juga harganya pas di kantong,2022-02-09T12:35:23.112Z,Djo Coffee,114459352030175366477,True,1,id,2026-05-04T16:55:05.314135
ChZDSUhNMG9nS0VJQ0FnSURtc2JhT1RnEAE,ChIJk2_ohSgUby4Rl6V9tv9GuTg,Sambal Layah Kuningan,Kuningan,Kuliner,4,"Promo nya menarik, tapi tidak sesuai ekspektasi",2022-01-31T22:07:22.120Z,Sidik Permana,115291066622843225530,True,0,id,2026-05-04T16:55:05.314167
ChZDSUhNMG9nS0VJQ0FnSURtOXBtOEVBEAE,ChIJk2_ohSgUby4Rl6V9tv9GuTg,Sambal Layah Kuningan,Kuningan,Kuliner,3,"Tempatnya lumayan luas, parkiran memadai dan menunya sudah ada paket, untuk rasa, cukup enak bagi penyuka rasa pedas",2022-01-28T06:09:52.761Z,Lenie Allen,106808062866408715676,True,0,id,2026-05-04T16:55:05.314176
ChdDSUhNMG9nS0VJQ0FnSURtNHZPMm1RRRAB,ChIJk2_ohSgUby4Rl6V9tv9GuTg,Sambal Layah Kuningan,Kuningan,Kuliner,4,"Harga murah emang, sesuai harga juga porsinya, untuk rasanya b aja sih, sambalnya pedess dan ga terlalu gurih gitu, jadi kurang sreg di lodah aku untuk sambelnya, tp cocok lah buat ajak teman2 bukber",2022-01-23T14:39:45.613Z,E'nci Unsriyani,115776450538434047242,True,0,id,2026-05-04T16:55:05.314188
ChdDSUhNMG9nS0VJQ0FnSUNHN0tEejRnRRAB,ChIJk2_ohSgUby4Rl6V9tv9GuTg,Sambal Layah Kuningan,Kuningan,Kuliner,4,Menu enak dan pas dikantong,2021-10-22T15:41:07.540Z,Yeni Oktaviani,115105289901161971185,True,0,id,2026-05-04T16:55:05.314248
ChZDSUhNMG9nS0VJQ0FnSUQ2eC1mcERREAE,ChIJk2_ohSgUby4Rl6V9tv9GuTg,Sambal Layah Kuningan,Kuningan,Kuliner,5,Sambalnya enak plus harganya ramah kantong,2021-10-13T09:40:05.093Z,Nanin Danilla,115933084091498140898,True,0,id,2026-05-04T16:55:05.314258
ChdDSUhNMG9nS0VJQ0FnSUM2Z0kyeV9RRRAB,ChIJk2_ohSgUby4Rl6V9tv9GuTg,Sambal Layah Kuningan,Kuningan,Kuliner,3,"Pelayanan kurang ramah, terlalu santai, rasa kurang enak. Ngga kayak dulu",2021-08-27T08:40:51.835Z,Iip Mustika,110200532264825688608,False,0,id,2026-05-04T16:55:05.314282
ChdDSUhNMG9nS0VJQ0FnSUNhcnUyQmlRRRAB,ChIJk2_ohSgUby4Rl6V9tv9GuTg,Sambal Layah Kuningan,Kuningan,Kuliner,5,Menunya sederhana dan murah meriah...,2021-08-01T06:51:43.379Z,asep sudiana,111537711296244126040,True,0,id,2026-05-04T16:55:05.314327
ChdDSUhNMG9nS0VJQ0FnSURxdXVTRHJ3RRAB,ChIJk2_ohSgUby4Rl6V9tv9GuTg,Sambal Layah Kuningan,Kuningan,Kuliner,1,"Asli ini mah kayak ga niat banget pelayanan lelet, porsi sedikit banget beli ayam bakar yg dateng ayam dingin.beli es teler es batu doang banyak nya isi nya seuprit. Cukup sekali kesini 😑😑",2021-07-06T04:05:01.991Z,anne nursyifa,110872702635774391425,False,0,id,2026-05-04T16:55:05.314365
ChdDSUhNMG9nS0VJQ0FnSURxb3RhZjZnRRAB,ChIJk2_ohSgUby4Rl6V9tv9GuTg,Sambal Layah Kuningan,Kuningan,Kuliner,2,"Harga standar sih,,
Tp beda sama porsi dulu,,
Dulu nasi banyak,,
Skrng nasi seuprit,,
Cuman 3 suap,,
Kurang memuaskan,,",2021-07-03T01:36:51.540Z,ASHFARN 97,110797949344819091353,True,0,id,2026-05-04T16:55:05.314376
ChdDSUhNMG9nS0VJQ0FnSUQwMGUyTnRRRRAB,ChIJk2_ohSgUby4Rl6V9tv9GuTg,Sambal Layah Kuningan,Kuningan,Kuliner,3,Kualitas nasi nya tidak enak,2021-07-02T08:25:58.059Z,Rizka Maulana,100933358427799690650,False,0,id,2026-05-04T16:55:05.314387
ChZDSUhNMG9nS0VJQ0FnSURLNzZ2aElREAE,ChIJk2_ohSgUby4Rl6V9tv9GuTg,Sambal Layah Kuningan,Kuningan,Kuliner,5,Porsi nasi kurang bnyak😁,2021-05-21T10:47:51.795Z,Rini Kusrini,106124819501237764604,True,0,id,2026-05-04T16:55:05.314475
ChZDSUhNMG9nS0VJQ0FnSURLbllHMUFREAE,ChIJk2_ohSgUby4Rl6V9tv9GuTg,Sambal Layah Kuningan,Kuningan,Kuliner,5,"Tmpatny enak bgt buat santaii rapih&bersihh,makanananyaa enak Parahh smpe mau meninggoyy😍😭👍",2021-05-17T11:04:09.020Z,Rahma Tewe,102832797490672242181,False,0,id,2026-05-04T16:55:05.314517
ChdDSUhNMG9nS0VJQ0FnSUNLMzZlQi1nRRAB,ChIJk2_ohSgUby4Rl6V9tv9GuTg,Sambal Layah Kuningan,Kuningan,Kuliner,5,"Sambel layah tempat makan yang rekomend pokonya,mantull✨✨✨✨",2021-05-17T10:14:06.592Z,Reza surya pratama,113004146333254795913,False,0,id,2026-05-04T16:55:05.314534
ChdDSUhNMG9nS0VJQ0FnSURLbllhTjVBRRAB,ChIJk2_ohSgUby4Rl6V9tv9GuTg,Sambal Layah Kuningan,Kuningan,Kuliner,5,Parkirannya luas😻sambelnya muantaf pedes poll😋tempatnya bersih nyaman🥰,2021-05-17T10:13:27.419Z,Oci Ana (ebioci),105929125585721993735,False,0,id,2026-05-04T16:55:05.314545
ChZDSUhNMG9nS0VJQ0FnSURLbllhcEZREAE,ChIJk2_ohSgUby4Rl6V9tv9GuTg,Sambal Layah Kuningan,Kuningan,Kuliner,5,"Parkiran luas. Sambelnya mantap, apalagi sambel bawang. Pedesnya seuhah, pelayanan baikk dan ramah.",2021-05-17T10:13:01.860Z,Fika Amalia,103520658659099601697,False,0,id,2026-05-04T16:55:05.314555
ChZDSUhNMG9nS0VJQ0FnSURLbmJpQUxnEAE,ChIJk2_ohSgUby4Rl6V9tv9GuTg,Sambal Layah Kuningan,Kuningan,Kuliner,5,Sambel nya mantapp sampe nagihh👍👍👍,2021-05-17T08:22:06.134Z,Reihan Abadi,117337624065759270615,False,0,id,2026-05-04T16:55:05.314573
ChZDSUhNMG9nS0VJQ0FnSURLbmRpV05REAE,ChIJk2_ohSgUby4Rl6V9tv9GuTg,Sambal Layah Kuningan,Kuningan,Kuliner,5,Parkiran luas. cocok buat makan bersama keluarga,2021-05-17T08:20:22.788Z,Reza Fitriansyah,116901897322575651150,True,1,id,2026-05-04T16:55:05.314583
Ci9DQUlRQUNvZENodHljRjlvT2xaQ2EzTjZaazluVUZVMFpWVkpZVWxNT1ZaZlRtYxAB,ChIJPUXK98gVby4R_2-Lqh1dDfg,Rumah Makan Cipondok,Kuningan,Kuliner,5,Sampai nambah makan nya ....,2026-04-24T11:22:38.701Z,Rayhann Darmann,103516574456959175903,True,0,id,2026-05-04T16:55:05.314623
Ci9DQUlRQUNvZENodHljRjlvT25wclJIVlhhak51Tm1nMVIzQm9YMnhyVGtoSldGRRAB,ChIJPUXK98gVby4R_2-Lqh1dDfg,Rumah Makan Cipondok,Kuningan,Kuliner,5,Sangat enak dan pelayanan cepat,2026-03-05T09:12:29.022Z,Jajan Beu,112559023250486196105,False,0,id,2026-05-04T16:55:05.314642
Ci9DQUlRQUNvZENodHljRjlvT2tKTmEyaDJaMXB0ZFdaUVUydG9XR2swUm01dmVWRRAB,ChIJPUXK98gVby4R_2-Lqh1dDfg,Rumah Makan Cipondok,Kuningan,Kuliner,5,Paling the best makan ayam horeng kampungnya kalo disini mah..mantul...,2026-01-06T15:18:42.840Z,Rakhmie Aulia,118238085050388238865,True,0,id,2026-05-04T16:55:05.314665
Ci9DQUlRQUNvZENodHljRjlvT2tkSWNubG5NbGxZUlVJdFNsRjNUVkJPTFdsZlVsRRAB,ChIJPUXK98gVby4R_2-Lqh1dDfg,Rumah Makan Cipondok,Kuningan,Kuliner,5,Susananya masih perlu ditambah tempat anak² main sebelum makan,2025-12-30T14:29:30.349Z,Yasamedia23,100829631301028226591,True,0,id,2026-05-04T16:55:05.314676
Ci9DQUlRQUNvZENodHljRjlvT2poVFdXazFYelJKYlY5Sk4zaFVjbFZmYzJrNU1FRRAB,ChIJPUXK98gVby4R_2-Lqh1dDfg,Rumah Makan Cipondok,Kuningan,Kuliner,5,Mantap enak ayam gorengnya,2025-12-12T07:25:31.576Z,Nipin Nipin,111611520829955985469,True,0,id,2026-05-04T16:55:05.314684
ChZDSUhNMG9nS0VJQ0FnSUNRd3YzSmFnEAE,ChIJPUXK98gVby4R_2-Lqh1dDfg,Rumah Makan Cipondok,Kuningan,Kuliner,4,Ikan gurame nya mantap,2025-11-23T09:55:14.631Z,Samuel Zeno,106388027746081314296,True,1,id,2026-05-04T16:55:05.314701
Ci9DQUlRQUNvZENodHljRjlvT2pKQllXOVZVVU5LWjFGcGJqWjRiM1V0ZGpZMWFsRRAB,ChIJPUXK98gVby4R_2-Lqh1dDfg,Rumah Makan Cipondok,Kuningan,Kuliner,5,"Mantap Luar Biasa

Ada Tiktok
Ada Whatsapp --
Makan di Cipondok
Ni'mat dan Mantap",2025-11-01T17:51:46.639Z,Ade Herman,103467609594651848530,False,0,id,2026-05-04T16:55:05.314711
Ci9DQUlRQUNvZENodHljRjlvT20weWVsUm5VVlo0WmxwNlIwUTJUR3BPTmxoelZIYxAB,ChIJPUXK98gVby4R_2-Lqh1dDfg,Rumah Makan Cipondok,Kuningan,Kuliner,5,Mantap and josss ayam gorengnya,2025-08-04T02:17:54.497Z,Heri Riatna,103334628695484874044,False,0,id,2026-05-04T16:55:05.314759
Ci9DQUlRQUNvZENodHljRjlvT2kxYVgxRXhibEZ1V25Wb1pVZzNOMWw0VG5aMk5rRRAB,ChIJPUXK98gVby4R_2-Lqh1dDfg,Rumah Makan Cipondok,Kuningan,Kuliner,2,Ayam enak . Sambel enak tp kita mau beli ayam 1 2 3 4 tetep di kasi sambel nya 1 mana sedikit lg 🤣🤣kalo mau minta lebih mesti bayar per sambal 7 rb kita jg beli bukan ayam yg 15rb ato 20 rb ayam lumayan harga nya dengan sambel yg sedikit bangettt.,2025-07-26T03:14:57.381Z,Ania 23,105500024991858291521,True,0,id,2026-05-04T16:55:05.314779
Ci9DQUlRQUNvZENodHljRjlvT2t0MVdUSmxXVWQyZW5kMU5GSmFNWFV6UVhVMFRrRRAB,ChIJPUXK98gVby4R_2-Lqh1dDfg,Rumah Makan Cipondok,Kuningan,Kuliner,5,Makanan sunda langganan setiap pulang ke Kuningan,2025-06-20T08:04:42.421Z,Nida Nur Faridah Zaelani,104969101462972403044,True,0,id,2026-05-04T16:55:05.314821
ChdDSUhNMG9nS0VOT2t5c2IyMmFIcWlBRRAB,ChIJPUXK98gVby4R_2-Lqh1dDfg,Rumah Makan Cipondok,Kuningan,Kuliner,5,Cobain deh karekdok nya seger bngt enak,2025-06-10T16:54:04.576Z,Dwi Jayanti,113015409629129851122,True,0,id,2026-05-04T16:55:05.314832
ChdDSUhNMG9nS0VJQ0FnSUNIajRLT25nRRAB,ChIJPUXK98gVby4R_2-Lqh1dDfg,Rumah Makan Cipondok,Kuningan,Kuliner,5,Enak dan legend,2025-05-29T02:46:51.861Z,Ramdan Gsi,115640262001575430951,True,0,id,2026-05-04T16:55:05.314850
ChZDSUhNMG9nS0VPX2p1T1dZbnBtVlFREAE,ChIJPUXK98gVby4R_2-Lqh1dDfg,Rumah Makan Cipondok,Kuningan,Kuliner,5,Recommended untuk di daerah kuningan,2025-05-10T07:39:35.767Z,didik prihananto,102554334475543460987,True,0,id,2026-05-04T16:55:05.314875
Ci9DQUlRQUNvZENodHljRjlvT2pkVWJGWTNkMGc1VjFBMmIyRTBXblo0Um1GYVIwRRAB,ChIJSYQ1ISUUby4RP7SRf6C9rtU,Rumah Makan Rizky Putra,Kuningan,Kuliner,5,"Malamnya jadi pecel lele dengan nasi uduk yang mantul, dan disampingnya ada surabi aneka rasa ditambah bajigurnya eunak poll 👍🏻",2025-11-29T06:29:23.584Z,Ahmad Siliwangi,108647098485139976359,True,0,id,2026-05-04T16:55:05.315050
ChdDSUhNMG9nS0VJQ0FnSUNmN3N1WnRnRRAB,ChIJSYQ1ISUUby4RP7SRf6C9rtU,Rumah Makan Rizky Putra,Kuningan,Kuliner,3,"kurang komunikasi, pesanan tidak di ulang, kehabisan tidak bilang, banyak lalat, minuman manis ada semutnya",2024-12-29T08:44:15.260Z,IndonesianCHAD,106901935481866585401,False,0,id,2026-05-04T16:55:05.315093
ChdDSUhNMG9nS0VJQ0FnSUNlaU1qSW9nRRAB,ChIJSYQ1ISUUby4RP7SRf6C9rtU,Rumah Makan Rizky Putra,Kuningan,Kuliner,5,Favorit gurame bakar cobek...👍🏼👍🏼👍🏼,2024-11-17T21:59:04.024Z,asep sudiana,111537711296244126040,True,0,id,2026-05-04T16:55:05.315129
ChdDSUhNMG9nS0VJQ0FnSUNVX01EY2hRRRAB,ChIJSYQ1ISUUby4RP7SRf6C9rtU,Rumah Makan Rizky Putra,Kuningan,Kuliner,5,Top markotop ikan bakarnya. Renyah ... gurih... Pedesnya top...,2024-11-11T13:35:22.731Z,Abdul Majid,110261619088410572721,True,0,id,2026-05-04T16:55:05.315147
ChZDSUhNMG9nS0VJQ0FnTUNBemZ5YVV3EAE,ChIJPUXK98gVby4R_2-Lqh1dDfg,Rumah Makan Cipondok,Kuningan,Kuliner,4,Rasa top markotop,2025-02-03T04:30:44.003Z,Darmo Susianto,110342913835618762839,True,0,id,2026-05-04T16:55:05.315194
ChdDSUhNMG9nS0VJQ0FnSUNBdDhHYTdRRRAB,ChIJPUXK98gVby4R_2-Lqh1dDfg,Rumah Makan Cipondok,Kuningan,Kuliner,5,"Rumah makan dgn citarasa masakan yg enak. Menu favorit ayam goreng serumndeng, sop iga, sambal dadakan, tahu dan tempe goreng. Tersedia juga olahan ikan.",2025-02-02T09:16:45.088Z,Abdul Chak,111457454715877051994,True,0,id,2026-05-04T16:55:05.315202
ChdDSUhNMG9nS0VJQ0FnSUNfbUxiT3FnRRAB,ChIJPUXK98gVby4R_2-Lqh1dDfg,Rumah Makan Cipondok,Kuningan,Kuliner,5,"View nya oke,askesnya mudah pinggih jalan provinsi,makanannya enak,pegawainya ramah. Cuma tempat parkirnya kurang luas",2025-01-12T13:56:07.960Z,AD 4 M,105423962098034781118,True,0,id,2026-05-04T16:55:05.315266
Ci9DQUlRQUNvZENodHljRjlvT25rdFJUaDFUMkV4TTNVdGExTnJkVkpMWDJSa1RIYxAB,ChIJ_R_22ykUby4R1OoF_u6CCdk,California Fried Chicken,Kuningan,Kuliner,3,"Asiin, nambah porsi nasi 10rb sedikit 🤭",2026-05-03T03:55:30.288Z,EL Nurfa,104863151320075657792,False,0,id,2026-05-04T16:55:05.315292
Ci9DQUlRQUNvZENodHljRjlvT2w4MlkwTmtja3hzY1ZkWGFHSnZaRlE1WjJWdWRtYxAB,ChIJ_R_22ykUby4R1OoF_u6CCdk,California Fried Chicken,Kuningan,Kuliner,1,Lebih mahal di bandinh kfc,2026-03-24T14:49:10.527Z,Nono Rayatno,118234184292815815700,False,0,id,2026-05-04T16:55:05.315306
Ci9DQUlRQUNvZENodHljRjlvT21GeU5IUmhVVjgyZVhjM1lYVlZlRFZLWkZWbk9HYxAB,ChIJ_R_22ykUby4R1OoF_u6CCdk,California Fried Chicken,Kuningan,Kuliner,5,"Makanan oke, harga juga worth it (karena pake voucher tiktok hehe). Pelayanan juga oke, pada ramah pelayannya. Kebersihan tempat juga oke, cuman mungkin agak sempit kalo di dalem, dan kursi yg dipake gk merata yg ada senderannya, tapi gatau kalo kita reservasi di awal. Overall worth it lah. Oiya mungkin agak kurangnya saus sambal udah gak ngambil sendiri sekaranggg🥲🥲",2026-03-08T13:21:01.835Z,Fuzi Aryadika,117661816207441110699,False,0,id,2026-05-04T16:55:05.315316
Ci9DQUlRQUNvZENodHljRjlvT205dVp6bEJjVTVaV2xvMlRXZE5jbFEzUWxWQlVWRRAB,ChIJ_R_22ykUby4R1OoF_u6CCdk,California Fried Chicken,Kuningan,Kuliner,4,"CFC ini berada diarea Toserba Surya, parkir bisa diaerea toserba atau dibelakangnya ada area khusus parkir.

Kebetulan kesana karena anak minta es Cone, walaupun tidak ada di daftar menu, ternyata ada Ice Cone nya 😁",2026-02-16T08:39:42.042Z,Mizter P,116528163154069190148,True,0,id,2026-05-04T16:55:05.315332
Ci9DQUlRQUNvZENodHljRjlvT2trNVdETm5VM0F0VEhaRVZIUXlOVzlUVWtkSlYzYxAB,ChIJ_R_22ykUby4R1OoF_u6CCdk,California Fried Chicken,Kuningan,Kuliner,2,"Habis blnja capek kan cari mkn yg dket nmanya bwa anak"" ya pling sm chiken kirain rsa nya sma kya rock*t atau kya yg lain""  trnyta msih enak yg d pnggiran haa ,, dgn hrga yg ckup mhal tp rsa ga sbanding ,, ayam ny hitam kya ga fresh ad sdkit bgian yg agk bau jga rsa nya asrep ga gurih dan basah ,, smbal gprek ny jg aneh ky pke maizena ntah apa lah kurng ccok buat sya yg pcinta smbel asli cabe",2026-02-12T07:08:58.236Z,Alby Wan,117361035442772219027,False,0,id,2026-05-04T16:55:05.315343
Ci9DQUlRQUNvZENodHljRjlvT25kT1ZUTm5aazFIVkROZlRqUlVOa1JUWDJzMVVuYxAB,ChIJ_R_22ykUby4R1OoF_u6CCdk,California Fried Chicken,Kuningan,Kuliner,2,"saya beli nasi daun jeruk ayam suwir lewat shopeefood pas dtg pesanannya ternyata dlmmya telor gaada ayam suwirnya ,terima kasih 🙏",2026-01-01T12:45:01.171Z,iif muhamad latif,100627008870935145086,True,0,id,2026-05-04T16:55:05.315351
Ci9DQUlRQUNvZENodHljRjlvT21OcVZIVjNNa0ZOTld0U2JtWTFWbmhRUVZjMWNIYxAB,ChIJ_R_22ykUby4R1OoF_u6CCdk,California Fried Chicken,Kuningan,Kuliner,3,𝓐𝓵𝓵𝓪𝓱𝓾𝓶𝓶𝓪 𝓼𝓱𝓸𝓵𝓵𝓲 𝓪𝓵𝓪 𝓼𝓪𝔂𝔂𝓲𝓭𝓲𝓷𝓪 𝓜𝓾𝓱𝓪𝓶𝓶𝓪𝓭 𝓐𝓵𝓵𝓪𝓱𝓾𝓶𝓶𝓪 𝓼𝓱𝓸𝓵𝓵𝓲 𝓪𝓵𝓪 𝓼𝓪𝔂𝔂𝓲𝓭𝓲𝓷𝓪 𝓜𝓾𝓱𝓪𝓶𝓶𝓪𝓭 𝓐𝓵𝓵𝓪𝓱𝓾𝓶𝓶𝓪 𝓼𝓱𝓸𝓵𝓵𝓲 𝓪𝓵𝓪 𝓼𝓪𝔂𝔂𝓲𝓭𝓲𝓷𝓪 𝓜𝓾𝓱𝓪𝓶𝓶𝓪𝓭,2025-12-09T05:37:39.183Z,Heri siswanto,111635681806889351876,True,0,id,2026-05-04T16:55:05.315360
Ci9DQUlRQUNvZENodHljRjlvT2xVNVRGVTRZVlZTZUd4WloxVlVaSFpLVVRSbFQyYxAB,ChIJ_R_22ykUby4R1OoF_u6CCdk,California Fried Chicken,Kuningan,Kuliner,1,"Petugas nya budeg x udah tua.
Saya ampe 3x bilang minta ayam ori biar ga pedes buat anak tetep di ksh pedes",2025-09-28T03:08:51.945Z,Icha Aisyah,107461503718742760023,False,0,id,2026-05-04T16:55:05.315369
ChZDSUhNMG9nS0VJQ0FnSUNmNDhEcWFnEAE,ChIJ_R_22ykUby4R1OoF_u6CCdk,California Fried Chicken,Kuningan,Kuliner,3,"Kalau makan disini selalu sepi pengunjung. Harga tinggi untuk rasa yang ditawarkan. Masih jauh lebih baik rasanya Rocket Chicken dengan harga yang jauh lebih masuk akal.

Sabun cuci tangan encer sekali seperti tidak pakai sabun, cukup miris untuk RM selevel ini.",2025-01-01T06:02:22.773Z,Ades,109394552871393669148,True,0,id,2026-05-04T16:55:05.315379
ChdDSUhNMG9nS0VJQ0FnSURuNjh5YTd3RRAB,ChIJ_R_22ykUby4R1OoF_u6CCdk,California Fried Chicken,Kuningan,Kuliner,4,"Ayam nya enak,tmpt nya jg nyaman,Klo lagi  ada promo baru ke CFC 😁",2024-10-10T07:45:00.871Z,nenk710,117645616184898662117,True,0,id,2026-05-04T16:55:05.315388
ChZDSUhNMG9nS0VJQ0FnSUM3dWNEaFlREAE,ChIJ_R_22ykUby4R1OoF_u6CCdk,California Fried Chicken,Kuningan,Kuliner,5,"all is good👍🏻 mbaknya baik ,tempat bersih,adem . tq kaa💗",2024-08-17T03:20:12.342Z,Naniek Anggarini,114455162610514988237,True,0,id,2026-05-04T16:55:05.315397
ChZDSUhNMG9nS0VJQ0FnSURibi0zMGFnEAE,ChIJ_R_22ykUby4R1OoF_u6CCdk,California Fried Chicken,Kuningan,Kuliner,5,Nyaman...tempatnya strategis juga,2024-08-10T23:07:28.782Z,Dani Gobel,116805951468988973430,False,0,id,2026-05-04T16:55:05.315408
ChZDSUhNMG9nS0VJQ0FnSUREX3Blb0pBEAE,ChIJ_R_22ykUby4R1OoF_u6CCdk,California Fried Chicken,Kuningan,Kuliner,1,"Pesan 5 paha atas semua, bayarnya seharga paha atas, yg datang sayap 2, paha bawah 1, dada 2, sayapnya bisa dipake terbang",2024-04-10T08:16:28.751Z,Gitayo Puput,114307067272551958638,True,0,id,2026-05-04T16:55:05.315419
ChZDSUhNMG9nS0VJQ0FnSUNEaDZtVGVREAE,ChIJ_R_22ykUby4R1OoF_u6CCdk,California Fried Chicken,Kuningan,Kuliner,1,Beli paket astaga 1 seharga 55k take away tapi sama sekai ga dikasih saus. Masa kalah sama ayam goreng pinggir jalan sih,2024-04-02T13:30:26.746Z,Fany Meilynda,113926276773062847560,False,0,id,2026-05-04T16:55:05.315429
ChdDSUhNMG9nS0VJQ0FnSUNELU5xVjh3RRAB,ChIJ_R_22ykUby4R1OoF_u6CCdk,California Fried Chicken,Kuningan,Kuliner,1,"Kaga pantes d sebut restoran cepat saji
Kaga ready makanya
Harus nunggu goreng dulu
Mana tempatnya panas, padahal ada AC tapi keknya ga berfungsi",2024-03-24T09:46:20.964Z,A N,109967346212908266217,False,0,id,2026-05-04T16:55:05.315438
ChdDSUhNMG9nS0VJQ0FnSUROal9hWXpBRRAB,ChIJ_R_22ykUby4R1OoF_u6CCdk,California Fried Chicken,Kuningan,Kuliner,4,si tetehnya ramah sm baik pisann hehe,2024-01-27T07:05:57.033Z,khayla ylansyh,105831896118982656258,False,0,id,2026-05-04T16:55:05.315447
ChdDSUhNMG9nS0VJQ0FnSUNWeFlIejFnRRAB,ChIJ_R_22ykUby4R1OoF_u6CCdk,California Fried Chicken,Kuningan,Kuliner,2,"Sumpahhhh kecewaaa bgt bgt 😭 dirual Nurul bgt coconut smoothies nya inimah susu frisian flag diblender sama es mana ga lembut es nya jauh bgt smoothies mana harga nya bisa dapet frisian flag yg 950ml inimah, chiken nya juga ga sebesar dulu tapi bumbu barbeque nya enak",2023-12-08T11:20:34.706Z,Ayu Sulastri,102158240801090614896,False,0,id,2026-05-04T16:55:05.315457
ChdDSUhNMG9nS0VJQ0FnSURUOUtpNTVBRRAB,ChIJSYQ1ISUUby4RP7SRf6C9rtU,Rumah Makan Rizky Putra,Kuningan,Kuliner,5,Semuanya serba dadakan,2024-05-23T01:20:54.261Z,Kurniawan Pramanur,112058619264569079455,True,0,id,2026-05-04T16:55:05.315735
ChdDSUhNMG9nS0VJQ0FnSUM5ajhEaTNRRRAB,ChIJSYQ1ISUUby4RP7SRf6C9rtU,Rumah Makan Rizky Putra,Kuningan,Kuliner,5,"Rumah makan Rizky putra Menu ikan bakar, ayam bakar, karedok,leuca,peunca (kacang panjang yg dibumbui pakai kacang sperti karedok,tempe goreng, rasanya mantap. Enak buat sambil santai suasana tenang. Lokasi pinggir jalan raya, dan suasana di belakang area makan ada sawah. Menambah suasana makan berasa di alam.",2024-03-11T07:11:18.466Z,Agus Sunaryo,100253605271079606197,True,1,id,2026-05-04T16:55:05.315848
ChdDSUhNMG9nS0VJQ0FnSUNOd29PXzFRRRAB,ChIJSYQ1ISUUby4RP7SRf6C9rtU,Rumah Makan Rizky Putra,Kuningan,Kuliner,4,Keren dan kumplit,2024-01-13T03:35:21.376Z,ZAPHUKU TV,111043721468841540031,True,1,id,2026-05-04T16:55:05.315911
ChdDSUhNMG9nS0VJQ0FnSURGN3I3STZ3RRAB,ChIJSYQ1ISUUby4RP7SRf6C9rtU,Rumah Makan Rizky Putra,Kuningan,Kuliner,5,gurame bakarna c enak,2023-11-07T10:28:52.219Z,M.Yayat Ruhiyat,105734776052792724307,True,0,id,2026-05-04T16:55:05.315974
ChZDSUhNMG9nS0VJQ0FnSUNabmZPQ2ZBEAE,ChIJSYQ1ISUUby4RP7SRf6C9rtU,Rumah Makan Rizky Putra,Kuningan,Kuliner,4,"Suasana sepi, pas utk menikmati hidangan yg dipesan",2023-09-16T05:13:31.598Z,Argy Oo,109518667692788430366,True,0,id,2026-05-04T16:55:05.315996
ChZDSUhNMG9nS0VJQ0FnSUNaa2F1RUdBEAE,ChIJSYQ1ISUUby4RP7SRf6C9rtU,Rumah Makan Rizky Putra,Kuningan,Kuliner,5,Gurame bakarnya mantapp,2023-09-12T11:36:47.502Z,nana suryana,114204977987894928471,True,0,id,2026-05-04T16:55:05.316008
ChdDSUhNMG9nS0VJQ0FnSURPaWRqX21BRRAB,ChIJSYQ1ISUUby4RP7SRf6C9rtU,Rumah Makan Rizky Putra,Kuningan,Kuliner,5,"Tempat luas
Enak juga",2023-07-16T10:34:39.583Z,Yuri Pramono,114286225773513654578,True,0,id,2026-05-04T16:55:05.316051
ChdDSUhNMG9nS0VJQ0FnSUN4aU1yNHNnRRAB,ChIJSYQ1ISUUby4RP7SRf6C9rtU,Rumah Makan Rizky Putra,Kuningan,Kuliner,5,Enak.. enak.. apalagi gurame cobeknya... mantaappppbbbhh,2023-05-16T14:19:54.195Z,Vie Agustine,115635304232561496040,True,0,id,2026-05-04T16:55:05.316082
ChdDSUhNMG9nS0VJQ0FnSUNSLVB2TGpnRRAB,ChIJSYQ1ISUUby4RP7SRf6C9rtU,Rumah Makan Rizky Putra,Kuningan,Kuliner,4,"Menemukan tempat ini berkat ajakan seorang teman. Lokasinya mudah ditemukan, sekitar 1 km dari taman kota Kuningan. Bisa parkir motor dan mobil. Tempat makan bisa pilih tempat duduk di depan atau lesehan di belakang. Menu andalannya gurame bakar cobek, lengkap dengan lalapan dan sambal. Rasanya sedap, dengan harga masih terjangkau kantong.",2023-03-25T03:47:51.001Z,br14n 1m4g3s,114320973606499870769,True,8,id,2026-05-04T16:55:05.316099
ChdDSUhNMG9nS0VJQ0FnSUQ2ektQeHJBRRAB,ChIJ_R_22ykUby4R1OoF_u6CCdk,California Fried Chicken,Kuningan,Kuliner,5,"Saya makan jamblang diseberang nya. Maaf ya CFC, chicken strip kalian enak kok, semoga ada promo di hari rabu lagi yah beli 3 gratis 3 ❤️",2023-05-11T11:30:02.053Z,ROYKE FERRARI,101505159282291492796,True,0,id,2026-05-04T16:55:05.316109
ChZDSUhNMG9nS0VJQ0FnSUMtaEpHX0l3EAE,ChIJ_R_22ykUby4R1OoF_u6CCdk,California Fried Chicken,Kuningan,Kuliner,5,Tempat makan bersama keluarga yg nyaman.. Menu paforit keluarga.. Tempatnya bersih.. Harga terjangkau.. Lokasi strategis..,2022-10-27T03:50:04.549Z,Lisnur Andayati,117323345148567428200,True,1,id,2026-05-04T16:55:05.316230
ChdDSUhNMG9nS0VJQ0FnSUR1cFkzM2tnRRAB,ChIJ_R_22ykUby4R1OoF_u6CCdk,California Fried Chicken,Kuningan,Kuliner,5,"posisi y strategis ditengah kota kuningan
samping y supermarket
buat singgah dr luar kota pas bgt kl yg mau fast food area sini
dpn hotel cordelia",2022-08-25T13:35:25.666Z,Kyseno_ Official,116125829715574268894,True,0,id,2026-05-04T16:55:05.316285
ChdDSUhNMG9nS0VJQ0FnSUNPejhlajdRRRAB,ChIJ_R_22ykUby4R1OoF_u6CCdk,California Fried Chicken,Kuningan,Kuliner,5,Langganan anak-anak saya dari tk sampai sekarang masuk kuliah ❤,2022-06-23T03:07:33.517Z,desi rudiawati diman,101828816712953047773,True,0,id,2026-05-04T16:55:05.316344
ChdDSUhNMG9nS0VJQ0FnSUNPczZXbzBRRRAB,ChIJ_R_22ykUby4R1OoF_u6CCdk,California Fried Chicken,Kuningan,Kuliner,5,Wah mantap sekali,2022-06-19T09:49:20.916Z,Ilham Mahendra Strong,108637489662151960224,False,0,id,2026-05-04T16:55:05.316353
ChdDSUhNMG9nS0VJQ0FnSURvNkp5UXp3RRAB,ChIJ_R_22ykUby4R1OoF_u6CCdk,California Fried Chicken,Kuningan,Kuliner,5,Tempat makan yg pas buat nyantai,2022-06-07T07:25:53.199Z,Parman Parman,112520128364438909731,True,1,id,2026-05-04T16:55:05.316392
Ci9DQUlRQUNvZENodHljRjlvT2w5U1JDMDBkRzEyV25CTGFXWlhNak5UVldweFpHYxAB,ChIJzcAP9CwUby4RM1i563lP610,Kupat Tahu Top Hj. Ma Iroh,Kuningan,Kuliner,4,"Sayang tempatnya kecil, rombongan besar agak sulit",2026-05-02T10:14:54.463Z,Widi Yusuf,106219944409614784513,True,0,id,2026-05-04T16:55:05.316416
Ci9DQUlRQUNvZENodHljRjlvT2xKNWFUbE1ja05STVdwVVNqUjZVa3B0YnpSRFgyYxAB,ChIJzcAP9CwUby4RM1i563lP610,Kupat Tahu Top Hj. Ma Iroh,Kuningan,Kuliner,5,"Rasanya Autentik, kupatnya kenyal dan Bumbu kacangnya khas bgt, recommended dan makanan wajib bago yg jalan - jalan ke kuningan",2026-04-28T08:25:50.635Z,nio mardani,106655284574985593971,False,0,id,2026-05-04T16:55:05.316446
Ci9DQUlRQUNvZENodHljRjlvT2tKbGJsOVJlbGc1YmxGUlgwbEhUbkF3ZGtOdVptYxAB,ChIJzcAP9CwUby4RM1i563lP610,Kupat Tahu Top Hj. Ma Iroh,Kuningan,Kuliner,2,Kurang memuaskan terlalu kecil dan sumpek,2026-04-05T02:25:27.383Z,Dian Hudiana,106046360276945342459,True,0,id,2026-05-04T16:55:05.316468
Ci9DQUlRQUNvZENodHljRjlvT2xFNWIzY3RiQzB6YUdoNldqYzFlbFYzWldKMlRFRRAB,ChIJzcAP9CwUby4RM1i563lP610,Kupat Tahu Top Hj. Ma Iroh,Kuningan,Kuliner,5,Ga usah di tanya enak banget ini.,2026-04-01T14:16:14.342Z,Admaja Putra,112078341401958872871,True,0,id,2026-05-04T16:55:05.316479
Ci9DQUlRQUNvZENodHljRjlvT2tGTWRVNHlaSGhIWVZRMmRIQmlPSGhLY1Y4M1IyYxAB,ChIJzcAP9CwUby4RM1i563lP610,Kupat Tahu Top Hj. Ma Iroh,Kuningan,Kuliner,3,"Lumayan enak,
Sayangnya tempatnya agak kotor",2026-03-12T08:58:43.008Z,Dida Adit,109560137409859111388,True,0,id,2026-05-04T16:55:05.316536
Ci9DQUlRQUNvZENodHljRjlvT21jMFpHZFRlazVLZURSSmRtUjRWVWRXUkVRdFUxRRAB,ChIJzcAP9CwUby4RM1i563lP610,Kupat Tahu Top Hj. Ma Iroh,Kuningan,Kuliner,5,Sangat ngeunah rasa na. Bikin ketagihan,2026-03-05T08:52:02.214Z,Tukang ngubek Kuliner,109212222071981688038,False,0,su,2026-05-04T16:55:05.316548
Ci9DQUlRQUNvZENodHljRjlvT25rMmMzRnhTV05qV1hoU1RWQlZlSEpMYjFWR1lrRRAB,ChIJzcAP9CwUby4RM1i563lP610,Kupat Tahu Top Hj. Ma Iroh,Kuningan,Kuliner,5,Kupat tahu lejen...sejak sy SMA dlu,2026-02-03T05:04:22.154Z,Iyen Cantik,101831491482418274218,True,0,id,2026-05-04T16:55:05.316586
Ci9DQUlRQUNvZENodHljRjlvT2xWRFVqVlZSRmRyV0ZoeWJqVXlWV3BKV0ZCMFEyYxAB,ChIJzcAP9CwUby4RM1i563lP610,Kupat Tahu Top Hj. Ma Iroh,Kuningan,Kuliner,5,"Enak bumbu kacang nya yg kental, gurih, manisnya pas, mantap👍
Ga lupa pelayanan yg cepet bnget meskipun antrian panjang tpi tetep gercep sekali👌🏻👍",2025-12-28T02:57:13.828Z,Dilla Fadilah,107786853718835428469,False,0,id,2026-05-04T16:55:05.316629
Ci9DQUlRQUNvZENodHljRjlvT2tOMlozTkpRbEJ1UlRSYVUxTkVVekF3WHpCbFJrRRAB,ChIJzcAP9CwUby4RM1i563lP610,Kupat Tahu Top Hj. Ma Iroh,Kuningan,Kuliner,5,"Pelayanan cepat. Kirain mirip ketoprak, ternyata kagak. Bawang putihnya ga tajam, ketupatnya kenyal, tahunya juga ok teksturnya. Boleh dicoba guys... parkir pinggir jalan n ada kang parkirnya",2025-11-08T14:13:41.628Z,Dandy Sondakh,111785102493259033473,True,0,id,2026-05-04T16:55:05.316648
Ci9DQUlRQUNvZENodHljRjlvT2psM1ZqTXRiRzFWV0ZScGRtMWphR2c0YW5WdmRrRRAB,ChIJzcAP9CwUby4RM1i563lP610,Kupat Tahu Top Hj. Ma Iroh,Kuningan,Kuliner,4,"Rasany enak,, Tp ttep masih tdk seenak buatan Ma Iroh langsungg,,",2025-09-30T16:32:20.160Z,Melani Rismawati,104373890362339511638,False,0,id,2026-05-04T16:55:05.316672
Ci9DQUlRQUNvZENodHljRjlvT2swelVrUm5NSFp5ZWsxTU1UTTBabUpXY3pOeFNtYxAB,ChIJzcAP9CwUby4RM1i563lP610,Kupat Tahu Top Hj. Ma Iroh,Kuningan,Kuliner,2,"Sekarang ga enak .beda dengan taun2 sebelum nya .bumbu nya aga kegosongan ..
Dan porsinya jga jadi lebih sedikit",2025-09-03T08:51:12.340Z,Latip Purnama,103957268172301481736,False,0,id,2026-05-04T16:55:05.316697
Ci9DQUlRQUNvZENodHljRjlvT2tKclFUUnJPVXhqV0U1UVZXNWtWVFZXT0daRlpHYxAB,ChIJzcAP9CwUby4RM1i563lP610,Kupat Tahu Top Hj. Ma Iroh,Kuningan,Kuliner,4,"katanya disini hucap yang paling legend...untuk rasa memang enak,tekstru kacang agak kasar,rasanya mirip batagor..enak sih tp cm tahu di goreng sm ketupat udah gitu aja",2025-08-26T12:14:55.212Z,Andri khu,102305579908024036327,True,0,id,2026-05-04T16:55:05.316706
Ci9DQUlRQUNvZENodHljRjlvT2toUVIzbzJjVlF0UkhwMVZrbHlWVGxHVUhWd01IYxAB,ChIJzcAP9CwUby4RM1i563lP610,Kupat Tahu Top Hj. Ma Iroh,Kuningan,Kuliner,5,Legendanya kupat tahu kuningan,2025-08-13T04:52:38.146Z,Udin Saprudin,101826170455162075133,True,0,id,2026-05-04T16:55:05.316731
Ci9DQUlRQUNvZENodHljRjlvT25aRVRXSkpaaTFhVG5Wc1owUTROa0ozUXpSMldGRRAB,ChIJzcAP9CwUby4RM1i563lP610,Kupat Tahu Top Hj. Ma Iroh,Kuningan,Kuliner,5,Still Consitent and excelent taste from my younger year,2025-08-10T02:09:47.503Z,Achmad Setiawan,106662569568179237422,True,0,en,2026-05-04T16:55:05.316741
Ci9DQUlRQUNvZENodHljRjlvT2xSbGFEaFNWSFl4U0c5WFVVZDJjSFo2T0ZCNWJGRRAB,ChIJzcAP9CwUby4RM1i563lP610,Kupat Tahu Top Hj. Ma Iroh,Kuningan,Kuliner,5,"Hype food in kuningan. Hucap and Lengko have to try food in Kuningan.
Will came back again once available",2025-08-03T12:21:59.675Z,Henry Johan Joshua,106094314721632543914,True,0,en,2026-05-04T16:55:05.316751
Ci9DQUlRQUNvZENodHljRjlvT2xKRGMwOVpaM05JTkU5NmNVYzJjRFZpV1VaYVlVRRAB,ChIJzcAP9CwUby4RM1i563lP610,Kupat Tahu Top Hj. Ma Iroh,Kuningan,Kuliner,2,"Beli d bungkus tapi gk d kasih bumbu kacang nya harga 17rb cuman dapat kupat sama tahu doang, tolong perbaiki pelayanan nya",2025-07-31T03:50:05.260Z,Pandalucu 2905,103238393286801569791,False,0,id,2026-05-04T16:55:05.316761
Ci9DQUlRQUNvZENodHljRjlvT2twRlRrWnlTVTFmU0VGclNHWk1YM0ZKYUdOS1UxRRAB,ChIJzcAP9CwUby4RM1i563lP610,Kupat Tahu Top Hj. Ma Iroh,Kuningan,Kuliner,2,"BARU BELI LG TADI UDH LAMA PGN NYOBAIN,SOALNYA TERAKHIR NYOBAIN UDAH GA SEENAK DULU. TADI NYOBAIN TERNYATA RASANYA KO MAKIN ANEH YA,MAAF MAAF YA.
1. RASA HAMBAR,BUMBU ENCER GA SEENAK MA IROH MSH ADA,KY ADA BAU HANGUS
2. HARGA MAHAL MASA KUPAT TAHU AJA 17.000 (BAKSO YG ENAK AJA 15RB-16RB)
3. KARYAWAN TOLONG DAH SAAT ADA PEMBELI JGN NGEROKOK,EMPET GW MAKAN DITEMENIN ASAP ROKOK. DITAMBAH GW LG MAKAN KARYAWAN YG RACIK DUDUK DIBANGKU PNJG GW,KLO DIEM SIH GPP TP INI KAKINYA GA BS DIEM KY TUKANG JAIT.

KUPAT TAHU RACIKAN MA IROH YG RASANYA DULU ENAK UDAH ""DIBIKIN ANEH"",MENDINGAN KLO RASA SPT ITU HARGA GA MHL. TOLONGLAH KLO MAU HARGA 17.000 KASIH KONSUMEN RASA YG ENAK JG,MINIMAL MENDEKATI RASA RACIKAN MA IROH.",2025-07-28T03:22:57.889Z,Cilok Goang,113339004369272870949,False,0,id,2026-05-04T16:55:05.316770
Ci9DQUlRQUNvZENodHljRjlvT2xWNVQyaGlXRVJTVldOWWQyZERNMHBpVmpoU1FWRRAB,ChIJzcAP9CwUby4RM1i563lP610,Kupat Tahu Top Hj. Ma Iroh,Kuningan,Kuliner,5,"Konon katanya Presiden SBY pernah makan di sini waktu lagi ke Kuningan. Rasa kupatnya cenderung manis, ada rasa gurih dari kacangnya. Tekstur ketupatnya juga lembut, cocok lah buat dimakan di awal hari.",2025-07-06T06:56:30.361Z,Nurman Riyadi Rahman,111821278199548131926,True,0,id,2026-05-04T16:55:05.316794
Ci9DQUlRQUNvZENodHljRjlvT2pKNFkyMXFUMHBJVkMxS05GSTFSV296YXpNNWJrRRAB,ChIJzcAP9CwUby4RM1i563lP610,Kupat Tahu Top Hj. Ma Iroh,Kuningan,Kuliner,1,"Sekarang ga seperti yg sudah. Kesannya kurang gurih,ga pake kecap,bumbuna kurang sedap,tahunya jelek.Ini kunjungan kami BLN Juni 2025. Coba hucap ma Iroh kembalikan PD semula menunya",2025-06-29T09:22:20.144Z,Moh Syukron,101643735759782386437,False,0,id,2026-05-04T16:55:05.316825
Ci9DQUlRQUNvZENodHljRjlvT2kweWJrbElXVzVYV214d01uRmpiMlJ6V2xoaE5IYxAB,ChIJzcAP9CwUby4RM1i563lP610,Kupat Tahu Top Hj. Ma Iroh,Kuningan,Kuliner,1,"B aja. Ga seenak dlu. Mana pegawainya pada merokok di depan pembeli. Gak banget. Melayani sambil merokok, duduk depan pembeli yg lg makan jg sambil merokok. Bikin ga nyaman. Semoga bisa diperbaiki.",2025-06-24T04:29:15.095Z,Gina Pebriani,101471146866414693983,False,0,id,2026-05-04T16:55:05.316844
ChZDSUhNMG9nS0VNTEUxdUtyOWJYMUZREAE,ChIJzcAP9CwUby4RM1i563lP610,Kupat Tahu Top Hj. Ma Iroh,Kuningan,Kuliner,4,"Ini banyak diburu oleh wisatawan yg lg berkunjung ke Kuningan, cm menurutku trllu gurih tp msh bsa dimakan.",2025-05-14T08:35:29.060Z,Leni Nurahmi,115528930159756078643,True,0,id,2026-05-04T16:55:05.316862
ChZDSUhNMG9nS0VKS1h5S1gtc1BXN1VnEAE,ChIJzcAP9CwUby4RM1i563lP610,Kupat Tahu Top Hj. Ma Iroh,Kuningan,Kuliner,3,Rekomendasi kupat tahu area kuningan kota,2025-05-11T22:23:37.476Z,Jawami al-kalim,117503815147370851971,True,0,id,2026-05-04T16:55:05.316872
ChdDSUhNMG9nS0VJQ0FnTUNvM2NPMS1RRRAB,ChIJzcAP9CwUby4RM1i563lP610,Kupat Tahu Top Hj. Ma Iroh,Kuningan,Kuliner,5,"Hupatnya enak banget, 1 porsinya juga banyak banget, rekomend banget, buat yang lagi nyari makanan has kota kuningan kupat tahu",2025-04-19T08:30:02.415Z,ummu hany,114863899360846523302,True,0,id,2026-05-04T16:55:05.316920
ChdDSUhNMG9nS0VJQ0FnSUN4cnV1ZW93RRAB,ChIJzcAP9CwUby4RM1i563lP610,Kupat Tahu Top Hj. Ma Iroh,Kuningan,Kuliner,3,rasa dan aroma tidak seperti dulu,2025-04-11T10:41:23.060Z,Rian Ani,100951306190153068250,False,0,id,2026-05-04T16:55:05.316938
ChZDSUhNMG9nS0VJQ0FnTUNJNThfLVNnEAE,ChIJzcAP9CwUby4RM1i563lP610,Kupat Tahu Top Hj. Ma Iroh,Kuningan,Kuliner,5,"Baru pertama cobain Hucap disini.
Kirain kaya Kupat Tahu bandung atau ketoprak.
Bumbunya agak encer tapi kacangnya masih agak kasar.
Rasanya enak dan tekstur lontongnya ga benyek.",2025-04-05T07:39:45.148Z,Yadhi Purnomo,112350443167450495060,True,0,id,2026-05-04T16:55:05.316947
ChZDSUhNMG9nS0VJQ0FnTUNJbmVqcUF3EAE,ChIJzcAP9CwUby4RM1i563lP610,Kupat Tahu Top Hj. Ma Iroh,Kuningan,Kuliner,4,Masih hararese nyari parkiran. Panas pisan ongkoh,2025-04-04T02:19:43.574Z,Sudarno Ahmad Queen,108600795635668494049,True,0,su,2026-05-04T16:55:05.316956
Ci9DQUlRQUNvZENodHljRjlvT2xOc1lWQkdjR2xxUkdWSFVHbE5UMnBOYTJkSlkzYxAB,ChIJrZl3aEsZby4RMJkrrI0XJks,Woodland,Kuningan,Kuliner,5,Bersih dan sejuk. Cocok untuk piknik,2026-05-01T08:28:43.690Z,bryan aristya,116890296734055746254,False,0,id,2026-05-04T16:55:05.316979
Ci9DQUlRQUNvZENodHljRjlvT2xRMmFWWTNPR1V4TVRkWU9WZEVhMjlDY2sxT01uYxAB,ChIJrZl3aEsZby4RMJkrrI0XJks,Woodland,Kuningan,Kuliner,4,Tersedia banyak arena bermain anak tapi berbayar.,2026-05-01T08:02:49.937Z,Adholfina,100568836982912330442,True,0,id,2026-05-04T16:55:05.316994
Ci9DQUlRQUNvZENodHljRjlvT21KMGFHOHdZMTkwV1Y4eGRsTjZRMlpOZVRCRmVWRRAB,ChIJrZl3aEsZby4RMJkrrI0XJks,Woodland,Kuningan,Kuliner,5,Tempat yg pas buat santai keluarga.luas suasana nyaman bgt..kolam renangnya dan tempatnya enak.komplit fasilitas nya..harga terjangkau,2026-04-30T14:36:46.290Z,dheedy mardianto,112220922293759681552,True,0,id,2026-05-04T16:55:05.317005
Ci9DQUlRQUNvZENodHljRjlvT2twVFduTjJha04yUjBSclNDMHdZMmx6TjNwaVRHYxAB,ChIJrZl3aEsZby4RMJkrrI0XJks,Woodland,Kuningan,Kuliner,5,"Seru, kolam renang menyatu dg alam. Tiket masuk tergolong murah dan kolamnya luas sekali.",2026-04-27T03:16:04.418Z,Cynthia F. Rista,116820215540968641441,True,0,id,2026-05-04T16:55:05.317016
Ci9DQUlRQUNvZENodHljRjlvT2xoRmNtUkRNMVZEYlRBMFRFSkZTWHByU0VWV1MwRRAB,ChIJrZl3aEsZby4RMJkrrI0XJks,Woodland,Kuningan,Kuliner,5,"Bersih, indah, asri. Sngat representatif utk rekreasi anak-anak kita. Recomended deh.",2026-04-23T02:11:43.580Z,Supiyan Komari,100720137399673526255,False,0,id,2026-05-04T16:55:05.317034
Ci9DQUlRQUNvZENodHljRjlvT20xc2RETkhSbGh1YVRGaU9EUlJZbkpKY2pSMFQzYxAB,ChIJrZl3aEsZby4RMJkrrI0XJks,Woodland,Kuningan,Kuliner,5,"adem tempatnya, makin banyak kolam renangnya, airnya jernih bersih, siapkan lutut anda pokoknya😁😁",2026-04-18T07:05:42.409Z,Anne Anni,113629853173795291721,False,0,id,2026-05-04T16:55:05.317066
Ci9DQUlRQUNvZENodHljRjlvT2xKa1NrbGpaVGQwZVVaMlVFRXRVV3RGUkV4R05VRRAB,ChIJrZl3aEsZby4RMJkrrI0XJks,Woodland,Kuningan,Kuliner,5,"Saya dari serang banten mau ke tegal. Tp sekalian melipir ke kuningan karna silaturahmi. Cari tempat rekomen yg gak terlalu jauh dari pintu toll. Akhirnya pilih woodlan dan ternyata memiaskan.

Harga Weekday cuma 20k. Itu sangat worth it. Kolamnya banyak, alamnya segar dan luas. Kolam bawah belum ada pohon besar, jadi masih terasa panas sekali.

Bulak balik ke atas ke bawah. Lumayan gempor guys. Tidak lansia friendly yaah. 🤣",2026-04-18T00:24:28.731Z,RANKSA OFFICIAL,102422089447197638711,True,0,id,2026-05-04T16:55:05.317078
Ci9DQUlRQUNvZENodHljRjlvT2tSVFgyMTBXV3BDT0dZNVJYaHlhWFUyVUVvNVVuYxAB,ChIJrZl3aEsZby4RMJkrrI0XJks,Woodland,Kuningan,Kuliner,3,"Tempat wisata Woodland cukup menarik untuk dikunjungi, terutama buat yang cari suasana sejuk dan pemandangan yang enak dipandang. Area-nya terasa asri, cocok untuk refreshing bareng keluarga.
Namun ada beberapa hal yang perlu jadi perhatian. Tidak tersedia smoking room, sehingga pengunjung yang merokok masih bercampur dengan area umum. Selain itu, sangat disayangkan melihat petugas penjaga wahana yang merokok di area wahana anak—ini cukup mengganggu kenyamanan dan kurang baik dari sisi keamanan serta contoh bagi pengunjung.
Semoga ke depannya pengelola bisa lebih memperhatikan hal-hal tersebut agar pengalaman wisata jadi lebih nyaman dan ramah untuk semua pengunjung 🙏",2026-04-16T00:25:06.925Z,G e c k k o,114415763891570536054,True,0,id,2026-05-04T16:55:05.317096
Ci9DQUlRQUNvZENodHljRjlvT205TE1rbEZPVGg2WlVwc1dWSkpkWHBtV25wTVQxRRAB,ChIJrZl3aEsZby4RMJkrrI0XJks,Woodland,Kuningan,Kuliner,5,"Tempat rekreasi keluarga atau bersama teman² atau pun acara kantor dengan konsep alam outdoor.
Dilengkapi beberapa fasilitas permainan flyfox,berkuda,kolam renang,perosotan ,masukan untuk fasilitas toilet/kamar bilas sayang nya terlalu minim
Kamar bilas di bagian atas air tidak mengalir, kamar bilas /toilet di bawah hanya ada beberapa pintu saja.
Mohon diperhatikan kembali
Jalanan dr taman menuju kolam licin hati² saat berjalan",2026-04-15T15:10:33.347Z,Ari Syahriel,104616101588271426940,True,0,id,2026-05-04T16:55:05.317107
Ci9DQUlRQUNvZENodHljRjlvT2pnM01uWmtiVkpXTTBFNFIwbGZUM2hNY0Zod1NsRRAB,ChIJrZl3aEsZby4RMJkrrI0XJks,Woodland,Kuningan,Kuliner,5,Tempat yang cocok untuk keluarga,2026-04-14T08:39:07.415Z,AKohir,112192303185176440890,False,0,id,2026-05-04T16:55:05.317116
Ci9DQUlRQUNvZENodHljRjlvT2tRelVsVnhaRmcwTUV0VWFuZHJNa3BJUm1OSlJIYxAB,ChIJrZl3aEsZby4RMJkrrI0XJks,Woodland,Kuningan,Kuliner,5,"Rekreasi the best menurut saya di kuningan menawarkan berbagai wahana dan fasilitas yang lengkap tempat nya bersih wc bersih dan banyak kolam air nya, cocok banget buat rekreasi sekeluarga mantap poll",2026-04-13T12:12:54.063Z,Tita Tita,112975147863336370436,False,0,id,2026-05-04T16:55:05.317141
ChdDSUhNMG9nS0VJQ0FnSUNMajR1LWlnRRAB,ChIJ9QA1E20Xby4R-EdaAxBDxkA,RM. HDS CIBULAN,Kuningan,Kuliner,5,Sekarang Berganti Jadi RM Ashoka spesialis hidangan kambing,2024-06-24T02:04:17.713Z,Saifullah Adikusumah,111039099902854570910,True,0,id,2026-05-04T16:55:05.317169
ChZDSUhNMG9nS0VJQ0FnSURCM3RDaER3EAE,ChIJ9QA1E20Xby4R-EdaAxBDxkA,RM. HDS CIBULAN,Kuningan,Kuliner,5,"Tempat makan hds pas banget dengaan jalan masuk ke wisata cibulan

Cukup luas tempatnya, yang paling enak disini makanan iga bakarnya mantap sekali ditambah dengan kuahnya",2023-01-20T10:21:19.595Z,Izzudin Azzam,117081495151891080539,True,0,id,2026-05-04T16:55:05.317300
ChdDSUhNMG9nS0VJQ0FnSUNCdHBmMzB3RRAB,ChIJ9QA1E20Xby4R-EdaAxBDxkA,RM. HDS CIBULAN,Kuningan,Kuliner,3,Tempat nya karena bukan week end jadi sedang sepi... Tapi kurang kebersihan nya... Harga nya lumayan mahal... Rasa cukup enak,2022-12-25T05:17:34.088Z,Kurnia Surya Saputra (Surya),117448032439967470552,True,0,id,2026-05-04T16:55:05.317311
ChZDSUhNMG9nS0VJQ0FnSUNCdHVxU2RnEAE,ChIJ9QA1E20Xby4R-EdaAxBDxkA,RM. HDS CIBULAN,Kuningan,Kuliner,1,"Tukang parkirnya ngambil hpku. Dan dibawa ke rumahnya. Knp gak dikembaliin waktu saya makan? Atau ke pihak cibulannya? Saya, satpam hotel, keluarga saya sampai ke rumahnya karena kedeteksi lokasi hp saya waktu hilang. Pencariannya sampai 4 jam. Minuman saya sangat kotor juga.",2022-12-25T00:20:12.979Z,Mochi Bella,115408157952383754559,False,0,id,2026-05-04T16:55:05.317322
Ci9DQUlRQUNvZENodHljRjlvT2s1eU5rOVBUekE1VkdkS1RYUklNbWhVUVRGSE4zYxAB,ChIJrZl3aEsZby4RMJkrrI0XJks,Woodland,Kuningan,Kuliner,4,"Tempat nya luas, tiket 20k ssrkj 25k SM
Kolam banyak, ada ikan buat mijitin kaki,
Cuman sayangnya tempat istirahat kurang bersih, mungkin karna taman rekreasi air..
Ada mushola, toilet lengkap, taman air, petugas ramah, parkir 5k dibayar duluan..
Ada petugas dishub didepan suka nyebrangin orang dari parkiran.
Ushakan bawa tikar kalo main kesini.",2026-04-12T12:29:08.352Z,D Fallen,110671324387613581429,True,0,id,2026-05-04T16:55:05.317347
Ci9DQUlRQUNvZENodHljRjlvT2pSR2RFOVpaVVpWTkhkMmNtNW5RWGxqY1dKTlpWRRAB,ChIJrZl3aEsZby4RMJkrrI0XJks,Woodland,Kuningan,Kuliner,5,tempat sejuk dan nyaman,2026-04-09T11:50:27.078Z,Heru Aripin,114176738613285560363,False,0,id,2026-05-04T16:55:05.317387
Ci9DQUlRQUNvZENodHljRjlvT2padlZHcFBXVVZOTjFGNlVGWmFkbnBpWWtSMWNIYxAB,ChIJrZl3aEsZby4RMJkrrI0XJks,Woodland,Kuningan,Kuliner,5,"Seneng bgt. Tempatnya passs buat healing sejuk, adem tanpa musik yang dardirdor kek tempat wisata yang lain. Gazebo luas, Toilet bersih dan terawat udah gitu banyak lagi jadi tidak antre. Selain itu musholah nya juga cukup luas🤗 dan tersedia alat sholat yang layak(masyaallah, ini mah udah pasti bakal berkunjung lagi). Ternyata berkunjung saat tanggal merah terhitung weekend yah min?.
Minusnya tempat pembelian tiket wahana terpisah jadi kita capek bolak-balik naik turunnya. Tapiii over all cukup memuaskan siii",2026-04-04T14:45:22.053Z,I'ANAH SITI,117992223457307553151,False,0,id,2026-05-04T16:55:05.317457
Ci9DQUlRQUNvZENodHljRjlvT2tkb1JUQkpWekU1ZFVsaVgzRk1RWFZ6TlhKUGIyYxAB,ChIJrZl3aEsZby4RMJkrrI0XJks,Woodland,Kuningan,Kuliner,4,Yg masih kurang kamar ganti atau toilet di kolam ujung,2026-03-31T23:30:58.381Z,Abdul Rohman (Ang rohman),113441678881047431641,True,0,id,2026-05-04T16:55:05.317513
ChdDSUhNMG9nS0VJQ0FnSUQtMGN5ZzRnRRAB,ChIJ9QA1E20Xby4R-EdaAxBDxkA,RM. HDS CIBULAN,Kuningan,Kuliner,5,Makanan nya lezat murah lagi,2022-12-02T09:45:26.295Z,Mamah Sayang,104393941774438739620,False,0,id,2026-05-04T16:55:05.317522
ChZDSUhNMG9nS0VJQ0FnSUR1c2F6UVJREAE,ChIJ9QA1E20Xby4R-EdaAxBDxkA,RM. HDS CIBULAN,Kuningan,Kuliner,5,Tmpat makan brhawa sejuk,2022-08-23T08:20:55.142Z,Surya Jaya,102245064790282227434,True,0,ms,2026-05-04T16:55:05.317583
ChdDSUhNMG9nS0VJQ0FnSUNPNWZQazR3RRAB,ChIJ9QA1E20Xby4R-EdaAxBDxkA,RM. HDS CIBULAN,Kuningan,Kuliner,5,Iga bakar nya lezaaaaaat,2022-06-15T11:57:10.623Z,Dede Israyani,117197678936990449406,True,0,id,2026-05-04T16:55:05.317627
ChdDSUhNMG9nS0VJQ0FnSUQyMUxlVm1RRRAB,ChIJ9QA1E20Xby4R-EdaAxBDxkA,RM. HDS CIBULAN,Kuningan,Kuliner,5,"Kalau pesan makanan di sini ternyata sudah paket berikut minum dan lalapan 👍👍. Saya pikir dimenu hanya dapat lauk saja ternyata sudah paket komplit 😄😄.
Gurame bakar nya juga 👍👍 sambal tomat 👍👍
Oh ia owner nya juga ramah mau tegur sapa di depan pintu masuk.
Next touring mau mampir lagi mau coba gurame goreng nya🙏🙏🙏",2022-05-07T14:06:57.317Z,Gunawan Wibisono,111878494235329243722,True,0,id,2026-05-04T16:55:05.317636
ChZDSUhNMG9nS0VJQ0FnSUQyOEtmZFpREAE,ChIJ9QA1E20Xby4R-EdaAxBDxkA,RM. HDS CIBULAN,Kuningan,Kuliner,5,"Menu utamanya sop buntut dan iga bakar, untuk ukurannya luar biasa mantap, untuk harga lumayan $$, tempatnya ada yg lesehan diruangan atau lesehan disaung diatas kolam ikan, bisa kasih makan ikan juga buat hiburan anak anak, lahan parkirnya luas",2022-05-04T15:03:32.328Z,gilang rachmat,110263841602457517666,True,0,id,2026-05-04T16:55:05.317645
ChdDSUhNMG9nS0VJQ0FnSUQyd09IUGhBRRAB,ChIJ9QA1E20Xby4R-EdaAxBDxkA,RM. HDS CIBULAN,Kuningan,Kuliner,3,"Pelayanannya lama banget, sejam lebih makanan gak diantar-antar...
Kondisi gak ramai banyak meja kosong padahal.

Untuk makanan tidak ada masalah, enaklah yaa...",2022-05-03T08:08:46.563Z,Gede Agung Gandes,101450422084557471699,True,0,id,2026-05-04T16:55:05.317654
ChdDSUhNMG9nS0VJQ0FnSURXc2NpV2d3RRAB,ChIJ9QA1E20Xby4R-EdaAxBDxkA,RM. HDS CIBULAN,Kuningan,Kuliner,4,"Masakannya maknyusssss.
Harga terjangkau akses pinggir jalan parkiran luas",2022-03-27T09:24:13.130Z,lukman ismail,114598918643279062560,True,0,id,2026-05-04T16:55:05.317677
ChdDSUhNMG9nS0VJQ0FnSURXc3IzUDZRRRAB,ChIJ9QA1E20Xby4R-EdaAxBDxkA,RM. HDS CIBULAN,Kuningan,Kuliner,5,"Suka kuliner, sop buntut... mmmmm .... ini tempatnya dikuningan...  jhoooooossssss ghandooozzzzzz 👍👍👍",2022-03-20T07:06:54.397Z,husnan ganteng,103716474590523561731,True,0,id,2026-05-04T16:55:05.317694
ChdDSUhNMG9nS0VJQ0FnSURtdDVtSWdnRRAB,ChIJ9QA1E20Xby4R-EdaAxBDxkA,RM. HDS CIBULAN,Kuningan,Kuliner,5,"Tempatnya nyaman banget, adem...
Pelayanannya ramah, dan cepat.
Makanannya sedap semua",2022-02-12T11:03:44.780Z,Nunung 7778,114866634684780540153,False,0,id,2026-05-04T16:55:05.317703
ChdDSUhNMG9nS0VJQ0FnSURtaWZEbW93RRAB,ChIJ9QA1E20Xby4R-EdaAxBDxkA,RM. HDS CIBULAN,Kuningan,Kuliner,5,"Pelayanan ramah, tempat nyaman dan asri. Cocok membawa keluarga atau rombongan besar. Ada lesagan ada yg duduk meja. Makan sembari ditemani ikan dan diijinkan utk memberi makan ikan, pakan ikan disediakan gratis. Parkir luas. Harga makanan terjangkau. Rasa cukup.",2022-02-01T08:58:33.369Z,Fifi Afiyyah Noviani,117090519768163289121,True,2,id,2026-05-04T16:55:05.317713
ChZDSUhNMG9nS0VJQ0FnSUNHa2JxMVV3EAE,ChIJ9QA1E20Xby4R-EdaAxBDxkA,RM. HDS CIBULAN,Kuningan,Kuliner,4,"Tempat luas
Parkir luas
Banyak pikihan menu
Pelayanan cepat

Tapi sayang musola agak kecil
Tapi worth it kok
👍",2021-11-01T06:13:59.985Z,Wiwit Widyarini,117591570322134908958,True,0,id,2026-05-04T16:55:05.317768
Ci9DQUlRQUNvZENodHljRjlvT25GQ2VESjFUVEV3Y1VGWVduQm1NMUZNY1dwdGJrRRAB,ChIJrZl3aEsZby4RMJkrrI0XJks,Woodland,Kuningan,Kuliner,5,Asri alami murah berkwalitas ga bau kaporit bnyak wahana bnyak kolam renangnya,2026-03-31T11:33:26.513Z,Berkah7950,114348300570396167594,True,0,id,2026-05-04T16:55:05.317777
Ci9DQUlRQUNvZENodHljRjlvT2t0V1RsZDNlR3RPYjBaUFpqSkNXa1JYV1dOR2VuYxAB,ChIJrZl3aEsZby4RMJkrrI0XJks,Woodland,Kuningan,Kuliner,5,"Entah sudah ke berapa kalinya wisata disini, jadi favorite banget pokoknya mah..
Tempatnya adem, serba ada juga di dalam dalam satu tempat. Kesenengan bocil semua. Bahkan sekarang sudah perluasan sampe area bawah dan lebih luas lagi. Ai kolamnya juga jernih dan bnyak pilihan karena bnyaknya kolam renang. Tinggal datang bawa timbel. Anak anak berenang, para bapak dan ibu menunggu d atas tikar beuh nikmat..
Permainan juga ga cuma buat bocil tapi dewasa juga banyak.
Ada jumping, serodotan pelangi, kuda, flying fox untuk bocil dan dewasa (lebih panjang dan tinggi). Outbond, mewarnai, kereta2an dll..
Bakal betah dr pagi hingga sore juga..
Semoga tetep laku ya dan maju. Ga kaya wisata di Kuningan lainnya yg mulai terlupakan dan tidak dirawat..",2026-03-31T10:51:53.468Z,NisaNisaNura Nura,100980333591941150264,True,0,id,2026-05-04T16:55:05.317785
Ci9DQUlRQUNvZENodHljRjlvT2s1TmVGcHRNSHBOV0ZaalkxQm1PR0ppZWxwa2RYYxAB,ChIJrZl3aEsZby4RMJkrrI0XJks,Woodland,Kuningan,Kuliner,5,"Makanannya enak, cepat, tempatnya juga luas",2026-03-30T08:01:20.869Z,Eno Eno,109861570351683302130,True,0,id,2026-05-04T16:55:05.317801
Ci9DQUlRQUNvZENodHljRjlvT2xJeGNXUnFWVmhSY0V4MlprZFhVRXR3YlhSR1RFRRAB,ChIJrZl3aEsZby4RMJkrrI0XJks,Woodland,Kuningan,Kuliner,5,"Tempatnya bagus, banyak wahananya kolam renangnya jga bnyk, ga ush pake bayar lagi dan bisa bawa makanan dr rumah, ada penyewaan tikar jga",2026-03-29T08:45:00.017Z,Muksin Ucin,109210924134737275743,False,0,id,2026-05-04T16:55:05.317810
Ci9DQUlRQUNvZENodHljRjlvT2pJNGQzRk1aVkV4VG0xcE1XOXZOSGQzTlc5SFRIYxAB,ChIJrZl3aEsZby4RMJkrrI0XJks,Woodland,Kuningan,Kuliner,5,Tempatnya bagus dan recomended untuk liburan bersama keluarga dan wahananya lengkap untuk tempat makan atau resto harusnya di banyakin,2026-03-28T01:59:56.655Z,Siti Nurjanah,113395443973221779087,False,0,id,2026-05-04T16:55:05.317819
Ci9DQUlRQUNvZENodHljRjlvT2psUVpVSm1jRVEyU0RWbFZXTkZOVmw2WTNwQ1kwRRAB,ChIJrZl3aEsZby4RMJkrrI0XJks,Woodland,Kuningan,Kuliner,4,"Tempatnya luas, jadi walopun banyak pengunjung ga begitu sesak. Pilihan permainan juga banyak. Sayang tempat sampahnya ga tiap sudut ada, semoga bisa ditambah lagi tempat sampahnya, buar pengunjung ga bingung buang sampah.",2026-03-27T08:15:16.062Z,Suningrat,106239005729280130525,False,0,id,2026-05-04T16:55:05.317827
Ci9DQUlRQUNvZENodHljRjlvT2pGM1ExbEpWMk10VFZKeFdqUk1lbEpEVmpkYVJHYxAB,ChIJrZl3aEsZby4RMJkrrI0XJks,Woodland,Kuningan,Kuliner,5,"Wisata murah meriah, ada wahana flying fox untuk anak dan dewasa, wahana seluncur ban, kolom renang anak dan dewasa, dan kolam terapi ikan yang membuat anda geli",2026-03-27T00:36:07.205Z,X-Gen 83,114005120714091315893,True,0,id,2026-05-04T16:55:05.317865
ChdDSUhNMG9nS0VJQ0FnSUM5LTVYUTVnRRAB,ChIJMYJIM8MZby4REIV5Mur06kA,RM. Sari Raos,Kuningan,Kuliner,5,"bebeknya enak, rasanya konsisten, kalau ke Kuningan slalu kesini, lesehan di saung belakang sambil selonjoran melepas lelah perjalanan dr Tangsel",2024-05-01T09:17:03.740Z,Sholihah,109897468651308460870,True,0,id,2026-05-04T16:55:05.317900
ChdDSUhNMG9nS0VJQ0FnSURaMnZqejh3RRAB,ChIJMYJIM8MZby4REIV5Mur06kA,RM. Sari Raos,Kuningan,Kuliner,4,"Murah, tempat nyaman, bnyk pilihan menu, parkir luas",2023-09-29T04:19:40.283Z,Firman Rama,102631541099364500355,True,0,id,2026-05-04T16:55:05.317912
ChZDSUhNMG9nS0VJQ0FnSUNaLU1IRFlREAE,ChIJMYJIM8MZby4REIV5Mur06kA,RM. Sari Raos,Kuningan,Kuliner,3,"Tempatnya nyaman dan luas, hanya ,makanan nya kurang fresh",2023-09-04T04:56:52.814Z,yuke setiadi,105155800483411307935,True,0,id,2026-05-04T16:55:05.317922
ChZDSUhNMG9nS0VJQ0FnSUMtNGRxTVFBEAE,ChIJMYJIM8MZby4REIV5Mur06kA,RM. Sari Raos,Kuningan,Kuliner,5,"Kami pasti makan di sini setiap perjalanan ke Kuningan.... Tempat dan suasana, makanan dan pelayanan nya ok...yang pasti harganya ok banget",2022-11-06T05:28:50.231Z,Anis Syarifuddin,116682166056100684984,True,0,id,2026-05-04T16:55:05.317961
ChZDSUhNMG9nS0VJQ0FnSURlMVp6a1F3EAE,ChIJMYJIM8MZby4REIV5Mur06kA,RM. Sari Raos,Kuningan,Kuliner,4,Kondusif di dompet,2022-10-15T19:17:36.488Z,MWCNUWeru Cirebon,111435163242254933023,True,0,id,2026-05-04T16:55:05.317971
ChdDSUhNMG9nS0VJQ0FnSUR1cVlyR3lnRRAB,ChIJMYJIM8MZby4REIV5Mur06kA,RM. Sari Raos,Kuningan,Kuliner,3,Hem rasa kaki lima harga kaki 10,2022-08-23T23:04:17.931Z,Kang Andi Asa,106470077341809701478,True,0,id,2026-05-04T16:55:05.317980
ChZDSUhNMG9nS0VJQ0FnSURPM1plUWRBEAE,ChIJMYJIM8MZby4REIV5Mur06kA,RM. Sari Raos,Kuningan,Kuliner,5,Sambelna poko namah jooos joros. Langganan tiap jalur kuningan cirebon. Sukses terus,2022-07-12T07:02:35.724Z,Aldy Dazenk,109882868297863027314,True,0,su,2026-05-04T16:55:05.317988
ChZDSUhNMG9nS0VJQ0FnSURPek1peVZREAE,ChIJMYJIM8MZby4REIV5Mur06kA,RM. Sari Raos,Kuningan,Kuliner,5,"Rumah makan yang memiliki cita rasa tersendiri, murah, dan tepat buat acara keluarga atau rombongan",2022-06-29T09:00:38.644Z,Drs. ABDURAKHMAN,112819567651354584724,True,0,id,2026-05-04T16:55:05.318005
ChdDSUhNMG9nS0VJQ0FnSUNPc183SDBBRRAB,ChIJMYJIM8MZby4REIV5Mur06kA,RM. Sari Raos,Kuningan,Kuliner,4,Sarapan pagi sebelum kunjungan lapang,2022-06-19T09:07:24.397Z,Anis,107727373695942053402,True,0,id,2026-05-04T16:55:05.318014
ChdDSUhNMG9nS0VJQ0FnSUNPbEp5Qi1nRRAB,ChIJMYJIM8MZby4REIV5Mur06kA,RM. Sari Raos,Kuningan,Kuliner,5,"Makanannya enak semuanya, apalagi gurame bakarnya maknyus ... pingin ngajak temen2 kesini lg tapi sayang, jauh dari kota Bandung",2022-06-02T12:08:35.588Z,My Truly love,110010890359575630944,True,0,id,2026-05-04T16:55:05.318022
ChZDSUhNMG9nS0VJQ0FnSUQyc002V0hBEAE,ChIJMYJIM8MZby4REIV5Mur06kA,RM. Sari Raos,Kuningan,Kuliner,1,lama bgt pelayanannya pdhl cuma 4 org hdehhh,2022-05-04T08:50:01.855Z,Winda Tannia,109969000757377753378,False,0,id,2026-05-04T16:55:05.318037
ChZDSUhNMG9nS0VJQ0FnSUQyd0xXemZBEAE,ChIJMYJIM8MZby4REIV5Mur06kA,RM. Sari Raos,Kuningan,Kuliner,1,Pelayanan parah lambat dan lelet padahal pesen duluan,2022-05-03T08:40:18.738Z,Dede Sulaeman,114523726674807803618,False,0,id,2026-05-04T16:55:05.318046
ChdDSUhNMG9nS0VJQ0FnSUMyZ1ltS3lRRRAB,ChIJMYJIM8MZby4REIV5Mur06kA,RM. Sari Raos,Kuningan,Kuliner,4,"Makanannya lumayan enak, tapi kurang variasi.",2022-04-22T12:53:37.645Z,Budi Hartati Oktaviani,113951472810203735318,True,0,id,2026-05-04T16:55:05.318054
Ci9DQUlRQUNvZENodHljRjlvT201eVprOWZOelpZZDNwZldqWTVPWFZVVmswM2MyYxAB,ChIJDyrLn1URby4RfOpYnZEj2OQ,RM. Sate Beber Jaya,Kuningan,Kuliner,4,"Sudah mulai buka di pagi hari, rumah makan yang satu ini sepertinya cocok juga untuk menikmati sarapan sate. Spot parkirnya bisa untuk motor dan mobil, meski tidak terlalu luas (terdapat tukang parkir yang sigap mengatur kendaraan). Untuk tempat duduk bisa memilih di kursi atau lesehan. Pelayanan lumayan cepat. Satenya enak dan gurih.",2026-04-28T08:20:07.687Z,br14n 1m4g3s,114320973606499870769,True,0,id,2026-05-04T16:55:05.318061
Ci9DQUlRQUNvZENodHljRjlvT2tSRWNVSndZbXc1VTFnM1dFVnJRbFkyVTFKMlRIYxAB,ChIJDyrLn1URby4RfOpYnZEj2OQ,RM. Sate Beber Jaya,Kuningan,Kuliner,5,warung berkah tersedia wi fi gratis kalo sambil ngopi,2026-04-27T14:29:11.130Z,warung ayam geprek ijong,107956161681300544718,True,0,id,2026-05-04T16:55:05.318072
Ci9DQUlRQUNvZENodHljRjlvT25Wd09XOUJXbHBPU2xwb01YTTVObk5TWjNGRE9HYxAB,ChIJDyrLn1URby4RfOpYnZEj2OQ,RM. Sate Beber Jaya,Kuningan,Kuliner,1,"Harga mahal sambel gak enak tempat banyak lalat pelayanan tidak ramah , kapok cukup sekali aja",2026-04-17T06:02:15.908Z,Dewi Aminah,106346975779865762628,False,0,id,2026-05-04T16:55:05.318095
Ci9DQUlRQUNvZENodHljRjlvT2toM1dHTjFiamRXTldsTExXRXRjVWwxVDNSUVRGRRAB,ChIJDyrLn1URby4RfOpYnZEj2OQ,RM. Sate Beber Jaya,Kuningan,Kuliner,5,Sate recommended di kuningan,2026-04-03T22:25:17.469Z,mashuri nuke,101054481761700039133,True,0,id,2026-05-04T16:55:05.318121
Ci9DQUlRQUNvZENodHljRjlvT2tWaFFXOTFhemRyV0RFNVFUTjJiM2MwV1dSMU5rRRAB,ChIJDyrLn1URby4RfOpYnZEj2OQ,RM. Sate Beber Jaya,Kuningan,Kuliner,5,Menurutku sate paling enak yg pernah aku beli ya disini… sop nya juga mantap….,2026-03-26T10:43:39.137Z,Neni Nurhayati,107333569928874575434,False,0,id,2026-05-04T16:55:05.318137
Ci9DQUlRQUNvZENodHljRjlvT2xWdU9EbERSa3BXUTFsTlVrOU9PR0pSTTI5TFVsRRAB,ChIJDyrLn1URby4RfOpYnZEj2OQ,RM. Sate Beber Jaya,Kuningan,Kuliner,1,saya beli 25 tusuk di bungkus ko mahal ya 192rb,2026-02-25T08:57:13.681Z,arif sa,114029723402351791545,False,0,id,2026-05-04T16:55:05.318166
Ci9DQUlRQUNvZENodHljRjlvT210cmREaDZhVVJIWTBwQ1ptRjNObWRJV0hVNGRIYxAB,ChIJDyrLn1URby4RfOpYnZEj2OQ,RM. Sate Beber Jaya,Kuningan,Kuliner,5,"Salah satu kuliner legend di kuningan.. Menu utamanya sate..Ada sate Ayam, Kambing & Sapi.. Menu lainjya cukup beragam ada Sop, Gulai, Ayam bakar, Pilihan minumannya juga banyak ada Jus, dll.. Tersedia juga Salad, buko dan dessert lainnya.. Rasa lumayan mantap.. Anak2 yg sedang kelaparan makan dengan lahap.. Barakallah Sate Baber Jaya.. Tingkatkan terus layanannya yaah",2026-02-15T08:38:18.799Z,Tri Harjanto,113894110774898197432,True,0,id,2026-05-04T16:55:05.318174
Ci9DQUlRQUNvZENodHljRjlvT2pWeFRHcGhiblZmY0ZsRGNIVTBSRzAwU0V4d1UxRRAB,ChIJDyrLn1URby4RfOpYnZEj2OQ,RM. Sate Beber Jaya,Kuningan,Kuliner,5,Sop dengkil nya enak,2026-02-08T06:24:13.345Z,Pandu Tulus Satria,105936027571842719650,True,0,id,2026-05-04T16:55:05.318199
Ci9DQUlRQUNvZENodHljRjlvT2swNU5tNDVaMDFOYUZOTExWWjZlR3AwUzNoMWVFRRAB,ChIJDyrLn1URby4RfOpYnZEj2OQ,RM. Sate Beber Jaya,Kuningan,Kuliner,5,Enak banget ini punya temen saya bernadin,2026-01-26T13:29:23.353Z,Reyy,103526027634188790466,True,0,id,2026-05-04T16:55:05.318215
ChdDSUhNMG9nS0VJQ0FnSUNXNVlQeHZBRRAB,ChIJMYJIM8MZby4REIV5Mur06kA,RM. Sari Raos,Kuningan,Kuliner,4,Restoran menu sunda.  Harga lumayan ... rasa masakan sunda pada umumnya.  Lokasi  di pinggir jalan besar cilimus.   Resto cukup luas dan disajikan pemandangan sawah,2022-03-03T06:28:32.168Z,Boeroeh Paberik,115592158503667235362,True,4,id,2026-05-04T16:55:05.318224
ChZDSUhNMG9nS0VJQ0FnSUNHM3VxQlBREAE,ChIJMYJIM8MZby4REIV5Mur06kA,RM. Sari Raos,Kuningan,Kuliner,1,"Pesan sop iga 1jam kemudian baru datang setelah komplain 5x....
Begitu datang sopnya tidak layak makan jadi tidak dimakan",2021-10-30T13:14:43.828Z,Tri Priska,108616706297297343447,True,0,id,2026-05-04T16:55:05.318239
ChdDSUhNMG9nS0VJQ0FnSUN5c00zeHRRRRAB,ChIJMYJIM8MZby4REIV5Mur06kA,RM. Sari Raos,Kuningan,Kuliner,4,"Masakannya lumayan karena lagi pandemi menunya terbatas, nebeknya empuk tapi sayang qta nulis apa yg dateng apa. Order 2 ayam 1 bebek yg dateng 2 bebek 1 ayam, order 3 tahu 2 tempe yg dtg 3 tahu 3 tempe dgn harga yang sama 😒",2021-01-16T22:26:06.485Z,With Adelia,111628970919550586729,True,0,id,2026-05-04T16:55:05.318268
ChdDSUhNMG9nS0VJQ0FnSURpX3V5ZXl3RRAB,ChIJMYJIM8MZby4REIV5Mur06kA,RM. Sari Raos,Kuningan,Kuliner,1,Udah pelayanan nya gk baik masakan nya gk enak... Gk ada menu lain,2020-12-04T05:56:24.050Z,Ajiz Fahmi,103311548468123160308,False,0,id,2026-05-04T16:55:05.318278
ChZDSUhNMG9nS0VJQ0FnSUNDM056UERREAE,ChIJMYJIM8MZby4REIV5Mur06kA,RM. Sari Raos,Kuningan,Kuliner,5,"Rasa lumayan,,Bebeknya empuk josss ,uenak",2020-08-15T15:18:16.527Z,Warsono Warsono,117767677049362784772,True,0,id,2026-05-04T16:55:05.318300
ChZDSUhNMG9nS0VJQ0FnSUM4NnRuLUdnEAE,ChIJMYJIM8MZby4REIV5Mur06kA,RM. Sari Raos,Kuningan,Kuliner,4,Masakan enak dan empuk,2020-07-02T14:04:43.984Z,Niam Infijarun19,102030002329693083659,True,0,id,2026-05-04T16:55:05.318309
ChZDSUhNMG9nS0VJQ0FnSURjNGNxbVN3EAE,ChIJMYJIM8MZby4REIV5Mur06kA,RM. Sari Raos,Kuningan,Kuliner,5,Mantull makanannya,2020-06-13T08:34:38.608Z,sholawat sampai mati channel,103328756787868698216,False,1,id,2026-05-04T16:55:05.318318
ChdDSUhNMG9nS0VJQ0FnSURjMXBERWx3RRAB,ChIJMYJIM8MZby4REIV5Mur06kA,RM. Sari Raos,Kuningan,Kuliner,5,Tempat makan yang cukup oke,2020-06-10T16:37:04.053Z,indra gaspar,117278121703028089591,True,0,id,2026-05-04T16:55:05.318327
ChdDSUhNMG9nS0VJQ0FnSUNjeFlMcTZBRRAB,ChIJMYJIM8MZby4REIV5Mur06kA,RM. Sari Raos,Kuningan,Kuliner,5,Harga dan rasa seperti di pusatnya. Tempat nyaman.,2020-03-17T03:17:15.758Z,umar bin Idrus,105633355525842579900,True,0,id,2026-05-04T16:55:05.318343
ChdDSUhNMG9nS0VJQ0FnSUNzNi1XSl9nRRAB,ChIJMYJIM8MZby4REIV5Mur06kA,RM. Sari Raos,Kuningan,Kuliner,5,Tempatnya Nyaman Pelayanan nya bagus dan yg terpenting Masakan nya mantaf terutama ikan bakar nya👍👍,2020-02-15T02:47:19.347Z,Emil Romiati,111180156733451226814,False,0,id,2026-05-04T16:55:05.318387
ChZDSUhNMG9nS0VJQ0FnSUMwejRTVkRnEAE,ChIJMYJIM8MZby4REIV5Mur06kA,RM. Sari Raos,Kuningan,Kuliner,5,Ayam goreng kampungnya enak,2019-10-09T14:27:48.947Z,Waa Heartman,114665309636692553856,True,0,id,2026-05-04T16:55:05.318465
Ci9DQUlRQUNvZENodHljRjlvT25GRk4yUkdURVp0Tms0eGIyZG1SREZRUVhOeWJtYxAB,ChIJDyrLn1URby4RfOpYnZEj2OQ,RM. Sate Beber Jaya,Kuningan,Kuliner,4,"Suasana asik, view bagus",2026-01-14T07:27:11.218Z,ajat sudrajat,107424733317795303717,True,0,id,2026-05-04T16:55:05.318474
Ci9DQUlRQUNvZENodHljRjlvT2pOZlNWcHVXbVZYV25aQ1IwZHhjREp1UlV4R2NHYxAB,ChIJDyrLn1URby4RfOpYnZEj2OQ,RM. Sate Beber Jaya,Kuningan,Kuliner,5,"Sate dan sop-nya makyusss....lazizz
Perlu dicoba bila anda sedang ke kota Kuningan Jawa barat",2026-01-09T23:03:33.024Z,ari satrya darma,106590785739536395934,True,0,id,2026-05-04T16:55:05.318483
Ci9DQUlRQUNvZENodHljRjlvT214Uk0xTnFlbkp1WXpsbk1qTlpaVFZCWlhwd05WRRAB,ChIJDyrLn1URby4RfOpYnZEj2OQ,RM. Sate Beber Jaya,Kuningan,Kuliner,5,Hiacenya Lengkap,2026-01-04T06:52:46.685Z,novi prihawan,116710518688722125863,False,0,id,2026-05-04T16:55:05.318494
Ci9DQUlRQUNvZENodHljRjlvT25WUWFrOUdORVk0VFdkaWRUQjNUREIzTkMwd2EzYxAB,ChIJDyrLn1URby4RfOpYnZEj2OQ,RM. Sate Beber Jaya,Kuningan,Kuliner,5,Ok juga.. Unik makananya,2025-12-03T10:26:18.977Z,rahmad febdi bas,106215020465811351756,True,0,id,2026-05-04T16:55:05.318563
Ci9DQUlRQUNvZENodHljRjlvT2tKaFVYVlFNM0I2ZG01NVRtUkNTRzltVnpWVFYwRRAB,ChIJDyrLn1URby4RfOpYnZEj2OQ,RM. Sate Beber Jaya,Kuningan,Kuliner,5,"Bumbu Satenya enak, sate daging sapinya campur dengan lemak dan paru atau ati.
Musholanya bersih, dan toiletnya bersih, klo untuk istirahat dari perjalanan cukup nyaman.",2025-11-16T23:50:09.498Z,Arsitek Qhue,110456703181389705806,True,0,id,2026-05-04T16:55:05.318580
Ci9DQUlRQUNvZENodHljRjlvT2pOcFJsaGFSRnBtVEhSeVEwVjBOVzB6TkVOR2VGRRAB,ChIJDyrLn1URby4RfOpYnZEj2OQ,RM. Sate Beber Jaya,Kuningan,Kuliner,5,"Sate Kambing nya ENAK!!! Empuk ga alot dan juicy, ga kalah sama sate kambing tegal.

belum nemu sate yang enak kaya gini di cirebon.
porsi nasinya banyak dan ada acar timun serta bumbu satenya.

pelayanan juga cepet, bakal balik lagi sih!",2025-11-08T13:50:54.296Z,Septyas Yunindar,101118384569523012540,True,0,id,2026-05-04T16:55:05.318589
Ci9DQUlRQUNvZENodHljRjlvT2kweU5GUmlRM05QY0ZkU2RVUmxPSEpQZUVkQ2JXYxAB,ChIJDyrLn1URby4RfOpYnZEj2OQ,RM. Sate Beber Jaya,Kuningan,Kuliner,4,"Untuk sate memang worth it sesuai harganya. Tapi untuk harga lainnya yg ada di meja seperti pisang, kerupuk empingnya sepertinya kemahalan",2025-11-07T10:57:47.081Z,ipopon rahmawati,101681481502285071908,False,0,id,2026-05-04T16:55:05.318597
Ci9DQUlRQUNvZENodHljRjlvT25rNVpXWm5WSGRTWnpObmRqSnRPRWczY3pSemVGRRAB,ChIJDyrLn1URby4RfOpYnZEj2OQ,RM. Sate Beber Jaya,Kuningan,Kuliner,5,"Sate Kambing yang enak, potongannya besar ditambah daging yang empuk. Gule dan sop juga enak",2025-09-07T08:01:11.193Z,Deddy Adisudharma,100348728286550680750,True,0,id,2026-05-04T16:55:05.318643
Ci9DQUlRQUNvZENodHljRjlvT2tWa05HTlZhbWwwYjFONmQzRkJTakkzU1ZWZk4yYxAB,ChIJDyrLn1URby4RfOpYnZEj2OQ,RM. Sate Beber Jaya,Kuningan,Kuliner,5,Satenya daging kambing nya empuk,2025-06-30T03:09:54.636Z,Zaki salwah,100556011147284900538,True,0,id,2026-05-04T16:55:05.318714
Ci9DQUlRQUNvZENodHljRjlvT2sxUVZHSmZhMWRCVTBoQlpFMXlkWEprTFcwNFRsRRAB,ChIJNRTfjoMXby4RPIiJGFDtu9M,Warung Sate Beber Jalaksana Cabang Kadugede,Kuningan,Kuliner,5,"Lagi jalan balik buat ke jakarta, terus laper liat ada warung sate akhirnya mampir lah. Dan ternyata enak buanget satenya dan gulai kambingnya, pelayanannya super ramah dan tempatnya bersih👏🏼",2026-03-24T09:28:29.561Z,Irene Milenia Inakewa,110893958738130894516,True,0,id,2026-05-04T16:55:05.318729
Ci9DQUlRQUNvZENodHljRjlvT2paSVZuWk5UVWx2V0Rsb2JUa3pZekpwZUhSMVduYxAB,ChIJNRTfjoMXby4RPIiJGFDtu9M,Warung Sate Beber Jalaksana Cabang Kadugede,Kuningan,Kuliner,5,"sate kambing, ayam bakar, tongseng,sate ayam mantappppp
harga affdorable",2025-06-13T13:11:00.398Z,corry alia Sastradhie,109001818969935884355,True,0,id,2026-05-04T16:55:05.318787
ChdDSUhNMG9nS0VNalF0cmFYazdqSmdRRRAB,ChIJNRTfjoMXby4RPIiJGFDtu9M,Warung Sate Beber Jalaksana Cabang Kadugede,Kuningan,Kuliner,5,"Uwenakkk.. Gulenya juara, satenya enak empuk tanpa perlawanan, harga standad.. Cocok banget buat makan  bareng keluarga. Recommended..",2025-05-17T12:31:41.979Z,Bagus Suryo,113556062058078675149,True,0,id,2026-05-04T16:55:05.318804
ChdDSUhNMG9nS0VJQ0FnTUNJM2ZUSnp3RRAB,ChIJNRTfjoMXby4RPIiJGFDtu9M,Warung Sate Beber Jalaksana Cabang Kadugede,Kuningan,Kuliner,4,"Sate kambing mantapp, besar besar dan empuk. Satu tusuk ada 2 potong daging dam 1 potong gajih. Sop kambing enak tapi agak keasinan, daging banyak. Sate ayam juga mantapp. Harga sate kambing 10 tusuk 50 ribu, beda sama yang di daftar harga. Mungkin harga lebaran jadi dinaikkan 5 ribu per menu nya. Parkir sangat terbatas",2025-04-04T03:40:41.403Z,arief winanto prakosa,113542946997732044898,True,0,id,2026-05-04T16:55:05.318812
ChdDSUhNMG9nS0VJQ0FnSURINW9UQTNRRRAB,ChIJNRTfjoMXby4RPIiJGFDtu9M,Warung Sate Beber Jalaksana Cabang Kadugede,Kuningan,Kuliner,2,"Sate nya tdk ad rasa..
gulai nya enak..
tmpt nya bersih..",2024-09-15T12:43:08.674Z,Krishna maulana,102721462763575185052,False,0,id,2026-05-04T16:55:05.318850
ChZDSUhNMG9nS0VJQ0FnSUNqbjhLSkdREAE,ChIJNRTfjoMXby4RPIiJGFDtu9M,Warung Sate Beber Jalaksana Cabang Kadugede,Kuningan,Kuliner,5,Satenya enak! 45 ribu 10 tusuk berasa worth it empuk. Beli sop iga juga enak! Kurang kipas aja haha. Pasti bakal balik lagi kalo lewat sini,2024-04-27T12:58:18.692Z,Putra Dwira,106563496291140066705,True,1,id,2026-05-04T16:55:05.318859
ChZDSUhNMG9nS0VJQ0FnSUNqcWZHMllBEAE,ChIJNRTfjoMXby4RPIiJGFDtu9M,Warung Sate Beber Jalaksana Cabang Kadugede,Kuningan,Kuliner,5,Enakeun bgt satenyaaaaa,2024-04-23T08:37:13.254Z,Widianto Cahyono,104697613230505471735,False,0,su,2026-05-04T16:55:05.318875
ChZDSUhNMG9nS0VJQ0FnSUNqZ09TQkJ3EAE,ChIJNRTfjoMXby4RPIiJGFDtu9M,Warung Sate Beber Jalaksana Cabang Kadugede,Kuningan,Kuliner,5,Nice. Sukses terus,2024-04-16T12:30:51.042Z,Kristy Swandini,113406035104977082483,True,0,id,2026-05-04T16:55:05.318901
ChdDSUhNMG9nS0VJQ0FnSUREODdfYi13RRAB,ChIJNRTfjoMXby4RPIiJGFDtu9M,Warung Sate Beber Jalaksana Cabang Kadugede,Kuningan,Kuliner,5,"Rasa khass kuningan jawa barat, mantap euyy",2024-04-14T05:02:52.405Z,Titi Kartini,103562827703783540283,False,0,su,2026-05-04T16:55:05.318928
ChdDSUhNMG9nS0VJQ0FnSUREczdxZ3d3RRAB,ChIJNRTfjoMXby4RPIiJGFDtu9M,Warung Sate Beber Jalaksana Cabang Kadugede,Kuningan,Kuliner,5,Salah satu makanan di daerah Kuningan yang wajib dicoba. Pasti harus mampir sini lagi kalo lagi di sekitaran Cirebon dan Kuningan,2024-04-14T02:18:07.335Z,Randy Ahmad,100930659139069973124,True,0,id,2026-05-04T16:55:05.318967
ChdDSUhNMG9nS0VJQ0FnSUREazZEZnVBRRAB,ChIJNRTfjoMXby4RPIiJGFDtu9M,Warung Sate Beber Jalaksana Cabang Kadugede,Kuningan,Kuliner,5,"Rasanya juaraaaaaaa, mas2 & mba2 nya ruaammaahhhh pollll, gak nyesel kemariiiiiii, besok dateng lagiiiiiii",2024-04-13T20:04:29.621Z,Achmad Chudori,103832750515371570711,True,0,id,2026-05-04T16:55:05.319008
ChZDSUhNMG9nS0VJQ0FnSUREdzk2elRnEAE,ChIJNRTfjoMXby4RPIiJGFDtu9M,Warung Sate Beber Jalaksana Cabang Kadugede,Kuningan,Kuliner,5,"Satenya enak, bumbunya mantap",2024-04-13T14:27:22.915Z,Yosue Narpattisa,104932816142123953078,True,1,id,2026-05-04T16:55:05.319063
ChZDSUhNMG9nS0VJQ0FnSUREdzR5VWZnEAE,ChIJNRTfjoMXby4RPIiJGFDtu9M,Warung Sate Beber Jalaksana Cabang Kadugede,Kuningan,Kuliner,5,"- Sate kambingnya juara banget
- Sate ayamnya tanpa kulit bumbu kacangnya gurih
- Sop iga sapinya manteb dagingnya banyak dan kuahnya seger",2024-04-13T13:52:32.743Z,Irfan Nugroho,103568452994215861938,True,1,id,2026-05-04T16:55:05.319128
Ci9DQUlRQUNvZENodHljRjlvT25sWGRHOUtiV015VEVKNFJHRXRMVGx1ZFRrek1GRRAB,ChIJEe_uMS0Zby4Rb5hBy4Pb5VA,Taman Rekreasi J&J || Kolam Renang Kuningan,Kuningan,Kuliner,3,Burung nya jangan lupa di gunting kuku nya tangan saya biru karena kuku nya tajam,2026-05-03T09:23:41.688Z,Syauqi Basabih,114310005679371342084,False,0,id,2026-05-04T16:55:05.319171
Ci9DQUlRQUNvZENodHljRjlvT20xeldVYzFPV0p0U1dabUxWUkVjM2t3V2toTWIzYxAB,ChIJEe_uMS0Zby4Rb5hBy4Pb5VA,Taman Rekreasi J&J || Kolam Renang Kuningan,Kuningan,Kuliner,5,"Asyik... Unik, estetik...",2026-04-20T10:13:32.853Z,Ahmad Qusyaeri,113268168480195291858,True,0,id,2026-05-04T16:55:05.319189
Ci9DQUlRQUNvZENodHljRjlvT25obFpXeFpWbDh0VURkdVQxbHNZa2h2Wm1oelgyYxAB,ChIJEe_uMS0Zby4Rb5hBy4Pb5VA,Taman Rekreasi J&J || Kolam Renang Kuningan,Kuningan,Kuliner,5,"Sangat rekomen, tiket murah meriah",2026-04-19T04:01:51.687Z,Adi Enosutrisno,116958605322631698054,False,0,id,2026-05-04T16:55:05.319204
Ci9DQUlRQUNvZENodHljRjlvT205bVRtYzVaMVoyTFRGTGJIZFJYMk5oZUZOS01WRRAB,ChIJEe_uMS0Zby4Rb5hBy4Pb5VA,Taman Rekreasi J&J || Kolam Renang Kuningan,Kuningan,Kuliner,5,"Ada mini zoo. Kolam renang bagus, kebersihan di jaga cukup baik",2026-04-12T12:29:07.176Z,Sulton Setiawan,109806234144214403373,False,0,id,2026-05-04T16:55:05.319230
Ci9DQUlRQUNvZENodHljRjlvT21KaFdVNWFaR2Q0VUZWaFdteElhRmxuUVVkVFUzYxAB,ChIJEe_uMS0Zby4Rb5hBy4Pb5VA,Taman Rekreasi J&J || Kolam Renang Kuningan,Kuningan,Kuliner,4,"Cocok untuk liburan terutama berenang, sayang hewan-hewanya kurang bervariasi.",2026-03-31T13:11:49.989Z,Suryana Sattar,110220992978313570737,True,0,id,2026-05-04T16:55:05.319263
Ci9DQUlRQUNvZENodHljRjlvT2psQ056VlBkRkIyTjBWblFta3pkV1V4VTA1NVEzYxAB,ChIJEe_uMS0Zby4Rb5hBy4Pb5VA,Taman Rekreasi J&J || Kolam Renang Kuningan,Kuningan,Kuliner,1,Enak dan nyaman cuma mulai dari tiket karcis dll harus diperbaiki management nya sesuai standar perusahan umum.karena itu perusahaan besar min,2026-03-30T12:52:52.434Z,Aza Miharja,100186342541826754067,False,0,id,2026-05-04T16:55:05.319292
Ci9DQUlRQUNvZENodHljRjlvT2xaM2FVdEdaMXBHTmpkbmVUTnhWa1F4V25rd1ZsRRAB,ChIJEe_uMS0Zby4Rb5hBy4Pb5VA,Taman Rekreasi J&J || Kolam Renang Kuningan,Kuningan,Kuliner,5,"Alhamdulillah
Alvino belum lihat ikan yg ini",2026-03-29T06:36:34.730Z,Ina Ramadhanti,114727497724544917557,False,0,id,2026-05-04T16:55:05.319309
Ci9DQUlRQUNvZENodHljRjlvT2toUVJYaHdNa2xHVlZwdFlqZE9hREZuVldsSFNVRRAB,ChIJEe_uMS0Zby4Rb5hBy4Pb5VA,Taman Rekreasi J&J || Kolam Renang Kuningan,Kuningan,Kuliner,1,Perusahaan seperti ga punya management dan aturan,2026-03-29T03:42:17.078Z,Onah Saonah,102128584270289820885,False,0,id,2026-05-04T16:55:05.319329
Ci9DQUlRQUNvZENodHljRjlvT2xWUWQwazRiVzF5V0VsaWVVMUROMHhqUkd0aVEzYxAB,ChIJEe_uMS0Zby4Rb5hBy4Pb5VA,Taman Rekreasi J&J || Kolam Renang Kuningan,Kuningan,Kuliner,5,Berenang sm keluarga kecil,2026-03-29T02:33:31.314Z,Yayah Nursamsiyah,109802324808118647271,False,0,id,2026-05-04T16:55:05.319339
Ci9DQUlRQUNvZENodHljRjlvT2tsRlNGZFhNVFpPVXpWaGFFdGZTMmt6TTI5RmNVRRAB,ChIJEe_uMS0Zby4Rb5hBy4Pb5VA,Taman Rekreasi J&J || Kolam Renang Kuningan,Kuningan,Kuliner,5,"Jnj tempat tahunan yang wajib didatengin , 😁",2026-03-28T14:53:38.727Z,Diku lymn,102640134839210886319,True,0,id,2026-05-04T16:55:05.319349
Ci9DQUlRQUNvZENodHljRjlvT2taWFdWbFdRM3B1Y0d0SVUxZzBRV3BrU1ZoRlZYYxAB,ChIJEe_uMS0Zby4Rb5hBy4Pb5VA,Taman Rekreasi J&J || Kolam Renang Kuningan,Kuningan,Kuliner,3,"Pengujung cowo nya Banyak yang ngerokok bau banget asep rokok, petugas reptil nya juga sama pegang hewan sambil ngerokok ;(",2026-03-27T05:35:41.258Z,Rahma Novia Hidayat,106570817618049384167,True,0,id,2026-05-04T16:55:05.319359
Ci9DQUlRQUNvZENodHljRjlvT2pKYVZHNUphbms0T1RCeWRIcFhhemRmYVRocFdtYxAB,ChIJEe_uMS0Zby4Rb5hBy4Pb5VA,Taman Rekreasi J&J || Kolam Renang Kuningan,Kuningan,Kuliner,3,"TOLONG TIDAK MEROKOK.
kolam renang nya banyak, tempat duduk pun banyak, wisata hewan banyak. hanya sayang saja tempat yg notabene untuk anak2 bersenang2 dan berenang tp tidak ramah anak karena banyak sekali pengunjung yg MEROKOK!!! apakah tidak kasihan dengan anak2 apalagi balita yg berenang ataupun nunggu? sy harap ada diruang khusus untuk tempat merokok. karena ini tempat untuk anak2.. hargailah dan sayangilah anak2. thx!!!",2026-03-23T01:55:39.254Z,fajriatul janati,104414315259547773543,False,0,id,2026-05-04T16:55:05.319375
Ci9DQUlRQUNvZENodHljRjlvT2xCdlMyc3dVM0UwVEZObFVreDVMVFZIUVUxdFIxRRAB,ChIJEe_uMS0Zby4Rb5hBy4Pb5VA,Taman Rekreasi J&J || Kolam Renang Kuningan,Kuningan,Kuliner,5,bersih dan nyaman,2026-03-22T01:53:30.382Z,AisyahMfqh,102818875712354495724,False,0,id,2026-05-04T16:55:05.319385
Ci9DQUlRQUNvZENodHljRjlvT21Gd2JWWXRaRFJpUWpCZmNsVldZWE15ZEV0VVMwRRAB,ChIJEe_uMS0Zby4Rb5hBy4Pb5VA,Taman Rekreasi J&J || Kolam Renang Kuningan,Kuningan,Kuliner,5,"Ga brubah sih, cm hewan nya aja pada kurang dulu kaya banyak bgt:((",2026-02-15T01:32:50.330Z,Vincent Fredrick,107554606720638818408,False,0,id,2026-05-04T16:55:05.319421
Ci9DQUlRQUNvZENodHljRjlvT2xjNVNqRk5NVVV3YUV4dGJsUnViMFJRV0dOQ1JHYxAB,ChIJEe_uMS0Zby4Rb5hBy4Pb5VA,Taman Rekreasi J&J || Kolam Renang Kuningan,Kuningan,Kuliner,5,"Kolam renang favorit anak anakku..
Pernah 1x ketemu sama bapak2 yang punya kolam ini anakku di kasih papan selancar pink yang sekarang masih di pakai..
Terimakasih bapak baik pemilik J&J..
Sehat dan sukses selalu J&J..",2026-02-12T23:17:36.843Z,Arif Suryanda,107744354266854783559,True,0,id,2026-05-04T16:55:05.319430
Ci9DQUlRQUNvZENodHljRjlvT21kT2QwNDFVUzE1ZDFsc1kxRk9URXBmV1ZwTFpIYxAB,ChIJEe_uMS0Zby4Rb5hBy4Pb5VA,Taman Rekreasi J&J || Kolam Renang Kuningan,Kuningan,Kuliner,4,"Tempatnya oke, tapi minus ny klo musim hujan bau kebun bin🥺 jadi klo bisa harus rajin dibersihkan biar pengunjung lebih nyaman☺️🙏🏻",2026-01-28T01:42:30.086Z,Ana Sofyana,105367205048063140489,False,0,id,2026-05-04T16:55:05.319487
Ci9DQUlRQUNvZENodHljRjlvT2xkYWJXMVFXVlZzV1dwYU9DMDVSMjFFTTBacVZsRRAB,ChIJEe_uMS0Zby4Rb5hBy4Pb5VA,Taman Rekreasi J&J || Kolam Renang Kuningan,Kuningan,Kuliner,5,Sangat menyenangkan saat bawa keluarga untuk bertamasya.,2026-01-25T11:38:44.128Z,Wsntr Hehanusa,103102358599077601037,False,0,id,2026-05-04T16:55:05.319509
Ci9DQUlRQUNvZENodHljRjlvT2pGWk1sTTBVR1JNVTFGTE9XOU9OWGxHWVc5NWNIYxAB,ChIJEe_uMS0Zby4Rb5hBy4Pb5VA,Taman Rekreasi J&J || Kolam Renang Kuningan,Kuningan,Kuliner,5,"Liburan tahun barunya lumayan seru. Ajak anak ke sini. Kolam renang lg rame bgtttt. Jadi kita ga berenang.
tp, walau ga brenang. ada fasilitas lainnya yg cocok untuk anak².
playground, liat ikan aquarium, liat rusa",2026-01-19T22:16:08.173Z,Anggi Guppy,117517661032944867302,True,0,id,2026-05-04T16:55:05.319519
Ci9DQUlRQUNvZENodHljRjlvT21reE5rRlBUSEJQU1hsc1IyMXVkbWR4YkdKSGFFRRAB,ChIJEe_uMS0Zby4Rb5hBy4Pb5VA,Taman Rekreasi J&J || Kolam Renang Kuningan,Kuningan,Kuliner,5,Gak bosen* ke j&j,2026-01-16T07:18:17.129Z,Kartini Tini,112798527102898256352,True,0,id,2026-05-04T16:55:05.319527
Ci9DQUlRQUNvZENodHljRjlvT20xTGJ6QTJTVzlhVFVkdFVXaDFjbE51U1dwUldrRRAB,ChIJEe_uMS0Zby4Rb5hBy4Pb5VA,Taman Rekreasi J&J || Kolam Renang Kuningan,Kuningan,Kuliner,3,Kolam nya hanya untuk anak 2 bukan untuk dewasa karna ga dalam cuma setengah dada orang dewasa,2026-01-14T07:13:01.412Z,Iim,114147101999725827181,True,0,id,2026-05-04T16:55:05.319537
Ci9DQUlRQUNvZENodHljRjlvT2xKbmVXODBOR0ZIWjNGcFltczNhRjluT0dGUlVuYxAB,ChIJEe_uMS0Zby4Rb5hBy4Pb5VA,Taman Rekreasi J&J || Kolam Renang Kuningan,Kuningan,Kuliner,4,"Kolam renang komplit ada taman satwanya

Catatan buat pengelola, tolong air kolamnya rutin diganti apalagi pas peak season karena gampang kotor.

Kamar mandi dan tempat gantinya bersih, kayaknya ini kamar mandi terbersih dibandingkan kolam renang lainnya. Tolong dipertahankan",2026-01-11T15:06:33.276Z,Oman Nurrohman,107466125849603170564,True,0,id,2026-05-04T16:55:05.319546
Ci9DQUlRQUNvZENodHljRjlvT2tKbmFsSjBRMFJrTFVRd2QyRlRPRlZTT0ZsR1VXYxAB,ChIJEe_uMS0Zby4Rb5hBy4Pb5VA,Taman Rekreasi J&J || Kolam Renang Kuningan,Kuningan,Kuliner,5,Pas buat kluarga liburan nya ... Tapi sayang baru ada tusa aja untuk ngasih makan ternak nya untuk tempat bermain oke lah ...,2026-01-05T07:59:52.712Z,Ohans Abdulkohar,112385301605414084403,True,0,id,2026-05-04T16:55:05.319565
Ci9DQUlRQUNvZENodHljRjlvT2pKVlpWVmhNM05oVTJKcVZHMUdURFk1WkU5TVpWRRAB,ChIJEe_uMS0Zby4Rb5hBy4Pb5VA,Taman Rekreasi J&J || Kolam Renang Kuningan,Kuningan,Kuliner,5,Tiket masuk sekarang berapa ea,2026-01-03T00:39:23.427Z,Cirebon Timur,112251855694202089871,False,0,id,2026-05-04T16:55:05.319574
Ci9DQUlRQUNvZENodHljRjlvT2twNFJtaGlTaTFLWVc0MExVSnNZMDFDYm5oMmQwRRAB,ChIJEe_uMS0Zby4Rb5hBy4Pb5VA,Taman Rekreasi J&J || Kolam Renang Kuningan,Kuningan,Kuliner,5,"Tempatnya bagus lumayan banyak kolamnya, ada satwa nya juga dan kolam iklan.",2026-01-02T06:49:37.005Z,Mohammad Mubin,108246219050290448732,True,0,id,2026-05-04T16:55:05.319583
Ci9DQUlRQUNvZENodHljRjlvT2psNFZuUTFUa3RXZW5wU016WTFVakZQV1VKcVpIYxAB,ChIJEe_uMS0Zby4Rb5hBy4Pb5VA,Taman Rekreasi J&J || Kolam Renang Kuningan,Kuningan,Kuliner,5,Suka nya sama kolam renang ini. Tempat nya selalu bersih & karyawan nya selalu membersihkan sampah setiap saat..,2025-12-28T11:49:54.076Z,Yuli Rusnandar,107875678646330373324,True,0,id,2026-05-04T16:55:05.319600
Ci9DQUlRQUNvZENodHljRjlvT2xoTlNVa3haMWR5Y1hKV2NucFliMWxGY3pOZmNuYxAB,ChIJEe_uMS0Zby4Rb5hBy4Pb5VA,Taman Rekreasi J&J || Kolam Renang Kuningan,Kuningan,Kuliner,5,Sekarang J&J gak kaya dulu bagus sekarang kayaknya gersang,2025-12-24T08:05:46.128Z,Malik Zhafran Al As'ad,103462290650614247584,False,0,id,2026-05-04T16:55:05.319611
Ci9DQUlRQUNvZENodHljRjlvT21Ob1NEaGxSR0ZSVFhkMWRFOVlZM3B3ZUd0WmEwRRAB,ChIJEe_uMS0Zby4Rb5hBy4Pb5VA,Taman Rekreasi J&J || Kolam Renang Kuningan,Kuningan,Kuliner,3,good place but I prefer if their have a hot water,2025-12-18T11:25:42.871Z,Kharisma Tri Fajarwati,116244536575673411228,False,0,en,2026-05-04T16:55:05.319628
Ci9DQUlRQUNvZENodHljRjlvT21keU4yUktOSGRNZFhaVGQwOVZibWRSV1dGNVVtYxAB,ChIJEe_uMS0Zby4Rb5hBy4Pb5VA,Taman Rekreasi J&J || Kolam Renang Kuningan,Kuningan,Kuliner,1,"Tiket masuk standar, ada mini zoo, naik kuda harganya masih standar, ehh ada jasa FG yg hasilnya bikin nangis bgt padahal pas diliat di kamera oke, hasilnya gambar pudar kaya banner makanan di jnj yg udh kepanasan setahun, PUDAR, MAHAL KALO UNTUK MOMENT HASILNYA BAGUS MASIH BISA DITERIMA, TAPI YG INI MAH BIKIN NGELUS DADA, alasannya foto di kandang kuda emg begitu cahayanya padahal kamerah HP Jernih bgt. Udah bayar yg hasil cetaknya jelek minta file aslinya harus bayar lagi.
Tolong ya FG diisi sama gen z yg lebih pro. Bukan cuma ngedit pake frame jnj resort gapenting bgt.",2025-12-17T10:38:39.689Z,Asri_,105247010389554909014,False,0,id,2026-05-04T16:55:05.319637
Ci9DQUlRQUNvZENodHljRjlvT25wTFdIUlBVRTE2YmtsQ1pYSnpNMUk1TW5Kd1NrRRAB,ChIJEe_uMS0Zby4Rb5hBy4Pb5VA,Taman Rekreasi J&J || Kolam Renang Kuningan,Kuningan,Kuliner,5,"airnya dingin bgt, maybe karna baru pertama kali kesitu tp jujurly enakeun tempatnya",2025-12-16T23:07:44.103Z,Dineee`,116354592753842531843,True,0,id,2026-05-04T16:55:05.319646
Ci9DQUlRQUNvZENodHljRjlvT2xwYU9FdGphRGRyTW14WVNtWmhRUzFpVlc5M1pIYxAB,ChIJEe_uMS0Zby4Rb5hBy4Pb5VA,Taman Rekreasi J&J || Kolam Renang Kuningan,Kuningan,Kuliner,5,"Suka sekali tempat nya,cocok untuk tempat liburan keluarga.Cocok untuk anak anak",2025-12-10T01:14:49.587Z,mom Shanum,108656549437960220582,False,0,id,2026-05-04T16:55:05.319655
Ci9DQUlRQUNvZENodHljRjlvT25Vd2VHRm1kWEp2VmpKMWJXZG5Sek56U0cxUU1HYxAB,ChIJEe_uMS0Zby4Rb5hBy4Pb5VA,Taman Rekreasi J&J || Kolam Renang Kuningan,Kuningan,Kuliner,5,Nyaman  dan bersih serta banyak pilihan untuk bermain,2025-12-02T21:46:02.851Z,Muhamad Alfatih,104978365254964860008,True,0,id,2026-05-04T16:55:05.319685
Ci9DQUlRQUNvZENodHljRjlvT2xGT1VuQk9Ua054YVRKdldrZ3dVRTlwVUVZNVFuYxAB,ChIJXxZ48HUXby4RueaSIOX8c50,Ayam penyet Surabaya - Cilowa,Kuningan,Kuliner,3,"Lychee nya ga enak
Saya minta minum bolak balik lama respon.
Makanan lainnya lumayan",2026-03-19T11:31:08.313Z,Ari Nurul Iman,115535344660175156317,False,0,id,2026-05-04T16:55:05.319708
Ci9DQUlRQUNvZENodHljRjlvT213NWQxRXhhRGxTUW5oRVFYUnhMV0pXVEhOc01tYxAB,ChIJXxZ48HUXby4RueaSIOX8c50,Ayam penyet Surabaya - Cilowa,Kuningan,Kuliner,5,Harga terjangkau dan tempatnya nyaman,2026-02-18T06:30:02.304Z,Uchu Maulana,101730093094067469603,True,0,id,2026-05-04T16:55:05.319727
Ci9DQUlRQUNvZENodHljRjlvT201TWNIVXpOa2xzVFVkTllUWXRWVko2U1VzeU9YYxAB,ChIJXxZ48HUXby4RueaSIOX8c50,Ayam penyet Surabaya - Cilowa,Kuningan,Kuliner,5,"Saya suka tempat ini karena kamar mandi bersih, tempat sholatnya nyaman.... Karyawannya ramah, makanannya lumayan dinikmati 💕",2026-02-11T01:46:07.980Z,Shidna Zati,107351250822490397021,True,0,id,2026-05-04T16:55:05.319744
Ci9DQUlRQUNvZENodHljRjlvT2xsR1ZGOUVVV2xZU2tsWGFFcEVZbVEwZGpSUE1HYxAB,ChIJXxZ48HUXby4RueaSIOX8c50,Ayam penyet Surabaya - Cilowa,Kuningan,Kuliner,5,Always the best choice for family,2026-02-10T04:08:53.069Z,Kevin Radiantama,117790987412998019334,True,0,en,2026-05-04T16:55:05.319754
Ci9DQUlRQUNvZENodHljRjlvT2xWblQzUjJZV2xoYlcxak5qZGZVMVZQVTNSalYwRRAB,ChIJXxZ48HUXby4RueaSIOX8c50,Ayam penyet Surabaya - Cilowa,Kuningan,Kuliner,5,"Setiap ke Kuningan mampir makan siang disini bareng keluarga, suasananya nyaman aja, makanan enak, relatif terjangkau juga, pelayanannya baik, overall good",2026-01-13T13:58:28.324Z,Faishal Fawwaz,112548957564168175364,True,0,id,2026-05-04T16:55:05.319772
Ci9DQUlRQUNvZENodHljRjlvT2tJMU9GWjBVR2syVTFWRFJWTnJVa2hZT0ZVd1NGRRAB,ChIJXxZ48HUXby4RueaSIOX8c50,Ayam penyet Surabaya - Cilowa,Kuningan,Kuliner,5,Sambal & udangnya jos,2025-09-12T03:09:22.742Z,Bukan ahlinya,118223047901887741394,True,0,id,2026-05-04T16:55:05.319801
Ci9DQUlRQUNvZENodHljRjlvT2xCR1RqaDNiakJtVEhSMk1sOW5VR1IxYXpCTU5HYxAB,ChIJXxZ48HUXby4RueaSIOX8c50,Ayam penyet Surabaya - Cilowa,Kuningan,Kuliner,5,"Gak bisa pindah ayam 🍗 lain, tiap ke Kuningan pasti mampir kesini, karena agak trauma dengan Ayam Goreng M**.B*** yang alot, akhirnya nemu opsi ayam goreng kampung yang empuk, walau porsi kecil tapi bikin nagih, dine-in plus bungkus sekalian buat makan diperjalanan, musholla ada, cuma toiletnya kurang, cuma ada 2 pintu, jadi harus gantian dengan pengunjung lain, so far thank seller 👍🏻👍🏻",2025-07-20T07:15:54.270Z,abs_bayu satya (Hdr),102615225451015395004,True,0,id,2026-05-04T16:55:05.319835
Ci9DQUlRQUNvZENodHljRjlvT2pSNFdUSllZMUZNVkRCV1IySkNaRGgzY1hNNU5VRRAB,ChIJXxZ48HUXby4RueaSIOX8c50,Ayam penyet Surabaya - Cilowa,Kuningan,Kuliner,5,"Harga makanan standar, layanan bagus, rasa makanan bagus, bisa layanan antar",2025-07-14T04:22:06.279Z,Deden Agustian,110987295151925507449,True,0,id,2026-05-04T16:55:05.319854
Ci9DQUlRQUNvZENodHljRjlvT25ZMGNsWm5hbFJsYVdsbE5UZG5SQzF0UkZWMmRWRRAB,ChIJXxZ48HUXby4RueaSIOX8c50,Ayam penyet Surabaya - Cilowa,Kuningan,Kuliner,1,Niat pengen ayam goreng .tapi ga ada,2025-06-25T03:19:01.545Z,Fany Anisa,102001111215851809420,False,0,id,2026-05-04T16:55:05.319899
ChdDSUhNMG9nS0VJWFY1WjJZaFAzSG9RRRAB,ChIJXxZ48HUXby4RueaSIOX8c50,Ayam penyet Surabaya - Cilowa,Kuningan,Kuliner,4,"Salah satu pilihan makan enak terjangkau di kuningan, kalau ke daerah manis kidul deket ..kadang makan disini kalau habis nengok anak di pontren husnul hotimah..cmn saran, di tiang atap banyak kotoran burung gereja & pipit, saran utk dibersihan karena sdh banyak..agak mengganggu pemandangan",2025-05-27T09:17:45.346Z,Yusa Inderapermana,109473528368434923072,True,0,id,2026-05-04T16:55:05.319925
ChdDSUhNMG9nS0VJQ0FnTUNvM2VpNXRnRRAB,ChIJXxZ48HUXby4RueaSIOX8c50,Ayam penyet Surabaya - Cilowa,Kuningan,Kuliner,5,"Tempat makan yg tepat untuk makan bersama keluarga, ada toilet dan musholla bersih",2025-04-19T07:38:28.188Z,Muslim Ali Mamuri,116491663968186236540,True,0,id,2026-05-04T16:55:05.319936
ChZDSUhNMG9nS0VJQ0FnTURJOWZybk13EAE,ChIJXxZ48HUXby4RueaSIOX8c50,Ayam penyet Surabaya - Cilowa,Kuningan,Kuliner,5,Makanannya rekomendasi bangett..,2025-04-12T00:50:31.295Z,Endah Fitriyah,115575353730443435709,True,0,id,2026-05-04T16:55:05.319953
ChdDSUhNMG9nS0VJQ0FnTUNJZ2RILW1RRRAB,ChIJXxZ48HUXby4RueaSIOX8c50,Ayam penyet Surabaya - Cilowa,Kuningan,Kuliner,5,ENAK BANGET ANCRIT SAMBELNYA🤤🤤🤤🤤🤤,2025-04-02T13:01:20.532Z,Adinda Chayashalsabila,110901252605988231799,False,0,id,2026-05-04T16:55:05.319963
ChZDSUhNMG9nS0VJQ0FnTURRMzZTTVl3EAE,ChIJXxZ48HUXby4RueaSIOX8c50,Ayam penyet Surabaya - Cilowa,Kuningan,Kuliner,5,"Sangat recommended banget dan ramah di kantong sangat cocok untuk makan bersama keluarga,,,,,,",2025-03-15T14:53:09.462Z,astria mutiara fatmawati,115498994918134512510,False,0,id,2026-05-04T16:55:05.319972
ChdDSUhNMG9nS0VJQ0FnTUNBaHFpRl93RRAB,ChIJXxZ48HUXby4RueaSIOX8c50,Ayam penyet Surabaya - Cilowa,Kuningan,Kuliner,5,"Ayamnya enak banget, sambal penyetnya mantullll, harganya oke bangeett..
Sukaaa makan disini 👍👍👍👍👍",2025-01-31T08:08:34.497Z,Septavani,101838598058931199537,False,0,id,2026-05-04T16:55:05.319996
ChZDSUhNMG9nS0VJQ0FnSUN2Z291WGZBEAE,ChIJXxZ48HUXby4RueaSIOX8c50,Ayam penyet Surabaya - Cilowa,Kuningan,Kuliner,1,Pelayanan nya lama,2024-12-09T06:41:42.719Z,Ahmad Fauzan,113554716734674156372,False,0,id,2026-05-04T16:55:05.320033
ChZDSUhNMG9nS0VJQ0FnSUN2Z3NuT1R3EAE,ChIJXxZ48HUXby4RueaSIOX8c50,Ayam penyet Surabaya - Cilowa,Kuningan,Kuliner,1,Lama banget sih,2024-12-09T06:16:07.884Z,hilmi imi,105713425244026711706,False,0,id,2026-05-04T16:55:05.320042
ChdDSUhNMG9nS0VJQ0FnSUNYdzZXbDZ3RRAB,ChIJXxZ48HUXby4RueaSIOX8c50,Ayam penyet Surabaya - Cilowa,Kuningan,Kuliner,5,"Tempat nya luas cocok buat keluarga,Makanan nya enak,sambel nya enak,nasi goreng nya enak,es teh nya enak,harga nya terjangkau pokok nya recommended menurut aku",2024-10-19T23:28:09.147Z,Nia Erniasih,113536833373485060431,True,0,id,2026-05-04T16:55:05.320056
ChdDSUhNMG9nS0VJQ0FnSUNYbGFYd2pRRRAB,ChIJXxZ48HUXby4RueaSIOX8c50,Ayam penyet Surabaya - Cilowa,Kuningan,Kuliner,5,"Malam malam lapar,makan ayam bakar Surabaya rasanya enak apalagi sambel nya,hrga terjangkau,pelayanan ramah satset,tmpt luas dua lantai",2024-10-18T22:52:55.998Z,nenk710,117645616184898662117,True,0,id,2026-05-04T16:55:05.320064
ChdDSUhNMG9nS0VJQ0FnSUQybW9QSjVRRRAB,ChIJl7RugWUXby4RPl5bjakQZBA,Ramen Saga Manis Lor,Kuningan,Kuliner,5,Ngeramen enak....,2026-05-04T08:41:00.787Z,M. Sofwan,112924633151867368097,True,0,jv,2026-05-04T16:55:05.320073
Ci9DQUlRQUNvZENodHljRjlvT25aaWVsSjNVakUyVEhSSk4ybFVSR00yTjFSS1ExRRAB,ChIJl7RugWUXby4RPl5bjakQZBA,Ramen Saga Manis Lor,Kuningan,Kuliner,5,Ramen saga selalu jadi favorit aku😍,2026-04-21T09:19:58.035Z,Ashafa Salsa,101734485671026653735,True,0,id,2026-05-04T16:55:05.320098
Ci9DQUlRQUNvZENodHljRjlvT2s1MWJXSmFOMVpPUldNeWFIRmljWEYxTkZFeWQxRRAB,ChIJl7RugWUXby4RPl5bjakQZBA,Ramen Saga Manis Lor,Kuningan,Kuliner,1,"Nunggu hampir makanan ga nyampe2, yang baru dateng di duluin",2026-03-22T08:29:46.473Z,Eza bcdefg,113078434855097915293,False,0,id,2026-05-04T16:55:05.320120
Ci9DQUlRQUNvZENodHljRjlvT2xoalZYbE1VVlZWUlMxclFtTndZa013TlU1d01VRRAB,ChIJl7RugWUXby4RPl5bjakQZBA,Ramen Saga Manis Lor,Kuningan,Kuliner,5,"Enaaak bangeeet. Dengan harga semurah itu mah sangat worth it to buy. Tempat dine in bersih dan cukup luas dengan 2 lantai sangat nyaman untuk membawa keluarga dan teman-teman.
Recomended bangeeet deeh!",2026-01-22T10:45:10.044Z,My Journey,118173016008693793139,True,0,id,2026-05-04T16:55:05.320148
Ci9DQUlRQUNvZENodHljRjlvT21RM09XWldUbEZZWHpWVFkzZEVVRkpQWkdaR1RIYxAB,ChIJl7RugWUXby4RPl5bjakQZBA,Ramen Saga Manis Lor,Kuningan,Kuliner,5,"Udah langganan ini, dr dluu dluuu, fv bgt lah,
Rasa ttep enak, pelayanan tambah cepat, suasna nyaman aman..
Menu jg tmbh banyak ah.. Mntaap👍👍",2026-01-01T09:51:40.453Z,Ikah이카,110673418093599910335,True,0,id,2026-05-04T16:55:05.320164
Ci9DQUlRQUNvZENodHljRjlvT2xoR1dHVm5NVEJ6ZEVaQ1FXZDJOMUptYTJOTGIzYxAB,ChIJl7RugWUXby4RPl5bjakQZBA,Ramen Saga Manis Lor,Kuningan,Kuliner,4,"Ramen nya dari segi rasa tergolong biasa saja, karena memang menyesuaikan harga juga mungkin.",2025-12-28T02:40:47.721Z,Nadhifa Amjad,103296126873923722592,True,0,id,2026-05-04T16:55:05.320172
Ci9DQUlRQUNvZENodHljRjlvT25FM1IxVTJWM1ptV2xWcVIzWXhjVFk0WTAxaVIwRRAB,ChIJl7RugWUXby4RPl5bjakQZBA,Ramen Saga Manis Lor,Kuningan,Kuliner,4,"Cukup bagus, baik layanan maupun tempatnya juga ok",2025-12-14T23:03:42.126Z,Heriyana 1980,103689955683142434429,False,0,id,2026-05-04T16:55:05.320180
Ci9DQUlRQUNvZENodHljRjlvT25oV1pWVlpaelp2VG1SVlJXTTJSbFIxZEV0SFYxRRAB,ChIJl7RugWUXby4RPl5bjakQZBA,Ramen Saga Manis Lor,Kuningan,Kuliner,4,"Rasa pas. Ramen dg kearifan lokal.
Waktu tunggu hanya 14 menit. Di hari minggu yg rame.

Kasir depan cuma satu.",2025-12-07T10:54:37.359Z,Rudi Rohendi,115030180515826613350,False,0,id,2026-05-04T16:55:05.320207
Ci9DQUlRQUNvZENodHljRjlvT25sQ1lXbGtkSFZHV0hVMFUyMW5NRTlCY0cxVVdFRRAB,ChIJl7RugWUXby4RPl5bjakQZBA,Ramen Saga Manis Lor,Kuningan,Kuliner,4,"Enak tempatnya, cm yg agak dluar ekspektasi itu bentuk mie nya, tidak spt mie ramen pd umumnya, ini mie nya spt mie indomie biasa...
Overall oke lah...",2025-11-29T12:47:06.573Z,Yenni Hermawaty,105587542509236649980,True,0,id,2026-05-04T16:55:05.320215
ChZDSUhNMG9nS0VJQ0FnSUNIenZxd0RREAE,ChIJXxZ48HUXby4RueaSIOX8c50,Ayam penyet Surabaya - Cilowa,Kuningan,Kuliner,5,Enak masalannya,2024-09-05T02:49:10.129Z,fandiin 89,110308770191596042491,True,0,id,2026-05-04T16:55:05.320231
ChdDSUhNMG9nS0VJQ0FnSUM3LXV5bnR3RRAB,ChIJXxZ48HUXby4RueaSIOX8c50,Ayam penyet Surabaya - Cilowa,Kuningan,Kuliner,2,lama banget pelayanannya bikin badmood yg masaknya malah pada ngobrol ga jelas bukanya selesaikan dlu masakannya malah ngerumpi,2024-08-15T04:55:48.358Z,Gilang nugraha,117793695266346893263,False,0,id,2026-05-04T16:55:05.320247
ChdDSUhNMG9nS0VJQ0FnSURibWNyNHJnRRAB,ChIJXxZ48HUXby4RueaSIOX8c50,Ayam penyet Surabaya - Cilowa,Kuningan,Kuliner,5,"kasirnya ramah"" makanan nya juga enak murah juga tapi rasa ga murahan",2024-08-07T03:08:44.523Z,Eka Pramuja,112819798791841724006,False,0,id,2026-05-04T16:55:05.320256
ChZDSUhNMG9nS0VJQ0FnSURiX1A2SE1nEAE,ChIJXxZ48HUXby4RueaSIOX8c50,Ayam penyet Surabaya - Cilowa,Kuningan,Kuliner,2,Waiters kasir dan waiters perempuan jutek judes  blg terimakasih eh ga di jawab malah pasang muka datar ew! padahal makanannya fine fine aja tp kalau waiters nya kyk gini males deh balik lagi,2024-08-03T07:34:30.343Z,syrenkaazuera,108182011514966059023,False,0,id,2026-05-04T16:55:05.320265
ChZDSUhNMG9nS0VJQ0FnSUNiek5IaktnEAE,ChIJXxZ48HUXby4RueaSIOX8c50,Ayam penyet Surabaya - Cilowa,Kuningan,Kuliner,5,Udara d kuningan sejuk sekali,2024-07-24T05:43:52.409Z,Yunus Yunus,107236187618680972454,False,0,id,2026-05-04T16:55:05.320275
ChZDSUhNMG9nS0VJQ0FnSUNyNzhpUkhnEAE,ChIJXxZ48HUXby4RueaSIOX8c50,Ayam penyet Surabaya - Cilowa,Kuningan,Kuliner,4,Ayam enak dan harga terjangkau,2024-07-12T09:17:54.597Z,Doddy Juli Irawan,115190100679699391157,True,0,id,2026-05-04T16:55:05.320283
ChZDSUhNMG9nS0VJQ0FnSURMMW9pZkRnEAE,ChIJXxZ48HUXby4RueaSIOX8c50,Ayam penyet Surabaya - Cilowa,Kuningan,Kuliner,4,Murah dan enak tapi lelenya tidak ada rasa nya dan kurang mateng harusnya lebih lama lagi gorengnya untuk harga 24k dan komplit murah bgt. Semoga cita rasa lebih diperhatikan lagi dan menunggu di banyakin lagi. Pelayanan baik dan ramah untuk kebersihan oke bgt.,2024-06-27T14:39:18.595Z,Iarrhadira 10,114726820990235837706,True,0,id,2026-05-04T16:55:05.320299
ChZDSUhNMG9nS0VJQ0FnSUR6bXNheklBEAE,ChIJXxZ48HUXby4RueaSIOX8c50,Ayam penyet Surabaya - Cilowa,Kuningan,Kuliner,3,Nila Goreng + sambal nya cukup berselera ketika lelah-laper dan dahaga. Ditambah tumis kangkung & togenya mantap.,2024-06-09T11:36:23.765Z,ade sutisna,107754824022108123622,True,0,id,2026-05-04T16:55:05.320316
ChZDSUhNMG9nS0VJQ0FnSUR6NnJ2cVV3EAE,ChIJXxZ48HUXby4RueaSIOX8c50,Ayam penyet Surabaya - Cilowa,Kuningan,Kuliner,4,"Pelayanan ramah, penyajian cepat, tempat bersih, masakan juga top. Harga sesuai kebutuhan. Keren",2024-06-09T08:54:52.769Z,Masih Baru,104868757054228246092,True,0,id,2026-05-04T16:55:05.320325
Ci9DQUlRQUNvZENodHljRjlvT2xkaWMwZDNiV1UzZVhCTmFIcG5kWE5TZFdVM1pVRRAB,ChIJl7RugWUXby4RPl5bjakQZBA,Ramen Saga Manis Lor,Kuningan,Kuliner,3,"Ramen harga menengah, 20K level pedas 0, 21-21 level pedas 1, dan harga naik sesuai kenaikan level. Kuah kental, pedasnya mantap. Toping jagung pipil, wortel kotak, dan aneka Frozen food sesuai nama ramen. Yg toping katsu, katsunya tebal. Enak. Cuma mienya rasa mie Indomie. Kurang pas. Interior Mayan cozy, pas buat anak2 muda nongkrong dan kelg. Minuman aneka jus, enak seger.",2025-11-09T09:32:23.308Z,ziyad keren,113852170046433922660,True,0,id,2026-05-04T16:55:05.320333
Ci9DQUlRQUNvZENodHljRjlvT2pFMWJsUmtTM2xXWm14eVZVWmlNMHhhTVdNNFpsRRAB,ChIJl7RugWUXby4RPl5bjakQZBA,Ramen Saga Manis Lor,Kuningan,Kuliner,5,"Tempat makan yang sangat recomended buat yang lagi jalan jalan ke kota kuningan, harga yang terjangkau dan varian menu yang banyak",2025-10-06T13:23:51.107Z,Lia Puspita,115176211470351067653,True,0,id,2026-05-04T16:55:05.320348
Ci9DQUlRQUNvZENodHljRjlvT2pBMGFrdHBiM0oyY0RobFdVSXpSbTVyY2xNdGJFRRAB,ChIJl7RugWUXby4RPl5bjakQZBA,Ramen Saga Manis Lor,Kuningan,Kuliner,2,"pelayanan kasir cowonya judes bgtt, ga ramah sama sekalii, walaupun makanan enak tapi pelayanannya kurang jdi buat pelanggan ragu buat balik lagii, masukan yaa biar bisa di perbaiki lagi😁",2025-10-06T11:16:58.125Z,Mela Amelia,106000060247023155055,False,0,id,2026-05-04T16:55:05.320357
Ci9DQUlRQUNvZENodHljRjlvT21SMlkyNVZZVUpqU1hJeVlXZ3RNbEEyTmkxbFVHYxAB,ChIJl7RugWUXby4RPl5bjakQZBA,Ramen Saga Manis Lor,Kuningan,Kuliner,2,"pelayanan kasir cowo nya attitude nya kurang banget, mohon maaf tolong ditingkatkan lagi, walaupun makanan nya enak, tapi sangat kurang nyaman jika pelayanan nya seperti itu🙏",2025-10-06T11:15:34.434Z,Oktavia Ramadani,111069854963362445437,False,0,id,2026-05-04T16:55:05.320364
Ci9DQUlRQUNvZENodHljRjlvT25Wdk5rSkNWV0ZKV1dkWlRFaHdSRnBMTTFwbVNHYxAB,ChIJl7RugWUXby4RPl5bjakQZBA,Ramen Saga Manis Lor,Kuningan,Kuliner,2,"Kasir cowo tidak ramahh ..
Kalau bisa yg jd kasir jngn ketus2 amat kita makan ramen bayar bkn minta"" ...
Ya kali g ada sekata dua kata yg jdi kasir  ..",2025-10-06T11:13:59.419Z,Indy Hermawan,107048925224681193710,False,0,id,2026-05-04T16:55:05.320373
Ci9DQUlRQUNvZENodHljRjlvT25odlNXSTFaV3hqY21oS2MwOU1OV1ZxTjB0d1JuYxAB,ChIJl7RugWUXby4RPl5bjakQZBA,Ramen Saga Manis Lor,Kuningan,Kuliner,5,"Mie Ramen dengan Rasa kearifan Lokal, dengan harga yang standar memiliki cita rasa nusantara. Rasanya enak dan cocok bagi pecinta Pedas sejati dan ditambah minuman yang segar menggugah selera. Tempat yang cozy cocok untuk kumpul bareng teman dan keluarga",2025-09-30T11:53:50.198Z,hadi luthfil,100741506466549991764,True,0,id,2026-05-04T16:55:05.320382
Ci9DQUlRQUNvZENodHljRjlvT2t4NmVHTkxiMjFsY0ZGclZHWmhZVk53Ukc1RmExRRAB,ChIJl7RugWUXby4RPl5bjakQZBA,Ramen Saga Manis Lor,Kuningan,Kuliner,1,"Sebenarnya makanan nya enak, tapi kasir nya nyebelin banget. Tadi saya ke tempat sekitar jam 4 sore, awalnya masih biasa aja si aa yang jaga kasir nya, dan emang adik saya tuh bolak balik sekitar 3 kali buat pesan makanan, karena kita butuh tambahan minum karena kepedesan, terus yg kedua balik lagi karena ada tambahan pesanan makanan dibungkus yg ketiga saya balik lg karena lupa bilg pesanan nya gapake pedes, tapi pas balik yg ketiga kalinya muka AA nya udah judes kaya males liat gue, responnya menurut saya kaya ga profesional gitu, masa saya ngomong baik² pesanan yg katsu tadi jangan pedes sama sekali ya, respon dia cuma noleh dan langsung buang muka. Ga sopan banget kak, tatapan nya juga judes. Kata adik saya juga pas kedua kalinya dia balik kesna mau pesen makanan si aa nya ini udh kaya bete gitu liat adik saya karena bolak balik ""pesan makanan"" INGET YA BOLAK BALIK UNTUK PESAN! Harusnya ramah dong, kan saya bolak balik tuh mau BELI. Harusnya anda bersyukur karena banyak yg dibeli, ini mah malah judes, menurut saya ga pantes sih seorang kasir begitu. Kalo saya bolak balik tanpa pesan baru anda bisa begitu! Lebih profesional lagi tolong ya, jangan norak. Belajar juga untuk menghargai pembeli! Tolong buat pemilik ramen saga lebih di perhatikan dan diawasi lagi karyawannya",2025-09-28T15:20:33.526Z,Khansa Azzahra,118298537343763053205,False,0,id,2026-05-04T16:55:05.320392
Ci9DQUlRQUNvZENodHljRjlvT201VmIwcEpkM1pTTXpWNFpVeHhNRUZvVDNaME1HYxAB,ChIJl7RugWUXby4RPl5bjakQZBA,Ramen Saga Manis Lor,Kuningan,Kuliner,1,"KURANG BANYAK RAMBUT ORANG DIMAKANAN NYA BOSKUHHHH, SEKALIAN SE MANGKOK full isi rambut kalau bisa.",2025-09-14T06:05:13.488Z,Achmad Riyanto,102913476964840723940,False,0,id,2026-05-04T16:55:05.320400
Ci9DQUlRQUNvZENodHljRjlvT2taUFkxaGpRMjFHTlUxemFrRXRRa1JFV2sxeVQwRRAB,ChIJl7RugWUXby4RPl5bjakQZBA,Ramen Saga Manis Lor,Kuningan,Kuliner,1,"Itu yang nulis pesanan yg cowo, pake earphone mulu d kuping JUDES BANGET DAH
Ngelayanin ga ada ramah ramah nya banget
MONYONGGGGGGG MULU
Dimana mana kalo kerja apalagi dibagian depan gitu harus nya ramah, murah senyum, bukan yg modelan begitu
Masih mending sama si ibu yg bawain makanan dah pelayanan nya, karna pas pesen buat yang dibungkus si ibu yang nyamper ke depan, banyak senyum, enak diliat nya juga
Ke ramen saga tuh udah bukan sekali dia kali, dari pertama pembukaan juga udah sering kesana taun 2014an sampe sekarang udah punya anak 2
Pesen mie goreng seafood buat bapa mie nya masih keras, jadi aja ga bisa menikmati makanan nya si bapa
Padahal lagi pengen banget makan di ramen saga",2025-09-09T09:30:37.784Z,Ati Kuwati,113586325522803298909,False,0,id,2026-05-04T16:55:05.320409
Ci9DQUlRQUNvZENodHljRjlvT2tWTVdUUlZOVWxGT0VkSmMyNDROVW95WDFoM1RuYxAB,ChIJl7RugWUXby4RPl5bjakQZBA,Ramen Saga Manis Lor,Kuningan,Kuliner,3,"Makanan cukup enak dan tidak terlalu lama menunggu, cuma sayang pelayanan di kasir yg laki-laki tidak ramah, mohon diperbaiki",2025-09-06T05:03:45.281Z,uze rahman,108225205621779390841,False,0,id,2026-05-04T16:55:05.320419
Ci9DQUlRQUNvZENodHljRjlvT2pSVmJIZE1kVjk1WTFsSExWVnhjVE5pTVRrMU0yYxAB,ChIJl7RugWUXby4RPl5bjakQZBA,Ramen Saga Manis Lor,Kuningan,Kuliner,4,"Tempatnya luas, bagus, banyak pilihan, tapi agak berisik kendaraan karena samping jalan besar.",2025-08-16T15:03:38.222Z,Anis Fatin,116667416937334545061,True,0,id,2026-05-04T16:55:05.320456
Ci9DQUlRQUNvZENodHljRjlvT21sd1ZIRlVaMlZtWVdaQmEydFVWbWxsVVd4M04zYxAB,ChIJl7RugWUXby4RPl5bjakQZBA,Ramen Saga Manis Lor,Kuningan,Kuliner,1,"Baru sampai rumah habis dari sini. Nasi paket 1 yang saya pesan masyallohhhh DINGIN SEKALI biasanya panas! Perbaiki lagi!!
Oh ya TUKANG PARKIR YANG AKI AKI PERUT BUNCIT. Gak sopan gak ramah. Saya udh 2 x kesal
1. SAYA DATANG KE RAMEN SAGA MENDEKATI JAM TUTUP TAPI MASIH DITERIMA DAN TUKANG PARKIR SMPAI KE LANTAI 2 buat nagih uang parkir dia bilang SEBENTAR LAGI TUTUP. Intinya dia mau cepet pulang dan minta uang duluan. Bnr bnr gak ada etika
2. Sore ini kejadian lagi SAYA BELUM DISEBRANGKAN DIA SUDAH MAKSA MINTA UANGNYA . Mohon disampaikan ya tukang parkir kalian itu meresahkan!!!!",2025-08-16T11:52:03.223Z,irma Dm,114378495508732148867,False,0,id,2026-05-04T16:55:05.320466
Ci9DQUlRQUNvZENodHljRjlvT2w5clRGRnJWM2hhUVVwWWFIbzFWRkUwV0hWc1puYxAB,ChIJl7RugWUXby4RPl5bjakQZBA,Ramen Saga Manis Lor,Kuningan,Kuliner,1,Bukan ramen si ini mie kuh,2025-08-11T08:10:32.079Z,Ammatur fadillaa,101369637646946593557,False,0,id,2026-05-04T16:55:05.320482
Ci9DQUlRQUNvZENodHljRjlvT2taM2MxQkVhbVpyTmtab05uSnliRGhEZEhKcWVXYxAB,ChIJl7RugWUXby4RPl5bjakQZBA,Ramen Saga Manis Lor,Kuningan,Kuliner,4,katsu nya enak tapi kuah ramen nya aneh 😭,2025-07-31T06:15:04.424Z,Byun Bee,116808799361886088328,True,0,id,2026-05-04T16:55:05.320490
Ci9DQUlRQUNvZENodHljRjlvT21ScFZHVkNaR1YyVFcwNWQxRmlNMll3VVVaalJGRRAB,ChIJl7RugWUXby4RPl5bjakQZBA,Ramen Saga Manis Lor,Kuningan,Kuliner,5,"Ramen langganan dari 2016, rasanya ga berubah tetep enak. Dan selalu jadi tujuan kulineran kalo pulang ke kuningan. Udah pernah coba di semua cabang ramen saga, tapi tetep yang paling enak dan nampol ya di cabang utama manis lor.

Kalo yang biasa kubeli katsu men, pokonya kesukaan banget deh. Cuma buat level pedesnya kadang lg pedes banget kadang lg ga terlalu pedes. Kalo cita rasa kuah sih masih konsisten menurutku. Untuk harga juga terjangkau kisaran 20k keatas (tergantung level), porsinya bikin kenyang.",2025-07-26T08:09:43.172Z,Ghina,109324563671081710164,True,0,id,2026-05-04T16:55:05.320500
ChZDSUhNMG9nS0VJQ0FnSUNVMU1mSUpREAE,ChIJYbq38zgWby4R5JnMFErq0-8,Rumah Makan Bubulak Food And View,Kuningan,Kuliner,4,View nya bagus dan enak masakan nya,2026-05-03T14:56:30.947Z,Samuel Zeno,106388027746081314296,True,1,id,2026-05-04T16:55:05.320510
Ci9DQUlRQUNvZENodHljRjlvT25WMldFUkNia0ZSWkc1M2VFczRSVXhFYzBVMlRsRRAB,ChIJYbq38zgWby4R5JnMFErq0-8,Rumah Makan Bubulak Food And View,Kuningan,Kuliner,5,Dekat di kaki Gunung Ciremai.,2026-04-18T07:28:27.903Z,Suswanti Sutanto,113484061062402885706,True,0,id,2026-05-04T16:55:05.320531
Ci9DQUlRQUNvZENodHljRjlvT25abVdXRjJSMFJCU0MxT2RVc3RNa0pIWldwb09GRRAB,ChIJYbq38zgWby4R5JnMFErq0-8,Rumah Makan Bubulak Food And View,Kuningan,Kuliner,5,Makanan enak dan relatif murah,2026-04-14T22:59:16.019Z,mohammad natsir muin,112690939876407888228,True,0,id,2026-05-04T16:55:05.320541
Ci9DQUlRQUNvZENodHljRjlvT21WQmN6UkpSR2RUVlVsU1gwTjZiMnBQYkV4ZllVRRAB,ChIJYbq38zgWby4R5JnMFErq0-8,Rumah Makan Bubulak Food And View,Kuningan,Kuliner,1,"Ga akan balik lagi
Lama
Pelayanan jelek",2026-03-24T07:50:24.893Z,Arjuna Kinan,110714746044956942146,False,0,id,2026-05-04T16:55:05.320557
Ci9DQUlRQUNvZENodHljRjlvT2xocFpVa3hjSEpEYVdVNWMzaERWRWhEUzJWcFMzYxAB,ChIJYbq38zgWby4R5JnMFErq0-8,Rumah Makan Bubulak Food And View,Kuningan,Kuliner,1,"Lambat pengantaran , nunggu hampir 2 jam",2026-03-23T08:01:19.116Z,Agatha Story,111437242053907788460,False,0,id,2026-05-04T16:55:05.320567
Ci9DQUlRQUNvZENodHljRjlvT25nNFRuVXRVMVEzVFhWa2MyeDVVMU4wTm1KWVFWRRAB,ChIJYbq38zgWby4R5JnMFErq0-8,Rumah Makan Bubulak Food And View,Kuningan,Kuliner,1,Pelayanan lambat tidak sesuai SOP,2026-03-23T08:00:45.695Z,Argazali,111990101147113555972,False,0,id,2026-05-04T16:55:05.320576
Ci9DQUlRQUNvZENodHljRjlvT2pkUmNVOWFURXRrY2pOalMxb3piamhaVjJ0VlduYxAB,ChIJYbq38zgWby4R5JnMFErq0-8,Rumah Makan Bubulak Food And View,Kuningan,Kuliner,1,Sebenarnya enak..... Tapi kayaknya belum siap... Dateng duluan.. Orang lain yg baru malah di layanin. Minuman nya lama banget banget.,2026-03-22T16:40:18.114Z,Anggun Supriadi,112034024279377041176,True,0,id,2026-05-04T16:55:05.320584
Ci9DQUlRQUNvZENodHljRjlvT2tGQ1YzVlJkVFo1TUd0S2NIb3pNVzAwVUhoWFpVRRAB,ChIJYbq38zgWby4R5JnMFErq0-8,Rumah Makan Bubulak Food And View,Kuningan,Kuliner,1,"Gambar makanan dan minuman yang dateng setelah 2 jam nunggu, bebek rasanya ANYEP BANGET GA REKOMEND.",2026-03-22T14:24:23.226Z,rahmaa krisss,118426638945534661796,False,0,id,2026-05-04T16:55:05.320592
Ci9DQUlRQUNvZENodHljRjlvT2tzeVNYZGFRVEUxUkU1Q2RsVXhWREYzUVRWU01WRRAB,ChIJYbq38zgWby4R5JnMFErq0-8,Rumah Makan Bubulak Food And View,Kuningan,Kuliner,1,"Tadi menjelang siang mampir karna kelaperan dan macet, pas sampe kurang greeting, makanan nunggu hampir 2 JAM minta dluin minuman jg ga bs pdhl cmn es teh manis. dateng dateng es teh manis gaada es nya.  Pas makanan sampe DENGAN KEAADAAN MAKANAN YANG ANYEP DINGIN KURANG RASA. KALO MAU KESINI MENDING PIKIR PIKIR DL GA REKOMEND DEH KL MNRT Q",2026-03-22T14:18:46.770Z,Yetty Syaripah,115103972591102576465,False,0,id,2026-05-04T16:55:05.320600
Ci9DQUlRQUNvZENodHljRjlvT2tGa1pHTkNNUzFTYjJSamNWb3djM1JsUWxoR09FRRAB,ChIJYbq38zgWby4R5JnMFErq0-8,Rumah Makan Bubulak Food And View,Kuningan,Kuliner,1,"mas agung, tolong dibenahi lagi management nya saya pesan dari jam 6 sampe jam 8 pesanan saya malah ga masuk sistem. belum dibuat. kalau ga ditanya gada sama sekali konfirmasi apakah pesanan sudah semua. mba nya sama sekali ga problem solution malah cari cari kertas yang katanya ilang. jaman sekarang udah digital semua ini masih pake kertas. sebelum ini viral.",2026-03-22T13:13:43.648Z,siti nur hayati,108752753629999050471,False,0,id,2026-05-04T16:55:05.320613
Ci9DQUlRQUNvZENodHljRjlvT2sxYWIyeFBkVU5PVEdwRmJ5MWZRMnd3ZUZsSlowRRAB,ChIJYbq38zgWby4R5JnMFErq0-8,Rumah Makan Bubulak Food And View,Kuningan,Kuliner,1,menunggu pesanannya lama saya menunggu ada 1 jam lebih,2026-03-22T06:38:02.923Z,Ilham tri ramdan krisnandika,100178303769088477310,False,0,id,2026-05-04T16:55:05.320622
Ci9DQUlRQUNvZENodHljRjlvT2xNeVNVUnZWMmRZVlZkTVIyWjFVMk42V1ZSU2MwRRAB,ChIJYbq38zgWby4R5JnMFErq0-8,Rumah Makan Bubulak Food And View,Kuningan,Kuliner,1,"LAMA BANGET PELAYANANNYA.
cuma pesen nasi liwet buat 3 orang + 1 ayam
Sama es teh tawar padahal, nunggu 1 stgh jam an, teh tawarnya aja gaada disediain dulu. Udah ditanyain berkali kali bilangnya lg di proses, SETELAH DITANYA TERUS BARU DIJAWAB TERNYATA NUGGU 4 PESANAN LAGI. TOLONG PELAYANANNYA DIPERBAIKI YA, KOMUNIKASI WAITER DAN WAITRESSNYA, KOORDINASI DENGAN TIM SEMUA DIPERBAIKI. AKHIRNYA SAYA CANCEL",2026-03-22T06:33:02.297Z,Ajrina Alifah,111736469071064144077,False,0,id,2026-05-04T16:55:05.320631
Ci9DQUlRQUNvZENodHljRjlvT2xkR1pXOXhUbEJTTlU0NVZ6UkZTM05NTFVVeVUxRRAB,ChIJYbq38zgWby4R5JnMFErq0-8,Rumah Makan Bubulak Food And View,Kuningan,Kuliner,5,"Tempatnya asik dengan pemandangan asoi, makanan enak, servis bagus",2026-03-09T15:43:47.893Z,Husin Widjaja,113054712027103376560,True,0,id,2026-05-04T16:55:05.320648
Ci9DQUlRQUNvZENodHljRjlvT2xGa1FrZzNVMnhpUWkwdGNFWkxWMEpWY2xoM1pFRRAB,ChIJYbq38zgWby4R5JnMFErq0-8,Rumah Makan Bubulak Food And View,Kuningan,Kuliner,5,"seruu guyss disinii tempat nya luas, waktu datang juga disambut dengan baik teris dikasih payung pas hujan hujann keren sih pelayanan nyaa, mantap mantapp",2026-03-01T17:33:21.134Z,mawar sopia,110886379226513695270,False,0,id,2026-05-04T16:55:05.320666
Ci9DQUlRQUNvZENodHljRjlvT2t4dU1FWnlSMU5rYUVoUU4ybFdaMmQxVmtGcFlrRRAB,ChIJYbq38zgWby4R5JnMFErq0-8,Rumah Makan Bubulak Food And View,Kuningan,Kuliner,5,"tempat nyaa bagus lah okee, pelanyanan nyaa baguss banget dikasih payungg pas datengg hujan hujan🥳🤍",2026-03-01T17:29:57.459Z,mawar shofi,106861787672287085565,False,0,id,2026-05-04T16:55:05.320674
Ci9DQUlRQUNvZENodHljRjlvT2sxeFVXTlhSSEJUTFhveFMwRldSSFpCV2pCaVVXYxAB,ChIJYbq38zgWby4R5JnMFErq0-8,Rumah Makan Bubulak Food And View,Kuningan,Kuliner,1,"MENYEBALKAN, minuman datengnya telat makanan udah abis ehh minumannya baru dateng, kita juga dateng awal banget belum banyak orang, kita udah pesen makanan sama minuman, ehh kita duluan yang .esen minum tapi belum dikasih, masa orang lain yang baru dateng daprt minum duluan!?

MEREPOTKAN SEKALI",2026-02-27T11:55:43.629Z,RIDHO,104921732789024165481,False,0,id,2026-05-04T16:55:05.320684
Ci9DQUlRQUNvZENodHljRjlvT210eVJqSnJXRmxzZDBZellqTkxNVUZMWkZaMlMxRRAB,ChIJM236Ex4Xby4RTTBlx_ZNdoU,Bebek rempah Mbah sardjo,Kuningan,Kuliner,5,Enak dan murah.,2026-03-23T15:11:48.181Z,EBRI TINO,103239425350979443640,True,0,id,2026-05-04T16:55:05.320693
Ci9DQUlRQUNvZENodHljRjlvT21aUmMyUkhlbFZWVEVSemFWWjVUM2t6VmtWaVdYYxAB,ChIJM236Ex4Xby4RTTBlx_ZNdoU,Bebek rempah Mbah sardjo,Kuningan,Kuliner,1,"Pesan dr jam 17.00 untuk buka puasa, sampai jam 18.05 minuman belum ada yg datang, setelah menunggu sampai jam 18.25 baru bilang bebek rica2 habis 🥲",2026-03-19T11:27:56.663Z,Bklmelati Senja,103255344153757210603,False,0,id,2026-05-04T16:55:05.320704
Ci9DQUlRQUNvZENodHljRjlvT2pKcE5EVkRWMkpQYW5Vek4zZzRhbFZ4VUVkNFRsRRAB,ChIJM236Ex4Xby4RTTBlx_ZNdoU,Bebek rempah Mbah sardjo,Kuningan,Kuliner,5,"Ini, hidangan enak banget, ayamnya berasa rempahnyaa🤭 Nsi nya jg endulll, TOP! 👍👍👍
Tempat, suasana ny jg aman nyaman..",2026-02-21T14:02:49.685Z,Ikah이카,110673418093599910335,True,0,id,2026-05-04T16:55:05.320729
Ci9DQUlRQUNvZENodHljRjlvT2pScVJGSlNlamRVU1dOMlNqVjNibkppU0dGSGNGRRAB,ChIJM236Ex4Xby4RTTBlx_ZNdoU,Bebek rempah Mbah sardjo,Kuningan,Kuliner,4,"1. Makanan
Makanannya enak, bumbu bebeknya terasa kuat dan meresap. Namun, sepertinya bebeknya tidak dipresto sehingga di beberapa bagian daging masih agak alot. Tersedia tambahan nasi gratis. Sambalnya juga enak dan bisa ambil sendiri (khusus untuk paket bebek rempah).
2. Pelayanan
Pelayanan cukup responsif dan cepat. Namun, pelayan terlihat merokok di jam kerja, dan saat melayani pelanggan masih tercium bau rokok, sehingga agak mengganggu kenyamanan.
3. Suasana
Lokasinya mudah ditemukan karena berada di pinggir jalan. Sayangnya, tempat terlihat agak berdebu dan seperti jarang dibersihkan—wadah tisu berwarna putih tampak kusam, dan saat saya lap menggunakan tisu, debunya cukup banyak. Tempat ini juga kurang ramah untuk anak karena pelayan dan pelanggan bebas merokok. Asap rokok dari pengunjung lain sampai tercium ke area makan saya. Suasananya terasa agak pengap; disarankan datang sekitar pukul 16.00. Jika siang hari kemungkinan terasa panas, ditambah asap rokok saat ada yang merokok.",2026-02-10T02:51:45.810Z,Cahya,103360581155433980083,True,0,id,2026-05-04T16:55:05.320740
Ci9DQUlRQUNvZENodHljRjlvT2twSVJqVk5kV3BoY1hkcFZrZFVWakpVZVhWRVYxRRAB,ChIJM236Ex4Xby4RTTBlx_ZNdoU,Bebek rempah Mbah sardjo,Kuningan,Kuliner,5,Bebek yang sangat enak rempah nya pas porsi nya pas,2026-01-10T01:17:10.441Z,Abdul fatah .,105103806469933318334,True,0,id,2026-05-04T16:55:05.320757
Ci9DQUlRQUNvZENodHljRjlvT210MU9IZzBRbVl3YURFdE0xbHdTRmhyTUZCR1RWRRAB,ChIJM236Ex4Xby4RTTBlx_ZNdoU,Bebek rempah Mbah sardjo,Kuningan,Kuliner,2,"Maaf rivew jujur , coba makan disini karena lihat video2 seliweran di ig dan tiktok , tapi kesini kecewa 😂
1. Pelayanan : biasa aja
2. Kecepatan Proses Sajian : Lama dan menu yang dipesan ada 2 yang tidak datang-datang akhirnya kita cancel , padahal udan nunggu 1 jam-an lebih
3. Kenyamaan : tidak nyaman , kotor,  remang-remang, mushola kotor dan bocor
4. Rasa : Bebeknya enak dan nasi benyek

cukup sekali kayak nya kalau kesini",2026-01-02T14:11:24.258Z,herdis syariefudin,109245956823702647447,False,0,id,2026-05-04T16:55:05.320766
Ci9DQUlRQUNvZENodHljRjlvT2tRM2JHUlFOWEIxVURKbFFqbENjMUpMYlZCWGJIYxAB,ChIJM236Ex4Xby4RTTBlx_ZNdoU,Bebek rempah Mbah sardjo,Kuningan,Kuliner,3,"maaf kasih bintang segini, soalnya aku makan disana sama suami, lupa dianterin minumannya sama pegawainya🥲 karena kita laper, habis puasa juga, jadi kita makan buru-buru.. tapi, pas makanan habis tetep aja ngga dianterin minumannya.. padahal kita sudah pesan. untung saya bawa tumbler gede, jadi ngga seret habis makan",2025-12-27T18:30:08.643Z,Yusi Aisah,110862172796914775685,True,0,id,2026-05-04T16:55:05.320774
Ci9DQUlRQUNvZENodHljRjlvT21kSVIyOTRUMk5IYTJWTGFIQTBiRzFhTWtkQ2JtYxAB,ChIJM236Ex4Xby4RTTBlx_ZNdoU,Bebek rempah Mbah sardjo,Kuningan,Kuliner,5,"Enak, kenyang, nyaman...",2025-12-16T05:38:38.615Z,juzt kevino,103529211387724087935,True,0,id,2026-05-04T16:55:05.320783
Ci9DQUlRQUNvZENodHljRjlvT21WRWMwUkNWR3Q0VW1Wb1dVZFRUMlZQUzIxWlZtYxAB,ChIJM236Ex4Xby4RTTBlx_ZNdoU,Bebek rempah Mbah sardjo,Kuningan,Kuliner,4,Bebeknya empuk dan nasinya bisa nambah,2025-12-06T12:48:15.903Z,Yoeda Poernomo,115677510201557342521,True,0,id,2026-05-04T16:55:05.320791
Ci9DQUlRQUNvZENodHljRjlvT213NFZWUmhNMFpITWw5cVRuUnllVkJFUVVoVGRWRRAB,ChIJM236Ex4Xby4RTTBlx_ZNdoU,Bebek rempah Mbah sardjo,Kuningan,Kuliner,5,"Pelayanan ramah, cepat, bebek nya empuk sambel nya mantap, ayam juga besar empuk, enak, nasi sego nya mantap.",2025-11-29T11:26:26.564Z,Ria Ridayanti,107455482442843510604,False,0,id,2026-05-04T16:55:05.320798
Ci9DQUlRQUNvZENodHljRjlvT2s5UFZtbHpSbmRrZVhSRFdUaGllV0ppYTJnNWMzYxAB,ChIJM236Ex4Xby4RTTBlx_ZNdoU,Bebek rempah Mbah sardjo,Kuningan,Kuliner,5,"Bebek Rempak Mbah Sardjo jadi salah satu tempat makan yang wajib dicoba. Makanannya enak-enak, terutama Sego Ayam Gorengnya yang gurih, empuk, dan kaya rasa. Menu lainnya juga nggak kalah lezat.

Tempatnya bersih dan nyaman, tersedia pilihan tempat duduk biasa maupun lesehan, jadi cocok untuk makan bareng keluarga atau teman. Pelayanannya juga baik dan ramah. Hanya saja tadi sempat ada pesanan yang tertukar, tapi selebihnya semuanya oke.

Secara keseluruhan, pengalaman makan di sini memuaskan dan layak direkomendasikan!",2025-11-23T09:04:42.686Z,Rifal Di,116880292173990368065,True,0,id,2026-05-04T16:55:05.320807
Ci9DQUlRQUNvZENodHljRjlvT2tKb04xWmlaazFoTTNwTVZIQTBWVlp2YkRsNWFrRRAB,ChIJM236Ex4Xby4RTTBlx_ZNdoU,Bebek rempah Mbah sardjo,Kuningan,Kuliner,5,Enak dan nyaman,2025-11-17T15:17:44.196Z,Budiyanto Yanto,102008408043888803727,True,0,id,2026-05-04T16:55:05.320816
Ci9DQUlRQUNvZENodHljRjlvT2xod0xUZFRObHBwUTIxS1gwaDZSVlZ3TUZCT1MyYxAB,ChIJM236Ex4Xby4RTTBlx_ZNdoU,Bebek rempah Mbah sardjo,Kuningan,Kuliner,5,"Bebek gorengnya enak bangeetttttttttt....
Suasananya nyaman, tenang ditemanin dengan murothal al-quran.",2025-11-16T23:52:16.229Z,Arsitek Qhue,110456703181389705806,True,0,id,2026-05-04T16:55:05.320823
Ci9DQUlRQUNvZENodHljRjlvT2twdlprSlFaakpWVWtGQk4wSmxaM0ptVTFwU1ZWRRAB,ChIJM236Ex4Xby4RTTBlx_ZNdoU,Bebek rempah Mbah sardjo,Kuningan,Kuliner,5,"Bebeknya juara, empuk banget... Ga amis.. Bumbunya meresap sampai kedalam.. Sambalnya dikasih 2 macam: sambal bawang dan sambal hitam khas seperti sambal bebek madura..",2025-11-12T21:49:03.159Z,Dian Qonitatun,112437924405130478515,True,0,id,2026-05-04T16:55:05.320832
Ci9DQUlRQUNvZENodHljRjlvT2xkVWJEQmpiR3hFTWw5bk9VcG9ZVkY2Y2tKR1ZVRRAB,ChIJM236Ex4Xby4RTTBlx_ZNdoU,Bebek rempah Mbah sardjo,Kuningan,Kuliner,1,"Pelayanan tempat ini sangat buruk yang pesan belakangan malah di buatin duluan,udah nunggu 1 jam eeeh makanan nya masih belum di buat malah nanya ke pegawai lain orderan nya mana kan aneh
Pokoknya not recommended laaah tempat ini",2025-09-28T11:02:05.372Z,idris mulyanto,105732844908555780289,False,0,id,2026-05-04T16:55:05.320840
Ci9DQUlRQUNvZENodHljRjlvT21nNVFVVllWa2QxWm1Wa1JtTkxPREZLVmpaemVIYxAB,ChIJM236Ex4Xby4RTTBlx_ZNdoU,Bebek rempah Mbah sardjo,Kuningan,Kuliner,1,"Pelayanan bad banget.. Dr awal pesan.. Pesan makanan d ulang2.. Nanya apa lagi ngulang lagi ngulang lagi... Pesanan minuman dateng juga karena d tanyakan,, padahal yg dateng belakangan udah dapet minumnya.. Pas ngomong awas pesanan makanan keselip.. Malah jawab GAK.. Dannn gongnya nyataaaa pesanan makanan keselip pdhal dah nunggu 1 jam lebih karyawan malah nanya satu sama lain pesanannya mana... Parahhhhhhh.. Tidak rekomendasi banget.. Udh mh tempatnya panas,, kebersihan nya juga kurang d perhatikan..",2025-09-28T10:39:51.394Z,Asha Nasha,116516115301272854404,False,0,id,2026-05-04T16:55:05.320848
Ci9DQUlRQUNvZENodHljRjlvT25sUk1GQndjM2RVUlhOMFJqTnJZWFoxWHpsb2NrRRAB,ChIJM236Ex4Xby4RTTBlx_ZNdoU,Bebek rempah Mbah sardjo,Kuningan,Kuliner,1,"Pelayanan nya lambat makanan dateng setelah hampir 1 jam,untuk sekarang kasih bintang 1 karena memang pelayanan sangat buruk",2025-09-28T07:51:56.191Z,eka winda,116567313822511288684,False,0,id,2026-05-04T16:55:05.320856
Ci9DQUlRQUNvZENodHljRjlvT2sxeGFVMW5ZMFZTV2pGbFV6ZDRSemMyZUc1V1VWRRAB,ChIJYbq38zgWby4R5JnMFErq0-8,Rumah Makan Bubulak Food And View,Kuningan,Kuliner,5,"Menyenangkan bisa berkunjung ke resto ini, makanannya enak, pelayanan sangat baik, dan bisa menyumbangkan suara setelah santap siang.",2026-01-16T06:05:26.647Z,Dwi Martanti,114426468243420144600,True,0,id,2026-05-04T16:55:05.320864
Ci9DQUlRQUNvZENodHljRjlvT2w5dlVFeGZUbmhETkdoWWIxZEdUbTFTV0MxaVptYxAB,ChIJYbq38zgWby4R5JnMFErq0-8,Rumah Makan Bubulak Food And View,Kuningan,Kuliner,5,"Suasana nyaman di kaki gunung Ciremai, ga terlalu jauh dari tol",2026-01-11T04:52:14.780Z,Mamang Ojol,117305908619855863735,False,0,id,2026-05-04T16:55:05.320905
Ci9DQUlRQUNvZENodHljRjlvT21jd1QxQlpVMjl4WldsblVuaE1PRVphYlRCNVRYYxAB,ChIJYbq38zgWby4R5JnMFErq0-8,Rumah Makan Bubulak Food And View,Kuningan,Kuliner,5,"Datang disaat tahun baru hampir degdegan bakal lama, karena orangtua dan anak2 sudah pada kelaparan, alhamdulillah nya penyajian cepat dan makanan enak.. gurame cobeknya mantulll.. utk menu yg paket ternyata sudah dapat minum.. ada live music jg seru.. cm untuk ayam kampung kemarin dapet yg alot bgt huhuu
Makan 7 orang cm habis 600rb an dgn bonus view yg bagus sangat worth it..",2026-01-07T03:52:48.850Z,Wulan Tiwul,110263971547061246510,True,0,id,2026-05-04T16:55:05.320939
Ci9DQUlRQUNvZENodHljRjlvT25KVlExcEdaM2RrTWtaT2NsOUhSWE5yY0dJNExVRRAB,ChIJYbq38zgWby4R5JnMFErq0-8,Rumah Makan Bubulak Food And View,Kuningan,Kuliner,5,Chef nya ganti atau gmn biasa nya ayam kmpung nya lembut dan gurih. Karedok nya beda rasa jg sayur asem nya ga sprti biasa,2025-12-31T07:29:56.311Z,Martha Tania,115965990987666212355,True,0,ms,2026-05-04T16:55:05.320963
Ci9DQUlRQUNvZENodHljRjlvT2tKT1RHRnFURFJRTjNkM1RGOWhRemxGVVVSdVkzYxAB,ChIJYbq38zgWby4R5JnMFErq0-8,Rumah Makan Bubulak Food And View,Kuningan,Kuliner,5,Temoat yg syahdu untuk nongki dgn suasana kabut turun dan rintik hujan ditemani alunan live musik..,2025-12-30T16:17:31.197Z,abdul azis,104269615436585581153,True,0,id,2026-05-04T16:55:05.320978
Ci9DQUlRQUNvZENodHljRjlvT25aQ1JHSXRVMTlUZWxGd2RXVnpVR3h3Um1Gdk5GRRAB,ChIJYbq38zgWby4R5JnMFErq0-8,Rumah Makan Bubulak Food And View,Kuningan,Kuliner,4,"Harga affordable, rasa makanan lumayan enak, view oke, suasana dingin adem, ayang tempatnya bebas smoking. Untung pas datang agak sepi jd bisa pilih tempat yg jauh dari orang lain, karena bawa bayi dan anak2.",2025-12-30T08:36:35.217Z,Audrey Natasha,105990001019060258968,True,0,id,2026-05-04T16:55:05.321000
Ci9DQUlRQUNvZENodHljRjlvT21sVWQyZEpSM2h1WDNwUmJuWlBkemxpUXpkU2FHYxAB,ChIJYbq38zgWby4R5JnMFErq0-8,Rumah Makan Bubulak Food And View,Kuningan,Kuliner,2,Baru pertama kali kesini kecewa banget saya pesen makanan tambahan buat ponakan datengnya lama banget hampir sejam. Padahal kita pesen makanan tambahan loh. Karyawanannya juga ga gercep. Pikir2 lagi deh kalo makan disini,2025-12-27T07:27:47.900Z,riski hanifa,110702529035268482144,False,0,id,2026-05-04T16:55:05.321010
Ci9DQUlRQUNvZENodHljRjlvT2kwMmFtRkdTMnhuU1U1QldtTmllWEU1TkVkMWFIYxAB,ChIJYbq38zgWby4R5JnMFErq0-8,Rumah Makan Bubulak Food And View,Kuningan,Kuliner,4,"jujur makanan nya oke banget beneran yg enak trs lembut banget juga ayam nya, nasi liwet nya juga enaaakk banget. tp tolong bgt ya aku dateng jam 10 dan udh buka itu, harusnya semua bahan masakan udah siap ini beneran malah masih banyak yg blm dateng bahan nya maksudnya klo emg blm siap semua jangan buka dulu gt loh. trs tolong juga buat mas mas yg kerjanya di deket dapur atau di dapur, jangan ada yg ngerokok, iya tau ini tempat terbuka tp masa ngerokok di depan makanan??? trs makanan nya di kasih ke pembeli. tp overall buat makanan nya oke trs pelayanan nya jg oke cuman paling itu aja ya yg harus di perbaiki.",2025-12-27T05:28:02.491Z,acha,114624209641877583184,False,0,id,2026-05-04T16:55:05.321018
Ci9DQUlRQUNvZENodHljRjlvT25aU1gybFpUVWhPV2pNdFUxOUpRV1ppVjBjMlpWRRAB,ChIJYbq38zgWby4R5JnMFErq0-8,Rumah Makan Bubulak Food And View,Kuningan,Kuliner,4,Tempat nya bagus makanan nya juga enak² tpi mungkin lain kali kalau memang makanan/minuman yg kita pesan sudah habis/tidak ada mohon di konfirmasi ke pembeli,2025-12-26T09:09:29.378Z,Neneng Sundari,111798554672715734468,False,0,id,2026-05-04T16:55:05.321027
Ci9DQUlRQUNvZENodHljRjlvT214UFRHaHpPV2hpVlROWVgybEtNV0pWUWpGSWIyYxAB,ChIJYbq38zgWby4R5JnMFErq0-8,Rumah Makan Bubulak Food And View,Kuningan,Kuliner,5,"Pelayanan bintang 5, rasa yg ttap konsisten tidak pernah berubah dari masa ke masa🤤👏🏻👏🏻",2025-12-16T08:31:56.164Z,Teguh Sadulloh,103966358283637803404,False,0,id,2026-05-04T16:55:05.321045
Ci9DQUlRQUNvZENodHljRjlvT210MGVqUnBTV2hVTVMxMWRtMWhjazV3ZVhWeVJHYxAB,ChIJYbq38zgWby4R5JnMFErq0-8,Rumah Makan Bubulak Food And View,Kuningan,Kuliner,5,Kopi gula arennya juaraaaaa,2025-12-06T08:56:13.538Z,Danang Adi Widodo,108937660142535707344,True,0,id,2026-05-04T16:55:05.321054
Ci9DQUlRQUNvZENodHljRjlvT25CS1oyWm5ORnBMZWpkbVRWRkNjbGc0V1ZWc05VRRAB,ChIJYbq38zgWby4R5JnMFErq0-8,Rumah Makan Bubulak Food And View,Kuningan,Kuliner,5,"Untuk kelas resto dengan bonus view yg memanjakan harga menu menu nya terlalu terjangkau di banding resto² lain 🥰
Tapi bukan hanya terjangkau , menu nya ga ada yg gagal . Selalu enak dan puas good job buat koki nya 👏👏👍",2025-12-04T16:25:35.929Z,Bebe Fuyo,109473932605376599605,False,0,id,2026-05-04T16:55:05.321061
Ci9DQUlRQUNvZENodHljRjlvT2twMGVHYzFTRGhaU0VKV2FtcE1aM2hDZWpaSVNYYxAB,ChIJYbq38zgWby4R5JnMFErq0-8,Rumah Makan Bubulak Food And View,Kuningan,Kuliner,5,Pemandangan city view bagusnya bagus,2025-11-23T23:34:41.846Z,Jazz Dream,110476749799551336334,True,0,id,2026-05-04T16:55:05.321069
Ci9DQUlRQUNvZENodHljRjlvT2t0RVYwaDVkak4xY0hRMFowOWZZVFJLY0ZOUmNVRRAB,ChIJl7RugWUXby4RPl5bjakQZBA,Ramen Saga Manis Lor,Kuningan,Kuliner,5,Pelayanan dan hasil memuaskan harga terjangkau,2025-07-18T21:17:17.709Z,King Lord,101963845182894496671,True,0,id,2026-05-04T16:55:05.321091
Ci9DQUlRQUNvZENodHljRjlvT2w5RldYRmtkMHBtYkhoUmVrNVNNekpRV0VSM2RtYxAB,ChIJl7RugWUXby4RPl5bjakQZBA,Ramen Saga Manis Lor,Kuningan,Kuliner,2,"Itu kasirnya judes amat ya.... mw nya buru buru santai mas senyum ngapa....
Makanan nya bingung nyari yg enak nya dimana kurang enak .. harga ga jauh beda sama ichiban cuman jauh bgt rasanya",2025-07-04T21:35:44.021Z,Bunda Raka,108340701534942753861,False,0,id,2026-05-04T16:55:05.321100
Ci9DQUlRQUNvZENodHljRjlvT2xjM2NHbEVYMDFGYUZoQ1lXWldXazVyU2twSVVWRRAB,ChIJl7RugWUXby4RPl5bjakQZBA,Ramen Saga Manis Lor,Kuningan,Kuliner,2,"Untuk ramennya ya ... Kuahnya kaya bukan kuah ramen dan mie nya kaya mie biasa ... Agak neuk
Untuk cumi asiiiiiinn banget ya allah...
Evaluasi untuk yg masaknya kali ya biar ttp rame di perbaiki lagi dri segi rasa ...
Saya pesen udang d kasi cumi... Dan untuk kasirnya kalo sudah pesen aturan di baca ulang lagi biar ga ada yg salah... Jdi kaget ga pesen cumi ko tiba tiba ada cumi saya pesen udang...
Datang krna penasaran... Kalo dah kecewa gini kayaknya gak lagi deh untuk datang lagi..
Jangan baper ya semua untuk kebaikan biar lebih baik lagi",2025-07-04T12:17:24.494Z,Yoga Yogi,115651769614376797102,False,1,id,2026-05-04T16:55:05.321109
ChZDSUhNMG9nS0VJQ0FnSURGbHNYMkx3EAE,ChIJl7RugWUXby4RPl5bjakQZBA,Ramen Saga Manis Lor,Kuningan,Kuliner,5,"Makanannya enak ,pelayanannya baik, tempatnya juga nyaman",2025-07-03T14:08:15.370Z,Leli Nurlaeli,110929133023035426507,True,0,id,2026-05-04T16:55:05.321118
ChZDSUhNMG9nS0VPMlJtOXV4MkkzdFVnEAE,ChIJl7RugWUXby4RPl5bjakQZBA,Ramen Saga Manis Lor,Kuningan,Kuliner,5,Enak dan cocok buat ngangetin badan ditengah hawa udara yang dingin. Rasa kuah menyegarkan. Isian komplet. Mie juga lembut. Pilihan menu banyak dan variatif. Tempat lumayan luas dan bersih. Akses mudah karena di tepi jalan utama. Harga masih terjangkau. Ya semoga pelayanannya ditingkatkan demi menambah kepuasan konsumen.,2025-06-14T04:09:10.758Z,Bowo Ardianto,100239465600136897078,True,0,id,2026-05-04T16:55:05.321143
ChdDSUhNMG9nS0VMR2FoNzNyeGRybS1nRRAB,ChIJl7RugWUXby4RPl5bjakQZBA,Ramen Saga Manis Lor,Kuningan,Kuliner,2,"Pelayannya zonk banget , terutama yg nulis pesanan sm yg menyajikan makanan jadi cowo2 judes banget ke oma gw , ga sopan dll, pekerja lainnya baik2, apa lg yg nyapu ibu2 baik bgttttt ,  cuma si mas2 yg nulis pesenan sm menyajikan makanan parah bgt",2025-06-10T02:28:10.085Z,Indah Permata,105105804894162225324,False,0,id,2026-05-04T16:55:05.321152
ChdDSUhNMG9nS0VLbkE2djdzMVl5SF93RRAB,ChIJl7RugWUXby4RPl5bjakQZBA,Ramen Saga Manis Lor,Kuningan,Kuliner,1,"Padahal langganan ke sinih tapi untuk kali pertama kecewa banget di makanan yang saya pesan ada lalatnya, sy minta pertanggung jawabannya langsung gercep di ganti yg baru. Tp jujur kecewa tidak ada permintaan maaf dr pelayannya. Dan pesen cemilan yg lain nya ternyata habis tapi tidak ada pemberitahuan di awal, baru kita tanya pelayannya bilang ganti cemilan yg lain aja.",2025-06-03T11:38:32.943Z,ika puji tri marantika,107368237491922558108,False,0,id,2026-05-04T16:55:05.321168
ChZDSUhNMG9nS0VPNkJqb1A4LS1PYkhBEAE,ChIJl7RugWUXby4RPl5bjakQZBA,Ramen Saga Manis Lor,Kuningan,Kuliner,5,Enak dan nyaman...,2025-06-03T00:58:52.403Z,Akulturasi Channel,101152031272600536703,True,0,id,2026-05-04T16:55:05.321176
Ci9DQUlRQUNvZENodHljRjlvT2s4dE5tdFBXVGhLYVU1RmRXSllXVWRSUTJwM1oyYxAB,ChIJYbq38zgWby4R5JnMFErq0-8,Rumah Makan Bubulak Food And View,Kuningan,Kuliner,3,"Service: Ramah dan Cepat

Makanan: nothing special just OK

Yg disayangkan adalah 1..harga GA sesuai PORSI. Porsinya KECIL2 bangettttt....yg paling sesuai cuma es campurnya. Dalemnya banyak dan enak",2025-10-26T07:02:53.470Z,Aisya Tan,112407090303209014975,True,0,id,2026-05-04T16:55:05.321202
ChZDSUhNMG9nS0VJQ0FnSUNsOXF6RGJnEAE,ChIJYbq38zgWby4R5JnMFErq0-8,Rumah Makan Bubulak Food And View,Kuningan,Kuliner,5,Tempat nya sejuk adem bikin betah di bubulak..👍😁,2025-10-25T11:05:17.371Z,syarif hidayat syarif,110145385595461571815,True,1,id,2026-05-04T16:55:05.321210
Ci9DQUlRQUNvZENodHljRjlvT2tOT2RTMUJNakl0ZG1adFlqQmFlV0l6YTNkclpFRRAB,ChIJYbq38zgWby4R5JnMFErq0-8,Rumah Makan Bubulak Food And View,Kuningan,Kuliner,4,Tempat makan di ara kuningan yang cukup bagus suasana nya. Makanan juga lumayan enak dan harganya standard. Bisa untuk pilihan makan bersama teman teman atau keluarga,2025-10-20T14:37:04.959Z,deddy hutomo,115635874113442938515,True,0,id,2026-05-04T16:55:05.321219
Ci9DQUlRQUNvZENodHljRjlvT2tSMmNEQXhUbXBQWjJRdE1rRmhZa3BqVFRBMVMzYxAB,ChIJYbq38zgWby4R5JnMFErq0-8,Rumah Makan Bubulak Food And View,Kuningan,Kuliner,4,oke untuk keluarga,2025-10-19T11:21:19.333Z,erfan pirmanto,105489422409363926283,True,0,id,2026-05-04T16:55:05.321228
Ci9DQUlRQUNvZENodHljRjlvT2pWeWFIZG1UblV3TlRGV1ZraGFaMko1U2pJMVJVRRAB,ChIJYbq38zgWby4R5JnMFErq0-8,Rumah Makan Bubulak Food And View,Kuningan,Kuliner,5,"Murah dan enak
Penyanyinya keren suara enakk",2025-10-04T23:04:13.176Z,putri aulia,113893446171726153540,True,0,id,2026-05-04T16:55:05.321237
Ci9DQUlRQUNvZENodHljRjlvT21KRFJ5MTZOaTFNWlZCclR6bHBNMEpuWmxBek5sRRAB,ChIJYbq38zgWby4R5JnMFErq0-8,Rumah Makan Bubulak Food And View,Kuningan,Kuliner,3,"Lokasi, suasana ok
Makanan hrsnya bisa lebih ok lagi",2025-09-30T07:35:12.679Z,Iwan Black 21,105466297424267459682,True,0,id,2026-05-04T16:55:05.321246
Ci9DQUlRQUNvZENodHljRjlvT25SRFYxaEhkVWc0YldaelEwNTJTbWhYWTBaSFJFRRAB,ChIJYbq38zgWby4R5JnMFErq0-8,Rumah Makan Bubulak Food And View,Kuningan,Kuliner,1,makan disini buat makan siang. dtg bukan jam 12 jg. lebih ke agak siangan. tidak terlalu rame. tp nunggu makanan nya sangaat lama.. bahkan lucu ny air mineral aja baru keluar pas sudah selesai makan sy minta cancel mineral waterny gk bisa dg alasan udah di input. udah terlalu malas dg pelayanan makanan yg lelet.. untuk sate taichan ny lebih ke sate ayam di bakar tanpa ada bumbu dan dingin pula pas dtg sampai minta di panasin lg. sangat tidak di rekomendasikan. hanya nikmatin penyanyi live aja paling yg menghibur.,2025-09-06T08:39:33.636Z,Muhammad Ilham Sastra,109015609197137160402,True,0,id,2026-05-04T16:55:05.321286
Ci9DQUlRQUNvZENodHljRjlvT2xaU1ZEQkVkalpCUkMxeVpYcENVbE5ZUW1aWFZuYxAB,ChIJM236Ex4Xby4RTTBlx_ZNdoU,Bebek rempah Mbah sardjo,Kuningan,Kuliner,4,"Untuk bebeknya rasanya top markotop minus sambel kurang greged, jukutnya maknyus. tempat sempit, parkir sempit, apalagi musola g layak",2025-09-11T10:59:50.996Z,Ahmad Nashih,111130321789070659761,True,0,id,2026-05-04T16:55:05.321296
Ci9DQUlRQUNvZENodHljRjlvT25oRmJqYzRhRWN6YVU5Vk1WZEtUMWt3WjNoaGRtYxAB,ChIJM236Ex4Xby4RTTBlx_ZNdoU,Bebek rempah Mbah sardjo,Kuningan,Kuliner,3,Pesan disini tapi datang makanannya lama sekali,2025-09-08T23:13:28.900Z,Agus Hermanto,104057717518132493404,True,0,id,2026-05-04T16:55:05.321305
Ci9DQUlRQUNvZENodHljRjlvT201aFNWbEdNMVJsVkdVM00xRlRWVlpIZUZabWJXYxAB,ChIJM236Ex4Xby4RTTBlx_ZNdoU,Bebek rempah Mbah sardjo,Kuningan,Kuliner,5,Wajib cobain iga bakar nya beuh mantep👍🏻,2025-09-04T02:24:31.833Z,Aisha Alifa Haruna,115576258736794629250,False,0,su,2026-05-04T16:55:05.321313
ChdDSUhNMG9nS0VOS0p6cWFfMDhuSHJnRRAB,ChIJM236Ex4Xby4RTTBlx_ZNdoU,Bebek rempah Mbah sardjo,Kuningan,Kuliner,2,pesen bebek di gojek. bebeknya bauuuuuu... gak kemakan. mana mahal,2025-06-04T06:05:08.611Z,Enji Enkatsu,104328726703064649033,True,0,id,2026-05-04T16:55:05.321364
ChZDSUhNMG9nS0VMRHI3cWVzcVk3YmNnEAE,ChIJM236Ex4Xby4RTTBlx_ZNdoU,Bebek rempah Mbah sardjo,Kuningan,Kuliner,5,"Gatau kenapa ga se rame itu... padahal nih ayam dan bebeknya enak parah. Sampe rempahnya aku campur nasi aja enak banget. Btw ini nasinya free refil ya kita di sediain nasi gratis di bakul situ. Daaan sambelnya juga di sediain 2 jenis sambel yang kalo kalian cocol tuh sambel sama nasi  anget doang itu enaaaak woiii enak. Ini harusnya tempat ramee siii.... karena makanannya enak enak. Sambelnya enak.

Terus pas makan pedesan ceker, bumbunya melimpah gilaaa. Tapi pas pesen puding sama si masnya kayaknya doi salah denger malah ngasih nasi tambahan di piring. Padahal aku pesen puding mas. Ngapain pesen nasi lagi toh ada nasi sebakul wkwk.

Btw ini rekomended buat yang lapar, karena enak dan bisa nambah nasi sepuasnya.
Semoga rame deh, biar tiap ke sini ga sendirian aja.",2025-05-10T00:27:51.637Z,Dewi Andanawarih,102892641195864348008,True,0,id,2026-05-04T16:55:05.321372
ChdDSUhNMG9nS0VJQ0FnTUNZLUlEYzNnRRAB,ChIJM236Ex4Xby4RTTBlx_ZNdoU,Bebek rempah Mbah sardjo,Kuningan,Kuliner,5,pasaran dan laper akhirnya nyoba turun untuk nyobain. tempatnya enak ada lesehan. ada meeting room nya juga adem sih nyaman bersih.,2025-05-01T06:32:19.105Z,Saffa Henna,111576241547553183494,False,0,id,2026-05-04T16:55:05.321381
ChdDSUhNMG9nS0VJQ0FnTUNJeDR6NjJ3RRAB,ChIJM236Ex4Xby4RTTBlx_ZNdoU,Bebek rempah Mbah sardjo,Kuningan,Kuliner,5,Bebeknya enak pisan. Luar nya garing dalemnya tetep empuk juicy. Ga amis.,2025-04-05T03:50:43.772Z,Reza Ardiansyah,109674628055254072658,True,1,id,2026-05-04T16:55:05.321390
ChZDSUhNMG9nS0VJQ0FnTUNJeFlQUEF3EAE,ChIJM236Ex4Xby4RTTBlx_ZNdoU,Bebek rempah Mbah sardjo,Kuningan,Kuliner,5,"bebek ny enak empuk bumbu sambel rica nya juga enak
next klaw lewat lagi mampir ke bebek rempah mbah sardjo",2025-04-03T12:48:26.708Z,Ismawati Isma,111229805576770431610,True,0,id,2026-05-04T16:55:05.321399
ChZDSUhNMG9nS0VJQ0FnTUNBdF9YQ0VREAE,ChIJM236Ex4Xby4RTTBlx_ZNdoU,Bebek rempah Mbah sardjo,Kuningan,Kuliner,5,"Menu rempahnya enak banget.. 3 hari stay di kuningan yaa 3 hari jg makan di bebek rempah mbah sardjo, daging ayam maupun bebek lembut banget",2025-02-05T09:44:30.850Z,Nurul Fauziah,118063625238099497694,False,0,id,2026-05-04T16:55:05.321414
ChZDSUhNMG9nS0VJQ0FnSUNfcUp5dmJBEAE,ChIJM236Ex4Xby4RTTBlx_ZNdoU,Bebek rempah Mbah sardjo,Kuningan,Kuliner,5,"Pertama kali ke kuningan. Mampir lunch di bebek rempah Mbah sardjo.. mantap tidak mengecewakan. Pelayan ramah, bebeknya empuk bumbu meresap, ada musola, luas, ada ruang meeting juga..sukses terus bebek rempah mbah sardjo..",2025-01-12T10:29:11.119Z,Ivana Fabiane,113109566877803258773,False,0,id,2026-05-04T16:55:05.321430
ChZDSUhNMG9nS0VJQ0FnSURmaGVuaktnEAE,ChIJM236Ex4Xby4RTTBlx_ZNdoU,Bebek rempah Mbah sardjo,Kuningan,Kuliner,5,"Ayam rempahnya enak, recomended bagi yang suka rempah. Nasi dan sambal free flow kalau makan di tempat. Suasananya nyaman, cocok untuk makan bersama keluarga atau rapat.",2025-01-08T11:54:49.993Z,Difla Elmillah,108063364383707872224,True,0,id,2026-05-04T16:55:05.321445
ChZDSUhNMG9nS0VJQ0FnSUNmXzd1bGRBEAE,ChIJM236Ex4Xby4RTTBlx_ZNdoU,Bebek rempah Mbah sardjo,Kuningan,Kuliner,1,"Tidak di rekomendasikan, makanan yang di pesan salah oelayan malah menyalahkan satu sama lain dan tidak ada pengantian. Tempat nya panas gak nyaman.",2025-01-03T06:15:08.702Z,Pora Pitalusy,114463680780949651793,False,0,id,2026-05-04T16:55:05.321479
ChdDSUhNMG9nS0VJQ0FnSUNmaV9EVTJRRRAB,ChIJM236Ex4Xby4RTTBlx_ZNdoU,Bebek rempah Mbah sardjo,Kuningan,Kuliner,5,"Menu bebeknya enak empuk ,ga amis, dan makannya ga btuh effort krna ditarik sedikit mudah terlepas antara daging dengan tulangnya, bener bener boros nasi banget saking enaknya 😄 ,tempatnya nyaman dan bersih👍👍👍",2025-01-01T13:44:52.891Z,MOHAMAD MUTA'ALI NURFAZRI (ZRY),114465904549692378167,False,0,id,2026-05-04T16:55:05.321489
ChdDSUhNMG9nS0VJQ0FnSUR2ejh1QTlRRRAB,ChIJM236Ex4Xby4RTTBlx_ZNdoU,Bebek rempah Mbah sardjo,Kuningan,Kuliner,5,"Ayam sama bebeknya enak empuk, sambelnya banyak, nasinya bebas refill mantap dan kenyang pokoknya..",2024-12-25T09:05:10.720Z,apikal apik banyak akal,108894838579706712690,False,0,id,2026-05-04T16:55:05.321498
ChdDSUhNMG9nS0VJQ0FnSUR2ZzZiNnJRRRAB,ChIJM236Ex4Xby4RTTBlx_ZNdoU,Bebek rempah Mbah sardjo,Kuningan,Kuliner,5,Bebeknya enak bumbunya dan empuk. Puas makan di sini. Terong crispy renyah dan juicy. 👍,2024-12-23T11:40:09.494Z,Erli,114744235962496364243,False,0,id,2026-05-04T16:55:05.321508
ChdDSUhNMG9nS0VJQ0FnSUR2eGJUMmdnRRAB,ChIJM236Ex4Xby4RTTBlx_ZNdoU,Bebek rempah Mbah sardjo,Kuningan,Kuliner,5,Bebek gorengnya mantap,2024-12-22T06:56:26.349Z,Hendri Sasongko,103957287858347582298,True,0,id,2026-05-04T16:55:05.321517
ChZDSUhNMG9nS0VJQ0FnSUN2My1QMGRBEAE,ChIJM236Ex4Xby4RTTBlx_ZNdoU,Bebek rempah Mbah sardjo,Kuningan,Kuliner,5,"Tidak dokumentasi karena tampilan makanannya terlihat biasa saja tapi saat di coba rasanya enak dan berasa bumbunya hanya dagingnya kurang empuk saja kalau lebih empuk lebih juara.. Ada 3 kondimen tambahan yaitu sambal bawang (enak pedas), sambal hijau (agak terlalu asin), bumbu hitam (ini nih yg bahaya).. Bumbu hitam nya saya bilang bahaya karena bikin nambah nasi berkali2.. Bahaya banget kan..",2024-12-16T07:33:26.825Z,Javanu Pujiharto,115877485327411686452,True,0,id,2026-05-04T16:55:05.321527
ChdDSUhNMG9nS0VJQ0FnSUN2OWFfS3h3RRAB,ChIJM236Ex4Xby4RTTBlx_ZNdoU,Bebek rempah Mbah sardjo,Kuningan,Kuliner,5,"Cs nya ramah,.
Suasana menyenangkan",2024-12-13T11:23:40.184Z,Dewi Puspitasari,115112996505098812155,True,0,id,2026-05-04T16:55:05.321538
ChZDSUhNMG9nS0VJQ0FnSUN2OExUbWFnEAE,ChIJM236Ex4Xby4RTTBlx_ZNdoU,Bebek rempah Mbah sardjo,Kuningan,Kuliner,5,"That fried duck was amazing! So tender and juicy, and they didn't skimp on the spices—that really brought out the flavor. Plus, you can refill the rice and veggies. And those black spices and sambals were delicious.",2024-12-07T10:39:05.326Z,あさみ勇気,107729432231901456783,True,0,en,2026-05-04T16:55:05.321547
ChdDSUhNMG9nS0VJQ0FnSURQcGJmb3FBRRAB,ChIJM236Ex4Xby4RTTBlx_ZNdoU,Bebek rempah Mbah sardjo,Kuningan,Kuliner,5,"1. Ayam Bakar Rica-rica nya terlalu gosong
2. Jus sirsak dalam botol pas di buka meledak, mengotori baju & meja.",2024-12-04T06:41:09.275Z,yahya nurhasan,111884151709782885762,False,0,id,2026-05-04T16:55:05.321556
ChZDSUhNMG9nS0VQSFZodFNDdWVXNFBREAE,ChIJc0eofSwVby4RjFO-KnMwcz8,Kedai Artha,Kuningan,Kuliner,5,Asakanua enak lho silakan berkunjung ya...by ojol kuningan,2025-05-11T23:13:09.698Z,Ary Masluhi,101331727071337363685,True,0,id,2026-05-04T16:55:05.321606
ChZDSUhNMG9nS0VJQ0FnTURJd3VHYlNREAE,ChIJc0eofSwVby4RjFO-KnMwcz8,Kedai Artha,Kuningan,Kuliner,5,"resto nya nyaman, pelayan nya ramah2 dna yg paling penting makanan nya enak2 semua 😍",2025-04-08T09:19:33.239Z,Juli Andri Yani,105406685105349643762,True,0,id,2026-05-04T16:55:05.321615
ChZDSUhNMG9nS0VJQ0FnSURNc3NqNEdnEAE,ChIJc0eofSwVby4RjFO-KnMwcz8,Kedai Artha,Kuningan,Kuliner,4,"Banyak menu, enak tempat nyaman",2025-01-04T11:07:16.952Z,nenk710,117645616184898662117,True,0,id,2026-05-04T16:55:05.321639
ChZDSUhNMG9nS0VJQ0FnSUN3a1ptcUxREAE,ChIJc0eofSwVby4RjFO-KnMwcz8,Kedai Artha,Kuningan,Kuliner,5,"Pengalaman saya di tempat ini cukup bervariasi. Awalnya, makanan di sini enak, lalu sempat menurun, tapi sekarang kualitasnya benar-benar meningkat pesat—enak banget! Sop iga yang mereka sajikan menjadi favorit saya dan anak saya, rasanya benar-benar memuaskan. Namun, saya perhatikan tempat ini sering sepi pengunjung, mungkin karena kalah bersaing dengan tempat lain yang lebih mengutamakan suasana.

Meski begitu, jika Anda mencari tempat dengan makanan yang lezat, saya sangat merekomendasikan tempat ini. Semoga mereka bisa terus mempertahankan kualitasnya, karena sayang sekali jika tempat sebagus ini tidak mendapatkan apresiasi yang layak dari para pengunjung.",2024-08-28T08:13:48.895Z,Iwan Setiawan Dasuki,114931077459742190885,True,0,id,2026-05-04T16:55:05.321662
ChdDSUhNMG9nS0VJQ0FnSUQ3c19UUnR3RRAB,ChIJc0eofSwVby4RjFO-KnMwcz8,Kedai Artha,Kuningan,Kuliner,4,"Kesini sore sekitar jam 4 kurang lebih. Semua makanan enak, cuma pas pesan nasi taliwang kampung ada nasi yang keras banget ga bisa dimakan, mungkin sekitar satu sendok. Lain kali di perhatikan lagi, untuk saya yang lagi lapar ada nasi kek gitu jadi males buat balik lagi ke sana. Maaf ya kak, di evaluasi lagi🙏",2024-08-28T08:05:41.719Z,Toko AD prb Gan,118074106066090943578,True,0,id,2026-05-04T16:55:05.321672
ChdDSUhNMG9nS0VJQ0FnSUNid0pHbzBBRRAB,ChIJc0eofSwVby4RjFO-KnMwcz8,Kedai Artha,Kuningan,Kuliner,4,"Pas kesini hari Sabtu sore menjelang Maghrib 20 Juli 2024.
Sebenarnya kesini tuh mau nyobain nasi setan saja, karena dari foto terlihat menarik untuk di coba. Pas nyoba ternyata biasa saja, gak ada yang spesial. Malah menurut saya keasinan karena nasinya digoreng menggunakan bumbu dan kuah setan nya terlalu asin sampai ma'af eneg dan terasa dikepala. Yang lain menurut lidah saya rasanya sangat standard.
Mohon dievaluasi lagi, karena rasanya beda dari yang dulu.
Semoga nantinya nambah ramai.
Soalnya dulu kalau kesini selalu ramai, tapi pas terkahir kesini beda.",2024-07-22T03:02:40.329Z,Kuyong & Medon,106417672984220144579,True,0,id,2026-05-04T16:55:05.321683
ChdDSUhNMG9nS0VJQ0FnSURULUlQTW93RRAB,ChIJc0eofSwVby4RjFO-KnMwcz8,Kedai Artha,Kuningan,Kuliner,5,"Tempatnya cozy dan luas , makanan minumannya enak , harganya affordable.",2024-05-22T12:04:38.477Z,Denisa Aprillia,102684092517976404542,True,1,id,2026-05-04T16:55:05.321712
ChZDSUhNMG9nS0VJQ0FnSURqaHRpUFRREAE,ChIJc0eofSwVby4RjFO-KnMwcz8,Kedai Artha,Kuningan,Kuliner,5,Tempat yang nyaman bareng kumpul keluarga dengan berbagai menu hidangan juga harga bersahabat,2024-05-02T11:02:44.877Z,Agus Setiawan,105252100294186632170,True,0,id,2026-05-04T16:55:05.321734
ChdDSUhNMG9nS0VJQ0FnSUREbGRiWDBBRRAB,ChIJc0eofSwVby4RjFO-KnMwcz8,Kedai Artha,Kuningan,Kuliner,2,"Untuk cafe minuman dengan harga 21rb dan cuma di cup plastik gini terlalu -...😂
Spaghetti nya blm terlalu matang dan pas nyampe berantakan banget platting itu difoto udh aku lap pake tisu",2024-04-12T10:17:37.187Z,Khaisa Chuu,102550781644942542201,False,2,id,2026-05-04T16:55:05.321743
ChdDSUhNMG9nS0VJQ0FnSUNEOXBULTBRRRAB,ChIJc0eofSwVby4RjFO-KnMwcz8,Kedai Artha,Kuningan,Kuliner,3,"makanannya lumayan enak dan bervariasi, pelayanan kurang masak lama banget",2024-03-28T05:05:10.990Z,Septian Setia Cahya Purnama,109804538474706600445,True,0,id,2026-05-04T16:55:05.321765
ChdDSUhNMG9nS0VJQ0FnSUNEaHJEQnFnRRAB,ChIJc0eofSwVby4RjFO-KnMwcz8,Kedai Artha,Kuningan,Kuliner,1,"Lama sekali, saya dan teman-teman saya bukber sampai isya makanannya belum datang semua, padahal waktu reservasi udah bilang kami datang jam 5 sore. Ga sekalian datang waktu sahur aja?",2024-03-27T12:17:37.134Z,Rahma Nururrofiqoh,108596636171656137549,False,0,id,2026-05-04T16:55:05.321773
ChdDSUhNMG9nS0VJQ0FnSUNEaHNEQ2xnRRAB,ChIJc0eofSwVby4RjFO-KnMwcz8,Kedai Artha,Kuningan,Kuliner,1,"terlalu lama menunggu, pesan untuk berbuka puasa sampai saat adzan isya bln datang juga",2024-03-27T12:12:16.459Z,mochamad fachri,112699503467783936615,False,0,id,2026-05-04T16:55:05.321781
ChZDSUhNMG9nS0VJQ0FnSUQ5bGVqZmZ3EAE,ChIJc0eofSwVby4RjFO-KnMwcz8,Kedai Artha,Kuningan,Kuliner,5,"Tempatnya cocok buat familyable, makanannya juga enak. Pas kesana lagi sepi jadi bebas buat foto2 😋",2024-03-19T08:45:43.163Z,Nia,114835506061176704164,True,1,id,2026-05-04T16:55:05.321790
ChZDSUhNMG9nS0VJQ0FnSURJMVo2blhnEAE,ChIJc0eofSwVby4RjFO-KnMwcz8,Kedai Artha,Kuningan,Kuliner,5,"Menu lengkap dan rasa enak. Harga bersahabat 👍 tempat instagramable. Buat yg suka mengabadikan momen2 serunya, pas banget. Setiap spot nya berbeda latar belakang. Keren",2024-03-12T08:42:44.804Z,sri mulyani,102285275606082810254,False,0,id,2026-05-04T16:55:05.321799
ChZDSUhNMG9nS0VJQ0FnSUM5MnVudWVnEAE,ChIJc0eofSwVby4RjFO-KnMwcz8,Kedai Artha,Kuningan,Kuliner,4,Sangat puas pelayanan nya gercep  next dtng lg,2024-03-04T13:05:24.454Z,Ade Evi,113432902250484285870,True,0,id,2026-05-04T16:55:05.321816
ChZDSUhNMG9nS0VJQ0FnSUN0LUxMR2VREAE,ChIJc0eofSwVby4RjFO-KnMwcz8,Kedai Artha,Kuningan,Kuliner,1,Dulu makanan nya paling enak di antara Resto yg lain .Sekarang berbalik .Makanan nya paling Tidak enak .,2024-01-28T21:45:32.631Z,Fiqri Rojjaq,113668536803412051611,True,0,id,2026-05-04T16:55:05.321825
ChZDSUhNMG9nS0VJQ0FnSUQxd3ZuSlFREAE,ChIJc0eofSwVby4RjFO-KnMwcz8,Kedai Artha,Kuningan,Kuliner,5,Kurang ikan aja nih disini kalau ada menu ikan pasti lebih mantap,2024-01-06T03:16:12.627Z,Elskiez Vazcez,113185691561729177182,False,0,id,2026-05-04T16:55:05.321833
ChZDSUhNMG9nS0VJQ0FnSUNadE9fYkRnEAE,ChIJc0eofSwVby4RjFO-KnMwcz8,Kedai Artha,Kuningan,Kuliner,5,"Tempat santai,,,dari saya pacaran sama istri bahkan sampai sekarang tempat ini sll jd pilihan.",2023-09-05T09:33:45.050Z,YOSI ANAK DESA,103957279698848516776,True,0,id,2026-05-04T16:55:05.321855
ChdDSUhNMG9nS0VJQ0FnSUNBbGVuS3V3RRAB,ChIJc0eofSwVby4RjFO-KnMwcz8,Kedai Artha,Kuningan,Kuliner,5,BERADA DI KUNINGAN KOTA JAWA BARAT,2023-08-11T17:47:35.011Z,Annisa Indriati,111886664095384156436,True,0,id,2026-05-04T16:55:05.321869
ChdDSUhNMG9nS0VJQ0FnSUNhbGFfVzZnRRAB,ChIJc0eofSwVby4RjFO-KnMwcz8,Kedai Artha,Kuningan,Kuliner,4,Tempat ini bersejarah tentang perjalanan cinta 😂,2023-07-23T12:41:12.831Z,Darwis Ciriwis,102024285207642854235,True,2,id,2026-05-04T16:55:05.321891
ChdDSUhNMG9nS0VPZWw1cVdSeUpxMHFnRRAB,ChIJ7aPuFgAVby4RslhLp4SoClA,TERAS NAWIR,Kuningan,Kuliner,5,"Mantap, delicius",2025-05-12T04:00:27.813Z,imas sulastri,109934830971710632713,False,0,id,2026-05-04T16:55:05.321934
ChdDSUhNMG9nS0VJbXYtZVRJN3JlRmx3RRAB,ChIJ7aPuFgAVby4RslhLp4SoClA,TERAS NAWIR,Kuningan,Kuliner,5,"Walaupun tempatnya di teras.. tp tetep berkelas masyaAllah...

HARGA KAKI LIMA, RASA BINTANG LIMA 🩷🩷🔥🔥

Berkahh dan Sukses slalu teras Nawir",2025-05-12T03:20:16.716Z,nida hanifah,114175944510300794558,False,0,id,2026-05-04T16:55:05.321942
Ci9DQUlRQUNvZENodHljRjlvT2paWFYzTktaMFJrTTNseGN6VlVNMUJ4U1VKSldFRRAB,ChIJIx2cH84Vby4RWKoRzrJICeU,Teras Hilwah,Kuningan,Kuliner,5,"Nasi, mie dan cemilannya enak2 semua, sudah nyobain nasi jeruk katsu, mie kari katsu, roti maryam coklat, roti maryam keju, pangsit dower, tahu bakso, lumpia kuah cuko tp tdk boros di kantong, nyobain menu sebanyak itu hanya dibawah 100ribu, worth it banget pokoknya mh, rasanya jg ga ada yg gagal, enak2 semua, masuk.semua dilidah, tempatnya dkt dr rumah cm tdk bisa makan ditempat, hnya delivery order tp pelayanannya lmyn cpt, fast respon...",2025-10-07T10:15:09.797Z,Siti Fajariyah,108986734342660449915,True,0,id,2026-05-04T16:55:05.321960
ChZDSUhNMG9nS0VJQ0FnSURHbHV6aEtBEAE,ChIJc0eofSwVby4RjFO-KnMwcz8,Kedai Artha,Kuningan,Kuliner,5,"Menu dan hrg standar, asyik buat kongkow. Cepat dan ramah",2023-06-18T23:09:46.996Z,Nano Marjono,111334993666938673380,True,0,id,2026-05-04T16:55:05.321988
ChZDSUhNMG9nS0VJQ0FnSUN4cE11dkV3EAE,ChIJc0eofSwVby4RjFO-KnMwcz8,Kedai Artha,Kuningan,Kuliner,5,"Tempat nyaman, karyawan ramah dan in syaa Allah taat ibadah 🙂",2023-05-11T00:10:29.766Z,Amin Nuryamin,107406859283507546370,True,0,id,2026-05-04T16:55:05.322011
ChZDSUhNMG9nS0VJQ0FnSURSNXZuVE1REAE,ChIJc0eofSwVby4RjFO-KnMwcz8,Kedai Artha,Kuningan,Kuliner,1,"Pelayanan sangat lama, harus menunggu 1 jam lebih untuk datang makanannya . Sangat mengecewakan tolong diperbaiki untuk pelayanannya.",2023-04-24T12:37:27.490Z,Yoga Nugrahaa,112270150643999717381,False,0,id,2026-05-04T16:55:05.322027
ChZDSUhNMG9nS0VJQ0FnSUNSMjd6Z0dnEAE,ChIJc0eofSwVby4RjFO-KnMwcz8,Kedai Artha,Kuningan,Kuliner,1,"Pelayanan lama, sudah 2 jam makanan belum datang, padahal lagi puasa, minum pun belum di kasih",2023-04-11T12:03:29.360Z,Sophie Stevenson,105512300266714562505,False,0,id,2026-05-04T16:55:05.322048
ChdDSUhNMG9nS0VJQ0FnSUNSMi16Ny13RRAB,ChIJc0eofSwVby4RjFO-KnMwcz8,Kedai Artha,Kuningan,Kuliner,1,"Pelayanan lama, udah 2 jam makanan dan minuman ga dateng padahal lagi puasa. Order dari jam 5 sampe jam 18.59 belum dateng apapun.",2023-04-11T12:00:36.441Z,Fany Meilynda,113926276773062847560,False,0,id,2026-05-04T16:55:05.322074
ChdDSUhNMG9nS0VJQ0FnSURTbzdMaDhBRRAB,ChIJA6xfwhIXby4Rgx2wTnexv9M,Warung Bakso & Sop Dengkil Pak H.M. Jamaha,Kuningan,Kuliner,5,"Pokok nya maksyus
Rasa juara",2026-05-04T01:58:04.005Z,tomy clisiawan,109236375962238281230,True,0,id,2026-05-04T16:55:05.322085
Ci9DQUlRQUNvZENodHljRjlvT21OUGRHWlhhR1poY2kxQ05YRXdUbU50VUVOb0xVRRAB,ChIJA6xfwhIXby4Rgx2wTnexv9M,Warung Bakso & Sop Dengkil Pak H.M. Jamaha,Kuningan,Kuliner,5,"Kalo pulang ke kuningan pasti selalu menyempatkan makan disini, sop dengkilnya juaraaaaaaa, harga relatif terjangkau, isiannya enggak pelit, kuahnya light tpi tetep ngaldu , pedes mericanya pas jadi cocok juga untuk anak kecil.

Pelayanannya juga cepat. Tempat makannya bersih.
Bisa jadi alternatif kuliner selain hucap dan bakso bakso yang ada di kuningan.",2026-03-24T13:11:04.104Z,dinni fauziyyah,108760761057393303430,True,0,id,2026-05-04T16:55:05.322135
Ci9DQUlRQUNvZENodHljRjlvT21wbFJUbFpPVmxqZGxjeWNsZHhaWFJ5T0hKWFozYxAB,ChIJA6xfwhIXby4Rgx2wTnexv9M,Warung Bakso & Sop Dengkil Pak H.M. Jamaha,Kuningan,Kuliner,5,"Paporit.
Per kikilan duniawi, bakso, kopi aceh.
Enak enak",2026-03-24T00:41:10.577Z,DS Oktavianto,100658513583221295777,True,0,id,2026-05-04T16:55:05.322144
Ci9DQUlRQUNvZENodHljRjlvT2pWTE5FNW5ZbkZuU2s1MFJWZG5UVmR2U0dNdFEzYxAB,ChIJA6xfwhIXby4Rgx2wTnexv9M,Warung Bakso & Sop Dengkil Pak H.M. Jamaha,Kuningan,Kuliner,4,"hidangan lezat, harga affordable, porsi aman nggak terlalu banyak",2026-02-08T06:56:26.737Z,Ginanjar,116846136039021313865,True,0,id,2026-05-04T16:55:05.322182
Ci9DQUlRQUNvZENodHljRjlvT21vM1RFVkxVRXhKVlRkWlpFVm5RWEJ0ZFVOVFJIYxAB,ChIJA6xfwhIXby4Rgx2wTnexv9M,Warung Bakso & Sop Dengkil Pak H.M. Jamaha,Kuningan,Kuliner,5,"ENAK ENAK BANGETT MAKANAN YAA, TIAP MUDIK SELALU KESINI, LANGGANAN EHEKK, TEMPATNYA NOT BAD, TAPI ENAK BGTT, WAJIB COBA MAKANANYAA, MANA MURAH🤍🤍",2026-01-19T15:25:30.520Z,Narayeyie_,111688558136060323805,True,0,id,2026-05-04T16:55:05.322201
Ci9DQUlRQUNvZENodHljRjlvT2pKM09VRkdhM0p0YkZwWE5sZERlVmRvT1VKUFJsRRAB,ChIJA6xfwhIXby4Rgx2wTnexv9M,Warung Bakso & Sop Dengkil Pak H.M. Jamaha,Kuningan,Kuliner,5,"Terbaik di kuningan, dibanding resto yg lain ini yg ter debest",2025-12-15T05:51:35.032Z,Satria Wijayanto,104158978149058105654,True,0,id,2026-05-04T16:55:05.322228
Ci9DQUlRQUNvZENodHljRjlvT2sxd04weFBkek56TjBWdloxY3RhSEUxVEhkcGIwRRAB,ChIJA6xfwhIXby4Rgx2wTnexv9M,Warung Bakso & Sop Dengkil Pak H.M. Jamaha,Kuningan,Kuliner,5,"Selain menunya enak2, ada oleh2 telur asin jg, joss lah pokoke",2025-12-10T16:55:01.412Z,dwi cahyanto,103427768672481910215,False,0,id,2026-05-04T16:55:05.322237
Ci9DQUlRQUNvZENodHljRjlvT2paSE0wUm5kMHBsWDFOZmRVTlFYM1F6YkhSc2JGRRAB,ChIJA6xfwhIXby4Rgx2wTnexv9M,Warung Bakso & Sop Dengkil Pak H.M. Jamaha,Kuningan,Kuliner,5,Baksonya juara gak ada lawan,2025-11-12T05:10:13.260Z,Ndriani Netha,115569494043238417641,True,0,id,2026-05-04T16:55:05.322253
Ci9DQUlRQUNvZENodHljRjlvT2poTGIxWjNZMWhTZEcxaFZUWmFURmMxVVU1eWJVRRAB,ChIJA6xfwhIXby4Rgx2wTnexv9M,Warung Bakso & Sop Dengkil Pak H.M. Jamaha,Kuningan,Kuliner,5,"Mantep baso dr th 1980an sampe skr rasanya ga berubah, tetap enak",2025-10-26T07:40:01.772Z,Bundana Mom & Baby Care - Baby SPA,117496265622018153852,False,0,id,2026-05-04T16:55:05.322286
Ci9DQUlRQUNvZENodHljRjlvT2pOMVRtbGtiMmxIU0Vkc2NrVm9UR2hrVkVKR1NGRRAB,ChIJA6xfwhIXby4Rgx2wTnexv9M,Warung Bakso & Sop Dengkil Pak H.M. Jamaha,Kuningan,Kuliner,5,Sop dan bakso yang tiada duanya,2025-10-09T11:17:45.010Z,mukti rhamdan,107697416624592002566,True,0,id,2026-05-04T16:55:05.322309
Ci9DQUlRQUNvZENodHljRjlvT2tkbFYxQlJhR000UmpjMGJHOTFZVXRHZDFVMloyYxAB,ChIJA6xfwhIXby4Rgx2wTnexv9M,Warung Bakso & Sop Dengkil Pak H.M. Jamaha,Kuningan,Kuliner,5,"Rumah makan Sop Sapi dan Bakso legend di Kuningan.
Rekomendasi",2025-10-08T07:57:01.848Z,Bekam Akhwat,114688090563986963390,True,0,id,2026-05-04T16:55:05.322317
Ci9DQUlRQUNvZENodHljRjlvT20xdWJGcHBkemx3YUdoS1YzUlBOV2xMV2poUVJVRRAB,ChIJA6xfwhIXby4Rgx2wTnexv9M,Warung Bakso & Sop Dengkil Pak H.M. Jamaha,Kuningan,Kuliner,5,"Salah satu rumah makan/tempat kuliner LEGEND di Kab Kuningan... Dl blm lengkap rasanya kl mudik ke Kng kl g ngeSop Sapi disana.
Sangat REKOMENDASI",2025-10-08T07:55:29.312Z,Rumah Bekam,117656152099078336405,False,0,id,2026-05-04T16:55:05.322326
ChdDSUhNMG9nS0VJQ0FnSUR5aDdxcDVnRRAB,ChIJA6xfwhIXby4Rgx2wTnexv9M,Warung Bakso & Sop Dengkil Pak H.M. Jamaha,Kuningan,Kuliner,5,Sop kepala kambingnya mantul,2025-10-01T10:27:56.669Z,M. Sofwan,112924633151867368097,True,0,id,2026-05-04T16:55:05.322335
Ci9DQUlRQUNvZENodHljRjlvT25ScmNUSlhMWFZDWlVoeFRFZEViRkJ4U1U1WU4zYxAB,ChIJA6xfwhIXby4Rgx2wTnexv9M,Warung Bakso & Sop Dengkil Pak H.M. Jamaha,Kuningan,Kuliner,5,"Kalo ke kuningan, wajib bgt makan disini, sop dengkil nya enaaaak, seger banget, kuahnya kaldu banget👍 wajib cobain sih ini. Pelayanannya juga oke bgt, ramah dab sat set👍👍👍",2025-09-23T15:55:27.813Z,Eka Indah,118197612432844068300,True,0,id,2026-05-04T16:55:05.322351
Ci9DQUlRQUNvZENodHljRjlvT201aVdtWlNMVFIwWDBsQk9GRTRSekkwYW5weGJtYxAB,ChIJA6xfwhIXby4Rgx2wTnexv9M,Warung Bakso & Sop Dengkil Pak H.M. Jamaha,Kuningan,Kuliner,5,"Salah satu bakso legend, baksonya Masha Allah enak. Gk alot, pas digigit teksturnya gk ngelawan, lembut.
Selain bakso msh ada pilihan menu makanan berat lainnya dan enak minuman.

Waktu itu pesen baksonya aja yg kecil² dan jeruk hangat.",2025-09-02T14:07:18.296Z,Leni Nurahmi,115528930159756078643,True,0,id,2026-05-04T16:55:05.322368
Ci9DQUlRQUNvZENodHljRjlvT2w5Q1RtdzBSakpvZW5aS2VrMDBabFY0VEc1c2JGRRAB,ChIJA6xfwhIXby4Rgx2wTnexv9M,Warung Bakso & Sop Dengkil Pak H.M. Jamaha,Kuningan,Kuliner,5,"Klo lg ke Kuningan pasti mampir ke sini krn mau makan sop dengkil sapinya. Sop dengkilnya enak banget lembut, banyak, kuah sopnya gurih. Makan di atas pemandangannya lihat sawah. Sederhana tapi nikmat.",2025-08-29T16:41:47.302Z,Lucky Ariestya,117657113960189207772,True,0,id,2026-05-04T16:55:05.322376
Ci9DQUlRQUNvZENodHljRjlvT2paVVZpMUdhVFZUYlVoTFlVNVRhRkJLVm1weVlWRRAB,ChIJA6xfwhIXby4Rgx2wTnexv9M,Warung Bakso & Sop Dengkil Pak H.M. Jamaha,Kuningan,Kuliner,5,Luar biasa sop dengkil kambing nya,2025-08-03T05:33:14.106Z,Achmad Setiawan,106662569568179237422,True,0,ms,2026-05-04T16:55:05.322414
Ci9DQUlRQUNvZENodHljRjlvT2preFFUaFJiRm96Um5wcGQyUnVVbkowWWtoUGFuYxAB,ChIJA6xfwhIXby4Rgx2wTnexv9M,Warung Bakso & Sop Dengkil Pak H.M. Jamaha,Kuningan,Kuliner,5,"Sebagai pecinta bakso dan kikil, cita rasanya lumayan enak.
Parkir lumayan luas. Tersedia mushola dan toilet. Lokasinya persis di pinggir jalan utama.",2025-07-20T05:37:21.313Z,Kuwat Slamet,105069859059041380130,True,0,id,2026-05-04T16:55:05.322423
Ci9DQUlRQUNvZENodHljRjlvT2xJMGQwaHRkREF3Y1ZGME5rTm5VV3hRV21sVk5HYxAB,ChIJA6xfwhIXby4Rgx2wTnexv9M,Warung Bakso & Sop Dengkil Pak H.M. Jamaha,Kuningan,Kuliner,5,"Sop dengkil kambing dan sapinya enak. Bukan yg macem2, simple dan enak. Cuma yg sapi terlalu asin. Kopi Aceh nya pun mantab. Pelayanan cepat dan ramah.",2025-07-06T13:58:58.008Z,Yudan Sugiharto,106288794767623412147,True,0,id,2026-05-04T16:55:05.322446
ChdDSUhNMG9nS0VMYlEtcU9ydU9PZDVBRRAB,ChIJA6xfwhIXby4Rgx2wTnexv9M,Warung Bakso & Sop Dengkil Pak H.M. Jamaha,Kuningan,Kuliner,4,Balik gowes kami makan di sini,2025-06-01T01:37:58.692Z,Samuel Zeno,106388027746081314296,True,0,id,2026-05-04T16:55:05.322456
ChZDSUhNMG9nS0VPTGozNWFhdE02bWNnEAE,ChIJA6xfwhIXby4Rgx2wTnexv9M,Warung Bakso & Sop Dengkil Pak H.M. Jamaha,Kuningan,Kuliner,4,Dengkilnya enak,2025-05-10T04:29:06.402Z,Hendra Agus Diana,100747830419420310126,True,0,id,2026-05-04T16:55:05.322482
ChdDSUhNMG9nS0VJQ0FnTUNZNk5tN3hRRRAB,ChIJA6xfwhIXby4Rgx2wTnexv9M,Warung Bakso & Sop Dengkil Pak H.M. Jamaha,Kuningan,Kuliner,5,makanan nya enak semua bikin nagih,2025-04-30T22:56:58.089Z,olivia winduhaji2,115096330480495856203,False,0,id,2026-05-04T16:55:05.322492
Ci9DQUlRQUNvZENodHljRjlvT2pOb1IxbHNVRFZNYW01aFRrdDJTbk54UmxCVFMyYxAB,ChIJV5Z-nDgXby4RdP3S64tfVUA,Arunika Eatery,Kuningan,Kuliner,5,"Puas bgt., makan di Joglo rasanya enak² semua, dsini gak ada yg gak enak 😍",2026-05-04T13:39:28.068Z,diny khaerunnisa,109017830788522468420,False,0,id,2026-05-04T16:55:05.322532
Ci9DQUlRQUNvZENodHljRjlvT21aak5taGhZMmhxVm1ScmRtazNYeTFQYW5ONlgwRRAB,ChIJV5Z-nDgXby4RdP3S64tfVUA,Arunika Eatery,Kuningan,Kuliner,4,"Makanan nya cukup banyak pilihan.
saya dan teman saya pesan makanan : Steak ayam, ramen, caesar salad, sushi california roll, cappucino dan vietnam kopi dan ada dessert lupa namanya :)

wlwpun interior sangat jepang , hanya saja recomend makanan mnrt saya adalah steak dan caesar salad.

vietnam kopi cukup enak
cappucino biasa aja
ramen nya biasa saja

untuk pelayanan bisa di upgrade.
karena para waitress susah sekali , saat saya panggil untuk menanyakan pesanan.
dan pesanan juga sangat lama di proses atau sampai ke meja customer.

untuk pemandangan sangat menyenangkan.",2026-05-04T03:05:19.519Z,vira ganitry Harahap,109162868873229978968,False,0,id,2026-05-04T16:55:05.322552
Ci9DQUlRQUNvZENodHljRjlvT2s1SWRWOW5ZMDVXTXpFMlZXRlhaRTlXWkZreWQxRRAB,ChIJV5Z-nDgXby4RdP3S64tfVUA,Arunika Eatery,Kuningan,Kuliner,5,"Wonderful place with natural vibes around. Savoring tbe aroma of freshly brewed coffee and the tranquility of this place ♥️
Finding the difference atmosphere with others.
Words cannot express how Arunika Eatery gives us the new experience ♥️♥️",2026-05-03T14:31:25.819Z,Louise Mersenne,112518630889822697160,True,0,en,2026-05-04T16:55:05.322560
Ci9DQUlRQUNvZENodHljRjlvT214clFVRTFVSFpPTTBreExUVk5RM2RZVGtwVFJuYxAB,ChIJV5Z-nDgXby4RdP3S64tfVUA,Arunika Eatery,Kuningan,Kuliner,5,"Tempat mantap, hiling",2026-05-03T03:05:06.434Z,AKBAR AIDUL POETRA,116283348758505239653,True,0,id,2026-05-04T16:55:05.322570
Ci9DQUlRQUNvZENodHljRjlvT2twUWVYQmZVbll0ZUhaa2NtNVhkMlZ3U2xFdFpuYxAB,ChIJV5Z-nDgXby4RdP3S64tfVUA,Arunika Eatery,Kuningan,Kuliner,5,"Tempat Hang out yg keren pemandangan dan suasana kafenya, rekomendasi sekali deh",2026-05-02T23:49:02.800Z,ranto surapraja,100265134414800485020,True,0,id,2026-05-04T16:55:05.322578
Ci9DQUlRQUNvZENodHljRjlvT2pRMU0zb3pUa0oxV1RoUGJYWlhZV2hFVkdkVVVsRRAB,ChIJV5Z-nDgXby4RdP3S64tfVUA,Arunika Eatery,Kuningan,Kuliner,1,eh tolong ya ini di evaluasi lagi pelayanan nya masa kalau hujan gak di terima pesanannya???? ya minimal perbanyak indoor nya dong sama aja kayak nolak rezeki. kecewa banget.,2026-05-02T06:27:20.573Z,shimzjovie e,100458922013219391680,False,0,id,2026-05-04T16:55:05.322593
Ci9DQUlRQUNvZENodHljRjlvT2tWQmRYVlZjVEZ1UWpBeGIzcGhVVUpPVDBOb2IwRRAB,ChIJV5Z-nDgXby4RdP3S64tfVUA,Arunika Eatery,Kuningan,Kuliner,1,"service kurang, ngantri banget, ga ada tempat evakuasi, ga jelas. buat management nya tolong evaluasi lagi!!!!! kecewa banget setiap kesini.",2026-05-02T06:23:10.275Z,haruka zs,114033777434869217225,False,0,id,2026-05-04T16:55:05.322602
Ci9DQUlRQUNvZENodHljRjlvT2kwek1qVTFialZUUzBnNGIwSm9UVzVCT1VaMk5rRRAB,ChIJV5Z-nDgXby4RdP3S64tfVUA,Arunika Eatery,Kuningan,Kuliner,4,"Overall, suasana, layanan dan makanan nya sy suka, kecuali tomyam goong nya, over price jika dibandingkan dengan isi nya yg disajikan.",2026-05-02T04:36:11.399Z,Iman Iman,105443153124423576511,True,0,id,2026-05-04T16:55:05.322626
Ci9DQUlRQUNvZENodHljRjlvT2pWT2IyY3hjSHBQWVUxRlpUWk5OMGQ0VkdWemNWRRAB,ChIJV5Z-nDgXby4RdP3S64tfVUA,Arunika Eatery,Kuningan,Kuliner,5,"Taman dan Restoran bernuansa Jepang....

Kolam koi yang sangat besar, dengan ikan koi jumbo besar sekali....

Bagus sekali di malam hari dengan lampu terang khas Jepang.",2026-05-01T12:25:56.469Z,Hernu Sulistyo,117385234032971341626,True,0,id,2026-05-04T16:55:05.322635
Ci9DQUlRQUNvZENodHljRjlvT25vMlVqQXpPRlJwVlVsaGFsVnVMVW8xVVcxT09IYxAB,ChIJV5Z-nDgXby4RdP3S64tfVUA,Arunika Eatery,Kuningan,Kuliner,5,"Waaahhhh, seruuu dan betah disini... Anak senang, makan enak, tempat luar biasa cozy. Serasa di Jepang heeee",2026-05-01T10:46:51.501Z,Anna F,111897050740596672733,True,0,id,2026-05-04T16:55:05.322644
Ci9DQUlRQUNvZENodHljRjlvT2xoM1UxRlljelF4Y2xCWWVqWlJjRlJsTW5Wd1RsRRAB,ChIJV5Z-nDgXby4RdP3S64tfVUA,Arunika Eatery,Kuningan,Kuliner,5,Bring umbrella and raincoat for better experience. Use comfortable shoes and jacket too,2026-04-30T09:35:04.128Z,Winta Dewi Yudhantari,116469907276213477302,True,0,en,2026-05-04T16:55:05.322662
Ci9DQUlRQUNvZENodHljRjlvT2w5b2R5MUVNVk5LUTA0ellqTmZaWFpzUkRSUFVFRRAB,ChIJV5Z-nDgXby4RdP3S64tfVUA,Arunika Eatery,Kuningan,Kuliner,1,Suasana nya bagus pemandangan nya juga tapi pelayang jutek2 apalagi yang ngelayanin baso di tanya diem bae,2026-04-29T23:43:05.274Z,Siva Fitriyah,103642487628285505973,False,0,id,2026-05-04T16:55:05.322679
Ci9DQUlRQUNvZENodHljRjlvT2s1b2FuSjVURlZQTkRKWFoxWXdlV3d5WVVWaWVrRRAB,ChIJo_ztjwgXby4Rc-ehGSD49tA,Cibiuk Resto Kuningan,Kuningan,Kuliner,5,"Fashum ok. Mushola luas ada mukena. Toilet juga nyaman bersih. Tempat ok banget banyak spot fotonya.

Makanannya enaq tp best seller ikan bakar cibiuknya kurang suka. harga mayan pricey tapi masih bau tanah ikannya. Pengolahannya juga cuma digoreng dan ditaburi bumbu kacang kasar dan kencur. Soal rasa mungkin preference masing² orang. Tapi tidak masuk di lidah jawa timurku.

Btw aku pernah tinggal di bandung ya dan biasa botram or mam bareng² sm ibu² dg menu khas sunda, juga beberapa kali ke resto sunda di tatar sunda tp cocok dg lidah aku. Tp disini kurang cocok mungkin pas masakannya terlalu banyak cikurnya

Oseng cumi dan teri kering (gatau namanya apa) nya enaq cocok buat nasi liwetnya.",2026-04-29T05:54:27.331Z,Macaron,109834114935714794069,True,0,id,2026-05-04T16:55:05.322703
Ci9DQUlRQUNvZENodHljRjlvT21nNGJ6RmtUa3hGTXpCT1JsUXdUbkJWT0hCSlFVRRAB,ChIJo_ztjwgXby4Rc-ehGSD49tA,Cibiuk Resto Kuningan,Kuningan,Kuliner,5,Enak dan adem tapi banyak lalatnya,2026-04-25T07:21:52.790Z,Nasih Ilwani,116694406191445637545,False,0,id,2026-05-04T16:55:05.322733
Ci9DQUlRQUNvZENodHljRjlvT2pCQ1IycDFNRGR4V1RkbFZ6ZEVNMnhOT1d0amVFRRAB,ChIJo_ztjwgXby4Rc-ehGSD49tA,Cibiuk Resto Kuningan,Kuningan,Kuliner,5,"Makanan oke
Pelayanan oke
Kinerja pegawai maksimal
Tempat oke, adem, bersih, tenang, syahdu",2026-04-14T01:32:54.896Z,eka novita j.,104201106544961682105,False,0,id,2026-05-04T16:55:05.322749
Ci9DQUlRQUNvZENodHljRjlvT201Q05GUmpNRVJ4VEVSWWRtbFVSSEJVUjI1MFMwRRAB,ChIJo_ztjwgXby4Rc-ehGSD49tA,Cibiuk Resto Kuningan,Kuningan,Kuliner,5,"Tempatnya enakeun ada tempat makan diatas kolam, makanan juga enak",2026-04-11T12:54:55.013Z,nina Resminingrum,103925814599162362977,True,0,id,2026-05-04T16:55:05.322758
Ci9DQUlRQUNvZENodHljRjlvT25Odk1FNUZTRVU0WXpkdVptZHhTSFZVYUdzM2RWRRAB,ChIJo_ztjwgXby4Rc-ehGSD49tA,Cibiuk Resto Kuningan,Kuningan,Kuliner,3,"Overprice, rasa biasa aja.",2026-04-03T14:56:16.968Z,Andina Ayu,111782324446608973945,True,0,id,2026-05-04T16:55:05.322790
Ci9DQUlRQUNvZENodHljRjlvT2xoNlRUVkJZM0ppYjJSWFRYUktNV1ZRWmxkVGVuYxAB,ChIJo_ztjwgXby4Rc-ehGSD49tA,Cibiuk Resto Kuningan,Kuningan,Kuliner,4,"Baru sekali sih. Pelayanan bagus konsumen datang itu langsung di layani,makanannya enak dan tempatnya asyik
Pertahankan 👍",2026-04-02T05:38:42.544Z,Aa odik,110058907983618875649,True,0,id,2026-05-04T16:55:05.322800
Ci9DQUlRQUNvZENodHljRjlvT25VeVJFeEJaRFJJVGxCUlNtZHZhMEphUTJJdGFXYxAB,ChIJo_ztjwgXby4Rc-ehGSD49tA,Cibiuk Resto Kuningan,Kuningan,Kuliner,1,"Baru mau masuk ke resto udah diusir sama satpamnya, bilang full table. Kan bada waiting list kenapa harus langsung diusir.",2026-03-24T23:43:21.848Z,Taenam,113721724237289414158,False,0,id,2026-05-04T16:55:05.322818
Ci9DQUlRQUNvZENodHljRjlvT2tsVmNUTkpiMGwzTkhCc1Uyb3lhSE5GTlVscU1XYxAB,ChIJo_ztjwgXby4Rc-ehGSD49tA,Cibiuk Resto Kuningan,Kuningan,Kuliner,5,"Mewah banget tempatnya, harga nya juga masih masuk akal. Rasa debes sie. Empal dan sayur asem nya enak.. Nasi liwet nya juga berasa. Vibesnya dapet banget. Keren
Tersedia mushola yg bersih, parkir luas, dan tempat lesehan, kursi meja juga banyak, bersih dan menyenangkan.",2026-03-24T12:44:40.642Z,Ceuceu Ria,102811702281570821231,True,0,id,2026-05-04T16:55:05.322827
Ci9DQUlRQUNvZENodHljRjlvT21OcU1IZENlREJrYjB3dFQzRnBWa1JzZGpaTVIyYxAB,ChIJo_ztjwgXby4Rc-ehGSD49tA,Cibiuk Resto Kuningan,Kuningan,Kuliner,2,Pelayanan yg agak lambat,2026-03-24T10:23:45.224Z,Muhammad Aidil,102897817795963153728,False,0,id,2026-05-04T16:55:05.322838
Ci9DQUlRQUNvZENodHljRjlvT2xkRFFsTmljMk5GVlRWdWVHMVBhMHN3TVZSdFFWRRAB,ChIJo_ztjwgXby4Rc-ehGSD49tA,Cibiuk Resto Kuningan,Kuningan,Kuliner,1,Pelayan buruk pesanan lama pesanan ga lengkap baru pertama kali makan di restoran begini,2026-03-22T22:35:26.383Z,Toko Seragamgrosir,113730830416337035522,False,0,id,2026-05-04T16:55:05.322868
Ci9DQUlRQUNvZENodHljRjlvT2tWYU9YTm1TVTl4WnpreE9WTnNTMGg1ZDNvelJHYxAB,ChIJo_ztjwgXby4Rc-ehGSD49tA,Cibiuk Resto Kuningan,Kuningan,Kuliner,2,nunggunya terlalu lama sampai 1 jam lebih mana datang jam 6.30 pesan makanan jam 6.45 dateng makanan jam 8 mana pas datang sambalnya habis.  tolong perbaiki lagi manajemennya untuk tempatnya oke selain itu no recomended,2026-03-22T13:27:01.911Z,M.hilal Safii,108688620172324849815,False,0,id,2026-05-04T16:55:05.322893
Ci9DQUlRQUNvZENodHljRjlvT2pCaFRVOXBXblpKVlVOVmFFMDJNVGw1V2poTk5VRRAB,ChIJo_ztjwgXby4Rc-ehGSD49tA,Cibiuk Resto Kuningan,Kuningan,Kuliner,4,"Makanan enak, pelayanan lumanyan lama, kang parkir aneh, orng mw makan dn janjian di usir, pdhal kita dh janjian dn udh pesen yg dteng belakangan gak boleh masuk pdhal parkiran kosong dn harus nunggu, kita mikir nunggu apaan, orng kita udh pesen dlm hati bertanya2..",2026-03-22T08:56:11.386Z,Dadin Sipatudin,103216098745379770715,False,0,id,2026-05-04T16:55:05.322905
Ci9DQUlRQUNvZENodHljRjlvT2tKMGRtSkVWVzVDYlc1TmVFTlhXbTgwWms5M1QwRRAB,ChIJo_ztjwgXby4Rc-ehGSD49tA,Cibiuk Resto Kuningan,Kuningan,Kuliner,1,Diusir sama Tukang Parkirnya,2026-03-22T08:39:37.951Z,Bagus Rizki Adhikurnianto,103106898577254040298,False,0,id,2026-05-04T16:55:05.322915
Ci9DQUlRQUNvZENodHljRjlvT25ZdE1uUk5WVGd0WkhkdGR6UkhVbkZHTkRWMFozYxAB,ChIJo_ztjwgXby4Rc-ehGSD49tA,Cibiuk Resto Kuningan,Kuningan,Kuliner,3,"Parking is sooo bad, parking guy and parking management are not serving customers right. I wanted to go in but got thrown out instead. I saw so many available parking spots and table. But nope I gotta wait 30 mins, so I WAITED AND DRIVING AROUND FOR 30 mins outside instead of parking in and taking a seat inside. The excuse was because food delivery will be delayed, I wouldnt mind to wait INSIDE rather than driving OUTSIDE around and around for 30 frikin minutes. Fix It ! Food was great though, but still bad experience for the parking. waitress are okay good service, its just parking service that is sooo bad.",2026-03-22T08:38:51.583Z,Rifqi Ramadhan,105588595082140831193,False,0,en,2026-05-04T16:55:05.322925
Ci9DQUlRQUNvZENodHljRjlvT2tKd1oyMXdWa0ZUWnpKUGFITllaVkJHUVRBMGRWRRAB,ChIJo_ztjwgXby4Rc-ehGSD49tA,Cibiuk Resto Kuningan,Kuningan,Kuliner,5,"Kang parkirnya aneh, sy dn keluarga sudah pesan makanan, kami datang jan 1 siang dn tidak berbarengan, mw masuk di usir, dsuruh balik lagi jam 3 kan pea, untuk makanannya sy akuin 3nak top, view y mantab, cmn kang parkirnya aj aneh, segala bw2 ormas..",2026-03-22T07:46:38.793Z,Hartati Trilina,114162737691286858672,False,0,id,2026-05-04T16:55:05.322935
Ci9DQUlRQUNvZENodHljRjlvT21saU0wbEpTVXg2VFZObk0xVkpOMU5yZDNKNWJWRRAB,ChIJo_ztjwgXby4Rc-ehGSD49tA,Cibiuk Resto Kuningan,Kuningan,Kuliner,5,"Suasanya tenang, ada pesanan perahu pemandangan indah, fasilitas seperti toilet sangat bersih dan ada spot-spot foto yang dengan kolam ikan",2026-03-22T04:32:04.253Z,ferdi S reviewers maps,116311795458776221462,True,0,id,2026-05-04T16:55:05.322943
Ci9DQUlRQUNvZENodHljRjlvT2pCVFlWSlpTM05CVUUxSmNWOHlkWHBzTFdkaWFuYxAB,ChIJo_ztjwgXby4Rc-ehGSD49tA,Cibiuk Resto Kuningan,Kuningan,Kuliner,1,"servisnya kurang banget, masa minta tolong pake speaker buat ngumumin sendal ketuker aja ga mau. akhirnya pulang dengan keadaan sendal belom balik",2026-03-20T13:12:38.960Z,Husaini Gustiar,100492973649234157787,False,0,id,2026-05-04T16:55:05.322961
Ci9DQUlRQUNvZENodHljRjlvT2sxVWQyRk1TM1ZDYzNSdVZIVTNiM0J5Y0Roa1RVRRAB,ChIJo_ztjwgXby4Rc-ehGSD49tA,Cibiuk Resto Kuningan,Kuningan,Kuliner,5,"Pernah makan siang di sini, spot parkirnya luas. Di dalam, tinggal pilih tempat duduk, mau di 'kapal' atau tepi sawah. Untuk yang di kapal, minimal untuk lima orang. Menu makanan dan minumnya cukup bervariasi, dengan harga masih terjangkau. Pelayanan juga bagus. Semoga ada kesempatan kesini lagi",2026-03-17T00:39:17.528Z,br14n 1m4g3s,114320973606499870769,True,0,id,2026-05-04T16:55:05.322970
Ci9DQUlRQUNvZENodHljRjlvT2tKWGJEUXhZMGhIVEZVME1YUlZSMEppVkV4WmNIYxAB,ChIJo_ztjwgXby4Rc-ehGSD49tA,Cibiuk Resto Kuningan,Kuningan,Kuliner,5,Anak suka... Makanan enak dan harga standar lah yaaa,2026-02-24T14:50:42.448Z,Rizkha Umami (Ika),110201924317822302899,True,0,id,2026-05-04T16:55:05.322987
ChdDSUhNMG9nS0VJQ0FnSUNsa19UZnl3RRAB,ChIJo_ztjwgXby4Rc-ehGSD49tA,Cibiuk Resto Kuningan,Kuningan,Kuliner,5,Bisa kesini lagi gak yaa. Kuningan kota penuh kenangan.,2026-02-17T16:29:10.056Z,eka safitri,109308439858305472993,True,0,id,2026-05-04T16:55:05.323004
Ci9DQUlRQUNvZENodHljRjlvT21sdU5rcE9jblJ2VVRWQmVEQkZPRVZvTTJGdVdrRRAB,ChIJo_ztjwgXby4Rc-ehGSD49tA,Cibiuk Resto Kuningan,Kuningan,Kuliner,5,Tempat oke dan luas,2026-02-16T13:08:04.385Z,SWA AlQatani,109412167160314582582,True,0,id,2026-05-04T16:55:05.323020
Ci9DQUlRQUNvZENodHljRjlvT2xsdWFFRkpSSFpmVTBoM1YxTmhOM1EwTkhneloyYxAB,ChIJo_ztjwgXby4Rc-ehGSD49tA,Cibiuk Resto Kuningan,Kuningan,Kuliner,4,"This resto offers various Sundanese dishes. The food quality just so good but my personal opinion, I am not really enjoy the taste. In addition, the sambal is out of table during my visit.

Notable with its spacious dinning area and quiet kids friendly, which you still have to keep on eye of children because of its fishing pond. Toilets are clean and well maintained that beneficial for travelers.",2026-01-26T13:42:20.254Z,Kahfianan,115571465071081909128,True,0,en,2026-05-04T16:55:05.323037
Ci9DQUlRQUNvZENodHljRjlvT21aSk1FeERNbkpUTUdoR2JVZHBiVWRmTTFKcFRsRRAB,ChIJo_ztjwgXby4Rc-ehGSD49tA,Cibiuk Resto Kuningan,Kuningan,Kuliner,5,Nikmat mana lagi yg kau dustakan... makasih org baik....,2026-01-22T04:33:15.732Z,M. Sofwan,112924633151867368097,True,0,id,2026-05-04T16:55:05.323053
Ci9DQUlRQUNvZENodHljRjlvT2pkMmQzSmlibTU1YWxWU1QyWXhOMUY1TVdwek0xRRAB,ChIJV5Z-nDgXby4RdP3S64tfVUA,Arunika Eatery,Kuningan,Kuliner,5,Pemandangan nya cucok marucok...beautiful...cucok bwt keluarga dn pacaran haha,2026-04-29T01:19:00.926Z,Hadi Wahyu,102960744135050096923,True,0,id,2026-05-04T16:55:05.323061
Ci9DQUlRQUNvZENodHljRjlvT2paSU9FZDFNekpOYjFkRE9UQldVM2x5V0ROTFVuYxAB,ChIJV5Z-nDgXby4RdP3S64tfVUA,Arunika Eatery,Kuningan,Kuliner,5,recommend untuk melihat pemandangan sambil minum kopi.,2026-04-27T04:48:59.542Z,dony pw,102861033833240911729,True,0,id,2026-05-04T16:55:05.323279
Ci9DQUlRQUNvZENodHljRjlvT2pZM2NHTTRSbkp2Y1ZSdldFUTNOVkZaWkdORGJtYxAB,ChIJV5Z-nDgXby4RdP3S64tfVUA,Arunika Eatery,Kuningan,Kuliner,5,"Pemandangan Yg Indah dan Sejuk, Pelyannya Ramah",2026-04-26T00:14:56.393Z,Ahmad Zaenudin,106617512314781009673,True,0,id,2026-05-04T16:55:05.323325
Ci9DQUlRQUNvZENodHljRjlvT2tWNllYZFlNakIxVVVWR2IyUnhRM0V0UTNKdlZGRRAB,ChIJV5Z-nDgXby4RdP3S64tfVUA,Arunika Eatery,Kuningan,Kuliner,5,"Hari Sabtu jam 09.30 udah lumayan ramai. Ikutin jalan dari Google Maps aman jaya. Mulai dekat Arunika jalannya mulai semakin menanjak dan pas untuk dua mobil, tapi kondisi jalan mulus. Beli ticket sky view dan Arunika Heaven 50 ribu. Staff-nya ramah semua dan jago ambil video supaya estetik.",2026-04-25T13:43:57.258Z,Amalia Tri Wahyuni,114635771148158773108,True,0,id,2026-05-04T16:55:05.323338
Ci9DQUlRQUNvZENodHljRjlvT2xweGVtTmlSbGxxUlVKdVdsSjZVbWxVWkdkYVdsRRAB,ChIJV5Z-nDgXby4RdP3S64tfVUA,Arunika Eatery,Kuningan,Kuliner,5,"Good place lah.
Jejepangan style gitu",2026-04-25T07:14:02.396Z,Y Mahendra,110005336164652145430,False,0,id,2026-05-04T16:55:05.323362
Ci9DQUlRQUNvZENodHljRjlvT2tZMFVGZzNOMnRvU21sWFdXSm1aR05ITTNOTWNuYxAB,ChIJV5Z-nDgXby4RdP3S64tfVUA,Arunika Eatery,Kuningan,Kuliner,5,"Datang ke sini pagi-pagi dan suasananya enak banget, udaranya masih sejuk dan view Gunung Ciremai kelihatan jelas. Tempatnya nyaman buat santai, apalagi kalau mau cari suasana tenang.

Makanannya cukup variatif dan rasanya enak, harga juga masih oke. Pelayanannya ramah dan cepat, jadi pengalaman ke sini makin menyenangkan.

Overall cocok banget buat sarapan santai atau healing tipis-tipis. 👍",2026-04-24T09:11:59.102Z,Salma,105610385691512315947,True,0,id,2026-05-04T16:55:05.323376
Ci9DQUlRQUNvZENodHljRjlvT25GU05ubFROM2wzVUdJNGFXVXdYM3BtTlUwNE1tYxAB,ChIJV5Z-nDgXby4RdP3S64tfVUA,Arunika Eatery,Kuningan,Kuliner,5,Selalu rameee gakenal sepii,2026-04-23T15:41:26.983Z,Nikita Felicia,112408773661228207953,False,0,id,2026-05-04T16:55:05.323399
Ci9DQUlRQUNvZENodHljRjlvT21kWlUzUkdlUzFSVW01TU4zZ3lSVmR5Wm1sRmJXYxAB,ChIJV5Z-nDgXby4RdP3S64tfVUA,Arunika Eatery,Kuningan,Kuliner,5,"Tempat rekreasi yang unik, lasagna dan saladnya enak banget. Cocok untuk keluarga",2026-04-22T15:12:25.992Z,Astri Lestari,104393754669084060911,True,0,id,2026-05-04T16:55:05.323423
Ci9DQUlRQUNvZENodHljRjlvT21vM00zbDBOV2xWT1Y5ZlpIcGZjekp4ZUVKd01WRRAB,ChIJV5Z-nDgXby4RdP3S64tfVUA,Arunika Eatery,Kuningan,Kuliner,5,"Alhamdulillaah nikmatnya kabuut seger udaranya cuankienya juara,krn g ada nasi bali. Ngopi ngemil bikin betaah larismanis berkah berlimpah salam seroja -jatiwarna",2026-04-22T11:10:27.431Z,vonny yulianto,104679424480339363466,True,0,id,2026-05-04T16:55:05.323445
ChdDSUhNMG9nS0VJQ0FnTUNBbDdHU21nRRAB,ChIJo_ztjwgXby4Rc-ehGSD49tA,Cibiuk Resto Kuningan,Kuningan,Kuliner,3,"Review jujur suasana restonya enak, bersih pelayanan juga memuaskan, sekedar alas kaki aja smpai d susun sma pelayannya, wc bersih dan wangi, tp untuk makanannya jujur aga pricey untuk porsi dan rasa yg standar, mudah2an bsa di tingkatin lagi dan klw mau mnta review di maps usahakan jgn di samping pelanggan yaa pak jujur kurang nyaman sampe di tungguin gitu pdhal kalau memang memuaskan juga kita bakal kasih review bagus kok😊",2026-01-21T13:48:24.038Z,Putri Anjarsari,113394228147390362308,False,0,id,2026-05-04T16:55:05.323458
Ci9DQUlRQUNvZENodHljRjlvT2psc01HTk9ZMHhzZFRsV1pESm5aQzEzZDJwclNIYxAB,ChIJo_ztjwgXby4Rc-ehGSD49tA,Cibiuk Resto Kuningan,Kuningan,Kuliner,5,Selalu mampir ke cibiuk kalau pulang ke cilimus kuningan. Tempat terhits di area sampan. Lokasinya instagramable. Makanannya enak semua,2026-01-15T08:39:02.567Z,Khairun Insani,117033579840499251466,True,0,id,2026-05-04T16:55:05.323517
Ci9DQUlRQUNvZENodHljRjlvT25sT1RuVlNTV3hoUjNVNFFsQkxiMDQ0Y3poRVNHYxAB,ChIJo_ztjwgXby4Rc-ehGSD49tA,Cibiuk Resto Kuningan,Kuningan,Kuliner,5,"Langganan makan disini jika main ke kuningan, suasanya enak dan teduh jumlah meja dan kursi tersedia banyak.

Untuk parkiran mobil banyak dan luas. Toilet juga bersih.

Cuma sayang, pemandangan gunung ceremai terhalang atap",2026-01-14T00:52:23.542Z,Reza Ali,113969720092518008750,True,0,id,2026-05-04T16:55:05.323554
Ci9DQUlRQUNvZENodHljRjlvT25rMlEzZGZSVUk0YmtNMFptVk1SVTlZTTNGRWNtYxAB,ChIJo_ztjwgXby4Rc-ehGSD49tA,Cibiuk Resto Kuningan,Kuningan,Kuliner,5,Makannanya enak,2026-01-12T13:07:51.916Z,Asep Mulyadi,103467178260526653822,True,0,id,2026-05-04T16:55:05.323567
Ci9DQUlRQUNvZENodHljRjlvT214TFpWTXlXbTlhUmtaNmVXaExTRkZXVFhoeE0xRRAB,ChIJo_ztjwgXby4Rc-ehGSD49tA,Cibiuk Resto Kuningan,Kuningan,Kuliner,5,"Makanannya enak, suasananya adem, apalagi kalo tidak terhalang pagar, view gunung ciremai terlihat jelas",2026-01-11T12:47:56.594Z,Asep Dudu,110106800028813912805,False,0,id,2026-05-04T16:55:05.323579
Ci9DQUlRQUNvZENodHljRjlvT2tSSmJ6QlFVVGswUVdkcFptdERjV3MzWDFRdE4xRRAB,ChIJo_ztjwgXby4Rc-ehGSD49tA,Cibiuk Resto Kuningan,Kuningan,Kuliner,5,"selalu kesini, parkir luas, tempat terbuka, tapi ada atap nya jadi ga kena hujan, toilet bersih,
ada mushola besar di luar, tapi sayang nya tempat wudhu wanita kurang tertutup, pembatasnya pake roster yg lubang2 nya cukup besar, trus tukang parkir nya suka ada di depan/ dibalik roster nya, jadi kan kelihatan kalo mau buka hijab untuk wudhu. jadi yg mau aurat nya terjaga ketika wudhu jd harus wudhu di toilet, ribet dikit jadi nya. saran, tempat wudhu wanita nya dibuat lebih tertutup.
oiya masih ttg mushola, krn ini resto keluarga, yg akan sholat disini ada juga lansia yg perlu kursi untuk alat bantu sholat, memang ada satu kursi di mushola perempuan waktu itu, tapi mungkin perlu tambah 1 lagi setidaknya, kalau lansianya ada beberapa sholat berbarengan ga ngantri kursi terlalu lama.

makasih",2026-01-05T23:48:57.854Z,Dewi Puji Lestari,102397062464767573221,True,0,id,2026-05-04T16:55:05.323610
Ci9DQUlRQUNvZENodHljRjlvT2kwemRtcHJkREl4WTJKcE5sVTFZVWhDWmxOU2NIYxAB,ChIJIw8pOs4Xby4RwUC-K8tAgPg,Ipukan Highland,Kuningan,Kuliner,5,"Suasananya sejuk dingin, tempatnya bersih. Saran untuk fasilitas teko listriknya tolong lebih di maintenance dan diperhatikan kalau sudah terlihat berkarat lebih baik diganti.",2026-05-02T04:46:03.847Z,helmi apristio,114102087755655535757,True,0,id,2026-05-04T16:55:05.323638
Ci9DQUlRQUNvZENodHljRjlvT2tGSE9FUkRhekJ5UVhkZlNqbHpaMnMxYkdsRk1HYxAB,ChIJIw8pOs4Xby4RwUC-K8tAgPg,Ipukan Highland,Kuningan,Kuliner,3,"Dah beberapa kali ke sini ,makanan enak,harga wajar (ga mahal),tp sayangnya pelayanan kurang ok,klo disini jangan harap server datang klo baru dateng.hari ini tgl 25 april 06.meja 50 dilayani server salah satunya cewe berkerudung.pelayannya jutek .klo yg cowo oke.",2026-04-25T15:31:41.814Z,Ipah Hasan,103908212604463242138,False,0,id,2026-05-04T16:55:05.323652
Ci9DQUlRQUNvZENodHljRjlvT2pWNFdWSXdUbFZqYm5rdExYQjVZMEY1U1doTFEzYxAB,ChIJIw8pOs4Xby4RwUC-K8tAgPg,Ipukan Highland,Kuningan,Kuliner,3,"Ketika baru dibangun tempat ini favorit keluarga, masakannya enak, lengkap dan bisa menikmati pemandangan Gunung Ciremai.
Tapi saat kami (2 keluarga) berkunjung 2 minggu kemarin. Makanan tidak lengkap dan tidak fresh, kalaupun pesan yg dadakan lama banget, dan poinnya, pelayannya judes banget. Kaya kita minta makan sama dia, risih lihat kita, ketus ketus gitu.
Minggu depannya kita datang lagi, karena ada anak temen yg ga keajak minggu sebelumnya. Dan tambah parah.
Sambalnya basi, padahal kita makanan dadakan, bukan yg prasmanan. Minuman yg tidak kita sebelumnya kita cancel masuk ke nota, dan pelayanannya buruk. Pelayan yg judes itu masih ada dan ketus saat kita pesan makanan dan minuman.
Dan waktu kita pesan tambahan buat teman yg baru datang bergabung, kaya yg risih gitu, nadanya tuh bikin ga nyaman. Kita kan bayar yaa, dan kita datang selayaknya berkunjung,
Ga percaya? Coba datang dan lihat pelayan ini di kasir.",2026-04-13T05:09:10.530Z,Rizkya Yulianti,110705396199702081466,False,0,id,2026-05-04T16:55:05.323714
Ci9DQUlRQUNvZENodHljRjlvT25od1ozTkJVSHBrVjBaS2FFODRUMkpzVUU1aFJIYxAB,ChIJIw8pOs4Xby4RwUC-K8tAgPg,Ipukan Highland,Kuningan,Kuliner,5,"Trip ke 3 dr jakarta ke Kuningan kita mampir ke ipukan highland.diluar xpektasi sh pesan tenda glamping utk 2 kluarga ternyata ckup besar.dgn posisi dikaki gunung cuaca cukup berkabut.luar biasa spot viewnya..jalan pagi disuguhi sunrise yg weww  juara...udara yg fresh pula..oh ya Krn libur lebaran jadi ramai pengunjungnya..tp msh worth it lah ya..spacenya parkir ckup besar dan cafenya jg oke.fyi didepan luar jalan ada warung yg jual kue serabi dipagi hari.abahnya yg sudah agk berumur welcome banget sempet ngbrol"" wlwpun agk roaming dgn bahasa Sunda yg full..terima kasih ipukan highland utk semua kesan baiknya.",2026-04-10T09:49:01.015Z,Sendal Jepit,112242175503171883334,True,0,id,2026-05-04T16:55:05.323727
Ci9DQUlRQUNvZENodHljRjlvT2pkeVNEUlhjRkphUkVWTFJ6ZzRSVmRvZWxObVMyYxAB,ChIJIw8pOs4Xby4RwUC-K8tAgPg,Ipukan Highland,Kuningan,Kuliner,5,"Hawa cukup dingjn sering berkabut,",2026-04-05T05:32:56.728Z,Sugiono,107371969983302276564,True,0,id,2026-05-04T16:55:05.323769
Ci9DQUlRQUNvZENodHljRjlvT2tSM1NIWm5kVTUzVVVoVE5XMVBUbGg1YmxRelJtYxAB,ChIJIw8pOs4Xby4RwUC-K8tAgPg,Ipukan Highland,Kuningan,Kuliner,4,Suasana yg sejuk di kaki gunung ceremai,2026-04-04T23:50:49.494Z,Bian Nurdiansyah,117395560376373682600,True,0,id,2026-05-04T16:55:05.323783
ChdDSUhNMG9nS0VJQ0FnSUNOLV9iYm5RRRAB,ChIJIw8pOs4Xby4RwUC-K8tAgPg,Ipukan Highland,Kuningan,Kuliner,5,"Tempat keren, glamping/penginapannya bagus, bersih, murah, parkir luas, fasilitas lengkap, pelayanannya mantap, ramah2....

Cuma sayang sekali jam 6.30 mlm uda ga bisa pesen makanan direstonya, padahal ditempat lain biasanya jam 9 msh bisa order makan, sangat repot utk kita yg nginap di glampingnya....",2026-04-04T11:38:32.698Z,Kristian Natanael,116817522161478520606,True,0,id,2026-05-04T16:55:05.323797
Ci9DQUlRQUNvZENodHljRjlvT21RNGVYcG5Na2xvU1RKbk0wNUJZVFZ0VTBnNWRrRRAB,ChIJIw8pOs4Xby4RwUC-K8tAgPg,Ipukan Highland,Kuningan,Kuliner,4,"Berada dikaki gunung ciremai, sdh pasti udaranya dingin di malam hari. Kemarin kami berkesempatan mengadakan family gathering. kita review jujur dulu ya.
Positif
1. Tenda besar, bersih, disediakan selimut, perlengkapan mandi
2. Pelayanan ramah dn cepat
3. Makanan minuman, di resto enak.
4. Hrg worth it
5. Ada kolam renang
6. Tersedia toilet di resto dn mushola yg bersih

Minus
1. Air panas hy suam2 kuku. Bahkan dipagi hari kecil, dn sempat mati
2. Dalam tenda panas sekali saat siang
3. Breakfast hotel standar nasi goreng dn teh. Dg hrg 1 jutaan per mlm mustinya bs lbh baik.",2026-03-24T13:02:11.591Z,Sonia ChaemF,118386454664898050860,True,0,id,2026-05-04T16:55:05.323830
Ci9DQUlRQUNvZENodHljRjlvT21RM1gwbFNTSGhTVEVNeVNWVnNYeTFxZFVOS1IzYxAB,ChIJIw8pOs4Xby4RwUC-K8tAgPg,Ipukan Highland,Kuningan,Kuliner,2,"#verylatereview

Kebagian kamar yang kotor, mau pindah tapi ngga boleh 😰",2026-03-04T09:04:02.660Z,Mugi O,101177453222663323771,True,0,id,2026-05-04T16:55:05.323842
Ci9DQUlRQUNvZENodHljRjlvT2tKaFdYbGtRWHA2Ym1GM09HNHRSbkZvT0RsSlIyYxAB,ChIJIw8pOs4Xby4RwUC-K8tAgPg,Ipukan Highland,Kuningan,Kuliner,5,Glamping nya keren sih. Real negeri di atas awan.,2026-02-25T04:58:04.680Z,Abieko,108322832668421673953,False,0,id,2026-05-04T16:55:05.323856
ChZDSUhNMG9nS0VJQ0FnSUM1NWFXMGJBEAE,ChIJV5Z-nDgXby4RdP3S64tfVUA,Arunika Eatery,Kuningan,Kuliner,5,"95% Overall

🍜 Makanannya enak, rekomen ramen sama nasi chicken katsunya.

🗻 Tempatnya enak, cuma hati hati kalo high session, karena harus waiting list mau makan.

🦁 Mini Zoo nya, okelah, so far ini yg cukup bagus di Ciayumajakuning.

🚻 WC nya bagus, bersih, aesthetic.

🕌Musholahnya jg enak, mungkin perlu ditambahin sendal wudlu aja, soalnya musholah sama tempat wudlu kepisah dan harus jalan lewatin semen (bukan keramik).

dateng lagi di tahun 2026.

Saya ke sini pas cuaca lagi cukup panas, tapi surprisingly tempatnya tetap sejuk dan nyaman 🌿 Jadi walaupun matahari lagi terik, vibes-nya tetap adem.

Dari segi tempat, menurut Saya ini super instagramable 📸
Mulai dari area outdoor dengan view pegunungan sampai interiornya yang estetik, semuanya enak banget buat foto-foto.

⸻

🧾 Pengalaman & Pelayanan

Pas datang memang lagi rame banget, jadi harus waiting list dulu. Tapi yang Saya suka, walaupun pengunjung banyak:

* Pelayanannya tetap ramah & teratur 👍
* Makanan datangnya juga nggak lama-lama banget

Jadi antrinya masih worth it sih.

⸻

🍔 Makanan

Highlight utama buat Saya:

* Burger 🍔 → ini juara!
Dagingnya juicy, rasa dagingnya berasa banget. Ini wajib coba sih.
* Mac and Cheese 🧀 → creamy & enak
Comfort food banget, nggak bikin eneg.
* Menu lain?
Overall oke, standar resto tapi tetap satisfying.

⸻

🕌 Fasilitas

* Tempat sholat nyaman & bersih 🙏 (ini penting banget, dan di sini oke banget)
* Ada mobil shuttle (sufle) 🚗
Jadi nggak perlu jalan jauh—aman & praktis, apalagi kalau bawa keluarga.

⸻

⭐ Kesimpulan

Kalau Kamu cari tempat makan dengan:

* View bagus 🌄
* Tempat estetik 📸
* Makanan enak (terutama burger!) 🍔

Tempat ini recommended banget.",2026-04-22T04:58:17.512Z,Falah Azhari,116698352163130702162,True,2,id,2026-05-04T16:55:05.323869
Ci9DQUlRQUNvZENodHljRjlvT2xKMlNtbHZhRXBOUWpaVVJFMTRUVlZIVGtkRlMyYxAB,ChIJV5Z-nDgXby4RdP3S64tfVUA,Arunika Eatery,Kuningan,Kuliner,4,Cocoklah mantap ini rekomendasi banget buat refresh pikiran hehehe sambil liat view kota kuningan dari bukit ciremai🥰😍,2026-04-21T15:55:44.474Z,Inneke WA,105364625514233845722,False,0,id,2026-05-04T16:55:05.323908
Ci9DQUlRQUNvZENodHljRjlvT21wTWVYUm5hMDFHTVhsaVdGTlRlVFExYXpsaGEyYxAB,ChIJV5Z-nDgXby4RdP3S64tfVUA,Arunika Eatery,Kuningan,Kuliner,5,Nice to visit here for family,2026-04-20T23:07:18.506Z,Rizka annisa Nurmaida,109056681956261035054,False,0,en,2026-05-04T16:55:05.323948
Ci9DQUlRQUNvZENodHljRjlvT2pBM1YwbE9URFo1UWxVMFlUUlNabGxTYlhwNlNrRRAB,ChIJV5Z-nDgXby4RdP3S64tfVUA,Arunika Eatery,Kuningan,Kuliner,5,"Kalau saja makanannya ga enak, saya kasih bintang 1, selain karena mahal juga masuknya bingung, tak ada pengarah dan petunjuk yang memudahkan, hanya ada tanda panah bertuliskan lokasi. Area Arunika dibuat untuk berbagai lokasi komersial, terdiri dari Area parkir. Eatery (makanan domestik), Mini Zoo Kebun binatang mini (masuk berbayar), Garden taman bunga sakura artificial (masuk berbayar), permainan seluncuran (masuk berbayar), memanah (masuk berbayar), gokart listrik (masuk berbayar), Skywalk (masuk berbayar)
dan tempat utama yaitu Joglo untuk makanan Jepang, dan cake/roti/kue (masuk berbayar, kecuali hanya di halamannya saja). Tersedia Mushola di area Eatery dan Masjid besar Joglo. WC bersih dan nyaman, air melimpah dingin. Saran aja kalau mau dtg jgn Weekend (Sabtu-Minggu) karena ramainya minta ampun, tiket parkir hanya Rp. 5.000 per motor, entah kalau mobil/bus berapa. Buka jam 10:00-20:00. Nanti kalau mau foto-foto di Joglo siapkan kesabaran yang tinggi. Krn banyak rombongan ibu-ibu rempong foto-foto dgn back ground Joglo tp lama banget seolah ga mau gantian, begitu jg saat kita foto dgn back ground lokasi, banyak yg nyelonong sesuka hati padahal sudah gantian foto, saran jg jgn dekat-dekat rombongan yg sedang foto krn anda akan dimanfaatin tuk fotoin mereka ga satu dua foto tp berkali-kali, anda sedang healing liburan bkn tuk jd jongos tukang foto di situ. Soal harga makanan lumayan mahal, Tp bagi yg punya cukup uang dan bertujuan untuk healing serta ingin punya dokumentasi foto-foto dgn view bagus, gass aja. Dr arah Cirebon via jalur Cirendang, Gunungkeling lalu lewat jalan baru yg berujung pertigaan, belok kanan lsg sampai ke Arunika atau gunakan Google Map dgn kata kunci Arunika Eatery untuk panduan arahnya. Selamat mencoba.",2026-04-20T16:15:45.405Z,Koko Kusdiyanto,115546449073680619031,True,2,id,2026-05-04T16:55:05.323971
Ci9DQUlRQUNvZENodHljRjlvT21KbWNHNTZjVkZMTlVsamVWbGlWVTVMT0VsVllXYxAB,ChIJV5Z-nDgXby4RdP3S64tfVUA,Arunika Eatery,Kuningan,Kuliner,5,Makanan nya menurut syaa enak rasanya pas banget dan pemandangan nya sejukk banget,2026-04-19T15:38:48.719Z,Firda Rizqiya,101911187997376534002,False,0,ms,2026-05-04T16:55:05.323983
Ci9DQUlRQUNvZENodHljRjlvT2t4MFZGbENUV05FZUhoRU1sZHZkVEprTFhjNE9XYxAB,ChIJV5Z-nDgXby4RdP3S64tfVUA,Arunika Eatery,Kuningan,Kuliner,3,Jam 20 yg di gazebo udah closing..padahal pengrn nyantai sama keluarga,2026-04-19T13:23:47.303Z,Hendro Hadi,102116453385242257474,False,0,id,2026-05-04T16:55:05.323995
Ci9DQUlRQUNvZENodHljRjlvT25WVFF6Vk5aakIyVUVSUFRtVnBORko1VEVWd2FsRRAB,ChIJV5Z-nDgXby4RdP3S64tfVUA,Arunika Eatery,Kuningan,Kuliner,5,Nuansa Jepangnya sangat terasa disini.,2026-04-18T06:55:40.670Z,Suswanti Sutanto,113484061062402885706,True,0,id,2026-05-04T16:55:05.324029
Ci9DQUlRQUNvZENodHljRjlvT2s1ck5XTk9iMjAyTUZOU2VWRnRjRFZPVTBoSWMzYxAB,ChIJIw8pOs4Xby4RwUC-K8tAgPg,Ipukan Highland,Kuningan,Kuliner,5,Sangat memuaskan harga sesuai standart,2026-02-10T05:41:11.737Z,yenninurulain Lubis,108611190641025796001,False,0,id,2026-05-04T16:55:05.324043
Ci9DQUlRQUNvZENodHljRjlvT25OWGJqSkdjVEIyUVRaalRISmhTMGhYVlhsYVMyYxAB,ChIJIw8pOs4Xby4RwUC-K8tAgPg,Ipukan Highland,Kuningan,Kuliner,5,Best place for healing and mood booster,2026-02-09T22:56:39.337Z,Benzario Khaula,107865318446828069941,True,0,en,2026-05-04T16:55:05.324053
Ci9DQUlRQUNvZENodHljRjlvT2xvek1VeGpRa3RSWTFOR2EwZEJaVzFGYVU5Q1MxRRAB,ChIJIw8pOs4Xby4RwUC-K8tAgPg,Ipukan Highland,Kuningan,Kuliner,5,"Sangat nyaman dan tenang,aku ingin mengunjunginya berkali-kali lagi",2026-02-09T06:07:33.170Z,Agustina manalu Agustina manalu,106144508283403258080,False,0,id,2026-05-04T16:55:05.324066
Ci9DQUlRQUNvZENodHljRjlvT25wMmIxRnFOMUo1WkZFNGFFVlBObEJzV1c1aFJXYxAB,ChIJIw8pOs4Xby4RwUC-K8tAgPg,Ipukan Highland,Kuningan,Kuliner,5,"Glamping campnya bersih, dan pemandangan nya bagus. Dekat basecamp gn ciremai",2026-02-05T04:39:16.957Z,Deni Irawan,100131182800136102210,True,0,id,2026-05-04T16:55:05.324087
Ci9DQUlRQUNvZENodHljRjlvT25jNVVWTlJUekoyZG5aclJYbGtTMXBRZW1kV1QxRRAB,ChIJIw8pOs4Xby4RwUC-K8tAgPg,Ipukan Highland,Kuningan,Kuliner,4,"Pemandangan bagus, fasilitas bagus, hanya tercemar bau kandang kambing tetangga.",2026-02-04T10:41:59.468Z,Alfi Satria,102548276544130032852,True,1,id,2026-05-04T16:55:05.324098
Ci9DQUlRQUNvZENodHljRjlvT201M1ZWRXdVa0pSTm5GSFdIVkNla2hUUjNSbE5YYxAB,ChIJIw8pOs4Xby4RwUC-K8tAgPg,Ipukan Highland,Kuningan,Kuliner,4,"Cuaca nya sejuk, bersih dan nyaman",2026-01-31T08:56:40.813Z,Agus Lupus,116602340519842954420,True,0,id,2026-05-04T16:55:05.324118
Ci9DQUlRQUNvZENodHljRjlvT25jMU1tWnNaRzlTYWpKaFpYWXdWVFYwVkhwRVMxRRAB,ChIJIw8pOs4Xby4RwUC-K8tAgPg,Ipukan Highland,Kuningan,Kuliner,5,"Tempat yang cocok untuk kumpul kumpul. Udara dingin, tempatnya rapih dan bersih dan makanannya enak. Pemandangan dan view sangat bagus. Harga sangat terjangkau. The best...",2026-01-27T11:22:48.313Z,Lucky Renggo Wibowo,109131167424968560601,True,0,id,2026-05-04T16:55:05.324128
Ci9DQUlRQUNvZENodHljRjlvT21GRlpIZ3pZWHB0ZURjeGQxVXhNamRsYlVKME1GRRAB,ChIJIw8pOs4Xby4RwUC-K8tAgPg,Ipukan Highland,Kuningan,Kuliner,5,"Enak adem suasananya, kalau breakfast standar menu ala Sunda. Pesen kamar yang ada kamar mandi dalam, ada sofa juga. Bisa berenang. Cocok untuk outing juga.",2026-01-25T07:31:12.658Z,Siti Hardiyanti,110026241909154019441,True,0,id,2026-05-04T16:55:05.324147
Ci9DQUlRQUNvZENodHljRjlvT2tsb2RubFFiWFI2ZFhKTGJFSkxPSE5CVkU1SmFVRRAB,ChIJIw8pOs4Xby4RwUC-K8tAgPg,Ipukan Highland,Kuningan,Kuliner,5,"Nyaman, ndah dan  menyenangkan",2026-01-25T02:45:59.663Z,Rida Parida,108201475764966124840,False,0,id,2026-05-04T16:55:05.324157
Ci9DQUlRQUNvZENodHljRjlvT2xwSkxVbGtVamxST1VWR1ozcGlWRXBDU1d0SmIxRRAB,ChIJIw8pOs4Xby4RwUC-K8tAgPg,Ipukan Highland,Kuningan,Kuliner,5,"Tempatnya sejuk, dom nya bersih dan makanannya enak",2026-01-19T21:55:19.002Z,Bengkel Web Indonesia,100882256522694993421,True,0,id,2026-05-04T16:55:05.324203
Ci9DQUlRQUNvZENodHljRjlvT25veU1rMTZOalpSZW1aclIyeENNMWxRVEROU1JYYxAB,ChIJIw8pOs4Xby4RwUC-K8tAgPg,Ipukan Highland,Kuningan,Kuliner,5,"A huge shout out to the chef and the team—the food here is amazing! I’m enjoying a late lunch and was craving sop iga, sate kambing, nasi goreng kambing, and pisang goreng. Everything is so delicious!",2026-01-17T07:45:21.170Z,Aggastra Refly,114721141154938033076,True,0,en,2026-05-04T16:55:05.324243
Ci9DQUlRQUNvZENodHljRjlvT2xWNFdXVkpMVUo1WXpjeU0wTjNXbmxPUVhVNFFsRRAB,ChIJRZXgvbYXby4R3WKdgr-1aAc,Domo Coffee and Space,Kuningan,Kuliner,5,Beuhh Sushi dan Ramen nya bikin nagih 🤤 Worth it dengan harga segituu wenakkkk 😻😻 disaranin kalo mau ke DOMO jangan pas siang bolong :v,2026-04-16T06:02:59.694Z,upil lipu,111986797557120685592,False,0,id,2026-05-04T16:55:05.324287
Ci9DQUlRQUNvZENodHljRjlvT2tJME9XaDNSR3haVHpCcVVraGpSR1puVGpkUU5HYxAB,ChIJRZXgvbYXby4R3WKdgr-1aAc,Domo Coffee and Space,Kuningan,Kuliner,5,"Salah satu coffeshop favorite di kuningan, makananya enak, pelayananya terbaik, harganyanya murah, tempatnyaa juga cozy, kalau malam minggu ada live music.. seru",2026-03-26T13:17:47.023Z,Yuyun Trisnawati,109804510806342571407,True,0,id,2026-05-04T16:55:05.324333
Ci9DQUlRQUNvZENodHljRjlvT25sd09FNXVaMHBEVkhCcWRVcHlWRTVGZDJWaVgwRRAB,ChIJRZXgvbYXby4R3WKdgr-1aAc,Domo Coffee and Space,Kuningan,Kuliner,1,21:20 Sudah Close Order Yah. Just info,2026-03-23T14:29:37.470Z,Stevanno Review,107531841889455012497,True,0,id,2026-05-04T16:55:05.324370
Ci9DQUlRQUNvZENodHljRjlvT21FeFJrb3dSeloxVnpKM0xYQlpXamx2TVZrNVVtYxAB,ChIJRZXgvbYXby4R3WKdgr-1aAc,Domo Coffee and Space,Kuningan,Kuliner,1,"Layanan lama, satu setengah jam makanan tidak datang..pesan jam 15.00 , jam 16.15 blm datang..konfirmasi ke pelayan disuruh menunggu terus..",2026-03-23T09:23:14.298Z,yudi nugraha,112228173752928599536,False,0,id,2026-05-04T16:55:05.324379
Ci9DQUlRQUNvZENodHljRjlvT21oSVoycDZaelF3TUdVNVgwcElhalF3YWxWblJXYxAB,ChIJRZXgvbYXby4R3WKdgr-1aAc,Domo Coffee and Space,Kuningan,Kuliner,2,"sorry bgt berasa scam sushi seharga 58rb isi 8pcs tapi kecil2 banget + lupa dikasih sumpit

aku gatau mungkin di kuningan beda atau gmn tp kalau biasa di kota asal ku seharga 65rb up 8pcs sushi udh gede2

mungkin kedepannya bisa diperbaiki lagi",2026-03-21T11:29:22.533Z,Amanda Angelique,109023367427619058095,False,0,id,2026-05-04T16:55:05.324396
Ci9DQUlRQUNvZENodHljRjlvT21kUVJreEVPRXBYY1RkWlJqTjFRMFZRY1VVMVZVRRAB,ChIJRZXgvbYXby4R3WKdgr-1aAc,Domo Coffee and Space,Kuningan,Kuliner,1,"Pelayanan jelek tidak ramah sama sekali,  apa gak ada SOP cara baik melayani pelanggan",2026-03-20T13:26:07.646Z,M Luthfi Hakim,112539360906509755485,True,0,id,2026-05-04T16:55:05.324413
Ci9DQUlRQUNvZENodHljRjlvT2xCVlExQlNXVE5sYmtreVJFbGpValU1WlhSbFQwRRAB,ChIJRZXgvbYXby4R3WKdgr-1aAc,Domo Coffee and Space,Kuningan,Kuliner,2,"Mls bgt sama pegawainya kurang ramah, saya mau pesan mknan dan saya sudah depan kasir untuk pesan tuh 2 pegawai diem bae di meja sblh kasir santai”,  yg dtg mlah temannya, boro”bilang terimakasih ke pelanggan yg sudah datang mampir.",2026-03-18T15:08:50.276Z,Netta Natasya Sucipriani,100610957548153412305,False,0,id,2026-05-04T16:55:05.324423
Ci9DQUlRQUNvZENodHljRjlvT21sNFZUQlNRalIyUVRsbWVsSmtRMTlLYUhCSFUzYxAB,ChIJRZXgvbYXby4R3WKdgr-1aAc,Domo Coffee and Space,Kuningan,Kuliner,1,"kecewaa banget bener bener kecewaaa kita udah reservasi dari awal tapi pas udah list menu menunya trus pas one the way ke tempat DOMO COFFE malah di batalin dengan alasan mohon maaf sudah penuh otomatis pada kecewa temen temen semua, kenapa ga bilang dari awal kenapa kalo penuh kita harus list makanannya duluuu ???????? gasukaaaa banget bikin kecewaaaa",2026-03-16T11:57:29.677Z,diana nursabila,107175996365208308935,False,0,id,2026-05-04T16:55:05.324432
Ci9DQUlRQUNvZENodHljRjlvT2xsMFNEYzFkVUp4Tkc5bVQwUnBWRGt5VDI5dGRsRRAB,ChIJRZXgvbYXby4R3WKdgr-1aAc,Domo Coffee and Space,Kuningan,Kuliner,1,CUKUP SEKALI KESINI #IZIN🙏🏻✌🏻,2026-03-15T15:40:06.024Z,Dea Citra Holisotul Fikriyah,116068903906547447022,False,0,id,2026-05-04T16:55:05.324442
Ci9DQUlRQUNvZENodHljRjlvT2pkSVEyZDJVbE40Wmt0RVZUaEpPRlJmY1ZWMVZFRRAB,ChIJIw8pOs4Xby4RwUC-K8tAgPg,Ipukan Highland,Kuningan,Kuliner,5,"Penginapannya unik, makanannya lezat, kopi mantul",2026-01-15T11:57:51.456Z,Apen Supendi,103446758432515258111,True,0,id,2026-05-04T16:55:05.324451
Ci9DQUlRQUNvZENodHljRjlvT214bVNTMUpMVkF6YUMxcVJtdFJZakV3YWxGR2FXYxAB,ChIJIw8pOs4Xby4RwUC-K8tAgPg,Ipukan Highland,Kuningan,Kuliner,5,"Bagus indah sejuk
Santai buat weekend☺️",2026-01-14T02:53:05.626Z,Kusen cirebon pd manbaulminan,108479888987392463853,True,0,ms,2026-05-04T16:55:05.324462
Ci9DQUlRQUNvZENodHljRjlvT21aWGIyTmlVa1ZRU0ZKWFJuVnlZbEJ0YlZSUGJtYxAB,ChIJIw8pOs4Xby4RwUC-K8tAgPg,Ipukan Highland,Kuningan,Kuliner,3,"Makanan overall enak, suasananya juga lumayan comfy, tapi sinyal wifinya jelek, dan air hangatnya tidak berfungsi.",2026-01-10T05:40:48.238Z,Dedi Purwadi,112823394837699313539,False,0,id,2026-05-04T16:55:05.324471
Ci9DQUlRQUNvZENodHljRjlvT21WcVZWZzRNMnRuWTJWTmFEUjVhV1pFVXpoR2VFRRAB,ChIJIw8pOs4Xby4RwUC-K8tAgPg,Ipukan Highland,Kuningan,Kuliner,4,"Kemarin sekeluarga glamping besar 1,2 jt lumayan bagus layanan nya air nya dingin cuma minus water heater aja
Bebas buat bakar bakar bawa makanan dari rumah tidak apa apa",2026-01-07T11:34:20.110Z,Mas Asep,118179320171615885680,True,0,id,2026-05-04T16:55:05.324481
Ci9DQUlRQUNvZENodHljRjlvT2pCUmVHTjBaVE55Ykdkd1ltSjZkbmRWYkZkdWNsRRAB,ChIJIw8pOs4Xby4RwUC-K8tAgPg,Ipukan Highland,Kuningan,Kuliner,5,"Usai sudah liburan di sini, tapi masih terasa momennya sampai di rumah. makanan enak, apalagi SOP dagingnya mantap, murah juga ( sekelas tempat wisata) view keren, pelayanan ramah, toilet bersih, waterheater tersedia. Kalo ada Rizki dan umur yang panjang pengen balik kesini lagi walau sekedar untuk makan aja, habis enak sihhh...
Hanya satu yang bikin g nyaman, kadang tercium bau pupsnya 🐮. Tapi overall ok banget. Thank ipukan Highland sudah menjadi bagian cerita liburan kami..",2026-01-07T01:15:01.281Z,Ayahe fiqri Haikal,100374607928944850780,False,0,id,2026-05-04T16:55:05.324503
Ci9DQUlRQUNvZENodHljRjlvT2xSQlZtUlZjMk5RVDNWTWFGQnROMjlLYm0xYVIzYxAB,ChIJIw8pOs4Xby4RwUC-K8tAgPg,Ipukan Highland,Kuningan,Kuliner,5,"Tempat bersih, pelayanan memuaskan.kebersihan tenda terjaga .suasana sejuk.pemandangan mantap",2026-01-06T04:03:00.858Z,didi kasmidi,114724036515573894249,True,0,id,2026-05-04T16:55:05.324515
ChdDSUhNMG9nS0VJQ0FnSUNuMk9TMHZBRRAB,ChIJIw8pOs4Xby4RwUC-K8tAgPg,Ipukan Highland,Kuningan,Kuliner,5,"Saat dateng ke tempat ini ternyata bagus, apalagi pemandangan nya menyatu dengan alam, cuacanya dingin, kamar mandinya bersih, banyak spot foto untuk kenangan, kalau malem ada kabutnya jadi berasa vibes di pegunungan.",2026-01-05T22:45:45.895Z,Faticha,116694307874641105898,True,0,id,2026-05-04T16:55:05.324524
Ci9DQUlRQUNvZENodHljRjlvT2pkek1qRlNjbmRSUkcwMloyTldNazFUTUV0a09FRRAB,ChIJIw8pOs4Xby4RwUC-K8tAgPg,Ipukan Highland,Kuningan,Kuliner,5,"Pertama kali ngecamp disini. Suasana nyaman, udara sejuk, pemandangan nya lgsg hadap Gn. Ciremai.
Fasilitas lmyan lgkap, ada kolam, spot fto dan tempat lesehan yg asyik, nyaman dan instagramable.",2025-12-30T11:43:25.103Z,Phalupi Widi,114807404566044633167,False,0,id,2026-05-04T16:55:05.324563
Ci9DQUlRQUNvZENodHljRjlvT2s1TGRYUllNWEJTV0ZGT1gwOVFNa2s1ZUhCMWJrRRAB,ChIJRZXgvbYXby4R3WKdgr-1aAc,Domo Coffee and Space,Kuningan,Kuliner,1,jdi gini ceritanya sya sma tmn tmn udah booking bhkn uda dp untuk acara bukber dan ternytaaaa si dp ituu ga ke inputt jujur kesel krna itu udah mau mgrib smpe kita magrib belum buka puasa jugaa krna katanya ga ada atas nam saya dan tmpt yg kita booking udah di temptin orng lainn tinggakatkn lgi yaaaaaaa pelayananya dn akhirnya kita pindh nyri tmpt pas udah mgribb😀😀,2026-03-15T15:18:18.507Z,-20Nitaliasari XI ULP 1,113488833156001577864,False,0,id,2026-05-04T16:55:05.324574
Ci9DQUlRQUNvZENodHljRjlvT25wZmJrZ3hUa3R2UWpaTVYwaE1jbXhwWDBaNWQxRRAB,ChIJRZXgvbYXby4R3WKdgr-1aAc,Domo Coffee and Space,Kuningan,Kuliner,1,Pelayanannya kurang,2026-03-15T11:00:15.740Z,ratu ayu alma asthurna,115503146389351788596,False,0,id,2026-05-04T16:55:05.324586
Ci9DQUlRQUNvZENodHljRjlvT205QmJYSkRNVm80ZFRaRVpEZFVXWGM0V0V0ZmRFRRAB,ChIJRZXgvbYXby4R3WKdgr-1aAc,Domo Coffee and Space,Kuningan,Kuliner,1,"pelayanan nya kurang, masa saya sudah reservasi dan dp tapi malah bilang nya ""dp nya blm d claim sama admin"" aneh",2026-03-15T10:59:44.875Z,Keisyanajaah Key,116211241593065755440,False,0,id,2026-05-04T16:55:05.324596
Ci9DQUlRQUNvZENodHljRjlvT2xSZk5qVmFZakoyTjI1T00ySkZWbVl0T0RKaWJIYxAB,ChIJRZXgvbYXby4R3WKdgr-1aAc,Domo Coffee and Space,Kuningan,Kuliner,5,"The location is right by the main road, and the parking area is spacious. The service is also fast. The price matches the taste. The matcha gelato is delicious. All the cakes are delicious as well. The lime mojito is also tasty and refreshing.",2026-02-19T10:34:53.467Z,sulistyorini tri wulandari,115272856834264753122,True,0,en,2026-05-04T16:55:05.324606
Ci9DQUlRQUNvZENodHljRjlvT25GUmJYZEhWelp5UTNGdWNVeEJSV3R3T1hBeFZGRRAB,ChIJRZXgvbYXby4R3WKdgr-1aAc,Domo Coffee and Space,Kuningan,Kuliner,5,"Pizza mushroom nya enak, harga murah .sebagai perbandingan ,PH, ukuran medium 100k, di domo 65ribu rasa lebih lite dan rotinya tidak terlalu tebal.cocok buat yg suka menakar kalori. Kopi yang rekomended: white label /black label.",2026-02-17T14:38:38.745Z,Z. Fitriyah Ismail,112759861938350658045,False,0,id,2026-05-04T16:55:05.324616
Ci9DQUlRQUNvZENodHljRjlvT2xwUk5HeGxVRkp6TWpGT2IzZG5RVk5yT0VSeFNuYxAB,ChIJRZXgvbYXby4R3WKdgr-1aAc,Domo Coffee and Space,Kuningan,Kuliner,5,Tempat nongkrong bareng keluarga yang asik,2026-02-17T04:39:55.188Z,Desy Haide,101757192403874082256,True,0,id,2026-05-04T16:55:05.324635
Ci9DQUlRQUNvZENodHljRjlvT201VVRsVnZNVTlxTVVwVFdIZDFPVU4wWmtaTGFIYxAB,ChIJRZXgvbYXby4R3WKdgr-1aAc,Domo Coffee and Space,Kuningan,Kuliner,5,"Pelayanan cepan Ramah, untuk malam minggu seru nya ada Live Music,,

Thanks😎🔥",2026-01-17T13:43:35.580Z,Chandra Purnama,100427752446495794647,False,0,id,2026-05-04T16:55:05.324670
Ci9DQUlRQUNvZENodHljRjlvT25reVNUUmFibnBpUmtWSGFEZHlUVWh3UzJ0elpXYxAB,ChIJRZXgvbYXby4R3WKdgr-1aAc,Domo Coffee and Space,Kuningan,Kuliner,1,"Beef steack local nya ga enakkkk asin bgtt,terus jugaaaa masaaa burnt cheese cakee nya di plating pakee cup bukan pisinnnn sama sendokk nya malah pake sendok eskrim yg kayuuu,yg bener ajaa jadi pas di makan tuh ga nyamann karna sendoknya sendok es krim 😭😭😭 kecewa ihhh mana lg BM steack sama cheese cake 😭😭😭",2026-01-14T14:12:38.328Z,Anis Khoerunnisa,102935436399235844629,True,0,id,2026-05-04T16:55:05.324690
Ci9DQUlRQUNvZENodHljRjlvT2pOck5pMVJSbFZ0ZURablZuQlBiR1pQYlZkUUxXYxAB,ChIJRZXgvbYXby4R3WKdgr-1aAc,Domo Coffee and Space,Kuningan,Kuliner,5,"Makanan ok, layanan ok, suasana juga ok. Kopinya enak recomend. Sesuai request. Live music setiap malam minggu. Hny kurang lahan parkir untuk mobil kalau rame. Ada banyak games juga yg bisa dipinjem dgn tukar id card",2025-12-27T03:49:00.426Z,Rizka D R,107379728360630755106,False,0,id,2026-05-04T16:55:05.324701
Ci9DQUlRQUNvZENodHljRjlvT2psbFZXVnRTVWcxZEhkS2NWbEhUMEY0TjNSb1ptYxAB,ChIJRZXgvbYXby4R3WKdgr-1aAc,Domo Coffee and Space,Kuningan,Kuliner,4,"Great discovery! The coffee and Tahu Cabe Garam are 10/10. ✨️❤️
Comfortable place with AC and outdoor seating. Very affordable prices and they even have kids' meals, so it's perfect for families. Will definitely be back!""",2025-12-22T06:36:38.998Z,Bulan M,102446379531586600821,True,0,en,2026-05-04T16:55:05.324729
Ci9DQUlRQUNvZENodHljRjlvT21GeVJuQXRNRmhWVlhaUE5XcGlUVmsxT1VoeE4zYxAB,ChIJRZXgvbYXby4R3WKdgr-1aAc,Domo Coffee and Space,Kuningan,Kuliner,5,"makanan, minuman & snacks nya sgt worth it. my fav waffle ice cream 🌟🌟🌟",2025-12-21T17:26:39.115Z,Feirly Hadiat,108385371204344152425,True,0,id,2026-05-04T16:55:05.324748
ChdDSUhNMG9nS0VJQ0FnTURJNEtIY19nRRAB,ChIJO1q3LzEWby4RpQo3x1g-ig0,Santana Resto,Kuningan,Kuliner,5,Enak deh pokoknya buat acara disini,2025-04-06T07:05:15.935Z,Abidifka Suprayogi,102965002796024166356,True,0,id,2026-05-04T16:55:05.324795
ChZDSUhNMG9nS0VJQ0FnSURfNy1qUEdREAE,ChIJO1q3LzEWby4RpQo3x1g-ig0,Santana Resto,Kuningan,Kuliner,2,"Pengalaman buruk, pesan makan yg di duluin yg terakhir datang. Datang set 4 jam set 6 baru makan sih cukup sekali datang kesini aja.",2025-01-28T09:02:31.737Z,Ridha Mahasin,107990546755296724513,False,0,id,2026-05-04T16:55:05.324813
ChZDSUhNMG9nS0VJQ0FnSURfMjl2ckp3EAE,ChIJO1q3LzEWby4RpQo3x1g-ig0,Santana Resto,Kuningan,Kuliner,2,No rekomend nunggu dari jam 4 di salip beberapa meja baru selesai pesanan jam set 6. Tolong lain kali di tingkatin lagi,2025-01-27T11:11:51.947Z,Aji Lestari,113791105492776812557,False,0,id,2026-05-04T16:55:05.324825
ChZDSUhNMG9nS0VJQ0FnSURfMjV1OFR3EAE,ChIJO1q3LzEWby4RpQo3x1g-ig0,Santana Resto,Kuningan,Kuliner,2,"Layanan jauh dari kata profesional, pesanan manual, keselip, datang lama crew cuma minta maaf",2025-01-27T11:10:31.521Z,Ostadz Al Karim,112589293244258953925,False,0,id,2026-05-04T16:55:05.324836
ChdDSUhNMG9nS0VJQ0FnSURfMjlUZHZBRRAB,ChIJO1q3LzEWby4RpQo3x1g-ig0,Santana Resto,Kuningan,Kuliner,1,"Pesan ayam bakar + es dancow sampai hampir 3 jam tidak datang. Pas datang malah diganti menu secara sepihak seenak jidat karena kehabisan, kenapa ga bilang dari awal? coret saja itu menunya kalau emang gaada stock. Yang parahnya ada orang baru datang kurang dari 1 jam sudah dapat minum semua. Pelayanannya mohon maaf sangat jelek sekali, tidak bisa kerja. Pelayannya juga ngang ngong doang👍

PESAN : AYAM BAKAR + ES DANCOW

DATANG HAMPIR 3 JAM

YANG DATANG : IGA BAKAR + ES TEH TAWAR",2025-01-27T10:01:21.029Z,Wira Satya,106724021255844601203,True,0,id,2026-05-04T16:55:05.324847
ChdDSUhNMG9nS0VJQ0FnSUQzcE4yR3dBRRAB,ChIJO1q3LzEWby4RpQo3x1g-ig0,Santana Resto,Kuningan,Kuliner,5,"View alam bagus, namun sayang makanan dan minuman perlu pembenahan banyak (11Nov 2024). Minuman sebagian besar sachet. Suasana resto sangat sepi dan terkesan tidak serius beroperasi.",2024-11-12T10:11:50.592Z,Henry Kuswanto,116660596257771928919,True,0,id,2026-05-04T16:55:05.324873
ChdDSUhNMG9nS0VJQ0FnSURIN3VTWHNBRRAB,ChIJO1q3LzEWby4RpQo3x1g-ig0,Santana Resto,Kuningan,Kuliner,1,"Not recommended,,very bad attitude. Menang view nya aja. Pelayanan sangat buruk.Saya pesan sudah 1 jam lbh masih blm keluar juga makanannya.Dan yang paling menjengkelkan,ada 3 meja atau 3 customer yg datang nya dan pesannya duluan saya tapi pesanan mereka sudah dtg.Dan bukan bookingan atau pesan sebelumnya.Sampai akhirnya sy cancel pesanan makanan saya. Melayani kok pilih2,,penampilan gini juga saya pakai mobil sendiri yg sudah lunas&BPKB ditangan.Kecewa!!!🤬😤",2024-09-16T06:35:14.988Z,duo kembar viral brebes,113286655689262366661,True,1,id,2026-05-04T16:55:05.324913
ChdDSUhNMG9nS0VJQ0FnSUNIck43YThnRRAB,ChIJO1q3LzEWby4RpQo3x1g-ig0,Santana Resto,Kuningan,Kuliner,5,Tempat langganan kalo pengen makannya muncak 😆,2024-09-02T04:17:47.226Z,Riri RSusanti,110221815805997946591,True,0,id,2026-05-04T16:55:05.324925
ChdDSUhNMG9nS0VJQ0FnSUNia2VQcGhRRRAB,ChIJO1q3LzEWby4RpQo3x1g-ig0,Santana Resto,Kuningan,Kuliner,1,"Pesen makanan nyampenya sejam kemudian, sampe minuman udah abis, ga like lah",2024-07-28T05:42:10.930Z,Rangga Yudha,112935757142358167344,False,0,id,2026-05-04T16:55:05.324948
ChZDSUhNMG9nS0VJQ0FnSURycE92MERREAE,ChIJO1q3LzEWby4RpQo3x1g-ig0,Santana Resto,Kuningan,Kuliner,4,"Banyak yg perlu di perbaiki lagi dari segi kebersihan, interior, ragam menu makanan, penyajian piring gelas kaleng kotor..
Jangan kalah bersaing dengan resto baru, semoga ada perubahan",2024-07-15T05:39:06.993Z,Puri Mala,115934585006578797957,False,0,id,2026-05-04T16:55:05.324959
ChZDSUhNMG9nS0VJQ0FnSUNyLXN2VWJ3EAE,ChIJO1q3LzEWby4RpQo3x1g-ig0,Santana Resto,Kuningan,Kuliner,1,"2 Tahun lalu sering bgt ngopi di tempat ini karena selain tempatnya worth it, menu dan pelayanan nya juga bagus.

Hari ini kecewa berat, mana bawa tamu dr luar kota, sepertinya management sudah ganti.

Pada saat tiba cuma saya dan tamu yg di stu. Pesan makanan d layanin nya lama, bakwan nya masih hangat, tapi cirengnya udh keburu dingin dan alot.
Pesen ikan gurami, ayam dan iga (karena d menu cma sgtu doang skrg) lama bgt d anternya. Kayanya guraminya mancing dl, d bersihin dl dll. Ayamnya d tangkap dl, d potong dl dll bgtu jga sama daging iga nya.

Udh gtu mahal bgt skrg udh ga se worth it dulu. Kayanya emang harus berbenah bgt tempat ini...",2024-07-06T11:16:05.757Z,Kapiten Deni Boy,110952545396108987000,False,1,id,2026-05-04T16:55:05.324971
ChZDSUhNMG9nS0VJQ0FnSUN6NVkybElBEAE,ChIJO1q3LzEWby4RpQo3x1g-ig0,Santana Resto,Kuningan,Kuliner,4,Cocok bawa keluargab atau tempat buat sekedar ngobrol sm teman,2024-06-03T16:51:10.917Z,Yusuf Mahendra,115733127029855497260,True,0,id,2026-05-04T16:55:05.324983
Ci9DQUlRQUNvZENodHljRjlvT21WT1JEQlFSMUYzV0ZScE1tTlpjalpXYW14U0xYYxAB,ChIJRZXgvbYXby4R3WKdgr-1aAc,Domo Coffee and Space,Kuningan,Kuliner,4,"Menunya Banyak
Enak-enak
Penyajiannya juga Cepeut
Pelayannya juga Ramah
Harga Terjangkau
Cuma 1 Catatan Musholanya kurang layak",2025-12-08T17:37:38.075Z,J O (Hulk),118097713287889084769,True,0,id,2026-05-04T16:55:05.325002
Ci9DQUlRQUNvZENodHljRjlvT2pRemMyWnFRMk4zTFRkcWVESkVRbGRZWWxWU1VWRRAB,ChIJRZXgvbYXby4R3WKdgr-1aAc,Domo Coffee and Space,Kuningan,Kuliner,3,"Cafe hist yang ada di kuningan menunya variatif cookis & cream cheese sama mango smoothiesnya enak cuman untuk saikoro sambah matah sangat tidak suka
Dagingnya alot banyak yang belum mateng 🥹
Tolong perbaiki lagi",2025-10-30T05:34:06.760Z,YDP 04,116358574092697663362,True,0,id,2026-05-04T16:55:05.325038
Ci9DQUlRQUNvZENodHljRjlvT2twNGJIRkdWRXRZVWt4ZlFtOW1NMHgzVGtsNlltYxAB,ChIJRZXgvbYXby4R3WKdgr-1aAc,Domo Coffee and Space,Kuningan,Kuliner,5,"Tempat nyaman, makanan enak dan ekonomis dh suasana yg adem ada indoor dan outdoor",2025-10-17T11:58:44.925Z,Edy Dwi,106700580461241540194,True,0,id,2026-05-04T16:55:05.325048
ChZDSUhNMG9nS0VJQ0FnSUNUc1kza1N3EAE,ChIJO1q3LzEWby4RpQo3x1g-ig0,Santana Resto,Kuningan,Kuliner,2,"Baddd kacau menu banyak yg kosong dan tidak ready pelayanan lama pesanan datang juga lama, rasa kurang dari makanan berat sampe ringan masa pesen croissant yang dateng roti goreng di gulung pake coklat, kentang otak-otak ga enak, minuman kurang apalagi kopi. Tolong lah perbaiki pemandangan bagus makanan dan minuman nya dbenerin service layanan juga. Padahal pas dateng sepi tapi lama.",2024-05-16T04:08:17.937Z,Aprianti Sari,110404217073438209241,False,0,id,2026-05-04T16:55:05.325095
ChdDSUhNMG9nS0VJQ0FnSUNUaUxuRXVnRRAB,ChIJO1q3LzEWby4RpQo3x1g-ig0,Santana Resto,Kuningan,Kuliner,5,"Tempatnya sepi enak buat kaum introvert, yg gak suka keramaian. Makanannya lumayan enak. Pemandangannya bagus langsung ke Gunung Ciremai, Laut Cirebon dan kota Kuningan. Recommended buat healing berlama-lama. Udaranya sejuk. Buat yang suka ngopi, ada Santana Coffee shop nya.",2024-05-10T09:09:04.780Z,Rosa Gultom,101541215852022425036,True,1,id,2026-05-04T16:55:05.325104
ChZDSUhNMG9nS0VJQ0FnSUNUaU83MUZnEAE,ChIJO1q3LzEWby4RpQo3x1g-ig0,Santana Resto,Kuningan,Kuliner,5,"Cobain ke SANTANA Resto Recommend buat yang main ke Kuningan. Ini resto buat kita betah berlama-lama menikmati suasana alam tenang damai, Pemandangan dari atas Cakep👍,udara segar, menu makanan lumayan enak harga standar. Pelayanan baik dan Ramah.",2024-05-10T08:50:44.602Z,Yohanes David,115868549020492225410,True,0,id,2026-05-04T16:55:05.325113
ChdDSUhNMG9nS0VJQ0FnSUREdDRYZzVnRRAB,ChIJO1q3LzEWby4RpQo3x1g-ig0,Santana Resto,Kuningan,Kuliner,1,Mohon untuk lebih di jaga kebersihan tempat nya,2024-04-15T14:28:13.504Z,Sinur Fa,111497017002138682964,False,0,id,2026-05-04T16:55:05.325131
ChZDSUhNMG9nS0VJQ0FnSUREdzhTekFREAE,ChIJO1q3LzEWby4RpQo3x1g-ig0,Santana Resto,Kuningan,Kuliner,1,"Not recommended, lama, kotor, tak terawat, tak ramah, tak ada menu semua habis.",2024-04-13T13:46:39.330Z,Endah Mudiana,104361307015420674474,True,0,id,2026-05-04T16:55:05.325140
ChdDSUhNMG9nS0VJQ0FnSUREcllfXzdRRRAB,ChIJO1q3LzEWby4RpQo3x1g-ig0,Santana Resto,Kuningan,Kuliner,3,"Makanan lumayan kopi dingin,tempat luas tapi kotor, management ga siap untuk buka resto karna karyawan sangat sedikit untuk melayani dengan kawasan se luas itu.tolong benahi pelayanan dengan tambah karyawan d musim liburan .banyak costumer yg komplain karna waiting list nya bisa sampe 2 jam karna kekurangan karyawan",2024-04-12T22:41:55.874Z,Panji #23,117825163280437967181,True,1,id,2026-05-04T16:55:05.325156
ChdDSUhNMG9nS0VJQ0FnSUREdGZMN29nRRAB,ChIJO1q3LzEWby4RpQo3x1g-ig0,Santana Resto,Kuningan,Kuliner,1,"Pelayan nya terlalu pelenga, pelayanan yg kurang",2024-04-12T13:53:42.684Z,Dam dam,104741180528787147762,False,0,id,2026-05-04T16:55:05.325165
ChdDSUhNMG9nS0VJQ0FnSUREMWJLVDF3RRAB,ChIJO1q3LzEWby4RpQo3x1g-ig0,Santana Resto,Kuningan,Kuliner,1,View nya sih bagus tapi pelayanan nya g bagus banget nunggu kopi 2 jam nunggu makanan juga 2 jam tak kunjung datang,2024-04-12T12:06:02.424Z,azhar saputra,100484375710996043128,False,0,id,2026-05-04T16:55:05.325175
ChdDSUhNMG9nS0VJQ0FnSUNEMGRDRnh3RRAB,ChIJO1q3LzEWby4RpQo3x1g-ig0,Santana Resto,Kuningan,Kuliner,1,"Jangan pernah percaya dengan foto yang ada disini , tempag nya sudah lama tidak terawat , makanan nya bad, ayam bakar gosong , saya pesen dan booking tempat dikasih menu yag paketan ada ayam, tahu tempe , dan karedok , tapi yng datang hanya ayam dan nasi , pesen takjil sudah dingin rqsanya nya amis , dan dikasih sendok bekas mixue , dengan harga yang menurut saya gk masuk akal , dan rasa yang tidak masuk akal , !!!!!! Tidak jual air mineral !! Coba bayangkan orng lagi puasa dikasih cobaaan makanan begini!! Sudah pesen teh manis gelas nya kotor bangt😭😭😭 saya mengeluarkan uang 600rn hanya untuk makanan dan tempat yang bad",2024-03-29T11:43:15.429Z,Ika Indriani,101595161475545256267,True,3,id,2026-05-04T16:55:05.325191
ChZDSUhNMG9nS0VJQ0FnSUQ5NnB5bU53EAE,ChIJO1q3LzEWby4RpQo3x1g-ig0,Santana Resto,Kuningan,Kuliner,1,"pelayanan yang sangat jelek, tidak sesuai, makanan biasa aja.
pelayanan yang sangat lama",2024-03-15T13:27:15.030Z,Alfa Rizki,102458298171041593496,False,0,id,2026-05-04T16:55:05.325199
ChZDSUhNMG9nS0VJQ0FnSUM5eF9DTE5REAE,ChIJO1q3LzEWby4RpQo3x1g-ig0,Santana Resto,Kuningan,Kuliner,1,"the food is not fresh, bad experience.",2024-03-10T14:23:29.426Z,unknown user,115256500719645621734,False,0,en,2026-05-04T16:55:05.325209
ChdDSUhNMG9nS0VJQ0FnSUM5b19maTd3RRAB,ChIJO1q3LzEWby4RpQo3x1g-ig0,Santana Resto,Kuningan,Kuliner,1,"Pengalaman kuliner terburuk:

(-)
1. Pelayanan lama 1 jam lebih, pdhl gada pelanggan lain dan hanya pesan 3 menu.
2. Makanan sangat tidak worth it, gurame asam manis cuma pakai saos botolan, mengsedih gada bumbu sama sekali, buset dah.
Cireng keras hambar, ayam geprek yah begitulah :'(
3. Gelas kotor, ga ada tissue, tusuk gigi dll.
4. Ruangan sangat gelap, minimal nyalain lampu dikit lah boss.
5. Kasir luamaa, harus nyatet ulang pesanan, dan bolak balik liat harga ke menu. Mau Bayar aja nunggu lagii padahal ga ada antrean.
6. Toilet sangat kotor dan bau, sampai pusing banget. Kayaknya 1 abad ga dibersihin.
7. Keseluruhan bangunan kotor, berantakan, dan ga ter-urus.

(+)
Yg bagus cuma satpam nya ramah,
Itu aja, bingung soalnya gadalagi.

Kesimpulan:
Sepertinya ini pegawainya malas2 dan jorok, mohon owner dapat mereview kembali, karena sebenarnya resto memiliki potensi yg bagus mengingat lokasi dan view yg lumayan strategis di area wisata.

Penutup:
Intinya ingin ku berkata kasar.",2024-03-09T06:16:26.539Z,dino thunder,103649746225023785667,False,3,id,2026-05-04T16:55:05.325238
ChdDSUhNMG9nS0VJQ0FnSUM5bzdlNzFBRRAB,ChIJO1q3LzEWby4RpQo3x1g-ig0,Santana Resto,Kuningan,Kuliner,2,"Kalau mau ke Arunika tapi penuh dan waiting list, mending tetep tunggu di Arunika daripada ke Santana Resto walaupun deket. Pelayanannya lama. Bnget. Makanannya sad food, gurame asam manis tapi pake saos botolan dan ga diguyur ke Guramenya. Cireng Rujak tapi sambel rujaknya dikit dan gada rasanya",2024-03-09T05:43:39.286Z,Iskandar Zulk,104754371051361841898,False,1,id,2026-05-04T16:55:05.325248
ChdDSUhNMG9nS0VJQ0FnSUM5OUlEX2xnRRAB,ChIJO1q3LzEWby4RpQo3x1g-ig0,Santana Resto,Kuningan,Kuliner,3,"Sepi banget, serasa milik sendiri, pas datang di kira tutup 😄

Harga lumayan tinggi u menu yg biasa2 aja, tp kalo u suasana ajib lah, sejuk, tenang..t4 parkir luas",2024-03-03T05:38:09.451Z,Abdurachim Abdurachim,100413876648085118300,True,0,id,2026-05-04T16:55:05.325257
ChdDSUhNMG9nS0VJQ0FnSUNkeHUzcGtRRRAB,ChIJO1q3LzEWby4RpQo3x1g-ig0,Santana Resto,Kuningan,Kuliner,2,"Menunggu makanan hampir 2 jam, tempatnya kurang terurus",2024-02-14T21:48:11.699Z,Lely Handayani,118406602682179476003,False,0,id,2026-05-04T16:55:05.325269
ChdDSUhNMG9nS0VJQ0FnTURBNk9Tbm1RRRAB,ChIJb3lnO5kWby4RZlPPAzcxLHk,Katineung Chinese Food Yogya,Kuningan,Kuliner,5,langganan di katineung kalo pas lagi pulang kuningan. makanannya enak”.,2025-02-06T17:34:19.029Z,stevani laurensia,105053815166220924762,True,0,su,2026-05-04T16:55:05.325279
ChdDSUhNMG9nS0VJQ0FnSUNoellta3JBRRAB,ChIJb3lnO5kWby4RZlPPAzcxLHk,Katineung Chinese Food Yogya,Kuningan,Kuliner,5,Beberapa menu better disini daripada di RM Katineung yang dekat SD2 Kuningan.,2023-02-19T09:10:00.374Z,ROYKE FERRARI,101505159282291492796,True,0,id,2026-05-04T16:55:05.325293
ChdDSUhNMG9nS0VJQ0FnSUNvdDl5aDVnRRAB,ChIJb3lnO5kWby4RZlPPAzcxLHk,Katineung Chinese Food Yogya,Kuningan,Kuliner,5,"baru tau ada katineung disini, dulunya di tempat yang dkt masjid SI Kuningan",2019-03-05T02:28:42.258Z,EDWAR SETYAWAN,113975495493978047282,True,0,id,2026-05-04T16:55:05.325303
ChZDSUhNMG9nS0VJQ0FnSUNJOTZidEx3EAE,ChIJb3lnO5kWby4RZlPPAzcxLHk,Katineung Chinese Food Yogya,Kuningan,Kuliner,4,Makanan sehat....rasa oriental,2018-12-12T12:42:47.571Z,Uus Kusnandar,101403448647176013753,True,0,id,2026-05-04T16:55:05.325343
Ci9DQUlRQUNvZENodHljRjlvT21OR1psSkliWFpRYUdoamRXOTRlRzVxUkZJM00zYxAB,ChIJbe4i_eAXby4RTBIzaGCTtRY,Saung Kopi Hawwu,Kuningan,Kuliner,4,Makanannya enak dan beragam. Tempatnya luas dan banyak space. Harga terjangkau. Vibes tempo dulu..,2026-05-01T23:52:46.580Z,Citra D Gitalestari,108399985178992611300,True,0,id,2026-05-04T16:55:05.325396
Ci9DQUlRQUNvZENodHljRjlvT21WV1ZsWjRhamxMVGtaM1dEWnhlRGhtTTI1YU9VRRAB,ChIJbe4i_eAXby4RTBIzaGCTtRY,Saung Kopi Hawwu,Kuningan,Kuliner,4,Sambelnya kurang pedes terus agak asin hehe,2026-05-01T05:23:19.561Z,Nita Meinovita,102814776639912214481,True,0,id,2026-05-04T16:55:05.325406
Ci9DQUlRQUNvZENodHljRjlvT201SWEyMTBZak5GZWtONlJIcFdhWEpoY1VFNFgxRRAB,ChIJbe4i_eAXby4RTBIzaGCTtRY,Saung Kopi Hawwu,Kuningan,Kuliner,5,"makanan nyunda enak di kuningan, prasmanan, enak enak makanannya",2026-04-20T15:47:52.047Z,Arvin Alghifari,117804727718915343626,True,0,id,2026-05-04T16:55:05.325440
Ci9DQUlRQUNvZENodHljRjlvT2xGUldXTlVPR05hUm0xdE1rZEVRVTQxWDJaTk0zYxAB,ChIJbe4i_eAXby4RTBIzaGCTtRY,Saung Kopi Hawwu,Kuningan,Kuliner,5,warung makannya bagus.. vibes dan atmosphere nya kayak pedesaan Djawa Barat Tempo Doeloe.. rasa makanannya maknyuss dan harganya masih tetap ramah dikantong.. you must try klo lg maen / singgah di Kuningan,2026-04-15T06:49:35.749Z,Cahyadi Putra,108623292436007864489,True,0,id,2026-05-04T16:55:05.325465
Ci9DQUlRQUNvZENodHljRjlvT25GcmRuQkhVR3BVWVVGQlpFcFlOR1JNTW5WVGJHYxAB,ChIJbe4i_eAXby4RTBIzaGCTtRY,Saung Kopi Hawwu,Kuningan,Kuliner,5,Restoran ala jawa prasmanan.,2026-04-05T22:51:54.426Z,Fariz Dzifaz,103487800003502072429,True,0,id,2026-05-04T16:55:05.325482
Ci9DQUlRQUNvZENodHljRjlvT21wMVQzQlFlRVF6VTNsV1JIbHhhMWhwTlZWUlkwRRAB,ChIJbe4i_eAXby4RTBIzaGCTtRY,Saung Kopi Hawwu,Kuningan,Kuliner,5,Sayur SOP kurang enak,2026-04-05T09:50:28.660Z,Vonyk,108511370533544972184,False,0,id,2026-05-04T16:55:05.325496
Ci9DQUlRQUNvZENodHljRjlvT25SVGVVNDBlR2gxVjNoUFJXeDFOa0UyWmxjd01WRRAB,ChIJbe4i_eAXby4RTBIzaGCTtRY,Saung Kopi Hawwu,Kuningan,Kuliner,4,"Makan bernuansa pedesan jaman dahulu
Makanan ambil sendiri soal rasanya cukup enak, sayur lodehnya enak, es cuingnya manis gurih, tempatnya luas, ada musholahnya juga, ada warung souvenir, parkiran luas",2026-04-05T09:44:57.082Z,Han Novianto,102398633396265284133,True,0,id,2026-05-04T16:55:05.325506
Ci9DQUlRQUNvZENodHljRjlvT25CS1FreDRlazVPT0dOVk4xRm1NVkJsV0RsbGQwRRAB,ChIJbe4i_eAXby4RTBIzaGCTtRY,Saung Kopi Hawwu,Kuningan,Kuliner,4,"Tradisional tempatnya, serasa makan di kampung 😃✌️",2026-03-28T05:48:21.067Z,Agus Otter,107216178054283900022,True,0,id,2026-05-04T16:55:05.325564
Ci9DQUlRQUNvZENodHljRjlvT2tFeU5IVnhaMnB2VVd0dVNWOXpiVTEwTlhSYVlYYxAB,ChIJbe4i_eAXby4RTBIzaGCTtRY,Saung Kopi Hawwu,Kuningan,Kuliner,4,"Rasanya enak, tersedia berbagai menu kafe dan nasi, dengan harga terjangkau. Cuma minus di jumlah waiternya terbatas, dan saat tiba pagi sambal belum jadi.",2026-03-23T03:06:22.724Z,Muhammad Wildan Kamil,104710694588396093041,True,0,id,2026-05-04T16:55:05.325606
Ci9DQUlRQUNvZENodHljRjlvT25KNmJHcHBWMWd5WWtGM2IwRjJOVE5hVFVGbWNXYxAB,ChIJbe4i_eAXby4RTBIzaGCTtRY,Saung Kopi Hawwu,Kuningan,Kuliner,5,Satu adik satu keponakan diantara dua orang ini lagi lihat gambar video di HP saya. Nah kebetulan saya lagi pakai blutut. Pas HP di gedein suaranya saya sampai loncat dan kita bertiga tertawa sampai lepas . Karena mereka nggak tau kalo saya blutut. Sampai pengunjung pada ngeliatin kita. Itu lah yang sangat berkesan makan dan ngopi di saung kopi hawwu..,2026-02-21T23:38:46.152Z,Siti Fatimah,116133855768137582813,False,0,id,2026-05-04T16:55:05.325645
Ci9DQUlRQUNvZENodHljRjlvT2toaE1uWkRjbkIzY0RKd05GVTBiakZyVDNSYWMwRRAB,ChIJbe4i_eAXby4RTBIzaGCTtRY,Saung Kopi Hawwu,Kuningan,Kuliner,5,Tempat makan serasa di jaman dahulu tapi makanannya enak,2026-02-18T21:08:28.135Z,Saepul Bahri,105582443984621682130,True,0,id,2026-05-04T16:55:05.325662
Ci9DQUlRQUNvZENodHljRjlvT25OSVJYUXhRbXBPZDFGcGRrZzViSEYwZVdSUWJsRRAB,ChIJbe4i_eAXby4RTBIzaGCTtRY,Saung Kopi Hawwu,Kuningan,Kuliner,5,"Serasa di rumah nenek, dengan suasana yang dibiarkan alami.",2026-02-10T08:05:08.892Z,Vera Verawati,110643097570975621623,False,0,id,2026-05-04T16:55:05.325677
Ci9DQUlRQUNvZENodHljRjlvT2xweVNYRjVObVpDY25sSk1sSjVXRE5uVlRRNGFtYxAB,ChIJbe4i_eAXby4RTBIzaGCTtRY,Saung Kopi Hawwu,Kuningan,Kuliner,5,Makanan tradisional jawa prasmanan. Pilihan lauk banyak. Lodehnya ga boleh dilewati,2026-02-08T14:55:16.526Z,Novan C N,115313928881317977315,True,0,id,2026-05-04T16:55:05.325692
Ci9DQUlRQUNvZENodHljRjlvT25wNVJXeGtURzF2VTNWSlpFc3llVzF1Tm5kalptYxAB,ChIJbe4i_eAXby4RTBIzaGCTtRY,Saung Kopi Hawwu,Kuningan,Kuliner,1,"Cuma toilet nya ga ada yg duduk
Smua jongkok untuk org gemuk jd nya susah",2026-02-07T09:52:27.893Z,Irma Herdiany,111224331774937241509,False,0,id,2026-05-04T16:55:05.325703
Ci9DQUlRQUNvZENodHljRjlvT2pOQlNGQTNaMjVwWVMxVGJFSjRSRzg1WTA1WGRHYxAB,ChIJbe4i_eAXby4RTBIzaGCTtRY,Saung Kopi Hawwu,Kuningan,Kuliner,4,"Prasmanan disini dengan harga yang terjangkau, enak-enak khas sunda apalagi sambel dadak yang fresh dan pedes nampol, makan segini banyak ga sampe ngabisin 100 ribu, suasananya tempo zaman dulu dengan ornamen-ornamen yang dipajang bikin kangen masa dulu. Untuk keran air ada yang tidak berfungsi mungkin bisa diperbaiki agar tidak terlalu jauh untuk cuci tangan",2026-02-05T02:37:31.896Z,FIIDAAP,118298848419590911908,False,0,id,2026-05-04T16:55:05.325714
Ci9DQUlRQUNvZENodHljRjlvT2twa1IxY3dOMlYzV210cmIzUnpVVGRrUVhSd01sRRAB,ChIJbe4i_eAXby4RTBIzaGCTtRY,Saung Kopi Hawwu,Kuningan,Kuliner,5,Recomend buat makan siang nya mantul,2026-02-01T13:30:11.240Z,Heri Herlambang,102824081571058575302,True,0,id,2026-05-04T16:55:05.325725
Ci9DQUlRQUNvZENodHljRjlvT21WVGJrUm1RMHhPVkhVMWMxSXhVR2xQY21GcGMzYxAB,ChIJ94y4vywUby4RR0zcT9VUhcw,Alun-Alun Kota Kuningan,Kuningan,Kuliner,5,"Bagus, sayang belum sempet foto disini. Lain waktu bakal update dengan foto",2026-05-02T11:14:41.099Z,Raga Mahendra,117415670764307764958,True,0,id,2026-05-04T16:55:05.325753
Ci9DQUlRQUNvZENodHljRjlvT21weFJGUkdSRVpEYkhkaU9HcG1Ta3RvTVhwcVJsRRAB,ChIJ94y4vywUby4RR0zcT9VUhcw,Alun-Alun Kota Kuningan,Kuningan,Kuliner,3,"Kurang teratur
Toilet & tempat sampah sangat perlu",2026-05-02T04:07:09.499Z,ferri Utomo,102268859278209209186,False,0,id,2026-05-04T16:55:05.325769
Ci9DQUlRQUNvZENodHljRjlvT25GS2N5MTZRakl5Tms5MVYyVkNiVk16ZVVWM1duYxAB,ChIJ94y4vywUby4RR0zcT9VUhcw,Alun-Alun Kota Kuningan,Kuningan,Kuliner,5,"Pusat Kota Kuningan....
Ramai kalau hari Sabtu/Libur karena banyak yang olahraga.
Sepanjang kanan-kiri banyak toko-toko legend...
Dominan warna MERAH... apakah warna ini adalah warna khas Kuningan?",2026-05-02T00:34:44.168Z,Hernu Sulistyo,117385234032971341626,True,0,id,2026-05-04T16:55:05.325778
Ci9DQUlRQUNvZENodHljRjlvT2xsdlFWTjNWMGQ2ZDAxS1YxQnJWR2t0TFdOUk9VRRAB,ChIJ94y4vywUby4RR0zcT9VUhcw,Alun-Alun Kota Kuningan,Kuningan,Kuliner,5,Tempatnya bagus buat nyantai dan refresing keluarga,2026-04-29T22:00:54.626Z,Idin Rohidin,100384704437513936461,True,0,id,2026-05-04T16:55:05.325814
Ci9DQUlRQUNvZENodHljRjlvT2toYWRYWlJOVlJZVm5OM09HWkRiRVJ5U1drMFlsRRAB,ChIJ94y4vywUby4RR0zcT9VUhcw,Alun-Alun Kota Kuningan,Kuningan,Kuliner,5,Mantap untuk santai.,2026-04-28T04:39:03.421Z,Bagus Arianto,103675514998275514082,True,0,id,2026-05-04T16:55:05.325850
Ci9DQUlRQUNvZENodHljRjlvT21adWVWcFVSRlZmYlVwblgxRXRlWE5GUm1ScmFHYxAB,ChIJ94y4vywUby4RR0zcT9VUhcw,Alun-Alun Kota Kuningan,Kuningan,Kuliner,5,Lingkungan yang asri dan sejuk,2026-04-26T14:50:48.227Z,Yuda Perdana,107227981484995290858,False,0,id,2026-05-04T16:55:05.325896
Ci9DQUlRQUNvZENodHljRjlvT2s1VlltNDJXR2d5WVRoeWVHeFZYMVJUUlUxU1pFRRAB,ChIJJSzBOzsZby4RZwADbj1Tf6Y,Anggun Coffee dan Resto,Kuningan,Kuliner,1,"Pelayanannya lama & jelek bgt. Utamain customer yg udah reservation sebelumnya, walaupun kita dateng duluan. Tidak profesional. Akhirnya kita cancel karna udah nunggu 1 jam makanan juga belum dateng, cuma bayar minumannya aja.
Rasa minumannya juga tidak rekomen.",2025-09-06T13:38:20.785Z,Herlina Pratiwi,105948264480705850933,False,0,id,2026-05-04T16:55:05.325940
Ci9DQUlRQUNvZENodHljRjlvT2xNNGVXYzRTalZUTVVoM2VHNVZOMkpsWmxremRVRRAB,ChIJJSzBOzsZby4RZwADbj1Tf6Y,Anggun Coffee dan Resto,Kuningan,Kuliner,1,"kacau ini pelayanannya,
gak menghargai waktu orang
sebagai pendatang dari Jakarta , bener2 terparah pelayanan dicafe ini

2 jam nunggu
pesenan yg datang cuma minum saja,
kondisi sepi kosong,

ternyata ada rombongan datang ,
dan baru diinfo kalau pesanan diutamakan rombongan org lain dlu",2025-09-06T13:38:01.625Z,indah fidriana,107613411510857149652,True,0,id,2026-05-04T16:55:05.325951
Ci9DQUlRQUNvZENodHljRjlvT2tKVlJUWjNXbFJ1YVVSS1RtaEtkRnBVWWpoV1pWRRAB,ChIJJSzBOzsZby4RZwADbj1Tf6Y,Anggun Coffee dan Resto,Kuningan,Kuliner,1,"Sampai sana jam 19.00 kurang tp di lantai 2 sdh full reservasi(orgnya blm dtg). Kita sdh pesan makanan dan minuman, tp hampir 1 jam cuma minuman saja yg keluar, dgn alasan dahulukan yg lantai 2. Padahal kita dluan yg sampai.. gak profesional",2025-09-06T13:36:53.016Z,Permadi Saksono,101852793386970264731,False,0,id,2026-05-04T16:55:05.325961
Ci9DQUlRQUNvZENodHljRjlvT25aWE1YWTRjMWxRVFZKbFpFZGljMlZwWjA5RlpIYxAB,ChIJJSzBOzsZby4RZwADbj1Tf6Y,Anggun Coffee dan Resto,Kuningan,Kuliner,1,Ih meja berdebu karyawan gak ramah . Makanan rasanya kureng,2025-07-23T06:24:54.244Z,Ariska Agustina,109099442765724403475,False,0,id,2026-05-04T16:55:05.325979
Ci9DQUlRQUNvZENodHljRjlvT21wVWIyRnpSa00xYkRReGVUZG5XbnBCYUdWelRYYxAB,ChIJJSzBOzsZby4RZwADbj1Tf6Y,Anggun Coffee dan Resto,Kuningan,Kuliner,3,Makanan tidak sepwrti tahun lalu. Beda manajemen katanya,2025-07-20T04:33:31.113Z,Husna Dini,104477703271722690068,True,0,id,2026-05-04T16:55:05.325988
ChdDSUhNMG9nS0VJQ0FnTUNJdnByMjNBRRAB,ChIJJSzBOzsZby4RZwADbj1Tf6Y,Anggun Coffee dan Resto,Kuningan,Kuliner,1,"pelayanan lama sekali,makan udh abis minum blm di anter! daging nyaa alott bgt,ga rekomen",2025-04-02T09:19:51.845Z,Rieke fauziahna,104097117152574254522,False,0,id,2026-05-04T16:55:05.326039
ChdDSUhNMG9nS0VJQ0FnTUNnbDRIN3RRRRAB,ChIJJSzBOzsZby4RZwADbj1Tf6Y,Anggun Coffee dan Resto,Kuningan,Kuliner,4,"makanan ok.ful musik ..harga tdk mahal ..ok banget ..saat hujan ...mie tek tek nya .. enak ..
tks anggun copi & resto ..telah mengobati kami yang kelaparan ...",2025-02-21T10:56:24.955Z,rspp ranap,111033099782680011490,False,0,id,2026-05-04T16:55:05.326049
ChZDSUhNMG9nS0VJQ0FnTURBaHBDZVRBEAE,ChIJJSzBOzsZby4RZwADbj1Tf6Y,Anggun Coffee dan Resto,Kuningan,Kuliner,3,Pengunjung sedang tidak ramai tapi pelayanan LUAAAMAA,2025-02-08T12:45:49.184Z,Jepri Pajar,115347770028348027918,True,0,id,2026-05-04T16:55:05.326064
Ci9DQUlRQUNvZENodHljRjlvT2xaMVJEQnBSbXhDTlZOTk9XNW9XVkJIUTFWMk4yYxAB,ChIJ94y4vywUby4RR0zcT9VUhcw,Alun-Alun Kota Kuningan,Kuningan,Kuliner,5,Area nongkrong di malam hari.  dengn makanan surabi yang terkenal di kuningan,2026-04-20T09:57:41.854Z,Agus Priyanto,107471505344008091289,True,0,id,2026-05-04T16:55:05.326093
Ci9DQUlRQUNvZENodHljRjlvT2tSVFJWQm5iR2RCYlhac1dtOXJSVzFYYldoaFpIYxAB,ChIJ94y4vywUby4RR0zcT9VUhcw,Alun-Alun Kota Kuningan,Kuningan,Kuliner,5,meujeuh jang hulang huleng mah🗿,2026-04-19T21:14:56.590Z,Jibril Al Jabbar,115057321910622414211,False,0,su,2026-05-04T16:55:05.326108
Ci9DQUlRQUNvZENodHljRjlvT2t0MlgzTk9WSGh4Wm1Ka1UxVXhTR0pQU0VveVJHYxAB,ChIJ94y4vywUby4RR0zcT9VUhcw,Alun-Alun Kota Kuningan,Kuningan,Kuliner,5,Standar .bykin tempat sampah juga biar mudah buang sampah.harganya lumayan pricely,2026-04-17T06:44:49.579Z,Dewi Siti nurzanah,102389373717916895763,False,0,id,2026-05-04T16:55:05.326186
Ci9DQUlRQUNvZENodHljRjlvT2pSUVVGbDNlRkJPU0ZWblZtSmpiV28yTVhrelJrRRAB,ChIJ94y4vywUby4RR0zcT9VUhcw,Alun-Alun Kota Kuningan,Kuningan,Kuliner,5,bagus tempatnya nyaman,2026-04-17T00:12:59.010Z,Indriani Arnetha Adriya,115983000933439095393,True,0,id,2026-05-04T16:55:05.326195
Ci9DQUlRQUNvZENodHljRjlvT214V1NHbHZUMVJ0Tmt0RGJrRXdZbHBEYlY5M1IxRRAB,ChIJ0bJ2mQC52YgRzWcVvOpTiNs,Canton Palace Chinese Restaurant,Kuningan,Kuliner,5,"I like:
Pan fried Noodle
-
Special Wonton Soup (Brocoli dilutes flavor)
Special fried rice",2026-04-11T21:09:15.322Z,Dav,112021338639798759061,False,0,en,2026-05-04T16:55:05.326225
Ci9DQUlRQUNvZENodHljRjlvT210cGQyNXBlVWx1VjJSRlRsWk5Obk5PWWxGQ1ZHYxAB,ChIJ0bJ2mQC52YgRzWcVvOpTiNs,Canton Palace Chinese Restaurant,Kuningan,Kuliner,5,Local place in a strip mall with no frills dining.  Very very good Cantonese cuisine!  We will be back if we’re ever in the area again!!!,2026-04-06T14:12:35.918Z,Jen Global Travel,117277609986132304801,True,0,en,2026-05-04T16:55:05.326243
Ci9DQUlRQUNvZENodHljRjlvT2s4MGVrSjRWRmhFWWs1clFXdDZkemxSZEU1cFJHYxAB,ChIJ0bJ2mQC52YgRzWcVvOpTiNs,Canton Palace Chinese Restaurant,Kuningan,Kuliner,4,"This is a quintessential old-school Miami Chinese restaurant. Great value and quality. We came in on an early Saturday afternoon. While we were there, a couple of tables walked in, and they also had a steady stream of pick-up orders. The special soup for two was awesome. Honestly, everything we ordered was delicious.
The service is prompt but not necessarily friendly, it isn’t unpleasant either. Just no nonsense, straight to the point.",2026-04-01T19:51:04.667Z,Joanna Vasquez,108879964627171547492,True,0,en,2026-05-04T16:55:05.326253
ChdDSUhNMG9nS0VJQ0FnSURlX2JqWXBBRRAB,ChIJ0bJ2mQC52YgRzWcVvOpTiNs,Canton Palace Chinese Restaurant,Kuningan,Kuliner,4,Getting back to it's former glory after new management.,2026-03-28T21:35:42.071Z,Jose Vazquez,111853453599684195995,True,1,en,2026-05-04T16:55:05.326264
Ci9DQUlRQUNvZENodHljRjlvT25OTE5WRTVSa3Q1VVVoTWFWVlpheTEzVGxZeVYzYxAB,ChIJ0bJ2mQC52YgRzWcVvOpTiNs,Canton Palace Chinese Restaurant,Kuningan,Kuliner,1,After ordering from then after so many years.  Good was terrible!  Called to let them know if they changed their cook to advised then of our terrible experience.  No customer service at all.,2026-03-15T22:55:00.936Z,Marlene hervis,111150790876119173511,False,0,en,2026-05-04T16:55:05.326307
Ci9DQUlRQUNvZENodHljRjlvT25WT1pUWnZka05EUkhGdVZrbEJla1F0T1RkUE9FRRAB,ChIJ0bJ2mQC52YgRzWcVvOpTiNs,Canton Palace Chinese Restaurant,Kuningan,Kuliner,2,"CUSTOMER BEWARE:  Food was not bad. It's a hit or miss depending on the item. The salt and pepper seafood trio was meh...the squid was fried WAY too long and was tough and leathery. NO fish in it. Shrimp was sparse. My Mom called out the preparation on some of the other dishes but it wasn't too bad.  It is a little smaller and cozy which again is fine.

READ ON PLEASE.

WHAT my parents, family and I DID NOT appreciate -- and this might be entirely accidental, but I highly doubt it -- is that they:

1.) They charge an 8% sales tax (I am from out of town to see the folks but found out later it should be 7% MAX).

2.) They charged the tax FIRST and THEN they calculated the 18% mandatory larger dining group afterwards. They cannot do that as it results in them getting collecting more $$ to unsuspecting clientele. Hopefully it was a mistake. But mistakes are convenient like that...if they are not caught and brought to management's attention.

Being charged 18% gratuity and the numbers charged to favor a higher bill...hmmm.  Spunds a little predatory don't you think? How many times has this happened? A couple of dollars here and there amount to potentially hundreds of dollars a day they can be potentially pocketing! I hope I am wrong but not in this case.

Ohhh....an additional issue:

3.) They charge 3% fee if you use a credit card? In this day and age?! Now this like rubbing salt to the wound after the billing debacle.

At this point, not coming back: not really worth the drive for the food...and definitely not for the predatory way they play with your bill.  Be careful my friends.",2026-03-01T04:53:02.777Z,Al Lee,116177726934090166913,True,0,en,2026-05-04T16:55:05.326319
Ci9DQUlRQUNvZENodHljRjlvT2xsSWJFbFplVjh3WDNORVNXNHhhVll4Wmt4dE9XYxAB,ChIJ0bJ2mQC52YgRzWcVvOpTiNs,Canton Palace Chinese Restaurant,Kuningan,Kuliner,5,Great food and customer service,2026-02-15T15:17:05.581Z,Octavio Garcialopez,108939529245994615518,True,0,en,2026-05-04T16:55:05.326338
Ci9DQUlRQUNvZENodHljRjlvT2tKQmFuRXlkemR1ZVdWWlgya3RWMko0VjNOc2IwRRAB,ChIJ0bJ2mQC52YgRzWcVvOpTiNs,Canton Palace Chinese Restaurant,Kuningan,Kuliner,2,"We ordered from Canton Palace and got the crab Rangoon, which tasted sweet and disgusting. We couldn’t even eat the seafood sauté because it was totally covered with ginger and inedible. It was probably the worst Chinese food I’ve ever had.",2026-01-26T15:11:00.645Z,Carolyn Bodzin,112677509876550324711,True,0,en,2026-05-04T16:55:05.326360
Ci9DQUlRQUNvZENodHljRjlvT2t0NFNtZEhNSEV3ZG5oVVJrSXhkMkZHWnpSRVIxRRAB,ChIJ0bJ2mQC52YgRzWcVvOpTiNs,Canton Palace Chinese Restaurant,Kuningan,Kuliner,5,5 star authentic Chinese food,2026-01-05T08:59:21.876Z,Annie Jin,105471948032913566973,False,0,en,2026-05-04T16:55:05.326372
Ci9DQUlRQUNvZENodHljRjlvT25veFVsRjNVbXBqVGxSM00yWnJjbFEwUVhoMExWRRAB,ChIJ0bJ2mQC52YgRzWcVvOpTiNs,Canton Palace Chinese Restaurant,Kuningan,Kuliner,1,"Terrible,  we ordered online and extremely expensive, the food it's like a Chinese town in Habana,  fried rice, the mix it's just a bucket of literally only rice. Really disappointed.",2025-12-29T23:18:09.295Z,Dunia Garcia,102103633424866473199,True,0,en,2026-05-04T16:55:05.326389
Ci9DQUlRQUNvZENodHljRjlvT25wd1JsbGxTRkJXUWxKbmFYVnZaVlY1ZFRnMmFWRRAB,ChIJ0bJ2mQC52YgRzWcVvOpTiNs,Canton Palace Chinese Restaurant,Kuningan,Kuliner,5,"Attended a family function.
Food is Delicious.
Service is not bad.
Bare and simple atmosphere.",2025-12-15T22:33:58.551Z,Arlene Smith,102958647772765806884,False,0,en,2026-05-04T16:55:05.326399
Ci9DQUlRQUNvZENodHljRjlvT2kxUE5uWmxSR0pSYjBaVFkySnFkMEY0TUcwdFNtYxAB,ChIJ0bJ2mQC52YgRzWcVvOpTiNs,Canton Palace Chinese Restaurant,Kuningan,Kuliner,5,Delicious food and convenient location.,2025-12-14T00:36:58.759Z,John Smith,112804310682065949895,False,0,en,2026-05-04T16:55:05.326409
Ci9DQUlRQUNvZENodHljRjlvT2xOMFMyTnRhbkpUZGtOSmRqWkJORFJ1V0hCaVpHYxAB,ChIJ0bJ2mQC52YgRzWcVvOpTiNs,Canton Palace Chinese Restaurant,Kuningan,Kuliner,5,Love this Chinese restaurant! Really authentic Hong Kong style dim sum and Chinese food with affordable price ❤️,2025-12-07T20:43:03.644Z,Miami Photographer PhotoVideoCreate,105453009417590046029,True,0,en,2026-05-04T16:55:05.326427
Ci9DQUlRQUNvZENodHljRjlvT25WS1MyVjVSMVV4ZVdsRmRXdHVjVVZ2VFZwbVdIYxAB,ChIJ0bJ2mQC52YgRzWcVvOpTiNs,Canton Palace Chinese Restaurant,Kuningan,Kuliner,5,Good food.  Go there once a month.,2025-11-20T15:37:33.672Z,Eric Corredera,114254035932504375566,True,0,en,2026-05-04T16:55:05.326436
Ci9DQUlRQUNvZENodHljRjlvT2tOWGNUbGhkVk5mWmtsRFdrRkJSVnBoZUdrNFZVRRAB,ChIJbe4i_eAXby4RTBIzaGCTtRY,Saung Kopi Hawwu,Kuningan,Kuliner,5,Bakal balik lgi ke sini kl ke kuningan.,2026-01-31T03:50:06.029Z,Diah puspa,108699088762383774538,True,0,id,2026-05-04T16:55:05.326455
Ci9DQUlRQUNvZENodHljRjlvT25wak0xRkxRVzVqU2tKS1lsSnNTR1V4U2xCeFJYYxAB,ChIJbe4i_eAXby4RTBIzaGCTtRY,Saung Kopi Hawwu,Kuningan,Kuliner,5,"Extraordinary experience, large selection of delicious traditional Sundanese food and drinks (it was my first experience of drinking bajigur and now it's my favourite drink). But mostly so kind people and so beautiful environment! 10/10 would recommend.",2026-01-27T09:30:13.767Z,Markéta Skalková,108001079422408677815,True,0,en,2026-05-04T16:55:05.326479
Ci9DQUlRQUNvZENodHljRjlvT25GWk1FRkZUbGhtZVZoS2NrZHNabTEwVFhNMmJWRRAB,ChIJbe4i_eAXby4RTBIzaGCTtRY,Saung Kopi Hawwu,Kuningan,Kuliner,3,"Saiya sedih
Kok nggak kaya dulu lagi ini..
kesini sabtu 24 jan
Jam 7 malem...

Apa karena datang malem malem yaa
Nasinya dingin
Lauknya dingin
Teh nya dingin
😓

Kopi susunya masih uenaaakkk sih

Mungkin dicari konsep gmn biar makananya masih hangat
Semoga sukses selalu🔥",2026-01-24T12:31:26.220Z,hendro sukarso,116573285988226991899,True,0,id,2026-05-04T16:55:05.326490
Ci9DQUlRQUNvZENodHljRjlvT21KT1praDJTemhMT0ZadFVtTnNNQzFKZURoeGNGRRAB,ChIJbe4i_eAXby4RTBIzaGCTtRY,Saung Kopi Hawwu,Kuningan,Kuliner,5,"Tempatnya bagus, khas budaya sunda, nyaman juga terus makanannnya juga enak. Bajigurnya bikin nagih gak seret ke tenggorokan",2026-01-22T06:55:08.798Z,Shima Rin,113080394172767002003,True,0,id,2026-05-04T16:55:05.326522
Ci9DQUlRQUNvZENodHljRjlvT2pScWFFVXhNRkUzUVhSWWNFUnplVWt6V1Vnd2VYYxAB,ChIJbe4i_eAXby4RTBIzaGCTtRY,Saung Kopi Hawwu,Kuningan,Kuliner,5,"Love sama suasana dan interiornya, makanannya juga banyak pilihan, prasmanan dengan menu Sunda banget bikin nagih.
Tempat  fav di Kuningan untuk makan bareng Kel, sahabat ..",2026-01-20T13:03:44.324Z,Nchie Hanie,108525455959360756291,True,0,id,2026-05-04T16:55:05.326532
Ci9DQUlRQUNvZENodHljRjlvT2xadExUaE1YemRpZVRoWWIzTXpRV2RrVDB4M1MxRRAB,ChIJbe4i_eAXby4RTBIzaGCTtRY,Saung Kopi Hawwu,Kuningan,Kuliner,5,"Makanannya enak ,harga terjangkau ,tempatnya enakeun",2026-01-17T23:34:32.557Z,Mutia Mutia,108416489802768764121,True,0,id,2026-05-04T16:55:05.326542
Ci9DQUlRQUNvZENodHljRjlvT25ndE9GWjJORVJ2Vm5oUmFFUldWMEpqVFhCaE1uYxAB,ChIJbe4i_eAXby4RTBIzaGCTtRY,Saung Kopi Hawwu,Kuningan,Kuliner,4,"kopi ada di area bawah....
tubruk only 10 rebu....",2026-01-16T04:54:50.459Z,Rahmawati 95,106944701668506430906,True,0,id,2026-05-04T16:55:05.326561
ChZDSUhNMG9nS0VJQ0FnSURmbWVDMkhREAE,ChIJJSzBOzsZby4RZwADbj1Tf6Y,Anggun Coffee dan Resto,Kuningan,Kuliner,5,"Asik,bahagia, sejuk damai adem",2025-01-08T02:54:19.693Z,Terimalik 55,106852613128250267096,False,0,id,2026-05-04T16:55:05.326570
ChZDSUhNMG9nS0VJQ0FnSUNmMHNHZ09BEAE,ChIJJSzBOzsZby4RZwADbj1Tf6Y,Anggun Coffee dan Resto,Kuningan,Kuliner,3,"Dori sambal matah nya enak, ayam komplit jg enak sambelnya manteb, pisang keju dan roti bakarnya oke .. tpi syg steaknya agak keras dan kentang gorengnya sangat asin",2024-12-27T15:54:03.665Z,desyA greyA,108240564852974693303,True,0,id,2026-05-04T16:55:05.326580
ChZDSUhNMG9nS0VJQ0FnSUR2dGFtMkZBEAE,ChIJJSzBOzsZby4RZwADbj1Tf6Y,Anggun Coffee dan Resto,Kuningan,Kuliner,5,"Saat sedang bingung cari tempat dinner dekat hotelku menginap di Santika Linggarjati, pilihanku dan keluarga tertuju ke resto ini.

Aku datang sekitar jam 8 malam, kondisi resto sedang tidak ramai, hanya sekitar 3-4 customer saja. Lightingnya sih agak temaram, mungkin konsep restonya seperti itu. Ada banyak area tempat duduk, di lantai 2 malah luas banget. Ada stage untuk live music juga.

Aku coba menu western, yaitu chicken steak dan chicken cordon bleu. Untuk range harga mereka, makanannya oke sih. Jujur, makan di sini melebih ekspektasi.

IG: tracemyfootprints",2024-12-22T16:23:27.565Z,Siti Balkis,116183886106888839935,True,1,id,2026-05-04T16:55:05.326590
ChZDSUhNMG9nS0VJQ0FnSUQ3cktuTEJBEAE,ChIJJSzBOzsZby4RZwADbj1Tf6Y,Anggun Coffee dan Resto,Kuningan,Kuliner,5,Makanan nya enak apalagi nasi goreng seafood nya udah harga nya murah porsi nya juga lumayan banyak....lemon tea disini paling enak sih di banding lemon tea di cafe2 lain....pelayan nya ramah...kalo kita makan Disni bisa free karoke....,2024-08-22T04:48:16.175Z,Nia Erniasih,113536833373485060431,True,0,id,2026-05-04T16:55:05.326654
ChZDSUhNMG9nS0VJQ0FnSUM3MFBubVZREAE,ChIJJSzBOzsZby4RZwADbj1Tf6Y,Anggun Coffee dan Resto,Kuningan,Kuliner,5,"Salah satu coffee dan resto yg rekomen banget buat anda yg ingin bersantai menikmati menu makanan yg tersedia bersama pasangan,keluarga maupun solo tempat yg aestetik buat anda yg instagramebel",2024-08-11T15:40:21.724Z,Fahmi Agus,118098431856378410308,True,0,id,2026-05-04T16:55:05.326664
ChZDSUhNMG9nS0VJQ0FnSURycnNxQ0hnEAE,ChIJJSzBOzsZby4RZwADbj1Tf6Y,Anggun Coffee dan Resto,Kuningan,Kuliner,5,"Tempatnya luas tiga lantai,suasana menyenangkan ada live musik,bisa karaoke gratis,pelayanan ramah,Makanan & minuman enak harga terjangkau",2024-07-20T20:23:36.352Z,nenk710,117645616184898662117,True,0,id,2026-05-04T16:55:05.326673
ChdDSUhNMG9nS0VJQ0FnSUNybS1xcXdBRRAB,ChIJJSzBOzsZby4RZwADbj1Tf6Y,Anggun Coffee dan Resto,Kuningan,Kuliner,5,Asik untuk tempat rehat perjalanan bandung Kuningan,2024-07-11T10:20:44.968Z,Rr. Kurin,106731402150331779766,True,0,id,2026-05-04T16:55:05.326690
ChdDSUhNMG9nS0VJQ0FnSURMb3ZpMzhBRRAB,ChIJJSzBOzsZby4RZwADbj1Tf6Y,Anggun Coffee dan Resto,Kuningan,Kuliner,2,Mesen 1 menu nunggu nya 1 jam padahal lagi sepi saya paling gasuka nunggu lama soalnya,2024-06-26T12:24:59.434Z,Raffasya azka pratama,101722168262563821881,False,0,id,2026-05-04T16:55:05.326705
ChdDSUhNMG9nS0VJQ0FnSUR5MGRta253RRAB,ChIJJSzBOzsZby4RZwADbj1Tf6Y,Anggun Coffee dan Resto,Kuningan,Kuliner,5,"Tempat mewah dan bagus, terutama lantai 3. Kalau hujan suka tampias jika duduk di balkon.
Kualitas makanan beberapa kali coba tidak konsiaten. Cukup enak di awal2 buka, namun akhir2 ini kualitas kurang bagus. Ikan kurang fresh, daging steak agak alot, beda dengan kualitas makanan saat awal2 buka.
Pelayanan baik, karyawan ramah.

Hari ini saya dan keluarga coba lagi. Makanan sudah enak sekarang. Pelayanan tetap ramah seperti biasa. Hanya sedikit terganggu suara karaoke yang sumbang.
Overall kualitas makanan bagus dan rasanya cukup lezat. Harga juga cukup bersahabat.
Keep it up.

Update :
Kali ini kasih bintang 5 dah.....
Makanan sudah sangat improve. Enak semua.
Bebek bakar, chicken steak, ayam goreng dabu dabu. Enak semua, improvement yang bagus sejak terakhir ke sini.
Pasti balik lagi ke sini. Makanan enak, tidak terlalu ramai, harga bersahabat.
Good job Anggun.....",2024-06-15T12:13:56.694Z,erwin kusnadi,114528796194151513628,True,2,id,2026-05-04T16:55:05.326714
Ci9DQUlRQUNvZENodHljRjlvT20xSVVISm5lWEpaUW1GdmNFbGtaRGRaVG5kSWRYYxAB,ChIJ94y4vywUby4RR0zcT9VUhcw,Alun-Alun Kota Kuningan,Kuningan,Kuliner,5,Tempatnya ramai banyak jajanan kuliner,2026-04-14T13:59:39.871Z,J Pamungkas,115540071363502408880,True,0,id,2026-05-04T16:55:05.326758
Ci9DQUlRQUNvZENodHljRjlvT2taelluTnlWSFkzVW0xbGRFWnFOVTl6YlRCNVYzYxAB,ChIJ94y4vywUby4RR0zcT9VUhcw,Alun-Alun Kota Kuningan,Kuningan,Kuliner,4,"Lumayan lah alun2 nya, cuman yg disayangkan area yg di depan pujasera itu gelep banget kenapa ya.. terus tidak ada pengaturan itu sepeda listrik, mebhayakan",2026-04-13T12:14:51.439Z,bagus handika,107720142908549078586,True,0,id,2026-05-04T16:55:05.326774
Ci9DQUlRQUNvZENodHljRjlvT210S1YyMHRiRzR4UkZsblNHMHhTemwyWVhwelRWRRAB,ChIJ94y4vywUby4RR0zcT9VUhcw,Alun-Alun Kota Kuningan,Kuningan,Kuliner,4,Alhamdulillah; masjid besar kota kuningan,2026-04-13T01:14:57.661Z,"EKO SUSIYANTO, M",109345757228658235784,True,0,id,2026-05-04T16:55:05.326782
Ci9DQUlRQUNvZENodHljRjlvT21WVmJuWnJMWGhpUVhJeWEwcDFaRlJ4ZWxkMGIwRRAB,ChIJ94y4vywUby4RR0zcT9VUhcw,Alun-Alun Kota Kuningan,Kuningan,Kuliner,5,Rame terus disinimah,2026-04-12T07:39:19.671Z,Dede Rudiansyah,114136767869898659771,False,0,id,2026-05-04T16:55:05.326809
ChZDSUhNMG9nS0VJQ0FnSUNkLVBtWUpREAE,ChIJO1q3LzEWby4RpQo3x1g-ig0,Santana Resto,Kuningan,Kuliner,2,"Menu tidak lengkap, Lampunya kurang terang, tysu dan tusuk gigi tidak dikasih, padahal sdh minta, karaoke tidak di ruang tersendiri terlalu mengganggu dan pelayanann lelet tidak sebanding namanya...  terlalu berat di nama... pelayanan MENGECEWAKAN ... view aja yang bagus.",2024-02-11T16:51:25.387Z,H. Nusanto,108860871286683996904,True,0,id,2026-05-04T16:55:05.326835
ChdDSUhNMG9nS0VJQ0FnSUNkbVBxaXJnRRAB,ChIJO1q3LzEWby4RpQo3x1g-ig0,Santana Resto,Kuningan,Kuliner,1,"Lama bgt pesanan datang nya, padahal ga terlalu ramai",2024-02-11T07:27:35.929Z,Fajrin Destriawan,107293153833593149968,True,1,id,2026-05-04T16:55:05.326845
ChZDSUhNMG9nS0VJQ0FnSUNkc092T0FnEAE,ChIJO1q3LzEWby4RpQo3x1g-ig0,Santana Resto,Kuningan,Kuliner,1,"Lama banget cokkkk asli, mana menunya hampira gaada semua, pelayannya ga mau ngasih tau yang mana aja yang habis, jadi pas milih menu A ternyata abis balik lagi kebawah buat ngasih tau kalo jadinya menu B eh menu  b nya juga abis jadi nya C eh C nya juga abis, aturan langsung dikasih tanda di buku menu kalo makanannya abis, ini bener bener bikin kesel, mana lama banget aliggg. Ga lagi lagi maaf",2024-02-10T08:47:48.677Z,Farhatun Azizah,106643965135406498233,False,1,id,2026-05-04T16:55:05.326863
ChdDSUhNMG9nS0VJQ0FnSUNkc09XXzFBRRAB,ChIJO1q3LzEWby4RpQo3x1g-ig0,Santana Resto,Kuningan,Kuliner,1,"Pelayanan buruk. Tidak ada urutan antri pesanan, yg datang duluan terlambat dateng  makanannya. Waktu tunggu makanan lama, kami lebih dari 2 jam nunggu makanan dateng. Terakhir dateng ksini, cukup hari ini saja.",2024-02-10T07:57:24.434Z,MUJY 1306,113215528695464340436,False,0,id,2026-05-04T16:55:05.326873
ChdDSUhNMG9nS0VJQ0FnSUNkc05HczB3RRAB,ChIJO1q3LzEWby4RpQo3x1g-ig0,Santana Resto,Kuningan,Kuliner,1,Ga mau lagi pelayanannyaaa zonk makan dateng 2 jam setelah pemesanan. Kalo ga karna macet mungkin gakan kesini . Sebelumnya mungkin mau yang coba kesini buat tanya dulu ngantri atau tidak. Saya bawa balita udah rewel gara-gara nunggu makan. Walaupun makanannya lumayan tp tdk menutupi rasa kecewa.,2024-02-10T07:24:39.634Z,Kevin Khalid,103616249348411882055,False,0,id,2026-05-04T16:55:05.326901
ChdDSUhNMG9nS0VJQ0FnSUR0dWVESW53RRAB,ChIJO1q3LzEWby4RpQo3x1g-ig0,Santana Resto,Kuningan,Kuliner,4,"Makanan lumayan, cuma agak lama, suasana enak sekali dingin, sejuk, bisa liat pemandangan",2024-02-05T15:42:48.575Z,Vann,106327226346325340039,True,0,id,2026-05-04T16:55:05.326913
ChdDSUhNMG9nS0VJQ0FnSUN0NUxDeHF3RRAB,ChIJO1q3LzEWby4RpQo3x1g-ig0,Santana Resto,Kuningan,Kuliner,3,"kemarin mampir kesini, sejujurnya saya gak beli makanannya, hanya beli minumannya saja. secara ambience tempat sebenarnya udah oke, sayang menu dan pelayanannya masih banyak yg harus ditingkatkan.
untuk sekelas resto yang punya lokasi bagus, minimal menu harus bisa ditingkatkan lagi. misalnya, kopi (saya rasa masih menggunakan minuman kemasan) coba dikemas dan diracik yang lebih bagus lagi, menu makanan jg bisa ditampilkan contoh foto/rekomendasi di menu.
pelayanan juga, kemarin saat saya berkunjung hanya ada 2 meja yg terisi, tapi pelayan tidak kunjung menghampiri untuk memastikan pesanan saya, harus disampiri lebih dahulu.
semoga pengelolaan kafe ini bisa lebih diperbaiki, sayang sekali soalnya.",2024-01-29T05:07:25.834Z,Anindityas Rahmalia Putri,107315409683176505248,False,0,id,2026-05-04T16:55:05.326924
ChZDSUhNMG9nS0VJQ0FnSURObmJpVUtREAE,ChIJO1q3LzEWby4RpQo3x1g-ig0,Santana Resto,Kuningan,Kuliner,5,"Kedua kalinya saya menikmati makan malam di Santana Resto, rasa masakannya tetap memuaskan, sesuai selera. Ditambah lagi bisa sambil karaoke dan menikmati indahnya suasana malam",2024-01-25T02:56:04.477Z,maria goretti,108489409861082558182,True,0,id,2026-05-04T16:55:05.326943
ChZDSUhNMG9nS0VJQ0FnSUROc3RDZlR3EAE,ChIJO1q3LzEWby4RpQo3x1g-ig0,Santana Resto,Kuningan,Kuliner,1,Pelayanan yang sangat buruk udah gt lama bangett .pokoknya ngarett bikin org emosi  padahal sendiikit bgt loh orangnya. Gada permintaaan maaf sama sekali..,2024-01-21T08:16:51.329Z,Nopy yanti,101933599817866177288,False,0,id,2026-05-04T16:55:05.326953
ChdDSUhNMG9nS0VJQ0FnSUROMHEzaXJBRRAB,ChIJO1q3LzEWby4RpQo3x1g-ig0,Santana Resto,Kuningan,Kuliner,1,Pelayanan nya sungguh amat lama,2024-01-21T07:47:44.477Z,Shanty Veronika,104439970254067362701,False,0,id,2026-05-04T16:55:05.326962
Ci9DQUlRQUNvZENodHljRjlvT2tFdGFsSjNhSGxvUTFabk5IbHNlazloWmxSU05YYxAB,ChIJ0bJ2mQC52YgRzWcVvOpTiNs,Canton Palace Chinese Restaurant,Kuningan,Kuliner,5,"the most amazing hidden gem place. their food is always fresh, big portions and reasonably priced. not to mention fast service!",2025-11-14T22:13:37.014Z,Hannah B,109007928866903697903,True,0,en,2026-05-04T16:55:05.326970
Ci9DQUlRQUNvZENodHljRjlvT2xwWmIwNUVhRGd4UjFrMU5WWkdWMGhJVlhOdVNFRRAB,ChIJ0bJ2mQC52YgRzWcVvOpTiNs,Canton Palace Chinese Restaurant,Kuningan,Kuliner,5,Best chinese food in florida,2025-10-29T01:13:51.263Z,Manuel Quiroz,110021089608687744199,True,0,en,2026-05-04T16:55:05.326980
Ci9DQUlRQUNvZENodHljRjlvT21aak5rOUlOekZ4UlhSYWMyZG1kR0pWVlhoTFVIYxAB,ChIJ0bJ2mQC52YgRzWcVvOpTiNs,Canton Palace Chinese Restaurant,Kuningan,Kuliner,1,"Absolutely Disgusting – Stay Away!

I am outraged by the experience I had at this restaurant. First, we were served a plate of rice with a hair in it. Disgusted, we sent it back and decided to give them another chance—big mistake. The replacement dish also had a hair in it. Two separate plates. Two hairs. Completely unacceptable.

The waiter apologized multiple times, and we appreciated the attempt to make things right, but by then, our appetite was completely gone. We asked for the check and were shocked to receive only a 10% discount—for food we could not and did not eat.

This is not just poor service, it's a total health and hygiene failure. Absolutely disgusting. We left hungry, upset, and still had to pay for this nightmare of a meal.

STAY AWAY. This place clearly has no quality control and no respect for their customers.",2025-10-22T18:37:38.597Z,Bee Justina,117712351886275786132,True,0,en,2026-05-04T16:55:05.326991
Ci9DQUlRQUNvZENodHljRjlvT25SaE5qUlhiVE40Wlc5RlYwTlNhRFJaV1ZCU2MwRRAB,ChIJ0bJ2mQC52YgRzWcVvOpTiNs,Canton Palace Chinese Restaurant,Kuningan,Kuliner,5,Buena relacion calidad precio,2025-10-07T03:22:59.045Z,Grecia Machado,112878381057856827588,True,0,es,2026-05-04T16:55:05.327008
ChZDSUhNMG9nS0VJQ0FnSUN4MGZtZmZBEAE,ChIJ0bJ2mQC52YgRzWcVvOpTiNs,Canton Palace Chinese Restaurant,Kuningan,Kuliner,5,"A True Dim Sum Gem in Miami
Canton Palace is, without a doubt, one of Miami's best-kept secrets for authentic and delicious dim sum. I always take visiting guests here, and it never disappoints. My mother recently flew in from Arizona, and her approval sealed the deal—this place is truly special.

We had an incredible meal, and she absolutely loved every dish we tried. The bell peppers stuffed with pork and shrimp were a standout, a perfect blend of fresh vegetables and savory filling. We also enjoyed the Fried Shrimp Taro, which was incredibly tasty and had a wonderful texture. The classic Pork and Shrimp Dumplings were also very good, perfectly cooked and full of flavor.

The meal continued with the delightful Bean Curd Rolls, and we finished on a sweet note with the Red Bean Sesame Balls. It was the perfect dessert to end a perfect meal. I'm so glad my mom enjoyed every single dish.

If you're looking for an authentic and memorable dim sum experience in Miami, Canton Palace is the place to go. You won't be disappointed!",2025-09-22T17:38:42.091Z,ศุภาวัฒ เจนอักษร,102171459789372865428,True,0,en,2026-05-04T16:55:05.327017
Ci9DQUlRQUNvZENodHljRjlvT2pNMVVIUm1TekJQWmpGTWRuUmhWbWRMYzNWS1NGRRAB,ChIJ0bJ2mQC52YgRzWcVvOpTiNs,Canton Palace Chinese Restaurant,Kuningan,Kuliner,5,Love this place.  An absolute neighborhood gem.,2025-08-16T01:30:28.235Z,ROBERT FORNOS,103494475567360107692,True,0,en,2026-05-04T16:55:05.327034
Ci9DQUlRQUNvZENodHljRjlvT205TFUyeDBRM2d5U0VzMWVrMVZTVUl0TWs4eVIzYxAB,ChIJ0bJ2mQC52YgRzWcVvOpTiNs,Canton Palace Chinese Restaurant,Kuningan,Kuliner,5,"I have been going to this restaurant for the past 17 years. The food, quality and consistency has never changed and it’s for the best. In my opinion they have some of the best home food. From the wonton soup, egg rolls, fried shrimp balls, pan fried dumplings my absolute favorite. Best special friend rice, beef broccoli, sweet and sour chicken, the list goes on but just some of my favorites to name a few. The prices are reasonable especially for the portion sizes. I am glad this restaurant is still around because it brings me back nostalgic childhood memories.",2025-08-04T04:19:37.096Z,Koda Perez,111342309847363658766,True,0,en,2026-05-04T16:55:05.327042
Ci9DQUlRQUNvZENodHljRjlvT25GUFNFeHphak5qYldkTk1HaHNjR0pMUWpKSGNIYxAB,ChIJ0bJ2mQC52YgRzWcVvOpTiNs,Canton Palace Chinese Restaurant,Kuningan,Kuliner,5,Vendee arroz chino venezolano todo está muy sabroso,2025-07-18T16:23:07.435Z,Cesar Bastardo,113870467364532394303,True,0,es,2026-05-04T16:55:05.327051
Ci9DQUlRQUNvZENodHljRjlvT25WaFRpMVljbWhmYlRJeFRXdFdWWFJaZFRkYVVtYxAB,ChIJ0bJ2mQC52YgRzWcVvOpTiNs,Canton Palace Chinese Restaurant,Kuningan,Kuliner,4,"The dishes are good, with a variety of options. The seasoning and side dishes aren’t completely authentic, but still acceptable.",2025-07-13T23:26:36.538Z,砂糖ドーナツ,103511495791127791481,True,0,en,2026-05-04T16:55:05.327067
Ci9DQUlRQUNvZENodHljRjlvT20xUGQxWlJWbVJ1YWpkSU1USlVNVkpIWDFKUGFrRRAB,ChIJ0bJ2mQC52YgRzWcVvOpTiNs,Canton Palace Chinese Restaurant,Kuningan,Kuliner,1,"With ""Canton"" in their name, I was expecting authentic Hong Kong style cooking, but my experience was very disappointing.  Both the Sauteed Scallops and the Shrimp Ball with Bean Curd tasted the same--really bland.  In fact, the bean curd was overcooked and broken, while shrimp balls were sour (old, expired).  Salt and Pepper Squid had very little seasoning, leathery tough, and mostly batter.  They also don't itemize receipts, which makes it hard for business expenses.  Not returning here again.",2025-07-12T01:26:53.727Z,Tom L,115947396378341284907,True,0,en,2026-05-04T16:55:05.327076
Ci9DQUlRQUNvZENodHljRjlvT21OWmRWVmFVRzVSV1ZWS01YSlNaRUl5ZDBSRlNYYxAB,ChIJ0bJ2mQC52YgRzWcVvOpTiNs,Canton Palace Chinese Restaurant,Kuningan,Kuliner,3,"I ordered 1 quart of Special fried rice and two orders of Spring rolls, the rice was tasteless so I called and a woman  answered  the phone and I was only trying to  help her business  and told her how tasteless  the rice was. I told her I was not going to return  it but she needs to try the food they are selling. This woman got mad at me and hung up the phone. Well good luck and I hope they do something  about it because soon they will not have any more Canton Palace.",2025-07-04T23:17:41.394Z,Alberto Medrano,111257025936875311357,True,0,en,2026-05-04T16:55:05.327085
ChZDSUhNMG9nS0VJQ0FnSUMtX3FyUkJnEAE,ChIJ0bJ2mQC52YgRzWcVvOpTiNs,Canton Palace Chinese Restaurant,Kuningan,Kuliner,5,"Still the best Cantonese food I have ever had. Bar none. If you have never had authentic Chinese food, this is where you can try it. Dim sum is served all day and it's fresh every time.",2025-06-20T19:13:18.338Z,Denise Mckinney,118141459740027345891,True,0,en,2026-05-04T16:55:05.327095
Ci9DQUlRQUNvZENodHljRjlvT2s5ME5VdDJVemsxTW1oSk1WUjNkbTB3Vkcxb2NIYxAB,ChIJ0bJ2mQC52YgRzWcVvOpTiNs,Canton Palace Chinese Restaurant,Kuningan,Kuliner,1,"Todo muy bueno pero no deberían dejar entrar a personas con perros que todo el tiempo ladraba, Què falta de respeto para los otros clientes que comíamos allí y para colmo le echaban comida en la alfombra para que comiera y se callara, pueden chequear las càmaras 2.30 pm del 6/16/25
Es antihigiénico y me gustan los animales pero No para estar en un local cerrado y con alfombra y el perro ladrando, espero no se repita, soy fiel cliente de èste lugar.Gracias .",2025-06-16T19:09:12.032Z,maria zabalo maria zabalo,114353635372291905702,True,0,es,2026-05-04T16:55:05.327114
ChZDSUhNMG9nS0VQVFFyWnF0c05XeUJBEAE,ChIJ0bJ2mQC52YgRzWcVvOpTiNs,Canton Palace Chinese Restaurant,Kuningan,Kuliner,4,"The first time I came to this restaurant was years ago and I absolutely loved it. I forgot the dishes I tried but I remember everything was good. So when I was craving Chinese food today, I decided to come here and the food was just as delicious as I remembered it. To eat, we ordered the krab rangoon, spring rolls, pan fried dumplings and chicken lo mein with white rice. And everything was delicious. The krab rangoon was crunchy and you could definitely taste the crab meat in it. The shrimp in the spring rolls was a nice surprise. The pan fried dumplings were tasty as well. As to the lo mein, it was cooked to perfection. The service was okay. We did have to ask for water refills and to go containers but they packed our leftovers, which was nice of them to do. The server also gave us suggestions as to the portion size of the entree when we were ordering, which we appreciated. As to the ambiance, it could be better. The table next to us was dirty and it took them a while to clean it and the chairs may need updating. Overall, the place is clean. I would definitely return to this restaurant again whenever I’m craving Chinese food again.",2025-06-15T03:15:13.577Z,Indiana Lanzas,109082693311336218040,True,0,en,2026-05-04T16:55:05.327123
ChZDSUhNMG9nS0VNdl9tXy1zaE4tbVhnEAE,ChIJ0bJ2mQC52YgRzWcVvOpTiNs,Canton Palace Chinese Restaurant,Kuningan,Kuliner,5,Everything is beyond delicious! I absolutely loved it! My new spot for authentic Chinese dining Yum. Addictive,2025-05-17T22:29:13.153Z,Earth Angel 737,115799258331493984709,False,0,en,2026-05-04T16:55:05.327132
ChdDSUhNMG9nS0VPZnJqYWlTdnJtUHpnRRAB,ChIJ0bJ2mQC52YgRzWcVvOpTiNs,Canton Palace Chinese Restaurant,Kuningan,Kuliner,1,"Charge 18% tips on top of sale tax. Tips should be upto the customer. It is very bad practice. I call that steeling or ripped off. Waiter worked on your table may be 15 minutes, earn money over $35. It is more than a doctor make. Doctor have studied for years and waiter just hand you the food.",2025-05-17T10:09:52.204Z,Cheuk Wai T. Chu,115789346143618646830,False,0,en,2026-05-04T16:55:05.327141
ChdDSUhNMG9nS0VJQ0FnSUN6MmNESmxnRRAB,ChIJJSzBOzsZby4RZwADbj1Tf6Y,Anggun Coffee dan Resto,Kuningan,Kuliner,5,Tempatnya bagus dan nyaman. Rasa makanan enak dan disediakan juga table top games. Pilihan menu makanan juga ramah balita,2024-06-03T08:48:57.786Z,Anindya Hastungkara,112556576462329467090,True,0,id,2026-05-04T16:55:05.327150
ChdDSUhNMG9nS0VJQ0FnSUNUMGNMem13RRAB,ChIJJSzBOzsZby4RZwADbj1Tf6Y,Anggun Coffee dan Resto,Kuningan,Kuliner,4,Near to ma home,2024-05-15T23:32:54.479Z,IMan,118058621814639613566,False,0,en,2026-05-04T16:55:05.327165
ChZDSUhNMG9nS0VJQ0FnSURqb191TlZ3EAE,ChIJJSzBOzsZby4RZwADbj1Tf6Y,Anggun Coffee dan Resto,Kuningan,Kuliner,5,Tempat yg oke buat melepas lelah setelah bekerja.. Nyaman dan menenangkan,2024-05-07T02:51:13.469Z,Heri Setiawan,103562233592736994749,True,0,id,2026-05-04T16:55:05.327173
ChZDSUhNMG9nS0VJQ0FnSURqbk5yOUJnEAE,ChIJJSzBOzsZby4RZwADbj1Tf6Y,Anggun Coffee dan Resto,Kuningan,Kuliner,5,"Gagal menikmati suasana malam Kuningan di sini, coz pukul 20.00 karyawan sudah pulang semua, kita sebagai pengunjung ditinggal. Yang punya rencana ke sini jangan terlalu malam ya.",2024-04-30T13:40:17.964Z,Rino Sulaiman S,102840882671814482852,True,0,id,2026-05-04T16:55:05.327181
ChZDSUhNMG9nS0VJQ0FnSUNqNXJDeWR3EAE,ChIJJSzBOzsZby4RZwADbj1Tf6Y,Anggun Coffee dan Resto,Kuningan,Kuliner,5,"Ga expect sama cafe ini, harga nya terjangkau ( kalo orang jabodetabek sih pasti bilang murah), semua menu yang kita pesen gak ada yang gagal semua nya enak. Pengalaman bagus sih ini.",2024-04-21T01:20:26.924Z,Jaelani Jaelani,103721363619434836499,True,0,id,2026-05-04T16:55:05.327190
Ci9DQUlRQUNvZENodHljRjlvT21VdFRuQlpTSEZEUkRsTmNsQk9jVlJGZDJrM01WRRAB,ChIJGU4QofgXby4RuL1oWDzZsVI,Imah Amih Resto and Cafe,Kuningan,Kuliner,5,"Nemu tempat yg cocok bgt buat ngumpul keluarga dengan suasana nyaman santay dan nuansa classic modern, makannya juga enak pass rekomendedd",2026-05-04T05:29:52.710Z,Nauval andriansyah,116843404544802260295,False,0,id,2026-05-04T16:55:05.327253
Ci9DQUlRQUNvZENodHljRjlvT2taeU1tZDJWMlJOUmxob1RFazJiMGRvVVRSVFNrRRAB,ChIJGU4QofgXby4RuL1oWDzZsVI,Imah Amih Resto and Cafe,Kuningan,Kuliner,5,Datang tanpa reservasi tapi tetap dapat tempat nyaman. Staff-nya sigap bantu carikan tempat duduk. Overall pelayanannya bagus,2026-05-03T07:03:32.428Z,Arman,114774904547142228536,True,0,id,2026-05-04T16:55:05.327267
Ci9DQUlRQUNvZENodHljRjlvT25KRlMxbFhVbUZvUVRZek5WYzFjemxrTkRKMmNGRRAB,ChIJGU4QofgXby4RuL1oWDzZsVI,Imah Amih Resto and Cafe,Kuningan,Kuliner,5,"Tempatnya luas dan nggak sumpek. Enak buat bawa anak-anak juga. Menu yang saya pesan semuanya oke, terutama ikan bakarnya",2026-05-03T06:58:50.623Z,Ida Bagus Jasmika,117671868601060861008,True,0,id,2026-05-04T16:55:05.327277
Ci9DQUlRQUNvZENodHljRjlvT25wMUxUTTFNSEZqYzI1SlpGTXdaSE0zYkRGUVMwRRAB,ChIJGU4QofgXby4RuL1oWDzZsVI,Imah Amih Resto and Cafe,Kuningan,Kuliner,5,"Salah satu tempat makan yang enak buat santai. Saya datang bareng keluarga, semua cocok sama rasanya. Sambalnya nagih banget",2026-05-03T06:57:06.479Z,Hartati Indah,100499091491410348108,True,0,id,2026-05-04T16:55:05.327286
Ci9DQUlRQUNvZENodHljRjlvT21kWE1rSnFWMVZsZUdKM1lqTlZZM0l5Um5nM1VVRRAB,ChIJGU4QofgXby4RuL1oWDzZsVI,Imah Amih Resto and Cafe,Kuningan,Kuliner,5,"Tempat yang sangat direkomendasikan untuk berkumpul bersama keluarga maupun teman! Suasananya sangat nyaman dan homey, sesuai dengan namanya. Area makannya bersih, dan pelayanannya pun ramah serta cepat.
Makanan & Minuman: Rasanya lezat dengan porsi yang pas dan penyajian yang menggugah selera.
Suasana: Tenang dan cocok untuk bersantai sambil menikmati hidangan.
Sangat layak mendapatkan 5 bintang!",2026-05-03T05:44:40.942Z,Moskov Gg,105019563069004400655,False,0,id,2026-05-04T16:55:05.327297
Ci9DQUlRQUNvZENodHljRjlvT2tWallXdEpiSGwxUTNKVmJtZzJja2h5ZFd0emQxRRAB,ChIJGU4QofgXby4RuL1oWDzZsVI,Imah Amih Resto and Cafe,Kuningan,Kuliner,5,Bedeeeehhhh sedep dah pokoknya makanan sundanya nyunda banget rekomen banget..,2026-05-03T05:29:13.687Z,Aolia Cantik,115852552064966946551,False,0,id,2026-05-04T16:55:05.327306
Ci9DQUlRQUNvZENodHljRjlvT2xWM1ZYRkRTazFuUldreGRteGZXR1JFY0c1WGJrRRAB,ChIJGU4QofgXby4RuL1oWDzZsVI,Imah Amih Resto and Cafe,Kuningan,Kuliner,5,"tempat nya bagusss ,nyaman,makanannya juga ramah di kantong",2026-05-03T05:28:40.183Z,Zulfia Nun,109071286454639520533,False,0,id,2026-05-04T16:55:05.327317
Ci9DQUlRQUNvZENodHljRjlvT2tKVGVWZG5aRXBXUzFnMGNXUkdVVlpYWVU1dFVWRRAB,ChIJGU4QofgXby4RuL1oWDzZsVI,Imah Amih Resto and Cafe,Kuningan,Kuliner,5,Terbaik. Menu beragam. Harga ramah di kantong.,2026-05-03T05:19:56.438Z,SITI AOLIA,116859646287071870278,False,0,id,2026-05-04T16:55:05.327326
Ci9DQUlRQUNvZENodHljRjlvT21nNWEyWnhYMk5KZW5oNmJDMUdVekZJY0V0cGMyYxAB,ChIJGU4QofgXby4RuL1oWDzZsVI,Imah Amih Resto and Cafe,Kuningan,Kuliner,5,Makanan nya enak  dan  karyawan ramah,2026-05-03T03:20:30.147Z,KamiUser Tank,105029309627657312837,False,0,id,2026-05-04T16:55:05.327335
Ci9DQUlRQUNvZENodHljRjlvT21kUWExVnFiMTlLWTNNelJDMVlWRmxqV0RNMWMxRRAB,ChIJGU4QofgXby4RuL1oWDzZsVI,Imah Amih Resto and Cafe,Kuningan,Kuliner,5,Mantap pelayanannya ramah,2026-05-03T02:12:43.137Z,Laura Laura,109275628029767749994,False,0,id,2026-05-04T16:55:05.327358
Ci9DQUlRQUNvZENodHljRjlvT21vd2JXbFdPR0p3TTB4d00ySjFXRWczVVZnMldYYxAB,ChIJGU4QofgXby4RuL1oWDzZsVI,Imah Amih Resto and Cafe,Kuningan,Kuliner,5,Enak tempatnya sangat nyaman,2026-05-03T02:01:07.980Z,Loura Noviandita,115110398706374476398,False,0,id,2026-05-04T16:55:05.327369
Ci9DQUlRQUNvZENodHljRjlvT21kMFJWTnpaM05QZEZKUlJGVnVUa1ZvWWxoRFJGRRAB,ChIJGU4QofgXby4RuL1oWDzZsVI,Imah Amih Resto and Cafe,Kuningan,Kuliner,5,Tempat nya nyaman dan enak terus karyawan nya ramah ramah,2026-05-03T01:53:04.946Z,Firman Syah,106547722506089326203,False,0,id,2026-05-04T16:55:05.327389
Ci9DQUlRQUNvZENodHljRjlvT21zNFdVMTJVSGd3VUZOUGQxVnpjamxaWVZKd00yYxAB,ChIJGU4QofgXby4RuL1oWDzZsVI,Imah Amih Resto and Cafe,Kuningan,Kuliner,5,"Akses mudah pakai mobil, parkir luas, makanan harga & porsi worthed lah, rasa so so, ok lah. Playground bayar lagi 20rb peranak (harus pakai kaos kaki, klo ga ada bisa beli 5rb). Ada kolam renang juga bayar lagi 25rb/anak.",2026-05-02T05:42:46.140Z,Gatot BP,113070093874101722273,True,0,id,2026-05-04T16:55:05.327401
Ci9DQUlRQUNvZENodHljRjlvT2tNM1duSjFaalpNWmtkd1ZYaEtXV00yV2xoUGFtYxAB,ChIJGU4QofgXby4RuL1oWDzZsVI,Imah Amih Resto and Cafe,Kuningan,Kuliner,5,"Overall puas makan di sini. Dari rasa, tempat, sampai pelayanan semuanya oke. Bakal balik lagi kalau ke Kuningan",2026-05-01T14:07:47.814Z,Chris Evans,112779470355834920794,False,0,id,2026-05-04T16:55:05.327411
Ci9DQUlRQUNvZENodHljRjlvT25GcFNrSmtOVlYyWlZKcmMzaGZkV0pCUTJwaFQwRRAB,ChIJGU4QofgXby4RuL1oWDzZsVI,Imah Amih Resto and Cafe,Kuningan,Kuliner,5,"Tempatnya luas dan banyak pilihan tempat duduk. Saya datang sama teman-teman, semua pada suka makanannya",2026-05-01T14:07:18.161Z,Aryo Robert,103612001836800359134,False,0,id,2026-05-04T16:55:05.327423
Ci9DQUlRQUNvZENodHljRjlvT21NMGJrOWtRa2xLZFVaeGJ6UkJlRzQwYVZsS00wRRAB,ChIJGU4QofgXby4RuL1oWDzZsVI,Imah Amih Resto and Cafe,Kuningan,Kuliner,5,Harga masih masuk akal dengan rasa dan tempat yang didapat. Gurame gorengnya garing di luar tapi lembut di dalam.,2026-05-01T14:04:30.076Z,Genta maulana,114566590614997158204,False,0,id,2026-05-04T16:55:05.327433
Ci9DQUlRQUNvZENodHljRjlvT21OcGRsQTJibkpwTW0xd1JGZ3RZazFmVmxkeWNWRRAB,ChIJGU4QofgXby4RuL1oWDzZsVI,Imah Amih Resto and Cafe,Kuningan,Kuliner,5,"Tempatnya bersih dan tertata. Saya suka konsep saungnya, jadi lebih privat kalau makan bareng keluarga. Nasi liwetnya recommended",2026-05-01T14:02:53.635Z,Faridabilqis,104524583092764122103,False,0,id,2026-05-04T16:55:05.327442
Ci9DQUlRQUNvZENodHljRjlvT2t4S1ExTTVZM0ZhZG1SR1VsSkhOWE5uVVdaR1ZtYxAB,ChIJGU4QofgXby4RuL1oWDzZsVI,Imah Amih Resto and Cafe,Kuningan,Kuliner,5,"View-nya enak banget, banyak hijau-hijauan jadi bikin betah lama. Makanannya standar Sunda tapi rasanya enak dan fresh",2026-05-01T14:01:36.477Z,daniar siregar,102768888055913779717,False,0,id,2026-05-04T16:55:05.327451
Ci9DQUlRQUNvZENodHljRjlvT21OT2EyWllka1pEVVVWVVFqWTFOWFZDYWxBNFJsRRAB,ChIJ3606moAVby4R5nykkLZy5uE,Rumah Makan Katineung Chinese Food,Kuningan,Kuliner,5,"Dapet rekomendasi untuk mencicipi Chinese food disini saat perdin,Berikut review saya.

1. Pelayanan memasak lama bahkan minum keluar lama, padahal ada 3 orang.
2. Lantai 2 untuk kamar mandi sangat gelap bisa di bilang tidak layak .
3. Tidak ada pegangan untuk naik ke lt 2 dan cincin kramiknya, bau tikus.
4. Tidak ada harga di menu, dari pada bertanya2 efisien ada harga langsung.

+ Masakan enak
+ Payment 🏧 bisa Qris
+ Pesan auto free teh hangat tawar
+ Porsi lumayan banyak

Saya yakin dulu ini pasti ramai, tapi tolong jaga kualitas tempat dan pelayanan nya. Terimakasih",2025-11-19T15:50:07.885Z,Suka Jajan,110742391442304731044,True,0,id,2026-05-04T16:55:05.327461
ChZDSUhNMG9nS0VJQ0FnTURnc2RYWmRREAE,ChIJ3606moAVby4R5nykkLZy5uE,Rumah Makan Katineung Chinese Food,Kuningan,Kuliner,3,"Harganya lumayan mahal, rasa standar aja, saya order yamin ternyata mie nya lembek banget  gatau emang begitu standarnya atau gimana. Layanannya juga luaaaaaaama bgt butuh waktu hampir 45menit cuman buat bikin 2 porsi yamin. Tapi, suasanany nyaman sama porsinya juga mengenyangkan.",2025-08-14T16:06:49.930Z,Desi Resmiati,107938354035381588196,True,0,id,2026-05-04T16:55:05.327480
Ci9DQUlRQUNvZENodHljRjlvT2paRVpIbDBia0ZMZG1WalNITnlRMVJaUmpGalEzYxAB,ChIJ3606moAVby4R5nykkLZy5uE,Rumah Makan Katineung Chinese Food,Kuningan,Kuliner,3,"Harga makanan tidak tercantum, jadi agak kaget waktu liat bill saat di kasir :)

Lalu untuk durasi makanan sampai ke meja customer sangatt lama +45 menit, padahal keadaan resto sedang sepi 🙂",2025-08-14T15:55:41.531Z,Firman Ardiansyah,113901828410106755791,False,0,id,2026-05-04T16:55:05.327491
ChdDSUhNMG9nS0VJQ0FnTUNJNS1EajhBRRAB,ChIJ3606moAVby4R5nykkLZy5uE,Rumah Makan Katineung Chinese Food,Kuningan,Kuliner,1,Nunggu lebih dari sejam. Harga mahal tp ga sebanding sm kualitas. Pelayan ketus,2025-04-05T06:23:52.139Z,Rahmi Nurhafisa,106987873780666544394,False,0,id,2026-05-04T16:55:05.327502
ChdDSUhNMG9nS0VJQ0FnTUN3emFDSmh3RRAB,ChIJ3606moAVby4R5nykkLZy5uE,Rumah Makan Katineung Chinese Food,Kuningan,Kuliner,4,"Tenang, berasa dan mantap",2025-03-20T12:26:44.196Z,mardika tirtalaksana,109773715200010597919,True,0,id,2026-05-04T16:55:05.327512
ChZDSUhNMG9nS0VJQ0FnSURfN3FfQlZREAE,ChIJ3606moAVby4R5nykkLZy5uE,Rumah Makan Katineung Chinese Food,Kuningan,Kuliner,1,Order sapo tahu tapi kenapa sapo sudah asem tetep dimasak dan dijual? Mahal-mahal tapi kok gini? Kecewa banget.,2025-01-24T11:04:58.758Z,legita savit,110151298834055755857,False,0,id,2026-05-04T16:55:05.327522
ChZDSUhNMG9nS0VJQ0FnSUM3emZhYWV3EAE,ChIJ3606moAVby4R5nykkLZy5uE,Rumah Makan Katineung Chinese Food,Kuningan,Kuliner,5,Makanan nya enak..tapi nunggu nya lama,2024-08-18T00:23:20.907Z,Fina Dwi P,103964642887375157362,True,0,id,2026-05-04T16:55:05.327538
ChdDSUhNMG9nS0VJQ0FnSUNMc3FMOXRnRRAB,ChIJ3606moAVby4R5nykkLZy5uE,Rumah Makan Katineung Chinese Food,Kuningan,Kuliner,1,"Mahal banged bre, mana ga dikasi harga di menu. Dah gitu lama banget ada 45 mnt kali nunggu. saran kalo mo cepet jangan disini trus kalo mo pesen tanya dulu",2024-06-17T13:45:02.954Z,dhiya akram,117870243459259357962,False,0,id,2026-05-04T16:55:05.327548
ChdDSUhNMG9nS0VJQ0FnSUREN1lfb3ZBRRAB,ChIJ3606moAVby4R5nykkLZy5uE,Rumah Makan Katineung Chinese Food,Kuningan,Kuliner,5,Selaluuuu enak.. favorit nasi goreng ayam udangnya.. Juaraaaaaaa,2024-04-13T01:44:34.103Z,Vie Agustine,115635304232561496040,True,0,id,2026-05-04T16:55:05.327932
ChdDSUhNMG9nS0VJQ0FnSUREdUxHTjZnRRAB,ChIJ3606moAVby4R5nykkLZy5uE,Rumah Makan Katineung Chinese Food,Kuningan,Kuliner,1,Tolong untuk pesanan online di utamakan ya seperti resto² yg lain,2024-04-05T11:46:49.366Z,Q _Duys,102127538082344877029,False,0,id,2026-05-04T16:55:05.327950
ChZDSUhNMG9nS0VJQ0FnSUMxeXFfWE1BEAE,ChIJ3606moAVby4R5nykkLZy5uE,Rumah Makan Katineung Chinese Food,Kuningan,Kuliner,4,"Menunya sama.seperti chinese food yang lain, mungkin porsinya agak kurang dengan harga segitu, untuk rasa kalau dikasih penilaian 8/10",2023-12-27T14:11:04.761Z,Leonardo Siahaan,104046631725517905288,False,0,id,2026-05-04T16:55:05.327971
ChdDSUhNMG9nS0VJQ0FnSURWcXN1THVBRRAB,ChIJ3606moAVby4R5nykkLZy5uE,Rumah Makan Katineung Chinese Food,Kuningan,Kuliner,5,"Wa... udah hampir 20 tahun jualan rasanya sama enak . Tempatnya jg oldies

Menunya porsi keluarga 😃",2023-12-12T08:16:43.546Z,Shelvia Anggraeni,117986387728316351170,True,2,id,2026-05-04T16:55:05.327981
ChdDSUhNMG9nS0VJQ0FnSURGMnJxbzhRRRAB,ChIJ3606moAVby4R5nykkLZy5uE,Rumah Makan Katineung Chinese Food,Kuningan,Kuliner,5,"Makanan enak"" disini, bahan makanan segar..
Pelayanan ramah, suasana meski pinggir jalan tp ga begitu ramai",2023-11-06T02:20:52.035Z,Windi Srivimala,114992041518209502794,True,0,id,2026-05-04T16:55:05.327992
ChdDSUhNMG9nS0VJQ0FnSUQ1cHZpcDRRRRAB,ChIJ3606moAVby4R5nykkLZy5uE,Rumah Makan Katineung Chinese Food,Kuningan,Kuliner,2,Little bit pricy,2023-10-24T01:19:25.885Z,Yudi Yanuar,111173890158899194460,True,0,en,2026-05-04T16:55:05.328011
Ci9DQUlRQUNvZENodHljRjlvT21GbU0yNDFlblJhV0RGVlJIZFVjamc0UzJkUFVIYxAB,ChIJ8fWtdD0Xby4R-vtpM4L96j0,Rageman Resto & Coffee,Kuningan,Kuliner,1,Pelayanan y lama banget,2026-05-03T13:06:07.691Z,Ogi Suprayogi,101501346326851569211,True,0,id,2026-05-04T16:55:05.328021
Ci9DQUlRQUNvZENodHljRjlvT2xVdGNqaDNUVUppYmxjMVFrbFNWSGN5Vm10QmVuYxAB,ChIJ8fWtdD0Xby4R-vtpM4L96j0,Rageman Resto & Coffee,Kuningan,Kuliner,5,makanan enak. layanan ramah. 1 mei 2026,2026-05-01T06:47:26.592Z,DELTA NUSANTARA,112945310390686468562,True,0,id,2026-05-04T16:55:05.328037
Ci9DQUlRQUNvZENodHljRjlvT21Oc2QyZzVRVUZCUkRadmJqTkZRVXBQZUY5YWJWRRAB,ChIJ8fWtdD0Xby4R-vtpM4L96j0,Rageman Resto & Coffee,Kuningan,Kuliner,4,Viewnya ok bgt.,2026-04-28T10:08:58.353Z,rahmad febdi bas,106215020465811351756,True,0,id,2026-05-04T16:55:05.328049
Ci9DQUlRQUNvZENodHljRjlvT2tNeVJHWm9hbk0zWXpjMGFWWndTRzV3WTFwQlIyYxAB,ChIJ8fWtdD0Xby4R-vtpM4L96j0,Rageman Resto & Coffee,Kuningan,Kuliner,5,"Enak tempat nya cocok banget buat photo, kolam renang nya bersih,",2026-04-26T22:54:20.950Z,endang sugiati,106668998046649106652,False,0,id,2026-05-04T16:55:05.328058
Ci9DQUlRQUNvZENodHljRjlvT25SbGFYRklhVUp1YmtOclgzZ3daRFpvU1hGUU0zYxAB,ChIJ8fWtdD0Xby4R-vtpM4L96j0,Rageman Resto & Coffee,Kuningan,Kuliner,5,"Tempatnya bersih dan rapi, makanannya enak.",2026-04-19T08:39:11.028Z,Intan_ Tunas Mulya Poultry,105081036387697238988,True,0,id,2026-05-04T16:55:05.328068
Ci9DQUlRQUNvZENodHljRjlvT2toVFJVVmlWbFJ3TWtvNWFUaEhOV0poTUU1cllsRRAB,ChIJ8fWtdD0Xby4R-vtpM4L96j0,Rageman Resto & Coffee,Kuningan,Kuliner,5,"Tempatnya luas, nyaman dan makanannya enak",2026-04-08T06:35:00.108Z,Khusnul Hamidiyah,100553452066464590809,False,0,id,2026-05-04T16:55:05.328097
Ci9DQUlRQUNvZENodHljRjlvT2sxNFdHSkJWbWcyTFVsS1VIQkdjMjVOVUdkdlVIYxAB,ChIJ8fWtdD0Xby4R-vtpM4L96j0,Rageman Resto & Coffee,Kuningan,Kuliner,1,Lemot pelayanannya nunggu makanan hampir 40 menit padahal engga lagi rame pengunjung,2026-03-30T05:56:23.436Z,Iqbal Rifki Awali,117511586069633044373,False,0,id,2026-05-04T16:55:05.328149
Ci9DQUlRQUNvZENodHljRjlvT213d2RXTjRaMFF5TTE5MFRtMUphREpHTURWNmIzYxAB,ChIJ8fWtdD0Xby4R-vtpM4L96j0,Rageman Resto & Coffee,Kuningan,Kuliner,4,"Harus cobain nasgor tomyamnya, dipakein udang besar fresh berbumbu, tempatnya kids friendly dengan view oke",2026-03-29T17:21:23.385Z,yogaswara diera,102015858582807517605,True,0,id,2026-05-04T16:55:05.328158
Ci9DQUlRQUNvZENodHljRjlvT2xJNFZFRkdTWFF5YVVGVlRFaFVkRU5GVWtkZlNXYxAB,ChIJ8fWtdD0Xby4R-vtpM4L96j0,Rageman Resto & Coffee,Kuningan,Kuliner,5,Viewnya bagus bangettttttt makananya juga enaaaak,2026-03-26T13:20:20.013Z,Yuyun Trisnawati,109804510806342571407,True,0,id,2026-05-04T16:55:05.328170
Ci9DQUlRQUNvZENodHljRjlvT2tJMWJETlRaV3h0WDJWVWNXUk9YMlpGWDA5Zk5VRRAB,ChIJ8fWtdD0Xby4R-vtpM4L96j0,Rageman Resto & Coffee,Kuningan,Kuliner,3,"Untuk makanan kurang bagi keluarga aku,rasanya terlalu serba manis, harganya cukup mahal",2026-03-24T09:05:41.883Z,Desi Nurhayati,108406512642534222873,False,0,id,2026-05-04T16:55:05.328181
Ci9DQUlRQUNvZENodHljRjlvT25OQk0zQjVaa2R0YVU4d1NETTJNbGd0ZDI5d1kxRRAB,ChIJ8fWtdD0Xby4R-vtpM4L96j0,Rageman Resto & Coffee,Kuningan,Kuliner,1,"Di awal dateng mau pesen suruh nyari meja dulu br bisa pesen. Udh dapet meja, dikasih kertas buat pesen. Pas mau pesen, dibilangg close order, bisanya buat kopi sama cemilan doang. Nunggu 1 jam setengah. Kalo gabisa diawal ngomong! Gausah kasih kertas pesenan kalo gabisa. Pelayannya diajarin gak sih? Pada bingung semua ditanya2in",2026-03-24T07:35:08.009Z,Safira Rosalini,117760271056153143904,False,0,id,2026-05-04T16:55:05.328191
Ci9DQUlRQUNvZENodHljRjlvT21weVNETXlVSFZ4UVZGNlJuazFkV1o2TjBGb01tYxAB,ChIJ8fWtdD0Xby4R-vtpM4L96j0,Rageman Resto & Coffee,Kuningan,Kuliner,1,Jutek bgt pelayannya,2026-03-24T03:11:50.340Z,Ai siti Cahya,101518487014667507889,False,0,id,2026-05-04T16:55:05.328200
Ci9DQUlRQUNvZENodHljRjlvT213dFJ6QTVSR05DUzA1dlFUZ3hlSGRtUVU1QlZWRRAB,ChIJVQrrCgAXby4RJ6hmMjUCfLI,Padino Cafe n Resto,Kuningan,Kuliner,5,"Tempatnya tenang, nyaman, asri. Pelayanannya super ramah dah humble polll",2026-02-11T06:57:45.019Z,Fitri Nur Azizah,117000725912321763257,False,0,id,2026-05-04T16:55:05.328216
ChZDSUhNMG9nS0VJQ0FnTURJNXRpbWV3EAE,ChIJVQrrCgAXby4RJ6hmMjUCfLI,Padino Cafe n Resto,Kuningan,Kuliner,5,Kedai baru dengan konsep baru di Kuningan. Makanan dan kopinya recomended,2025-04-09T10:48:59.416Z,Kang Dhani Waja,103865931321412483791,True,0,id,2026-05-04T16:55:05.328226
ChdDSUhNMG9nS0VJQ0FnTURJbExLNnNRRRAB,ChIJVQrrCgAXby4RJ6hmMjUCfLI,Padino Cafe n Resto,Kuningan,Kuliner,5,"Kopinya enak, tempatnya bagus dan nyaman buat nongkrong",2025-04-07T11:10:51.728Z,Alhaqni Drum School,107702665293643528617,False,0,id,2026-05-04T16:55:05.328250
ChdDSUhNMG9nS0VJQ0FnSUNucmQzZTdnRRAB,ChIJVQrrCgAXby4RJ6hmMjUCfLI,Padino Cafe n Resto,Kuningan,Kuliner,5,"recommended bangett harga ramah dikantor
rasa resooo",2024-09-28T16:07:44.310Z,dina septianti,107616182015893034297,False,0,id,2026-05-04T16:55:05.328376
ChdDSUhNMG9nS0VJQ0FnSURIMFpiUXVRRRAB,ChIJVQrrCgAXby4RJ6hmMjUCfLI,Padino Cafe n Resto,Kuningan,Kuliner,5,"Makanannya enak, tempatnya nyaman , recommended bnget buat makan bersama keluarga",2024-09-17T04:27:13.973Z,Tita Juwita,108594797769420428106,False,0,id,2026-05-04T16:55:05.328387
ChZDSUhNMG9nS0VJQ0FnSUNMb3VXQkVBEAE,ChIJVQrrCgAXby4RJ6hmMjUCfLI,Padino Cafe n Resto,Kuningan,Kuliner,2,"Kurang recommended klo buat sy, sy pesan cumi goreng tepung harga 35000, yg dtng mengecewakan. Tepung dicumiin inimah,bukan cumi ditepungin...banyakan tepungnya dari pada cuminya.gk worth dg harga 35rb dpt isinya 6 tepung dicumiin. Tepung  dg 1 potong  cumi yg ukurannya 1-2 cm...saat byr ada beberapa menu yg harganya tidak sesuai dg di buku menu..harus lebih teliti.
Bikin hidangan yg masuk akal dengan harga, biar nanti customer balik lagi,,
Trus daftar harganya coba dibuat ulang,,biar gk beda2 harga pas bayar.",2024-06-17T04:57:15.962Z,Nabila Azzahra,115684393569999035930,False,0,id,2026-05-04T16:55:05.328398
ChdDSUhNMG9nS0VJQ0FnSUNUdDZhUy1BRRAB,ChIJVQrrCgAXby4RJ6hmMjUCfLI,Padino Cafe n Resto,Kuningan,Kuliner,5,"Rumah makan legendaris niih. Dulu paling laris.
Cita rasa masakan nya masih enak koq. Hanya saja mungkin kurang promosi nya sehingga agak sepi.",2024-05-20T08:00:46.908Z,My Journey,118173016008693793139,True,0,id,2026-05-04T16:55:05.328409
ChdDSUhNMG9nS0VJQ0FnSUNEdDQyT3hnRRAB,ChIJVQrrCgAXby4RJ6hmMjUCfLI,Padino Cafe n Resto,Kuningan,Kuliner,3,"Pertama makan disitu acara bukber sangat kecewa,SDH nunggu lama ternyata menu yg dpesan bnyk ygTDK tersedia pdhl ditawarkan🤦‍♀️....alasannya TDK bisa mendadak.....sekelas resto  ko gitu....pdhl resto keadaannya sepi ngga rame...kecewa deh.....hrg mahal tp penyajiannya ga bgt",2024-04-03T04:02:46.348Z,Ibu Lilik,105445388997542425216,False,1,id,2026-05-04T16:55:05.328421
ChdDSUhNMG9nS0VJQ0FnSUM5dThxQm1nRRAB,ChIJVQrrCgAXby4RJ6hmMjUCfLI,Padino Cafe n Resto,Kuningan,Kuliner,2,"1. pelayan dan yang masak sedikit, jadi nunggu nya lama banget bahkan 1 jam untuk menu 1 keluarga (10 orang). padahal datang di jam makan siang 13.30, tapi datang jam 3 sore
2. rasa makanan nya biasa aja, minuman cukup mahal
3. pelayan kurang ramah",2024-03-10T08:56:39.661Z,Tsabit A R,107391711132079263881,False,1,id,2026-05-04T16:55:05.328431
ChZDSUhNMG9nS0VJQ0FnSUM5bkpxQkxREAE,ChIJVQrrCgAXby4RJ6hmMjUCfLI,Padino Cafe n Resto,Kuningan,Kuliner,5,MantapZ.. kuy merapat ksini buat maksi atau ngupi.. recommended,2024-03-04T05:06:26.821Z,Ramon Zulkifli,111958813675767156090,True,0,id,2026-05-04T16:55:05.328440
ChZDSUhNMG9nS0VJQ0FnSUMxLWRQdlFREAE,ChIJVQrrCgAXby4RJ6hmMjUCfLI,Padino Cafe n Resto,Kuningan,Kuliner,3,"Pelayannya suka ngelucu dan ramah2. Si ibu yang punya katanya mau milih anies baswedan. Ada pemandangan pas tempat makan tapi kehalang sama bangunan musola. Rasa standar, harga standar, tapi katanya kemahalan kalau buat orang kuningan. Bener gak? Tapi masih oke lah segitu mah. Baru sekali ke situ",2024-01-01T16:27:06.307Z,Fikri Hilman,101772869996894208356,True,0,id,2026-05-04T16:55:05.328449
ChdDSUhNMG9nS0VJQ0FnSURGaXRMXzBRRRAB,ChIJVQrrCgAXby4RJ6hmMjUCfLI,Padino Cafe n Resto,Kuningan,Kuliner,5,"Makanannya enak,sambelnya enak,Mantap lah pokoknya😊",2023-11-05T06:56:53.361Z,Zulfikar Alfansuri,105062149106338084185,False,1,id,2026-05-04T16:55:05.328481
ChZDSUhNMG9nS0VJQ0FnSURGaXRMLUd3EAE,ChIJVQrrCgAXby4RJ6hmMjUCfLI,Padino Cafe n Resto,Kuningan,Kuliner,5,"Sambalnya enak ,penyajiannya cepat",2023-11-05T06:55:53.376Z,Nuraini,114242284213996753268,False,0,id,2026-05-04T16:55:05.328491
ChZDSUhNMG9nS0VJQ0FnTUNvMnEtQmZnEAE,ChIJ0bJ2mQC52YgRzWcVvOpTiNs,Canton Palace Chinese Restaurant,Kuningan,Kuliner,5,Very good authentic Chinese food,2025-04-16T13:26:56.616Z,Fernando Vazquez,115032837675783389483,True,0,en,2026-05-04T16:55:05.328523
ChdDSUhNMG9nS0VJQ0FnSURldFlpbC1BRRAB,ChIJ0bJ2mQC52YgRzWcVvOpTiNs,Canton Palace Chinese Restaurant,Kuningan,Kuliner,5,I have been going to this restaurant for years. I have always been very satisfied with the service and especially the food. Highly recommend it!,2025-04-10T02:01:02.337Z,CAMILO FERNANDEZ-HERMO,111295910900912443665,True,3,en,2026-05-04T16:55:05.328534
ChdDSUhNMG9nS0VJQ0FnTURnNy1EbHp3RRAB,ChIJ0bJ2mQC52YgRzWcVvOpTiNs,Canton Palace Chinese Restaurant,Kuningan,Kuliner,5,"El arroz frito es una delicia, y el pollo asado con salsa de ajo con arroz blanco es muy rico",2025-02-28T15:37:06.049Z,I-B-M,118217800045350995887,True,0,es,2026-05-04T16:55:05.328567
ChZDSUhNMG9nS0VJQ0FnSUNobzVUTFJ3EAE,ChIJ0bJ2mQC52YgRzWcVvOpTiNs,Canton Palace Chinese Restaurant,Kuningan,Kuliner,5,"Never go wrong with Canton Palace. I am never disappointed, and you won't either. Try it today.",2025-02-11T03:01:07.741Z,Suzanne Sun,100448776110955505617,True,2,en,2026-05-04T16:55:05.328592
ChdDSUhNMG9nS0VJQ0FnTUNBNEtmWnVBRRAB,ChIJ0bJ2mQC52YgRzWcVvOpTiNs,Canton Palace Chinese Restaurant,Kuningan,Kuliner,1,"We came in with a positive attitude expecting to eat some good food. We were met with not good food, a terrible smell all around the restaurant. The staff was not attentive, we had to constantly call for attention. To add to this the woman who served us was eating as she served us, she would speak to us with a mouth full of food while she chewed, clean her mouth with her hands and then serve us. By the end of it we were dissatisfied with the service and the food but were still polite, like someone should be. The worst of all was that we walked out of the restaurant and SHE FOLLOWED US TO DEMAND TIP. Tip is a luxury, you didn’t treat us right yet we still tipped you what we had. She would not leave until we gave her the 15% she demanded. As she wrote in the paper $7.50 was what she asked for. We gave it to her without a fight but we’re happy to say that we will NEVER be coming back. Thank you for serving us but BE BETTER.",2025-01-28T22:13:47.960Z,Francy Munoz,109224443290105295966,False,0,en,2026-05-04T16:55:05.328617
ChZDSUhNMG9nS0VJQ0FnSURfbzlxVEtBEAE,ChIJ0bJ2mQC52YgRzWcVvOpTiNs,Canton Palace Chinese Restaurant,Kuningan,Kuliner,4,The food is great for the price the quality is good portions are large and everything is fresh the only reason I am not giving 5 stars is parking can be a pain the location shares a lot with Mojitos wich is very busy and fills the lot.,2025-01-26T17:49:43.820Z,Nicholas Gavallas,109523034065822367971,True,0,en,2026-05-04T16:55:05.328628
ChZDSUhNMG9nS0VJQ0FnSURaeU1uSUdnEAE,ChIJVQrrCgAXby4RJ6hmMjUCfLI,Padino Cafe n Resto,Kuningan,Kuliner,5,"Rekomendasi banget untuk makan disini mah duhh udah berapa kali makan disini ga pernah gagal dari segi hal apapun 😍 cuman berapa kali makan disini sy mau kasih saran aja ya min , kalo ada rombongan/ lagi rame sy saranin si mending tambah karyawan buat waiters, soal nya sy liat yg bagian minuman + mendoan mereka aja yang bulak balik aja kalo ada rombongan+tamu dari luar .. si aa si teteh nya si ga jadi masalah biasa aja cuman sy liat nya kadang kasian si emang iya resiko nya, kalo engga tinggal tambahin aja min buat mereka😂🤭
Udah si segitu aja , semua nya enakkk+nyaman🤩",2023-09-23T09:00:39.665Z,NOVA ADITYA NUGRAHA,110489407290136804447,False,2,id,2026-05-04T16:55:05.328649
ChdDSUhNMG9nS0VJQ0FnSURab043Z3lBRRAB,ChIJVQrrCgAXby4RJ6hmMjUCfLI,Padino Cafe n Resto,Kuningan,Kuliner,5,"Enak si untuk harga segini makan di rumah makan ini .. pelayanan nya bagus waiters nya ramah"" .. kalo soal makanan si ya menurut sy ini enak banget SUNDA banget👍
Cuman mis nya hanya karna makan nya di belakang konsep nya jadi tak kira sempit karna parkiran nya begitu luassssss🤭
Saya puas banget si makan disini , buat kalian yang baru ke rumah makan cibentang jangan heran parkirannya luass ya dan jangan ragu plis disini enak banget saya puas banget disini bareng keluarga/teman pun enak .. plis ini rekomendasi banget si👍👍",2023-09-22T05:10:47.050Z,MAULIDA,103422888066069000884,False,2,id,2026-05-04T16:55:05.328662
ChZDSUhNMG9nS0VJQ0FnSUNaeWVYVGNREAE,ChIJVQrrCgAXby4RJ6hmMjUCfLI,Padino Cafe n Resto,Kuningan,Kuliner,5,"Alhamdulilah saya sudah makan berapa kali disini selalu sangat puas👍
Tempat nya udah nyaman, makanan enak minuman juga enak , pokonya kalian harus coba mampir ke RM cibentang ini , sangat rekomen banget buat acara keluarga bisa, acara kumpul teman juga bisa ada juga mainan untuk anak, jangan di tanya masalah pemandangan nya, yuk buruan mampir ke RM cibentang di jamin puas😁😍",2023-09-13T06:18:03.393Z,Rizki Andeskar,104086702340434214662,False,1,id,2026-05-04T16:55:05.328691
ChdDSUhNMG9nS0VJQ0FnSURwdjhxU2tRRRAB,ChIJVQrrCgAXby4RJ6hmMjUCfLI,Padino Cafe n Resto,Kuningan,Kuliner,1,"Aduhhhh GAK RECOMENDED Bgt deh buat resto satu ini. Mentang"" Pesen menu paketan dikasih slundreng nya apeuk .. lumayan loh 5 paket jg..udah gitu pesen sop Iga 2 porsi.. dikasih KOL nya mentah.. emng nya SOTO🤧🤧🤦🤦.pesen es teh manis.. malah dikasih nya es Teh TAWAR..harga nya mehong lagii es teh tawar aja 10rb GUYS🤣🤣🤣🙈🙈. UDH GITU PAS bayar . Di Nottanya menu yg ga dipesen malah ada di list pesenan.. wahh klo ga teliti kasian tuh tekorrr bayar nya... Dikira nya gara"" rombongan ga bakal ngeuhh kali ya😂😂. Udh gitu di komplain bukannya terima.. malah balik marahh😂😂😂😂. Lucu bgt deh sama.pelayananya👎👎👎.",2023-09-01T11:00:35.162Z,Mia Damiyati,102850525073055518009,False,0,id,2026-05-04T16:55:05.328716
ChZDSUhNMG9nS0VJQ0FnSURKN3MtYUFnEAE,ChIJVQrrCgAXby4RJ6hmMjUCfLI,Padino Cafe n Resto,Kuningan,Kuliner,5,Makanannya cocok dengan lidah saya,2023-07-17T14:22:04.541Z,A. Nichole T,107252112592699758996,True,0,id,2026-05-04T16:55:05.328739
ChZDSUhNMG9nS0VJQ0FnSUNKMF9YZUF3EAE,ChIJVQrrCgAXby4RJ6hmMjUCfLI,Padino Cafe n Resto,Kuningan,Kuliner,5,Tempatnya luas dan nyaman. Viewnya menghadap gunung dan sawah. Hawanya sejuk. Bikin betah. Makanannya enak semua. Harganya bersahabat. Musholanya nyaman. Bisa dijadiin andalan klo sedang lewat situ.,2023-07-04T12:50:47.916Z,Momyfa,110736881118985351884,True,2,id,2026-05-04T16:55:05.328758
ChdDSUhNMG9nS0VJQ0FnSUN4cFlHRmlRRRAB,ChIJVQrrCgAXby4RJ6hmMjUCfLI,Padino Cafe n Resto,Kuningan,Kuliner,5,Pemandangannya bagus menghadap ke sawah dan gunung. Makanannya lumayan,2023-05-22T06:20:15.174Z,Adel R,101964652263415059324,True,0,id,2026-05-04T16:55:05.328776
ChdDSUhNMG9nS0VJQ0FnSUN4bnM3bnZBRRAB,ChIJVQrrCgAXby4RJ6hmMjUCfLI,Padino Cafe n Resto,Kuningan,Kuliner,3,"Untuk ukuran saya harga terlalu mahal ya...
Cemilan dan minuman
Pisang goreng 45rb...
Aneka juice 25rb
Juice ori 20rb
Dulu pernah makan disini...ayam kampung nya enak dan ga semahal cemilan dan minuman nya...
Tempat luas, nyaman untuk acara formal atau non formal.
Mushala bersih, toilet bersih, ada arena bermain anak",2023-05-18T08:38:05.897Z,Windi Srivimala,114992041518209502794,True,4,id,2026-05-04T16:55:05.328786
ChZDSUhNMG9nS0VJQ0FnSUN4MXEtT0N3EAE,ChIJVQrrCgAXby4RJ6hmMjUCfLI,Padino Cafe n Resto,Kuningan,Kuliner,1,"pelayanan lamaaa bangett ayam nya keras mba""nya ga ramah ga rekomen",2023-05-17T06:13:49.484Z,053_Saldi Nasliady (aldi),103801308610611074836,True,0,id,2026-05-04T16:55:05.328797
ChZDSUhNMG9nS0VJQ0FnSUN4MU1uSUJREAE,ChIJVQrrCgAXby4RJ6hmMjUCfLI,Padino Cafe n Resto,Kuningan,Kuliner,5,"Lokasi mudah ditemukan dan sesuai titik di maps, area parkir bisa untuk banyak mobil dan motor, tempat duduk banyak dan menghadap pemandangan yang menarik, menu bervariatif dan harga terjangkau, kualitas rasa enak, cocok untuk keluarga ataupun nongki bareng teman, yukk mampiirr..",2023-05-11T13:05:26.724Z,Gilang Lazuardi Hibatullah,102961293722405352710,True,0,id,2026-05-04T16:55:05.328816
ChZDSUhNMG9nS0VJQ0FnSUN4NExhZVhBEAE,ChIJVQrrCgAXby4RJ6hmMjUCfLI,Padino Cafe n Resto,Kuningan,Kuliner,3,Rasa masakannya kurang sedap dikit lagi,2023-05-08T12:05:10.639Z,Imam Taufik,100714047568034238383,True,0,id,2026-05-04T16:55:05.328824
ChZDSUhNMG9nS0VJQ0FnSURSNV9IS0VBEAE,ChIJVQrrCgAXby4RJ6hmMjUCfLI,Padino Cafe n Resto,Kuningan,Kuliner,3,Masakannya kurang sedaaap,2023-05-05T15:07:05.596Z,Imam Taufik,118319497414961158511,True,0,id,2026-05-04T16:55:05.328834
ChdDSUhNMG9nS0VJQ0FnSURScHNMejBBRRAB,ChIJVQrrCgAXby4RJ6hmMjUCfLI,Padino Cafe n Resto,Kuningan,Kuliner,1,Pelayanan sangat lambat..!,2023-04-24T07:10:37.148Z,Boim Ibrohim,100352588592786645228,False,0,id,2026-05-04T16:55:05.328843
Ci9DQUlRQUNvZENodHljRjlvT2w5RFdsRllRMTl2VFdsdVdWQTFkbVpTWkVsalJuYxAB,ChIJ8fWtdD0Xby4R-vtpM4L96j0,Rageman Resto & Coffee,Kuningan,Kuliner,2,"Makan nunggu lama, stok menu ada yang habis ga dikasih info lagi",2026-03-23T06:35:19.427Z,Diffayanti Syahrani,112264782357552077942,False,0,id,2026-05-04T16:55:05.328852
Ci9DQUlRQUNvZENodHljRjlvT21WeVZUSndiSGxhTm1GTE5ubGFUMDFNZW1acGVuYxAB,ChIJ8fWtdD0Xby4R-vtpM4L96j0,Rageman Resto & Coffee,Kuningan,Kuliner,1,"Payah, ga bisa order makanan selain ayam bakar dan iga.
Menu Paket ga ready dengan alasan karna ada acara.
Artinya ini resto ga siap padahal hight season loh ini.",2026-03-23T05:13:07.141Z,Romi Wijaya,101097522116248298153,True,0,id,2026-05-04T16:55:05.328863
Ci9DQUlRQUNvZENodHljRjlvT2xRMGRFcG5UMlJwYTFwMWMzVjRXbnB1TlVkR1FuYxAB,ChIJ8fWtdD0Xby4R-vtpM4L96j0,Rageman Resto & Coffee,Kuningan,Kuliner,1,"GILAAA PARAAHH BANGETTT PELAYANANNYA LAMAA!!! bilangnya makanan ditunggu selama 30 menit. gataunya udah nunggu 1 jam 30 menit makanan ga dateng dateng, akhirnya saya cancel karena udh nunggu kelamaan.",2026-03-22T07:40:16.749Z,melody asa,104807957671566806264,False,0,id,2026-05-04T16:55:05.328902
Ci9DQUlRQUNvZENodHljRjlvT2tweGQzWjVObTFTTFUxdVVXeG5WSEJDTkRCclNGRRAB,ChIJ8fWtdD0Xby4R-vtpM4L96j0,Rageman Resto & Coffee,Kuningan,Kuliner,2,Pelayanannya lama banget. Udah tunggu 2 jam blm keluar juga makanannya.,2026-03-22T07:38:58.296Z,anicha,115000138127781194910,False,0,id,2026-05-04T16:55:05.328916
Ci9DQUlRQUNvZENodHljRjlvT25VMGJXZEViekpRTTJnMGNuQnhaMHB0UzFoTGIwRRAB,ChIJ8fWtdD0Xby4R-vtpM4L96j0,Rageman Resto & Coffee,Kuningan,Kuliner,1,1 jam setengah nunggu dan org yg dateng setelah saya di dahulukan.Bahkan pesanan saya masih berada dikasir!ga pernah sekecewa ini.,2026-03-22T07:37:27.895Z,naura zalfaa,116834470150479856191,False,0,id,2026-05-04T16:55:05.328927
Ci9DQUlRQUNvZENodHljRjlvT2tOaVR5MWlVbGR0ZFRaTVIzQjBWMXBtWld0T1RtYxAB,ChIJ8fWtdD0Xby4R-vtpM4L96j0,Rageman Resto & Coffee,Kuningan,Kuliner,5,View pada saat sore menjelang malam.. bagus,2026-03-20T10:57:27.349Z,Fa'is Rizki,114668068253382661838,True,0,id,2026-05-04T16:55:05.328937
Ci9DQUlRQUNvZENodHljRjlvT2prdFNtNDVhWEV6ZFVkblIyRmhla1pHTVVOUlltYxAB,ChIJ8fWtdD0Xby4R-vtpM4L96j0,Rageman Resto & Coffee,Kuningan,Kuliner,5,Suasana nyaman sekali....,2026-02-17T22:26:12.329Z,Nuroni Roni,101789851001346350221,True,0,id,2026-05-04T16:55:05.328975
Ci9DQUlRQUNvZENodHljRjlvT2xCM2FFUTFVRGQ2VlVwdlpGVkljbmxwYmxOb2JsRRAB,ChIJ8fWtdD0Xby4R-vtpM4L96j0,Rageman Resto & Coffee,Kuningan,Kuliner,4,"Rasa Masakan lumayan,
Harga sedikit lebih mahal, tapi masih wajar untuk kelas resto.
Pelayanya agak lama, manggil beberapa kali lewat bel lama sekali datangnya.
View pegunungan asri Dan terdapat kolam renang

Saran : disediakan payung yg stand by di masing masing tempat, karena kalau hujan agak ribet untuk yg duduk di bagian saung.",2026-02-10T17:30:52.232Z,Ngapak Backpacker,107829998907896017603,True,0,id,2026-05-04T16:55:05.328984
Ci9DQUlRQUNvZENodHljRjlvT25oTVNYcHRhREJoVmtaU1IwcEhNVk14ZEZVMVRVRRAB,ChIJ8fWtdD0Xby4R-vtpM4L96j0,Rageman Resto & Coffee,Kuningan,Kuliner,5,Pemandangan indah,2026-02-08T11:02:54.420Z,Wuri Prasetyo,116884683423311357769,True,0,id,2026-05-04T16:55:05.328993
Ci9DQUlRQUNvZENodHljRjlvT2xsak9HZFlVSGRRYWxKb2RHbzJUWE4xUldaUk1uYxAB,ChIJ8fWtdD0Xby4R-vtpM4L96j0,Rageman Resto & Coffee,Kuningan,Kuliner,5,"Suasana oks,,,.adem suejuk,,,. makanan dan minuman byk variasi,, harga bersahabat,,,.ada kolam renang juga,,, lokasi luas,,, byk spot unik,,,,",2026-02-01T16:09:20.802Z,Wahidin,109297819386296256061,True,0,id,2026-05-04T16:55:05.329003
Ci9DQUlRQUNvZENodHljRjlvT21neFYxRk1kMFZFT0VKWU1GRTJkMkV5WmtrNVZHYxAB,ChIJ8fWtdD0Xby4R-vtpM4L96j0,Rageman Resto & Coffee,Kuningan,Kuliner,3,Over all dari makanan worth it tapi saat hujan besar sebelumnya air toren jadi kotor dan aliran ke kamar mandi sering kosong,2026-01-31T13:09:16.464Z,Adhi Affanul Hakim,100014595582309927385,True,0,id,2026-05-04T16:55:05.329021
ChRDSUhNMG9nS0VJQ0FnSURaNmRKVhAB,ChIJ3606moAVby4R5nykkLZy5uE,Rumah Makan Katineung Chinese Food,Kuningan,Kuliner,5,Ayam goreng meteganya enak sekali,2023-10-03T23:52:47.250Z,Hermanto Sumadi,101265317737427172048,False,0,id,2026-05-04T16:55:05.329062
ChdDSUhNMG9nS0VJQ0FnSUNaMHRTUndBRRAB,ChIJ3606moAVby4R5nykkLZy5uE,Rumah Makan Katineung Chinese Food,Kuningan,Kuliner,5,Nunggunya musti sabar karena banyak yg pesan. Rasanya okkk👍👍,2023-09-07T13:27:53.008Z,Winda,110797798404302188800,True,0,id,2026-05-04T16:55:05.329072
ChZDSUhNMG9nS0VJQ0FnSUNPbjVIdEhnEAE,ChIJ3606moAVby4R5nykkLZy5uE,Rumah Makan Katineung Chinese Food,Kuningan,Kuliner,5,"Makanan cukup enak. Sepertinya satu satunya restoran chinese food di Kuningan. Tempat cukup nyaman, hanya saja toilet berada di lantai 2 dan agak gelap. Belakang restoran agak berantakan, tapi dapurnya cukup bersih. Pelayanan ramah, harga juga reasonable. Kualitas makanan cukup baik.
Lokasi tidak jauh dari alun2 kota Kuningan. Parkir cukup mudah di pinggir jalan.",2023-07-29T14:58:02.193Z,erwin kusnadi,114528796194151513628,True,0,id,2026-05-04T16:55:05.329099
ChZDSUhNMG9nS0VJQ0FnSUR4bC03cERBEAE,ChIJ3606moAVby4R5nykkLZy5uE,Rumah Makan Katineung Chinese Food,Kuningan,Kuliner,3,Utk rasa cukup ok,2023-06-16T15:11:29.150Z,Fery Rondonuwu,100912815441981770200,True,0,ms,2026-05-04T16:55:05.329109
ChdDSUhNMG9nS0VJQ0FnSURSaUwzRm1nRRAB,ChIJ3606moAVby4R5nykkLZy5uE,Rumah Makan Katineung Chinese Food,Kuningan,Kuliner,1,"Datang 5:40 makanan selesai di 6:25 padahal hanya 3 grup pelanggan selain saya
Saya hanya pesan mi goreng 2 dan ricebowl 1
Pelayanan lama, rasa masakan hambar
Sarannya adalah bisa mencari tempat lain yg bisa memuliakan anda",2023-04-16T12:09:25.314Z,Farich T Utomo,109818968676949490892,True,1,id,2026-05-04T16:55:05.329171
ChdDSUhNMG9nS0VJQ0FnSURoa3FHYTlRRRAB,ChIJ3606moAVby4R5nykkLZy5uE,Rumah Makan Katineung Chinese Food,Kuningan,Kuliner,5,"Sudah langganan disini sejak 2011 dan kualitas rasa dan makanan enak sekali. Untuk yang mencari chinese food lokal enak dan halal direkomendasikan.
Menu yang selalu saya pesan adalah bihun kuah pedas dan masakan lainnya pun enak-enak. Bahan-bahan yang digunakan segar dan berkualitas. Untuk harga mulai dari 20ribuan saja. Sangat worth-it dengan kualitas rasa yang didapat. Sukses selalu RM Katineung.",2023-03-05T09:10:53.067Z,Choirul Anwar Hidayat,108658276893085440333,True,1,id,2026-05-04T16:55:05.329181
Ci9DQUlRQUNvZENodHljRjlvT2xwT2VISlpiVWN4YjBwYVRDMVhhM1p3VEV0R1dWRRAB,ChIJGU4QofgXby4RuL1oWDzZsVI,Imah Amih Resto and Cafe,Kuningan,Kuliner,5,"Tempatnya cocok buat makan bareng keluarga. Saya pesan nasi liwet sama ayam bakar, rasanya pas dan sambalnya mantap. Pelayanannya juga ramah",2026-05-01T13:57:43.423Z,Asep Mungkar,108155273141863665394,False,0,id,2026-05-04T16:55:05.329242
Ci9DQUlRQUNvZENodHljRjlvT2pSNldHZENaSGxZZGpsNkxVeGlabEJ6Ums5NE5sRRAB,ChIJGU4QofgXby4RuL1oWDzZsVI,Imah Amih Resto and Cafe,Kuningan,Kuliner,5,"bakal balik lagi kesini dan jadi langganan semua nya TOP ..
terimakasih imah amih",2026-05-01T09:03:28.440Z,rosa rinjani,107307455943795904416,False,0,id,2026-05-04T16:55:05.329267
Ci9DQUlRQUNvZENodHljRjlvT25GT1IyZHJSWGhPV0V0ZlF6Rk9TRU40TTJZelNsRRAB,ChIJGU4QofgXby4RuL1oWDzZsVI,Imah Amih Resto and Cafe,Kuningan,Kuliner,5,"mantap bakal balik lagi kesini , segi makanan nya enak harga terjangkau dan pelayanan nya juga cepat dan ramah ,, thankyou",2026-05-01T08:41:38.547Z,gina bunga,104026072033907620554,False,0,id,2026-05-04T16:55:05.329280
Ci9DQUlRQUNvZENodHljRjlvT21wS01IVnNVMGhoYjJkbFkycFFPSGhwZURWT1dtYxAB,ChIJGU4QofgXby4RuL1oWDzZsVI,Imah Amih Resto and Cafe,Kuningan,Kuliner,5,"Pertama kali ke sini dan sangat cukup puas. Tempat nyaman, pelayanan ramah. Terima kasih, semoga kualitasnya tetap dijaga 🙏",2026-05-01T08:11:07.456Z,nararya dirga,102520048414677369001,False,0,id,2026-05-04T16:55:05.329306
Ci9DQUlRQUNvZENodHljRjlvT2xWTllqTk1UMFpNT0VRMGFHZDFhWE5GU3pWcVltYxAB,ChIJGU4QofgXby4RuL1oWDzZsVI,Imah Amih Resto and Cafe,Kuningan,Kuliner,5,"makanan nya enak , tempat nya nyaman dan pelayanan nya cepat .. Bakal balik kesini lagi",2026-05-01T08:09:45.979Z,Intan Chika,100412362844674739354,False,0,id,2026-05-04T16:55:05.329318
Ci9DQUlRQUNvZENodHljRjlvT2tsWFpXZFNiblp4Tm1kNWRUQlNSMHBrWlhwNVJFRRAB,ChIJGU4QofgXby4RuL1oWDzZsVI,Imah Amih Resto and Cafe,Kuningan,Kuliner,5,"Pelayanannya sangat baik, staff ramah dan responsif. Tempatnya juga bersih dan nyaman. Sangat direkomendasikan 👍",2026-05-01T08:07:56.020Z,agrid n,108485680786419828599,False,0,id,2026-05-04T16:55:05.329329
Ci9DQUlRQUNvZENodHljRjlvT21aRVJFYzNVbmxQT0RnMk1EZExVRk5ZYUhodlgxRRAB,ChIJGU4QofgXby4RuL1oWDzZsVI,Imah Amih Resto and Cafe,Kuningan,Kuliner,5,"Makanannya enak banget, porsinya pas dan platingnya cantik. Pelayanan ramah dan cepat, tempatnya juga bersih & nyaman. Harga sesuai kualitas. Bakal balik lagi! ⭐⭐⭐⭐⭐",2026-05-01T07:49:34.702Z,Andiani Cahyawati,105281624013023083823,False,0,id,2026-05-04T16:55:05.329340
Ci9DQUlRQUNvZENodHljRjlvT25sdlp6QnZOVzlyUlRFd1N6VndjMUV6Y3kxcGJFRRAB,ChIJGU4QofgXby4RuL1oWDzZsVI,Imah Amih Resto and Cafe,Kuningan,Kuliner,5,"Untuk suasana disini dan makanan disini sangat enak, apalagi ini booking untuk 1 keluarga besar dari ujung sampai ujung, terima kasih 🥰❤️",2026-04-25T07:26:34.502Z,Nur Aulia Rahmani,100609635878865035107,False,0,id,2026-05-04T16:55:05.329353
Ci9DQUlRQUNvZENodHljRjlvT2xCWlRHMTRZbXB3TFZFNVNrdFJUVVEwUmxveGFsRRAB,ChIJGU4QofgXby4RuL1oWDzZsVI,Imah Amih Resto and Cafe,Kuningan,Kuliner,5,lengkap ada permainan dan zoo nya,2026-04-23T23:37:32.011Z,domz channel,110030290396856608046,True,0,id,2026-05-04T16:55:05.329372
Ci9DQUlRQUNvZENodHljRjlvT25kM1ZtRlNkMnBEWjI1R1FYb3dTVE5wV0hsbmRsRRAB,ChIJGU4QofgXby4RuL1oWDzZsVI,Imah Amih Resto and Cafe,Kuningan,Kuliner,5,Bagus untuk rekreasi keluarga + tempat makan,2026-04-17T03:28:24.874Z,asep alrasi,115337329843443800560,True,0,id,2026-05-04T16:55:05.329391
Ci9DQUlRQUNvZENodHljRjlvT2kxTVQwdzRXUzAyZG5ONlJWTnBVak5JUzBwaVZFRRAB,ChIJGU4QofgXby4RuL1oWDzZsVI,Imah Amih Resto and Cafe,Kuningan,Kuliner,2,"makanan sama layanan service nya udah oke, saya jauh jauh dari jkt 2x kesini tukang parkirnya ga berubah bener bener ga ramah, kasar ga punya etika tolong di benahi.
sayang sekali resto makanan dan layanan service nya sudah bagus tapi tukang parkirnya minus, ga bgt",2026-04-15T10:37:04.879Z,jasmine,108863331374360968871,False,0,id,2026-05-04T16:55:05.329415
Ci9DQUlRQUNvZENodHljRjlvT2w5b2FtcGtZbkF4YkdjNVFWUnphMVZpVkVNeWNsRRAB,ChIJGU4QofgXby4RuL1oWDzZsVI,Imah Amih Resto and Cafe,Kuningan,Kuliner,5,Pelayanannya baik da ramah,2026-04-15T04:54:55.650Z,Sunarko Konar,100812474079047897116,False,0,id,2026-05-04T16:55:05.329425
Ci9DQUlRQUNvZENodHljRjlvT25Sc1Fra3lOM28zUzIxNlJ6WlhOa2hQUWtWM2IyYxAB,ChIJGU4QofgXby4RuL1oWDzZsVI,Imah Amih Resto and Cafe,Kuningan,Kuliner,2,"parkiran kalau ada wedding aneh banget
motor 1 3.000
kalau 3 10.000
kocak banget aja gitu",2026-04-14T04:27:57.816Z,Iqbal Mohamad,111999523731469932169,False,0,id,2026-05-04T16:55:05.329434
ChZDSUhNMG9nS0VJQ0FnSURoOVkzSUV3EAE,ChIJVQrrCgAXby4RJ6hmMjUCfLI,Padino Cafe n Resto,Kuningan,Kuliner,4,"Makanan enak, tempat nyaman, parkir cukup luas",2023-03-14T13:48:42.124Z,dian rustaman,109596936353259541207,True,0,id,2026-05-04T16:55:05.329473
ChdDSUhNMG9nS0VJQ0FnSURoc2J1dTJBRRAB,ChIJVQrrCgAXby4RJ6hmMjUCfLI,Padino Cafe n Resto,Kuningan,Kuliner,4,Masakannya asin,2023-03-11T13:36:58.186Z,Winda,110797798404302188800,True,0,id,2026-05-04T16:55:05.329482
ChdDSUhNMG9nS0VJQ0FnSUNodVl1S29BRRAB,ChIJVQrrCgAXby4RJ6hmMjUCfLI,Padino Cafe n Resto,Kuningan,Kuliner,5,"Makanan nya enak dengan harga yang pantas, pemandangan nya keren banget dengan view sawah dan gunung, pelayanan juga ok banget, gercep dan satset.
Satu masukan untuk Resto ini adalah Fasilitas toilet nya harus ditingkatkan, tidak boleh membiarkan toilet tidak bisa dikunci dan aroma nya agak smelly.

Semoga Resto ini makin sukses ke depan nya.. 👍",2023-02-17T07:34:47.882Z,Rudi Wijaya,117215294907392683522,True,0,id,2026-05-04T16:55:05.329506
ChdDSUhNMG9nS0VJQ0FnSURCMnRURG5RRRAB,ChIJVQrrCgAXby4RJ6hmMjUCfLI,Padino Cafe n Resto,Kuningan,Kuliner,3,Sedikit pas sih,2023-01-17T09:08:26.914Z,Deden Surya A,114672741576196029856,True,0,id,2026-05-04T16:55:05.329526
ChZDSUhNMG9nS0VJQ0FnSUQtczkya1ZBEAE,ChIJ3606moAVby4R5nykkLZy5uE,Rumah Makan Katineung Chinese Food,Kuningan,Kuliner,4,"Lokasi cukup Strategis deket kota kuningan,Rasa makanannya  Enak,cuma tempatnya kecil,jadi kalau pengunjung banyak dalam waktu bersamaan kemungkinan daya tampungnya kurang",2022-12-09T03:20:05.298Z,Efendi Mala,110509854765020394002,True,0,id,2026-05-04T16:55:05.329557
ChdDSUhNMG9nS0VJQ0FnSURXNV9TcXRnRRAB,ChIJ3606moAVby4R5nykkLZy5uE,Rumah Makan Katineung Chinese Food,Kuningan,Kuliner,4,Delicious food. Fast service,2022-04-06T08:51:01.402Z,Makaya Asyik,100107754129324319816,False,0,en,2026-05-04T16:55:05.329627
Ci9DQUlRQUNvZENodHljRjlvT2tkWFluZHJhVTF2VVc1Q1dHaHhjVlpVY1d4Q1NVRRAB,ChIJ8fWtdD0Xby4R-vtpM4L96j0,Rageman Resto & Coffee,Kuningan,Kuliner,5,"Iseng2mampir sini, kalo liat range harga menunya agak  pricy tp kalo bisa dapet view sebagus itu & rasa masakan yg enak, worth it lah. Ada kolam renang juga & parkiran luas banget, yg punya mobil listrik bisa ngecas jg.
Saya pesan bebek bakar Bali, ayam bakar, nasgor & donat kentang coklat, semuanya ga ada yg failed. Sambelnya ga pedes tp kok enaaaak.
Pertahankan rasa & kualitas ya",2026-01-16T09:30:01.337Z,ayu Lestari,118176700987771683627,True,0,id,2026-05-04T16:55:05.329682
Ci9DQUlRQUNvZENodHljRjlvT2pGWVkweE1iVEpsT0V0dFRXOVBUa2hrZUVJMVpFRRAB,ChIJ8fWtdD0Xby4R-vtpM4L96j0,Rageman Resto & Coffee,Kuningan,Kuliner,5,"tempat resto yg nyaman karena punya view bagus, ada spot foto yg keren, soal makanan juara & layanan cepat n helpful",2026-01-11T10:31:41.035Z,Babeh Ilham,107121209993741485276,True,0,id,2026-05-04T16:55:05.329701
Ci9DQUlRQUNvZENodHljRjlvT2pWUk5uUnpRalpmVW1SWmFVMTBVbGRCYzJWSlVFRRAB,ChIJ8fWtdD0Xby4R-vtpM4L96j0,Rageman Resto & Coffee,Kuningan,Kuliner,5,Sangat cocok liburan bersama keluarga sambil menikmati hidangan👍👍👍,2026-01-07T09:28:26.640Z,Global Teknik,111802605528526376429,True,0,id,2026-05-04T16:55:05.329716
Ci9DQUlRQUNvZENodHljRjlvT2t0RFVsbDJORGd6WlZFd1dqaHFUMnB3UjJaSlVuYxAB,ChIJ8fWtdD0Xby4R-vtpM4L96j0,Rageman Resto & Coffee,Kuningan,Kuliner,5,Best. Terimakasih,2026-01-06T16:17:25.461Z,QPR,111552573070792930327,True,0,id,2026-05-04T16:55:05.329726
Ci9DQUlRQUNvZENodHljRjlvT2paWE5sQnhNR0p0ZFMwelJWVXhOakJYV0ZNMGJIYxAB,ChIJGU4QofgXby4RuL1oWDzZsVI,Imah Amih Resto and Cafe,Kuningan,Kuliner,5,"Tempat bagus,makanan enak",2026-04-12T08:19:08.975Z,Bayu Setio Ajiputra,102099888796745084611,True,0,id,2026-05-04T16:55:05.329743
Ci9DQUlRQUNvZENodHljRjlvT2s1WE1uWkxlRmc0YzBJMGQzSTVlRVJvTUdaSE9YYxAB,ChIJGU4QofgXby4RuL1oWDzZsVI,Imah Amih Resto and Cafe,Kuningan,Kuliner,5,Menu makan utk rame rame worth it ambil yg paket liwet ber 4-5 org,2026-04-12T07:46:45.465Z,Poco M3,102310684905820273583,False,0,id,2026-05-04T16:55:05.329752
Ci9DQUlRQUNvZENodHljRjlvT21SeVVIbFdaRVEyVWs5a056bHRNRUp2TmxoU1VuYxAB,ChIJGU4QofgXby4RuL1oWDzZsVI,Imah Amih Resto and Cafe,Kuningan,Kuliner,5,"Tempat nya enak, fasiltas lengkap.
Tapi seharusnya playground itu fasilitas yang tidak bayar, pasti makin ramai",2026-04-10T09:13:12.002Z,Pandu Tulus Satria,105936027571842719650,True,0,id,2026-05-04T16:55:05.329762
Ci9DQUlRQUNvZENodHljRjlvT21OblNtNW5iemRVTjBjMWFsbENUV0ZJWkhOWFVXYxAB,ChIJGU4QofgXby4RuL1oWDzZsVI,Imah Amih Resto and Cafe,Kuningan,Kuliner,4,"makanan cukup enak, cuma emang klu lagi libur atau ada acara bookingan kaya wedding gitu harus waiting list, untungnya sambil menunggu bisa pilih aktivitas lain kaya terapi ikan, liat mini zoo, berenang ataupun foto2 sekitar karena suasana pinggir sawah cukup memanjakan mata. tempat ini kids friendly juga ya.

saran saja kedepannya untuk yg waiting list mohon diberi plang atau tanda bahwa area situ tempat waiting list dan pemanggilan untuk yg waiting list tolong menggunakan pengeras suara juga karena terkadang tidak terdengar (sedang aktivitas lain)

untuk parkiran juga mohon di pikirkan kembali penempatanya, apalagi ketika weekend atau tgl merah, wahhh lama bgt diatur parkir nya dan bikin macet jalanan",2026-04-09T04:52:06.186Z,Intan Puspita Asri,111387852676310430637,True,0,id,2026-05-04T16:55:05.329770
Ci9DQUlRQUNvZENodHljRjlvT25GZmJXRnlaalphTlRoTWQwbHpZM2N4UzNaQ1ZWRRAB,ChIJGU4QofgXby4RuL1oWDzZsVI,Imah Amih Resto and Cafe,Kuningan,Kuliner,5,"Makanan enak, penyajian cepat karyawan ramah, tempat duduk luas bnyak tempat nyaman,spot foto jg bnyak,ada kolam renang dan Playground jg jadi anak bisa makan setelah bermain, parkir luas,ada dua musolah, pokoknya rekomendasi bgt deh...",2026-04-06T22:15:27.855Z,Eli Yani,106505906613583925862,False,0,id,2026-05-04T16:55:05.329780
Ci9DQUlRQUNvZENodHljRjlvT21OeU5XcEVkbTlvUkhkYVpsZHJTRTkxYkU1d1UzYxAB,ChIJGU4QofgXby4RuL1oWDzZsVI,Imah Amih Resto and Cafe,Kuningan,Kuliner,5,"Mantap, pelayanan cepat, ramah, dan rasa makanannya sangat enak. Terbaik pokoknya",2026-04-04T08:49:07.990Z,GHANATA A.P,105863887336115897657,False,0,id,2026-05-04T16:55:05.329797
Ci9DQUlRQUNvZENodHljRjlvT2tScU5XbHVNRzkwTWtabVVrbHFkWGxWYTFwQlEyYxAB,ChIJGU4QofgXby4RuL1oWDzZsVI,Imah Amih Resto and Cafe,Kuningan,Kuliner,4,Makanan saya kasih bintang 3 dulu. Soalnya kemarin pesen lumayan banyak dan ayam bakar dingin. Seperti tidak baru di bakar,2026-04-04T04:53:21.419Z,RISQY REZVAN,100274249554419158677,True,0,id,2026-05-04T16:55:05.329806
Ci9DQUlRQUNvZENodHljRjlvT2paUlIyUmFjVTB5VWxSalQzcDJObUo2ZGw5cGJHYxAB,ChIJGU4QofgXby4RuL1oWDzZsVI,Imah Amih Resto and Cafe,Kuningan,Kuliner,5,Cocok buat kumpul keluarga besar..pokoknya mantappp,2026-03-31T12:38:23.240Z,Boim Tea,107746587049344405902,True,0,id,2026-05-04T16:55:05.329822
Ci9DQUlRQUNvZENodHljRjlvT21sUlVsRnFXalpsUkdKbFkzcEdTMGQyWVVGRVdrRRAB,ChIJGU4QofgXby4RuL1oWDzZsVI,Imah Amih Resto and Cafe,Kuningan,Kuliner,5,Suasananya bagus,2026-03-31T11:29:47.723Z,buday ozil,103972606622968267180,False,0,id,2026-05-04T16:55:05.329832
Ci9DQUlRQUNvZENodHljRjlvT2xkWFREVjJTbUZ0WW1kQlVHbElOa0pLUjNoRGQxRRAB,ChIJD4c3RM0Vby4Ra1PRpABTAjU,"Waroeng kopi, bakmie & teh tarik SEMOGA DJAYA",Kuningan,Kuliner,4,"Oke good, cocok untuk kalangan pelajar & mahasiswa.",2026-04-30T08:17:15.810Z,Arif Hidayat,113413694180420943845,True,0,id,2026-05-04T16:55:05.329849
Ci9DQUlRQUNvZENodHljRjlvT2pkSlQzUXdSbE0xYldKTWQxbEpjRFppUkRCblIwRRAB,ChIJD4c3RM0Vby4Ra1PRpABTAjU,"Waroeng kopi, bakmie & teh tarik SEMOGA DJAYA",Kuningan,Kuliner,5,"Tempatnya nyaman banget buat nongkrong santai bareng teman atau keluarga. Suasananya adem dan estetik, cocok buat foto-foto juga. Menu bakmie dan teh tariknya enak, rasanya pas dan harganya masih ramah di kantong. Pelayanannya juga cepat dan ramah. Pokoknya recommended banget buat yang lagi cari warkop nyaman di Kuningan! 👍",2026-04-09T11:22:55.321Z,MUHAMMAD FAWWAZ DZILDAN,112008395522588110074,False,0,id,2026-05-04T16:55:05.329873
Ci9DQUlRQUNvZENodHljRjlvT2xkUk56Qm1ha3hpV1RJMVJFcEVTRzFtTmtGalpWRRAB,ChIJD4c3RM0Vby4Ra1PRpABTAjU,"Waroeng kopi, bakmie & teh tarik SEMOGA DJAYA",Kuningan,Kuliner,1,"Bad attitude
Negative vibes",2026-03-26T17:36:27.140Z,Nani Chan,111972107716336074275,True,0,en,2026-05-04T16:55:05.329897
Ci9DQUlRQUNvZENodHljRjlvT21KeWNtTnhOVVpDUWkwd2IxVnFOblpNTmpGS1ltYxAB,ChIJD4c3RM0Vby4Ra1PRpABTAjU,"Waroeng kopi, bakmie & teh tarik SEMOGA DJAYA",Kuningan,Kuliner,1,waiters tidak sopan kepada pelanggan,2026-03-22T14:55:55.506Z,Atika Pujilestari,108253563102846215401,False,0,id,2026-05-04T16:55:05.329918
Ci9DQUlRQUNvZENodHljRjlvT2tOUU1ISkxWa0p5UTFwUFFWaDJUVGxZVFZoS2FIYxAB,ChIJD4c3RM0Vby4Ra1PRpABTAjU,"Waroeng kopi, bakmie & teh tarik SEMOGA DJAYA",Kuningan,Kuliner,5,"Really affordable, enak tempatnya asal dapat yang indoor biar ga kehujanan klo tiba2 hujan",2026-02-02T01:00:58.553Z,Muhammad Fisa Al Iqbal,103607829339029489432,False,0,id,2026-05-04T16:55:05.329953
Ci9DQUlRQUNvZENodHljRjlvT20xQ05VMXZlalZxVFVzMmRsWnpUVXB3VTFSVVExRRAB,ChIJD4c3RM0Vby4Ra1PRpABTAjU,"Waroeng kopi, bakmie & teh tarik SEMOGA DJAYA",Kuningan,Kuliner,4,"Cocoknya untuk anak SMA, full rokok. Pelayanan oke",2026-01-26T10:30:51.283Z,Dena Pertiwi,106638096317864127247,False,0,id,2026-05-04T16:55:05.329965
Ci9DQUlRQUNvZENodHljRjlvT2s1U1JrUlJPUzF0Y0ZsR2FXTndhMUIwZURkdmQzYxAB,ChIJD4c3RM0Vby4Ra1PRpABTAjU,"Waroeng kopi, bakmie & teh tarik SEMOGA DJAYA",Kuningan,Kuliner,1,"Pesen dimsum rasanya kek  masam kek udah basi,bakmie asin nya lumayan enak minuman nya enak teh tarik
TAPI TEMPATNYA nunggu lama ,makanan ny lama
nyari tempat duduk susah ,sama penataan kursi kurang rapih
Saran banyakin lg tempat duduk di tata biar lebih menarik
biar lebih bagus tempatnya harus senada kursi plastik semua inima kursi nya beda²",2025-12-28T16:26:49.669Z,Phungngamm Mungvah,114792950467513292168,False,0,id,2026-05-04T16:55:05.329999
Ci9DQUlRQUNvZENodHljRjlvT2tkVk9FZGpRMDlHVVhwRGExbElUV010WVZNdGFuYxAB,ChIJD4c3RM0Vby4Ra1PRpABTAjU,"Waroeng kopi, bakmie & teh tarik SEMOGA DJAYA",Kuningan,Kuliner,3,"kesini diajak temen, rasa makanan si lumayan ok tapi pelayanannya ga jelas, gaada waiting list, antrian di kasir banyak buat dine in ga di stop padahal tempat udah ga cukup, mana kalo minta kursi dicuekin sama pelayannya 🤣🤣",2025-12-28T15:54:23.698Z,Isna Septi Fadiah,103853819167996473095,True,0,id,2026-05-04T16:55:05.330008
Ci9DQUlRQUNvZENodHljRjlvT25sZk4yVjRkR1pQTkZGUFVFdEpVWGxUTWw5cVdFRRAB,ChIJD4c3RM0Vby4Ra1PRpABTAjU,"Waroeng kopi, bakmie & teh tarik SEMOGA DJAYA",Kuningan,Kuliner,1,"orang orangnya bad attitude semua masa udah ada no meja + bingkisan makanan di tempatin dan di bilang kosong, lalu bingkisan nya dibuang (soalnya tumpah dan dengan keadaan kotor) pelayanan dan keamanan nya ga bertanggung jawab & ga amanah",2025-12-26T10:18:13.151Z,Orchida Azzahrra,104915401164225855415,False,0,id,2026-05-04T16:55:05.330018
Ci9DQUlRQUNvZENodHljRjlvT21OUmJVVm9NbVk0T1VGeWRIYzJNVWx3V2pRMWMzYxAB,ChIJD4c3RM0Vby4Ra1PRpABTAjU,"Waroeng kopi, bakmie & teh tarik SEMOGA DJAYA",Kuningan,Kuliner,1,pengantaran lama sekali.,2025-12-19T08:03:01.940Z,Myesha Sachi Kirana,117754506821428864672,False,0,id,2026-05-04T16:55:05.330035
Ci9DQUlRQUNvZENodHljRjlvT2tKU1YzWnFUVXQxUlVoNmFWUnRlRU0yVW1FNGVFRRAB,ChIJD4c3RM0Vby4Ra1PRpABTAjU,"Waroeng kopi, bakmie & teh tarik SEMOGA DJAYA",Kuningan,Kuliner,1,"tukang parkir kurang ramah, pelanggan/peminat banyak tmpt sempit,katanya harus nunggu 25 menit tapii udah hampir 40 menit kita nunggu di parkiran
suasana enak tapi kurang tmpt/kurang luas",2025-12-13T14:21:25.377Z,Kaila Megan,114195173904266284770,False,0,id,2026-05-04T16:55:05.330043
Ci9DQUlRQUNvZENodHljRjlvT2xSQ00wdG9kMVJtU0VWM1YwVk5lVTUzYm5OcmJtYxAB,ChIJn3kBtfwXby4RaGljl41h7I0,Kedai Tresha,Kuningan,Kuliner,5,"SUKAKKKK, viewnya langsung jalan baru + gunung ciremai, cocok buat ngobrol ngobrol santai sama temen, atau nugas juga 🥰🥰🥰🥰",2026-05-04T15:14:07.878Z,Aidara,118085341237063499614,True,0,id,2026-05-04T16:55:05.330052
Ci9DQUlRQUNvZENodHljRjlvT2psSFNHdDFhWEpMVnpsS1VHeHNSazl2UjFsT1pYYxAB,ChIJn3kBtfwXby4RaGljl41h7I0,Kedai Tresha,Kuningan,Kuliner,4,"Makanannya enak, pelayanannya juga cepat banget padahal lagi rame. Cuma saran dikit, kalau bisa customer dikasih nomor meja aja supaya staff nggak perlu mondar-mandir sambil teriak cari customer. Kasian juga lihat staff jadi ekstra repot. Overall, puas siii",2026-05-03T10:34:01.381Z,Fauziah Maisarah,110336165814625205408,False,0,id,2026-05-04T16:55:05.330067
Ci9DQUlRQUNvZENodHljRjlvT25ONlJrWTVhMDA1U0ZCS04xTTVNMGh6V2pacVJFRRAB,ChIJn3kBtfwXby4RaGljl41h7I0,Kedai Tresha,Kuningan,Kuliner,5,"Seru banget nongkrong disini, viewnya langsung gunung Ciremai, kalo malem bisa liat city light juga kalo lagi terang.

Staffnya ramah, pengarahannya jelas & helpful banget.

Best recommendation : Kopi Cream Cheesenya, enak banget creamy, pait, manis, blend perfectly 👌🏻",2026-05-03T09:46:15.620Z,Melina Andriani,115053202278104454175,True,0,id,2026-05-04T16:55:05.330076
Ci9DQUlRQUNvZENodHljRjlvT25GU1ZYUlhVRmxwYm10UFZVcG5Oa0ZqUzAxQ2FIYxAB,ChIJn3kBtfwXby4RaGljl41h7I0,Kedai Tresha,Kuningan,Kuliner,5,"sangat memuaskan , tempat nya , pegawai2 nya, makanan dan minumannya, yang paling berkesan sih pegawai2 nya sangat ramahhhh poll , makasih yaa aa aa dan teteh yang bantu surprise anak saya waktu ulang tahun , next time saya kesini lagi bersama keluarga saya ❤️❤️❤️",2026-05-03T09:07:04.934Z,Jeni sri Wahyuni (jeje),111844724951526628742,True,0,id,2026-05-04T16:55:05.330086
Ci9DQUlRQUNvZENodHljRjlvT2tKcFl6QnNkVkpKTjBsRFZUVnNZWGxyY0VGcGIzYxAB,ChIJn3kBtfwXby4RaGljl41h7I0,Kedai Tresha,Kuningan,Kuliner,5,"View mantap kalo malem, makanannya enak",2026-05-02T11:24:20.367Z,AKBAR AIDUL POETRA,116283348758505239653,True,0,id,2026-05-04T16:55:05.330096
Ci9DQUlRQUNvZENodHljRjlvT204d1JFZGpVMll4WlVzdGFHVmxObkpsTW5GNlNWRRAB,ChIJn3kBtfwXby4RaGljl41h7I0,Kedai Tresha,Kuningan,Kuliner,5,Untuk makanan nya enak dan harga nya pasti harga restoran,2026-05-02T08:25:21.541Z,Solihin (Solihin),109179507227721254160,True,0,id,2026-05-04T16:55:05.330106
Ci9DQUlRQUNvZENodHljRjlvT25acmRGQjJSME40ZDJrMWF6ZEdkM0JzWVVOMVZGRRAB,ChIJn3kBtfwXby4RaGljl41h7I0,Kedai Tresha,Kuningan,Kuliner,5,Tanggal merah buka ga a,2026-05-01T04:07:19.621Z,Nurul Hidayat,116143299071704185898,False,0,id,2026-05-04T16:55:05.330115
Ci9DQUlRQUNvZENodHljRjlvT25oTGRVRTNaelprVGtWaGVFVk5XWFl0ZHpJemFVRRAB,ChIJn3kBtfwXby4RaGljl41h7I0,Kedai Tresha,Kuningan,Kuliner,5,Next otw makan di Tresha lagi😍,2026-04-27T14:02:50.201Z,Cceu Emeh85,102327065461496178914,False,0,id,2026-05-04T16:55:05.330147
Ci9DQUlRQUNvZENodHljRjlvT25wMWJrWm5iemRvYkhGVmRIQmZSMWhSTTB0TlIzYxAB,ChIJn3kBtfwXby4RaGljl41h7I0,Kedai Tresha,Kuningan,Kuliner,5,"Tiap lewat sini..anakku pasti minta mampir, makanannya enak, harganya terjangkau,tempatnya nyaman bgt..bagus buat bikin berkesan memori anak..",2026-04-27T04:11:35.922Z,Wiwi Pratiwi,115741077392999075224,False,0,id,2026-05-04T16:55:05.330164
Ci9DQUlRQUNvZENodHljRjlvT21VdE5YcG9UVlpDUkdnek56QmtNRGhzZGpNeE9WRRAB,ChIJn3kBtfwXby4RaGljl41h7I0,Kedai Tresha,Kuningan,Kuliner,5,"Tempat yang nyaman untuk nongkrong bareng keluarga maupun teman. Comfort food, cozy place. Pegawainya helpful sekali 👍🏻",2026-04-27T00:14:00.070Z,Renni Astrianti,109912524678736732443,False,0,id,2026-05-04T16:55:05.330174
Ci9DQUlRQUNvZENodHljRjlvT2sxMllWWk1ZV3A0TmtkRVJWbElUVzVIZFRJeU1XYxAB,ChIJn3kBtfwXby4RaGljl41h7I0,Kedai Tresha,Kuningan,Kuliner,5,Nyobain Tempat baru di kuningan .utk tmpt ok gmpg dicarinya cm klo ksini aiang panas enak sore jam 5 kyknya.dan g kliatan gunungnya.utk cemilan ok rasanya.harga standar.mas2 nya baik2 smua.,2026-04-25T08:32:23.755Z,Nina Amelia,114855426299840603961,True,0,id,2026-05-04T16:55:05.330198
Ci9DQUlRQUNvZENodHljRjlvT2kweVZVZzRlUzFpTVc5UWJqbHpiM1ozYkdjM2RsRRAB,ChIJn3kBtfwXby4RaGljl41h7I0,Kedai Tresha,Kuningan,Kuliner,5,"Suka banget sama tempatnya, bersih, makanan dan minumannya enak semua, pelayanan bagus terus tempat buat solatnya enak banget, luas",2026-04-23T15:39:58.679Z,Nikita Felicia,112408773661228207953,False,0,id,2026-05-04T16:55:05.330209
Ci9DQUlRQUNvZENodHljRjlvT2tGUVkwZFFhRE42TTBJMVdIbG5jbEEwVmxkaGIwRRAB,ChIJn3kBtfwXby4RaGljl41h7I0,Kedai Tresha,Kuningan,Kuliner,5,"Rasa makanan sama minumannya not bad, suasananya juga bagus ditambah with special people🤍

tapiiii ada satu hal yang aku inget banget (btw aku dudukny di area atas), ada salah satu pegawai yg stay di sana dia sendirian mungkin buat beresin meja² kotor, itu bestt sii ramah bangettt dan gercep, apresiasi buat pegawai yg itu👍🏻",2026-04-21T14:03:00.417Z,ziah tazkiah,101513901784242982451,False,0,id,2026-05-04T16:55:05.330219
ChdDSUhNMG9nS0VJQ0FnSUNfeXQtQ2pRRRAB,ChIJD4c3RM0Vby4Ra1PRpABTAjU,"Waroeng kopi, bakmie & teh tarik SEMOGA DJAYA",Kuningan,Kuliner,5,"Kedai makan dengan bakmie dan teh tarik yang jadi menu andalannya. Visit 2 tahun yang lalu dan kemarin visit lagi ada perubahan yang signifkan.

Ada beberapa poin yang aku perhatikan saat makan di sana. Pertama, makanannya dulu. Selera orang beda-beda, tapi kalau cari bakmie 15rb dan enak, ini udah worth it. Ada 2 rasa, manis dan asin, sayangnya yang asin gak aku coba.

Untuk lingkungannya sendiri, desain kedainya industrial dan cocok untuk nongkrong. Ada mulai dari duduk di indoor dan outdoor. Tapi aku gak terbiasa dengan alas yang batu2 kecil kayaknya, hampir jatuh terus, hiks.

Pegawainya ramah. Masih muda mudi bersemangat sekali.

Toilet sendiri agak turun ya. Juga airnya kayaknya ga habis-habis disini",2025-12-06T01:03:26.861Z,Melody AMPv,111966367119530477307,True,0,id,2026-05-04T16:55:05.330236
Ci9DQUlRQUNvZENodHljRjlvT21weldubFFYelZXT1ZvMmRVbzVObE4xVlc5b2NHYxAB,ChIJD4c3RM0Vby4Ra1PRpABTAjU,"Waroeng kopi, bakmie & teh tarik SEMOGA DJAYA",Kuningan,Kuliner,5,"Enak sii buat nongkrong, harganya juga aman di kantong",2025-10-14T03:36:26.857Z,cucumayasaroh,109801048680802396889,True,0,id,2026-05-04T16:55:05.330291
Ci9DQUlRQUNvZENodHljRjlvT21vMlpERklNbFJyZURWTlgxOHhWVFF3UVVkelpYYxAB,ChIJD4c3RM0Vby4Ra1PRpABTAjU,"Waroeng kopi, bakmie & teh tarik SEMOGA DJAYA",Kuningan,Kuliner,5,"Tempat lumayan enak, suasana cozy, enak buat nongkrong. Makanan nya enak dengan cita rasa khas, rempah nya terasa, minumannya enak, harga murah",2025-10-09T09:14:21.962Z,Dini Nurbayani,104349990432034169773,True,0,id,2026-05-04T16:55:05.330302
Ci9DQUlRQUNvZENodHljRjlvT25acVpHcElUblZNVkRCb05VZDJZbGhZT1RKbVIyYxAB,ChIJD4c3RM0Vby4Ra1PRpABTAjU,"Waroeng kopi, bakmie & teh tarik SEMOGA DJAYA",Kuningan,Kuliner,4,"Tempat ngopi n nongkrong yg nyaman, makanan nya enak2, nyobain bakmie dan nasi ayam hainan dengan harga yg murah tapi rasanya mewah, pokoknya menu2 yg lainnya jg ramah di kantong",2025-10-09T08:38:36.023Z,Siti Fajariyah,108986734342660449915,True,0,id,2026-05-04T16:55:05.330311
Ci9DQUlRQUNvZENodHljRjlvT21wV1IzWmpValpHZEhNMU4zSmtZbDkyVDNsbE1tYxAB,ChIJD4c3RM0Vby4Ra1PRpABTAjU,"Waroeng kopi, bakmie & teh tarik SEMOGA DJAYA",Kuningan,Kuliner,5,Bakmi specialist,2025-08-11T14:37:14.950Z,pastisandy,103095780180154376033,True,0,id,2026-05-04T16:55:05.330336
Ci9DQUlRQUNvZENodHljRjlvT210S05VSjZWemwyVkZkVGVtdEdaREJ4ZUdseGVFRRAB,ChIJD4c3RM0Vby4Ra1PRpABTAjU,"Waroeng kopi, bakmie & teh tarik SEMOGA DJAYA",Kuningan,Kuliner,4,"Waroeng kopi semoga Jaya cukup menarik juga, untuk tempat mengusung konsep industrial, dan juga vintage, sehingga nyaman untuk cari tempat duduk, makanan dan minuman nya juga enak dengan harga bersahabat, kebetulan hari ini lagi ultah yg pertama, sukses selalu dan semoga Jaya.....",2025-08-03T11:39:04.296Z,Udin Jaenudin,110069556020947052937,True,0,id,2026-05-04T16:55:05.330345
Ci9DQUlRQUNvZENodHljRjlvT2tRMFluY3RRVWxLTVhSUmNGaFVibHBGWVd4VGRHYxAB,ChIJD4c3RM0Vby4Ra1PRpABTAjU,"Waroeng kopi, bakmie & teh tarik SEMOGA DJAYA",Kuningan,Kuliner,5,Bakmie & teh tariknya enak harganya murmer mantaaap,2025-07-24T05:10:42.973Z,tyas lestari,112516071310320509926,True,0,id,2026-05-04T16:55:05.330355
Ci9DQUlRQUNvZENodHljRjlvT25sMVZsWjJUMlExWWxwNVJGZFZUMmh1WDNWTlRIYxAB,ChIJD4c3RM0Vby4Ra1PRpABTAjU,"Waroeng kopi, bakmie & teh tarik SEMOGA DJAYA",Kuningan,Kuliner,4,"Mohon maaf, saran saja untuk bakmie asin dan manisnya terlalu overpower bumbunya, jdi kesannya asin bgt",2025-07-18T02:04:40.500Z,Ahmad Reynaldi,115550240788476327992,False,0,id,2026-05-04T16:55:05.330366
Ci9DQUlRQUNvZENodHljRjlvT2xGMFRrSTVZblZWZW01ekxWRlNRa3hpT1VSWk5IYxAB,ChIJD4c3RM0Vby4Ra1PRpABTAjU,"Waroeng kopi, bakmie & teh tarik SEMOGA DJAYA",Kuningan,Kuliner,5,beli teh tarik tp rasanya kayak thai tea 😭,2025-07-08T09:16:47.897Z,Zahra Bintang Pratiwi,103334712870040645568,True,0,id,2026-05-04T16:55:05.330378
Ci9DQUlRQUNvZENodHljRjlvT2tacVJWUlFNbEZZY0VoVFpHOVVUM0IyVTJSblVXYxAB,ChIJD4c3RM0Vby4Ra1PRpABTAjU,"Waroeng kopi, bakmie & teh tarik SEMOGA DJAYA",Kuningan,Kuliner,5,harga nya murah murah bgt sangat cocok untuk pelajar. rasa makanannya worth it dengan harga segituu. recommended sih👍🏻,2025-06-27T13:25:45.963Z,Fatiha Aulia Angraini,102216257668325931569,False,0,id,2026-05-04T16:55:05.330388
ChZDSUhNMG9nS0VJNk45Y09famVELU1nEAE,ChIJD4c3RM0Vby4Ra1PRpABTAjU,"Waroeng kopi, bakmie & teh tarik SEMOGA DJAYA",Kuningan,Kuliner,1,"pelayanan nya kurang, minta tolong dong kalo ngelayanin yang niattt,bad attitude, untuk di bagian cooking minta tolong bgt kalo masak bakmie mie nya yang mateng masa mie nya belom mateng tapi udh dikasih ke cust sampe ga di makan maaf(untuk masukan aja biar ga terulang),trs air rebusannya sering' deh diganti, thank u",2025-05-12T18:17:35.757Z,Fitria Handayani,111402902611036977281,False,0,id,2026-05-04T16:55:05.330405
ChZDSUhNMG9nS0VJQ0FnTUNndE5UUEd3EAE,ChIJD4c3RM0Vby4Ra1PRpABTAjU,"Waroeng kopi, bakmie & teh tarik SEMOGA DJAYA",Kuningan,Kuliner,4,"dulu awal awal pernah kesini lama banget keluar pesenannya, sekarang sudah lebih cepat meskipun agak ramai. kalau pesen minum yg dingin gapake gelas imut, tapi pake cup plastik. suasananya enak setelah hujan, meskipun ada bocor2 dikit.
dulu pesen bakmi dan roti panggang rasanya lumayan enak, not bad dengan harga yang tertera. teh tarik dan kopi tariknya enak!",2025-05-06T13:51:53.407Z,Nuraini Salsabila,117713905285685336331,True,0,id,2026-05-04T16:55:05.330414
Ci9DQUlRQUNvZENodHljRjlvT21KbmExVkhjMmhPTkVoSFpXaGhiWGRsUVRWRFJtYxAB,ChIJ0ah-8xAXby4RAe_m-glJXCo,OKPUKAT KUNINGAN KOTA,Kuningan,Kuliner,5,Nikmattt pisannn... No komen pokonamah🤩🤩,2026-02-24T08:49:52.306Z,Nuril Mubin,115064125410938305406,False,0,su,2026-05-04T16:55:05.330423
Ci9DQUlRQUNvZENodHljRjlvT25sUFlsVTFYMk5HVTI5SGJsQkVVblZ6UXpSZmEzYxAB,ChIJ0ah-8xAXby4RAe_m-glJXCo,OKPUKAT KUNINGAN KOTA,Kuningan,Kuliner,5,"makanan dan minuman nya sangat enak, cocok untuk di minum siang siang 👍",2026-02-24T08:46:39.222Z,Zalpaa Septian,112727992962658216996,False,0,id,2026-05-04T16:55:05.330436
Ci9DQUlRQUNvZENodHljRjlvT2tVd1pXVkZXR0ZIYjNNNWFYUnhVa3BvWW1aRGJuYxAB,ChIJ0ah-8xAXby4RAe_m-glJXCo,OKPUKAT KUNINGAN KOTA,Kuningan,Kuliner,1,"Saya salah satu penggemar okpukat di kuningan, tapi males banget kalo beli depan bjb, karyawan yg pake kacamata gak enak banget kalo ngelayanin, gak kedengeran dikit ajaa nyolott kayak gak ikhlas bangett ngelayaninnya , suami saya sampe kapokk.",2026-01-27T07:03:08.267Z,Ikhfina Maolaya,106073282209080490041,False,0,id,2026-05-04T16:55:05.330445
Ci9DQUlRQUNvZENodHljRjlvT21GamJEaDBNVlJIT0ZJMGVXcGZXbWhCVEhOdGRIYxAB,ChIJ0ah-8xAXby4RAe_m-glJXCo,OKPUKAT KUNINGAN KOTA,Kuningan,Kuliner,5,"Pilihan menunya banyak, paling favorit itu danc*w kental. Tp syang ya tempatnya susah buat parkir buat kendaaraan roda 4. Kl roda 2 msh bsa.",2025-09-02T14:02:13.889Z,Leni Nurahmi,115528930159756078643,True,0,id,2026-05-04T16:55:05.330463
Ci9DQUlRQUNvZENodHljRjlvT2xGcVZFVm1iekJFYkZkMk5tUkJUMkY1T1ROdFpGRRAB,ChIJ0ah-8xAXby4RAe_m-glJXCo,OKPUKAT KUNINGAN KOTA,Kuningan,Kuliner,4,Senyum kek klo melayani..    Jutek amat jadi penjual..   Untung produknya enak..,2025-06-30T11:39:16.636Z,Eyza Dens,102967229444408878823,True,0,id,2026-05-04T16:55:05.330481
ChdDSUhNMG9nS0VJQ0FnSURfLTZxTGhRRRAB,ChIJ0ah-8xAXby4RAe_m-glJXCo,OKPUKAT KUNINGAN KOTA,Kuningan,Kuliner,1,"Pelayananya kurang banget terutama kasir nya gak helpful sama sekali,untuk owner tolong di training dulu pegawainya biar bisa melayani customer dengan baik",2025-01-27T13:42:09.044Z,Widi Shd,118172428492609528836,False,0,id,2026-05-04T16:55:05.330499
ChZDSUhNMG9nS0VJQ0FnSUQ3NDdfNERnEAE,ChIJ0ah-8xAXby4RAe_m-glJXCo,OKPUKAT KUNINGAN KOTA,Kuningan,Kuliner,5,Minuman yang paling favorit banget tak pernah terlewatkan cocok di minum di setiap moment apapun beuh selalu ketagihan pokonya 🥰🥰,2024-08-28T03:01:45.071Z,Zamzam Nurjaman,118232669929973317546,False,0,id,2026-05-04T16:55:05.330549
ChZDSUhNMG9nS0VJQ0FnSUNhdzRLdFpBEAE,ChIJ0ah-8xAXby4RAe_m-glJXCo,OKPUKAT KUNINGAN KOTA,Kuningan,Kuliner,5,Suka banget varian creamee apalagi yang cookies. Rasanya gak bisa diungkapkan sama kata - kata,2024-08-27T03:43:08.815Z,Budiargo Alam,100666901160175122650,False,0,id,2026-05-04T16:55:05.330576
ChdDSUhNMG9nS0VJQ0FnSURyeWZxZXN3RRAB,ChIJ0ah-8xAXby4RAe_m-glJXCo,OKPUKAT KUNINGAN KOTA,Kuningan,Kuliner,5,"Karena pinggir jalan sedikit rame suara kendaraan (selalu berhati-hati guys), pemesanan cepat, produknya enak bikin ketagihan untuk pecinta alpukat tp jangan keseringan kl jarang olahraga karena berat badan akan naik🤭 habis minum ini harus rajin olahraga, harganya gak terlalu pricey masih terjangkau",2024-07-18T10:37:05.773Z,박수열,104314268369289849639,True,0,id,2026-05-04T16:55:05.330588
Ci9DQUlRQUNvZENodHljRjlvT2kxelpEVXhZV3BJV0daYWJrbENSRTVaTWpKYVRsRRAB,ChIJn3kBtfwXby4RaGljl41h7I0,Kedai Tresha,Kuningan,Kuliner,4,"Tempatnya nyaman banget buat santai! Meskipun konsepnya terbuka, hawanya tetap adem karena banyak angin sepoi-sepoi. Pelayanannya jempolan, ramah, dan pesanan datangnya cepat.

Dari segi harga, makanan dan minuman masih standar (normal). Pilihan area duduknya banyak dan kebersihannya sangat terjaga. Fasilitas juga lengkap: ada mushola di bawah, WC rapi dan bersih. Parkiran luas, tapi kalau lagi ramai banget bisa parkir di seberangnya. Highly recommended!",2026-04-19T12:13:47.763Z,Rifal Di,116880292173990368065,True,0,id,2026-05-04T16:55:05.330624
Ci9DQUlRQUNvZENodHljRjlvT21jNFVrcGhaVXQ2TTFsSlZFTnRUMDVTU1dvMFFYYxAB,ChIJn3kBtfwXby4RaGljl41h7I0,Kedai Tresha,Kuningan,Kuliner,5,Proper sekali untuk venue intimate. Terima kasih Kedai Tresha❤️,2026-04-19T03:07:58.778Z,Mia Wulansani,111778202096506578016,False,0,ms,2026-05-04T16:55:05.330642
Ci9DQUlRQUNvZENodHljRjlvT2xoRE9YY3RTakpIYWs5amJrMWtUV000VjNKdmNYYxAB,ChIJn3kBtfwXby4RaGljl41h7I0,Kedai Tresha,Kuningan,Kuliner,5,Viewnya bagus banget,2026-04-19T02:51:56.526Z,Maula Review,115089722842498603186,True,0,id,2026-05-04T16:55:05.330651
Ci9DQUlRQUNvZENodHljRjlvT25CWVREZ3dZMDg0VUVsU1ZrODFabUowU3pSME1GRRAB,ChIJn3kBtfwXby4RaGljl41h7I0,Kedai Tresha,Kuningan,Kuliner,5,"Tempat ny bagus, dateng buat bukber dan buat reservasi pagi untuk buka puasa, pesen Nasi Goreng Kambing, enak pooooool harganya juga murmer 30rban aja, es campur nya juga enak, alpukat sama kelapa nya ngga pelit dan dpet kurma gratis, mushola dan Tempat wudhu nya adem dan cukup luas yaa, bersih juga, tapi untuk pelayanan nya memang agak lama krna reservasi yg penuh di jam bukber, tapi worth it banget makan disini 🥰",2026-04-15T06:57:30.425Z,Indah Permatasari,108580084689168510973,True,0,id,2026-05-04T16:55:05.330661
Ci9DQUlRQUNvZENodHljRjlvT2tSdVVrMVhWamxDVjFkeVpGQldRMlY1Ym5Vd1ptYxAB,ChIJn3kBtfwXby4RaGljl41h7I0,Kedai Tresha,Kuningan,Kuliner,5,"pelayanannya cepatt sekalii baru pesan langsung jadi , ga harus nunggu lama untuk makanan dan minuman enakk 😻🤭",2026-04-13T10:52:13.403Z,khadizaa (dijaah),105100069782350510927,False,0,id,2026-05-04T16:55:05.330669
Ci9DQUlRQUNvZENodHljRjlvT2pBNVIySjJPR2MzYzAxT2JtMTRXbUpXU1ZSd2RGRRAB,ChIJn3kBtfwXby4RaGljl41h7I0,Kedai Tresha,Kuningan,Kuliner,2,Dua kali dateng nunggu makanan 1 jam lebih,2026-04-12T03:25:58.995Z,Minhaj Robbani,104076491031766829538,True,0,id,2026-05-04T16:55:05.330700
Ci9DQUlRQUNvZENodHljRjlvT214VGVWOWtha3MzYUc1SFkwaGxSMUUzYjNZNWNtYxAB,ChIJn3kBtfwXby4RaGljl41h7I0,Kedai Tresha,Kuningan,Kuliner,5,view bagus harga ok lahh selebihnya selera,2026-04-09T17:47:51.358Z,Muhammad Rasyid Ridho,109990409214334092462,False,0,ms,2026-05-04T16:55:05.330717
Ci9DQUlRQUNvZENodHljRjlvT21Ga2FUWTVjRUZzY1cxWVJFRTFjamRNV0d0bk1rRRAB,ChIJn3kBtfwXby4RaGljl41h7I0,Kedai Tresha,Kuningan,Kuliner,5,"Suasananya nyaman, saran kalo kesini malam hari hawa sejuknya lebih berasa dan dapat view citylightnya, penyajian minumana terhitung cepat, untuk rasa makanan enak.",2026-04-08T03:07:51.607Z,Edwin Nurdiansyah,106529114920383015856,True,0,id,2026-05-04T16:55:05.330726
Ci9DQUlRQUNvZENodHljRjlvT2twSE1UWTNRVWx6WTNCamFWZHNVbTgxWVV0aGJuYxAB,ChIJn3kBtfwXby4RaGljl41h7I0,Kedai Tresha,Kuningan,Kuliner,4,"makanan nyaaa enakk² semuaa, waiters yang nganter makanan nyaa ramah² . Suka bangettt sama view pemandangan nyaa, rekomen bangettt buat acara keluarga atau cuma ngedate sama pasangan🤍🤍🤍🤍",2026-03-31T05:13:06.020Z,Dudung Duari,109428774186985581613,False,0,id,2026-05-04T16:55:05.330743
Ci9DQUlRQUNvZENodHljRjlvT2pOUFVUaEdhVWN0VUMxaGNuSm9NazlMYTFKMk1FRRAB,ChIJn3kBtfwXby4RaGljl41h7I0,Kedai Tresha,Kuningan,Kuliner,5,"tempatnyaa bagus syahduu, apalagi pelayanannya👏",2026-03-30T08:48:46.265Z,Ariel Hidayat,106192308415038756306,False,0,id,2026-05-04T16:55:05.330761
Ci9DQUlRQUNvZENodHljRjlvT2w5blJteDJVRXRvY1Vka2JHVnFZazgyU1d4NlNsRRAB,ChIJn3kBtfwXby4RaGljl41h7I0,Kedai Tresha,Kuningan,Kuliner,5,"untuk makanannya enak"" dan juga pelayannya pada ramah sukakk🥰🥰",2026-03-30T07:13:29.275Z,april worf,109847407729768209298,False,0,id,2026-05-04T16:55:05.330771
ChZDSUhNMG9nS0VJQ0FnTURRdmVfU1ZnEAE,ChIJD4c3RM0Vby4Ra1PRpABTAjU,"Waroeng kopi, bakmie & teh tarik SEMOGA DJAYA",Kuningan,Kuliner,1,lama banget pesenannya,2025-03-13T12:05:14.385Z,M fikri Rizki Ilhami,111552026881842006607,False,0,id,2026-05-04T16:55:05.330796
ChdDSUhNMG9nS0VJQ0FnTURnMWRiSzRRRRAB,ChIJD4c3RM0Vby4Ra1PRpABTAjU,"Waroeng kopi, bakmie & teh tarik SEMOGA DJAYA",Kuningan,Kuliner,1,pelayanan nya kurang tempat nya kurang di perhatiin smaa karyawan nya banyak kursi berantakan ga langsung di rapihin bekas makan org ga langsung di bersihin juga kursi pada basah,2025-02-26T08:04:11.321Z,Ihsan Fadhil,112977613870235855034,True,0,id,2026-05-04T16:55:05.330812
ChdDSUhNMG9nS0VJQ0FnTUNndlpDd3VRRRAB,ChIJD4c3RM0Vby4Ra1PRpABTAjU,"Waroeng kopi, bakmie & teh tarik SEMOGA DJAYA",Kuningan,Kuliner,3,"Kesini pesen bakmie manis, bakmie asin, dan dimsum. Untuk bakmie asinnya kurang kerasa bumbunya. Untuk bakmie manisnya enak, bumbu kecap manisnya juga kerasa. Untuk pokchoy di bakmienya sepertinya harus direbus dadakan agar lebih fresh. Kalo pesen bakmie pasti dapet kuah dan bakso. Tapi, pas datang kuah dan baksonya dingin, jadi kurang enak aja dan baksonya jadi agak keras. Tapi untuk ukuran bakmie yang harganya cuma 15rb itu lumayan worth it. Untuk dimsum rasanya lebih kaya siomay. Dimsumnya dikukusnya kurang lama, jadi kulitnya agak keras dan matangnya belum merata. Semoga bisa ditingkatkan lagi kualitas dan rasanya.",2025-02-21T02:30:00.446Z,Sabrina Sharapova,114640450362074849017,True,0,id,2026-05-04T16:55:05.330820
ChdDSUhNMG9nS0VJQ0FnTURBay1lLTNRRRAB,ChIJD4c3RM0Vby4Ra1PRpABTAjU,"Waroeng kopi, bakmie & teh tarik SEMOGA DJAYA",Kuningan,Kuliner,4,"Setiap kali lewat klo sore selalu penuh, akhirnya nyobain jg tempatnya luas konsepnya kaya bangunan yg blm jadi,bnyk anak muda yg sekedar makan/ngopi sambil nongkrong,karena harganya yg ramah di kantong makanannya lmyn enak kopi tarik jg enak ga enek,pesen roti bakar coklat & bakmi manis tp ga dikasih sambal/Chili oil apa mungkin lupa c Aa nya trus kuah nya berasa asin bgt apa emang begitu menyatukan citarasa dg mie nya?? pelayanannya ramah 👍🏼",2025-02-11T16:02:30.738Z,nenk710,117645616184898662117,True,0,id,2026-05-04T16:55:05.330830
ChdDSUhNMG9nS0VJQ0FnTURBeXZmVzh3RRAB,ChIJD4c3RM0Vby4Ra1PRpABTAjU,"Waroeng kopi, bakmie & teh tarik SEMOGA DJAYA",Kuningan,Kuliner,4,"tempat nya lumayan nyaman, bakmie nya aga hambar, chili oilnya kurang berasa sama kering bngt bikin seret",2025-02-08T04:59:19.094Z,Osa,106477448233779268752,False,0,id,2026-05-04T16:55:05.330839
ChZDSUhNMG9nS0VJQ0FnTURBdk55aUJ3EAE,ChIJD4c3RM0Vby4Ra1PRpABTAjU,"Waroeng kopi, bakmie & teh tarik SEMOGA DJAYA",Kuningan,Kuliner,5,"Dulu tempat apa, sekarang jd tempat nongkrong heits di sini. Kalo malem kesini nya, vibes nya asa di simpang Dago ga sih? 🤭 pdhl yah, seberang tempat ini tu, makam legend, tp ga keciri. 😁 Enakeun lah vibes nya.
Setiap lewat sini tuh, selalu aja rame makanya penasaran ada apa sih yg menarik?
Ternyata makanan dan minuman disini harganya affordable banget. Pas sama kantong, ga kudu nunggu gajian ga sih. Hehe. Roti bakar srikaya nya enaaaak. Teh tarik nya lumayan, ga nyobain kopinya. Next kesini lagi lah nyobain bakmi nya ato nasi Hainan nya.",2025-02-07T15:28:10.038Z,F3R4,115826713183483380525,True,0,id,2026-05-04T16:55:05.330848
ChdDSUhNMG9nS0VJQ0FnTURBOEtiRnFnRRAB,ChIJD4c3RM0Vby4Ra1PRpABTAjU,"Waroeng kopi, bakmie & teh tarik SEMOGA DJAYA",Kuningan,Kuliner,5,"warung yang selalu rame pool, cozy buat anak gen z😂 harga kantong pelajar",2025-02-06T11:37:19.079Z,Salsa Eriska Putri,108648823440344540327,True,0,id,2026-05-04T16:55:05.330857
ChZDSUhNMG9nS0VJQ0FnSURfcjdyMUpREAE,ChIJD4c3RM0Vby4Ra1PRpABTAjU,"Waroeng kopi, bakmie & teh tarik SEMOGA DJAYA",Kuningan,Kuliner,1,"Berdasarkan pengalaman :
- Harga ada yg ga sesuai sama PL menu
- Parkir sendiri (tapi bayar)
- Nunggu makanan lama bangettt
- Pelayan ngerokok depan makanan 😤
- Rasa makanan biasa aja bahkan ga sesuai bgt sama foto² di feed instagramnya, udah kaya makanan yg selsai ga selsai tapi harus buru² disajikan.
Baru nemu tempat makan kaya begini, kapok sih gaakan balik lagi ke sini 🙏🏻",2025-01-29T13:27:06.673Z,Nina Karlina,111671546978430876209,False,0,id,2026-05-04T16:55:05.330866
ChZDSUhNMG9nS0VJQ0FnSURfNzl1NUxBEAE,ChIJD4c3RM0Vby4Ra1PRpABTAjU,"Waroeng kopi, bakmie & teh tarik SEMOGA DJAYA",Kuningan,Kuliner,1,"Pesen dari jam 13.30 tapi baru dtg jam 3an, yang baru dtg udh langsung ada pesenannya tapi pesanan saya g diantar antar",2025-01-28T10:11:40.106Z,Azzhara Y,114826964711187835426,False,0,id,2026-05-04T16:55:05.330876
Ci9DQUlRQUNvZENodHljRjlvT21sVWJFRlRUek52ZEhKUVlXOXFWbEE1UkVJemVGRRAB,ChIJn3kBtfwXby4RaGljl41h7I0,Kedai Tresha,Kuningan,Kuliner,5,"pelayanan nya ramah, tempat nya bagus nyaman, apalagi pemandangan bagus banget, makanan minuman nya nya juga enak². good job lah.......",2026-03-30T06:55:43.718Z,Ismail Mail,112766047618538507456,False,0,id,2026-05-04T16:55:05.330935
Ci9DQUlRQUNvZENodHljRjlvT2xoYVJFZHhZa1JhTm1oSE9GZEZWelpuV2tock1HYxAB,ChIJn3kBtfwXby4RaGljl41h7I0,Kedai Tresha,Kuningan,Kuliner,5,"Semuanya enak tp bagi yg mendang mending ini agak mahal 🙏😊
makanan juga cepat, gak harus nunggu lama
baru pertama kesini padahal sering lewat jalan baru😁",2026-03-29T11:39:04.251Z,Fatimah M. Ima,102501712098810301733,True,0,id,2026-05-04T16:55:05.330957
Ci9DQUlRQUNvZENodHljRjlvT2xKa1VIRlJUMWwyVFVvd2FtSjRkMUpKZW05M1JsRRAB,ChIJn3kBtfwXby4RaGljl41h7I0,Kedai Tresha,Kuningan,Kuliner,5,Nasgor kambing enakk pwolll … biasa beli solariaa karena jauh aku belinya ke tresha enakk kambingnya nggak bau porsinya banyak rasanya juga nggak berubah udah 2 kali coba ❤️,2026-03-28T13:13:28.359Z,Sasadary Beauty,113019017487875014821,False,0,id,2026-05-04T16:55:05.330986
Ci9DQUlRQUNvZENodHljRjlvT25aaE4xSndWbnBNWVhWM1JGVklVMlpVVjI1UFIxRRAB,ChIJn3kBtfwXby4RaGljl41h7I0,Kedai Tresha,Kuningan,Kuliner,5,Tempat Nongkrong Cracy sihhh,2026-03-28T07:16:47.235Z,Nabil Al Khudri.N,112125984333645452039,False,0,id,2026-05-04T16:55:05.331002
Ci9DQUlRQUNvZENodHljRjlvT2xCUVFVMXdNMUJHWVVkSmVXaFRUV1ZsZUZSaGVWRRAB,ChIJn3kBtfwXby4RaGljl41h7I0,Kedai Tresha,Kuningan,Kuliner,5,"Kedai Tresha suasana adem banget makan makanan dan minuman nya enak enak pelayanan sangat cepat tempat nya bagus buat keluarga, bareng temen/buat nongkrong rumah makan paling bagus di kuningan",2026-03-28T04:48:46.670Z,Muhamad Yoga,110095298607884673424,False,0,id,2026-05-04T16:55:05.331041
Ci9DQUlRQUNvZENodHljRjlvT25kM2FtSlFNME0yVTBWak1FOTRaRXBGY1VjNVJHYxAB,ChIJn3kBtfwXby4RaGljl41h7I0,Kedai Tresha,Kuningan,Kuliner,5,"Tempatnya cozy, cukup luas parkirannya, letaknya strategis, pemandangannya bagus, makanan rekomendasinya nasi kebuli sama tongseng dan kopinya enak enak.
cuman untuk pelayanannya masih kurang teliti di setiap pesanan customer, kemarin menunggu makanan dan minum sekitar 1jam an, dari jam 5-6 lewat makanan blum dateng bahkan air mineral pun belum ada difable.
tolong di tingkatin lagi ya untuk estimasi waktu pesanannya",2026-03-28T02:45:51.820Z,Rafiifa Idzattasaq,118356129077252815260,False,0,id,2026-05-04T16:55:05.331058
Ci9DQUlRQUNvZENodHljRjlvT25GalJVSnBXa2RwZG1kbFNXVjNRWEZuUTNwMWRIYxAB,ChIJn3kBtfwXby4RaGljl41h7I0,Kedai Tresha,Kuningan,Kuliner,5,Rame terussssss,2026-03-28T01:32:42.099Z,Ari Kurniawan,118124854911964839604,True,0,id,2026-05-04T16:55:05.331075
Ci9DQUlRQUNvZENodHljRjlvT2psUmRsRldNRFkyZWpkVE1YSnNaMUZSWVhseVlVRRAB,ChIJn3kBtfwXby4RaGljl41h7I0,Kedai Tresha,Kuningan,Kuliner,5,"Tempat nya enak banget buat ngopi sore-sore, mampir kesini waktu mudik ke kuningan. Pilihan makanan dan minuman nya banyak, mulai dari makanan ringan sampai ke makanan berat. Toilet nya bersih, musholla nya bersih.",2026-03-25T08:52:00.868Z,Yulia Sarah Damayanti,105203518384696230889,True,0,id,2026-05-04T16:55:05.331096
ChdDSUhNMG9nS0VJQ0FnSUNMcVBHay1RRRAB,ChIJ0ah-8xAXby4RAe_m-glJXCo,OKPUKAT KUNINGAN KOTA,Kuningan,Kuliner,4,Salah satu kuliner enak di kuningan menurut aku. Ini aku beli yang original. Menunya banyak banget dijamin bingung pilih yang mana.,2024-06-14T14:09:40.891Z,kartini,109115930830662872471,True,0,id,2026-05-04T16:55:05.331140
ChdDSUhNMG9nS0VJQ0FnSUNUaWZENHRnRRAB,ChIJ0ah-8xAXby4RAe_m-glJXCo,OKPUKAT KUNINGAN KOTA,Kuningan,Kuliner,5,Okpukat barbar enak banget wajib coba,2024-05-16T07:04:19.364Z,Muhamad Abdul aziz,110157896364686553053,False,0,id,2026-05-04T16:55:05.331159
ChZDSUhNMG9nS0VJQ0FnSUNObHJUMUJREAE,ChIJ0ah-8xAXby4RAe_m-glJXCo,OKPUKAT KUNINGAN KOTA,Kuningan,Kuliner,5,Inimah langganan keluarga kita 😁,2024-01-14T07:10:46.863Z,Auliandhini Chandra Sari,110579505064244763256,True,0,id,2026-05-04T16:55:05.331272
ChdDSUhNMG9nS0VJQ0FnSUNaa3V1MXNRRRAB,ChIJ0ah-8xAXby4RAe_m-glJXCo,OKPUKAT KUNINGAN KOTA,Kuningan,Kuliner,2,"bintang 2 dulu, barusan beli di Jalan siliwangi. beli mahal2 packaging kurang menarik(cup tipis) di gantung di motor pecah tadi, rasio air sama esbatu 30:70 jadi cepet abis airnya(sweet) jadi hambar cuma kesedot air lelehan es batunya, trims. semoga makin baik lagi, ditingkatkan lagi dari ketahanan packagingnya, mahal2 tapi tipis sayang kan...",2023-09-07T12:31:22.264Z,Muhamad Rizky,108208008002878293103,False,0,id,2026-05-04T16:55:05.331314
ChdDSUhNMG9nS0VJQ0FnSURwN28tNzNRRRAB,ChIJ0ah-8xAXby4RAe_m-glJXCo,OKPUKAT KUNINGAN KOTA,Kuningan,Kuliner,5,Nyoba yang cabang Cilimus.. Selalu enak 👌🏼,2023-08-22T13:02:44.536Z,Ceu Epik,115343300784818311403,True,2,id,2026-05-04T16:55:05.331324
ChZDSUhNMG9nS0VJQ0FnSUNwODltS2J3EAE,ChIJ0ah-8xAXby4RAe_m-glJXCo,OKPUKAT KUNINGAN KOTA,Kuningan,Kuliner,3,"Tempatnya kurang luas, ga ada tempat berteduh.. Kepanasan",2023-08-10T07:55:48.994Z,Nia Kurniawati,112688130548570419271,True,0,id,2026-05-04T16:55:05.331335
ChZDSUhNMG9nS0VJQ0FnSUNwbU1xUmZREAE,ChIJ0ah-8xAXby4RAe_m-glJXCo,OKPUKAT KUNINGAN KOTA,Kuningan,Kuliner,5,"Minuman yang murah, enak, premium. Wajib coba!",2023-07-28T03:29:35.126Z,Aguss Aguy,107566760982509316279,False,0,id,2026-05-04T16:55:05.331349
ChdDSUhNMG9nS0VJQ0FnSURKXzQ2YmhBRRAB,ChIJ0ah-8xAXby4RAe_m-glJXCo,OKPUKAT KUNINGAN KOTA,Kuningan,Kuliner,5,"Enak banget sumpah, pengen nangis",2023-07-26T05:09:40.767Z,H.Z.L Nuts 98,107513367109038796982,False,0,id,2026-05-04T16:55:05.331365
ChZDSUhNMG9nS0VJQ0FnSURKdWFUWFpBEAE,ChIJ0ah-8xAXby4RAe_m-glJXCo,OKPUKAT KUNINGAN KOTA,Kuningan,Kuliner,5,"Ok pukat depan bank BJB... olahan alpukat pertama di kuningan...dari buah asli ..seger enak...banyak pilihan nya...
Snack nya cuma ada keju aroma",2023-07-20T06:54:09.135Z,Windi Srivimala,114992041518209502794,True,0,id,2026-05-04T16:55:05.331374
ChZDSUhNMG9nS0VJQ0FnSUNKMWRPWFVBEAE,ChIJ0ah-8xAXby4RAe_m-glJXCo,OKPUKAT KUNINGAN KOTA,Kuningan,Kuliner,4,"Rasanya lumayan enak, tidak ada tempat nunggu antrian karena letaknya ditrotoar",2023-07-01T22:28:14.844Z,Hatimu Family,110722498198673783819,True,0,id,2026-05-04T16:55:05.331383
Ci9DQUlRQUNvZENodHljRjlvT21oMWNUSTFWV00zV1ZGWmFsQldiR0pHYW5kTVVsRRAB,ChIJWX3HOf0Zby4Rd5kqocxzjy4,Rumah Makan Laksana,Kuningan,Kuliner,1,"Gak salah tuh gurame 1 ons harganya 23ribu ?
Berarti harga 1 kg 230ribu dong.
Harga menu non gurame juga kemahalan.",2026-04-24T10:16:07.399Z,lioe hauw khoen,113397681880561343538,True,0,id,2026-05-04T16:55:05.331406
Ci9DQUlRQUNvZENodHljRjlvT2xOR09EaElSRGR6UjFJMVIxVnpUSGhqZDI5NE5XYxAB,ChIJWX3HOf0Zby4Rd5kqocxzjy4,Rumah Makan Laksana,Kuningan,Kuliner,5,Kalau ke kuningan harus mampir sini. Makanannya mantap gurame cobek nya paling rekomen.,2026-04-17T12:56:07.053Z,Wijianto Kho,110423271113188989943,True,0,id,2026-05-04T16:55:05.331427
Ci9DQUlRQUNvZENodHljRjlvT201Tk9IcHlNRVJsUmpsMUxVdFBOUzF0WVVsM1VGRRAB,ChIJWX3HOf0Zby4Rd5kqocxzjy4,Rumah Makan Laksana,Kuningan,Kuliner,5,Setiap acara selalu makan nya di sini rekomen banget👍👍👍,2026-04-12T16:09:18.193Z,Siti Rumi,112851508207846403337,True,0,id,2026-05-04T16:55:05.331437
Ci9DQUlRQUNvZENodHljRjlvT25oSWIwVkZNbkpIY1ZnekxUSmliME4yWldsTE5sRRAB,ChIJWX3HOf0Zby4Rd5kqocxzjy4,Rumah Makan Laksana,Kuningan,Kuliner,5,"Tempatnya nyaman, ada kolam ikan anak-anak pasti suka.
Here are the menu di take Apr 2026.

Enjoyyyyy",2026-04-04T11:40:44.717Z,Mitha Natan,104838920153227207667,True,1,id,2026-05-04T16:55:05.331448
Ci9DQUlRQUNvZENodHljRjlvT2xSelEwTnFiemhOWDJRNGNHOHlVWGRaUzBKeldGRRAB,ChIJWX3HOf0Zby4Rd5kqocxzjy4,Rumah Makan Laksana,Kuningan,Kuliner,5,Ga sangka ayam goreng disini enak loh. Padahal main menunya gurame,2026-03-29T15:36:45.492Z,LOL Food Lover,107544406200159108619,True,0,id,2026-05-04T16:55:05.331458
Ci9DQUlRQUNvZENodHljRjlvT2swMVoyTlZaSEF6ZWtkV1QxTmpSSGd6YW0xTGVIYxAB,ChIJWX3HOf0Zby4Rd5kqocxzjy4,Rumah Makan Laksana,Kuningan,Kuliner,5,"Nyaman Ramah Cepat
Harga lebaran luar biasa👍",2026-03-24T09:38:42.648Z,Nanang S Arizona,111800126300160122696,True,0,id,2026-05-04T16:55:05.331468
Ci9DQUlRQUNvZENodHljRjlvT2s4MU9GcHlVVEZPVTJoT1NuTTFNMWRzWXpGa2RFRRAB,ChIJWX3HOf0Zby4Rd5kqocxzjy4,Rumah Makan Laksana,Kuningan,Kuliner,1,Actually the food it was good but during Ramadhan they didnt accept the guest when we arrive at 5pm the table already served,2026-03-19T10:56:10.255Z,Fonkfonk Djiu,102297037862514340988,True,0,en,2026-05-04T16:55:05.331485
Ci9DQUlRQUNvZENodHljRjlvT25wVVUzRk9WbUZLWnpRMGQwNWxlRzkwVkRCemVGRRAB,ChIJWX3HOf0Zby4Rd5kqocxzjy4,Rumah Makan Laksana,Kuningan,Kuliner,5,"To order: Gado-gado, Gurame Goreng, Gurame Goreng Bakar Kecap Cobek, Gurame Legian, Nasi Merah, Pencok Kacang, Sambal Dadak, Sate Kambing (one of the best), Sop Ayam, Tahu Tempe Polos, Tahu Tempe Tepung, Telor Dadar Pete",2026-02-15T13:10:08.576Z,arir,104730750377948376517,True,0,id,2026-05-04T16:55:05.331509
Ci9DQUlRQUNvZENodHljRjlvT25kVVZ6TlJkMWw1UTFscWNISTBUR3BEZG01UFdsRRAB,ChIJWX3HOf0Zby4Rd5kqocxzjy4,Rumah Makan Laksana,Kuningan,Kuliner,5,"makanan :so yumny enak banget apalagi pindang patinya da best

servise ramah sekalii cepet penyajianya

suasanan nya enak tempatnya luas",2026-01-22T12:56:29.032Z,dessy Indra,113672732787658071589,True,0,id,2026-05-04T16:55:05.331534
Ci9DQUlRQUNvZENodHljRjlvT25odmNITklhM2hEVW5KMlFqVkJVMFpQU25kMWNXYxAB,ChIJWX3HOf0Zby4Rd5kqocxzjy4,Rumah Makan Laksana,Kuningan,Kuliner,5,Makanannya enak2..ada.lesehan dan bangku biasa..ada kolam ikan utk anak2 liat2..ok pkknya,2026-01-18T15:06:40.118Z,Kathelin Teoriman,109207050154501102710,True,0,id,2026-05-04T16:55:05.331554
Ci9DQUlRQUNvZENodHljRjlvT2tSSFFXVXRYMm90WmkxUmFrZHVNMkZ4YUU5dVNYYxAB,ChIJWX3HOf0Zby4Rd5kqocxzjy4,Rumah Makan Laksana,Kuningan,Kuliner,4,"local's favorite! salah satu rumah makan legend di kuningan. kalau mertuaku paling suka gurame tim cobeknya, ikan guramenya lembut gak bau terus dikasi cabe ijo yg seger gituh. kita juga pesen gurame goreng garing, enak ini recommended juga. buat pelengkapnya karedok sama lalapan plus sambel terasi. setiap ke sini rame terus gak pernah sepi.",2026-01-10T13:44:11.177Z,Vania Harista,108550783820217827071,True,0,id,2026-05-04T16:55:05.331580
Ci9DQUlRQUNvZENodHljRjlvT2tOaFZrdHdVemxVTUdGcU4yWkJaMkZ1T0ZKTk4zYxAB,ChIJWX3HOf0Zby4Rd5kqocxzjy4,Rumah Makan Laksana,Kuningan,Kuliner,5,"Rumah makan bersih, nyaman, makanan lezat terutama aneka olahan gurame, toilet bersih, mushola luas, harga sesuai",2026-01-10T12:35:06.642Z,Naila Nur Azizah,107970353512779628754,False,0,id,2026-05-04T16:55:05.331590
Ci9DQUlRQUNvZENodHljRjlvT21ZMVlVY3hUM0JzY0dwcE5IaENPRmx3ZWtsT1FsRRAB,ChIJWX3HOf0Zby4Rd5kqocxzjy4,Rumah Makan Laksana,Kuningan,Kuliner,3,Good karedok. Other average and expensive. Its more cheaper eat in the hotel.,2026-01-05T11:36:54.706Z,P,109288156712964312148,True,0,en,2026-05-04T16:55:05.331600
Ci9DQUlRQUNvZENodHljRjlvT2xrM01WRk1ZMFF4ZG0xalZFTldjR1YxVmpsNVdtYxAB,ChIJmavgvLgXby4R2IizioFRk8k,Pondok Cai Pinus,Kuningan,Kuliner,3,"helm kami kehujanan
pihak pengelola parkiran
pondok cai pinus, diem diem bae
terpaksa dari kuningan
sampe bandung gapake helm.!",2026-02-08T11:04:33.532Z,Momon. R,108665167169020688624,False,0,id,2026-05-04T16:55:05.331643
Ci9DQUlRQUNvZENodHljRjlvT2xBMlYyMUNPRWxqU1ZKeFNHOVNMVVp4U0UwMlptYxAB,ChIJmavgvLgXby4R2IizioFRk8k,Pondok Cai Pinus,Kuningan,Kuliner,5,"Tempat bagus, suasana adem veu bagus, tp masuk ke dalam harus melalui anak tangga yg bgitu tinggi. Kl yg sdh usia lanjut dan kondisi kurang Vit lbih baik nunggu di bawah saja.",2026-01-26T15:45:26.030Z,Benny Jumoyo,112099014164920153110,True,0,id,2026-05-04T16:55:05.331652
Ci9DQUlRQUNvZENodHljRjlvT2tSaWJtbFJRbFZqWmt4alJWZFFjbUp2Y21Kc1ptYxAB,ChIJmavgvLgXby4R2IizioFRk8k,Pondok Cai Pinus,Kuningan,Kuliner,2,"Maaf review jujur🙏Tiket masuk 25rb perorang,spot foto hanya 2 titik.kalau mau makan pun tetap dikenakan tiket.pantesan sepi pengunjung.toilet kotor.spot foto hanya vinici dan castil.gada lagi.ga seperti review di google.",2026-01-08T06:41:01.344Z,Yuliasan Qaisyah,117945377221353323865,True,0,id,2026-05-04T16:55:05.331672
Ci9DQUlRQUNvZENodHljRjlvT2pFdFJGZEhhMjlTVUdkcE1FOU5TVkpuZUVOclNXYxAB,ChIJmavgvLgXby4R2IizioFRk8k,Pondok Cai Pinus,Kuningan,Kuliner,4,Lebih baik datang pagi apa sore akan lebih nyaman dan tenang...suasana adem dan mantap,2026-01-07T04:06:39.877Z,Sunarto Naruto,103161451048808890082,True,1,id,2026-05-04T16:55:05.331684
Ci9DQUlRQUNvZENodHljRjlvT2xCb04zaG5iVVpsWlRNNWNVZFNlVUp0TlhrMlltYxAB,ChIJmavgvLgXby4R2IizioFRk8k,Pondok Cai Pinus,Kuningan,Kuliner,1,penginapan jelek ga sesuai foto kapasitas 4 orang dibilang bisa buat 7 admin di ajak komunikasi tidak merespon dan menanggapin orang makanan sarapan bagi ga layak buat makan ijin saya kasi bintang 1,2026-01-01T01:29:21.049Z,Enrico Matthew,111623671734661914130,False,0,id,2026-05-04T16:55:05.331695
Ci9DQUlRQUNvZENodHljRjlvT21OVlZFWkpiM2t6VDNWWVNXNHdPRVZqV1RnMVptYxAB,ChIJmavgvLgXby4R2IizioFRk8k,Pondok Cai Pinus,Kuningan,Kuliner,4,Tempat yg sangat recomended,2025-10-14T14:15:29.681Z,Viki Viki,100259771139028689859,False,0,id,2026-05-04T16:55:05.331730
Ci9DQUlRQUNvZENodHljRjlvT2tWVmFUWlBiRk5LYm1GS1JXNWFiV05mUVhjNFpIYxAB,ChIJmavgvLgXby4R2IizioFRk8k,Pondok Cai Pinus,Kuningan,Kuliner,5,Suasananya enak seger buat liburan,2025-10-12T07:07:34.407Z,Araie Bastello,108933644147121291062,True,0,id,2026-05-04T16:55:05.331740
Ci9DQUlRQUNvZENodHljRjlvT21SU2NVRlpaa3BqVGt4VlgyVkZVRXRKWkdOdGRVRRAB,ChIJmavgvLgXby4R2IizioFRk8k,Pondok Cai Pinus,Kuningan,Kuliner,5,pagi hari susana nya enak banget,2025-09-19T00:05:01.785Z,Mas Hendra Gunawan,100473370164384035379,True,0,id,2026-05-04T16:55:05.331750
Ci9DQUlRQUNvZENodHljRjlvT2poUWVrUTJSMlV6TUhaaFJUSjBRV1E1TkUxTlJXYxAB,ChIJmavgvLgXby4R2IizioFRk8k,Pondok Cai Pinus,Kuningan,Kuliner,3,25rb tapi gak ada apa2 cuma castle2an aja,2025-08-23T05:24:53.365Z,Yadi Mulyadin,106276727031077764147,True,0,id,2026-05-04T16:55:05.331770
Ci9DQUlRQUNvZENodHljRjlvT2tKRVpWUlpiMTlETFV4dU0wVjNOVjlNU1hWdVNtYxAB,ChIJmavgvLgXby4R2IizioFRk8k,Pondok Cai Pinus,Kuningan,Kuliner,4,Udaranya sejuk dan bikin tenang,2025-08-20T09:03:18.942Z,See Future,100847776303360293877,True,0,id,2026-05-04T16:55:05.331788
Ci9DQUlRQUNvZENodHljRjlvT2taTFNqVmZOR3RUWXpoVFMzWXpSSGRmWmtaTlEwRRAB,ChIJ5cCRMR0Xby4R07telVSrMdU,Rumah Makan Sehati Kuningan,Kuningan,Kuliner,5,"Raos, aya semur jengkol.., sareng mirah.",2025-12-23T12:02:34.019Z,mosindo media prima,100692044555495300334,True,0,su,2026-05-04T16:55:05.331823
Ci9DQUlRQUNvZENodHljRjlvT21oTVZrWTNPSE5uVmtOWlJqWTRTRTkzVUZVNWNVRRAB,ChIJ5cCRMR0Xby4R07telVSrMdU,Rumah Makan Sehati Kuningan,Kuningan,Kuliner,3,Goid local food enough choice,2025-11-13T05:58:24.825Z,Koos Bartelds,112470056579085076186,True,0,en,2026-05-04T16:55:05.331832
Ci9DQUlRQUNvZENodHljRjlvT2pWS1EwOVRSeTFpUmsxak1tTkRlRk5SV1ZWVVRtYxAB,ChIJ5cCRMR0Xby4R07telVSrMdU,Rumah Makan Sehati Kuningan,Kuningan,Kuliner,1,"kebersihan dapur parah, masa pesan 2 menu dua dua nya ada telur lalat nya langsung ga nafsu makan",2025-11-02T17:12:25.549Z,Amelia Siti,111752531482980299472,False,0,id,2026-05-04T16:55:05.331841
ChZDSUhNMG9nS0VJQ0FnSURDc2M3bEN3EAE,ChIJ5cCRMR0Xby4R07telVSrMdU,Rumah Makan Sehati Kuningan,Kuningan,Kuliner,5,"Selalu mampir kalau dari kuningan mau ke Tasikmalaya...lokasi di jalan raya.
Menu yg enak..daging rendang nya empuk,enak",2025-09-16T02:09:46.574Z,haryoko yoko,112182433133027606940,True,0,id,2026-05-04T16:55:05.331857
ChZDSUhNMG9nS0VPMjk5cENXMHBDZ0RnEAE,ChIJ5cCRMR0Xby4R07telVSrMdU,Rumah Makan Sehati Kuningan,Kuningan,Kuliner,5,Jgn lupa mampir manakan nya enak harga nya ramah d kantong,2025-06-10T16:54:54.596Z,Dwi Jayanti,113015409629129851122,True,0,id,2026-05-04T16:55:05.331873
ChZDSUhNMG9nS0VJQ0FnTURnb2NDdVBnEAE,ChIJ5cCRMR0Xby4R07telVSrMdU,Rumah Makan Sehati Kuningan,Kuningan,Kuliner,5,Banyak menu pilihan,2025-02-25T07:16:48.902Z,Heri Kiswanto,117336352829955936672,True,1,id,2026-05-04T16:55:05.331913
ChZDSUhNMG9nS0VJQ0FnSURQanVEVkVBEAE,ChIJ5cCRMR0Xby4R07telVSrMdU,Rumah Makan Sehati Kuningan,Kuningan,Kuliner,5,enak n murah mantap rasanya.. masakan sunda...,2024-12-02T06:44:34.569Z,Noey Ahmad N,117002413811800262236,True,0,id,2026-05-04T16:55:05.331939
ChdDSUhNMG9nS0VJQ0FnSUQ3emN5bmpBRRAB,ChIJ5cCRMR0Xby4R07telVSrMdU,Rumah Makan Sehati Kuningan,Kuningan,Kuliner,1,"Baru pertama kali kesini, tapi sayang banget kecewa sama harga oreg 10rb, mana dikit lg. Kalo 10rb banyak mah gak apa-apa. Nyesek di hati",2024-08-27T03:54:30.879Z,John Camaru,113903059804748167627,True,1,id,2026-05-04T16:55:05.331963
Ci9DQUlRQUNvZENodHljRjlvT2pacVFUWjJXbnBTU25KZll6azNTRzFTTW5sRllYYxAB,ChIJg7R1fQ0Xby4RHTezvS3VxB8,Warung Sate Ulah Lali Kuningan,Kuningan,Kuliner,5,The best sate kambing dan ayam so far. Dagingnya empuk dan besar. Sop dan gulainya juga juara,2026-04-21T02:47:45.216Z,Bonardo Bonardo,112734072004464346039,True,0,id,2026-05-04T16:55:05.331999
Ci9DQUlRQUNvZENodHljRjlvT21oVFJ6ZGlUelp6ZUhKeVlURTFPRVZ4VVZJd1NIYxAB,ChIJg7R1fQ0Xby4RHTezvS3VxB8,Warung Sate Ulah Lali Kuningan,Kuningan,Kuliner,5,"seumur hidup ini saya menemukan makan pepes ikan emas ter-enak di dunia. ikannya jumbo!!! harga tidak sesuai dengan ekpetasi, terlalu murah. apakah tidak rugi dengan dijual harga yg ditawarkan. semoga semakin rame RM. Ulah Lali",2026-04-03T07:11:15.016Z,agus nugroho,112856880697264068424,False,0,id,2026-05-04T16:55:05.332023
Ci9DQUlRQUNvZENodHljRjlvT2pKWlVFZHhUMWRMVEZjeVVGcDBNbXh1TkhsSVYyYxAB,ChIJg7R1fQ0Xby4RHTezvS3VxB8,Warung Sate Ulah Lali Kuningan,Kuningan,Kuliner,5,"Sate dan sopnya empuk, penyajiannya juga lumayan cepat,,",2026-03-29T11:25:34.497Z,Saeful Huda,100879203083414904318,True,0,id,2026-05-04T16:55:05.332039
Ci9DQUlRQUNvZENodHljRjlvT2s5VE5uWTBabGhwTmw5WGVFaHliVkY0VEdKS1kzYxAB,ChIJg7R1fQ0Xby4RHTezvS3VxB8,Warung Sate Ulah Lali Kuningan,Kuningan,Kuliner,5,Satenya enak cuma sekarang porsi sate lebih mengecil per tusuknya,2026-03-29T10:51:57.181Z,Aa Yaher,110709839540962582565,False,0,id,2026-05-04T16:55:05.332048
Ci9DQUlRQUNvZENodHljRjlvT205Wk9YVmxOblZMZWtGZmVIcFFSblF4Y0UwNVdIYxAB,ChIJg7R1fQ0Xby4RHTezvS3VxB8,Warung Sate Ulah Lali Kuningan,Kuningan,Kuliner,5,All food is delicious.,2026-03-27T10:18:43.170Z,Ravena Ravika,106902687503721263828,False,0,en,2026-05-04T16:55:05.332062
Ci9DQUlRQUNvZENodHljRjlvT21wNFV6UlhaakoyVVhGRVduTm1TMWxSZDJVelNYYxAB,ChIJg7R1fQ0Xby4RHTezvS3VxB8,Warung Sate Ulah Lali Kuningan,Kuningan,Kuliner,5,Satunya mantapp pisan ... rekomended utk dicoba .. haturnuhun,2026-03-25T11:10:24.570Z,Smiling Borneo,103574160389209481276,False,0,id,2026-05-04T16:55:05.332071
Ci9DQUlRQUNvZENodHljRjlvT2xSbFVsWnNWVll0VmpCd1VtOTVjRnBpYms1WGIxRRAB,ChIJg7R1fQ0Xby4RHTezvS3VxB8,Warung Sate Ulah Lali Kuningan,Kuningan,Kuliner,5,"Warung sate dan gule anti anti kolesterol. Semalam makan, pagi tetap sehat.",2026-03-23T04:31:02.196Z,Black Dahlia,102378408327852750820,True,0,id,2026-05-04T16:55:05.332095
Ci9DQUlRQUNvZENodHljRjlvT21sSFZURkRTa1pRT0VscmNWYzBNMEZoYzJ3eFVuYxAB,ChIJg7R1fQ0Xby4RHTezvS3VxB8,Warung Sate Ulah Lali Kuningan,Kuningan,Kuliner,5,"Sate kambing empuk enak,besar dan tempatnya luas.",2026-03-18T01:59:58.729Z,Cynthia Laoshi,118216643312879137319,True,0,id,2026-05-04T16:55:05.332104
Ci9DQUlRQUNvZENodHljRjlvT2taaE4yOVlVRGh6VjNnelZEY3hOVVZVV1djd1JsRRAB,ChIJg7R1fQ0Xby4RHTezvS3VxB8,Warung Sate Ulah Lali Kuningan,Kuningan,Kuliner,5,"Sate kambingnya agak alot yaa, sebagai peniqmad sate kambing ntah knapa makin sini rasanya makin kurang, Sop Iga sapinya Toppp lembuttt dagingnya,bumbunya pass.
Pelayannya yaa seperti biasa kurang senyum, mungkin lelahhh",2026-02-24T06:21:29.378Z,Fitri Nuraisah,118281654924419543002,True,1,id,2026-05-04T16:55:05.332113
Ci9DQUlRQUNvZENodHljRjlvT2xSMk1HaFBlSGxOVUVGdk5qRktkVVZaTW1KaFEzYxAB,ChIJg7R1fQ0Xby4RHTezvS3VxB8,Warung Sate Ulah Lali Kuningan,Kuningan,Kuliner,5,"Resto Legendaris. Harga sesuai rasa, enak, mantab,tempatnya bersih. Saran untuk pembayaran bisa Qris Bank, E wallet(Dana, GO-PAY, Ovo, Shopee pay) EDC Bank..",2026-02-12T13:40:55.352Z,Jaka Sunaryo,110732976581631281608,False,0,id,2026-05-04T16:55:05.332146
Ci9DQUlRQUNvZENodHljRjlvT2xOb1QwMDJRVWx5TVVoTmNuQjRWWGxFUkhsVlNFRRAB,ChIJWX3HOf0Zby4Rd5kqocxzjy4,Rumah Makan Laksana,Kuningan,Kuliner,5,Bersih cepat dan enak...,2025-12-31T07:38:18.813Z,Saptono Kresno,116849997807093316994,True,0,id,2026-05-04T16:55:05.332158
Ci9DQUlRQUNvZENodHljRjlvT2xwbFduY3RSbWR0WW5Rd2NWWXhWakJ0VEVwRllrRRAB,ChIJWX3HOf0Zby4Rd5kqocxzjy4,Rumah Makan Laksana,Kuningan,Kuliner,5,Dulu pertama kali ke sini 7 tahun yg lalu. Waktu itu anakku masih 5 thn. Tempatnya ga berubah. Waktu itu anak2 dengan asyiknya kasih makan ikan. Ortu duduk lesehan. Sampai skr tempatnya masih sama. Masih bersih dan terawat. Semalam kita ke sana untuk makan lagi. Makanannya masih seenak yang kita ingat dulu. Penyajiannya juga bersih. Waktu penyajian juga cepat. Ga harus nunggu lama. Hanya bayarnya cuma bisa cash dan transfer.,2025-12-30T08:39:21.788Z,Fifi Kristandi,102895742612441318135,True,0,id,2026-05-04T16:55:05.332167
Ci9DQUlRQUNvZENodHljRjlvT2tJMExWRTRSSHBSTVVoQ09IY3plbVJ1YjBNeGEzYxAB,ChIJWX3HOf0Zby4Rd5kqocxzjy4,Rumah Makan Laksana,Kuningan,Kuliner,5,"Ikan gurame goreng dl baru d bakar josss bgt, ayam goreng mayan ok, sambel jossss",2025-12-26T23:45:30.254Z,jimmi setiawan,105983990012872710829,False,0,id,2026-05-04T16:55:05.332177
Ci9DQUlRQUNvZENodHljRjlvT2xZMVpFUm1lbGR1VGtORFJXaDZUMnhVVFhwc1RWRRAB,ChIJWX3HOf0Zby4Rd5kqocxzjy4,Rumah Makan Laksana,Kuningan,Kuliner,5,makanan enak banget tapi ga ada mushola,2025-12-22T22:12:41.927Z,Aris Darmawan,106541259238923660830,True,0,id,2026-05-04T16:55:05.332186
Ci9DQUlRQUNvZENodHljRjlvT25CV1gzRlJVRVZCY0cxdVJFdGlNMmRJTmtVMlYxRRAB,ChIJWX3HOf0Zby4Rd5kqocxzjy4,Rumah Makan Laksana,Kuningan,Kuliner,5,"Gurami bakar cobek
Gurami goreng kering
Sop santri

😍",2025-12-22T00:36:31.237Z,Budi P,117123254812011662503,True,0,id,2026-05-04T16:55:05.332197
Ci9DQUlRQUNvZENodHljRjlvT25WRGJrdEtOell0VEhkb1J6aHlNRmRVYlVwWFYzYxAB,ChIJWX3HOf0Zby4Rd5kqocxzjy4,Rumah Makan Laksana,Kuningan,Kuliner,5,"Ordered the new goreng Jawa.. it's salty but very nice..

The staff are polite and sincere..",2025-12-18T12:15:27.190Z,Nyuk Fong Arthur Foo,105360214469247179863,True,0,en,2026-05-04T16:55:05.332206
Ci9DQUlRQUNvZENodHljRjlvT2pkT1ZYbFljVFp0V1hkMldWRlFibnAyVEdWUGMzYxAB,ChIJWX3HOf0Zby4Rd5kqocxzjy4,Rumah Makan Laksana,Kuningan,Kuliner,5,"Makan di Rumah Makan Laksana itu rasanya kayak lagi berkunjung ke rumah saudara yang jago masak 😆. Dari pertama datang sudah disambut dengan pelayanan yang ramah, senyumannya tulus, bukan senyum “karena SOP” doang. Bikin suasana langsung hangat dan betah.

Soal makanan? Jangan ditanya. Menunya enak-enak semua, bumbunya berasa, porsinya pas (bahkan cenderung bikin nambah 😄). Setiap suapan tuh kayak bilang, “iya, ini baru masakan yang niat.” Datang lapar, pulang kenyang dan bahagia.

Suasananya juga nyaman, bersih, rapi, dan bikin betah buat makan santai, ngobrol lama, atau sekadar ngadem sambil ngabisin makanan sampai remah terakhir. Cocok buat makan bareng keluarga, teman, atau sendirian tapi tetap merasa ditemani.

Intinya, Rumah Makan Laksana itu paket lengkap: makanan enak, layanan baik, suasana nyaman. Tempat yang bikin bilang, “lain kali ke sini lagi ah” — dan biasanya kejadian 😄🍽️👍",2025-12-15T10:40:22.575Z,Hari Mulyadi Falah,115761297847944842842,True,0,id,2026-05-04T16:55:05.332225
Ci9DQUlRQUNvZENodHljRjlvT21GWE0xbDNkbVppTnkxTFduazBZVVpuYUhKcmVXYxAB,ChIJWX3HOf0Zby4Rd5kqocxzjy4,Rumah Makan Laksana,Kuningan,Kuliner,5,"The chickens, fried gurame goreng, kangkung are delicious. Sambals and green are also very fresh yummy delicious.",2025-12-14T06:29:10.591Z,Jimmy “Blender Sushi Guy” Gunawan,113124752505359409157,True,0,en,2026-05-04T16:55:05.332234
Ci9DQUlRQUNvZENodHljRjlvT2tVemVVdHhNMWx6TkdSaFFsTnJaekJqY2xWa2VGRRAB,ChIJWX3HOf0Zby4Rd5kqocxzjy4,Rumah Makan Laksana,Kuningan,Kuliner,4,"Pengalaman yang menyenangkan. Belum ke tahap amazing. Tapi puas sih.

Makanan ada beberapa yang agak asin. Saya pesan nasi goreng telur. Telurnya agak asin.

Ada beberapa makanan. SOP ayamnya ukuran 1 orang/porsi, tapi menyenangkan. Enak sih.

Kami juga pesan ikan gurame, masak ala goreng terbang. Lalapan yang tersedia agak kurang bervariasi. Sambalnya enak-enak. Nasi gorengnya enak sih bagi saya. Tidak wow, tapi cukup.

Tempat nyaman tenang. Ada tempat untuk lesehan. Parkiran tersedia beberapa mobil.
Pencahayaan cukup.",2025-12-09T11:23:26.138Z,Juan Johanes Leonardi,106862913232468828860,True,0,id,2026-05-04T16:55:05.332243
Ci9DQUlRQUNvZENodHljRjlvT25kVVluTTVORGcxYlVkb1kxbG5TR0ZxWkZjNFVtYxAB,ChIJWX3HOf0Zby4Rd5kqocxzjy4,Rumah Makan Laksana,Kuningan,Kuliner,5,Best Gurame fish served with many flavor.,2025-12-02T09:51:48.678Z,Dicky Laban,104534233707036650321,True,0,en,2026-05-04T16:55:05.332252
Ci9DQUlRQUNvZENodHljRjlvT25KNmJVMDVRemxtTXpWaFZtSjRXbVZqVDNWNGVGRRAB,ChIJWX3HOf0Zby4Rd5kqocxzjy4,Rumah Makan Laksana,Kuningan,Kuliner,5,很好吃的印尼料理，烤魚非常好吃，而且很有特色。用餐環境非常好。,2025-11-19T06:33:52.897Z,蔡志偉,116778823459492533209,True,0,zh-Hant,2026-05-04T16:55:05.332278
Ci9DQUlRQUNvZENodHljRjlvT2tFMGFXeGZTRU5xT1Y5RlJYY3lUaTFmVnpOMlRrRRAB,ChIJWX3HOf0Zby4Rd5kqocxzjy4,Rumah Makan Laksana,Kuningan,Kuliner,5,"Makanannya enaknsemua, bahan²nya fresh. Untuk harga lumayan mahal.",2025-11-10T00:32:11.033Z,Momyfa,110736881118985351884,True,0,id,2026-05-04T16:55:05.332289
Ci9DQUlRQUNvZENodHljRjlvT2xwb1UwWnFUVE5LTVZRNVQxcENiSEEzUlZvM05FRRAB,ChIJWX3HOf0Zby4Rd5kqocxzjy4,Rumah Makan Laksana,Kuningan,Kuliner,5,Makanan enak terutama ikan gurame ada petenya,2025-10-12T02:54:04.645Z,Mohamad Tohir's Family,117596075001436854276,True,0,id,2026-05-04T16:55:05.332329
Ci9DQUlRQUNvZENodHljRjlvT2pac1Z6UlRZVFl4VVdrMlNYZG5VaTFPTjAxc2RGRRAB,ChIJWX3HOf0Zby4Rd5kqocxzjy4,Rumah Makan Laksana,Kuningan,Kuliner,5,Makanan enak dan tempat bersih 👍,2025-10-05T08:54:08.878Z,Radian Rizki,116048434350111487664,True,0,id,2026-05-04T16:55:05.332339
Ci9DQUlRQUNvZENodHljRjlvT2kxRU1EWXRVV0pFWmxSSVdXcDJWRGR6WnpSeWJGRRAB,ChIJ0wtF7ecZby4R2NmSzcvr9nY,Rumah Makan Alinda,Kuningan,Kuliner,5,"Tempat makan Ikan Gurame paling enak se wilayah 3 Cirebon.

Ikan Goreng Bakar paling terbaik, wajib dicoba.

Sudah langganan sejak 20 tahun yang lalu.",2026-04-27T16:15:42.048Z,SBM,108609467373742068619,True,0,id,2026-05-04T16:55:05.332349
Ci9DQUlRQUNvZENodHljRjlvT21WR016VkpjbGRLWW1WcE5uQjRXbHBHTUd0NVNGRRAB,ChIJ0wtF7ecZby4R2NmSzcvr9nY,Rumah Makan Alinda,Kuningan,Kuliner,5,"Wah.. udh lama ga makan disini ternyata enak banget! Ikannya seger dan ga ada bau tanah (biasanya klo di tempat lain suka ada bau tanah) , bersih dan pelayanannya oke banget! Sampe yg parkirinnya ga mau terima uang parkir (saya paksa sih akhirnya), tahu gorengannya besar! Kankungnya cahnya mantep! Tapi ntah kenapa sepi sekali sekarang padahal makanannya seenak itu.. terus bertahan ya Alinda..
Itu restaurant dari saya SD dan sekarang saya 40 lebih tapi masih oke.
Untuk kebersihan cukup oke dan karyawannya mereka gercep kok 👍👍",2026-03-29T08:24:30.755Z,Airin Natalia,101709849512046182049,True,0,id,2026-05-04T16:55:05.332360
Ci9DQUlRQUNvZENodHljRjlvT21SYVptSldjRkpXV2tKQ01YUXpiSG80UlROUE1IYxAB,ChIJ0wtF7ecZby4R2NmSzcvr9nY,Rumah Makan Alinda,Kuningan,Kuliner,5,"I giving this rating bcs this one of my husband’s favorite restaurants.

the atmosphere feels very homey w/ gazebo seating, family friendly vibe. th food is also delicious, which makes the experience even more memorable.

iverall, it’s a place with both good food and a comforting atmosphere.",2026-03-28T06:43:02.057Z,beys story,102246693220434880335,True,0,en,2026-05-04T16:55:05.332372
ChZDSUhNMG9nS0VJQ0FnSURwd0pUQUd3EAE,ChIJ0wtF7ecZby4R2NmSzcvr9nY,Rumah Makan Alinda,Kuningan,Kuliner,5,"Ikan air tawar di sini rasanya manis. Tak ada bau tanah.
Karena air dari Gunung Ceremai itu bagus kualitasnya jadi air tawar di kolam kolam untuk ikan ikan ini sangat baik untuk membuat ikan berkualitas dagingnya.
Dagingnya lembut dan renyah bagai roti.
Hidangan khas di sini adalah gurame kukus/tim kuah.
Maknyuss rasanya",2026-03-25T16:34:08.652Z,Alexander Pratomo,113259218818113270636,True,0,id,2026-05-04T16:55:05.332381
Ci9DQUlRQUNvZENodHljRjlvT2toc1kzRmtWVmxmV210UVkwUXpaSFJxU1RZeFprRRAB,ChIJ0wtF7ecZby4R2NmSzcvr9nY,Rumah Makan Alinda,Kuningan,Kuliner,5,"Makanan enak, fresh, untuk tempat nyaman pelayanan ramah, fasilitas tersedia lengkap",2026-03-22T07:33:31.060Z,Aditya Maulana Azhar,112657003047895842890,True,0,id,2026-05-04T16:55:05.332397
Ci9DQUlRQUNvZENodHljRjlvT2pOd1ZuZzVWRGN0T1hoalFVSTJSV0k1VVdndFUzYxAB,ChIJ0wtF7ecZby4R2NmSzcvr9nY,Rumah Makan Alinda,Kuningan,Kuliner,5,"Resto legend dari puluhan tahun. Khasnya adalah gurame, fresh langsung tangkap dan masak. Gorengan tahu dan tempe tepungnya juga favorit. Tempatnya bersih dan tenang. Sayang sekarang agak sepi. Perlu penyegaran dan suasana baru supaya  pengunjung seperti dulu lagi.",2026-03-21T05:20:31.347Z,Airini Pangestu,101369961692137233100,True,0,id,2026-05-04T16:55:05.332406
Ci9DQUlRQUNvZENodHljRjlvT21jM1lXZFZSekpRTVhGeWFXOVNTRkZ2ZVZFMk5GRRAB,ChIJ0wtF7ecZby4R2NmSzcvr9nY,Rumah Makan Alinda,Kuningan,Kuliner,5,Makananya enaka bumbu yg meresap.... suasana tenang dan nyaman.....,2026-02-05T11:50:14.611Z,firman ladazht,112293973001585454768,False,0,id,2026-05-04T16:55:05.332434
Ci9DQUlRQUNvZENodHljRjlvT25aSGRqQkllRlp6VVZSaFMxcEVkMk5JTTI1UWMzYxAB,ChIJ0wtF7ecZby4R2NmSzcvr9nY,Rumah Makan Alinda,Kuningan,Kuliner,5,Pastikan makan gurame cobek tim dan tempe tepung. Sudah makan disini sejak SD. Rasa gak berubah. Tetap enak,2026-01-02T13:42:08.202Z,Bimantoro Kushari,117287995712774478821,True,0,id,2026-05-04T16:55:05.332451
ChZDSUhNMG9nS0VJQ0FnSURXdk12Y1F3EAE,ChIJ0wtF7ecZby4R2NmSzcvr9nY,Rumah Makan Alinda,Kuningan,Kuliner,4,Gurame cobek dan gurame gorengnya mantab.,2025-11-21T03:40:39.735Z,fugu japanese resto,101950098013553136612,True,0,id,2026-05-04T16:55:05.332461
Ci9DQUlRQUNvZENodHljRjlvT2pWNlpVa3dPV3hmYlZoQ1RXUTBOR0pCYkVOV1UzYxAB,ChIJ0wtF7ecZby4R2NmSzcvr9nY,Rumah Makan Alinda,Kuningan,Kuliner,5,Gurame cobek dan bakarnya enak sekali,2025-11-02T09:33:44.151Z,Eroh Sutirah,102147801190262054039,False,0,id,2026-05-04T16:55:05.332469
Ci9DQUlRQUNvZENodHljRjlvT200NVFWaGthRzFrWm5VNWFsbzViRVJTTmtGdWFVRRAB,ChIJ0wtF7ecZby4R2NmSzcvr9nY,Rumah Makan Alinda,Kuningan,Kuliner,5,Nanti kesini lagi,2025-11-02T08:04:25.163Z,Muhammad Faiq Arshaq,108910802233706663929,False,0,id,2026-05-04T16:55:05.332477
Ci9DQUlRQUNvZENodHljRjlvT25oMGExcGthVVZUTVZFNFoxWllaVjlqYkZWM2NHYxAB,ChIJ0wtF7ecZby4R2NmSzcvr9nY,Rumah Makan Alinda,Kuningan,Kuliner,5,Ayam bakarnya enakkkk,2025-11-02T08:02:46.701Z,Kinara Batrisya,103867660923543111984,False,0,id,2026-05-04T16:55:05.332485
Ci9DQUlRQUNvZENodHljRjlvT2pkTFRFNUROV3RvYnpsbGQxZFhRMjU2Tmt4RlpGRRAB,ChIJ0wtF7ecZby4R2NmSzcvr9nY,Rumah Makan Alinda,Kuningan,Kuliner,5,Makanannya enak-enak terutama gurame bakarnya,2025-11-02T08:01:39.575Z,Dewi Sri,100438839695769582205,False,0,id,2026-05-04T16:55:05.332494
Ci9DQUlRQUNvZENodHljRjlvT25rMU5pMHRZMWR2VjFwdVNXY3dTVFJ3ZUdkdWJtYxAB,ChIJ0wtF7ecZby4R2NmSzcvr9nY,Rumah Makan Alinda,Kuningan,Kuliner,1,Ikan bakar nya mantap d Rumah makn alinda,2025-10-27T08:43:37.602Z,Roni Tabroni,102822631955301707787,False,0,id,2026-05-04T16:55:05.332502
Ci9DQUlRQUNvZENodHljRjlvT2pWek1YRjVYelJZZURsRFdsRk1RVXhrYVZaYWExRRAB,ChIJ0wtF7ecZby4R2NmSzcvr9nY,Rumah Makan Alinda,Kuningan,Kuliner,4,"Gurame petis nya enak
Tempe gr tepung nya enak
Pelayan ramah",2025-10-26T07:19:18.707Z,sisilia yuliawaty,111241286470746263030,False,0,id,2026-05-04T16:55:05.332511
ChZDSUhNMG9nS0VJQ0FnSURqdm9QeVVBEAE,ChIJ5cCRMR0Xby4R07telVSrMdU,Rumah Makan Sehati Kuningan,Kuningan,Kuliner,5,Ramah dan nyaman,2024-05-03T18:56:30.566Z,Ujang adi sulyadi,108715197160229029356,True,0,id,2026-05-04T16:55:05.332543
ChZDSUhNMG9nS0VJQ0FnSUREdEl2MUNBEAE,ChIJ5cCRMR0Xby4R07telVSrMdU,Rumah Makan Sehati Kuningan,Kuningan,Kuliner,5,"Gepuknya uenak
Pilihannya  banyak
Dijamin kembali lagi",2024-04-06T06:51:12.130Z,Yuri Pramono,114286225773513654578,True,0,id,2026-05-04T16:55:05.332587
Ci9DQUlRQUNvZENodHljRjlvT2psUVdqTnpXSEJEYzE5NldsaDRUbnBJTURsalZuYxAB,ChIJmavgvLgXby4R2IizioFRk8k,Pondok Cai Pinus,Kuningan,Kuliner,3,Sayang sekali tempatnya kurang terawat padahal view tempat nya lumayan bagus dan castle nya jg lumayan bagus,2025-07-28T13:17:27.597Z,Wienni Debora,102076939904947647794,True,0,id,2026-05-04T16:55:05.332683
Ci9DQUlRQUNvZENodHljRjlvT2s5b1kzSlpUSEJxUzBneVNHaDFlakZtYWtOSU1XYxAB,ChIJmavgvLgXby4R2IizioFRk8k,Pondok Cai Pinus,Kuningan,Kuliner,4,"You can come here on a good day, only for the view. The place itself is not maintained and quite pathetic, but the view from here on a clear day is probably the best in the foot of Mt. Ciremai. Barely any obstruction, you can see all the way to the top of the mighty Mt. Ciremai if there's no cloud covering it. And you can see as far as Mt. Slamet in Central Java, roughly 100 km away, the entire lowlands and almost all hamlet of eastern West Java. The ticket price was cheap, but the parking lot is limited. The place has a lot of potential if it can be managed properly.",2025-07-20T14:28:15.657Z,Hans Jonathan,103783867821002085879,True,1,en,2026-05-04T16:55:05.332692
Ci9DQUlRQUNvZENodHljRjlvT2xOUFVHcHlWWGhMTTJoRVNrSTJjVVI1ZVZoT1NIYxAB,ChIJmavgvLgXby4R2IizioFRk8k,Pondok Cai Pinus,Kuningan,Kuliner,5,"Très bel endroit, pensez à vos affaires pour vous poser et profiter de l'instant.",2025-07-09T04:55:55.820Z,Nour-Amine Mankouri,110358551421958393375,True,0,fr,2026-05-04T16:55:05.332708
Ci9DQUlRQUNvZENodHljRjlvT2xReVNGOUtPV2w0YW1GcWN6SjZkRWx1VWpoWlEyYxAB,ChIJmavgvLgXby4R2IizioFRk8k,Pondok Cai Pinus,Kuningan,Kuliner,5,Masuk nya murah . Saran kondisi kendaraan harus fit krn jalan nya mulus tp nanjak trs krn di bawah kaki gunung posisi nya. Tempat nya bagus menarik . Cuma kurang bersih . Ada yg fotoin jg . Ada tempat mknan nya g bgt enak mkanan nya . Tp pemandngan nya lumayan.,2025-07-07T12:34:56.894Z,KAYRA & MIMIH,113210636816108513109,True,0,id,2026-05-04T16:55:05.332722
Ci9DQUlRQUNvZENodHljRjlvT2prMVJYUmlObUZWUWxGQ1FrSnNka0ZRTFVkelJsRRAB,ChIJmavgvLgXby4R2IizioFRk8k,Pondok Cai Pinus,Kuningan,Kuliner,5,Tempat wisata yang menarik untuk dikunjungi oleh para wisatawan,2025-07-05T05:38:56.093Z,Maun Umar sidik,105558040785812022065,True,0,id,2026-05-04T16:55:05.332731
Ci9DQUlRQUNvZENodHljRjlvT2xoYU9WZDNSMDV2VUZSYVkzZ3dWRkpqU2t0SFlsRRAB,ChIJmavgvLgXby4R2IizioFRk8k,Pondok Cai Pinus,Kuningan,Kuliner,5,"Seru dan menurut aku tempatnya unik, kita juga bisa menyewa baju kimono, pokoknya gak mau pulang deh",2025-07-02T04:27:41.918Z,sella aryanti,104406357169594234222,True,0,id,2026-05-04T16:55:05.332741
ChdDSUhNMG9nS0VJQ0FnTUNJODZmc2pBRRAB,ChIJmavgvLgXby4R2IizioFRk8k,Pondok Cai Pinus,Kuningan,Kuliner,2,"Hai haii aku selaku pengunjung pertama kali ke sini izin memberikan ulasan yaa semoga bisa di ambil positif nya, dan sebelumnya saya memohon maaf bila ada kata kata yang kurang pas saat saya memberikan ulasan ini 🙏

View & villa nya lumayan nyaman & bagus buat liburan keluarga
Tapiiiiiii mohon maaf ni yaa banyak banyak banget yang bikin gw dan keluarga gw kurang nyaman

""Disclaimer kurang nyaman bukan berarti tidak nyaman 😁👌""

1. Admin & Resepsionis kurang informatif pokonya saya nanya gk di jawab admin (mungkin kelewat karna banyak chat masuk atau apalah itu), & giliran nanya ke resepsionis Allahu Akbar JUTEK BANGET JAWABNYA, moon maaf banget ini tu admin sama resepsionis tempat memberi informasi buat pengunjung bukan cuma pajangan, apa baru pertama kali ya dapet pengunjung yg banyak tanya kek gw jadinya badmood, BTW gw nanya yang emang gak ada di rules yaaaaaaaa, sebaiknya di jawab ramah atau yaa intonasinya lebih di enakin lagi atau tambahin senyum lah biar gak tegang amat & gak bikin suasana jadi awkward, yaa kalo pun ada di rules jawabnya yang ramah juga si SEHARUS nyaaaa yaaa😉, Padahal staff lain kalau di tanya biasa aja jawabnya mungkin karna yang nanya ortu gw kali yaa, soalnya yang selalu nanya ke resepsionis & admin itu selalu gw dan tiap nanya ke situ gak bawa ortu (yaaah ini mah gw curhat bukan ngasi ulasan 🤣🤣)

2. Water heater kamar mandinya aneh😭 masa air panas nya gak selalu nyala tiap mau dipake (apa emang gw nya aja yg gak tau klo ada water heater yang gak selalu nyala tiap mau di pake?)

3. Staf Resto & Pelayanan menu, ini tiap gw order banyak mis nya, gw pesan via WA ternyata nomor yang tertera di menu gak aktif jadi minta tolong ke nomor lain tolong pesan kan🙏 pesen paket liwet 2 yang dateng 1 paket doang, beli minuman per minuman beli 2 yang dateng tiap minuman cuma 1, ini masi positif thingking karna kami ordernya lewat pihak ke 3 & waktu sore mungkin ada miskom & crowded karna tangal liburan pasti banyak pengunjung, tp pagi saya order lagi ada mis juga kurang 1 pesanan saya padahal pengunjung belum rame (gapapa si sebenernya staf juga manusia biasa bukan nabi boyy 🤟)

Panjang banget ya Allah 🤣🤣

Semoga ulasan saya di baca owner & staf nya semoga kedepannya ulasan ini memberikan dampak yang baik bagi kedepannya demi kenyamanan customer yang INGIN MENIKMATI LIBURAN 😆🙏",2025-05-25T02:28:37.579Z,Anisa Nur Afraliah,110288076308557142205,False,0,id,2026-05-04T16:55:05.332759
ChZDSUhNMG9nS0VNbVZnNENjbTZHVVNREAE,ChIJmavgvLgXby4R2IizioFRk8k,Pondok Cai Pinus,Kuningan,Kuliner,4,"Sangat tertarik dari jauh melihat bangunan yg seperti kastil sehingga langsung masuk parkiran.. Ternyata banyak spot foto2 yang bisa bikin seru2an..

Tiket masuk @ 25rb perorang
Mushola cukup luas dan toilet juga..
Lumayanlah buat jd salah satu tempat berkunjung di daerah kuningan..",2025-05-11T10:52:33.861Z,Dini Viernawosa,101372541044624895232,True,0,id,2026-05-04T16:55:05.332783
ChdDSUhNMG9nS0VJQ0FnTURJdzhLanlBRRAB,ChIJmavgvLgXby4R2IizioFRk8k,Pondok Cai Pinus,Kuningan,Kuliner,5,"Lebaran nginep disini, makanannya enak dan temoatnya nyaman",2025-04-12T15:13:18.368Z,Ratna,113564640615294627321,True,0,id,2026-05-04T16:55:05.332808
ChdDSUhNMG9nS0VJQ0FnTUNJN2VtZi1RRRAB,ChIJmavgvLgXby4R2IizioFRk8k,Pondok Cai Pinus,Kuningan,Kuliner,2,"Dateng kesini pas lebaran ke 4, booking 2 kamar plus extra bed. Walaupun
Reservasinya dadakan, alhamdulillah msh dapet kamar kosong..
Untuk pelayanan, aman, akang dan tetehnya ramah.. Tapi pas masuk kamar, agak kaget dengan harga per malem Rp. 2.000.000 Tidak sesuai ekspektasi. Fasilitas wifi tidak ada, pintu kamar sempat rusak, Suara dispenser yg berisik. Ditambah View depan kamar banyak pohon jagung yg lumayan tinggi jadi mengganggu pemandangan. Amat sangat disayangkan padahal pemandangan di palutungan kereen.

Menu sarapan, nasi kuning (belum tanak/belum matang) mie goreng, tumis buncis, dan telur ceplok balado.. (seharusnya bisa lebih bervariasi lagi menunya)
Minuman : teh panas dan jus jambu (gak ada air putih)
Desert : puding & kue pukis.",2025-04-04T01:36:28.041Z,Linda wida,105252595155013398804,True,1,id,2026-05-04T16:55:05.332818
ChZDSUhNMG9nS0VJQ0FnTUNJN2RHTkdREAE,ChIJmavgvLgXby4R2IizioFRk8k,Pondok Cai Pinus,Kuningan,Kuliner,1,"Nginep disini lebaran ke 4, dengan biaya 2jt/malam
Tapi kamarnya cmn 1, depan kamar persis tanaman jagung[mengganggu view gunung/city light] banyak laron sama anak bekicot di teras kamar😜
Pas Breakfast menunya cuman nasi kuning,telor ceplok,sayur buncis,mie goreng sambal, dan krupuk Banyak macamnya🤪
Nasi kuningnya rasanya masih ada beras2nya[kurang mateng/tanek]
🤭🤭🤭",2025-04-04T01:31:08.584Z,Budi Raharja,106954139331433534413,False,0,id,2026-05-04T16:55:05.332828
ChdDSUhNMG9nS0VJQ0FnTUNJcW9XUHFnRRAB,ChIJmavgvLgXby4R2IizioFRk8k,Pondok Cai Pinus,Kuningan,Kuliner,1,"Ngak seruu mahall doangg , ngak ada apa apaa,percuma mahall doanggg,,",2025-04-01T04:09:33.775Z,Cindy Apriliani,107641703396482144081,False,0,id,2026-05-04T16:55:05.332837
Ci9DQUlRQUNvZENodHljRjlvT25rMFZYQmlORUpYVW1WaE0wSmFaMGxNY1hSamJGRRAB,ChIJg7R1fQ0Xby4RHTezvS3VxB8,Warung Sate Ulah Lali Kuningan,Kuningan,Kuliner,5,"Harga di atas rata rata, tapi sesuai dengan rasanya yang sangat enak, ada harga ada rasa",2026-01-30T23:54:53.384Z,Alamanda,114454433362886952118,True,0,id,2026-05-04T16:55:05.332854
Ci9DQUlRQUNvZENodHljRjlvT214aFNFZzBSRXBhTVdKWVQyVjFialpUUlhCc05WRRAB,ChIJg7R1fQ0Xby4RHTezvS3VxB8,Warung Sate Ulah Lali Kuningan,Kuningan,Kuliner,5,Loved it. Friendly people.,2026-01-18T01:11:47.139Z,syed hasrul,105254273529775890378,True,0,en,2026-05-04T16:55:05.332890
Ci9DQUlRQUNvZENodHljRjlvT2tWbGEwbG9VMGRvTmtSUmIxVjVNMjVEVTFsaE0xRRAB,ChIJg7R1fQ0Xby4RHTezvS3VxB8,Warung Sate Ulah Lali Kuningan,Kuningan,Kuliner,5,Authentic recipe dari dulu ga pernah berubah. Warung makan legend yang emang ada harga ada rasa banget. Cocok dimakan bareng keluarga dari luar kota kalo lagi jenguk santri,2026-01-12T13:08:17.395Z,Inas Humaid,111889083183384481863,True,0,id,2026-05-04T16:55:05.332915
Ci9DQUlRQUNvZENodHljRjlvT21WRE5rNVNWRGRDVTBwdWVYcFFZVkpNU25KT1RXYxAB,ChIJg7R1fQ0Xby4RHTezvS3VxB8,Warung Sate Ulah Lali Kuningan,Kuningan,Kuliner,3,Satenya mahal banget bjir 25 biji 150rb udah gitu kecil kecil lagi,2026-01-02T01:53:35.658Z,Adrian Rusli,111997112620706885239,False,0,id,2026-05-04T16:55:05.332932
Ci9DQUlRQUNvZENodHljRjlvT2t0eGRUTXpVVVpGU1RWaVVEZGpUSE54Tm5GdWNYYxAB,ChIJg7R1fQ0Xby4RHTezvS3VxB8,Warung Sate Ulah Lali Kuningan,Kuningan,Kuliner,4,Over all enak.. tp tidak seenak dulu. Sudah melewati masa kejayaan sepertinya.,2025-12-27T03:46:35.943Z,Rizka D R,107379728360630755106,False,0,id,2026-05-04T16:55:05.332943
Ci9DQUlRQUNvZENodHljRjlvT25aWGQzbFhhazl0TVZweE0wVkxWRzg0ZDBWUVQzYxAB,ChIJg7R1fQ0Xby4RHTezvS3VxB8,Warung Sate Ulah Lali Kuningan,Kuningan,Kuliner,5,"Satenya mantap, tersedia musholah juga",2025-12-26T03:30:57.908Z,Hartanto Setiawan,103267907486910240167,True,0,id,2026-05-04T16:55:05.332953
Ci9DQUlRQUNvZENodHljRjlvT2t4b2JEZENiVGQyVWpJek4yaFFTMTl3TFdFeVZYYxAB,ChIJg7R1fQ0Xby4RHTezvS3VxB8,Warung Sate Ulah Lali Kuningan,Kuningan,Kuliner,5,Bersih cepat service 💯 sumpah gulenya ampe nambah 3x 🤣,2025-12-04T17:19:29.133Z,eggy firmansyaah,115312016628203826853,False,0,id,2026-05-04T16:55:05.332971
Ci9DQUlRQUNvZENodHljRjlvT210WFFsa3pXVmcwZEVWbmIycHBVRXBqVUd0NU5rRRAB,ChIJg7R1fQ0Xby4RHTezvS3VxB8,Warung Sate Ulah Lali Kuningan,Kuningan,Kuliner,5,Sate kambingnya mantep,2025-11-10T08:22:01.756Z,hardani wijaya,104884932820111598995,True,0,id,2026-05-04T16:55:05.332981
Ci9DQUlRQUNvZENodHljRjlvT210S00xOUpaRkF5YmpCRmJXVXpZekpxWXpocmQxRRAB,ChIJg7R1fQ0Xby4RHTezvS3VxB8,Warung Sate Ulah Lali Kuningan,Kuningan,Kuliner,2,"Sate kambingnya ga enak, bukan dadakan, alot. Bumbu kacangnya sedikit banget. Acar ga seger, acar kemarin dihangatkan.
Makan bertiga seperempat juta.",2025-11-01T18:17:39.961Z,Dwi Pangestu,103429250004627089139,True,0,id,2026-05-04T16:55:05.332990
Ci9DQUlRQUNvZENodHljRjlvT2psaWRtcHlTSGxyY0RaUVh6UkpkVGgxTm1aS2MwRRAB,ChIJg7R1fQ0Xby4RHTezvS3VxB8,Warung Sate Ulah Lali Kuningan,Kuningan,Kuliner,4,"satenya keras, namun tertolong oleh gule yang tastefully",2025-10-28T15:45:43.349Z,Ramadhani A.S,105099010674134471705,True,0,id,2026-05-04T16:55:05.333008
Ci9DQUlRQUNvZENodHljRjlvT2xkSVJEQm5PSGd0YmpFMU9FUnZhM2cyY25KbmIxRRAB,ChIJg7R1fQ0Xby4RHTezvS3VxB8,Warung Sate Ulah Lali Kuningan,Kuningan,Kuliner,5,"I recently visited RM Ulah Lali in Kuningan, and overall it was a pleasant dining experience. The restaurant has a warm and casual atmosphere that makes it a comfortable spot to enjoy traditional Indonesian dishes.

The highlight of my meal was definitely the  ""gule kambing "" — the broth was rich, flavorful, and perfectly seasoned, making it a dish I would gladly recommend to anyone visiting.

However, I was a bit disappointed with the ""kambing satay"" . The flavor itself was good, but the meat pieces were cut quite small, which made the texture and overall balance of the dish less satisfying than expected.

Despite that, I’d still recommend this place for its authentic taste and cozy vibe. A little improvement in portion size would make the experience even better.",2025-10-23T06:22:22.528Z,Budhi Hadiyanto,107957845011015060962,True,0,en,2026-05-04T16:55:05.333024
ChZDSUhNMG9nS0VJQ0FnSUNGdTVqRWV3EAE,ChIJ5cCRMR0Xby4R07telVSrMdU,Rumah Makan Sehati Kuningan,Kuningan,Kuliner,4,Tempat makan khas Sunda di jalan Cirebon Kuningan (daerah Kramatmulya) harga terjangka dan rasa mantap.,2023-11-03T02:26:55.146Z,jojo sutarja,111911779484809203816,True,0,id,2026-05-04T16:55:05.333039
ChdDSUhNMG9nS0VJQ0FnSUNGelp1dHBBRRAB,ChIJ5cCRMR0Xby4R07telVSrMdU,Rumah Makan Sehati Kuningan,Kuningan,Kuliner,3,"Pelayan yg bapak2 nya kurang ramah, jutek bgt. Pakai senyum pak biar yg beli nyaman",2023-10-31T03:32:54.236Z,robi nugraha,103990755335008433833,True,0,id,2026-05-04T16:55:05.333047
ChdDSUhNMG9nS0VJQ0FnSUQ1d2F2XzN3RRAB,ChIJ5cCRMR0Xby4R07telVSrMdU,Rumah Makan Sehati Kuningan,Kuningan,Kuliner,5,Tempat bersih dan menu masakan lumayan lengkap serta warung makan legendaris dr dulu,2023-10-25T11:31:13.209Z,Dodo Abdoli,113858666071405271586,True,0,id,2026-05-04T16:55:05.333057
ChZDSUhNMG9nS0VJQ0FnSUNab3JTeFJBEAE,ChIJ5cCRMR0Xby4R07telVSrMdU,Rumah Makan Sehati Kuningan,Kuningan,Kuliner,5,Masakan nya enak2 mantap,2023-09-07T01:56:51.177Z,Deden Nugraha,108786283474265374297,True,0,id,2026-05-04T16:55:05.333073
ChdDSUhNMG9nS0VJQ0FnSUR4dUpfaHZ3RRAB,ChIJ5cCRMR0Xby4R07telVSrMdU,Rumah Makan Sehati Kuningan,Kuningan,Kuliner,5,Masakan rumahan yang original,2023-06-01T13:19:26.649Z,duasisi. Official,107574805688529490217,True,0,id,2026-05-04T16:55:05.333103
ChdDSUhNMG9nS0VJQ0FnSURSeUlTTG1BRRAB,ChIJ5cCRMR0Xby4R07telVSrMdU,Rumah Makan Sehati Kuningan,Kuningan,Kuliner,5,Makanan Nya Mantap... Rasanya Bisa di adu... Pokoknya recomended  .,2023-04-16T13:41:09.418Z,Usep Juanda,110620029675115360211,True,0,id,2026-05-04T16:55:05.333118
ChdDSUhNMG9nS0VJQ0FnTUNJcXJuZzZnRRAB,ChIJmavgvLgXby4R2IizioFRk8k,Pondok Cai Pinus,Kuningan,Kuliner,1,"Hanya untuk berfoto di tempat yang ada gambar ,dilarang duduk depan penginapan klo tidak menginap tidak ada tempat duduk cuma ada cafe mahal gak enak",2025-04-01T04:07:07.073Z,Helmi Riyandi,108481390356174316513,False,0,id,2026-05-04T16:55:05.333125
ChZDSUhNMG9nS0VJQ0FnTUNJbUtXY0dnEAE,ChIJmavgvLgXby4R2IizioFRk8k,Pondok Cai Pinus,Kuningan,Kuliner,5,Havasi serin guzel manzara,2025-03-30T01:02:55.792Z,Tekin Tekin,110209197746987876660,True,0,tr,2026-05-04T16:55:05.333134
ChdDSUhNMG9nS0VJQ0FnTURRN2J2SWdBRRAB,ChIJmavgvLgXby4R2IizioFRk8k,Pondok Cai Pinus,Kuningan,Kuliner,5,Rekomendasi untuk liburan keluarga serta di tunjang tempat selfie yang bagus👍,2025-03-13T06:31:51.115Z,Urip Mulyana,106673287036349163803,True,0,id,2026-05-04T16:55:05.333142
ChdDSUhNMG9nS0VJQ0FnSUNPNHJhM2hBRRAB,ChIJmavgvLgXby4R2IizioFRk8k,Pondok Cai Pinus,Kuningan,Kuliner,5,"Spot selfie yg instagrammable cocok buat hangout bareng keluarga or pasangan,, ditambah resto dengan menu favorit nasi liwet cai pinus,, yg ingin menikmati sejuknya hawa pegunungan tersedia juga villa pondok cai pinus....",2025-02-14T05:52:34.170Z,Yopi Ahdiyanto,111034024583736983940,True,8,id,2026-05-04T16:55:05.333196
Ci9DQUlRQUNvZENodHljRjlvT21sbll6aFBOMHBJT0hkSVlqZE5jVk55ZDFKc2RYYxAB,ChIJ0wtF7ecZby4R2NmSzcvr9nY,Rumah Makan Alinda,Kuningan,Kuliner,5,Makanannya enak. Ikan bakar dan ikan cobeknya enak. Sambelnya juga enak. Karedoknya enak tapi kerupuknya kurang banyak. Pelayananannya cepat dan melayani dengan ramah.,2025-10-26T05:50:47.734Z,Nadia Novita A,111841594974293366852,False,0,id,2026-05-04T16:55:05.333236
Ci9DQUlRQUNvZENodHljRjlvT25SRGMzbHFXbnAxU1VSblZqWjRTa0pyVUdJMVlWRRAB,ChIJ0wtF7ecZby4R2NmSzcvr9nY,Rumah Makan Alinda,Kuningan,Kuliner,5,"Makanannya enak, ikannya fresh👍🏻",2025-10-26T05:48:05.851Z,Anin JJJ,110395713808755762669,False,0,id,2026-05-04T16:55:05.333244
Ci9DQUlRQUNvZENodHljRjlvT2pkVlVscFlUa000WDFOVWVrMVNSVVIyV1c1aGJsRRAB,ChIJ0wtF7ecZby4R2NmSzcvr9nY,Rumah Makan Alinda,Kuningan,Kuliner,5,Makanan enak tempat nyaman pokonya sangat recomended,2025-10-20T07:16:03.446Z,Eli Nurlaeli,100645692853407447495,False,0,id,2026-05-04T16:55:05.333253
Ci9DQUlRQUNvZENodHljRjlvT2sxb1ExRnJTamxGU1c5SFMxbFlkazgyVldKR2VXYxAB,ChIJ0wtF7ecZby4R2NmSzcvr9nY,Rumah Makan Alinda,Kuningan,Kuliner,5,Makanan nya enak dan tempat nyaman,2025-10-20T07:11:08.208Z,ira haryati,117724877035733084025,False,0,id,2026-05-04T16:55:05.333268
Ci9DQUlRQUNvZENodHljRjlvT2twbmJXbFlZV3BGYUdoQlMzQTFVa05PVWpkWU9FRRAB,ChIJ0wtF7ecZby4R2NmSzcvr9nY,Rumah Makan Alinda,Kuningan,Kuliner,5,"Makanan nya sangat enak cocok di lidah, tempat nyaman dan pelayanan puas. Gurame bakar sama sambel cobek nya favoriteee banget 🫶🩷🩷",2025-10-20T07:07:52.782Z,yayu indah mentari,115262518912596342990,False,0,id,2026-05-04T16:55:05.333289
Ci9DQUlRQUNvZENodHljRjlvT21RMFJVZENWRzAwTVZCcFVqVjNOM3BxTFZwcVNsRRAB,ChIJ0wtF7ecZby4R2NmSzcvr9nY,Rumah Makan Alinda,Kuningan,Kuliner,5,Makanannya enak harganya murah,2025-10-18T13:18:46.820Z,Siti Pairoh,101044419547730221580,False,0,id,2026-05-04T16:55:05.333300
Ci9DQUlRQUNvZENodHljRjlvT2xKWE1VZ3RRVkpTUjFVMldGOTJjMHhrWlZKT04wRRAB,ChIJ0wtF7ecZby4R2NmSzcvr9nY,Rumah Makan Alinda,Kuningan,Kuliner,5,"rasa makanan disini enak, pelayanan disini juga sangat baik, dan tempatnya juga nyaman",2025-10-18T12:54:50.731Z,Azzahra Arneta,107344009644847134578,False,0,id,2026-05-04T16:55:05.333310
Ci9DQUlRQUNvZENodHljRjlvT21oVWRIZE1aMFZpVGtwM1RraDZRbWgwVWxSWFozYxAB,ChIJ0wtF7ecZby4R2NmSzcvr9nY,Rumah Makan Alinda,Kuningan,Kuliner,5,"langganan dari jaman kecil
enak banget ikan goreng bakar nya",2025-10-18T12:20:07.079Z,Soh Venty Mua,117711782932087285775,False,0,id,2026-05-04T16:55:05.333318
Ci9DQUlRQUNvZENodHljRjlvT2toUk5tbEdXRzgxVGtsTlh6ZFRWVkUzVnpKWWFrRRAB,ChIJ0wtF7ecZby4R2NmSzcvr9nY,Rumah Makan Alinda,Kuningan,Kuliner,1,Lima tahun yg lalu saya pernah makan disini...ikan bakarnya enak..bumbunya terasa banget...sekarang mampir lagi...rasanya ga berubah...masih enak.,2025-10-18T10:16:09.742Z,Subroto SPd,108445965428348237855,False,0,id,2026-05-04T16:55:05.333327
Ci9DQUlRQUNvZENodHljRjlvT201dmRXcGxhVGxHTVVKbVpFdzNWVzB5UW0xa2VtYxAB,ChIJ0wtF7ecZby4R2NmSzcvr9nY,Rumah Makan Alinda,Kuningan,Kuliner,5,"Dari dulu selalu mampir kesini setiap pulang kampung, sampai sekarang rasa masih sama dan harga bersaing, paling enak kesini malam hari di udara adem yang syahdu. Sukses Alinda",2025-10-18T06:54:40.907Z,Gunawan Saputra,104226003136854506385,False,0,id,2026-05-04T16:55:05.333337
Ci9DQUlRQUNvZENodHljRjlvT2psWWVEWXhWemhxYUhsclVtVlFhMGd3VEd0dVFXYxAB,ChIJ0wtF7ecZby4R2NmSzcvr9nY,Rumah Makan Alinda,Kuningan,Kuliner,5,"Resto keluarga yang wajib dikunjungi setiap kali ke cirebon, rasa enak dan harga murah",2025-10-18T06:52:40.975Z,Ruth Sularni,104697033260989265244,False,0,id,2026-05-04T16:55:05.333346
Ci9DQUlRQUNvZENodHljRjlvT2pkWFdrcENhMmsxZGtoZlkydDFTMEZVYWxJNGQyYxAB,ChIJ0wtF7ecZby4R2NmSzcvr9nY,Rumah Makan Alinda,Kuningan,Kuliner,5,"Sudah kesini berkali kali, rasa ga pernah gagal, gurame bakar kecapnya terdebess (minta digoreng dulu sebelum dibakar), harganya tergolong murah.
Free es teh tawar ketika datang.
Sukses selalu Alinda",2025-10-18T06:49:28.352Z,Via Fatla,116510357798428669926,False,0,id,2026-05-04T16:55:05.333354
Ci9DQUlRQUNvZENodHljRjlvT25saVdFODJXVEZMWm5aSWNEQkJMVTF2Vmw5MGEwRRAB,ChIJ0wtF7ecZby4R2NmSzcvr9nY,Rumah Makan Alinda,Kuningan,Kuliner,2,Harganya bikin kaget... Tapi ternyata sama orang2 crb memang dah naikin harga lebih dulu drpd tetangganya...,2025-09-10T13:57:17.630Z,endra adityawan,113972716313796904961,False,0,id,2026-05-04T16:55:05.333380
Ci9DQUlRQUNvZENodHljRjlvT25GR1NWRkZhWGh5U1Zwc2VFeFNlR1ZPUW05TWFXYxAB,ChIJ0wtF7ecZby4R2NmSzcvr9nY,Rumah Makan Alinda,Kuningan,Kuliner,4,Makanan enak dan murah cuma suasana rumah makannya saja yang terlihat suram. Kalau dibenahi mungkin akan lebih ramai daripada rumah makan sejenis di dekatnya.,2025-06-27T01:41:11.041Z,D Dhali Marta,109467439841658058991,True,0,id,2026-05-04T16:55:05.333399
Ci9DQUlRQUNvZENodHljRjlvT21sRWJtMTZXSE53ZWtWRVdFMHhNMFpJY0hOTFNHYxAB,ChIJ0wtF7ecZby4R2NmSzcvr9nY,Rumah Makan Alinda,Kuningan,Kuliner,5,Harga terjangkau makanan fresh baru dimasak jadi harap sabar menunggu,2025-06-23T23:26:31.626Z,Bang Didi,114947472311268693274,True,0,id,2026-05-04T16:55:05.333408
ChdDSUhNMG9nS0VObnpoZXJ6a3I2UXpnRRAB,ChIJ0wtF7ecZby4R2NmSzcvr9nY,Rumah Makan Alinda,Kuningan,Kuliner,5,Suka bngt sama rumah makan yg ada karedok nya tuh enak bngt d padukan sama ikan gurame bakar nya,2025-06-10T16:57:01.446Z,Dwi Jayanti,113015409629129851122,True,0,id,2026-05-04T16:55:05.333417
Ci9DQUlRQUNvZENodHljRjlvT2padWRqZHBVblJvZEZjMlptVjFRVms1WTB0SGNXYxAB,ChIJWX3HOf0Zby4Rd5kqocxzjy4,Rumah Makan Laksana,Kuningan,Kuliner,5,"Langganan sdh dr kecil rasa tidak pernah berubah makin enak, tempatny makin bagus",2025-09-27T10:59:11.388Z,Stefanus Gunawan,104492259838581604800,False,0,id,2026-05-04T16:55:05.333425
Ci9DQUlRQUNvZENodHljRjlvT2xZdGMyaDBNWEpRVFdsMFQwUnliMDQ1V2toZlVWRRAB,ChIJWX3HOf0Zby4Rd5kqocxzjy4,Rumah Makan Laksana,Kuningan,Kuliner,5,"Langganan sejak kecil, rasa sop ayamnya masih sama, ikannya makin kesini rasa diperbaiki menjadi lebih enak, sampai saat ini masih favorite utk gurame cobek didaerah ini, namun 6 bulan terakhir harga kok ikut melambung seperti sainganmya, jadi agak mikir dan takut utk datang lagi, semoga bisa diperbaiki di masa ekonomi seperti saat ini. Thumbs up",2025-09-10T13:57:45.486Z,SNK GOLDEN SYNERGY,107694318596553017627,False,0,id,2026-05-04T16:55:05.333460
Ci9DQUlRQUNvZENodHljRjlvT21zdGNqTTBjMVpxVlRKNFpXTnBjMk5GUWtOMWJFRRAB,ChIJWX3HOf0Zby4Rd5kqocxzjy4,Rumah Makan Laksana,Kuningan,Kuliner,2,Semua oke seperti masa lalu tapi harganya bikin kaget...  Dah sama ama tetangganya ya... Sebelum pada kapok kayak sama tetangganya better di evaluasi..,2025-09-10T13:55:38.820Z,endra adityawan,113972716313796904961,False,0,id,2026-05-04T16:55:05.333470
Ci9DQUlRQUNvZENodHljRjlvT25rM1VXZFpSWGRDT0ZKVWIxTjFWME5hZEhobFZrRRAB,ChIJWX3HOf0Zby4Rd5kqocxzjy4,Rumah Makan Laksana,Kuningan,Kuliner,5,"Tempat makanan sunda. Teesedia lesehan juga. Rasa makanan enak.  Harga standard. Hanya sayang porsi ayam utk keluarga, tidak ada potongan kecil. Menu lengkap dr ikan, ayam, gorengan, aneka sayur, bihun dan mie. Kebersihan jempol dan cepat terutama meja.  Parkir terbatas. Tidak bisa bayar pake qris.",2025-09-07T10:19:18.139Z,Sri Rejeki,103372515063551619669,True,0,id,2026-05-04T16:55:05.333480
Ci9DQUlRQUNvZENodHljRjlvT21oME1uVXpXV3BEU0ZsT2JreFZURTF2WmxnNFVXYxAB,ChIJWX3HOf0Zby4Rd5kqocxzjy4,Rumah Makan Laksana,Kuningan,Kuliner,5,Ada kolam ikan di dalam,2025-09-04T03:16:40.884Z,Iwan Ismanto,111351671428451508506,True,0,ms,2026-05-04T16:55:05.333491
Ci9DQUlRQUNvZENodHljRjlvT21ZNWEyaENRakI1YzBGVk1YZDRXa2xmYlhSblZsRRAB,ChIJWX3HOf0Zby4Rd5kqocxzjy4,Rumah Makan Laksana,Kuningan,Kuliner,5,Highly recommended,2025-09-02T14:31:10.952Z,natalia debora,110212851103556255689,True,0,en,2026-05-04T16:55:05.333500
Ci9DQUlRQUNvZENodHljRjlvT2poNFdsUllTVFpET1dkaE5HZDZUVE5PVG5jeVdrRRAB,ChIJWX3HOf0Zby4Rd5kqocxzjy4,Rumah Makan Laksana,Kuningan,Kuliner,5,The food is delicious and an excellent value.,2025-08-15T21:37:12.595Z,Budi Rochmadi,107081746150992212749,True,0,en,2026-05-04T16:55:05.333528
Ci9DQUlRQUNvZENodHljRjlvT25wWVR5MVdTRWRIUVdSdFdFMUhkVGRFZEVsa1pVRRAB,ChIJWX3HOf0Zby4Rd5kqocxzjy4,Rumah Makan Laksana,Kuningan,Kuliner,5,"Paling pro bnget sama tmpat makan yg gk ada lalatnya, dan di sini salah satunya.. minim lalat, jdi gk trlalu parno😅 suasana oke, pelayanan cepet juga.. dan bersih..",2025-08-04T01:02:02.838Z,Ummi Faizah,116680290923857631873,True,0,id,2026-05-04T16:55:05.333545
Ci9DQUlRQUNvZENodHljRjlvT2xKcWFpMW9kMFZsVDBoUFR6ZHROMnhhTWsxSFpVRRAB,ChIJAbBCpLUZby4R-SD8lh1eAlw,TitikTeh,Kuningan,Kuliner,4,"to be honest, agak overpriced untuk matcha dan makanannya.
tapi ambience nya memang menyenangkan. spacious, fasilitas lengkap.",2026-05-01T13:57:44.002Z,lnd S,102134515222807178065,True,0,id,2026-05-04T16:55:05.333556
Ci9DQUlRQUNvZENodHljRjlvT2pKTU5VZG5NRlJaYzBKTVREWXRSVVpCVWpKYVZuYxAB,ChIJAbBCpLUZby4R-SD8lh1eAlw,TitikTeh,Kuningan,Kuliner,4,One main point... Tempat nya spacious bgt..,2026-04-28T10:36:11.756Z,Cak Atho',104793003818282390297,True,0,id,2026-05-04T16:55:05.333569
Ci9DQUlRQUNvZENodHljRjlvT214NVFYWXlhVEpPZW5kMWEycDFhbUpRTW1Nd2NGRRAB,ChIJAbBCpLUZby4R-SD8lh1eAlw,TitikTeh,Kuningan,Kuliner,5,"Cafe yang cozy adem bgt. Cocok buat kumpul2 bareng bestie atau keluarga. Makanan dan minumannya enak, porsinya banyak weey 🫶 cocok buat perut gembul kaya aku 😁
Kemaren nyoba nasi ikan sambel matah oke banget cuma kurang pedes dikit, creme matchanya lumayan.",2026-04-20T13:08:13.096Z,selly eka,103068282334281811636,True,0,id,2026-05-04T16:55:05.333583
Ci9DQUlRQUNvZENodHljRjlvT2xSZk0xbGxUbFZ0Um1oNlJ6QjVZblpKYzNnNFpsRRAB,ChIJAbBCpLUZby4R-SD8lh1eAlw,TitikTeh,Kuningan,Kuliner,5,"Barusan meeting di sini tempatnya enakeun, masih deket ke perumahan subsidi yang luas tanahnya 72 M2...Terima Kunci Cuma 2 Juta. Graha Pesona Halimpu",2026-04-19T07:54:36.085Z,Graha Pesona Halimpu,105435637706150140582,True,0,id,2026-05-04T16:55:05.333593
Ci9DQUlRQUNvZENodHljRjlvT25KTmIxTmZYMjV3YTNCdlUwUkRNMFZDWkd4T1JHYxAB,ChIJAbBCpLUZby4R-SD8lh1eAlw,TitikTeh,Kuningan,Kuliner,1,"kemarin mampir kesini terus makanannya kurang enak, hambar tidak ada rasa dan apesnya gelas tumpah, kena celana tidak ada kata maaf atau apa, nunggu makanan lama dan tidak sekaligus ini mah berasa makan sendiri sendiri cukup sekali nunggu berjam jam dapetnya apes",2026-04-06T01:31:58.252Z,otoy junior,117859454875602141970,False,0,id,2026-05-04T16:55:05.333611
Ci9DQUlRQUNvZENodHljRjlvT2xOdVpsZEZVVmhzVjNwa1pVaFFlVTlDYzBoVVVXYxAB,ChIJAbBCpLUZby4R-SD8lh1eAlw,TitikTeh,Kuningan,Kuliner,3,"Pada saat minuman es kopi (titik kopi susu) disimpan diatas meja dan baru beberapa kali diminum kemudian ada lalat hijau masuk. Kemudian mengajukan komplain ke pelayan, namun disuruh untuk beli baru / order kembali bukan diganti free.",2026-04-05T09:08:02.688Z,Ragam Aktivitas Channel,100147333444366938453,False,0,id,2026-05-04T16:55:05.333628
Ci9DQUlRQUNvZENodHljRjlvT2xwRVVUaFJNVzgzTFd4UlpISmZWelZNUzFnelZWRRAB,ChIJAbBCpLUZby4R-SD8lh1eAlw,TitikTeh,Kuningan,Kuliner,2,"liat di menu varian coklat yg aku pilih tu ada ice cream nya, eh taunya pas uda dateng malah gini doangg, mana gaada konfirmasi sama sekali lagi waiters nya💔",2026-04-03T12:34:18.444Z,Wafa Muztalifal hammi,109641970044217836573,False,0,id,2026-05-04T16:55:05.333638
Ci9DQUlRQUNvZENodHljRjlvT2xGM1FYVTJWRTh5ZEdGR2FDMXpiM3BXV21ZM2FFRRAB,ChIJAbBCpLUZby4R-SD8lh1eAlw,TitikTeh,Kuningan,Kuliner,1,"Chatting admin by whatsapp komplain kalau di telur nasi goreng masih ada cangkang nya dari tanggal 23 maret 2026 sampai hari ini 28 maret 2026 sama sekali ga ada respon apapun,untung ketolong sama masakan nya yang enak,tapi service cleaning meja nya lamaaaaa sekali,tidak ada pelayan yang stanby untuk control meja2 customer apakah butuh service bantuan atau tidak,pelayan hanya mengantarkan pesanan saja,jadi meja customer di biarkan kotor jika customer sebelum nya sudah selesai tidak langsung di bersihkan (bahkan asbak rokok pun debu nya masih numpuk bekas customer sebelum nya) saya kedapetan piring yang pinggiran nya gompel",2026-03-28T04:31:13.017Z,Nur Alifah M,109590869008409820631,False,0,id,2026-05-04T16:55:05.333647
Ci9DQUlRQUNvZENodHljRjlvT2tOR2FWQmFka1JSTms0eFgzRmxhVlJEZFhkc1UwRRAB,ChIJAbBCpLUZby4R-SD8lh1eAlw,TitikTeh,Kuningan,Kuliner,1,"Nunggu lama, datang minum ke makan 30 menit, meja gak sedia sendok dan tisu,,
Rasa biasa aja,",2026-03-27T10:58:59.009Z,ciremai komputer,103635398514803762293,False,0,id,2026-05-04T16:55:05.333657
Ci9DQUlRQUNvZENodHljRjlvT21RNGFuZG1iMnQwUTA1TWRXbFphbWRQY25FMVNrRRAB,ChIJAbBCpLUZby4R-SD8lh1eAlw,TitikTeh,Kuningan,Kuliner,5,"Makanan enak, minum nya enak, dan bersih",2026-03-26T23:58:01.843Z,Aditya Firdaus,109649926593100423135,True,0,id,2026-05-04T16:55:05.333666
Ci9DQUlRQUNvZENodHljRjlvT2pKc09EaDZUWEJmTVdOcFdXRlZOVVV0TlhkdWFuYxAB,ChIJAbBCpLUZby4R-SD8lh1eAlw,TitikTeh,Kuningan,Kuliner,1,"boking langsng bwt bukber g bsa , sruh lwat wa !! sdah d wa slow respon lamaa bangt . skli y d bls kt y sudah full ,, agak lain emng",2026-03-14T12:07:31.900Z,Sri Mulyani,103181627282444426772,False,0,id,2026-05-04T16:55:05.333690
Ci9DQUlRQUNvZENodHljRjlvT2xGemVqbE9VV1U0TWxVMlNrbDJhbkJrV0hkUmIxRRAB,ChIJAbBCpLUZby4R-SD8lh1eAlw,TitikTeh,Kuningan,Kuliner,1,"Pesan nasi paru disini kering banget astaga, susah di gigit, butuh extra tenaga, kayak karet",2026-03-13T11:34:08.555Z,Ocha Lakshita,104534365122177698246,False,0,id,2026-05-04T16:55:05.333699
Ci9DQUlRQUNvZENodHljRjlvT25SaVZrSm1hVFk0VkVsUVJuTnpiVXhzZVhsMWMxRRAB,ChIJAbBCpLUZby4R-SD8lh1eAlw,TitikTeh,Kuningan,Kuliner,5,"Suasananya asri, family friendly. Pelayanannya pun bagus banget. Kebetulan aku tiba² haid. Kakak waitersnya yang jaga di depan pintu menawarkan diri memberikan pembalut yg dibawanya. Salut sih keren banget",2026-03-11T10:54:41.326Z,Yerim Min,102533474376674596973,False,0,id,2026-05-04T16:55:05.333710
Ci9DQUlRQUNvZENodHljRjlvT21sUlNtMUlVRlJKU1dwR2JsTktObGhKUmswM1IzYxAB,ChIJAbBCpLUZby4R-SD8lh1eAlw,TitikTeh,Kuningan,Kuliner,5,"Tempatnya udah di renov makin bagus, kualitas makanan sih udah ga diragukan lagi. Nyobain teh Rosela itu ternyata enak sampai selalu repeat order. Bagus juga klo buat me time atau ngerjain tugas disini.",2026-03-08T19:31:48.609Z,Lifia Ardhya,105747458486624634474,True,0,id,2026-05-04T16:55:05.333718
Ci9DQUlRQUNvZENodHljRjlvT2xsWVRqZHVTa1pqZFdkNFZtRk9NREZRVlc5dVVGRRAB,ChIJg7R1fQ0Xby4RHTezvS3VxB8,Warung Sate Ulah Lali Kuningan,Kuningan,Kuliner,5,"Mampir ke sini sewaktu lagi ada acara kantor. Infonya ini salah satu sate dan sop daging terkenal di sini.

Restorannya tidak terlalu luas, ada berapa meja saja namun seatnya cukup lah untuk datang ramean. Parkirnya juga lumayan, cukup untuk tiga atau empat mobil.

Kami pesan sate full daging dan campur lemak. Dagingnya empuk, tidak bau prengus, dibakarnya juga pas tidak terlalu gosong maupun kurang matang. Potongan dagingnya lumayan besar. Sop iga dan gulainya juga enak, daging empuk dan tidak prengus. Kuah sopnya segar, rempahnya terasa tapi masih light. Tiap orang akan diberi bumbu sate sendiri yang bisa dipilih yaitu bumbu kecap maupun bumbu kacang.

Overall, oke patut mampir untuk dicoba.",2025-10-13T14:34:56.634Z,Gozalli Irawan (Edo),104354808722393747756,True,0,id,2026-05-04T16:55:05.333747
Ci9DQUlRQUNvZENodHljRjlvT2pVeWVVTjNaWEIyT1ZsbVVVeEZPRFUzV0dsT1dsRRAB,ChIJg7R1fQ0Xby4RHTezvS3VxB8,Warung Sate Ulah Lali Kuningan,Kuningan,Kuliner,5,Cita rasa yang tinggi.. makanan semua enal,2025-10-13T02:02:46.338Z,Dani Benua,117192106670205946069,True,0,id,2026-05-04T16:55:05.333755
ChZDSUhNMG9nS0VJQ0FnSURENTdHYVdREAE,ChIJg7R1fQ0Xby4RHTezvS3VxB8,Warung Sate Ulah Lali Kuningan,Kuningan,Kuliner,1,"Risih sama kang parkirnya, ga punya adab, seenak nya z berhentiin mndadak kndraan yg lewat ,demi kndraan yg kluar/ masuk resto,tanpa peduliin keselamatan pngendara lain...",2025-10-10T11:03:52.300Z,Joe Aja,100468401319486600783,True,0,id,2026-05-04T16:55:05.333763
ChZDSUhNMG9nS0VJQ0FnSUNkd0liVEVREAE,ChIJg7R1fQ0Xby4RHTezvS3VxB8,Warung Sate Ulah Lali Kuningan,Kuningan,Kuliner,4,"Salah satu kuliner sate kambing & sopnya yg legendaris di kuningan. Sate kambing, sop iga sapi/kambing & pepes ikannya rasanya👍👍👍, pelayanan gercep & tempat makan nyaman. Tempat parkir memadai.",2025-09-20T03:36:20.210Z,Dany Rachmat,107210316278671484661,True,0,id,2026-05-04T16:55:05.333806
ChZDSUhNMG9nS0VKRzRpcFB0M0txcVN3EAE,ChIJ0wtF7ecZby4R2NmSzcvr9nY,Rumah Makan Alinda,Kuningan,Kuliner,5,"I have been here many times, like these gurame fish and tempe goreng tepung.",2025-05-13T16:13:27.384Z,Handy Kusnadi,116258262801048216747,True,0,en,2026-05-04T16:55:05.333836
ChdDSUhNMG9nS0VJQ0FnTURJNExmVzd3RRAB,ChIJ0wtF7ecZby4R2NmSzcvr9nY,Rumah Makan Alinda,Kuningan,Kuliner,4,Lumayan sebagai alternatif,2025-04-06T07:45:59.076Z,Abidifka Suprayogi,102965002796024166356,True,0,id,2026-05-04T16:55:05.333845
ChZDSUhNMG9nS0VJQ0FnTURJb0lHYkZnEAE,ChIJ0wtF7ecZby4R2NmSzcvr9nY,Rumah Makan Alinda,Kuningan,Kuliner,5,"Great restaurant with affordable price for tourists or family. Wanna taste gurame bakar cheaper, I think this restaurant is a must try list.",2025-04-06T05:20:25.173Z,Melody AMPv,111966367119530477307,True,1,en,2026-05-04T16:55:05.333853
ChZDSUhNMG9nS0VJQ0FnTURRcmFUN2NnEAE,ChIJ0wtF7ecZby4R2NmSzcvr9nY,Rumah Makan Alinda,Kuningan,Kuliner,3,"Sangat disayangkan, kualitas makanan di Alinda Restaurant menurun jauh dibandingkan sekitar 6 tahun lalu, ketika tempat ini masih menjadi salah satu restoran wajib coba di Kuningan.

Saat saya berkunjung kembali belum lama ini, pengalaman makannya kurang memuaskan. Tempatnya terlihat kurang terawat, meja berdebu, dan banyak nyamuk. Saya memesan gurame goreng, tapi sayangnya ikan yang disajikan tidak fresh dan sedikit berbau. Lebih mengecewakan lagi, sambalnya tidak disertakan.

Restoran ini dikenal dengan menu spesialis gurame dan olahan udang, tapi saat saya datang, banyak menu yang habis, terutama semua olahan udang karena stok kosong.

Pelayanannya sebenarnya ramah dan sigap, tetapi penyajian makanan sangat lama. Saya bahkan harus mendatangi dapur, dan ternyata makanan sudah jadi tapi tidak segera diantar oleh pelayan.

Dari segi rasa, makanan yang disajikan tergolong biasa saja dan cenderung hambar, tidak seperti dulu yang lebih nikmat. Namun, untuk harga masih tergolong murah dan tidak terlalu mahal.

Parkirannya cukup luas, jadi tidak ada masalah di bagian ini. Namun, jika restoran ini tidak segera memperbaiki kualitas makanan dan manajemen stoknya, sayang sekali tempat yang dulu jadi favorit bisa kehilangan daya tariknya.",2025-03-13T03:20:38.543Z,Eka Kurniawan,101898716421495373443,True,0,id,2026-05-04T16:55:05.333861
ChdDSUhNMG9nS0VJQ0FnSUR2NzVxRzZ3RRAB,ChIJ0wtF7ecZby4R2NmSzcvr9nY,Rumah Makan Alinda,Kuningan,Kuliner,5,"Makanannya enak, harga sedang",2024-12-25T12:18:28.966Z,Sasli Rais,100959424558541259507,True,0,id,2026-05-04T16:55:05.333905
ChdDSUhNMG9nS0VJQ0FnSUNQbmZIRzF3RRAB,ChIJ0wtF7ecZby4R2NmSzcvr9nY,Rumah Makan Alinda,Kuningan,Kuliner,5,baju nya bagus tempat nya bersih masih bnyk lgi,2024-11-27T04:07:43.276Z,Among Uss,101071182237698052335,False,0,id,2026-05-04T16:55:05.333924
ChdDSUhNMG9nS0VJQ0FnSUQzaTZ1TW1RRRAB,ChIJ0wtF7ecZby4R2NmSzcvr9nY,Rumah Makan Alinda,Kuningan,Kuliner,5,enakkkk... restoran berjuta memory,2024-11-18T21:58:44.450Z,stephanus tanisan,104139643355157152924,True,0,id,2026-05-04T16:55:05.333935
Ci9DQUlRQUNvZENodHljRjlvT21WNGVXaG9UM05hTVRVeWIwYzVkR0Y2YkhCV05tYxAB,ChIJi2-8I98Zby4RsKIZSTYQbmE,RAJA SEAFOOD KUNINGAN,Kuningan,Kuliner,5,"Bersih
Bagus
Nyaman",2026-03-06T20:48:14.957Z,Wawan Wani Magagi,102616031018704541484,True,0,id,2026-05-04T16:55:05.333961
ChZDSUhNMG9nS0VJQ0FnSURfLTVtdmRBEAE,ChIJi2-8I98Zby4RsKIZSTYQbmE,RAJA SEAFOOD KUNINGAN,Kuningan,Kuliner,5,"JUARAAA 👍👍👍
Makanannya enak-enak semua, tempat parkir juga luas banget. Ada tempat bermain anak jadi bisa bikin anak betah. Pelayanannya juga ramah dan cepat. Juara lah pokoknya kalau buat makan seafood di kuningan 👍",2025-01-27T14:09:59.920Z,Farikh RSCH,112783244208438282532,True,0,id,2026-05-04T16:55:05.334024
ChdDSUhNMG9nS0VJQ0FnSURQLXJHdHZ3RRAB,ChIJi2-8I98Zby4RsKIZSTYQbmE,RAJA SEAFOOD KUNINGAN,Kuningan,Kuliner,5,Tempatnya lumayan luas,2024-12-01T13:26:02.961Z,Henny aphrilio,114521819802769794741,True,0,id,2026-05-04T16:55:05.334039
ChdDSUhNMG9nS0VJQ0FnSUN6emRhVW9nRRAB,ChIJi2-8I98Zby4RsKIZSTYQbmE,RAJA SEAFOOD KUNINGAN,Kuningan,Kuliner,5,tempat buat acara nikahan dll pertemuan juga cocok,2024-06-04T01:56:27.121Z,Yanto Mardianto,114094951569568690857,True,0,id,2026-05-04T16:55:05.334082
ChdDSUhNMG9nS0VJQ0FnSURqd01MYnFnRRAB,ChIJi2-8I98Zby4RsKIZSTYQbmE,RAJA SEAFOOD KUNINGAN,Kuningan,Kuliner,5,Cukup bagus untuk acara acara besar,2024-04-28T00:14:05.924Z,Hary Hidayat 10,112660268510222226437,True,0,id,2026-05-04T16:55:05.334097
ChZDSUhNMG9nS0VJQ0FnSUQxd3ZXekxREAE,ChIJi2-8I98Zby4RsKIZSTYQbmE,RAJA SEAFOOD KUNINGAN,Kuningan,Kuliner,4,"Tempatnya nyaman, strategis & luas untuk acara keluarga, pesta atau Rapat",2024-01-06T03:23:36.850Z,Dodi Ahidin,114979003991268965104,True,0,id,2026-05-04T16:55:05.334126
ChZDSUhNMG9nS0VJQ0FnSURaeFlmaVBBEAE,ChIJi2-8I98Zby4RsKIZSTYQbmE,RAJA SEAFOOD KUNINGAN,Kuningan,Kuliner,5,Saya pernah beberapa kali ikut dekor Dessert Corner dalam acara pernikahan,2023-10-05T02:39:20.891Z,Deni Wetede,107606166757027545583,True,0,id,2026-05-04T16:55:05.334151
ChdDSUhNMG9nS0VJQ0FnSUNaOU1TZGpBRRAB,ChIJi2-8I98Zby4RsKIZSTYQbmE,RAJA SEAFOOD KUNINGAN,Kuningan,Kuliner,4,Suasana nya enakeun,2023-09-05T10:03:42.759Z,Elin srihartini,108532664807423649317,True,0,su,2026-05-04T16:55:05.334181
ChdDSUhNMG9nS0VJQ0FnSURwdjlYWWhBRRAB,ChIJi2-8I98Zby4RsKIZSTYQbmE,RAJA SEAFOOD KUNINGAN,Kuningan,Kuliner,5,"Sudah beberapa kali melakukan kegiatan disini,",2023-09-01T12:03:29.420Z,Abdul Hanif,104562104249315620965,True,0,id,2026-05-04T16:55:05.334188
ChdDSUhNMG9nS0VJQ0FnSURwb0wyeF93RRAB,ChIJi2-8I98Zby4RsKIZSTYQbmE,RAJA SEAFOOD KUNINGAN,Kuningan,Kuliner,4,Semoga tambah laris,2023-08-14T07:51:59.134Z,Agus Mulyana,114456355332709722122,True,0,id,2026-05-04T16:55:05.334211
Ci9DQUlRQUNvZENodHljRjlvT21oeWRHRXhaamc0VXpjMVFreFJWRXRRYkVGR1FrRRAB,ChIJAbBCpLUZby4R-SD8lh1eAlw,TitikTeh,Kuningan,Kuliner,5,nyaman tempat nya,2026-01-27T12:41:17.283Z,Trianagata,114763567758357564344,False,0,id,2026-05-04T16:55:05.334274
Ci9DQUlRQUNvZENodHljRjlvT2xkRGJGQm5Wak5xTVMxbGRVbFZlbUpKUjB0WVdtYxAB,ChIJAbBCpLUZby4R-SD8lh1eAlw,TitikTeh,Kuningan,Kuliner,5,tempat nya nyaman pelayan nya baik,2026-01-27T12:35:12.575Z,Regas Sutrisna,103132935630313256590,False,0,id,2026-05-04T16:55:05.334283
Ci9DQUlRQUNvZENodHljRjlvT20wMVNsZHhka1ZPV0ZSalJqTjBjbUZCV2pSb1pWRRAB,ChIJAbBCpLUZby4R-SD8lh1eAlw,TitikTeh,Kuningan,Kuliner,5,"tempatnya nyaman, makanannya enak",2026-01-27T10:02:50.471Z,Juwanita Dwiantari,103700255242773780325,False,0,id,2026-05-04T16:55:05.334293
Ci9DQUlRQUNvZENodHljRjlvT2xKMlpIVjZRVXRoZWxkdU1saFdURU0xVERkeGJFRRAB,ChIJAbBCpLUZby4R-SD8lh1eAlw,TitikTeh,Kuningan,Kuliner,5,nyaman tempatnya,2026-01-27T10:02:29.089Z,RADHINA,117897276685859924871,False,0,id,2026-05-04T16:55:05.334301
Ci9DQUlRQUNvZENodHljRjlvT2pWd2JpMW1OSGM1ZUVzeVFtUnhOekY2WnpaRFRHYxAB,ChIJAbBCpLUZby4R-SD8lh1eAlw,TitikTeh,Kuningan,Kuliner,1,"zonk bgt, menu 1 jam ga keluar
saran buat manajemen nya diatur yg lebih bener",2026-01-24T05:52:42.330Z,Adang Aminuddin,103180140605537471932,False,0,id,2026-05-04T16:55:05.334310
Ci9DQUlRQUNvZENodHljRjlvT2sxQ2FuSnBWMVJyVUdkVlRHbzNhRzV1Ym1VMFNuYxAB,ChIJAbBCpLUZby4R-SD8lh1eAlw,TitikTeh,Kuningan,Kuliner,5,pelayanannya ramah,2026-01-24T04:08:54.332Z,Nurmega Aulia,105980745977846189167,False,0,id,2026-05-04T16:55:05.334325
Ci9DQUlRQUNvZENodHljRjlvT2pKTU1VZ3dZVzQzY1dwcWNrRjRVV2h0TFhWdWNXYxAB,ChIJAbBCpLUZby4R-SD8lh1eAlw,TitikTeh,Kuningan,Kuliner,1,"Layanannya jelek bgt ya. Tempat makan tersebar tp ga siap karyawan untuk ke meja pelanggan. Jadi kalau mau nambah menu atau ada menu yang kurang atau ada menu yg mau dibungkus (krn ga abis) bawa pulang, pelanggan yg hrs wara wiri kesana kesini. Karyawan cuma anter makanan minuman saja. Meja yg sudah dipakai tdk segera dibersihkan jd ketika ada pelanggan yg mau pakai meja, bersiin sendiri. Lah iya lah mana tau karyawan ada meja yg hrs dibersihkan. Taunya di depan doank. Jelek bgt pelayanannya. Rasa juga aneh ( mie aceh sabang) klo baru pertama kali makan mie aceh bakal trauma dan melebeli mie aceh ga enak padahal klo bener masaknya, mie aceh tuh enak bgt",2026-01-21T07:02:51.385Z,kireina ku,112747143555134053686,True,0,id,2026-05-04T16:55:05.334378
Ci9DQUlRQUNvZENodHljRjlvT2xWQ1FtazVSelJTYUZZeFZISTBPR0pyWVZkdVlsRRAB,ChIJAbBCpLUZby4R-SD8lh1eAlw,TitikTeh,Kuningan,Kuliner,1,"Layanan jelek, menu sudah ga ada bilangnya sold out. Misalkan laris banget ga mungkin juga pagi sudah ada yg sold out.
Rasa masakan bukan ga enak, tapi ga jelas mau kemana rasanya.",2026-01-21T07:00:54.962Z,Syaiful Hakim,111981193879878428228,True,0,id,2026-05-04T16:55:05.334387
Ci9DQUlRQUNvZENodHljRjlvT2t0aVVYazNTazg1VjBGa1lsWXRha3gxUTBSM1JHYxAB,ChIJAbBCpLUZby4R-SD8lh1eAlw,TitikTeh,Kuningan,Kuliner,1,"Parkirannya kacau. Tukang parkir cuma muncul pas kita mau keluar, pas parkir tidak dibantu sama sekali. Sangat mengganggu kenyamanan pengunjung titik teh. Harusnya tempat sekelas ini parkirnya gratis soalnya tempat titik teh di dalam bukan di pinggir jalan raya, jadi ada tukang parkir juga tidak berfungsi, di mohon untuk pihak titik teh mengambil tindakan tegas. terima kasih",2026-01-18T11:32:41.533Z,cumi bakar,112229009452364493821,True,0,id,2026-05-04T16:55:05.334396
Ci9DQUlRQUNvZENodHljRjlvT25vMVlsa3lhR1JxZVhwclZVcGhWMnhvTWxKcE5YYxAB,ChIJAbBCpLUZby4R-SD8lh1eAlw,TitikTeh,Kuningan,Kuliner,1,Menu nya ngga ready semua ada yg harus nunggu lama biar ready kyk churros sama croffle,2026-01-18T06:34:48.223Z,Yogas Prawira,110405714525391750855,False,0,id,2026-05-04T16:55:05.334406
Ci9DQUlRQUNvZENodHljRjlvT25kMGQwaGxSMmR3YkVoRVZraG5lSEUwT0RGblMyYxAB,ChIJAbBCpLUZby4R-SD8lh1eAlw,TitikTeh,Kuningan,Kuliner,2,"Ambience nya enak dan syahdu namun sayang sekali makananya kureeenggg banget dengan harga yang lumayan pricey. Saya pesen paru, yang datang parunya kering banget, terus dimsumnya juga udah gaenak kaya yang basi padahal buat anak. Mudah2an anak saya ga kenapa2. Mie jawanya juga biasa aja. Tapi kasirnya ramah.",2026-01-16T14:38:12.533Z,Akira Muhammad,100672472990458891847,False,0,id,2026-05-04T16:55:05.334415
Ci9DQUlRQUNvZENodHljRjlvT25wT00yeERkRVpYY1ZGbFRUSTNhRWRYUzBGSFVGRRAB,ChIJLREPqvwWby4R8HG60GqruQU,Ayam Goreng Mang Bewok,Kuningan,Kuliner,2,"ga worth it beli es teler asem 18rb berasa hambar,bebeknya murah tapi tulang semua,mending beli geprek ayam kalo emang mau puas mending bebek yang mahal dikit tapi puas",2026-02-06T10:57:23.499Z,rudy nurdiyansyah,101103438698522211487,True,0,id,2026-05-04T16:55:05.334447
Ci9DQUlRQUNvZENodHljRjlvT2tOR1JHOTBXRFZhTW1sUmJpMVhVVzFmVEhSU2EwRRAB,ChIJLREPqvwWby4R8HG60GqruQU,Ayam Goreng Mang Bewok,Kuningan,Kuliner,5,Langganan tiaap pulkam,2025-12-27T07:10:00.613Z,Dwinta Saptiwi putri,111660504765948909839,False,0,id,2026-05-04T16:55:05.334478
Ci9DQUlRQUNvZENodHljRjlvT2kxeVIyOXpjVWt0TkdKUE9FcFJSM0ZhYVZoblFtYxAB,ChIJLREPqvwWby4R8HG60GqruQU,Ayam Goreng Mang Bewok,Kuningan,Kuliner,5,Selalu mampir kalo pulkam,2025-11-03T12:33:34.840Z,dian rusdiana,100729219896374903337,True,0,id,2026-05-04T16:55:05.334515
Ci9DQUlRQUNvZENodHljRjlvT20xcVEyVkpkMkZaUVRGbU5GcFZURjlzVUZwa1VsRRAB,ChIJLREPqvwWby4R8HG60GqruQU,Ayam Goreng Mang Bewok,Kuningan,Kuliner,5,Kenikmatannya enak.Sukses Selalu dan Berkah Selalu,2025-10-03T08:02:16.883Z,Hernawan Iwan Family,116172402892964090122,True,1,id,2026-05-04T16:55:05.334531
Ci9DQUlRQUNvZENodHljRjlvT205QlpVTXlRVnB1T1VKVVZVZHhWMWxoTlRGaVNrRRAB,ChIJLREPqvwWby4R8HG60GqruQU,Ayam Goreng Mang Bewok,Kuningan,Kuliner,3,Sayur asamnya terasa manis seperti kolak.,2025-09-07T06:15:26.613Z,Ismunanto Drs,100119666693045912331,True,0,id,2026-05-04T16:55:05.334542
Ci9DQUlRQUNvZENodHljRjlvT2tONFdsUkRNV2N0VnpsM2NXaHFiMXBITkZneFVXYxAB,ChIJLREPqvwWby4R8HG60GqruQU,Ayam Goreng Mang Bewok,Kuningan,Kuliner,5,Sayur asamnya mantap terbening,2025-07-23T21:24:19.564Z,Lucy Mutaqin,116644093509241229603,False,0,id,2026-05-04T16:55:05.334549
ChZDSUhNMG9nS0VJQ0FnSURJeXBLaVZ3EAE,ChIJLREPqvwWby4R8HG60GqruQU,Ayam Goreng Mang Bewok,Kuningan,Kuliner,5,"Ayam goreng yg khas mang bewok... ditambah sambel dadak, sayur asem, paduan yg sempurna dr ayam goreng",2025-07-19T06:08:54.399Z,M. Sofwan,112924633151867368097,True,0,id,2026-05-04T16:55:05.334558
Ci9DQUlRQUNvZENodHljRjlvT2pWcE5TMUlkVWhEUTI1VWFrbEJka1ZpVVMxRVgwRRAB,ChIJLREPqvwWby4R8HG60GqruQU,Ayam Goreng Mang Bewok,Kuningan,Kuliner,5,Ayam goreng legend,2025-07-09T06:26:41.588Z,Nur Heri,101293379872782757673,True,0,id,2026-05-04T16:55:05.334566
ChdDSUhNMG9nS0VJQ0FnSUR1aEtTVXN3RRAB,ChIJi2-8I98Zby4RsKIZSTYQbmE,RAJA SEAFOOD KUNINGAN,Kuningan,Kuliner,4,"Indoor atau outdoor sama"" nyaman",2022-08-13T12:19:23.545Z,Supar yanto,107176900319732900580,True,0,id,2026-05-04T16:55:05.334595
ChdDSUhNMG9nS0VJQ0FnSUNPbHIzYXdRRRAB,ChIJi2-8I98Zby4RsKIZSTYQbmE,RAJA SEAFOOD KUNINGAN,Kuningan,Kuliner,5,Bagus banget tempatnya dan nyaman,2022-06-09T06:58:35.832Z,Bolang Project,112821947164389702667,False,0,id,2026-05-04T16:55:05.334610
ChdDSUhNMG9nS0VJQ0FnSUQydS1IQnBnRRAB,ChIJi2-8I98Zby4RsKIZSTYQbmE,RAJA SEAFOOD KUNINGAN,Kuningan,Kuliner,5,"Gedungnya cukup luas untuk acara pernikahan.
Ruangannya full AC, ditambah udara Kuningan yang sejuk, jadi ngga gerah.
Tempat parkir kendaraan luas.
Ngga susah nyari gedungnya.
Lokasinya di pinggir jalan raya Cirebon-Kuningan.",2022-05-26T08:16:31.210Z,muter muter,112527257204910003380,True,2,id,2026-05-04T16:55:05.334625
Ci9DQUlRQUNvZENodHljRjlvT25SeVR6RnlaRk4yY1dabmRrTmlRM2RvVHpKcmNWRRAB,ChIJAbBCpLUZby4R-SD8lh1eAlw,TitikTeh,Kuningan,Kuliner,1,"Dulu suka jauh2 dr cirebon ke kuningan cm pengen makan disini. Semalem makan disini ternyata zonk bgt.
- Menu tdk variatif
- Rasanya tidaak enaak
- Makanan datang lama sekali
Saking lamanya akhirnya pas dtg sy bungkus krn sdh terlalu malam, pas sampe hotel mau aku makan, aku pesen iga bakar. Pas aku makan ternyata nasinya mentah, astagfiruloh. Dan itu aku chat admin via DM ig, tp hanya di read loh. Sama sekali ga dibales apalagi minta maaf.

Aku tanya temen yg org2 kuningan ternyata mmg sudah ga enak sama sekali makanan2 dsini.
Jadi klo yg pgn makan enak, saran jangan kesini. Klo yg laper bgt jangan kesini. Disini setengah buku menu dibilang habis atau kosong. Jd isinya lbh ke nasgor atau mie dan camilan.. dan rasanya bagi aku yg suka kulineran, minus bgt. Inshallah g akan kesini lagi, pdhl dl mayan jd destinasi klo main atau nginep ke kuningan.",2026-01-11T10:09:33.952Z,Ardina Meyvita,108749881182612440585,True,0,id,2026-05-04T16:55:05.334681
Ci9DQUlRQUNvZENodHljRjlvT25jMlZsaFFhMHN4VjBKQlZuQllUVVF6TVZSdE4yYxAB,ChIJAbBCpLUZby4R-SD8lh1eAlw,TitikTeh,Kuningan,Kuliner,1,Menunggu lama tapi belum sampai sampai ternyata nasi nya habis tapi tidak ada kabar 👎,2026-01-11T07:14:15.262Z,syakira Hito,118359396410103617740,False,0,id,2026-05-04T16:55:05.334689
Ci9DQUlRQUNvZENodHljRjlvT2psRkxXaHJhM0ZtYlVoNmNVUldlVmxRV0RsVlQzYxAB,ChIJAbBCpLUZby4R-SD8lh1eAlw,TitikTeh,Kuningan,Kuliner,1,Pesenan ditunggu lama banget datengnya nunggu 1 jam lebihh pas disamper ternyata menu bermasalah dsb kecewa dengan pelayanan buruk kalo ada masalah bilang dari awal,2026-01-11T07:12:29.124Z,Fatih,107601801096029571949,False,0,id,2026-05-04T16:55:05.334697
Ci9DQUlRQUNvZENodHljRjlvT2tWUmNrNXZaRGRhUzFWWU16UkRUVEZaVGxwU1dWRRAB,ChIJAbBCpLUZby4R-SD8lh1eAlw,TitikTeh,Kuningan,Kuliner,5,"Tempatnya estetik banget dan bersih. Cocok buat yang suka foto-foto sambil makan cantik. Harga worth it lah ya, makanannya juga enak enak. Stafnya sangat membantu. Sekali Coba, Pasti Ketagihan.",2026-01-10T11:15:58.041Z,Dinneaw Sutharom,112905090126529558999,False,0,id,2026-05-04T16:55:05.334710
Ci9DQUlRQUNvZENodHljRjlvT21kbFJXUndkMDVIVURkVFVHMXRjMU5JVVRWbE5VRRAB,ChIJAbBCpLUZby4R-SD8lh1eAlw,TitikTeh,Kuningan,Kuliner,3,"Mampir ke TitikTeh sambil nunggu steam Mobil. Menyediakan berbagai varian Matcha, kebutulan aku coba Yabuki Iced Latte tapi rasanya kurang cocok di aku. Kurang suka. Dengan harga 40k menurutku cukup pricey sih. Terus pesen mix platter datangnya lama bangeeeet ada kali sejam. Tempatnya luas, banyak kursi-kursi.",2026-01-09T12:08:13.338Z,Ika B Shali,115583473948297892216,True,0,id,2026-05-04T16:55:05.334727
Ci9DQUlRQUNvZENodHljRjlvT2tSTU9HTnJSMjg0V0ZSdVpucE5RMEp2WHpKclMzYxAB,ChIJAbBCpLUZby4R-SD8lh1eAlw,TitikTeh,Kuningan,Kuliner,1,Pelayanan kurang memadai,2026-01-01T08:15:37.199Z,agam aceh,105929756148955388762,False,0,id,2026-05-04T16:55:05.334742
Ci9DQUlRQUNvZENodHljRjlvT21jMU0zQTNiMkpUY3padGMwNXVOQzF6ZFhkTlIxRRAB,ChIJAbBCpLUZby4R-SD8lh1eAlw,TitikTeh,Kuningan,Kuliner,1,"Order bebek sm nasi goreng 13.29 smp 14.41 menu makanan belum keluar juga smp minuman sudah habis
Gak recomended 👎🏻",2026-01-01T07:42:26.999Z,Eko Prihanto,117208291188372616756,True,0,id,2026-05-04T16:55:05.334751
Ci9DQUlRQUNvZENodHljRjlvT2pKRlMxbGZhME5oZUROM1kyOWxaRGh6Y2xaNVpYYxAB,ChIJAbBCpLUZby4R-SD8lh1eAlw,TitikTeh,Kuningan,Kuliner,4,"Bagus banget tempatnya, makanannya 10000000✨ nasi paruh dan matcha nya mantap, mungkin bisa di tingkatkan di kebersihan outdoor dan restroomnya, karna kalau makanan enak tapi kurang bersih. bikin kenyamanan berkurang

Bisa tambahkan wewangian juga ka..

Semoga bisa di tingkatkan lagi ya kebersihannya 🫰🏻✨

Pertama kali ke kuningan ini resto terbaik
👍🏻",2025-12-31T13:09:34.767Z,Desyana Ayunda,100349011932230442447,False,0,id,2026-05-04T16:55:05.334759
Ci9DQUlRQUNvZENodHljRjlvT25sbk1tUklRVlYzVXpkU1IzVTJhRzR5YVRKNVIxRRAB,ChIJAbBCpLUZby4R-SD8lh1eAlw,TitikTeh,Kuningan,Kuliner,5,Tempatnya nyaman bisa bawa anak memberi pakan ikan,2025-12-28T13:41:58.110Z,desy rosalia,115678787947151031772,False,0,id,2026-05-04T16:55:05.334767
ChdDSUhNMG9nS0VJQ0FnTUNZOXB2THR3RRAB,ChIJLREPqvwWby4R8HG60GqruQU,Ayam Goreng Mang Bewok,Kuningan,Kuliner,2,"Ayam goreng nya enak , cma toilet nya aja kurang bersih kaya toilet matrial² gak banget . Pdahal tempat rumah makan harusny untuk kebersihan toilet harusny di jaga .",2025-05-04T08:07:56.710Z,Iyan N (Dhilz),108783471095740874938,True,0,id,2026-05-04T16:55:05.334782
ChZDSUhNMG9nS0VJQ0FnTURBbnAzd2J3EAE,ChIJLREPqvwWby4R8HG60GqruQU,Ayam Goreng Mang Bewok,Kuningan,Kuliner,5,"Dari cirebon ke kuningan buat makan ayam goreng disini, rasa ayam gorengnya enak dagingnya juicy, rekomendasi beli ayam pejantan nya, untuk sambel enak cuma dilidah saya kurang pedas ya sambel nya lebih ke rasa pedas manis, untuk tempat enak luas, saya rekomendasikan makan di bagian belakang karena hawa nya sejuk, jika beruntung kalian bisa liat gunung ciremai secara jelas, untuk tempat stategis karena dijalan utama, untuk harga standar lah",2025-02-09T07:15:32.680Z,Tama Widatama,110910746259092804977,True,0,id,2026-05-04T16:55:05.334804
ChZDSUhNMG9nS0VJQ0FnSURmN2E3c0NREAE,ChIJLREPqvwWby4R8HG60GqruQU,Ayam Goreng Mang Bewok,Kuningan,Kuliner,4,"boleh dong makan ayam goreng disini, enak, nyaman dan terjangkau",2025-01-09T10:01:50.456Z,husnan ganteng,103716474590523561731,True,0,id,2026-05-04T16:55:05.334813
ChZDSUhNMG9nS0VJQ0FnSUNmdF9qZk5nEAE,ChIJLREPqvwWby4R8HG60GqruQU,Ayam Goreng Mang Bewok,Kuningan,Kuliner,5,Rasa ayamnya tetap enak,2025-01-02T13:10:54.529Z,didik purwono,114089195506974804534,True,0,id,2026-05-04T16:55:05.334821
ChZDSUhNMG9nS0VJQ0FnSUNmbGFqSGJ3EAE,ChIJLREPqvwWby4R8HG60GqruQU,Ayam Goreng Mang Bewok,Kuningan,Kuliner,5,Tempat nya strategis,2024-12-31T05:13:38.839Z,Oo Ansori,108587493172032840872,True,0,id,2026-05-04T16:55:05.334838
ChZDSUhNMG9nS0VJQ0FnSUMzeU1DSFF3EAE,ChIJLREPqvwWby4R8HG60GqruQU,Ayam Goreng Mang Bewok,Kuningan,Kuliner,5,"Enak makananya, rasanya engga berubah, cuman tinggal tempatnya saja perlu diperbaiki agar terlihat lebih nyaman dan enak dilihat",2024-11-02T08:14:17.647Z,Taufik S. T,104389809553984083421,True,0,id,2026-05-04T16:55:05.334866
ChdDSUhNMG9nS0VJQ0FnSURINE5HbG13RRAB,ChIJLREPqvwWby4R8HG60GqruQU,Ayam Goreng Mang Bewok,Kuningan,Kuliner,5,Cuma sayang ga ketemu sama mang bewoknya...,2024-09-11T09:15:49.124Z,Atep Ars,105816216541134148682,True,0,id,2026-05-04T16:55:05.334908
ChdDSUhNMG9nS0VJQ0FnSURiaExhOG93RRAB,ChIJLREPqvwWby4R8HG60GqruQU,Ayam Goreng Mang Bewok,Kuningan,Kuliner,4,Lumayan makanannya,2024-08-02T01:51:30.259Z,Fahmi,109149664927644470266,True,0,id,2026-05-04T16:55:05.334940
ChZDSUhNMG9nS0VJQ0FnSURyZ2VuY1RREAE,ChIJLREPqvwWby4R8HG60GqruQU,Ayam Goreng Mang Bewok,Kuningan,Kuliner,5,Pokonya warung makan ini the best deh sajiannya. Untuk masalah harga mah masih terjangkau ga usah khawatir.,2024-07-17T23:30:45.507Z,obi al-ayyubi,115348466704392995529,True,0,id,2026-05-04T16:55:05.334956
ChdDSUhNMG9nS0VJQ0FnSURMaHN5dDZnRRAB,ChIJLREPqvwWby4R8HG60GqruQU,Ayam Goreng Mang Bewok,Kuningan,Kuliner,5,Legend daridulu ter enak sambel nya enakk ayam nya enak semua enak,2024-06-27T08:15:50.814Z,Aprilia Ghaliza,116446420662115106274,True,1,id,2026-05-04T16:55:05.334987
ChZDSUhNMG9nS0VJQ0FnSUR6MS1pSllREAE,ChIJLREPqvwWby4R8HG60GqruQU,Ayam Goreng Mang Bewok,Kuningan,Kuliner,4,Tempat yang cukup nyaman walau sederhana,2024-06-13T04:49:28.393Z,Sarip Priant,108645830504902648350,True,0,id,2026-05-04T16:55:05.335004
