review_id,place_id,place_name,wilayah,kategori,rating,review_text,review_date,reviewer_name,reviewer_id,is_local_guide,likes_count,original_language,scraped_at
Ci9DQUlRQUNvZENodHljRjlvT25KTGFXSmFUbXhIVVd0NkxVNHlkVTVCUVROdWMzYxAB,ChIJ3zdm1HEXby4RwJsGA9nBG50,Sagof Coffee Eatery,Kuningan,Nongkrong,4,"Salah satu tempat makan favorite di kuningan, sagof makanan nya enak enak, anak2 makan ayam goreng juga enak,sambel nya juga banyak,
Tp saya kecewa pas kesana lg, spaghetti nya dingin, mungkin karena lg rame ya, jadi pda sibuk,
Ke 3x nya kesana, saya minta spaghetti nya jgn dingin,
Udh bener spaghetti nya hangat, tp rasa nya kok kya makanan sisa kemarin yg di angetin lg,
Jujur saya kecewa 2x,
Tp meskipun begitu sagof ttp jadi tempat favorite saya,
Mohon di baca dan di evaluasi lg ya pelayanan nya,
Trs pas lg hujan disana cuma ada 1 payung,
Harus nya di banyakin payung nya, biar ngga antri nungguin payung,
Trs mushola nya klo bisa di tutup pinggir pinggir nya, 2 sisi aja di tutup, biar klo pas hujan ngga kebasahan tempat solat nya,
Klo lg pas hujan gede bgt, semua nya basah, cuma tengah aja sedikit yg kering,
Terus min, ini yg penting menurut ku yaa:
Tolong itu yg pasangan, jgn pake meja 2, kasih 1 meja aja buat berdua, supaya yg lain bisa kebagian tempat, klo lg penuh kan harus nunggu orang selesai, tp saya liat, pengunjung yg berdua itu makan tempat bgttt, harus nya 1 meja aja buat berdua min,cukup kok pake 1 meja juga, soal nya saya bbrpa kali datang berdua juga cukup dengan 1 meja dan 2 kursi.
supaya tambah banyak lagi untuk tempat duduk nya, ngga terlalu sedikit.
Soal nya sagof bagus tempat nya, jadi tolong di tambahin lg untuk tempat duduk nya.",2026-04-16T10:32:27.957Z,anggraeni24,109920830999887645645,False,0,id,2026-05-04T16:56:24.747454
Ci9DQUlRQUNvZENodHljRjlvT2tndFlsVlNaVlpNU1ZSR04zcDNSMVpMUkVsM1ZXYxAB,ChIJ3zdm1HEXby4RwJsGA9nBG50,Sagof Coffee Eatery,Kuningan,Nongkrong,5,"Suasananya adem, cocok untuk merefresh otak yg sedang galau.
Pemandangannya juga bagus",2026-04-14T21:54:26.392Z,Risha Husni,114043068499041440527,False,0,id,2026-05-04T16:56:24.747475
Ci9DQUlRQUNvZENodHljRjlvT21oQ1YwRm5lRlJoU21KSVJXcGpTMVJ3TldodVJXYxAB,ChIJ3zdm1HEXby4RwJsGA9nBG50,Sagof Coffee Eatery,Kuningan,Nongkrong,5,Tempat yang nyaman untuk nongkrong ngopi ngemil pemandangan bagus bisa camping juga di sekitarnya udara sejuk,2026-04-14T14:02:54.960Z,J Pamungkas,115540071363502408880,True,0,id,2026-05-04T16:56:24.747485
Ci9DQUlRQUNvZENodHljRjlvT21OcFRuZE5VR0ZMYm1sb1kwVm9XV3M0V1ZoeFIwRRAB,ChIJ3zdm1HEXby4RwJsGA9nBG50,Sagof Coffee Eatery,Kuningan,Nongkrong,5,"Mingguan nya nongki di cafe sagof🤗ayam geprek, pedesan bebek, kopi susu gula aren nya rekomen👍",2026-04-12T16:04:35.251Z,Siti Rumi,112851508207846403337,True,0,id,2026-05-04T16:56:24.747494
Ci9DQUlRQUNvZENodHljRjlvT205a2EzbFdlSEpqUVRRNVNIWm5SWE5GTmpWbk0yYxAB,ChIJ3zdm1HEXby4RwJsGA9nBG50,Sagof Coffee Eatery,Kuningan,Nongkrong,1,"super cozy~ sayangnya.. kalau lama pelayanan sangat bisa dimaklumi karna mungkin ramai, harga? harga buat di yang tempat secozy ini worthit.
pelayanan? HUUUUM minta dibersihkan sekali ada bekas piring piring sama bekas minum saat masnya datang bawa pesanan minuman saya .. dengan nadanya juga saya rasa sopan"" aja minta tolong.. katanya ""iya tunggu sebentar ya kak"" intinya dia mau nganter pesenannya yang lain dlu, ok lah siap gpp.. sampe mas mas kedua dateng bawa makanan. kedua kalinya saya mintatolong bersihkan katanya ""baik tunggu sebentar, setelah saya antar pesenan ini ya kak"" saya jawab ""ok mas siap"" eh..
sampe saya selesai ngopi juga itu gada yang bersihin.. rasanya sebel ya campur aduk, 2kali loh.. dari saya dateng sampe saya pulang. tolong pelayanan lebih ditingkatkan, trimakasih",2026-04-04T16:19:24.930Z,nayla zulfi,111416615509504942598,False,0,id,2026-05-04T16:56:24.747503
Ci9DQUlRQUNvZENodHljRjlvT21RM2VURnhRMEYwYTJJNExXNVBOV0V5UmtweWJIYxAB,ChIJ3zdm1HEXby4RwJsGA9nBG50,Sagof Coffee Eatery,Kuningan,Nongkrong,4,"tempat nya enak nyaman, tidak terlalu ramai, makanan nya enak harganya masih terjangkau, cuma ini aneh banget aku pesen cuma 1 matcha ice tapi ketika di tempat pembayaran di hitung nya 2, lain kali mohon diperhatikan lagi dalam nota pemesanan agar tidak di hitung dobel😅,bukan masalah uang nya, cuma ini yg bakal dipikirkan oleh pelanggan nantinya untuk balik lagi berkunjung atau tidak nya di lain waktu.
terimakasih",2026-03-29T08:41:17.455Z,Bia Robiatul adawiah,104891681672266161461,False,0,id,2026-05-04T16:56:24.747520
Ci9DQUlRQUNvZENodHljRjlvT210dWJVUlhOVkIxTFdwck5tVTNkRk5PY1hFeU1sRRAB,ChIJ3zdm1HEXby4RwJsGA9nBG50,Sagof Coffee Eatery,Kuningan,Nongkrong,3,Rasa makanan b aja,2026-03-24T04:09:23.217Z,Arul Abdilah kudus,109825040385295744269,False,0,id,2026-05-04T16:56:24.747541
Ci9DQUlRQUNvZENodHljRjlvT25STGNFSk5Obk5MTW04MVpqSk5jM1l6VGxkclZFRRAB,ChIJ3zdm1HEXby4RwJsGA9nBG50,Sagof Coffee Eatery,Kuningan,Nongkrong,5,pokok nya syukaaaaaaa,2026-03-23T17:13:18.442Z,Novila Fitricia Anggraeni,106116170070841267121,False,0,id,2026-05-04T16:56:24.747549
Ci9DQUlRQUNvZENodHljRjlvT2pWd1oxRXdaM0JrTTA5aFdGTXdSQzFuWlVGMVNIYxAB,ChIJ3zdm1HEXby4RwJsGA9nBG50,Sagof Coffee Eatery,Kuningan,Nongkrong,1,"Ga usah pada kesini...pelayanannya ga banget .
Makanan datang lama banget keburu maag gue kumat .
Kapok dah ga mau kesini kesini lagi.
Lau bisa itu antara kasir sama yang masak kerja sama yg baik mana yang duluan dtg mana yg baru dtg
Jangan yg baru dtg di layanin duluan makanannya.",2026-03-23T12:53:02.884Z,Anton Ajah,113561032584027993454,False,0,id,2026-05-04T16:56:24.747557
Ci9DQUlRQUNvZENodHljRjlvT2xwcVZuYzFkbk5tYjJKaU0weG9kVmhZVDNsclRrRRAB,ChIJ3zdm1HEXby4RwJsGA9nBG50,Sagof Coffee Eatery,Kuningan,Nongkrong,1,"Pelayanannya engga banget plss, pada jutek judes gitu ga lagi lagi deh😂",2026-03-22T12:05:22.866Z,Rio Septiana,111695739451375982470,False,0,id,2026-05-04T16:56:24.747565
Ci9DQUlRQUNvZENodHljRjlvT2twNldXSlBOelI1WVRKSmNtbzFSRE5QUjFCU1dHYxAB,ChIJC6C1ws4Xby4Rt5L6a2Z44KQ,La-parK Coffee and Resto,Kuningan,Nongkrong,5,"Tempatnya juara, instagramable, pelayanan ramah, makanan enak porsi jumbo",2026-04-25T11:40:17.708Z,Ade Sumantri,100807890642236140543,True,0,id,2026-05-04T16:56:24.747606
Ci9DQUlRQUNvZENodHljRjlvT2xweE5EaHdWM28wTURGdVFWVTBSRnBwTWtkVGRsRRAB,ChIJC6C1ws4Xby4Rt5L6a2Z44KQ,La-parK Coffee and Resto,Kuningan,Nongkrong,5,"Tempatnya nyaman, dan bersih bngt. Untuk rasa menunya juga lumayan enak lah, lahan parkir kendaraan luas. Fasilitas umum ada mushola dan toilet. City light kuningan dan sekitarnya..",2026-03-28T11:50:08.014Z,althaf fharoos,103197361003669071282,True,0,id,2026-05-04T16:56:24.747616
Ci9DQUlRQUNvZENodHljRjlvT2trdFl6VlFXREZoTUZFdFdDMXZjVWhLTlc1R2QxRRAB,ChIJC6C1ws4Xby4Rt5L6a2Z44KQ,La-parK Coffee and Resto,Kuningan,Nongkrong,1,Makanan datang super lama....jgn mau lg dtg kesini pasti kapok kalian... D ulasan banyak komplain lama tapi ga ada tindakan evaluasi.... Untung tmptnya bagus....la kalo tmptnya bagus doang percumah yg d utamain perut dah keroncongan....,2026-03-23T07:44:20.083Z,Yoga Yogi,115651769614376797102,False,0,id,2026-05-04T16:56:24.747631
Ci9DQUlRQUNvZENodHljRjlvT2tRM1NuRmpUVXR4Y2pkdlIzWndTMHRYUVRoVlZsRRAB,ChIJC6C1ws4Xby4Rt5L6a2Z44KQ,La-parK Coffee and Resto,Kuningan,Nongkrong,2,"Payah banget ni cafe n resto .... Yang dapurnya lelet banget masa iya makanan kaga jadi jadi sampe 2 jam lebih... Yang masaknya sedikit apa gimana tolong dong nih yg punya cafe perbaikin lagi....saya dtg ga begitu rame sih aturan cepet lah makanan saya mateng ini apa dahuluin yang lain apa gimana...
Saya liat banyak yang cansel tuh kemarin krna saking lama nya menunggu ...kalo 1 jam oke lah ini 2 jam lebih loh... Dah d tegur berkali kali masi belum jadi .. harus nya bertindak cepet... Jangan bahas makanan meja orang lain... Masa iya harus ngertiin yg awal lebih dtg ya kita sama2 menunggu lama...tingkat kesabaran org beda jgn d samakan restoran yg gede aja ga gini gini amat ko ..ngalah ngalahin restoran gede nunggunya kaya makanan nya enak aja nunggu lama2 heran 🙄
Kecewa banget ckup sekali sih kesini kapok yg lainnya jga mgkin...",2026-03-23T07:36:38.944Z,Anto,110272414659751962132,False,0,id,2026-05-04T16:56:24.747639
Ci9DQUlRQUNvZENodHljRjlvT2tWYVZVMDNUR1ZhVVZCNk56Qm9WWEV6YUV4blUyYxAB,ChIJC6C1ws4Xby4Rt5L6a2Z44KQ,La-parK Coffee and Resto,Kuningan,Nongkrong,2,Tmpat si nyaman tapi pelayanan nya lelet banget.,2026-03-23T06:08:34.819Z,Landri Saputra,116245283139745491137,False,0,id,2026-05-04T16:56:24.747647
Ci9DQUlRQUNvZENodHljRjlvT2psMGRVRTJaalp4TTFSdVRtb3hhR2xPT1hBNU9GRRAB,ChIJC6C1ws4Xby4Rt5L6a2Z44KQ,La-parK Coffee and Resto,Kuningan,Nongkrong,1,"Gak rekomend sumpah demi allah, pesen makan dan minum datang 2-3jam🥵🥵",2026-03-22T11:56:54.397Z,Eka junior,112977149075056324287,False,0,id,2026-05-04T16:56:24.747656
Ci9DQUlRQUNvZENodHljRjlvT2sxVmFrWTBaamgxTWpCU1VWbDVOM3BSYjJkcWFXYxAB,ChIJC6C1ws4Xby4Rt5L6a2Z44KQ,La-parK Coffee and Resto,Kuningan,Nongkrong,1,Pelayanan tidak memuaskan,2026-03-22T10:37:57.605Z,Putri Nadila,105866845440502422979,False,0,id,2026-05-04T16:56:24.747665
Ci9DQUlRQUNvZENodHljRjlvT25scFoycFdhVzkyYzBGVFZsWlBWblY1WHpCV01XYxAB,ChIJC6C1ws4Xby4Rt5L6a2Z44KQ,La-parK Coffee and Resto,Kuningan,Nongkrong,1,Lama banget ngab asli 2jam lebih nunggu,2026-03-22T08:52:41.918Z,Putrra 2005,101974720316371003774,False,0,id,2026-05-04T16:56:24.747673
Ci9DQUlRQUNvZENodHljRjlvT204NWVFTlRlVFZGVVZGdWRIZDZhMGhMYm5BNGRGRRAB,ChIJC6C1ws4Xby4Rt5L6a2Z44KQ,La-parK Coffee and Resto,Kuningan,Nongkrong,1,Saya sebagai pendatang dari jawa tengah....Baru kali ini saya dapat pelayanan buruk...order jam 17:00 tetapi pesanan jam 19:30 belum juga jadi hanya minuman saja...padahal tidak begitu ramai dan cuaca sedang hujan....harusnya lebih cepat disajikan....maaf klau untuk karyawannya ramah sekali akan tetapi ketepatan penyajiannya kurang memuaskan...,2026-03-21T13:33:04.413Z,Hanung chanel,108625728342667384918,False,0,id,2026-05-04T16:56:24.747682
Ci9DQUlRQUNvZENodHljRjlvT25ZemNWbDFka3AyVlROWWVIRjNWamwwWW5KeWRXYxAB,ChIJC6C1ws4Xby4Rt5L6a2Z44KQ,La-parK Coffee and Resto,Kuningan,Nongkrong,5,Suasana malam mantap,2025-06-29T15:22:37.995Z,Deri Ardian,106219174275248989454,True,0,id,2026-05-04T16:56:24.747711
ChZDSUhNMG9nS0VLbTgyTTJiLXREREJREAE,ChIJC6C1ws4Xby4Rt5L6a2Z44KQ,La-parK Coffee and Resto,Kuningan,Nongkrong,1,"Pelayanan sangat mengecewakan, menunggu berjam jam makanan trnyata blm dibuatkan. Kenyang kembung air mineral. Kapok saya",2025-05-11T06:42:12.397Z,Zira Ridwan1,110419058627492557092,False,0,id,2026-05-04T16:56:24.747726
ChZDSUhNMG9nS0VJQ0FnTURJNXRDcFRBEAE,ChIJC6C1ws4Xby4Rt5L6a2Z44KQ,La-parK Coffee and Resto,Kuningan,Nongkrong,1,"Makanannya mh enak, tpi lama bet lama nunggu nya",2025-04-09T10:43:16.616Z,Adee,102618145782547195015,False,0,id,2026-05-04T16:56:24.747741
ChdDSUhNMG9nS0VJQ0FnTUNJajdpal9nRRAB,ChIJC6C1ws4Xby4Rt5L6a2Z44KQ,La-parK Coffee and Resto,Kuningan,Nongkrong,2,"Pertama kalinya riview makanan sampe ke mapsnya wkwk,tempat bagus nyaman bersih, view juga bagus TAPIII pelayanann lamaa bgt pesen jam 13.50 makanan dateng jam 15.20 dan itu baru satu makanan,makanan dteng semua jam 15.40,apa ga kenyang dluann tuh nunggu wkwkk.. perbaiki servicenya dulu lah ya pihak manajemen,posisi ga terlalu ramai padahal.. thxu",2025-04-05T12:39:53.477Z,Rntka,115340464081494363592,False,0,id,2026-05-04T16:56:24.747749
ChZDSUhNMG9nS0VJQ0FnTUNJdWUyV2ZnEAE,ChIJC6C1ws4Xby4Rt5L6a2Z44KQ,La-parK Coffee and Resto,Kuningan,Nongkrong,1,Pesen dari jam 12.09 baru baru Selesai di antar jam 15.00 niat mau makan tau ngantri sembako sampe 3 jam,2025-04-03T09:47:47.970Z,Bella Nuryanti,107457370256584638139,False,0,id,2026-05-04T16:56:24.747758
ChZDSUhNMG9nS0VJQ0FnSURXNktuTlpREAE,ChIJ3zdm1HEXby4RwJsGA9nBG50,Sagof Coffee Eatery,Kuningan,Nongkrong,4,"Tempatnya enak buat chill, dingin dan berkabut",2026-02-22T07:27:54.073Z,Fajar Pratama,105287633149084798361,True,1,id,2026-05-04T16:56:24.747766
Ci9DQUlRQUNvZENodHljRjlvT2tGWWVVWmFjblZKWDBaTWVsSkhSRlJwVm01MlEwRRAB,ChIJ3zdm1HEXby4RwJsGA9nBG50,Sagof Coffee Eatery,Kuningan,Nongkrong,5,"Tempat nongkrong,paling sejuk dan asik
😁",2026-02-16T10:41:50.548Z,Nuriah,112016141181119317313,False,0,id,2026-05-04T16:56:24.747782
Ci9DQUlRQUNvZENodHljRjlvT2tZNVFrTjRiamt3UVVrdFpuSTVhMjExV1VSbE1XYxAB,ChIJ3zdm1HEXby4RwJsGA9nBG50,Sagof Coffee Eatery,Kuningan,Nongkrong,5,"enak banget makanannya apalagi spaghetti carbonara nya ENNNAAAAKKKK BANGETTT,,, tempatnya syahduu suasananya adeemm 🤗🤗",2026-02-14T16:28:48.094Z,ilyas syafei,100834533878765464398,False,0,id,2026-05-04T16:56:24.747790
Ci9DQUlRQUNvZENodHljRjlvT2tFMWRubE9kbTFXV1RCek9VNUdjMHR3WWtSRk1tYxAB,ChIJ3zdm1HEXby4RwJsGA9nBG50,Sagof Coffee Eatery,Kuningan,Nongkrong,4,"Makanan tidak buruk.
Service Ramah tapi pecicilan. Tidak suka!
Suasana nyaman. Tapi karna servicenya kurang jadi gajadi bagus lah.",2026-02-04T10:19:26.592Z,Beta Sane,112872408203370282368,False,0,id,2026-05-04T16:56:24.747805
Ci9DQUlRQUNvZENodHljRjlvT2xJMmFVdDBlbVpGZDJSbmVsOHpSek5PUW1oaGIyYxAB,ChIJ3zdm1HEXby4RwJsGA9nBG50,Sagof Coffee Eatery,Kuningan,Nongkrong,2,"Cukup mengecewakan berkunjung kesini dengan pelayanan yang kurang ramah dan gercep. Datang pagi pagi pas weekdays dimana posisi cafe sedang sepi cuma beberapa pengunjung aja, tapi meja kotor bekas pelanggan sebelumnya tidak segera dibersihkan, padahal beberapa staff terlihat sedang tidak mengerjakan tugas apapun hanya stand by saja. Baru dibersihkan ketika kami minta untuk dibersihkan, itupun hanya diangkut aja piring dan gelasnya tanpa dilap mejanya dengan proper, jelek banget servicenya kaya amatir di bidang FnB. Staffnya juga ngga ramah, jawab seadanya, ngga ada senyum, ngga ada bilang terima kasih, dan ngga ada wifi :)
Makanan so so lah, overprice tapi maklum karena ini jual vibe dan view. Kopinya manis banget ya gila, bahkan kopi instant sachetan pun kalah manis, abis minum kopi langsung pusing karena sugar rush :)

Tolong untuk owner atau pengelola mohon diimprove lagi untuk service dan makanannya.",2026-01-29T08:05:50.086Z,ika putri endahwati,105269734201175941008,False,0,id,2026-05-04T16:56:24.747826
Ci9DQUlRQUNvZENodHljRjlvT2pOMk5qTTJNbFpwVFdvMVQzTkVOMkptY0hVeVUyYxAB,ChIJ3zdm1HEXby4RwJsGA9nBG50,Sagof Coffee Eatery,Kuningan,Nongkrong,5,"kabut tebel sore2 abis ujan, mantap bat suasananya",2026-01-20T09:59:27.097Z,bona.dan.rongrong,107252410668653995087,True,0,id,2026-05-04T16:56:24.747840
Ci9DQUlRQUNvZENodHljRjlvT25odFdrMU5PRzB0TTNCeFJIQlVXVkZWUjJkSWFYYxAB,ChIJ3zdm1HEXby4RwJsGA9nBG50,Sagof Coffee Eatery,Kuningan,Nongkrong,5,"view nya cakep banget apalagi pas hujan, tapi maaf banget banyak lalat di outdoornya. kasih masukan dikit aja ya tolong di setiap meja mending dikasih tissue deh, karna tadi udah banyak lalat, tapi ga disediain tissue. kopi belum habis lalat udah masuk, alhasil ga diminum lagi deh🥲",2026-01-06T18:07:11.608Z,Dhiny Ariestin,110400928881484334312,False,0,id,2026-05-04T16:56:24.747849
Ci9DQUlRQUNvZENodHljRjlvT21oNFJtUkNUVTVqZWtwdE1pMVpVV041YTJoYVptYxAB,ChIJ3zdm1HEXby4RwJsGA9nBG50,Sagof Coffee Eatery,Kuningan,Nongkrong,4,"tempat nya cocok buat melamun, tenang, adem,,",2025-12-23T00:15:00.750Z,ita 002,104305572830731457053,True,0,id,2026-05-04T16:56:24.747897
Ci9DQUlRQUNvZENodHljRjlvT2toa1FtTjZUa1ZQYWpWcE4wOVhSSGRyT0ZacWFXYxAB,ChIJ3zdm1HEXby4RwJsGA9nBG50,Sagof Coffee Eatery,Kuningan,Nongkrong,2,"Cb d perbaiki pelayannya..
Kasir laki2 jutek..d tanya jawabnya ketus..aga lama jg bikkn kopinya..
Untuk maps nya...bisa cb d perbaiki.
Bwt wisatawan,jalurnya sangat rawan.
Karana tanjakan tajam,dan belokan",2025-12-18T04:16:23.087Z,Raden Santoso,118157369849417419011,True,0,id,2026-05-04T16:56:24.747913
Ci9DQUlRQUNvZENodHljRjlvT2tKV1drVk9ObmRWYUVOVk0zQlZTMjFHZDNWVE1FRRAB,ChIJ3zdm1HEXby4RwJsGA9nBG50,Sagof Coffee Eatery,Kuningan,Nongkrong,5,tempat favorite untuk cari ketenangan di tengah kebisingan kota,2025-12-14T17:16:00.495Z,Angga Saputra,107546181446494626742,True,0,id,2026-05-04T16:56:24.747922
ChdDSUhNMG9nS0VJQ0FnTUNJNmJ1b2l3RRAB,ChIJC6C1ws4Xby4Rt5L6a2Z44KQ,La-parK Coffee and Resto,Kuningan,Nongkrong,1,"Pelayanan hancur lebur, 2 jam lbh makanan ga sampe, tutup aja lah ini resto, ga akan pernah kesini lagi",2025-04-03T06:58:38.819Z,Rizka Juniarti,114354162390535094525,False,0,id,2026-05-04T16:56:24.747930
ChdDSUhNMG9nS0VJQ0FnTUNJNmYzbWd3RRAB,ChIJC6C1ws4Xby4Rt5L6a2Z44KQ,La-parK Coffee and Resto,Kuningan,Nongkrong,1,"Kapok datang ksini, mkanan lama dah 2 jam nunggu ga dtg2. Harga beda dg di menu, kapok ga lagi2 kesini",2025-04-03T06:49:39.892Z,Aditya Firdaus,109649926593100423135,True,0,id,2026-05-04T16:56:24.747938
ChZDSUhNMG9nS0VJQ0FnTUNJd2MtSVZBEAE,ChIJC6C1ws4Xby4Rt5L6a2Z44KQ,La-parK Coffee and Resto,Kuningan,Nongkrong,1,lama bgt nunggu Ampe 3 jam makanannya Dateng + makanannya ga sesuai ekspektasi nyesel si udah jauh jauh,2025-04-02T15:16:23.680Z,citra ayu,107574905993012748080,False,0,id,2026-05-04T16:56:24.747946
ChZDSUhNMG9nS0VJQ0FnTUNJX29LRVlnEAE,ChIJC6C1ws4Xby4Rt5L6a2Z44KQ,La-parK Coffee and Resto,Kuningan,Nongkrong,1,Pelayanan sangat lambat yg duluan ga di layan²inn yg baru Dateng langsung di layanin nunggu 2 jam makanan ga dateng²,2025-04-02T10:56:50.585Z,Rahel Saputra,103677950363755034435,False,0,id,2026-05-04T16:56:24.747954
ChZDSUhNMG9nS0VJQ0FnTUNJdnREb1lREAE,ChIJC6C1ws4Xby4Rt5L6a2Z44KQ,La-parK Coffee and Resto,Kuningan,Nongkrong,4,Jalan yang ditempuh cukup extrim,2025-04-02T08:49:15.751Z,Dudung Hartono,100292135213133216383,True,0,id,2026-05-04T16:56:24.747963
ChdDSUhNMG9nS0VJQ0FnTUNJM3ZtTnh3RRAB,ChIJC6C1ws4Xby4Rt5L6a2Z44KQ,La-parK Coffee and Resto,Kuningan,Nongkrong,1,"Kapok buat dateng lagii ,, lama banget makanan nyaa , pesan ayam goreng ayam nyaa keras banget ,, tahu goreng nya kayaa karet ban 😭 kalau tmpt enak buat santai tapi yaa itu dari makanan nyaa",2025-04-02T08:01:57.462Z,Boeng,105996688001379171065,False,0,id,2026-05-04T16:56:24.747971
ChZDSUhNMG9nS0VJQ0FnTUNJM3ViYkhREAE,ChIJC6C1ws4Xby4Rt5L6a2Z44KQ,La-parK Coffee and Resto,Kuningan,Nongkrong,1,"Udah nunggu berjam2 mkanan ga dteng"" giliran minta di take away pesnan mix platted yg di kasih malah pisang keju , ga amanah bangett!!!",2025-04-02T07:38:57.489Z,Nining Suryani,101145319682869774387,False,0,id,2026-05-04T16:56:24.747980
ChZDSUhNMG9nS0VJQ0FnTUNJbnJYRUJREAE,ChIJC6C1ws4Xby4Rt5L6a2Z44KQ,La-parK Coffee and Resto,Kuningan,Nongkrong,1,pertama datang kesini datang makanan nya lama banget 1 jam lebih nunggu sekalinya keluar makanan datang nya satu satu itu pun harus disamperin terus terusan. makanan nya dingin semuaa.,2025-04-02T06:23:24.639Z,Natasya sausan Salsabilla,117255606734981456102,False,0,id,2026-05-04T16:56:24.747988
ChZDSUhNMG9nS0VJQ0FnTUNJLXZhQ0dnEAE,ChIJC6C1ws4Xby4Rt5L6a2Z44KQ,La-parK Coffee and Resto,Kuningan,Nongkrong,1,"Pelayanan sangat lama, pesen jam 12.00 tapi makanan datangnya jam 15.00 ,mana pesenan yg lain di dahulukan di banding pesanan yg pertama posisi resto padahal gak terlalu rame, terus attitude supervisor / (orang agak gendut pakai baju hitam) tolong di perbaiki lagi masa customer komplen sikap dia cuman bilang terserah gada kata maap²nya. Di makanan masa dikasih nasi yg keras ga layak buat di makan.. Tolong buat manager nya perhatikan lagi supervisor nya attitude suruh   di perbaiki",2025-04-01T11:28:15.979Z,Fazar Raenaldi,106343417619804286209,False,0,id,2026-05-04T16:56:24.748002
ChdDSUhNMG9nS0VJQ0FnTUNJLW82NDhRRRAB,ChIJC6C1ws4Xby4Rt5L6a2Z44KQ,La-parK Coffee and Resto,Kuningan,Nongkrong,1,"Kalo lo punya penyakit MAG dan ASAM LAMBUNG JANGAN MAKAN DI SINI
LAMA BANGET 1 MENU 2 JAM YANG ADA PENYAKIT LO KUMAT apa lagi ke situ udh lapar siap siap aja deh lo pingsan nunggu nya lama 🤮🥵",2025-04-01T11:14:44.365Z,DEW CHANNEL,103249247196363572252,False,0,id,2026-05-04T16:56:24.748016
ChdDSUhNMG9nS0VJQ0FnTUNJLXJ5QXRRRRAB,ChIJC6C1ws4Xby4Rt5L6a2Z44KQ,La-parK Coffee and Resto,Kuningan,Nongkrong,1,"Pelayanan sangat mengecewakan, pesanan baru sampe 3 jam setelah pesan. Itu juga kita yang nyamperin untuk tanya pesanan kita",2025-04-01T10:57:31.048Z,Ariff Mulyana,117260990853664078618,False,0,id,2026-05-04T16:56:24.748024
ChZDSUhNMG9nS0VJQ0FnTUNRNjdya0dnEAE,ChIJC6C1ws4Xby4Rt5L6a2Z44KQ,La-parK Coffee and Resto,Kuningan,Nongkrong,1,"Makanannya tidak recommended,tidak ada rasanya.
Pelayanan lamaaaaa......
Pelayanan mengecewakan, orang yang pesan setelah saya malah dilayani lebih dulu.
Harga juga tidak sesuai dengan yg dibuku menu.",2025-03-07T06:51:46.697Z,Ida Anie,112390106838696750826,False,0,id,2026-05-04T16:56:24.748031
ChZDSUhNMG9nS0VJQ0FnTURBM1l6UUJnEAE,ChIJC6C1ws4Xby4Rt5L6a2Z44KQ,La-parK Coffee and Resto,Kuningan,Nongkrong,4,Suasana nya beneran wow...,2025-02-11T07:57:58.654Z,Faisal Basarah,112817963192275713643,True,0,id,2026-05-04T16:56:24.748039
ChZDSUhNMG9nS0VJQ0FnSURfNzlLZVpREAE,ChIJC6C1ws4Xby4Rt5L6a2Z44KQ,La-parK Coffee and Resto,Kuningan,Nongkrong,1,"Transaksi menu jam 15.44, makanan full datang di jam 17.40. Luar biasa itu juga di tongkrongin, mungkin jadi bahan evaluasi kepada jajaran pengurusnya. Karna pelayanan customer no 1.

(Kondisi tidak begitu ramai)",2025-01-28T09:21:17.143Z,Fakhziar Anwar,101102662984713824300,False,0,id,2026-05-04T16:56:24.748047
ChZDSUhNMG9nS0VJQ0FnSURfODZYN0pBEAE,ChIJC6C1ws4Xby4Rt5L6a2Z44KQ,La-parK Coffee and Resto,Kuningan,Nongkrong,1,Makanannya lama banget datang. Hampir 2 jam. Meja sekitar datang terakhir malah duluan sampai mereka dah selesai kami belum dapat makanan,2025-01-27T01:24:37.842Z,agus restia,106752823138515297466,True,0,id,2026-05-04T16:56:24.748056
ChdDSUhNMG9nS0VJQ0FnSURfX2N6OTRBRRAB,ChIJC6C1ws4Xby4Rt5L6a2Z44KQ,La-parK Coffee and Resto,Kuningan,Nongkrong,1,"Singkat padat dan jelas :
order 1 menu bisa sampe 2 jam nunggu
makanan enak + viewnya bagus",2025-01-26T13:23:03.334Z,Gempar Hadi,100428361733502064249,False,0,id,2026-05-04T16:56:24.748071
ChZDSUhNMG9nS0VJQ0FnSURfX1lTSURREAE,ChIJC6C1ws4Xby4Rt5L6a2Z44KQ,La-parK Coffee and Resto,Kuningan,Nongkrong,1,"makanan sangat lama, nunggu sampai 1 jam lebih",2025-01-26T13:16:45.108Z,Chunchun maru,100061703889303712168,False,0,id,2026-05-04T16:56:24.748079
Ci9DQUlRQUNvZENodHljRjlvT25kYWNFMWhjR1JVT0RoS1p6bG5ZVkZMVTFReVltYxAB,ChIJ3zdm1HEXby4RwJsGA9nBG50,Sagof Coffee Eatery,Kuningan,Nongkrong,4,"Tempatnya cozy banget, cafe di kelilingi pohon pinus. View pegunungan dan waduk darma.
Kopinya enak, wangi, harga affordable. Rekomendasi kopi tubruk buat yg suka kopi ""strong"".  Makannya juga enak, Ayam cabai ijonya mantap, porsi banyak.",2025-12-14T09:10:55.151Z,Dwi Pangestu,103429250004627089139,True,0,id,2026-05-04T16:56:24.748087
Ci9DQUlRQUNvZENodHljRjlvT21Od1ltVTBlV1YwTlZWcU1rVjNVakZDUVc0MFRuYxAB,ChIJ3zdm1HEXby4RwJsGA9nBG50,Sagof Coffee Eatery,Kuningan,Nongkrong,5,Ditemani istri tercinta dengan Suasana kabut dan turun hujaan tempat dan makanannya best bgt,2025-12-14T06:31:25.392Z,Anggi januar pribadi,111930760360410343197,False,0,id,2026-05-04T16:56:24.748094
Ci9DQUlRQUNvZENodHljRjlvT2kxcVp6TnJiMjgwU1dwd1ZUazNlVkZIY2poaE5FRRAB,ChIJ3zdm1HEXby4RwJsGA9nBG50,Sagof Coffee Eatery,Kuningan,Nongkrong,5,"Tempat sangat bersih, yg buat ga bersih adalah pengunjung yg ngerokok krn super mengganggu. Tp yaudah ini kan tempat umum. Pegawainya sangat ramah, kamar mandi tersedia dan saluuut bersih bgt! Bener2 diperhatiin closet duduk maupun jongkok, yg paking buat kagum sabun cuci tangannya beneran sabun cuci tangan, bukan pake sunlight, tersedia mushola juga. Wifi juga ada, sebelahan sm camping gorind, jd buat kamu yg mau camp disini gausah bawa makanan deh krn enak bgt tinggal turun dan order😍

Surprisingly makanan enak semua!!!! Besttttt
Kopinya juga ga asal buat krn pake mesin yg proper, ga nyesel bgt kesini!!!",2025-12-11T17:17:26.020Z,Hi sar,116684262967972606337,True,0,id,2026-05-04T16:56:24.748102
Ci9DQUlRQUNvZENodHljRjlvT2xSQlR6SnFVM055V0ZReWIweHVRa2wxVjFNeGIzYxAB,ChIJ3zdm1HEXby4RwJsGA9nBG50,Sagof Coffee Eatery,Kuningan,Nongkrong,5,"Kalau saja makanannya ga enak, saya kasih bintang 1, selain karena mahal juga pelayannya tidak murah senyum, pelit ucap terima kasih setelah bayar dan setelah kita selesai mau pulang. Tidak gercep bersihkan bekas alat, sisa makanan & sampah pengunjung yang makan sebelumnya. Minim tempat sampah dan sampah dibiarkan berserakan ga segera dibersihkan. Tempat tidak sebesar yg dibayangkan, perbaiki pelayanan kalian sebelum diserbu bintang 1. Untuk makanan dan view rekomended. Buka Senin–Jumat pukul 10:00–19:00 WIB, Sabtu pukul 09:00–21:00 WIB, dan Minggu pukul 08:00–20:00 WIB. Saran aja kalau mau dtg jgn Weekend (Sabtu-Minggu), selain ramai, jg ada pos pungli semacam tiket masuk dr oknum preman warga sebesar 25rb di jalan sebelum masuk area yg ada Curug Landung, Botanica, Sagof, dll, pdhl tiket parkir masuk ke area Sagof yg jg menyatu dgn area Bumi Perkemahan, hanya Rp. 5.000 yg dikelola Bumdes. Datanglah jam 15an, lbh baik pas mendung. Agar biaya masuk tidak membengkak jd 30rb. Soal harga makanan lumayan mahal, kalian bisa lihat di foto menu. Tp bagi yg punya cukup uang dan bertujuan untuk healing serta ingin punya dokumentasi foto-foto dgn view bagus, gass aja. Dr arah Cirebon via jalur Cirendang, Gunungkeling lalu lewat jalan baru yg berujung pertigaan, belok kanan, lewati Arunika terus ikutin jalan atau buka Google Map untuk panduan arahnya. Selamat mencoba.",2025-12-09T13:26:24.301Z,Koko Kusdiyanto,115546449073680619031,True,0,id,2026-05-04T16:56:24.748116
Ci9DQUlRQUNvZENodHljRjlvT25kbk1FY3lNazR3UW5aVFF6WnZaVXhwV1ZsWlQwRRAB,ChIJ3zdm1HEXby4RwJsGA9nBG50,Sagof Coffee Eatery,Kuningan,Nongkrong,5,"Seru, sampe sana hujan rintik2
Makanan enak tp agak pricy, nunggu pesenan sampe perut bunyi 😁✌🏻",2025-11-25T14:37:59.349Z,Yulia Fitri,115018207651271152581,False,0,id,2026-05-04T16:56:24.748131
Ci9DQUlRQUNvZENodHljRjlvT2xCRGFXNWpUMmxoY0VNd2VuWkZORVZmYWtsc1ZHYxAB,ChIJ3zdm1HEXby4RwJsGA9nBG50,Sagof Coffee Eatery,Kuningan,Nongkrong,5,"makannannya enak , pemandangannya dapet , cuma kayaknya harus banyakin lilin di meja atau alat untuk ngusir lalatnya ... ckup lumayan bnyk",2025-11-02T05:47:51.154Z,Firdaus Hidayat,110416438905262547000,True,0,id,2026-05-04T16:56:24.748138
Ci9DQUlRQUNvZENodHljRjlvT21WbExWQjBOR2x5WjJaa1EyUkZWa00yVXpsUFdHYxAB,ChIJ3zdm1HEXby4RwJsGA9nBG50,Sagof Coffee Eatery,Kuningan,Nongkrong,5,"Gue kasih bintang 5 sebagai respect gue ke service yang udah dikasih segenap karyawan di weekend yang rame pengunjung.

Ada 1 hal yang bangke banget, cewek gue kena cat calling tukang parkir pas dia lagi touch up di musholla. Dia bilang di-siul-siulin yg bikin dia ga nyaman. Pas gue tau cerita itu kang parkirnya udah ga ada dan gue juga ga mau ramein karena pengunjung kalian lagi banyak-banyaknya.

Buat owner atau manajemen, kalo kalian biarin hal gini terjadi lagi suaru saat gue yakin kena getahnya usaha kalian, ntah kejadian sama customer yg lebih bar-bar atau istri orang ber-power.",2025-10-27T15:12:41.318Z,Marlboro Bolong,114481706727735804123,False,0,id,2026-05-04T16:56:24.748153
Ci9DQUlRQUNvZENodHljRjlvT25WdFYwUTNVelZsUTJ4RlJuaEtXSGxtWDBFMVYzYxAB,ChIJ3zdm1HEXby4RwJsGA9nBG50,Sagof Coffee Eatery,Kuningan,Nongkrong,5,Oke untuk refreshing dari tangerang,2025-10-22T05:20:54.699Z,Ari Piton,104338683010477812172,True,0,id,2026-05-04T16:56:24.748162
Ci9DQUlRQUNvZENodHljRjlvT21GRlJTMVNjak5WUXpKbk1HVkVOR05oTVVvMWVIYxAB,ChIJ3zdm1HEXby4RwJsGA9nBG50,Sagof Coffee Eatery,Kuningan,Nongkrong,5,"Sejuk, bisa pilih lokasi makan indoor maupun outdoor. Spaghetti carbonara-nya juara. Bebeknya enak sih. Cuman terlalu kering gorengnya.. Bisa lah ya, rikwes ga terlalu kering. Bakminya juga lumayan..
Porsi nasi lumayan banyak.. 😅😅",2025-10-18T06:35:02.127Z,Dian Qonitatun,112437924405130478515,True,0,id,2026-05-04T16:56:24.748170
ChdDSUhNMG9nS0VJQ0FnSURfN2V6X3B3RRAB,ChIJC6C1ws4Xby4Rt5L6a2Z44KQ,La-parK Coffee and Resto,Kuningan,Nongkrong,2,"pelayanan lama banget, lelet",2025-01-26T07:35:19.219Z,Khanayya Achimo,100542508959014030570,False,0,id,2026-05-04T16:56:24.748177
ChdDSUhNMG9nS0VJQ0FnSURfN2NDR2dRRRAB,ChIJC6C1ws4Xby4Rt5L6a2Z44KQ,La-parK Coffee and Resto,Kuningan,Nongkrong,1,makanan nya keluarnya lama banget udah nanya terus katanya sebentar lagi tapi udah 1 jam lebih nunggu yang keluar cuma nasi goreng itu juga dingin makananya.,2025-01-26T07:16:11.998Z,Arin Zhafriha,117415948297968459166,False,0,id,2026-05-04T16:56:24.748185
ChdDSUhNMG9nS0VJQ0FnSURmcTVtRy1nRRAB,ChIJC6C1ws4Xby4Rt5L6a2Z44KQ,La-parK Coffee and Resto,Kuningan,Nongkrong,4,"sayaa senang makan di sini tapi jam dengan cincin emas saya tertinggal di meja,mungkin itu kesalahan dari saya sendiri karna teledor dan untuk bahan makanan terutama seafood bisa di jaga lebih baik ya, soal nya saya makan pasta ternyata udang nya udah sedikit nga enak (basi) untuk harga wit",2025-01-10T10:10:37.624Z,Qian Rizki,109246327423690548959,False,0,id,2026-05-04T16:56:24.748199
ChZDSUhNMG9nS0VJQ0FnSURmell1NWZBEAE,ChIJC6C1ws4Xby4Rt5L6a2Z44KQ,La-parK Coffee and Resto,Kuningan,Nongkrong,4,"View nya cantik bgt,tpi sayang nya harga menu di buku menu sama harga pas bayar banyak yg beda, apalagi per spaghetti an..mohon pihak lapark and resto merevisi kembali buku menunya.",2025-01-09T06:39:16.642Z,Fariedha Berkah99,105324398216993965675,True,0,id,2026-05-04T16:56:24.748206
ChZDSUhNMG9nS0VJQ0FnSUNmcDgzSk5REAE,ChIJC6C1ws4Xby4Rt5L6a2Z44KQ,La-parK Coffee and Resto,Kuningan,Nongkrong,4,"Pemandangan ok, makanan juga enak, tp harga di buku menu sama real beda, spt per-spaghettian, sama biaya ppn yg terlalu mahal dan di bebankan ke pembeli yg kurang gimana gitu, sptnya kalau ppn gak di tanggungkan ke pembeli bakalan worth it bgt",2025-01-02T07:47:45.655Z,ASHFARN 97,110797949344819091353,True,0,id,2026-05-04T16:56:24.748214
ChdDSUhNMG9nS0VJQ0FnSUNmNDQzMi13RRAB,ChIJC6C1ws4Xby4Rt5L6a2Z44KQ,La-parK Coffee and Resto,Kuningan,Nongkrong,1,Pelayanan lama masa pesan makanan sudah nunggu 1 jam yang terakhir Dateng sudah pada pulang masa saya harus nunggu 1 jam lagi padahal saya bawa keluarga,2025-01-01T07:10:05.340Z,Jaenal Abidin,109947372809037799046,False,0,id,2026-05-04T16:56:24.748226
ChdDSUhNMG9nS0VJQ0FnSUNmNDdXQl93RRAB,ChIJC6C1ws4Xby4Rt5L6a2Z44KQ,La-parK Coffee and Resto,Kuningan,Nongkrong,4,"Datang saat ramai ramainya pengunjung karena sedang momen tahun baru, meja kursi tidak terlalu penuh, tapi pelayanannya sangat lambat dan lama sekali. Beberapa menu sudah habis termasuk menu andalan resto, Rasa makanan biasa saja, fasilitas resto standart. Tidak menerima debit, untungnya sudah support QRISH. Semoga bisa meningkatkan pelayanan baik high season maupun low season.",2025-01-01T07:08:30.407Z,Dyah Ayu,116457733497701231645,True,0,id,2026-05-04T16:56:24.748234
ChZDSUhNMG9nS0VJQ0FnSUNmdnNQM0lREAE,ChIJC6C1ws4Xby4Rt5L6a2Z44KQ,La-parK Coffee and Resto,Kuningan,Nongkrong,1,"Kalo bukan karna numpang parkir gara2 penuh di botanika ga kepikiran sama skali buat mampir kesini,,
Sbenernya tempat dan makanan dari rasa dan harganya sudah lumayan baik , tapi pelayanannya gak sama sekali hampir 2 jam dari pembayaran makan belum dtg,, stelah diantarpun masih ada beberapa yg mash harus nunggu utk diantar.. Alasanya klasik sama spt ulasan sblmnya.. Nota ga naik ke atas .. Konyol bgt ihh....
Tolong diperbaiki pelayananya biar ga bikin kapok.",2024-12-29T13:31:50.853Z,Indah Listiawati,112632253221911734158,False,0,id,2026-05-04T16:56:24.748242
ChdDSUhNMG9nS0VJQ0FnSUNmbnBYeTNBRRAB,ChIJC6C1ws4Xby4Rt5L6a2Z44KQ,La-parK Coffee and Resto,Kuningan,Nongkrong,2,"Parkir luas, rasa makanan cukup enak tapi pelayanan sangat lambat pesan 1 menu lamanya 2 jam, nasi Masih mentah, untuk atmosphere viewnya bagus",2024-12-29T10:16:17.764Z,Nia Esteriyanah,112419244885274963762,True,0,id,2026-05-04T16:56:24.748250
ChZDSUhNMG9nS0VJQ0FnSUNmbnVEdVJBEAE,ChIJC6C1ws4Xby4Rt5L6a2Z44KQ,La-parK Coffee and Resto,Kuningan,Nongkrong,1,"lama banget,lelet. bilangnya nunggu 10 menit taunya 2jam.",2024-12-29T09:07:01.517Z,Sylvia Azzahra,113922449924845566025,False,0,id,2026-05-04T16:56:24.748259
ChdDSUhNMG9nS0VJQ0FnSUNmN3RLZ2hRRRAB,ChIJC6C1ws4Xby4Rt5L6a2Z44KQ,La-parK Coffee and Resto,Kuningan,Nongkrong,2,"Viewnya dpt tapi, Lama banget nunggu makanan sampe hampir 2 jam..
Bikin kapok 🤬",2024-12-29T07:43:35.929Z,Ghifri Yani,110884961695089649517,False,0,id,2026-05-04T16:56:24.748267
Ci9DQUlRQUNvZENodHljRjlvT25OeFNsTmpZV2x4YUVGblRIbDJkMWhYUW5nMmFtYxAB,ChIJSfI9Y_AZby4R9D18-CDHQkI,DH Garden (Cafe&Resto),Kuningan,Nongkrong,5,"DH GARDEN adalah tempat wisata dengan pasilitas yg memadai, cocok untuk liburan keluarga, harga tiket yg murah dan nyaman",2026-04-05T12:31:19.030Z,enggun saptaria,112705412225640494590,True,0,id,2026-05-04T16:56:24.748284
Ci9DQUlRQUNvZENodHljRjlvT2w4eGQxQnBkWE5RU0haVmJWQkxZbWxRVkRaTFZGRRAB,ChIJSfI9Y_AZby4R9D18-CDHQkI,DH Garden (Cafe&Resto),Kuningan,Nongkrong,5,"Ini Wisata nyaman si suasana syahdu dan HTM murah.
Tiket masuk dewasa 15 anak anak 10 sudah free kolam,kalau asa ulasan jelek Sudah pasti si sama wisata sebelah",2026-03-29T04:42:42.913Z,Madsuni Dhika,106114217877603646428,True,0,id,2026-05-04T16:56:24.748292
Ci9DQUlRQUNvZENodHljRjlvT25WMFExOVBjRVZHYzI1UmFHSXdYekJVU1UxUFlsRRAB,ChIJSfI9Y_AZby4R9D18-CDHQkI,DH Garden (Cafe&Resto),Kuningan,Nongkrong,1,pelayanan nya kurang sesuai dan pelayanan nya lambat,2026-03-26T02:31:10.645Z,Safira,107178084905652920660,False,0,id,2026-05-04T16:56:24.748300
Ci9DQUlRQUNvZENodHljRjlvT2xNNUxYSm9NSGxSVUV4dVIyOUVRbmxQYW1keWFXYxAB,ChIJSfI9Y_AZby4R9D18-CDHQkI,DH Garden (Cafe&Resto),Kuningan,Nongkrong,1,"pesenan dtgnya lama, ditungguin drtd, bilangnya ga masuk di bill, pdhl udh bayar, di refund tp ga full, gatau ga full / emang salah kasir di awal",2026-03-23T08:58:07.855Z,revanda avrelindaaa,111454855850282873009,False,0,id,2026-05-04T16:56:24.748308
Ci9DQUlRQUNvZENodHljRjlvT25aekxYbENaR0o0UjE5MlkwTmxNMEZIWmtZd1lVRRAB,ChIJSfI9Y_AZby4R9D18-CDHQkI,DH Garden (Cafe&Resto),Kuningan,Nongkrong,5,View sangat bagus...,2025-12-20T05:14:01.274Z,deden pramiadi,116441604587651566651,True,0,id,2026-05-04T16:56:24.748356
Ci9DQUlRQUNvZENodHljRjlvT25KWVN6WmtjelZwVEZCM1RVcGlSMmR5VFV4NGRGRRAB,ChIJSfI9Y_AZby4R9D18-CDHQkI,DH Garden (Cafe&Resto),Kuningan,Nongkrong,5,Tempat santai dengan pemandangan indah,2025-11-23T14:12:30.262Z,HARYANTO haryanto,106312800798108630178,True,0,id,2026-05-04T16:56:24.748378
Ci9DQUlRQUNvZENodHljRjlvT2xCa1JHVXdOV2xmUTFkSVIwcHVVVGhtWXpGMWJXYxAB,ChIJSfI9Y_AZby4R9D18-CDHQkI,DH Garden (Cafe&Resto),Kuningan,Nongkrong,5,"The real hidden gem; letaknya di atas bukit, jadi pemandangannya Masya Allah indah banget. Fasilitasnya juga Masya Allah cukup lengkap, mulai dari tempat makan, penginapan, kolam renang, mushola, dan spot foto yang Masya Allah bagus banget. Tiket masuknya juga Masya Allah murah meriah. Tapi untuk pilihan menu makanannya memang terbatas ya, jadi ga banyak pilihan. Dan closed order itu biasanya di jam 8 malam ya. Jadi kalo ke sini buat sekedar nongki ataupun mau makan malam, sebaiknya jangan terlalu malam, karena bisa tidak kebagian order makanan ataupun minuman.",2025-11-18T02:34:46.119Z,Rosa M Kasih,104839357915901118746,True,0,id,2026-05-04T16:56:24.748387
Ci9DQUlRQUNvZENodHljRjlvT21KRE5GUk5NR2hYWjFwRVJFVjBOME52Vm1wZmVHYxAB,ChIJSfI9Y_AZby4R9D18-CDHQkI,DH Garden (Cafe&Resto),Kuningan,Nongkrong,5,"Tempatnya bagus, nyaman bersih dengan pemandangan view gunung ciremai",2025-11-12T14:58:24.112Z,muhamad fedri,117752475587608240054,True,0,id,2026-05-04T16:56:24.748396
ChZDSUhNMG9nS0VJQ0FnSUREeDV6ckFREAE,ChIJSfI9Y_AZby4R9D18-CDHQkI,DH Garden (Cafe&Resto),Kuningan,Nongkrong,5,Jalan agak extreem nanjak banget 45⁰ tapi ga sia² tempatnya indah bangeeets ..,2025-10-28T09:31:10.246Z,Abdul By,110148076021238680074,True,3,id,2026-05-04T16:56:24.748404
Ci9DQUlRQUNvZENodHljRjlvT2sxeldXNDVORlF3T0VNMFNVd3lVVGxoYjJaVGVuYxAB,ChIJSfI9Y_AZby4R9D18-CDHQkI,DH Garden (Cafe&Resto),Kuningan,Nongkrong,5,"Kami bermalam di Villa Bougenvile. Villa utk 4-5 orang max 7 orang. Villa nya bagus & nyaman utk ditempati. Masih bagus & kondisi bersih terawat. Pelayanan ramah. Ada kolam renang, spot photo yg menarik. Recomended tempat nya. Utk masuk area DH garden jalan nya menanjak tajak. Tapi terbayarkan saat masuk ke area DH Garden. Insya Allah lain waktu ke sini lagi.",2025-08-24T06:04:09.365Z,sri suharti,118304038058960151798,False,0,id,2026-05-04T16:56:24.748425
Ci9DQUlRQUNvZENodHljRjlvT2xadmNrNXFSa1pTTFZOT1ZWRXdkMUJEYzFsamVVRRAB,ChIJRXIC-jEZby4Rvh4tSV-rWdQ,Kangen Oemah Kayoe,Kuningan,Nongkrong,5,"Penginapan dengan konsep seperti rumah joglo, view gunung ciremai",2026-03-04T21:18:24.009Z,Bagja Jay,118408807968685362778,True,0,id,2026-05-04T16:56:24.748433
Ci9DQUlRQUNvZENodHljRjlvT2s5WVJsbENSMGRzZERsR1ZGQmtWM1Z2WlhkdU5VRRAB,ChIJRXIC-jEZby4Rvh4tSV-rWdQ,Kangen Oemah Kayoe,Kuningan,Nongkrong,4,"Lokasi jauh banget dari kota ternyata, jadi ini tuh di kaki gunung Ciremai. Kalo malem mending jangan keluar deh😅 jalannya gelaaap banget g ada penerangan, hanya sedikit, jd nglewatin hutan2 gtu. Kcuali kalo kalian naik mobil kyknya aman, tp kalo naik motor, bkin berdoa setiap jalan.
Kondisi di tmpt penginapannya oke, ada air panas nya, cuman saran nya, kan yang kesitu mungkin ga semua naik mobil, ada yang naik motor juga (mungkin), jalan ke kamar dan di depan dekat caffe nya berlumut parah, mungkin bisa d sikat, dihilangkan itu lumut2nya, sangat berbahaya sekali kalau sampai terjatuh, apalagi kalau ada lansia, kita maklumi kalau sering hujan, dan justru kalau sering hujan, alangkah lebih baik nya di sikat lumut2 jalannya biar tidak licin.. itu aja sih, overall bagus banget kalau yang pengen nyari ketenangan, tempat ini cocok, sangat sepi jauh sekali dari keramaian..",2026-02-16T09:25:05.917Z,Mayra,111440775409977849610,True,1,id,2026-05-04T16:56:24.748443
Ci9DQUlRQUNvZENodHljRjlvT2xabmJuQjFlVEZLVEhNM1YxcHdhRUpRYm0xWGRsRRAB,ChIJRXIC-jEZby4Rvh4tSV-rWdQ,Kangen Oemah Kayoe,Kuningan,Nongkrong,4,"Akses jalan menuju lokasi lumayan jauh, untuk wisatawan yg ingin ketenangan lokasi ini sangat cocok.",2026-01-11T12:38:54.309Z,Moriz Noari,112829964171406181123,True,0,id,2026-05-04T16:56:24.748452
Ci9DQUlRQUNvZENodHljRjlvT25Vd1dWWkpaakI0WDFjdFZFdFRObkJyTUhOSlpHYxAB,ChIJRXIC-jEZby4Rvh4tSV-rWdQ,Kangen Oemah Kayoe,Kuningan,Nongkrong,5,Nyaman bgt tempatnya,2026-01-06T08:46:32.598Z,Nia Tour,102711488587215193048,False,0,id,2026-05-04T16:56:24.748460
Ci9DQUlRQUNvZENodHljRjlvT21odGFXTTFOak52YlZoeVlVbEhTVkpqYmpGaFkwRRAB,ChIJRXIC-jEZby4Rvh4tSV-rWdQ,Kangen Oemah Kayoe,Kuningan,Nongkrong,5,"Tempatnya homey, adem dan lokasi jg gampang di jangkau, pelayananya jg cepet",2026-01-06T00:04:38.824Z,Nila Ridyantari,116060466175420788108,False,0,id,2026-05-04T16:56:24.748467
Ci9DQUlRQUNvZENodHljRjlvT2pjd2RuVnhVbkZyWjJKdlIyeGljVzlTVmxGNGJuYxAB,ChIJRXIC-jEZby4Rvh4tSV-rWdQ,Kangen Oemah Kayoe,Kuningan,Nongkrong,5,"Salah satu penginapan dengan view, pelayanan dan makanan minuman yang baik sekali 👍👍👍👍👍 suasana dan sambutan oleh teteh dan Aa nya yang serasa keluarga sendiri bikin betah dan next insyaaAllah mau ke sini lagi 😊 makanan minumannya enak semua, palaing favorite bakmi jawa dan pisang gorengnya. Untuk kopi semua yang dicoba rasanya enak 🫰Ada fasilitas jeep untuk offroad juga, drivernya jago dan ramah. So far sangat memuaskan dengan fasilitas dan pelayanan dari Kangen Oemah Kayoue. Hatur nuhun.",2026-01-05T03:12:11.336Z,Arum Dwidayanti,111579688305350785134,True,0,id,2026-05-04T16:56:24.748474
Ci9DQUlRQUNvZENodHljRjlvT2pkYVFYQnNUMjFOWnpNelJqQlhaMDFsVDFWMVYwRRAB,ChIJRXIC-jEZby4Rvh4tSV-rWdQ,Kangen Oemah Kayoe,Kuningan,Nongkrong,5,"Penginapan yg pas utk menepi dr hirukpikuknya kota, pemukiman terakhir dibawah kaki gunung cermai, dikelola langsung oleh pemiliknya yg sangat humble, jgn khawatir susah cari makan disana ada restonya sampe jam 9 malam lengkap dr cemilan sampe makan berat... semoga bisa balik lg dan naik jeep dengan beda rute 🤩🤩🤩",2025-12-31T10:49:20.322Z,Aku Kamu,100154101734057566133,True,0,id,2026-05-04T16:56:24.748482
Ci9DQUlRQUNvZENodHljRjlvT2xjeWRuVm5abGhmVGtnMU9VaG1TbEJ2V2xoa2RWRRAB,ChIJRXIC-jEZby4Rvh4tSV-rWdQ,Kangen Oemah Kayoe,Kuningan,Nongkrong,5,"Tempat yg nyaman untuk istirahat, semalaman ac dimatikan krna tanpa ac pun sdh dingin dimalam hari, mandi tersedia air panas dan dingin, makanan di cafe resto enak, pelayanan ramah. Lokasi mudah dijangkau dengan pemandangan yg hijau, Next akan menginap lagi.",2025-10-31T08:25:40.145Z,Hana Puspita,107252296039720349350,False,0,id,2026-05-04T16:56:24.748496
ChdDSUhNMG9nS0VJQ0FnTUNBcDVmYnNRRRAB,ChIJRXIC-jEZby4Rvh4tSV-rWdQ,Kangen Oemah Kayoe,Kuningan,Nongkrong,5,"ok bangeeed tempat nya...bikin Mata Adem hati tenang..pemandangan ciremainya top banget..Pelayanan yang memuaskan👍👍👍.area luas bisa bikin buat acara weeding dan acara keluarga,acara club,acara komunitas,,,ada music nya,ada offroadnya,ada ATV juga..pokoke pool abis..nanti bakal kesana Lagi,,bareng keluarga lagi..keluargaku suka banget di ajak ke Oemah Kayoe......Sukses selalu Oemah Kayoe👍👍👍",2025-08-02T13:15:22.083Z,Heroe Wahyudi,108883420724395874772,False,0,id,2026-05-04T16:56:24.748523
Ci9DQUlRQUNvZENodHljRjlvT21obU4xVkxlbEZvV2xoMVltODVaamswVWpWWGIxRRAB,ChIJRXIC-jEZby4Rvh4tSV-rWdQ,Kangen Oemah Kayoe,Kuningan,Nongkrong,5,"Tempat nya luas dan nyaman, sejuk asri banget.. makanan nya enak2, kamar nya nyaman. Recomended lahh pokoknya pelayanan nya juga oke, baik dan ramah2",2025-08-02T11:18:27.036Z,Anny Wida,109137098116110798606,False,0,id,2026-05-04T16:56:24.748531
Ci9DQUlRQUNvZENodHljRjlvT2xwQlkwbHhRVkptV1VGWWVrZEJSMFZwU25aa1NWRRAB,ChIJRXIC-jEZby4Rvh4tSV-rWdQ,Kangen Oemah Kayoe,Kuningan,Nongkrong,5,"Pertama kali nginep di sini, suasananya tenang, nyaman, area luas dan kamarnya utamanya bisa untuk 8 orang dewasa. Ada sarapan pagi juga. Makanan nya rasa bintang 5 harga kaki 5.",2025-08-02T05:35:33.598Z,E. Danayuda,111080052595703502060,False,0,id,2026-05-04T16:56:24.748538
Ci9DQUlRQUNvZENodHljRjlvT2pKUlZWaHdaazExUlZwWk5uZE9TRzVGZDJKa1VYYxAB,ChIJRXIC-jEZby4Rvh4tSV-rWdQ,Kangen Oemah Kayoe,Kuningan,Nongkrong,5,Nice place for staycation ❤️,2025-08-02T05:21:19.489Z,milla sylviana,113962383507356877514,False,0,en,2026-05-04T16:56:24.748546
Ci9DQUlRQUNvZENodHljRjlvT2pKcE1GQm9XbEp1UkVsTVptOXdVSGgxZVVwbU9XYxAB,ChIJRXIC-jEZby4Rvh4tSV-rWdQ,Kangen Oemah Kayoe,Kuningan,Nongkrong,5,"Pelayanan memuaskan, fasilitas terpenuhi harga terjangkau dengan udara segar dan pemandangan yang indah",2025-08-02T05:16:08.805Z,Ricky Yunia,115117061107700739018,False,0,id,2026-05-04T16:56:24.748554
Ci9DQUlRQUNvZENodHljRjlvT25oVWRFRnFTRkZwZFhwTVF6SjVaVEZrWVRSdlIzYxAB,ChIJRXIC-jEZby4Rvh4tSV-rWdQ,Kangen Oemah Kayoe,Kuningan,Nongkrong,5,Suasana adem  harga pas pelayanan memuaskan puas baget liburan bareng keluarga besar,2025-08-02T05:15:00.809Z,Imas Siti,109935351434791709424,False,0,id,2026-05-04T16:56:24.748563
Ci9DQUlRQUNvZENodHljRjlvT2kxTGVGSnFZVzVJYjJwT1lqTnhNelYyYjBWaFVsRRAB,ChIJRXIC-jEZby4Rvh4tSV-rWdQ,Kangen Oemah Kayoe,Kuningan,Nongkrong,5,"nice place, clean room, the staff very friendly and helpful, the air is so refreshing, best place for healing, very recommended👍",2025-08-02T05:13:48.585Z,Sazkia Arina,102848275754393263868,False,0,en,2026-05-04T16:56:24.748571
Ci9DQUlRQUNvZENodHljRjlvT21kTVNVZERXV3gxWTNkb1NEZDZaekJsUm5BMVJFRRAB,ChIJRXIC-jEZby4Rvh4tSV-rWdQ,Kangen Oemah Kayoe,Kuningan,Nongkrong,5,"Tempat penginapan paling recommend
Tempatnya adem, bikin betah, view langsung gunung Ciremai,, berasa pulang kampung,jadi ga mau pulang,, bikin mata segeeerr, pelayanan okee banget",2025-08-02T02:47:00.521Z,Sri Ratnawati,111219952453012918162,False,0,id,2026-05-04T16:56:24.748579
ChdDSUhNMG9nS0VJQ0FnTURJMnVfanlnRRAB,ChIJSfI9Y_AZby4R9D18-CDHQkI,DH Garden (Cafe&Resto),Kuningan,Nongkrong,4,"Tempatnya bersih, jalan curam gaes enaknya bawa motor
Konsep resto jadi gak boleh bawa makanan dateng jam 10 resto belum buka, pesanan datang jam setengah 12
Semua karyawannya ramah
Untuk tempatnya oke kolam renangnya saja yg kurang terawat kotor dan aliran airnya gak deras
Ada rencana mau nginep disini cuma ragu, semoga nanti kolamnya sudah ada perawatan lebih lanjut",2025-04-09T03:12:34.062Z,Innayatul Maula,113823348136415398442,False,0,id,2026-05-04T16:56:24.748624
ChdDSUhNMG9nS0VJQ0FnTUNJcXZDeWl3RRAB,ChIJSfI9Y_AZby4R9D18-CDHQkI,DH Garden (Cafe&Resto),Kuningan,Nongkrong,5,Bagus pemandangannya buat kumpul bareng keluarga atau teman. Toilet bersih.,2025-04-01T03:05:27.527Z,Budi Prasetyo,117166143836093363218,True,0,id,2026-05-04T16:56:24.748632
ChZDSUhNMG9nS0VJQ0FnTURncmZIZ0ZREAE,ChIJSfI9Y_AZby4R9D18-CDHQkI,DH Garden (Cafe&Resto),Kuningan,Nongkrong,5,"Lokasi nyaman, ada penginapan, kolam renang, gim, tempat makan dll.  Namun akses jalan ke lokasi perlu ada tambahan petunjuk arah tambahan, di lokasi pintu masuk untuk mobil dan motor cukup menanjak, jadi harus hati hati untuk berkendara dari pintu masuk lokasi ke tempat parkirnya. Tambahan persiapkan stamina juga",2025-02-26T15:44:33.168Z,Eka Yohana,116666948309398229216,True,0,id,2026-05-04T16:56:24.748647
ChZDSUhNMG9nS0VJQ0FnTURBdnZlNlFREAE,ChIJSfI9Y_AZby4R9D18-CDHQkI,DH Garden (Cafe&Resto),Kuningan,Nongkrong,5,"Tempatnya nyaman, ramah anak, kolamnya jg bersih",2025-02-09T10:31:40.663Z,diana agustina,105418543250595856226,False,0,id,2026-05-04T16:56:24.748661
ChZDSUhNMG9nS0VJQ0FnTURBLXBURVhBEAE,ChIJSfI9Y_AZby4R9D18-CDHQkI,DH Garden (Cafe&Resto),Kuningan,Nongkrong,4,"HTM 15k ada taman, kolam renang 2, view gunung & pedesaan.
Konsepnya Resto gitu jadi ga boleh bawa makanan dari luar.
Klo mau ke waterboom bayar lagi 10k/org, ada prosotan pelangi juga 5k.
Ada Villa & glamping nya juga, harga mulai 600-1.200 tergantung type.

Enak, adem, sejuk, sunyii, hidden gem.

Tapi klo mau parkir ke atas hati"" yaa ada tanjakan curam langsung 3x sikuu.

Cuma agak ngeri aja karna diatas bukit, jdi ada beberapa spot langsung jurang yaa (gak rata).

Makanya banyak anak tangga, lumayan sehatlah😀",2025-02-08T11:39:21.538Z,Frinda Jeane,113667186189883609586,True,0,id,2026-05-04T16:56:24.748670
ChZDSUhNMG9nS0VJQ0FnSUNma3JmUldBEAE,ChIJSfI9Y_AZby4R9D18-CDHQkI,DH Garden (Cafe&Resto),Kuningan,Nongkrong,5,"Suasana bagus
Tata letak bagus
Parkir cukup
Jalan menuju lokasi hanya cukup untuk 1 mobil
Makanan dan minuman cukup enak dan harga sesuai
Spot foto berlimpah kalau cuaca cerah
Musholla kalau bs diperluas krn pd saat pengunjung banyak jd antri utk ibadah",2024-12-27T14:52:33.042Z,Kotak Furniture and Interior,103851437462930337249,True,1,id,2026-05-04T16:56:24.748692
ChZDSUhNMG9nS0VJQ0FnSUN2NFBiM0lREAE,ChIJSfI9Y_AZby4R9D18-CDHQkI,DH Garden (Cafe&Resto),Kuningan,Nongkrong,5,"Nginep disini gaesssss, Mantulllll",2024-12-07T04:46:18.165Z,Krista Dedy Prasetiyo,102486717380249945900,True,0,id,2026-05-04T16:56:24.748700
ChdDSUhNMG9nS0VJQ0FnSUNwNzVlUW5BRRAB,ChIJSfI9Y_AZby4R9D18-CDHQkI,DH Garden (Cafe&Resto),Kuningan,Nongkrong,5,Suasananya enak buat bawa keluarga,2024-11-07T03:57:00.929Z,Erik Amikiswara,104718167498062964291,True,1,id,2026-05-04T16:56:24.748715
Ci9DQUlRQUNvZENodHljRjlvT2xac2JEVTRUamQ2WTNrMlZISnpUM2xpYWxoWFUwRRAB,ChIJRXIC-jEZby4Rvh4tSV-rWdQ,Kangen Oemah Kayoe,Kuningan,Nongkrong,5,tempat nya luas banget kamar&wc nya juga bersihh banget pada wangi pelayanan cepat dan ramah puass banget deh ke sini😍,2025-08-02T02:45:22.986Z,Njes Jasmin,104083647605025919381,False,0,id,2026-05-04T16:56:24.748736
Ci9DQUlRQUNvZENodHljRjlvT21sMU1TMVphRFYyTkhVek9EazFTbU5UVmtOa1ptYxAB,ChIJRXIC-jEZby4Rvh4tSV-rWdQ,Kangen Oemah Kayoe,Kuningan,Nongkrong,5,"Mantaappp🔥🔥 tempatnya asri, adem ayem, cocok untuk liburan bareng keluarga, teman, bestii👍 banyak spot foto bagus2 jugaa estetik gak kalah sama penginapan2 mewah, vibes nya alam bangett jalan dikit bisa liat gunung ciremai. Bikin betah kalo udh disini gak mau pulang hehe, topp lah pokoknya makanan minuman nya juga enakk bangett. Recomended lahh bintang 100⭐️⭐️⭐️⭐️⭐️",2025-08-02T02:16:17.123Z,Nadia Nur Azzahra,109686795429782658591,False,0,id,2026-05-04T16:56:24.748744
Ci9DQUlRQUNvZENodHljRjlvT2pOV1luVkxkRGRRY0RSTmMzVlhSRGhVTFhvNWVuYxAB,ChIJRXIC-jEZby4Rvh4tSV-rWdQ,Kangen Oemah Kayoe,Kuningan,Nongkrong,5,"Tempatnya nyaman dan tenang banget, family friendly.",2025-08-02T02:00:03.032Z,Selly Nurheliyanti,100884073125048794582,True,0,id,2026-05-04T16:56:24.748752
Ci9DQUlRQUNvZENodHljRjlvT2swM2JVVmhOVnB2YTA1SFlrdG1OVFExWkZCR00xRRAB,ChIJRXIC-jEZby4Rvh4tSV-rWdQ,Kangen Oemah Kayoe,Kuningan,Nongkrong,5,Makanannnya enak enak2 murah dan terjangkau . Rekomended banget sih,2025-07-28T05:16:12.842Z,Kamal Harnowo,111856003399591868118,False,0,id,2026-05-04T16:56:24.748761
Ci9DQUlRQUNvZENodHljRjlvT201UVowYzVjamRQWWpKc1pWSXphMDFJVVVSbFdWRRAB,ChIJRXIC-jEZby4Rvh4tSV-rWdQ,Kangen Oemah Kayoe,Kuningan,Nongkrong,5,The best accommodation that I ever had 👌,2025-07-27T00:33:25.674Z,KARTIKA VIFTIYANTI,116863155760126030062,False,0,en,2026-05-04T16:56:24.748769
Ci9DQUlRQUNvZENodHljRjlvT2s5R1EweFJPVXh1VnpGSlZqWk5OVFZwVTNCWVRrRRAB,ChIJRXIC-jEZby4Rvh4tSV-rWdQ,Kangen Oemah Kayoe,Kuningan,Nongkrong,5,"Rekomendasi tempat santai, nyaman, tentram, sejuk, asri nan indah. suasana yang benar² menyejukkan hati, kangen oemah kayoe solusinya",2025-07-19T12:29:57.125Z,Naufal Basith,105353839937350843652,False,0,id,2026-05-04T16:56:24.748776
Ci9DQUlRQUNvZENodHljRjlvT25oUFMwcHBXRUpzTW1wMWQweFNRMGRZUW1WSE9FRRAB,ChIJRXIC-jEZby4Rvh4tSV-rWdQ,Kangen Oemah Kayoe,Kuningan,Nongkrong,5,Mantap kelas king,2025-07-19T12:29:24.672Z,Nabil Hamdi,112437617274970948908,False,0,id,2026-05-04T16:56:24.748784
Ci9DQUlRQUNvZENodHljRjlvT21aVGRVZHhNbUpvUzJoSExWQTFZVGw2VEdZdFRFRRAB,ChIJRXIC-jEZby4Rvh4tSV-rWdQ,Kangen Oemah Kayoe,Kuningan,Nongkrong,5,"tempatnya adem dan sejuk, apalagi dekat dengan kaki gunung ciremai,, POKONAMAH MANTAPSSS👍",2025-07-19T12:28:14.067Z,Prince Tachi,107523544405446012582,False,0,id,2026-05-04T16:56:24.748792
Ci9DQUlRQUNvZENodHljRjlvT2tKQlpHdG9TVFF3TFdKZk1tRjJjREY2V25OQk5XYxAB,ChIJRXIC-jEZby4Rvh4tSV-rWdQ,Kangen Oemah Kayoe,Kuningan,Nongkrong,5,Enak banget tempatnya juga cozy dan adem,2025-07-19T12:27:53.529Z,Raditya Nugraha,101690098304630092790,False,0,id,2026-05-04T16:56:24.748800
Ci9DQUlRQUNvZENodHljRjlvT21kaFIyRXpaVFZ2VkRGclVWaHNWaTFFWmtWUk5VRRAB,ChIJRXIC-jEZby4Rvh4tSV-rWdQ,Kangen Oemah Kayoe,Kuningan,Nongkrong,5,"terbaik emg tempat nya sangat asri damai segar, orangnya ramah, pokoknya terbaik lah",2025-07-19T12:24:22.956Z,Muh Alfarizi,109118580655961110301,False,0,id,2026-05-04T16:56:24.748807
ChZDSUhNMG9nS0VJQ0FnTURvOU0zV0ZBEAE,ChIJRXIC-jEZby4Rvh4tSV-rWdQ,Kangen Oemah Kayoe,Kuningan,Nongkrong,5,Mantap penginapan terbaik!,2025-06-30T22:55:42.640Z,Yoyon Suharyono,111714114228081542772,False,0,id,2026-05-04T16:56:24.748828
Ci9DQUlRQUNvZENodHljRjlvT2tkS09WVlNRbU5TUVU1alNFOUZTMnBrVVVOQ1VFRRAB,ChIJRXIC-jEZby4Rvh4tSV-rWdQ,Kangen Oemah Kayoe,Kuningan,Nongkrong,5,"Tempat penginapan rekomendasi banget buat acara keluarga maupun kantor, udara lumayan dingin, pelayanannya sangat ramah dan familiar, menu makanan nusantara enak, harga ramah dikantong tidak terlalu mahal, pokoknya recomanded & worth it banget tempat penginapan kangen oemah kayu ini🙏🏻🙏🏻❤️❤️👍👍
Bakal menginap kesini lg klo ada acara liburan di daerah kuningan atau Cirebon dan sekitarnya🙏🏻👍👍👌👌",2025-06-17T05:04:24.690Z,Iwan winarko (IWO),108498258074170365447,True,0,id,2026-05-04T16:56:24.748836
ChZDSUhNMG9nS0VPV0cwOXlZNUwzVGJBEAE,ChIJRXIC-jEZby4Rvh4tSV-rWdQ,Kangen Oemah Kayoe,Kuningan,Nongkrong,5,"pelayanananya over the top👍🏻 tempatnya nyaman, bersih, kamarnya luas. keluar beberapa langkah langsung bisa lihat gunung ciremai, kalo malem ada suara katak, syahdu bgt.",2025-06-16T07:21:43.915Z,Evi Ramawati,106273325568330108820,False,0,id,2026-05-04T16:56:24.748844
ChZDSUhNMG9nS0VLLWQ3S3Z3dzlhaVNREAE,ChIJRXIC-jEZby4Rvh4tSV-rWdQ,Kangen Oemah Kayoe,Kuningan,Nongkrong,5,"Ayo nginap di kangen omah kayoe, dekat wisata Trijaya, suasananya sejuk",2025-06-15T01:24:12.299Z,Tri Parmono,105749179732667515364,False,0,id,2026-05-04T16:56:24.748852
Ci9DQUlRQUNvZENodHljRjlvT25aZlNFdExOVXhEZWtvMlh6SmpjVVowTmtaTGMyYxAB,ChIJRXIC-jEZby4Rvh4tSV-rWdQ,Kangen Oemah Kayoe,Kuningan,Nongkrong,5,"Suasana dan pelayanannya sangat bagus, mantap banget disini",2025-06-15T01:19:01.230Z,Deny Hermawan,105194138753968343101,False,0,id,2026-05-04T16:56:24.748859
ChZDSUhNMG9nS0VPNnp0ZU93LTViT2R3EAE,ChIJRXIC-jEZby4Rvh4tSV-rWdQ,Kangen Oemah Kayoe,Kuningan,Nongkrong,5,"Tempatnya aesthetic cocok untuk berwisata bersama keluarga…
Pelayanan sangat baik makanan minuman enak dan murah,,akses untuk menuju lokasi mudah dilalui rute aman dan disuguhkan pemandangan indah di sepanjang jalan…. KEREN!!!",2025-06-15T00:42:50.328Z,Puji Hastuti,110543046879660254074,False,0,id,2026-05-04T16:56:24.748867
Ci9DQUlRQUNvZENodHljRjlvT2s1cVdraDFTakJSUjBWT2NtSkNSa1JzUkMxamEyYxAB,ChIJRXIC-jEZby4Rvh4tSV-rWdQ,Kangen Oemah Kayoe,Kuningan,Nongkrong,5,"Enak banget tempatnya, cocok untuk bersantai karena tempatnya nyaman, sejuk dan pemandangan sekitarnya indah banget.",2025-06-15T00:39:35.716Z,septiani01,104104351954736475599,False,0,id,2026-05-04T16:56:24.748875
Ci9DQUlRQUNvZENodHljRjlvT21sbFVYSktVVzV6Tm10WldVdHJOV3RUYVU1cmNtYxAB,ChIJRXIC-jEZby4Rvh4tSV-rWdQ,Kangen Oemah Kayoe,Kuningan,Nongkrong,5,"bintang 5 buat Kangen Oemah Kayoe, bersih, nyaman, fasilitas juga lumayan lengkap, rekomenn❤️❤️",2025-06-13T06:03:47.965Z,Nopal Arya,117151557437578882186,False,0,id,2026-05-04T16:56:24.748895
ChdDSUhNMG9nS0VJQ0FnSURuZzg2cWp3RRAB,ChIJSfI9Y_AZby4R9D18-CDHQkI,DH Garden (Cafe&Resto),Kuningan,Nongkrong,5,"Masakannya lezat nikmat, hieginis",2024-10-09T07:34:15.516Z,Ali Kamali MA.,111290278247469067382,True,0,id,2026-05-04T16:56:24.748913
ChZDSUhNMG9nS0VJQ0FnSURudnZ5d1ZREAE,ChIJSfI9Y_AZby4R9D18-CDHQkI,DH Garden (Cafe&Resto),Kuningan,Nongkrong,5,"Sangat memuaskan.... Tempat sangat indah dan asri alam'y , tempat tdk terlalu jauh dari jalan besar, kamar lengakp dan bersih, pas datang disambut dan dibantu u bawa barang"", sangat menyenangkan dan membuat happy semua, pokok nya sangat rekomendid u acra klrga kecil atau rombongan klrga besar, atau pun kegiatan dgn crew",2024-10-06T09:00:08.178Z,Mira Juita,107226993548395923867,False,1,id,2026-05-04T16:56:24.748922
ChdDSUhNMG9nS0VJQ0FnSURub3VTSnNnRRAB,ChIJSfI9Y_AZby4R9D18-CDHQkI,DH Garden (Cafe&Resto),Kuningan,Nongkrong,5,"Salah satu tempat rekreasi di daerah Linggarjati Kab Kuningan, ada tempat penginapan - villa, kolam renang dan cafe",2024-10-04T13:15:39.637Z,Alexandro J. Utji,113420963886250146209,True,0,id,2026-05-04T16:56:24.748930
ChdDSUhNMG9nS0VJQ0FnSURIM3NUbXRnRRAB,ChIJSfI9Y_AZby4R9D18-CDHQkI,DH Garden (Cafe&Resto),Kuningan,Nongkrong,2,"Pelayanan kurang, makanan dan minuman mahal. Ditambah rasa minuman yg kurang terasa.",2024-09-16T10:40:20.440Z,Abduh Haeri,108027869378696811255,False,0,id,2026-05-04T16:56:24.748945
ChdDSUhNMG9nS0VJQ0FnSURidHBmQWlBRRAB,ChIJSfI9Y_AZby4R9D18-CDHQkI,DH Garden (Cafe&Resto),Kuningan,Nongkrong,4,"View'y bagus bgt..
Cm butuh perjuangan bwt mencapai kolam renang..
Sayang'y ga sepaket ma waterboom anak..
Msti bayar tiket masuk lg..",2024-08-05T09:21:23.229Z,Rita Rahmawati,106055530798237633953,False,0,id,2026-05-04T16:56:24.748974
ChZDSUhNMG9nS0VJQ0FnSUNibjZMcWJnEAE,ChIJSfI9Y_AZby4R9D18-CDHQkI,DH Garden (Cafe&Resto),Kuningan,Nongkrong,4,"Bagus tempatnyaaaa
View nya jg OK banget",2024-07-31T12:15:19.901Z,Cicih Anissah,104799739255661090082,True,0,id,2026-05-04T16:56:24.748982
ChdDSUhNMG9nS0VLU3k2OGo2bHFPcXRRRRAB,ChIJRXIC-jEZby4Rvh4tSV-rWdQ,Kangen Oemah Kayoe,Kuningan,Nongkrong,5,"tempatnya terawat bangett, asri terus juga adem. pokoknya gabakal kecewa sih kalo nginep disini",2025-06-13T06:03:33.612Z,Muhammad Farel Awaluddin,100609545956089813940,False,0,id,2026-05-04T16:56:24.748997
ChZDSUhNMG9nS0VJeks5WXFDbjZQeEpBEAE,ChIJRXIC-jEZby4Rvh4tSV-rWdQ,Kangen Oemah Kayoe,Kuningan,Nongkrong,5,"penginapan ternyaman menurutku. pelayanannya ramah, terus jugaa suasananya enakk bangett🤩🤩",2025-06-13T06:02:24.379Z,Fajar Kiki Setiawan,114429694435043693516,False,0,id,2026-05-04T16:56:24.749004
Ci9DQUlRQUNvZENodHljRjlvT25sek5tSXhNRWxZYWxGV2JFVjVVMmR6VFU4M1pGRRAB,ChIJRXIC-jEZby4Rvh4tSV-rWdQ,Kangen Oemah Kayoe,Kuningan,Nongkrong,5,"Namanya kaki gunung Ciremai pasti rute lumayan nanjak.. tapi aman kok mudah dilalui,, pelayanan terbaik.. harga murah makanan enak,, satset dan gercep juga.. keren ga nyesel staycation disini 👍",2025-06-07T07:51:06.452Z,Aira Nayara,110675178178466648259,False,0,id,2026-05-04T16:56:24.749012
ChZDSUhNMG9nS0VLM1Z3NF9NdDZuYVd3EAE,ChIJRXIC-jEZby4Rvh4tSV-rWdQ,Kangen Oemah Kayoe,Kuningan,Nongkrong,5,"Hotel terbaik.. bersih.. nyaman,, terawat... Suasana syahdu.. berada di kaki gunung Ciremai,, rute aman kok jalan landai dan rata.. mantap pokoknya 👍",2025-06-07T07:36:46.464Z,Felisya laura Audrey,107170101150151238100,False,0,id,2026-05-04T16:56:24.749019
ChZDSUhNMG9nS0VKcUg5b3VteFl6Q0JnEAE,ChIJRXIC-jEZby4Rvh4tSV-rWdQ,Kangen Oemah Kayoe,Kuningan,Nongkrong,5,"Cuma mau bilang MANTAP! keren banget berasa ada di negeri dongeng... Suasana asik bgt,, berasa menyatu dengan alam... Apalagi ada Jeep adventure.. berasa banget berpetualang nya... Seru banget sih.. keren!",2025-06-07T04:15:54.473Z,Kerta yuda 1234,109794045897398726664,False,0,id,2026-05-04T16:56:24.749027
Ci9DQUlRQUNvZENodHljRjlvT2s1VVJ6TnZORTFSWVZCd1puWmtSMmMwUmxSclFuYxAB,ChIJRXIC-jEZby4Rvh4tSV-rWdQ,Kangen Oemah Kayoe,Kuningan,Nongkrong,5,"Untuk yang suka stay tenang, adem, dan serasa dirumah nenek di kampung, tempatnya cocok bgt. Lokasinya udh paling atas, bener2 dibawah kaki gunung. Jalan menuju tempatnya sebenernya ada jalan besarnyaa, cuman waktu itu karena dari Cirebon diarahinnya lewat jalan yg luar biasa 😅 tapi ketika sampai tempatnya, duuuhhh❤️❤️",2025-06-07T01:49:22.202Z,Zahwa Putri Permata Sari,118055937878540471881,False,0,id,2026-05-04T16:56:24.749034
ChZDSUhNMG9nS0VJcWhpSjZHMlBfMEN3EAE,ChIJRXIC-jEZby4Rvh4tSV-rWdQ,Kangen Oemah Kayoe,Kuningan,Nongkrong,4,"Its 3,5 from me.

Bapak ibu yang mau kesini, silakan dipertimbangkan untuk kesini gak terlalu malem karena rutenya agak ngeri. Alias gelap dan sepi banget. Bukan gelap lagi sih, banyak jalan yang gak ada lampunya.

Agak sedikit bingung, udah di kaki gunung tapi panas. Gak dingin sama sekali.

Buat area penginapannya, akan lebih indah kalau lebih di maintain mungkin yaa. Tapi ok sih. Memang kalau di dlm joglo terasa gelap dan remang. Terus temenku komen juga kalau terasa lembab. Karena gak ada ventilasi.

Kasurnya empuk sih enak nyaman. Cuma karena atasnya atap kayu langsung, gak keliatan ada binatang apa ngga, karena gelap juga. Beberapa kali kejatuhan tai cicak kasunya wkwkwkwk, terus ada remah remah kayu gitu juga di kasur.

Airnya enak dingin bangetttt.",2025-06-06T10:20:31.181Z,Dian Juliana,108669095803145087467,True,0,id,2026-05-04T16:56:24.749042
ChdDSUhNMG9nS0VJanhnSWUwajVqVnBnRRAB,ChIJRXIC-jEZby4Rvh4tSV-rWdQ,Kangen Oemah Kayoe,Kuningan,Nongkrong,5,"Vibesnya spt drumah nenek…menepi dari ramainya kota cocok bgt dong kemari,nyaman dan tenang…pelayanannya gercep,ramah,cafe masakannya juga enaaak….",2025-05-18T06:53:45.417Z,Dian Fitria,109068568450695510197,False,0,id,2026-05-04T16:56:24.749050
ChZDSUhNMG9nS0VJQ0FnTURJMnFyYmRBEAE,ChIJRXIC-jEZby4Rvh4tSV-rWdQ,Kangen Oemah Kayoe,Kuningan,Nongkrong,5,"Makanan dan minuman nya enak², pelayanan nya juga cepat dan ramah², worth it bgtt",2025-04-09T02:05:18.686Z,Butterfly,115220900396220991797,False,0,id,2026-05-04T16:56:24.749058
ChdDSUhNMG9nS0VJQ0FnTURJa3ZXWnpRRRAB,ChIJRXIC-jEZby4Rvh4tSV-rWdQ,Kangen Oemah Kayoe,Kuningan,Nongkrong,5,"tempatnya enak, nyaman juga",2025-04-08T13:14:10.085Z,arina dahayu,106289927198589543702,False,0,id,2026-05-04T16:56:24.749066
ChdDSUhNMG9nS0VJQ0FnTURJeExqMnZBRRAB,ChIJRXIC-jEZby4Rvh4tSV-rWdQ,Kangen Oemah Kayoe,Kuningan,Nongkrong,5,"Tempat terbaik sih ini.. pelayanan satset gercep & profesional, tempatnya enak buat barbeque'an kambing guling bahkan sekedar ngopi santai... Bikin betah nyaman banget...",2025-04-07T05:13:25.402Z,adel lia,110385749586507521991,False,0,id,2026-05-04T16:56:24.749074
ChdDSUhNMG9nS0VJQ0FnTURJLUx1UHh3RRAB,ChIJRXIC-jEZby4Rvh4tSV-rWdQ,Kangen Oemah Kayoe,Kuningan,Nongkrong,5,"tempat ter the best tepat di kaki Gunung Ciremai suasananya sejuk dingin banget.. habis hujan berkabut sungguh pemandangan yang ga bakalan ditemukan di perkotaan...
Nyaman banget subhanallah,, betah pelayanan full service ga mengecewakan... Mantap",2025-04-07T02:26:25.941Z,Nina sapitri Sapitri,113722228262951680846,False,0,id,2026-05-04T16:56:24.749082
Ci9DQUlRQUNvZENodHljRjlvT2pCMlZXeEZZMmxzVG0xaWJqSkpiMDFtZVU1SFgyYxAB,ChIJa9u9R1EVby4RJz_NDGxOf9k,Kopi PONO Kuningan,Kuningan,Nongkrong,4,"Bosan dengan di wilayah kota, nyoba ngafe di PONO. Kebetulan siang hari, jadi cukup sepi. Menunya standar untuk cafe, ada kopi, matcha, dll. Kemudian menu foodnya yang kami pesan dari golongan pastry dan platter.

Tempatnya nyaman, tapi bagi yang mau kena impact AC adem pilih bawah. Lantai kedua karena dekat dapur lumayan berisik dengan alat. Sementara lantai tiga menawarkan roof top yang mungkin bakal terasa bagus saat malam hari.

Harga di sini bersaing, parkiran cukup muat lah untuk motor dan mobil. Karena dekat komplek perumahan, jadi kadang terkesan sunyi.",2026-03-09T14:04:55.978Z,Melody AMPv,111966367119530477307,True,0,id,2026-05-04T16:56:24.749090
ChZDSUhNMG9nS0VJQ0FnSUNfa0liRkdBEAE,ChIJa9u9R1EVby4RJz_NDGxOf9k,Kopi PONO Kuningan,Kuningan,Nongkrong,5,Kopi Pono kuningan kopinya sangat enak,2025-01-12T00:18:04.055Z,Arief Hidayat,107204248108228643364,True,0,id,2026-05-04T16:56:24.749121
ChZDSUhNMG9nS0VJQ0FnSUMzLWNfSVZnEAE,ChIJa9u9R1EVby4RJz_NDGxOf9k,Kopi PONO Kuningan,Kuningan,Nongkrong,5,"Makanannya enak, tempatnya juga bersih, lokasi pinggir jalan mudah di akses",2024-11-07T07:42:40.870Z,Nurul Andarwati,110362150769460143983,True,0,id,2026-05-04T16:56:24.749129
ChZDSUhNMG9nS0VJQ0FnSURqMXQtN09BEAE,ChIJa9u9R1EVby4RJz_NDGxOf9k,Kopi PONO Kuningan,Kuningan,Nongkrong,5,"Rekomendasi cafe enak, di tengah kota suasananya enak buat nongkrong bareng temen dan buat ngerjain tugas.
Fasilitas nya lengkap ada toilet, dan musholla
Pelayanannya oke",2024-05-02T23:18:31.249Z,Syifa Hindun,100580205220594752713,True,0,id,2026-05-04T16:56:24.749157
ChdDSUhNMG9nS0VJQ0FnSURqblBDMjZRRRAB,ChIJa9u9R1EVby4RJz_NDGxOf9k,Kopi PONO Kuningan,Kuningan,Nongkrong,4,"Salah satu coffee shop di Kuninhan yang punya rooftop yang nyaman! Pesan waffle with ice cream dan hot chocolate nya, enak semua! Rooftopnya adem dan comfy buat ngobrol lama sama teman!",2024-04-30T13:07:39.240Z,Nurlita Putri,107704552411338665169,True,1,id,2026-05-04T16:56:24.749170
ChdDSUhNMG9nS0VJQ0FnSUQ5ajRTTGp3RRAB,ChIJa9u9R1EVby4RJz_NDGxOf9k,Kopi PONO Kuningan,Kuningan,Nongkrong,5,Mantap banget dah pokoknya,2024-03-22T10:37:02.017Z,Dyandy,113521614447276243336,False,0,id,2026-05-04T16:56:24.749184
ChZDSUhNMG9nS0VJQ0FnSUQ1bXNUcEZnEAE,ChIJa9u9R1EVby4RJz_NDGxOf9k,Kopi PONO Kuningan,Kuningan,Nongkrong,5,"Seru Beautyclassnya , bnyak merk terkenal juga",2023-10-23T02:02:59.152Z,Filla Marsela,114284118330755613173,False,0,id,2026-05-04T16:56:24.749210
ChdDSUhNMG9nS0VJQ0FnSURwMExIRzR3RRAB,ChIJa9u9R1EVby4RJz_NDGxOf9k,Kopi PONO Kuningan,Kuningan,Nongkrong,5,Makanan enak tempat suasana bagus enak,2023-08-14T15:55:41.106Z,Vann,106327226346325340039,True,0,id,2026-05-04T16:56:24.749224
ChZDSUhNMG9nS0VJQ0FnSUNKdFlmSExnEAE,ChIJa9u9R1EVby4RJz_NDGxOf9k,Kopi PONO Kuningan,Kuningan,Nongkrong,5,Coffee shop favorit keluarga,2023-08-12T15:11:03.599Z,Achmad Fikri Setiadi,113146177988369840959,True,0,id,2026-05-04T16:56:24.749232
ChdDSUhNMG9nS0VJQ0FnSURKZ3BDQnpRRRAB,ChIJa9u9R1EVby4RJz_NDGxOf9k,Kopi PONO Kuningan,Kuningan,Nongkrong,5,Sukak sma tempat nya 😀,2023-07-13T07:55:58.136Z,Na Jaemin,113274067451771785458,False,0,id,2026-05-04T16:56:24.749246
ChZDSUhNMG9nS0VJQ0FnSUNSMC1lcEd3EAE,ChIJa9u9R1EVby4RJz_NDGxOf9k,Kopi PONO Kuningan,Kuningan,Nongkrong,5,The best semua nya..,2023-04-10T06:35:12.305Z,Rinto Yulianto,108682602959920559827,True,0,id,2026-05-04T16:56:24.749273
ChdDSUhNMG9nS0VJQ0FnSURCc0xfaTBRRRAB,ChIJa9u9R1EVby4RJz_NDGxOf9k,Kopi PONO Kuningan,Kuningan,Nongkrong,5,اللهم بارك لهم فيما رزقتهم واغفر لهم و ارحمهم........آمين,2023-01-25T05:39:15.023Z,SAMIAJI,110672184176053937152,True,0,ar,2026-05-04T16:56:24.749286
ChdDSUhNMG9nS0VJQ0FnSURCM29tejF3RRAB,ChIJa9u9R1EVby4RJz_NDGxOf9k,Kopi PONO Kuningan,Kuningan,Nongkrong,5,Bgus klo untuk acara2 tempat gede,2023-01-20T12:39:38.605Z,Nina Nova15,105823142012325666610,True,0,id,2026-05-04T16:56:24.749294
ChZDSUhNMG9nS0VJQ0FnSUQtdzdDMEx3EAE,ChIJa9u9R1EVby4RJz_NDGxOf9k,Kopi PONO Kuningan,Kuningan,Nongkrong,5,the place is pretty and I do like the latte they serve. great for having light meals and good coffee,2022-12-07T23:02:25.802Z,mukti wardhani,103074785058964286292,True,0,en,2026-05-04T16:56:24.749315
ChZDSUhNMG9nS0VJQ0FnSUMwOXZlSWNBEAE,ChIJa9u9R1EVby4RJz_NDGxOf9k,Kopi PONO Kuningan,Kuningan,Nongkrong,4,"kopinya bikin kangen, tempatnya nyaman untuk meeting, hanya food nya saja yg perlu penyesuaian dg selera kita",2022-09-15T17:43:09.239Z,rohman priyadi,117324572387335100676,True,0,id,2026-05-04T16:56:24.749335
ChdDSUhNMG9nS0VJQ0FnSUNPcFlULS1BRRAB,ChIJa9u9R1EVby4RJz_NDGxOf9k,Kopi PONO Kuningan,Kuningan,Nongkrong,4,"Salah satu kafe lucu di Kuningan. Sayangnya penyajian minuman dine in di cup plastik buat take away, padahal interior udah pastel2 lucu gitu, pas mau foto minuman eh ternyata datengnya pake cup plastik ga matching sama bowl makanannya yg udah pastel juga. Coba diperhatikan lagi deh kaka owner biar cafenya tambah hits.",2022-06-20T11:00:10.677Z,Jeli•motret,106680405300028548482,True,0,id,2026-05-04T16:56:24.749369
ChdDSUhNMG9nS0VJQ0FnSUNPOWFPZC1RRRAB,ChIJa9u9R1EVby4RJz_NDGxOf9k,Kopi PONO Kuningan,Kuningan,Nongkrong,4,"Creamy pastanya lumayan enak, chicken karagenya kerasss, kurang bervolume. Tapi kopinya enak bgt.",2022-06-16T07:36:09.944Z,Rahma Arinda Syafiqah,109887221220768954209,True,0,id,2026-05-04T16:56:24.749377
ChZDSUhNMG9nS0VJQ0FnSUQyOWR1NFRBEAE,ChIJa9u9R1EVby4RJz_NDGxOf9k,Kopi PONO Kuningan,Kuningan,Nongkrong,5,"Tempatnya luas, ada 3 lantai, cocok banget buat nongki sama bestie ✨",2022-05-21T11:24:13.125Z,Fakhrul Rizki Ananda,106946187782116346810,True,0,id,2026-05-04T16:56:24.749399
ChZDSUhNMG9nS0VJQ0FnSUQyenRtOEhREAE,ChIJa9u9R1EVby4RJz_NDGxOf9k,Kopi PONO Kuningan,Kuningan,Nongkrong,5,sipaling estetik,2022-05-15T03:33:27.101Z,Zoy,107230539934801550786,True,0,hi,2026-05-04T16:56:24.749408
ChdDSUhNMG9nS0VJQ0FnSUQyMXFPMTJBRRAB,ChIJa9u9R1EVby4RJz_NDGxOf9k,Kopi PONO Kuningan,Kuningan,Nongkrong,5,Best cafe in kuningan,2022-05-14T08:24:47.592Z,Muna Ali,113635214809571088561,False,0,id,2026-05-04T16:56:24.749416
ChZDSUhNMG9nS0VJQ0FnSUQyMXNPVFpREAE,ChIJa9u9R1EVby4RJz_NDGxOf9k,Kopi PONO Kuningan,Kuningan,Nongkrong,5,The best coffee shop in Kuningan and I found “magic coffee” too. 👍👍👍,2022-05-14T08:22:26.922Z,Said Achmad,107469517507853024232,False,0,en,2026-05-04T16:56:24.749424
ChdDSUhNMG9nS0VJQ0FnSUQyak9QOW1RRRAB,ChIJa9u9R1EVby4RJz_NDGxOf9k,Kopi PONO Kuningan,Kuningan,Nongkrong,5,"Makanan dan minumannya enak, tempatnya juga nyaman, luas, cocok buat nongki² cantik...",2022-05-08T04:22:19.753Z,Aidah Wijaya,103439470860871336845,True,0,id,2026-05-04T16:56:24.749445
Ci9DQUlRQUNvZENodHljRjlvT2sxT1FWOU1jVTFYTlZCQk4yeFNZM2xhVlVWdGJHYxAB,ChIJf5TqegAXby4R3IxgdfrYgZI,buper lamping kidang,Kuningan,Nongkrong,5,Views nya bagus sih,2026-04-07T22:47:17.085Z,Tresss,104628794080274337883,False,0,id,2026-05-04T16:56:24.749467
Ci9DQUlRQUNvZENodHljRjlvT2xwV2RVUnNXWEpmTUVocmRXOTVNazVuTVdrNWIxRRAB,ChIJf5TqegAXby4R3IxgdfrYgZI,buper lamping kidang,Kuningan,Nongkrong,3,Tempatnyaa beneran se-healing ituuu🥹🤍,2025-12-09T19:13:32.352Z,Rizka Wijayanti,103018994145237305367,False,0,id,2026-05-04T16:56:24.749489
Ci9DQUlRQUNvZENodHljRjlvT2s5NFIzSlJPRlpCYlU0NU5VTTVSVzlUYm1sbFVrRRAB,ChIJf5TqegAXby4R3IxgdfrYgZI,buper lamping kidang,Kuningan,Nongkrong,5,"Rekomended, wedang jahe nya maknyus",2025-07-19T11:44:42.705Z,Didit Nurhadi,112682261384353845624,False,1,id,2026-05-04T16:56:24.749507
Ci9DQUlRQUNvZENodHljRjlvT25VNFVuZDRZV3BIVlZaNGEwaFhNekZNYTFGMVpsRRAB,ChIJf5TqegAXby4R3IxgdfrYgZI,buper lamping kidang,Kuningan,Nongkrong,3,Gas saya hilang ada yang ngambil.. perasaan jadi was was sama barang2,2025-07-04T09:29:06.385Z,WRS SILUTH,115158659835914536144,True,0,id,2026-05-04T16:56:24.749516
ChZDSUhNMG9nS0VKQ0N4OExIaXZxb2NnEAE,ChIJf5TqegAXby4R3IxgdfrYgZI,buper lamping kidang,Kuningan,Nongkrong,5,"View gunung, malam bisa menikmati city light. Sekarang tiketnya naik jadi 30 ribu.",2025-06-02T01:33:47.282Z,Supriyatna Machmud,111829667777870243446,True,0,id,2026-05-04T16:56:24.749526
ChZDSUhNMG9nS0VPcWI0cVdMNmZYMWJ3EAE,ChIJf5TqegAXby4R3IxgdfrYgZI,buper lamping kidang,Kuningan,Nongkrong,4,Tempat yg syahdu untuk kemping keluarga,2025-05-10T02:15:55.342Z,Ulin bee,109079700289903046910,True,0,id,2026-05-04T16:56:24.749534
ChZDSUhNMG9nS0VJQ0FnTUR3b2FDRFR3EAE,ChIJf5TqegAXby4R3IxgdfrYgZI,buper lamping kidang,Kuningan,Nongkrong,5,Nyaman. Dilayani dengan ramah bahkan ditemani ngobrol meski datang sendirian.,2025-03-26T10:28:34.293Z,Athif Roihan (inisiatip),111042411478808221393,True,0,id,2026-05-04T16:56:24.749541
ChdDSUhNMG9nS0VJQ0FnSUNmbExqdHlnRRAB,ChIJf5TqegAXby4R3IxgdfrYgZI,buper lamping kidang,Kuningan,Nongkrong,4,"tgl 24 Des 2024 camping tiket 30rb/orang, fasilitas lokasi ga sesuai harga. naik drastis",2024-12-26T08:39:06.196Z,Justice77,114773801537447373401,True,0,id,2026-05-04T16:56:24.749549
ChZDSUhNMG9nS0VJQ0FnSUNIOHZPYkxnEAE,ChIJf5TqegAXby4R3IxgdfrYgZI,buper lamping kidang,Kuningan,Nongkrong,5,"Untuk tempat ngecamp nya oke lah, suasana nya sejuk bgt apalagi pas pagi. Liat sunrise nya masyaallah bgtt. Tempat nya recomend bgt buat yg mau ngecamp.",2024-09-03T12:40:02.328Z,Lisa Marcela Zalianti,102235765840646475402,False,1,id,2026-05-04T16:56:24.749558
Ci9DQUlRQUNvZENodHljRjlvT2xWNFdXVkpMVUo1WXpjeU0wTjNXbmxPUVhVNFFsRRAB,ChIJRZXgvbYXby4R3WKdgr-1aAc,Domo Coffee and Space,Kuningan,Nongkrong,5,Beuhh Sushi dan Ramen nya bikin nagih 🤤 Worth it dengan harga segituu wenakkkk 😻😻 disaranin kalo mau ke DOMO jangan pas siang bolong :v,2026-04-16T06:02:59.694Z,upil lipu,111986797557120685592,False,0,id,2026-05-04T16:56:24.749602
Ci9DQUlRQUNvZENodHljRjlvT2tJME9XaDNSR3haVHpCcVVraGpSR1puVGpkUU5HYxAB,ChIJRZXgvbYXby4R3WKdgr-1aAc,Domo Coffee and Space,Kuningan,Nongkrong,5,"Salah satu coffeshop favorite di kuningan, makananya enak, pelayananya terbaik, harganyanya murah, tempatnyaa juga cozy, kalau malam minggu ada live music.. seru",2026-03-26T13:17:47.023Z,Yuyun Trisnawati,109804510806342571407,True,0,id,2026-05-04T16:56:24.749637
Ci9DQUlRQUNvZENodHljRjlvT25sd09FNXVaMHBEVkhCcWRVcHlWRTVGZDJWaVgwRRAB,ChIJRZXgvbYXby4R3WKdgr-1aAc,Domo Coffee and Space,Kuningan,Nongkrong,1,21:20 Sudah Close Order Yah. Just info,2026-03-23T14:29:37.470Z,Stevanno Review,107531841889455012497,True,0,id,2026-05-04T16:56:24.749665
Ci9DQUlRQUNvZENodHljRjlvT21FeFJrb3dSeloxVnpKM0xYQlpXamx2TVZrNVVtYxAB,ChIJRZXgvbYXby4R3WKdgr-1aAc,Domo Coffee and Space,Kuningan,Nongkrong,1,"Layanan lama, satu setengah jam makanan tidak datang..pesan jam 15.00 , jam 16.15 blm datang..konfirmasi ke pelayan disuruh menunggu terus..",2026-03-23T09:23:14.298Z,yudi nugraha,112228173752928599536,False,0,id,2026-05-04T16:56:24.749673
Ci9DQUlRQUNvZENodHljRjlvT21oSVoycDZaelF3TUdVNVgwcElhalF3YWxWblJXYxAB,ChIJRZXgvbYXby4R3WKdgr-1aAc,Domo Coffee and Space,Kuningan,Nongkrong,2,"sorry bgt berasa scam sushi seharga 58rb isi 8pcs tapi kecil2 banget + lupa dikasih sumpit

aku gatau mungkin di kuningan beda atau gmn tp kalau biasa di kota asal ku seharga 65rb up 8pcs sushi udh gede2

mungkin kedepannya bisa diperbaiki lagi",2026-03-21T11:29:22.533Z,Amanda Angelique,109023367427619058095,False,0,id,2026-05-04T16:56:24.749687
Ci9DQUlRQUNvZENodHljRjlvT21kUVJreEVPRXBYY1RkWlJqTjFRMFZRY1VVMVZVRRAB,ChIJRZXgvbYXby4R3WKdgr-1aAc,Domo Coffee and Space,Kuningan,Nongkrong,1,"Pelayanan jelek tidak ramah sama sekali,  apa gak ada SOP cara baik melayani pelanggan",2026-03-20T13:26:07.646Z,M Luthfi Hakim,112539360906509755485,True,0,id,2026-05-04T16:56:24.749701
Ci9DQUlRQUNvZENodHljRjlvT2xCVlExQlNXVE5sYmtreVJFbGpValU1WlhSbFQwRRAB,ChIJRZXgvbYXby4R3WKdgr-1aAc,Domo Coffee and Space,Kuningan,Nongkrong,2,"Mls bgt sama pegawainya kurang ramah, saya mau pesan mknan dan saya sudah depan kasir untuk pesan tuh 2 pegawai diem bae di meja sblh kasir santai”,  yg dtg mlah temannya, boro”bilang terimakasih ke pelanggan yg sudah datang mampir.",2026-03-18T15:08:50.276Z,Netta Natasya Sucipriani,100610957548153412305,False,0,id,2026-05-04T16:56:24.749709
Ci9DQUlRQUNvZENodHljRjlvT21sNFZUQlNRalIyUVRsbWVsSmtRMTlLYUhCSFUzYxAB,ChIJRZXgvbYXby4R3WKdgr-1aAc,Domo Coffee and Space,Kuningan,Nongkrong,1,"kecewaa banget bener bener kecewaaa kita udah reservasi dari awal tapi pas udah list menu menunya trus pas one the way ke tempat DOMO COFFE malah di batalin dengan alasan mohon maaf sudah penuh otomatis pada kecewa temen temen semua, kenapa ga bilang dari awal kenapa kalo penuh kita harus list makanannya duluuu ???????? gasukaaaa banget bikin kecewaaaa",2026-03-16T11:57:29.677Z,diana nursabila,107175996365208308935,False,0,id,2026-05-04T16:56:24.749717
Ci9DQUlRQUNvZENodHljRjlvT2xsMFNEYzFkVUp4Tkc5bVQwUnBWRGt5VDI5dGRsRRAB,ChIJRZXgvbYXby4R3WKdgr-1aAc,Domo Coffee and Space,Kuningan,Nongkrong,1,CUKUP SEKALI KESINI #IZIN🙏🏻✌🏻,2026-03-15T15:40:06.024Z,Dea Citra Holisotul Fikriyah,116068903906547447022,False,0,id,2026-05-04T16:56:24.749725
Ci9DQUlRQUNvZENodHljRjlvT2s1TGRYUllNWEJTV0ZGT1gwOVFNa2s1ZUhCMWJrRRAB,ChIJRZXgvbYXby4R3WKdgr-1aAc,Domo Coffee and Space,Kuningan,Nongkrong,1,jdi gini ceritanya sya sma tmn tmn udah booking bhkn uda dp untuk acara bukber dan ternytaaaa si dp ituu ga ke inputt jujur kesel krna itu udah mau mgrib smpe kita magrib belum buka puasa jugaa krna katanya ga ada atas nam saya dan tmpt yg kita booking udah di temptin orng lainn tinggakatkn lgi yaaaaaaa pelayananya dn akhirnya kita pindh nyri tmpt pas udah mgribb😀😀,2026-03-15T15:18:18.507Z,-20Nitaliasari XI ULP 1,113488833156001577864,False,0,id,2026-05-04T16:56:24.749733
Ci9DQUlRQUNvZENodHljRjlvT25wZmJrZ3hUa3R2UWpaTVYwaE1jbXhwWDBaNWQxRRAB,ChIJRZXgvbYXby4R3WKdgr-1aAc,Domo Coffee and Space,Kuningan,Nongkrong,1,Pelayanannya kurang,2026-03-15T11:00:15.740Z,ratu ayu alma asthurna,115503146389351788596,False,0,id,2026-05-04T16:56:24.749741
Ci9DQUlRQUNvZENodHljRjlvT205QmJYSkRNVm80ZFRaRVpEZFVXWGM0V0V0ZmRFRRAB,ChIJRZXgvbYXby4R3WKdgr-1aAc,Domo Coffee and Space,Kuningan,Nongkrong,1,"pelayanan nya kurang, masa saya sudah reservasi dan dp tapi malah bilang nya ""dp nya blm d claim sama admin"" aneh",2026-03-15T10:59:44.875Z,Keisyanajaah Key,116211241593065755440,False,0,id,2026-05-04T16:56:24.749748
Ci9DQUlRQUNvZENodHljRjlvT2xSZk5qVmFZakoyTjI1T00ySkZWbVl0T0RKaWJIYxAB,ChIJRZXgvbYXby4R3WKdgr-1aAc,Domo Coffee and Space,Kuningan,Nongkrong,5,"The location is right by the main road, and the parking area is spacious. The service is also fast. The price matches the taste. The matcha gelato is delicious. All the cakes are delicious as well. The lime mojito is also tasty and refreshing.",2026-02-19T10:34:53.467Z,sulistyorini tri wulandari,115272856834264753122,True,0,en,2026-05-04T16:56:24.749756
Ci9DQUlRQUNvZENodHljRjlvT25GUmJYZEhWelp5UTNGdWNVeEJSV3R3T1hBeFZGRRAB,ChIJRZXgvbYXby4R3WKdgr-1aAc,Domo Coffee and Space,Kuningan,Nongkrong,5,"Pizza mushroom nya enak, harga murah .sebagai perbandingan ,PH, ukuran medium 100k, di domo 65ribu rasa lebih lite dan rotinya tidak terlalu tebal.cocok buat yg suka menakar kalori. Kopi yang rekomended: white label /black label.",2026-02-17T14:38:38.745Z,Z. Fitriyah Ismail,112759861938350658045,False,0,id,2026-05-04T16:56:24.749765
Ci9DQUlRQUNvZENodHljRjlvT2xwUk5HeGxVRkp6TWpGT2IzZG5RVk5yT0VSeFNuYxAB,ChIJRZXgvbYXby4R3WKdgr-1aAc,Domo Coffee and Space,Kuningan,Nongkrong,5,Tempat nongkrong bareng keluarga yang asik,2026-02-17T04:39:55.188Z,Desy Haide,101757192403874082256,True,0,id,2026-05-04T16:56:24.749779
Ci9DQUlRQUNvZENodHljRjlvT201VVRsVnZNVTlxTVVwVFdIZDFPVU4wWmtaTGFIYxAB,ChIJRZXgvbYXby4R3WKdgr-1aAc,Domo Coffee and Space,Kuningan,Nongkrong,5,"Pelayanan cepan Ramah, untuk malam minggu seru nya ada Live Music,,

Thanks😎🔥",2026-01-17T13:43:35.580Z,Chandra Purnama,100427752446495794647,False,0,id,2026-05-04T16:56:24.749807
Ci9DQUlRQUNvZENodHljRjlvT25reVNUUmFibnBpUmtWSGFEZHlUVWh3UzJ0elpXYxAB,ChIJRZXgvbYXby4R3WKdgr-1aAc,Domo Coffee and Space,Kuningan,Nongkrong,1,"Beef steack local nya ga enakkkk asin bgtt,terus jugaaaa masaaa burnt cheese cakee nya di plating pakee cup bukan pisinnnn sama sendokk nya malah pake sendok eskrim yg kayuuu,yg bener ajaa jadi pas di makan tuh ga nyamann karna sendoknya sendok es krim 😭😭😭 kecewa ihhh mana lg BM steack sama cheese cake 😭😭😭",2026-01-14T14:12:38.328Z,Anis Khoerunnisa,102935436399235844629,True,0,id,2026-05-04T16:56:24.749821
Ci9DQUlRQUNvZENodHljRjlvT2pOck5pMVJSbFZ0ZURablZuQlBiR1pQYlZkUUxXYxAB,ChIJRZXgvbYXby4R3WKdgr-1aAc,Domo Coffee and Space,Kuningan,Nongkrong,5,"Makanan ok, layanan ok, suasana juga ok. Kopinya enak recomend. Sesuai request. Live music setiap malam minggu. Hny kurang lahan parkir untuk mobil kalau rame. Ada banyak games juga yg bisa dipinjem dgn tukar id card",2025-12-27T03:49:00.426Z,Rizka D R,107379728360630755106,False,0,id,2026-05-04T16:56:24.749829
Ci9DQUlRQUNvZENodHljRjlvT2psbFZXVnRTVWcxZEhkS2NWbEhUMEY0TjNSb1ptYxAB,ChIJRZXgvbYXby4R3WKdgr-1aAc,Domo Coffee and Space,Kuningan,Nongkrong,4,"Great discovery! The coffee and Tahu Cabe Garam are 10/10. ✨️❤️
Comfortable place with AC and outdoor seating. Very affordable prices and they even have kids' meals, so it's perfect for families. Will definitely be back!""",2025-12-22T06:36:38.998Z,Bulan M,102446379531586600821,True,0,en,2026-05-04T16:56:24.749851
Ci9DQUlRQUNvZENodHljRjlvT21GeVJuQXRNRmhWVlhaUE5XcGlUVmsxT1VoeE4zYxAB,ChIJRZXgvbYXby4R3WKdgr-1aAc,Domo Coffee and Space,Kuningan,Nongkrong,5,"makanan, minuman & snacks nya sgt worth it. my fav waffle ice cream 🌟🌟🌟",2025-12-21T17:26:39.115Z,Feirly Hadiat,108385371204344152425,True,0,id,2026-05-04T16:56:24.749870
Ci9DQUlRQUNvZENodHljRjlvT2todmVWQjNVWEJ5T0ZObFpIRnBjVFZyT1dWd1gyYxAB,ChIJMcXk2dAXby4RkNHsP4sHb64,Otaku Coffee & Roastery Kramatmulya,Kuningan,Nongkrong,5,Hmmm.. Ngopi santai yang luar biasa dan mantap dengan sajian kopi viral nya,2026-04-30T13:44:14.857Z,Yusra Meldia,105572153234139846127,True,0,id,2026-05-04T16:56:24.749898
Ci9DQUlRQUNvZENodHljRjlvT2w4emRWYzBaV1ZVTjJFMFNtWm9UbkJIVVVsZk1IYxAB,ChIJMcXk2dAXby4RkNHsP4sHb64,Otaku Coffee & Roastery Kramatmulya,Kuningan,Nongkrong,5,"Tempatnya nyaman banget dan vibes-nya tenang, cocok buat nugas atau nongkrong santai. Area outdoor-nya estetik apalagi kalau malam dengan lampu-lampunya, bikin betah. Kopinya enak dan terasa fresh, pilihan menunya juga cukup lengkap. Pelayanan ramah dan cepat. Salah satu coffee shop terbaik di Kramatmulya, recommended banget! ☕🔥",2026-04-09T11:24:44.051Z,MUHAMMAD FAWWAZ DZILDAN,112008395522588110074,False,0,id,2026-05-04T16:56:24.749930
Ci9DQUlRQUNvZENodHljRjlvT2pWU1kybE9jbEpZTkVaeFdEUklPRXMyT0dGMVFWRRAB,ChIJMcXk2dAXby4RkNHsP4sHb64,Otaku Coffee & Roastery Kramatmulya,Kuningan,Nongkrong,1,"Waktu menghadiri pernikahan saudara d kuningan,bersama keluarga dr pemalang",2026-04-07T10:14:21.911Z,Muhammad Khamim,115580458914271150616,True,0,id,2026-05-04T16:56:24.749939
Ci9DQUlRQUNvZENodHljRjlvT2t3emVFSTNOWHBMUW5sM1FVSTJZVU5oTVVwNGJtYxAB,ChIJMcXk2dAXby4RkNHsP4sHb64,Otaku Coffee & Roastery Kramatmulya,Kuningan,Nongkrong,5,Enak harga MurMer,2026-04-05T15:17:31.575Z,Yoga Wahyudin,113729048778165167031,True,0,id,2026-05-04T16:56:24.749949
Ci9DQUlRQUNvZENodHljRjlvT21rNGVrRkZNV2x5TnkwMGJURnZUVVY1WTBaU05FRRAB,ChIJMcXk2dAXby4RkNHsP4sHb64,Otaku Coffee & Roastery Kramatmulya,Kuningan,Nongkrong,5,Kopinya + cheesecake = happiness 😍,2026-04-03T14:38:50.575Z,Ghina Mardiyah,101429212653506224307,True,0,id,2026-05-04T16:56:24.749963
Ci9DQUlRQUNvZENodHljRjlvT2xNMFFWUTBSMmsyU2swdFNtUktOSE5pWVMxUFdGRRAB,ChIJMcXk2dAXby4RkNHsP4sHb64,Otaku Coffee & Roastery Kramatmulya,Kuningan,Nongkrong,5,"Suasana dan coffee nya fav saya sejauh ini di kota kuningan, pasti balik lagi kesini. Miriku coffe plg mantul deh",2026-03-27T06:52:37.302Z,Aqila Siti Nurmala,106428843841623966138,False,0,id,2026-05-04T16:56:24.749985
Ci9DQUlRQUNvZENodHljRjlvT2xvMlpVVkVkeTFTZVhOMVgyUkxTVTUyZEhOT1IyYxAB,ChIJMcXk2dAXby4RkNHsP4sHb64,Otaku Coffee & Roastery Kramatmulya,Kuningan,Nongkrong,3,"Tenderloin steak, sirlion steak keras over cook. Saus nya kurang berasa, French fries asin",2026-03-24T11:19:53.421Z,taufik royan,117111483934334189925,True,0,id,2026-05-04T16:56:24.749993
Ci9DQUlRQUNvZENodHljRjlvT2xOcGNGaHNWVkJ4V0VSSlNuVjJPRGxZVjFKS01VRRAB,ChIJMcXk2dAXby4RkNHsP4sHb64,Otaku Coffee & Roastery Kramatmulya,Kuningan,Nongkrong,5,so far this is the best kopi susu di kuningan ☺️👍🏻,2026-03-22T15:49:16.387Z,Riecka Aulia,107254413809910935768,True,0,id,2026-05-04T16:56:24.750008
Ci9DQUlRQUNvZENodHljRjlvT2xKSFUwcHJTSGxzZFd0ak9FUm5aRWRoZWsxRFpGRRAB,ChIJMcXk2dAXby4RkNHsP4sHb64,Otaku Coffee & Roastery Kramatmulya,Kuningan,Nongkrong,5,Tempat nyaman dan sejuk dengan view gunung citemai,2026-02-09T11:08:02.427Z,Iyen Cantik,101831491482418274218,True,0,id,2026-05-04T16:56:24.750044
Ci9DQUlRQUNvZENodHljRjlvT200eU1VTnJNbXg0WWxoM1NUbGxhM3B5YUVSUGNXYxAB,ChIJt6Y7HUEVby4R2z30mbVtWhE,OTAKU Coffee & Roastery Awirarangan,Kuningan,Nongkrong,5,Ramai dan asyik buat nongkrong sama teman teman,2026-03-22T00:00:18.044Z,Fatwa Syawal,114989966497727373441,False,0,id,2026-05-04T16:56:24.750075
Ci9DQUlRQUNvZENodHljRjlvT25VMVIwUmxURlJYYjNoUmNISjNMVGN0WVRGWlMwRRAB,ChIJt6Y7HUEVby4R2z30mbVtWhE,OTAKU Coffee & Roastery Awirarangan,Kuningan,Nongkrong,1,"Menu sedikit pilihan, pelayanan, sama kecepatan penyajian pesanannya sangat lama",2026-03-06T13:02:46.909Z,soleh ismail,107301672155832018340,False,0,id,2026-05-04T16:56:24.750083
Ci9DQUlRQUNvZENodHljRjlvT2s5VWRsRkNkMUJvTVVFeFprUnRWblIxUm04dGNYYxAB,ChIJt6Y7HUEVby4R2z30mbVtWhE,OTAKU Coffee & Roastery Awirarangan,Kuningan,Nongkrong,5,"kopinya udah pasti enak kalo miruku, tapi dimsum nya juga mantap",2026-02-19T11:11:19.334Z,Iman Fauziana,113766445683490577165,False,0,id,2026-05-04T16:56:24.750102
Ci9DQUlRQUNvZENodHljRjlvT2tSeFlUZG9UVGswYkY4elluSlRTbmQxTWpFdE5uYxAB,ChIJt6Y7HUEVby4R2z30mbVtWhE,OTAKU Coffee & Roastery Awirarangan,Kuningan,Nongkrong,2,"makannya enak enak,suasananya juga adem cocok banget buat yang mau istirahat atau nongkrong sekedar ngopi ngopi cuma sayang banget pas pulang kerja sekitaran jam 22:50 kita mampir kesana dah close kata tukang parkir nya,padahal hari hari sebelumnya nanya ke kasir nya close order di jam 12",2026-02-03T16:20:46.807Z,Sandi rizki,107680577445391790231,False,0,id,2026-05-04T16:56:24.750111
Ci9DQUlRQUNvZENodHljRjlvT2xaTU1qbEhMV1JqU2xaVU5uVlJPVTlMYm5sdFExRRAB,ChIJt6Y7HUEVby4R2z30mbVtWhE,OTAKU Coffee & Roastery Awirarangan,Kuningan,Nongkrong,5,"Hindari jam-jam padat, seperti weekend dan malam hari. Kopi terenak di kuningan.",2026-01-15T10:07:21.681Z,Delonixs regian,113655592030765881296,True,0,id,2026-05-04T16:56:24.750153
Ci9DQUlRQUNvZENodHljRjlvT213MFVraHZNV1J0VkdWMlRqRmZUSGhxYm5KUVNFRRAB,ChIJt6Y7HUEVby4R2z30mbVtWhE,OTAKU Coffee & Roastery Awirarangan,Kuningan,Nongkrong,3,Kasirnya parah pakai member kasir untuk dapat pointnya untuk konsumen tidak di infokan member sudah ada atau tidak,2026-01-12T15:52:18.493Z,andy hanif,109979468217012006781,True,0,id,2026-05-04T16:56:24.750161
Ci9DQUlRQUNvZENodHljRjlvT21OWGRIUk5abTFFU0Vvd1FWaEZXbVJQWDJoWmRuYxAB,ChIJt6Y7HUEVby4R2z30mbVtWhE,OTAKU Coffee & Roastery Awirarangan,Kuningan,Nongkrong,5,Enak ngopi disini sambil menikmatin pemandangan sawah.. gunung.. pohon2 hijau...mantep banget...,2026-01-06T15:20:16.156Z,Rakhmie Aulia,118238085050388238865,True,0,id,2026-05-04T16:56:24.750170
Ci9DQUlRQUNvZENodHljRjlvT2tJNU4zUTRSRWxVYjNJeFkzUlJibXBSWVRGR1JuYxAB,ChIJt6Y7HUEVby4R2z30mbVtWhE,OTAKU Coffee & Roastery Awirarangan,Kuningan,Nongkrong,5,"tempat.y nyaman
menu.y banyak dan enak enak
harga.y masih ramah di dompet",2025-12-15T18:11:40.990Z,Angga Saputra,107546181446494626742,True,0,id,2026-05-04T16:56:24.750192
Ci9DQUlRQUNvZENodHljRjlvT2paWVowbDNaVE5aTTNkNmRFWkJaVzV5Y2tod2FIYxAB,ChIJt6Y7HUEVby4R2z30mbVtWhE,OTAKU Coffee & Roastery Awirarangan,Kuningan,Nongkrong,4,"musiknya kenceng banget, ngobrol aga keganggu
yg lainnya oke",2025-12-13T03:11:41.380Z,Fahmi Rabiul Karim,118126989876949056217,True,0,id,2026-05-04T16:56:24.750200
Ci9DQUlRQUNvZENodHljRjlvT21WT1JEQlFSMUYzV0ZScE1tTlpjalpXYW14U0xYYxAB,ChIJRZXgvbYXby4R3WKdgr-1aAc,Domo Coffee and Space,Kuningan,Nongkrong,4,"Menunya Banyak
Enak-enak
Penyajiannya juga Cepeut
Pelayannya juga Ramah
Harga Terjangkau
Cuma 1 Catatan Musholanya kurang layak",2025-12-08T17:37:38.075Z,J O (Hulk),118097713287889084769,True,0,id,2026-05-04T16:56:24.750230
Ci9DQUlRQUNvZENodHljRjlvT2pRemMyWnFRMk4zTFRkcWVESkVRbGRZWWxWU1VWRRAB,ChIJRZXgvbYXby4R3WKdgr-1aAc,Domo Coffee and Space,Kuningan,Nongkrong,3,"Cafe hist yang ada di kuningan menunya variatif cookis & cream cheese sama mango smoothiesnya enak cuman untuk saikoro sambah matah sangat tidak suka
Dagingnya alot banyak yang belum mateng 🥹
Tolong perbaiki lagi",2025-10-30T05:34:06.760Z,YDP 04,116358574092697663362,True,0,id,2026-05-04T16:56:24.750260
Ci9DQUlRQUNvZENodHljRjlvT2twNGJIRkdWRXRZVWt4ZlFtOW1NMHgzVGtsNlltYxAB,ChIJRZXgvbYXby4R3WKdgr-1aAc,Domo Coffee and Space,Kuningan,Nongkrong,5,"Tempat nyaman, makanan enak dan ekonomis dh suasana yg adem ada indoor dan outdoor",2025-10-17T11:58:44.925Z,Edy Dwi,106700580461241540194,True,0,id,2026-05-04T16:56:24.750269
Ci9DQUlRQUNvZENodHljRjlvT2pOb1IxbHNVRFZNYW01aFRrdDJTbk54UmxCVFMyYxAB,ChIJV5Z-nDgXby4RdP3S64tfVUA,Arunika Eatery,Kuningan,Nongkrong,5,"Puas bgt., makan di Joglo rasanya enak² semua, dsini gak ada yg gak enak 😍",2026-05-04T13:39:28.068Z,diny khaerunnisa,109017830788522468420,False,0,id,2026-05-04T16:56:24.750311
Ci9DQUlRQUNvZENodHljRjlvT21aak5taGhZMmhxVm1ScmRtazNYeTFQYW5ONlgwRRAB,ChIJV5Z-nDgXby4RdP3S64tfVUA,Arunika Eatery,Kuningan,Nongkrong,4,"Makanan nya cukup banyak pilihan.
saya dan teman saya pesan makanan : Steak ayam, ramen, caesar salad, sushi california roll, cappucino dan vietnam kopi dan ada dessert lupa namanya :)

wlwpun interior sangat jepang , hanya saja recomend makanan mnrt saya adalah steak dan caesar salad.

vietnam kopi cukup enak
cappucino biasa aja
ramen nya biasa saja

untuk pelayanan bisa di upgrade.
karena para waitress susah sekali , saat saya panggil untuk menanyakan pesanan.
dan pesanan juga sangat lama di proses atau sampai ke meja customer.

untuk pemandangan sangat menyenangkan.",2026-05-04T03:05:19.519Z,vira ganitry Harahap,109162868873229978968,False,0,id,2026-05-04T16:56:24.750327
Ci9DQUlRQUNvZENodHljRjlvT2s1SWRWOW5ZMDVXTXpFMlZXRlhaRTlXWkZreWQxRRAB,ChIJV5Z-nDgXby4RdP3S64tfVUA,Arunika Eatery,Kuningan,Nongkrong,5,"Wonderful place with natural vibes around. Savoring tbe aroma of freshly brewed coffee and the tranquility of this place ♥️
Finding the difference atmosphere with others.
Words cannot express how Arunika Eatery gives us the new experience ♥️♥️",2026-05-03T14:31:25.819Z,Louise Mersenne,112518630889822697160,True,0,en,2026-05-04T16:56:24.750335
Ci9DQUlRQUNvZENodHljRjlvT214clFVRTFVSFpPTTBreExUVk5RM2RZVGtwVFJuYxAB,ChIJV5Z-nDgXby4RdP3S64tfVUA,Arunika Eatery,Kuningan,Nongkrong,5,"Tempat mantap, hiling",2026-05-03T03:05:06.434Z,AKBAR AIDUL POETRA,116283348758505239653,True,0,id,2026-05-04T16:56:24.750348
Ci9DQUlRQUNvZENodHljRjlvT2twUWVYQmZVbll0ZUhaa2NtNVhkMlZ3U2xFdFpuYxAB,ChIJV5Z-nDgXby4RdP3S64tfVUA,Arunika Eatery,Kuningan,Nongkrong,5,"Tempat Hang out yg keren pemandangan dan suasana kafenya, rekomendasi sekali deh",2026-05-02T23:49:02.800Z,ranto surapraja,100265134414800485020,True,0,id,2026-05-04T16:56:24.750357
Ci9DQUlRQUNvZENodHljRjlvT2pRMU0zb3pUa0oxV1RoUGJYWlhZV2hFVkdkVVVsRRAB,ChIJV5Z-nDgXby4RdP3S64tfVUA,Arunika Eatery,Kuningan,Nongkrong,1,eh tolong ya ini di evaluasi lagi pelayanan nya masa kalau hujan gak di terima pesanannya???? ya minimal perbanyak indoor nya dong sama aja kayak nolak rezeki. kecewa banget.,2026-05-02T06:27:20.573Z,shimzjovie e,100458922013219391680,False,0,id,2026-05-04T16:56:24.750373
Ci9DQUlRQUNvZENodHljRjlvT2tWQmRYVlZjVEZ1UWpBeGIzcGhVVUpPVDBOb2IwRRAB,ChIJV5Z-nDgXby4RdP3S64tfVUA,Arunika Eatery,Kuningan,Nongkrong,1,"service kurang, ngantri banget, ga ada tempat evakuasi, ga jelas. buat management nya tolong evaluasi lagi!!!!! kecewa banget setiap kesini.",2026-05-02T06:23:10.275Z,haruka zs,114033777434869217225,False,0,id,2026-05-04T16:56:24.750381
Ci9DQUlRQUNvZENodHljRjlvT2kwek1qVTFialZUUzBnNGIwSm9UVzVCT1VaMk5rRRAB,ChIJV5Z-nDgXby4RdP3S64tfVUA,Arunika Eatery,Kuningan,Nongkrong,4,"Overall, suasana, layanan dan makanan nya sy suka, kecuali tomyam goong nya, over price jika dibandingkan dengan isi nya yg disajikan.",2026-05-02T04:36:11.399Z,Iman Iman,105443153124423576511,True,0,id,2026-05-04T16:56:24.750402
Ci9DQUlRQUNvZENodHljRjlvT2pWT2IyY3hjSHBQWVUxRlpUWk5OMGQ0VkdWemNWRRAB,ChIJV5Z-nDgXby4RdP3S64tfVUA,Arunika Eatery,Kuningan,Nongkrong,5,"Taman dan Restoran bernuansa Jepang....

Kolam koi yang sangat besar, dengan ikan koi jumbo besar sekali....

Bagus sekali di malam hari dengan lampu terang khas Jepang.",2026-05-01T12:25:56.469Z,Hernu Sulistyo,117385234032971341626,True,0,id,2026-05-04T16:56:24.750411
Ci9DQUlRQUNvZENodHljRjlvT25vMlVqQXpPRlJwVlVsaGFsVnVMVW8xVVcxT09IYxAB,ChIJV5Z-nDgXby4RdP3S64tfVUA,Arunika Eatery,Kuningan,Nongkrong,5,"Waaahhhh, seruuu dan betah disini... Anak senang, makan enak, tempat luar biasa cozy. Serasa di Jepang heeee",2026-05-01T10:46:51.501Z,Anna F,111897050740596672733,True,0,id,2026-05-04T16:56:24.750420
Ci9DQUlRQUNvZENodHljRjlvT2xoM1UxRlljelF4Y2xCWWVqWlJjRlJsTW5Wd1RsRRAB,ChIJV5Z-nDgXby4RdP3S64tfVUA,Arunika Eatery,Kuningan,Nongkrong,5,Bring umbrella and raincoat for better experience. Use comfortable shoes and jacket too,2026-04-30T09:35:04.128Z,Winta Dewi Yudhantari,116469907276213477302,True,0,en,2026-05-04T16:56:24.750436
Ci9DQUlRQUNvZENodHljRjlvT2w5b2R5MUVNVk5LUTA0ellqTmZaWFpzUkRSUFVFRRAB,ChIJV5Z-nDgXby4RdP3S64tfVUA,Arunika Eatery,Kuningan,Nongkrong,1,Suasana nya bagus pemandangan nya juga tapi pelayang jutek2 apalagi yang ngelayanin baso di tanya diem bae,2026-04-29T23:43:05.274Z,Siva Fitriyah,103642487628285505973,False,0,id,2026-05-04T16:56:24.750451
Ci9DQUlRQUNvZENodHljRjlvT2pFMVlVaEVWRmxVV0VNNWIyWlZkVVpoUW1ZeVkyYxAB,ChIJt6Y7HUEVby4R2z30mbVtWhE,OTAKU Coffee & Roastery Awirarangan,Kuningan,Nongkrong,5,"Cafe rekomendasi di kuningan
Kopinya enak, tempat nyaman",2025-11-20T09:24:02.269Z,Andri Priono,113790977989264300375,True,0,id,2026-05-04T16:56:24.750487
Ci9DQUlRQUNvZENodHljRjlvT2xKblZtNWZVVzVNYlZWamFUYzJMVVo0YlRVdGNVRRAB,ChIJt6Y7HUEVby4R2z30mbVtWhE,OTAKU Coffee & Roastery Awirarangan,Kuningan,Nongkrong,5,Cafe dgn view ciremai yg sangat bagus 👍,2025-11-15T16:20:50.453Z,riki thomas,100618841993938298740,True,0,id,2026-05-04T16:56:24.750495
Ci9DQUlRQUNvZENodHljRjlvT2xkcGJFRjNWSEUxUTBaSmNGbFZSbmhFWDJSQ1MzYxAB,ChIJt6Y7HUEVby4R2z30mbVtWhE,OTAKU Coffee & Roastery Awirarangan,Kuningan,Nongkrong,5,Tempat ngopi santai yang enakeun,2025-10-25T04:43:19.263Z,Roby Fauzi,104090098873418555613,True,0,su,2026-05-04T16:56:24.750510
Ci9DQUlRQUNvZENodHljRjlvT20wdFZsSkJkVWN6TUdkdmFrUXpOMnh1VVZSVVpIYxAB,ChIJt6Y7HUEVby4R2z30mbVtWhE,OTAKU Coffee & Roastery Awirarangan,Kuningan,Nongkrong,5,tempat ngopi nongkrong,2025-10-12T13:53:24.897Z,Akh Satria,118374628295136423616,True,0,id,2026-05-04T16:56:24.750518
Ci9DQUlRQUNvZENodHljRjlvT25BMmQzVnZhSGxvVVdkek5UUlJOVVJYZUhwS1pFRRAB,ChIJt6Y7HUEVby4R2z30mbVtWhE,OTAKU Coffee & Roastery Awirarangan,Kuningan,Nongkrong,5,tempat paling nyaman untuk dekedar nongkrong dan ngobrol sama temen ketika pulang ke kuningan. apalagi kopi nya enak bangetttt,2025-09-05T06:42:48.899Z,Siti Maesaroh,109946215991245525131,True,0,id,2026-05-04T16:56:24.750526
Ci9DQUlRQUNvZENodHljRjlvT2tsYWJEQXhSVzF0TFZoQlkzTmtSbTlGU1dwaFZGRRAB,ChIJt6Y7HUEVby4R2z30mbVtWhE,OTAKU Coffee & Roastery Awirarangan,Kuningan,Nongkrong,5,Asyik buat ngobrol ngobrol,2025-07-16T04:18:29.841Z,Rohmat Tulloh,103046102465706301507,True,0,id,2026-05-04T16:56:24.750563
Ci9DQUlRQUNvZENodHljRjlvT2poS1YwSmtZVEJWWjJjeldsTjNhVWRpU2sxS2NIYxAB,ChIJt6Y7HUEVby4R2z30mbVtWhE,OTAKU Coffee & Roastery Awirarangan,Kuningan,Nongkrong,5,"The best kopi susu kekinian di Kuningan.
Tempatnya nyaman buat nongkrong dan ngobrol2. Ambiencenya humble, menunya banyak mulai dari kopi susu, snack sampai makanan berat kayak rice bowl.

The bestnya miruku coffee. Kopi susu yang light dan creamy. Rasanya enak banget.
Pokoknya ini tempat recommended banget.
Churrosnya juga enak.

Dia punya 3 cabang di Kuningan.
Sudah coba 2 cabangnya dan konsisten rasa dan ambiencenya.
Top lah!!",2025-07-03T09:30:12.561Z,Syarief Arbi,108237673950037604391,True,0,id,2026-05-04T16:56:24.750571
Ci9DQUlRQUNvZENodHljRjlvT2pCT1NERTVOVWxFWVdsSWRrMUNZemxET0hGRlVsRRAB,ChIJt6Y7HUEVby4R2z30mbVtWhE,OTAKU Coffee & Roastery Awirarangan,Kuningan,Nongkrong,5,Suka banget sama butterscoth nya,2025-06-20T02:50:21.915Z,felisha putri virgia salsabila,100444010261346072082,False,0,id,2026-05-04T16:56:24.750586
ChdDSUhNMG9nS0VQbXl6dDZ2NHNIazF3RRAB,ChIJt6Y7HUEVby4R2z30mbVtWhE,OTAKU Coffee & Roastery Awirarangan,Kuningan,Nongkrong,5,"Suka bngt sama pelayanan nya ramah bngt, tempat nya ok d kelilingi sama sawah nyaman bngt Poko nya adem",2025-06-10T13:48:42.078Z,Ziyan Ahmad,115282087597847360660,True,0,id,2026-05-04T16:56:24.750604
Ci9DQUlRQUNvZENodHljRjlvT21wTVRqRmlSazlPY25GRVRrUXpOSEpCVWtrMlQwRRAB,ChIJMcXk2dAXby4RkNHsP4sHb64,Otaku Coffee & Roastery Kramatmulya,Kuningan,Nongkrong,5,Kopi dan makanan nya enak dan pelayanan nya juga bagus,2026-01-20T10:52:57.272Z,Argi Top,115346033919558424022,False,0,id,2026-05-04T16:56:24.750626
Ci9DQUlRQUNvZENodHljRjlvT2toQ1EwRmpia2hKYW10WGNWOUtObXcxY1d0bmFrRRAB,ChIJMcXk2dAXby4RkNHsP4sHb64,Otaku Coffee & Roastery Kramatmulya,Kuningan,Nongkrong,4,jujur minumannya porsinya dikit bgt bgtt,2026-01-19T14:21:08.874Z,Resya Nur,114797560393129052721,False,0,id,2026-05-04T16:56:24.750642
Ci9DQUlRQUNvZENodHljRjlvT21wVFprMWxVMEZ4UjFCa1EwbzVkRWROWjFRNFZWRRAB,ChIJMcXk2dAXby4RkNHsP4sHb64,Otaku Coffee & Roastery Kramatmulya,Kuningan,Nongkrong,5,"kuenya enak banget, tempatnya juga nyaman!",2026-01-02T04:23:30.243Z,Shiffa Hildya,114261497318134622541,True,0,id,2026-05-04T16:56:24.750672
Ci9DQUlRQUNvZENodHljRjlvT2xGbE1rSnFWaTF1VVhaVFRUZFFNRVUzZW5nMlpWRRAB,ChIJMcXk2dAXby4RkNHsP4sHb64,Otaku Coffee & Roastery Kramatmulya,Kuningan,Nongkrong,5,"Nice, kalau pulang kerja suka kesini",2025-12-28T09:49:44.446Z,Azmi,112439638705603362850,True,0,id,2026-05-04T16:56:24.750680
Ci9DQUlRQUNvZENodHljRjlvT20xTWIwWkpRVFUxUXkxdU1sOXZUelptV2tkMkxYYxAB,ChIJMcXk2dAXby4RkNHsP4sHb64,Otaku Coffee & Roastery Kramatmulya,Kuningan,Nongkrong,4,"Tukang parkir nya duh gak ngenakin banget, judes banget gak dikasih 2 ribu malah ngatain orang padahal udah minta maaf gada 2 ribu adanya seribu, mending kalo bantu ngeluarin motor sama nyebrangin ini mah nggak.
Tolong evaluasi  tukang parkirnya walaupun bukan bagian dari otaku setidaknya jangan bikin orang males ke otaku gara gara parkir nya, sayang banget tempat enak & hospitality bagus tapi tukang parkir nya 👎🏻👎🏻👎🏻",2025-11-16T01:56:33.432Z,social “freedom”,109021865740373993643,False,0,id,2026-05-04T16:56:24.750704
Ci9DQUlRQUNvZENodHljRjlvT2xscVRHdGpRVjl1V0VrNFJqZGpTSEIzTjJsbVRHYxAB,ChIJMcXk2dAXby4RkNHsP4sHb64,Otaku Coffee & Roastery Kramatmulya,Kuningan,Nongkrong,5,Best value coffee shop at Kuningan. Rarely open until mindnight,2025-11-07T02:39:43.883Z,gigih adicita,108245167353594104227,True,0,en,2026-05-04T16:56:24.750713
Ci9DQUlRQUNvZENodHljRjlvT21sUmVHOXpiaTF2V2s5ME5sbFRiMTlNU1dRelVWRRAB,ChIJMcXk2dAXby4RkNHsP4sHb64,Otaku Coffee & Roastery Kramatmulya,Kuningan,Nongkrong,5,"Tempatnya nyaman banget, ada indoor dan outdoor nya..
Kesana pesan menu steak, dan agak sedikit kecewa karna ternyata agak liat ya steak nya ;(
Tapi paket nasi ayam bakarnya enakkkk
Tidak hanya itu, pas selama makan, ke distract terus sama kucing liar disana. Jd tidak menikmati makanan sendiri karna sambil ngawasin makanan",2025-10-10T13:06:03.119Z,Meti Maryati,111173359636481425391,True,1,id,2026-05-04T16:56:24.750729
Ci9DQUlRQUNvZENodHljRjlvT21wMlFuWkhNazVaTTJaV2NFbzVSMkpGTTJsUmFYYxAB,ChIJMcXk2dAXby4RkNHsP4sHb64,Otaku Coffee & Roastery Kramatmulya,Kuningan,Nongkrong,5,Ini mah ga usah di tanya lagi. Sekali kesini pasti keterusan aja. Se nikmat itu kopinya,2025-10-01T15:14:36.234Z,Chandler Blake,114947135892588580742,True,0,id,2026-05-04T16:56:24.750738
Ci9DQUlRQUNvZENodHljRjlvT214dGFEWTFhM1pQY2xsc1MxVlNjMU14ZEdGemJIYxAB,ChIJMcXk2dAXby4RkNHsP4sHb64,Otaku Coffee & Roastery Kramatmulya,Kuningan,Nongkrong,5,"Cafe yang nyaman tempatnya, ada indoor dan outdoor, tapi beli banyak outdoornya. Cuaca kuningan yang mendukung, meski di luar pun masih adem mungkin terasa panas jika memang sedang sangat terik. Pelayanan ramah dan memuaskan. Aneka minuman enak dan banyak pilihan dari coffee dan non coffee. Makanan beratnya sangat enak dan banyak macamnya. Platingnya juga cukup menarik, dessertnya macama2 dan cheesee cakenya juara, manisnya pas dan tidak amis. Bikin ketagihan. Cafenya ada mushola juga, jadi bisa sholat. Lokasi di kramat mulya pinggir jalan raya, parkiran lumayan luas bisa untuk mobil dan motor. Next pasti kesini lagi",2025-09-07T05:07:07.982Z,Linda.P,116909623342712285984,True,0,id,2026-05-04T16:56:24.750753
Ci9DQUlRQUNvZENodHljRjlvT2tSc2QyVkdUMFJYZVc1SlNFNVpPSEJQTWkxSU1FRRAB,ChIJMcXk2dAXby4RkNHsP4sHb64,Otaku Coffee & Roastery Kramatmulya,Kuningan,Nongkrong,5,"Good various coffee and cakes
Limited seating space inside
Great service",2025-08-18T05:00:14.879Z,Christian Roux,116106175049291034543,True,0,en,2026-05-04T16:56:24.750768
Ci9DQUlRQUNvZENodHljRjlvT2pkMmQzSmlibTU1YWxWU1QyWXhOMUY1TVdwek0xRRAB,ChIJV5Z-nDgXby4RdP3S64tfVUA,Arunika Eatery,Kuningan,Nongkrong,5,Pemandangan nya cucok marucok...beautiful...cucok bwt keluarga dn pacaran haha,2026-04-29T01:19:00.926Z,Hadi Wahyu,102960744135050096923,True,0,id,2026-05-04T16:56:24.750782
Ci9DQUlRQUNvZENodHljRjlvT2paSU9FZDFNekpOYjFkRE9UQldVM2x5V0ROTFVuYxAB,ChIJV5Z-nDgXby4RdP3S64tfVUA,Arunika Eatery,Kuningan,Nongkrong,5,recommend untuk melihat pemandangan sambil minum kopi.,2026-04-27T04:48:59.542Z,dony pw,102861033833240911729,True,0,id,2026-05-04T16:56:24.750821
Ci9DQUlRQUNvZENodHljRjlvT2pZM2NHTTRSbkp2Y1ZSdldFUTNOVkZaWkdORGJtYxAB,ChIJV5Z-nDgXby4RdP3S64tfVUA,Arunika Eatery,Kuningan,Nongkrong,5,"Pemandangan Yg Indah dan Sejuk, Pelyannya Ramah",2026-04-26T00:14:56.393Z,Ahmad Zaenudin,106617512314781009673,True,0,id,2026-05-04T16:56:24.750843
Ci9DQUlRQUNvZENodHljRjlvT2tWNllYZFlNakIxVVVWR2IyUnhRM0V0UTNKdlZGRRAB,ChIJV5Z-nDgXby4RdP3S64tfVUA,Arunika Eatery,Kuningan,Nongkrong,5,"Hari Sabtu jam 09.30 udah lumayan ramai. Ikutin jalan dari Google Maps aman jaya. Mulai dekat Arunika jalannya mulai semakin menanjak dan pas untuk dua mobil, tapi kondisi jalan mulus. Beli ticket sky view dan Arunika Heaven 50 ribu. Staff-nya ramah semua dan jago ambil video supaya estetik.",2026-04-25T13:43:57.258Z,Amalia Tri Wahyuni,114635771148158773108,True,0,id,2026-05-04T16:56:24.750850
Ci9DQUlRQUNvZENodHljRjlvT2xweGVtTmlSbGxxUlVKdVdsSjZVbWxVWkdkYVdsRRAB,ChIJV5Z-nDgXby4RdP3S64tfVUA,Arunika Eatery,Kuningan,Nongkrong,5,"Good place lah.
Jejepangan style gitu",2026-04-25T07:14:02.396Z,Y Mahendra,110005336164652145430,False,0,id,2026-05-04T16:56:24.750864
Ci9DQUlRQUNvZENodHljRjlvT2tZMFVGZzNOMnRvU21sWFdXSm1aR05ITTNOTWNuYxAB,ChIJV5Z-nDgXby4RdP3S64tfVUA,Arunika Eatery,Kuningan,Nongkrong,5,"Datang ke sini pagi-pagi dan suasananya enak banget, udaranya masih sejuk dan view Gunung Ciremai kelihatan jelas. Tempatnya nyaman buat santai, apalagi kalau mau cari suasana tenang.

Makanannya cukup variatif dan rasanya enak, harga juga masih oke. Pelayanannya ramah dan cepat, jadi pengalaman ke sini makin menyenangkan.

Overall cocok banget buat sarapan santai atau healing tipis-tipis. 👍",2026-04-24T09:11:59.102Z,Salma,105610385691512315947,True,0,id,2026-05-04T16:56:24.750872
Ci9DQUlRQUNvZENodHljRjlvT25GU05ubFROM2wzVUdJNGFXVXdYM3BtTlUwNE1tYxAB,ChIJV5Z-nDgXby4RdP3S64tfVUA,Arunika Eatery,Kuningan,Nongkrong,5,Selalu rameee gakenal sepii,2026-04-23T15:41:26.983Z,Nikita Felicia,112408773661228207953,False,0,id,2026-05-04T16:56:24.750899
Ci9DQUlRQUNvZENodHljRjlvT21kWlUzUkdlUzFSVW01TU4zZ3lSVmR5Wm1sRmJXYxAB,ChIJV5Z-nDgXby4RdP3S64tfVUA,Arunika Eatery,Kuningan,Nongkrong,5,"Tempat rekreasi yang unik, lasagna dan saladnya enak banget. Cocok untuk keluarga",2026-04-22T15:12:25.992Z,Astri Lestari,104393754669084060911,True,0,id,2026-05-04T16:56:24.750916
Ci9DQUlRQUNvZENodHljRjlvT21vM00zbDBOV2xWT1Y5ZlpIcGZjekp4ZUVKd01WRRAB,ChIJV5Z-nDgXby4RdP3S64tfVUA,Arunika Eatery,Kuningan,Nongkrong,5,"Alhamdulillaah nikmatnya kabuut seger udaranya cuankienya juara,krn g ada nasi bali. Ngopi ngemil bikin betaah larismanis berkah berlimpah salam seroja -jatiwarna",2026-04-22T11:10:27.431Z,vonny yulianto,104679424480339363466,True,0,id,2026-05-04T16:56:24.750932
ChZDSUhNMG9nS0VJQ0FnTUNvbzVDVFRnEAE,ChIJt6Y7HUEVby4R2z30mbVtWhE,OTAKU Coffee & Roastery Awirarangan,Kuningan,Nongkrong,5,"Nyaman, pelayanan ok, suasana ok, makanan ok, bintang 5 poko namah.",2025-04-19T13:49:28.040Z,Rizal Ijong,115581277045869006948,True,0,id,2026-05-04T16:56:24.750949
ChZDSUhNMG9nS0VJQ0FnTUNJNTlqT01nEAE,ChIJt6Y7HUEVby4R2z30mbVtWhE,OTAKU Coffee & Roastery Awirarangan,Kuningan,Nongkrong,5,"Overall Ok semua, biasanya mampir ke cab dpn perum ciporang, baru pertama kali ke cabang yg ini, sepertinya lebih nyaman  dtg di sore/malam hari...
Memang konsepnya untuk nongkrong ya, jd tidak ada menu makanan mengenyangkan, hanya camilan saja.",2025-04-05T06:32:00.355Z,L A,110570082069406577895,True,0,id,2026-05-04T16:56:24.750971
ChdDSUhNMG9nS0VJQ0FnTUNJeF95SXRBRRAB,ChIJt6Y7HUEVby4R2z30mbVtWhE,OTAKU Coffee & Roastery Awirarangan,Kuningan,Nongkrong,5,"Kopi susunya mah ga pernah gagal.. Paling bisa diterima lambung, hehe. Tapi cabang disini pilihan makanan nya ga banyak kaya yg di cabang Ciporang. Viewnya dapet sih kalo ga hujan ya.. Samping sawah pula..",2025-04-05T03:56:13.016Z,F3R4,115826713183483380525,True,0,id,2026-05-04T16:56:24.750979
ChZDSUhNMG9nS0VJQ0FnTUNJaWFIOURnEAE,ChIJt6Y7HUEVby4R2z30mbVtWhE,OTAKU Coffee & Roastery Awirarangan,Kuningan,Nongkrong,5,Jangan lupa mampir kesini gak bakal nyesel,2025-04-03T01:15:49.397Z,034 Vapestore,113580159186520564813,True,0,id,2026-05-04T16:56:24.750989
Ci9DQUlRQUNvZENodHljRjlvT21ObGVYVmZkbEJVVUVGYWFYcEJXVEZFTFROd2VuYxAB,ChIJMcXk2dAXby4RkNHsP4sHb64,Otaku Coffee & Roastery Kramatmulya,Kuningan,Nongkrong,5,"Soal kopi creamy, Otaku sih yang paling enak buatku. Creamy gurihnya tuh bikin susah berhenti minum.
Selain kopi, ada juga minuman lainnya seperti matcha, coklat, dll. Makanan di sini juga beragam mulai dari steak, snack, dimsum, dll.

Teruntuk tempatnya, kalau indoor itu enak banget buat nugas. Lokasinya cukup mundur dari jalan utama, ada jarak dari parkiran luas sampai ke bahu jalan provinsi. Jadi ya cukup tenang.

Kalau mau lebih tenang, bisa ke dalam lagi, zona outdoor. Adem tapi angin glebuknya bagi yang gampang sakit, bikin masuk angin. Betul-betul angin sawah.

Tempatnya nyaman banget secara keseluruhan. Enak buat nongkrong, rapat non formal dan sambil nugas. Di belakang pun ada open space buat kegiatan atau pentas seni. Bisalah untuk acara gathering rame-rame.",2025-06-21T02:59:42.835Z,Melody AMPv,111966367119530477307,True,0,id,2026-05-04T16:56:24.751076
ChdDSUhNMG9nS0VKUzc3NDZkckpXX3N3RRAB,ChIJMcXk2dAXby4RkNHsP4sHb64,Otaku Coffee & Roastery Kramatmulya,Kuningan,Nongkrong,5,"Cofee sama makanan nya enak, cuman menu nya kurang bnyak nya aja hee tempat nya nyaman bngt enak buat nongkrong",2025-06-10T16:36:25.064Z,Dwi Jayanti,113015409629129851122,True,0,id,2026-05-04T16:56:24.751101
ChZDSUhNMG9nS0VPMkg4TnJPemMzU0VREAE,ChIJMcXk2dAXby4RkNHsP4sHb64,Otaku Coffee & Roastery Kramatmulya,Kuningan,Nongkrong,5,Sukses trus buat oataku coffee jujur makanan nya enak bngt minuman nya juga enak,2025-06-10T13:50:33.996Z,Ziyan Ahmad,115282087597847360660,True,0,id,2026-05-04T16:56:24.751115
ChZDSUhNMG9nS0VJQ0FnTURvbE1DVUZnEAE,ChIJMcXk2dAXby4RkNHsP4sHb64,Otaku Coffee & Roastery Kramatmulya,Kuningan,Nongkrong,4,"Kalo disini enak kopi sama cemilan nya saja,untuk makanan agak kurang",2025-04-22T04:22:13.458Z,Eviana Fransiska,101176932192124515532,True,0,id,2026-05-04T16:56:24.751138
ChZDSUhNMG9nS0VJQ0FnTURJdVBqUVZBEAE,ChIJMcXk2dAXby4RkNHsP4sHb64,Otaku Coffee & Roastery Kramatmulya,Kuningan,Nongkrong,5,"Beli oleh-oleh khas Kuningan ""peuyeum"" / tape, pulang mudik & piknik via Cirebon menuju Bandung hanya sedikit kemacetan berkunjung saudara teman dulu langsung masuk tol, alhamdulillah lancar dan aman",2025-04-06T23:07:27.894Z,noor soleh,117078388660177055907,True,0,id,2026-05-04T16:56:24.751154
ChZDSUhNMG9nS0VJQ0FnSUM1NWFXMGJBEAE,ChIJV5Z-nDgXby4RdP3S64tfVUA,Arunika Eatery,Kuningan,Nongkrong,5,"95% Overall

🍜 Makanannya enak, rekomen ramen sama nasi chicken katsunya.

🗻 Tempatnya enak, cuma hati hati kalo high session, karena harus waiting list mau makan.

🦁 Mini Zoo nya, okelah, so far ini yg cukup bagus di Ciayumajakuning.

🚻 WC nya bagus, bersih, aesthetic.

🕌Musholahnya jg enak, mungkin perlu ditambahin sendal wudlu aja, soalnya musholah sama tempat wudlu kepisah dan harus jalan lewatin semen (bukan keramik).

dateng lagi di tahun 2026.

Saya ke sini pas cuaca lagi cukup panas, tapi surprisingly tempatnya tetap sejuk dan nyaman 🌿 Jadi walaupun matahari lagi terik, vibes-nya tetap adem.

Dari segi tempat, menurut Saya ini super instagramable 📸
Mulai dari area outdoor dengan view pegunungan sampai interiornya yang estetik, semuanya enak banget buat foto-foto.

⸻

🧾 Pengalaman & Pelayanan

Pas datang memang lagi rame banget, jadi harus waiting list dulu. Tapi yang Saya suka, walaupun pengunjung banyak:

* Pelayanannya tetap ramah & teratur 👍
* Makanan datangnya juga nggak lama-lama banget

Jadi antrinya masih worth it sih.

⸻

🍔 Makanan

Highlight utama buat Saya:

* Burger 🍔 → ini juara!
Dagingnya juicy, rasa dagingnya berasa banget. Ini wajib coba sih.
* Mac and Cheese 🧀 → creamy & enak
Comfort food banget, nggak bikin eneg.
* Menu lain?
Overall oke, standar resto tapi tetap satisfying.

⸻

🕌 Fasilitas

* Tempat sholat nyaman & bersih 🙏 (ini penting banget, dan di sini oke banget)
* Ada mobil shuttle (sufle) 🚗
Jadi nggak perlu jalan jauh—aman & praktis, apalagi kalau bawa keluarga.

⸻

⭐ Kesimpulan

Kalau Kamu cari tempat makan dengan:

* View bagus 🌄
* Tempat estetik 📸
* Makanan enak (terutama burger!) 🍔

Tempat ini recommended banget.",2026-04-22T04:58:17.512Z,Falah Azhari,116698352163130702162,True,2,id,2026-05-04T16:56:24.751170
Ci9DQUlRQUNvZENodHljRjlvT2xKMlNtbHZhRXBOUWpaVVJFMTRUVlZIVGtkRlMyYxAB,ChIJV5Z-nDgXby4RdP3S64tfVUA,Arunika Eatery,Kuningan,Nongkrong,4,Cocoklah mantap ini rekomendasi banget buat refresh pikiran hehehe sambil liat view kota kuningan dari bukit ciremai🥰😍,2026-04-21T15:55:44.474Z,Inneke WA,105364625514233845722,False,0,id,2026-05-04T16:56:24.751179
Ci9DQUlRQUNvZENodHljRjlvT21wTWVYUm5hMDFHTVhsaVdGTlRlVFExYXpsaGEyYxAB,ChIJV5Z-nDgXby4RdP3S64tfVUA,Arunika Eatery,Kuningan,Nongkrong,5,Nice to visit here for family,2026-04-20T23:07:18.506Z,Rizka annisa Nurmaida,109056681956261035054,False,0,en,2026-05-04T16:56:24.751200
Ci9DQUlRQUNvZENodHljRjlvT2pBM1YwbE9URFo1UWxVMFlUUlNabGxTYlhwNlNrRRAB,ChIJV5Z-nDgXby4RdP3S64tfVUA,Arunika Eatery,Kuningan,Nongkrong,5,"Kalau saja makanannya ga enak, saya kasih bintang 1, selain karena mahal juga masuknya bingung, tak ada pengarah dan petunjuk yang memudahkan, hanya ada tanda panah bertuliskan lokasi. Area Arunika dibuat untuk berbagai lokasi komersial, terdiri dari Area parkir. Eatery (makanan domestik), Mini Zoo Kebun binatang mini (masuk berbayar), Garden taman bunga sakura artificial (masuk berbayar), permainan seluncuran (masuk berbayar), memanah (masuk berbayar), gokart listrik (masuk berbayar), Skywalk (masuk berbayar)
dan tempat utama yaitu Joglo untuk makanan Jepang, dan cake/roti/kue (masuk berbayar, kecuali hanya di halamannya saja). Tersedia Mushola di area Eatery dan Masjid besar Joglo. WC bersih dan nyaman, air melimpah dingin. Saran aja kalau mau dtg jgn Weekend (Sabtu-Minggu) karena ramainya minta ampun, tiket parkir hanya Rp. 5.000 per motor, entah kalau mobil/bus berapa. Buka jam 10:00-20:00. Nanti kalau mau foto-foto di Joglo siapkan kesabaran yang tinggi. Krn banyak rombongan ibu-ibu rempong foto-foto dgn back ground Joglo tp lama banget seolah ga mau gantian, begitu jg saat kita foto dgn back ground lokasi, banyak yg nyelonong sesuka hati padahal sudah gantian foto, saran jg jgn dekat-dekat rombongan yg sedang foto krn anda akan dimanfaatin tuk fotoin mereka ga satu dua foto tp berkali-kali, anda sedang healing liburan bkn tuk jd jongos tukang foto di situ. Soal harga makanan lumayan mahal, Tp bagi yg punya cukup uang dan bertujuan untuk healing serta ingin punya dokumentasi foto-foto dgn view bagus, gass aja. Dr arah Cirebon via jalur Cirendang, Gunungkeling lalu lewat jalan baru yg berujung pertigaan, belok kanan lsg sampai ke Arunika atau gunakan Google Map dgn kata kunci Arunika Eatery untuk panduan arahnya. Selamat mencoba.",2026-04-20T16:15:45.405Z,Koko Kusdiyanto,115546449073680619031,True,2,id,2026-05-04T16:56:24.751214
Ci9DQUlRQUNvZENodHljRjlvT21KbWNHNTZjVkZMTlVsamVWbGlWVTVMT0VsVllXYxAB,ChIJV5Z-nDgXby4RdP3S64tfVUA,Arunika Eatery,Kuningan,Nongkrong,5,Makanan nya menurut syaa enak rasanya pas banget dan pemandangan nya sejukk banget,2026-04-19T15:38:48.719Z,Firda Rizqiya,101911187997376534002,False,0,ms,2026-05-04T16:56:24.751222
Ci9DQUlRQUNvZENodHljRjlvT2t4MFZGbENUV05FZUhoRU1sZHZkVEprTFhjNE9XYxAB,ChIJV5Z-nDgXby4RdP3S64tfVUA,Arunika Eatery,Kuningan,Nongkrong,3,Jam 20 yg di gazebo udah closing..padahal pengrn nyantai sama keluarga,2026-04-19T13:23:47.303Z,Hendro Hadi,102116453385242257474,False,0,id,2026-05-04T16:56:24.751230
Ci9DQUlRQUNvZENodHljRjlvT25WVFF6Vk5aakIyVUVSUFRtVnBORko1VEVWd2FsRRAB,ChIJV5Z-nDgXby4RdP3S64tfVUA,Arunika Eatery,Kuningan,Nongkrong,5,Nuansa Jepangnya sangat terasa disini.,2026-04-18T06:55:40.670Z,Suswanti Sutanto,113484061062402885706,True,0,id,2026-05-04T16:56:24.751252
Ci9DQUlRQUNvZENodHljRjlvT2toNk4ycHFUMmxyT1VSVGJuZHpjekYzZUZadlIwRRAB,ChIJU5R2_qMWby4RTHEV4wjhhCw,Otaku Coffee & Roastery Ciporang,Kuningan,Nongkrong,4,"Rasa kopi nya enak, tapi rasa makanan & dessert nya kurang. Tempatnya sejuk tapi banyak nyamuk. Tempat parkir mobil terbatas.",2026-04-12T03:52:15.926Z,Maulana Y,103565206070016526451,True,0,id,2026-05-04T16:56:24.751260
Ci9DQUlRQUNvZENodHljRjlvT25ZMmVFOHdOR0ZpVEZSbWNVODRPVm8yYW1ZM2JIYxAB,ChIJU5R2_qMWby4RTHEV4wjhhCw,Otaku Coffee & Roastery Ciporang,Kuningan,Nongkrong,5,Keren emang ini tempat.pas buat kongkow..miruku nya itu loh yg jd candu..maknyus,2026-03-24T00:46:15.436Z,Ugan Nugraha,104420085317867658516,True,0,id,2026-05-04T16:56:24.751290
Ci9DQUlRQUNvZENodHljRjlvT2tsVVRtUkhOblV4WnpsVldrRldOVU13T0VoVlVXYxAB,ChIJU5R2_qMWby4RTHEV4wjhhCw,Otaku Coffee & Roastery Ciporang,Kuningan,Nongkrong,5,best of the best!,2026-02-19T11:09:53.949Z,Iman Fauziana,113766445683490577165,False,0,en,2026-05-04T16:56:24.751328
Ci9DQUlRQUNvZENodHljRjlvT204M2NFaFhTV1JsYm5OR1NVdEhjemhyVlhrMVNYYxAB,ChIJU5R2_qMWby4RTHEV4wjhhCw,Otaku Coffee & Roastery Ciporang,Kuningan,Nongkrong,5,"Salah satu tempat ngopi pertama di kuningan, itu setau aku",2026-01-13T11:56:38.896Z,ikhsan hidayat,100473857626882032282,True,0,id,2026-05-04T16:56:24.751358
Ci9DQUlRQUNvZENodHljRjlvT21nd1UzQlVibXRPV1VSdGN6ZFRka0p1U0hCQ1RHYxAB,ChIJU5R2_qMWby4RTHEV4wjhhCw,Otaku Coffee & Roastery Ciporang,Kuningan,Nongkrong,5,best service... pelayannya ramah banget minta di foto in banyak sama si doi.. cake nya best... spotnya juga estetik,2025-12-20T11:57:29.155Z,MUH FAUZAN ZAENI,117837602704155860208,False,0,id,2026-05-04T16:56:24.751373
Ci9DQUlRQUNvZENodHljRjlvT21VMmNEQkxTRVpPY0dwYVQyeGpTRW95VWswd2FtYxAB,ChIJU5R2_qMWby4RTHEV4wjhhCw,Otaku Coffee & Roastery Ciporang,Kuningan,Nongkrong,5,"menunya lengkap
rasanya mantap
tempat.y nyaman
harga.y aman",2025-12-16T18:14:26.167Z,Angga Saputra,107546181446494626742,True,0,id,2026-05-04T16:56:24.751382
Ci9DQUlRQUNvZENodHljRjlvT25OeFNWSndWVWR3U1ZSM1JtTnZjMVp2YjFWSlUyYxAB,ChIJU5R2_qMWby4RTHEV4wjhhCw,Otaku Coffee & Roastery Ciporang,Kuningan,Nongkrong,3,"bad experience di otaku ciporang, customer nanya dijawab judes bgt. next mungkin bisa di training lagi ya sama pihak manajemen tentang service nya, sayang banget kopinya enak tp pelayanan nya minus terutama di kasir.",2025-11-17T13:16:47.983Z,Alfy Fauziah Ayni,107645385682733822364,False,0,id,2026-05-04T16:56:24.751403
Ci9DQUlRQUNvZENodHljRjlvT2toamJYaDBZVkpDYUhBNVdtRlNNRTVsU25NNFJFRRAB,ChIJU5R2_qMWby4RTHEV4wjhhCw,Otaku Coffee & Roastery Ciporang,Kuningan,Nongkrong,5,Selalu ramai dan mudah di akses,2025-11-11T00:11:17.038Z,Haditya Ramadhan,110108009709903020866,True,0,id,2026-05-04T16:56:24.751418
Ci9DQUlRQUNvZENodHljRjlvT2t4dmFrTjRUVzFRTVRKc2VEZGhkVTlhZWpoR1RXYxAB,ChIJU5R2_qMWby4RTHEV4wjhhCw,Otaku Coffee & Roastery Ciporang,Kuningan,Nongkrong,5,Sederhana tapi👍,2025-10-25T22:35:48.123Z,Rulian Faaz,116407816890039747351,False,0,id,2026-05-04T16:56:24.751448
Ci9DQUlRQUNvZENodHljRjlvT25ZMWFtWlVXakZtYVZoVU9HUTBiVWhFUW5sVVlXYxAB,ChIJU5R2_qMWby4RTHEV4wjhhCw,Otaku Coffee & Roastery Ciporang,Kuningan,Nongkrong,5,"Menawarkan konsep Japanese. Menu pastry disini salah satu yang terenak. Pilihan kopi yang beragam. Staff yang ramah, cepat dan memberikan informasi seputar menu dengan jelas. Toilet, mushola, dan wastafel yang bersih. Tempat duduk semi outdoor, ada area aman anti panas matahari dan hujan.",2025-09-08T16:49:45.299Z,Didi Disini,102151663982429209347,True,0,id,2026-05-04T16:56:24.751477
Ci9DQUlRQUNvZENodHljRjlvT25OYVkzRkVkVmROVjNwWldXNXFWakZsYm0xRk5tYxAB,ChIJU5R2_qMWby4RTHEV4wjhhCw,Otaku Coffee & Roastery Ciporang,Kuningan,Nongkrong,5,Tempat nya seru,2025-07-27T06:05:32.257Z,YAMAHA ARISTA KUNINGAN,115251750944830673049,True,0,id,2026-05-04T16:56:24.751499
Ci9DQUlRQUNvZENodHljRjlvT2tkTVFsWjVaRXRvVkRaWVdtOXNka3ROZGxkbFUxRRAB,ChIJU5R2_qMWby4RTHEV4wjhhCw,Otaku Coffee & Roastery Ciporang,Kuningan,Nongkrong,5,Perdana dan memuaskan,2025-07-12T07:01:54.555Z,Agus Mulyana,114456355332709722122,True,0,id,2026-05-04T16:56:24.751514
Ci9DQUlRQUNvZENodHljRjlvT2s4MWVITkZaMEpLWHpGNGRVSTJXa3hPVVdOUmRrRRAB,ChIJU5R2_qMWby4RTHEV4wjhhCw,Otaku Coffee & Roastery Ciporang,Kuningan,Nongkrong,4,"Overall oke, cm tdk ramah anak krna kebanyakan di sni anak² muda nongki dn tdk jarang sambil merokok.",2025-07-08T12:42:49.275Z,Leni Nurahmi,115528930159756078643,True,0,id,2026-05-04T16:56:24.751523
Ci9DQUlRQUNvZENodHljRjlvT21sV1NTMDJMWE55UVhwUGFrcHhiR2M0U25aNVNXYxAB,ChIJU5R2_qMWby4RTHEV4wjhhCw,Otaku Coffee & Roastery Ciporang,Kuningan,Nongkrong,5,Kopi nya masih juara 👍,2025-06-30T04:56:31.240Z,Puthu Dhima,110699645382002491377,True,0,id,2026-05-04T16:56:24.751537
ChdDSUhNMG9nS0VLeWV6dlg2aW9tNmdnRRAB,ChIJU5R2_qMWby4RTHEV4wjhhCw,Otaku Coffee & Roastery Ciporang,Kuningan,Nongkrong,5,Rekomend bngt buat kalian yg suka nongki,2025-06-10T16:42:48.394Z,Dwi Jayanti,113015409629129851122,True,0,id,2026-05-04T16:56:24.751579
Ci9DQUlRQUNvZENodHljRjlvT21GNmMxWTVWa05EWmxsRGRWZDJTR3R0UkVKeU9IYxAB,ChIJU5R2_qMWby4RTHEV4wjhhCw,Otaku Coffee & Roastery Ciporang,Kuningan,Nongkrong,4,"Cukup untuk melepas penat, terutama rasa kopinya cukup enak.",2025-06-10T13:53:56.582Z,Yayat Suhadiyat,103222600342202688957,True,0,id,2026-05-04T16:56:24.751587
ChdDSUhNMG9nS0VMWE93UEhiME16cXlnRRAB,ChIJU5R2_qMWby4RTHEV4wjhhCw,Otaku Coffee & Roastery Ciporang,Kuningan,Nongkrong,5,Tempat nongkrong yg asik bareng kawan dan makanan minuman nya enak tempat nya strategis pinggir jalan,2025-06-10T13:37:49.068Z,Ziyan Ahmad,115282087597847360660,True,0,id,2026-05-04T16:56:24.751596
ChdDSUhNMG9nS0VJQ0FnTURJeGV1ZWtRRRAB,ChIJU5R2_qMWby4RTHEV4wjhhCw,Otaku Coffee & Roastery Ciporang,Kuningan,Nongkrong,3,"Tolong musiknya jangan terlalu keras banget kaya di hajatan..... pelanin lah biar kita masih bisa ngobrol dengan nyaman.....
🫠🫠🫠🫠🫠🫠",2025-04-11T16:13:59.555Z,heri hidayat,112453974074992364300,False,0,id,2026-05-04T16:56:24.751631
ChZDSUhNMG9nS0VJQ0FnTUNJb1liX1BnEAE,ChIJU5R2_qMWby4RTHEV4wjhhCw,Otaku Coffee & Roastery Ciporang,Kuningan,Nongkrong,2,"makanannya enak. buat makanan bakal repeat lg ke sini. service ok, kecuali cashier jutek & judes amat mbak. semoga lebih baik ke depannya.",2025-04-02T15:49:38.637Z,M L,109013766743433868984,False,0,id,2026-05-04T16:56:24.751653
Ci9DQUlRQUNvZENodHljRjlvT21GbU0yNDFlblJhV0RGVlJIZFVjamc0UzJkUFVIYxAB,ChIJ8fWtdD0Xby4R-vtpM4L96j0,Rageman Resto & Coffee,Kuningan,Nongkrong,1,Pelayanan y lama banget,2026-05-03T13:06:07.691Z,Ogi Suprayogi,101501346326851569211,True,0,id,2026-05-04T16:56:24.751669
Ci9DQUlRQUNvZENodHljRjlvT2xVdGNqaDNUVUppYmxjMVFrbFNWSGN5Vm10QmVuYxAB,ChIJ8fWtdD0Xby4R-vtpM4L96j0,Rageman Resto & Coffee,Kuningan,Nongkrong,5,makanan enak. layanan ramah. 1 mei 2026,2026-05-01T06:47:26.592Z,DELTA NUSANTARA,112945310390686468562,True,0,id,2026-05-04T16:56:24.751681
Ci9DQUlRQUNvZENodHljRjlvT21Oc2QyZzVRVUZCUkRadmJqTkZRVXBQZUY5YWJWRRAB,ChIJ8fWtdD0Xby4R-vtpM4L96j0,Rageman Resto & Coffee,Kuningan,Nongkrong,4,Viewnya ok bgt.,2026-04-28T10:08:58.353Z,rahmad febdi bas,106215020465811351756,True,0,id,2026-05-04T16:56:24.751691
Ci9DQUlRQUNvZENodHljRjlvT2tNeVJHWm9hbk0zWXpjMGFWWndTRzV3WTFwQlIyYxAB,ChIJ8fWtdD0Xby4R-vtpM4L96j0,Rageman Resto & Coffee,Kuningan,Nongkrong,5,"Enak tempat nya cocok banget buat photo, kolam renang nya bersih,",2026-04-26T22:54:20.950Z,endang sugiati,106668998046649106652,False,0,id,2026-05-04T16:56:24.751699
Ci9DQUlRQUNvZENodHljRjlvT25SbGFYRklhVUp1YmtOclgzZ3daRFpvU1hGUU0zYxAB,ChIJ8fWtdD0Xby4R-vtpM4L96j0,Rageman Resto & Coffee,Kuningan,Nongkrong,5,"Tempatnya bersih dan rapi, makanannya enak.",2026-04-19T08:39:11.028Z,Intan_ Tunas Mulya Poultry,105081036387697238988,True,0,id,2026-05-04T16:56:24.751708
Ci9DQUlRQUNvZENodHljRjlvT2toVFJVVmlWbFJ3TWtvNWFUaEhOV0poTUU1cllsRRAB,ChIJ8fWtdD0Xby4R-vtpM4L96j0,Rageman Resto & Coffee,Kuningan,Nongkrong,5,"Tempatnya luas, nyaman dan makanannya enak",2026-04-08T06:35:00.108Z,Khusnul Hamidiyah,100553452066464590809,False,0,id,2026-05-04T16:56:24.751731
Ci9DQUlRQUNvZENodHljRjlvT2sxNFdHSkJWbWcyTFVsS1VIQkdjMjVOVUdkdlVIYxAB,ChIJ8fWtdD0Xby4R-vtpM4L96j0,Rageman Resto & Coffee,Kuningan,Nongkrong,1,Lemot pelayanannya nunggu makanan hampir 40 menit padahal engga lagi rame pengunjung,2026-03-30T05:56:23.436Z,Iqbal Rifki Awali,117511586069633044373,False,0,id,2026-05-04T16:56:24.751774
Ci9DQUlRQUNvZENodHljRjlvT213d2RXTjRaMFF5TTE5MFRtMUphREpHTURWNmIzYxAB,ChIJ8fWtdD0Xby4R-vtpM4L96j0,Rageman Resto & Coffee,Kuningan,Nongkrong,4,"Harus cobain nasgor tomyamnya, dipakein udang besar fresh berbumbu, tempatnya kids friendly dengan view oke",2026-03-29T17:21:23.385Z,yogaswara diera,102015858582807517605,True,0,id,2026-05-04T16:56:24.751782
Ci9DQUlRQUNvZENodHljRjlvT2xJNFZFRkdTWFF5YVVGVlRFaFVkRU5GVWtkZlNXYxAB,ChIJ8fWtdD0Xby4R-vtpM4L96j0,Rageman Resto & Coffee,Kuningan,Nongkrong,5,Viewnya bagus bangettttttt makananya juga enaaaak,2026-03-26T13:20:20.013Z,Yuyun Trisnawati,109804510806342571407,True,0,id,2026-05-04T16:56:24.751791
Ci9DQUlRQUNvZENodHljRjlvT2tJMWJETlRaV3h0WDJWVWNXUk9YMlpGWDA5Zk5VRRAB,ChIJ8fWtdD0Xby4R-vtpM4L96j0,Rageman Resto & Coffee,Kuningan,Nongkrong,3,"Untuk makanan kurang bagi keluarga aku,rasanya terlalu serba manis, harganya cukup mahal",2026-03-24T09:05:41.883Z,Desi Nurhayati,108406512642534222873,False,0,id,2026-05-04T16:56:24.751801
Ci9DQUlRQUNvZENodHljRjlvT25OQk0zQjVaa2R0YVU4d1NETTJNbGd0ZDI5d1kxRRAB,ChIJ8fWtdD0Xby4R-vtpM4L96j0,Rageman Resto & Coffee,Kuningan,Nongkrong,1,"Di awal dateng mau pesen suruh nyari meja dulu br bisa pesen. Udh dapet meja, dikasih kertas buat pesen. Pas mau pesen, dibilangg close order, bisanya buat kopi sama cemilan doang. Nunggu 1 jam setengah. Kalo gabisa diawal ngomong! Gausah kasih kertas pesenan kalo gabisa. Pelayannya diajarin gak sih? Pada bingung semua ditanya2in",2026-03-24T07:35:08.009Z,Safira Rosalini,117760271056153143904,False,0,id,2026-05-04T16:56:24.751809
Ci9DQUlRQUNvZENodHljRjlvT21weVNETXlVSFZ4UVZGNlJuazFkV1o2TjBGb01tYxAB,ChIJ8fWtdD0Xby4R-vtpM4L96j0,Rageman Resto & Coffee,Kuningan,Nongkrong,1,Jutek bgt pelayannya,2026-03-24T03:11:50.340Z,Ai siti Cahya,101518487014667507889,False,0,id,2026-05-04T16:56:24.751818
Ci9DQUlRQUNvZENodHljRjlvT2w5RFdsRllRMTl2VFdsdVdWQTFkbVpTWkVsalJuYxAB,ChIJ8fWtdD0Xby4R-vtpM4L96j0,Rageman Resto & Coffee,Kuningan,Nongkrong,2,"Makan nunggu lama, stok menu ada yang habis ga dikasih info lagi",2026-03-23T06:35:19.427Z,Diffayanti Syahrani,112264782357552077942,False,0,id,2026-05-04T16:56:24.751832
Ci9DQUlRQUNvZENodHljRjlvT21WeVZUSndiSGxhTm1GTE5ubGFUMDFNZW1acGVuYxAB,ChIJ8fWtdD0Xby4R-vtpM4L96j0,Rageman Resto & Coffee,Kuningan,Nongkrong,1,"Payah, ga bisa order makanan selain ayam bakar dan iga.
Menu Paket ga ready dengan alasan karna ada acara.
Artinya ini resto ga siap padahal hight season loh ini.",2026-03-23T05:13:07.141Z,Romi Wijaya,101097522116248298153,True,0,id,2026-05-04T16:56:24.751841
Ci9DQUlRQUNvZENodHljRjlvT2xRMGRFcG5UMlJwYTFwMWMzVjRXbnB1TlVkR1FuYxAB,ChIJ8fWtdD0Xby4R-vtpM4L96j0,Rageman Resto & Coffee,Kuningan,Nongkrong,1,"GILAAA PARAAHH BANGETTT PELAYANANNYA LAMAA!!! bilangnya makanan ditunggu selama 30 menit. gataunya udah nunggu 1 jam 30 menit makanan ga dateng dateng, akhirnya saya cancel karena udh nunggu kelamaan.",2026-03-22T07:40:16.749Z,melody asa,104807957671566806264,False,0,id,2026-05-04T16:56:24.751855
Ci9DQUlRQUNvZENodHljRjlvT2tweGQzWjVObTFTTFUxdVVXeG5WSEJDTkRCclNGRRAB,ChIJ8fWtdD0Xby4R-vtpM4L96j0,Rageman Resto & Coffee,Kuningan,Nongkrong,2,Pelayanannya lama banget. Udah tunggu 2 jam blm keluar juga makanannya.,2026-03-22T07:38:58.296Z,anicha,115000138127781194910,False,0,id,2026-05-04T16:56:24.751863
Ci9DQUlRQUNvZENodHljRjlvT25VMGJXZEViekpRTTJnMGNuQnhaMHB0UzFoTGIwRRAB,ChIJ8fWtdD0Xby4R-vtpM4L96j0,Rageman Resto & Coffee,Kuningan,Nongkrong,1,1 jam setengah nunggu dan org yg dateng setelah saya di dahulukan.Bahkan pesanan saya masih berada dikasir!ga pernah sekecewa ini.,2026-03-22T07:37:27.895Z,naura zalfaa,116834470150479856191,False,0,id,2026-05-04T16:56:24.751871
Ci9DQUlRQUNvZENodHljRjlvT2tOaVR5MWlVbGR0ZFRaTVIzQjBWMXBtWld0T1RtYxAB,ChIJ8fWtdD0Xby4R-vtpM4L96j0,Rageman Resto & Coffee,Kuningan,Nongkrong,5,View pada saat sore menjelang malam.. bagus,2026-03-20T10:57:27.349Z,Fa'is Rizki,114668068253382661838,True,0,id,2026-05-04T16:56:24.751894
Ci9DQUlRQUNvZENodHljRjlvT2prdFNtNDVhWEV6ZFVkblIyRmhla1pHTVVOUlltYxAB,ChIJ8fWtdD0Xby4R-vtpM4L96j0,Rageman Resto & Coffee,Kuningan,Nongkrong,5,Suasana nyaman sekali....,2026-02-17T22:26:12.329Z,Nuroni Roni,101789851001346350221,True,0,id,2026-05-04T16:56:24.751942
Ci9DQUlRQUNvZENodHljRjlvT2xCM2FFUTFVRGQ2VlVwdlpGVkljbmxwYmxOb2JsRRAB,ChIJ8fWtdD0Xby4R-vtpM4L96j0,Rageman Resto & Coffee,Kuningan,Nongkrong,4,"Rasa Masakan lumayan,
Harga sedikit lebih mahal, tapi masih wajar untuk kelas resto.
Pelayanya agak lama, manggil beberapa kali lewat bel lama sekali datangnya.
View pegunungan asri Dan terdapat kolam renang

Saran : disediakan payung yg stand by di masing masing tempat, karena kalau hujan agak ribet untuk yg duduk di bagian saung.",2026-02-10T17:30:52.232Z,Ngapak Backpacker,107829998907896017603,True,0,id,2026-05-04T16:56:24.751950
Ci9DQUlRQUNvZENodHljRjlvT25oTVNYcHRhREJoVmtaU1IwcEhNVk14ZEZVMVRVRRAB,ChIJ8fWtdD0Xby4R-vtpM4L96j0,Rageman Resto & Coffee,Kuningan,Nongkrong,5,Pemandangan indah,2026-02-08T11:02:54.420Z,Wuri Prasetyo,116884683423311357769,True,0,id,2026-05-04T16:56:24.751959
Ci9DQUlRQUNvZENodHljRjlvT2xsak9HZFlVSGRRYWxKb2RHbzJUWE4xUldaUk1uYxAB,ChIJ8fWtdD0Xby4R-vtpM4L96j0,Rageman Resto & Coffee,Kuningan,Nongkrong,5,"Suasana oks,,,.adem suejuk,,,. makanan dan minuman byk variasi,, harga bersahabat,,,.ada kolam renang juga,,, lokasi luas,,, byk spot unik,,,,",2026-02-01T16:09:20.802Z,Wahidin,109297819386296256061,True,0,id,2026-05-04T16:56:24.751969
Ci9DQUlRQUNvZENodHljRjlvT21neFYxRk1kMFZFT0VKWU1GRTJkMkV5WmtrNVZHYxAB,ChIJ8fWtdD0Xby4R-vtpM4L96j0,Rageman Resto & Coffee,Kuningan,Nongkrong,3,Over all dari makanan worth it tapi saat hujan besar sebelumnya air toren jadi kotor dan aliran ke kamar mandi sering kosong,2026-01-31T13:09:16.464Z,Adhi Affanul Hakim,100014595582309927385,True,0,id,2026-05-04T16:56:24.751984
Ci9DQUlRQUNvZENodHljRjlvT21VdFRuQlpTSEZEUkRsTmNsQk9jVlJGZDJrM01WRRAB,ChIJGU4QofgXby4RuL1oWDzZsVI,Imah Amih Resto and Cafe,Kuningan,Nongkrong,5,"Nemu tempat yg cocok bgt buat ngumpul keluarga dengan suasana nyaman santay dan nuansa classic modern, makannya juga enak pass rekomendedd",2026-05-04T05:29:52.710Z,Nauval andriansyah,116843404544802260295,False,0,id,2026-05-04T16:56:24.752020
Ci9DQUlRQUNvZENodHljRjlvT2taeU1tZDJWMlJOUmxob1RFazJiMGRvVVRSVFNrRRAB,ChIJGU4QofgXby4RuL1oWDzZsVI,Imah Amih Resto and Cafe,Kuningan,Nongkrong,5,Datang tanpa reservasi tapi tetap dapat tempat nyaman. Staff-nya sigap bantu carikan tempat duduk. Overall pelayanannya bagus,2026-05-03T07:03:32.428Z,Arman,114774904547142228536,True,0,id,2026-05-04T16:56:24.752031
Ci9DQUlRQUNvZENodHljRjlvT25KRlMxbFhVbUZvUVRZek5WYzFjemxrTkRKMmNGRRAB,ChIJGU4QofgXby4RuL1oWDzZsVI,Imah Amih Resto and Cafe,Kuningan,Nongkrong,5,"Tempatnya luas dan nggak sumpek. Enak buat bawa anak-anak juga. Menu yang saya pesan semuanya oke, terutama ikan bakarnya",2026-05-03T06:58:50.623Z,Ida Bagus Jasmika,117671868601060861008,True,0,id,2026-05-04T16:56:24.752040
Ci9DQUlRQUNvZENodHljRjlvT25wMUxUTTFNSEZqYzI1SlpGTXdaSE0zYkRGUVMwRRAB,ChIJGU4QofgXby4RuL1oWDzZsVI,Imah Amih Resto and Cafe,Kuningan,Nongkrong,5,"Salah satu tempat makan yang enak buat santai. Saya datang bareng keluarga, semua cocok sama rasanya. Sambalnya nagih banget",2026-05-03T06:57:06.479Z,Hartati Indah,100499091491410348108,True,0,id,2026-05-04T16:56:24.752048
Ci9DQUlRQUNvZENodHljRjlvT21kWE1rSnFWMVZsZUdKM1lqTlZZM0l5Um5nM1VVRRAB,ChIJGU4QofgXby4RuL1oWDzZsVI,Imah Amih Resto and Cafe,Kuningan,Nongkrong,5,"Tempat yang sangat direkomendasikan untuk berkumpul bersama keluarga maupun teman! Suasananya sangat nyaman dan homey, sesuai dengan namanya. Area makannya bersih, dan pelayanannya pun ramah serta cepat.
Makanan & Minuman: Rasanya lezat dengan porsi yang pas dan penyajian yang menggugah selera.
Suasana: Tenang dan cocok untuk bersantai sambil menikmati hidangan.
Sangat layak mendapatkan 5 bintang!",2026-05-03T05:44:40.942Z,Moskov Gg,105019563069004400655,False,0,id,2026-05-04T16:56:24.752057
Ci9DQUlRQUNvZENodHljRjlvT2tWallXdEpiSGwxUTNKVmJtZzJja2h5ZFd0emQxRRAB,ChIJGU4QofgXby4RuL1oWDzZsVI,Imah Amih Resto and Cafe,Kuningan,Nongkrong,5,Bedeeeehhhh sedep dah pokoknya makanan sundanya nyunda banget rekomen banget..,2026-05-03T05:29:13.687Z,Aolia Cantik,115852552064966946551,False,0,id,2026-05-04T16:56:24.752066
Ci9DQUlRQUNvZENodHljRjlvT2xWM1ZYRkRTazFuUldreGRteGZXR1JFY0c1WGJrRRAB,ChIJGU4QofgXby4RuL1oWDzZsVI,Imah Amih Resto and Cafe,Kuningan,Nongkrong,5,"tempat nya bagusss ,nyaman,makanannya juga ramah di kantong",2026-05-03T05:28:40.183Z,Zulfia Nun,109071286454639520533,False,0,id,2026-05-04T16:56:24.752074
Ci9DQUlRQUNvZENodHljRjlvT2tKVGVWZG5aRXBXUzFnMGNXUkdVVlpYWVU1dFVWRRAB,ChIJGU4QofgXby4RuL1oWDzZsVI,Imah Amih Resto and Cafe,Kuningan,Nongkrong,5,Terbaik. Menu beragam. Harga ramah di kantong.,2026-05-03T05:19:56.438Z,SITI AOLIA,116859646287071870278,False,0,id,2026-05-04T16:56:24.752083
Ci9DQUlRQUNvZENodHljRjlvT21nNWEyWnhYMk5KZW5oNmJDMUdVekZJY0V0cGMyYxAB,ChIJGU4QofgXby4RuL1oWDzZsVI,Imah Amih Resto and Cafe,Kuningan,Nongkrong,5,Makanan nya enak  dan  karyawan ramah,2026-05-03T03:20:30.147Z,KamiUser Tank,105029309627657312837,False,0,id,2026-05-04T16:56:24.752091
Ci9DQUlRQUNvZENodHljRjlvT21kUWExVnFiMTlLWTNNelJDMVlWRmxqV0RNMWMxRRAB,ChIJGU4QofgXby4RuL1oWDzZsVI,Imah Amih Resto and Cafe,Kuningan,Nongkrong,5,Mantap pelayanannya ramah,2026-05-03T02:12:43.137Z,Laura Laura,109275628029767749994,False,0,id,2026-05-04T16:56:24.752106
Ci9DQUlRQUNvZENodHljRjlvT21vd2JXbFdPR0p3TTB4d00ySjFXRWczVVZnMldYYxAB,ChIJGU4QofgXby4RuL1oWDzZsVI,Imah Amih Resto and Cafe,Kuningan,Nongkrong,5,Enak tempatnya sangat nyaman,2026-05-03T02:01:07.980Z,Loura Noviandita,115110398706374476398,False,0,id,2026-05-04T16:56:24.752114
Ci9DQUlRQUNvZENodHljRjlvT21kMFJWTnpaM05QZEZKUlJGVnVUa1ZvWWxoRFJGRRAB,ChIJGU4QofgXby4RuL1oWDzZsVI,Imah Amih Resto and Cafe,Kuningan,Nongkrong,5,Tempat nya nyaman dan enak terus karyawan nya ramah ramah,2026-05-03T01:53:04.946Z,Firman Syah,106547722506089326203,False,0,id,2026-05-04T16:56:24.752129
Ci9DQUlRQUNvZENodHljRjlvT21zNFdVMTJVSGd3VUZOUGQxVnpjamxaWVZKd00yYxAB,ChIJGU4QofgXby4RuL1oWDzZsVI,Imah Amih Resto and Cafe,Kuningan,Nongkrong,5,"Akses mudah pakai mobil, parkir luas, makanan harga & porsi worthed lah, rasa so so, ok lah. Playground bayar lagi 20rb peranak (harus pakai kaos kaki, klo ga ada bisa beli 5rb). Ada kolam renang juga bayar lagi 25rb/anak.",2026-05-02T05:42:46.140Z,Gatot BP,113070093874101722273,True,0,id,2026-05-04T16:56:24.752137
Ci9DQUlRQUNvZENodHljRjlvT2tNM1duSjFaalpNWmtkd1ZYaEtXV00yV2xoUGFtYxAB,ChIJGU4QofgXby4RuL1oWDzZsVI,Imah Amih Resto and Cafe,Kuningan,Nongkrong,5,"Overall puas makan di sini. Dari rasa, tempat, sampai pelayanan semuanya oke. Bakal balik lagi kalau ke Kuningan",2026-05-01T14:07:47.814Z,Chris Evans,112779470355834920794,False,0,id,2026-05-04T16:56:24.752146
Ci9DQUlRQUNvZENodHljRjlvT25GcFNrSmtOVlYyWlZKcmMzaGZkV0pCUTJwaFQwRRAB,ChIJGU4QofgXby4RuL1oWDzZsVI,Imah Amih Resto and Cafe,Kuningan,Nongkrong,5,"Tempatnya luas dan banyak pilihan tempat duduk. Saya datang sama teman-teman, semua pada suka makanannya",2026-05-01T14:07:18.161Z,Aryo Robert,103612001836800359134,False,0,id,2026-05-04T16:56:24.752153
Ci9DQUlRQUNvZENodHljRjlvT21NMGJrOWtRa2xLZFVaeGJ6UkJlRzQwYVZsS00wRRAB,ChIJGU4QofgXby4RuL1oWDzZsVI,Imah Amih Resto and Cafe,Kuningan,Nongkrong,5,Harga masih masuk akal dengan rasa dan tempat yang didapat. Gurame gorengnya garing di luar tapi lembut di dalam.,2026-05-01T14:04:30.076Z,Genta maulana,114566590614997158204,False,0,id,2026-05-04T16:56:24.752161
Ci9DQUlRQUNvZENodHljRjlvT21OcGRsQTJibkpwTW0xd1JGZ3RZazFmVmxkeWNWRRAB,ChIJGU4QofgXby4RuL1oWDzZsVI,Imah Amih Resto and Cafe,Kuningan,Nongkrong,5,"Tempatnya bersih dan tertata. Saya suka konsep saungnya, jadi lebih privat kalau makan bareng keluarga. Nasi liwetnya recommended",2026-05-01T14:02:53.635Z,Faridabilqis,104524583092764122103,False,0,id,2026-05-04T16:56:24.752169
Ci9DQUlRQUNvZENodHljRjlvT2t4S1ExTTVZM0ZhZG1SR1VsSkhOWE5uVVdaR1ZtYxAB,ChIJGU4QofgXby4RuL1oWDzZsVI,Imah Amih Resto and Cafe,Kuningan,Nongkrong,5,"View-nya enak banget, banyak hijau-hijauan jadi bikin betah lama. Makanannya standar Sunda tapi rasanya enak dan fresh",2026-05-01T14:01:36.477Z,daniar siregar,102768888055913779717,False,0,id,2026-05-04T16:56:24.752183
Ci9DQUlRQUNvZENodHljRjlvT2tkWFluZHJhVTF2VVc1Q1dHaHhjVlpVY1d4Q1NVRRAB,ChIJ8fWtdD0Xby4R-vtpM4L96j0,Rageman Resto & Coffee,Kuningan,Nongkrong,5,"Iseng2mampir sini, kalo liat range harga menunya agak  pricy tp kalo bisa dapet view sebagus itu & rasa masakan yg enak, worth it lah. Ada kolam renang juga & parkiran luas banget, yg punya mobil listrik bisa ngecas jg.
Saya pesan bebek bakar Bali, ayam bakar, nasgor & donat kentang coklat, semuanya ga ada yg failed. Sambelnya ga pedes tp kok enaaaak.
Pertahankan rasa & kualitas ya",2026-01-16T09:30:01.337Z,ayu Lestari,118176700987771683627,True,0,id,2026-05-04T16:56:24.752227
Ci9DQUlRQUNvZENodHljRjlvT2pGWVkweE1iVEpsT0V0dFRXOVBUa2hrZUVJMVpFRRAB,ChIJ8fWtdD0Xby4R-vtpM4L96j0,Rageman Resto & Coffee,Kuningan,Nongkrong,5,"tempat resto yg nyaman karena punya view bagus, ada spot foto yg keren, soal makanan juara & layanan cepat n helpful",2026-01-11T10:31:41.035Z,Babeh Ilham,107121209993741485276,True,0,id,2026-05-04T16:56:24.752243
Ci9DQUlRQUNvZENodHljRjlvT2pWUk5uUnpRalpmVW1SWmFVMTBVbGRCYzJWSlVFRRAB,ChIJ8fWtdD0Xby4R-vtpM4L96j0,Rageman Resto & Coffee,Kuningan,Nongkrong,5,Sangat cocok liburan bersama keluarga sambil menikmati hidangan👍👍👍,2026-01-07T09:28:26.640Z,Global Teknik,111802605528526376429,True,0,id,2026-05-04T16:56:24.752259
Ci9DQUlRQUNvZENodHljRjlvT2t0RFVsbDJORGd6WlZFd1dqaHFUMnB3UjJaSlVuYxAB,ChIJ8fWtdD0Xby4R-vtpM4L96j0,Rageman Resto & Coffee,Kuningan,Nongkrong,5,Best. Terimakasih,2026-01-06T16:17:25.461Z,QPR,111552573070792930327,True,0,id,2026-05-04T16:56:24.752268
Ci9DQUlRQUNvZENodHljRjlvT2xSQ00wdG9kMVJtU0VWM1YwVk5lVTUzYm5OcmJtYxAB,ChIJn3kBtfwXby4RaGljl41h7I0,Kedai Tresha,Kuningan,Nongkrong,5,"SUKAKKKK, viewnya langsung jalan baru + gunung ciremai, cocok buat ngobrol ngobrol santai sama temen, atau nugas juga 🥰🥰🥰🥰",2026-05-04T15:14:07.878Z,Aidara,118085341237063499614,True,0,id,2026-05-04T16:56:24.752284
Ci9DQUlRQUNvZENodHljRjlvT2psSFNHdDFhWEpMVnpsS1VHeHNSazl2UjFsT1pYYxAB,ChIJn3kBtfwXby4RaGljl41h7I0,Kedai Tresha,Kuningan,Nongkrong,4,"Makanannya enak, pelayanannya juga cepat banget padahal lagi rame. Cuma saran dikit, kalau bisa customer dikasih nomor meja aja supaya staff nggak perlu mondar-mandir sambil teriak cari customer. Kasian juga lihat staff jadi ekstra repot. Overall, puas siii",2026-05-03T10:34:01.381Z,Fauziah Maisarah,110336165814625205408,False,0,id,2026-05-04T16:56:24.752295
Ci9DQUlRQUNvZENodHljRjlvT25ONlJrWTVhMDA1U0ZCS04xTTVNMGh6V2pacVJFRRAB,ChIJn3kBtfwXby4RaGljl41h7I0,Kedai Tresha,Kuningan,Nongkrong,5,"Seru banget nongkrong disini, viewnya langsung gunung Ciremai, kalo malem bisa liat city light juga kalo lagi terang.

Staffnya ramah, pengarahannya jelas & helpful banget.

Best recommendation : Kopi Cream Cheesenya, enak banget creamy, pait, manis, blend perfectly 👌🏻",2026-05-03T09:46:15.620Z,Melina Andriani,115053202278104454175,True,0,id,2026-05-04T16:56:24.752304
Ci9DQUlRQUNvZENodHljRjlvT25GU1ZYUlhVRmxwYm10UFZVcG5Oa0ZqUzAxQ2FIYxAB,ChIJn3kBtfwXby4RaGljl41h7I0,Kedai Tresha,Kuningan,Nongkrong,5,"sangat memuaskan , tempat nya , pegawai2 nya, makanan dan minumannya, yang paling berkesan sih pegawai2 nya sangat ramahhhh poll , makasih yaa aa aa dan teteh yang bantu surprise anak saya waktu ulang tahun , next time saya kesini lagi bersama keluarga saya ❤️❤️❤️",2026-05-03T09:07:04.934Z,Jeni sri Wahyuni (jeje),111844724951526628742,True,0,id,2026-05-04T16:56:24.752312
Ci9DQUlRQUNvZENodHljRjlvT2tKcFl6QnNkVkpKTjBsRFZUVnNZWGxyY0VGcGIzYxAB,ChIJn3kBtfwXby4RaGljl41h7I0,Kedai Tresha,Kuningan,Nongkrong,5,"View mantap kalo malem, makanannya enak",2026-05-02T11:24:20.367Z,AKBAR AIDUL POETRA,116283348758505239653,True,0,id,2026-05-04T16:56:24.752320
Ci9DQUlRQUNvZENodHljRjlvT204d1JFZGpVMll4WlVzdGFHVmxObkpsTW5GNlNWRRAB,ChIJn3kBtfwXby4RaGljl41h7I0,Kedai Tresha,Kuningan,Nongkrong,5,Untuk makanan nya enak dan harga nya pasti harga restoran,2026-05-02T08:25:21.541Z,Solihin (Solihin),109179507227721254160,True,0,id,2026-05-04T16:56:24.752328
Ci9DQUlRQUNvZENodHljRjlvT25acmRGQjJSME40ZDJrMWF6ZEdkM0JzWVVOMVZGRRAB,ChIJn3kBtfwXby4RaGljl41h7I0,Kedai Tresha,Kuningan,Nongkrong,5,Tanggal merah buka ga a,2026-05-01T04:07:19.621Z,Nurul Hidayat,116143299071704185898,False,0,id,2026-05-04T16:56:24.752336
Ci9DQUlRQUNvZENodHljRjlvT25oTGRVRTNaelprVGtWaGVFVk5XWFl0ZHpJemFVRRAB,ChIJn3kBtfwXby4RaGljl41h7I0,Kedai Tresha,Kuningan,Nongkrong,5,Next otw makan di Tresha lagi😍,2026-04-27T14:02:50.201Z,Cceu Emeh85,102327065461496178914,False,0,id,2026-05-04T16:56:24.752372
Ci9DQUlRQUNvZENodHljRjlvT25wMWJrWm5iemRvYkhGVmRIQmZSMWhSTTB0TlIzYxAB,ChIJn3kBtfwXby4RaGljl41h7I0,Kedai Tresha,Kuningan,Nongkrong,5,"Tiap lewat sini..anakku pasti minta mampir, makanannya enak, harganya terjangkau,tempatnya nyaman bgt..bagus buat bikin berkesan memori anak..",2026-04-27T04:11:35.922Z,Wiwi Pratiwi,115741077392999075224,False,0,id,2026-05-04T16:56:24.752387
Ci9DQUlRQUNvZENodHljRjlvT21VdE5YcG9UVlpDUkdnek56QmtNRGhzZGpNeE9WRRAB,ChIJn3kBtfwXby4RaGljl41h7I0,Kedai Tresha,Kuningan,Nongkrong,5,"Tempat yang nyaman untuk nongkrong bareng keluarga maupun teman. Comfort food, cozy place. Pegawainya helpful sekali 👍🏻",2026-04-27T00:14:00.070Z,Renni Astrianti,109912524678736732443,False,0,id,2026-05-04T16:56:24.752395
Ci9DQUlRQUNvZENodHljRjlvT2sxMllWWk1ZV3A0TmtkRVJWbElUVzVIZFRJeU1XYxAB,ChIJn3kBtfwXby4RaGljl41h7I0,Kedai Tresha,Kuningan,Nongkrong,5,Nyobain Tempat baru di kuningan .utk tmpt ok gmpg dicarinya cm klo ksini aiang panas enak sore jam 5 kyknya.dan g kliatan gunungnya.utk cemilan ok rasanya.harga standar.mas2 nya baik2 smua.,2026-04-25T08:32:23.755Z,Nina Amelia,114855426299840603961,True,0,id,2026-05-04T16:56:24.752418
Ci9DQUlRQUNvZENodHljRjlvT2kweVZVZzRlUzFpTVc5UWJqbHpiM1ozYkdjM2RsRRAB,ChIJn3kBtfwXby4RaGljl41h7I0,Kedai Tresha,Kuningan,Nongkrong,5,"Suka banget sama tempatnya, bersih, makanan dan minumannya enak semua, pelayanan bagus terus tempat buat solatnya enak banget, luas",2026-04-23T15:39:58.679Z,Nikita Felicia,112408773661228207953,False,0,id,2026-05-04T16:56:24.752427
Ci9DQUlRQUNvZENodHljRjlvT2tGUVkwZFFhRE42TTBJMVdIbG5jbEEwVmxkaGIwRRAB,ChIJn3kBtfwXby4RaGljl41h7I0,Kedai Tresha,Kuningan,Nongkrong,5,"Rasa makanan sama minumannya not bad, suasananya juga bagus ditambah with special people🤍

tapiiii ada satu hal yang aku inget banget (btw aku dudukny di area atas), ada salah satu pegawai yg stay di sana dia sendirian mungkin buat beresin meja² kotor, itu bestt sii ramah bangettt dan gercep, apresiasi buat pegawai yg itu👍🏻",2026-04-21T14:03:00.417Z,ziah tazkiah,101513901784242982451,False,0,id,2026-05-04T16:56:24.752436
Ci9DQUlRQUNvZENodHljRjlvT2kxelpEVXhZV3BJV0daYWJrbENSRTVaTWpKYVRsRRAB,ChIJn3kBtfwXby4RaGljl41h7I0,Kedai Tresha,Kuningan,Nongkrong,4,"Tempatnya nyaman banget buat santai! Meskipun konsepnya terbuka, hawanya tetap adem karena banyak angin sepoi-sepoi. Pelayanannya jempolan, ramah, dan pesanan datangnya cepat.

Dari segi harga, makanan dan minuman masih standar (normal). Pilihan area duduknya banyak dan kebersihannya sangat terjaga. Fasilitas juga lengkap: ada mushola di bawah, WC rapi dan bersih. Parkiran luas, tapi kalau lagi ramai banget bisa parkir di seberangnya. Highly recommended!",2026-04-19T12:13:47.763Z,Rifal Di,116880292173990368065,True,0,id,2026-05-04T16:56:24.752466
Ci9DQUlRQUNvZENodHljRjlvT21jNFVrcGhaVXQ2TTFsSlZFTnRUMDVTU1dvMFFYYxAB,ChIJn3kBtfwXby4RaGljl41h7I0,Kedai Tresha,Kuningan,Nongkrong,5,Proper sekali untuk venue intimate. Terima kasih Kedai Tresha❤️,2026-04-19T03:07:58.778Z,Mia Wulansani,111778202096506578016,False,0,ms,2026-05-04T16:56:24.752483
Ci9DQUlRQUNvZENodHljRjlvT2xoRE9YY3RTakpIYWs5amJrMWtUV000VjNKdmNYYxAB,ChIJn3kBtfwXby4RaGljl41h7I0,Kedai Tresha,Kuningan,Nongkrong,5,Viewnya bagus banget,2026-04-19T02:51:56.526Z,Maula Review,115089722842498603186,True,0,id,2026-05-04T16:56:24.752491
Ci9DQUlRQUNvZENodHljRjlvT25CWVREZ3dZMDg0VUVsU1ZrODFabUowU3pSME1GRRAB,ChIJn3kBtfwXby4RaGljl41h7I0,Kedai Tresha,Kuningan,Nongkrong,5,"Tempat ny bagus, dateng buat bukber dan buat reservasi pagi untuk buka puasa, pesen Nasi Goreng Kambing, enak pooooool harganya juga murmer 30rban aja, es campur nya juga enak, alpukat sama kelapa nya ngga pelit dan dpet kurma gratis, mushola dan Tempat wudhu nya adem dan cukup luas yaa, bersih juga, tapi untuk pelayanan nya memang agak lama krna reservasi yg penuh di jam bukber, tapi worth it banget makan disini 🥰",2026-04-15T06:57:30.425Z,Indah Permatasari,108580084689168510973,True,0,id,2026-05-04T16:56:24.752500
Ci9DQUlRQUNvZENodHljRjlvT2tSdVVrMVhWamxDVjFkeVpGQldRMlY1Ym5Vd1ptYxAB,ChIJn3kBtfwXby4RaGljl41h7I0,Kedai Tresha,Kuningan,Nongkrong,5,"pelayanannya cepatt sekalii baru pesan langsung jadi , ga harus nunggu lama untuk makanan dan minuman enakk 😻🤭",2026-04-13T10:52:13.403Z,khadizaa (dijaah),105100069782350510927,False,0,id,2026-05-04T16:56:24.752508
Ci9DQUlRQUNvZENodHljRjlvT2pBNVIySjJPR2MzYzAxT2JtMTRXbUpXU1ZSd2RGRRAB,ChIJn3kBtfwXby4RaGljl41h7I0,Kedai Tresha,Kuningan,Nongkrong,2,Dua kali dateng nunggu makanan 1 jam lebih,2026-04-12T03:25:58.995Z,Minhaj Robbani,104076491031766829538,True,0,id,2026-05-04T16:56:24.752538
Ci9DQUlRQUNvZENodHljRjlvT214VGVWOWtha3MzYUc1SFkwaGxSMUUzYjNZNWNtYxAB,ChIJn3kBtfwXby4RaGljl41h7I0,Kedai Tresha,Kuningan,Nongkrong,5,view bagus harga ok lahh selebihnya selera,2026-04-09T17:47:51.358Z,Muhammad Rasyid Ridho,109990409214334092462,False,0,ms,2026-05-04T16:56:24.752553
Ci9DQUlRQUNvZENodHljRjlvT21Ga2FUWTVjRUZzY1cxWVJFRTFjamRNV0d0bk1rRRAB,ChIJn3kBtfwXby4RaGljl41h7I0,Kedai Tresha,Kuningan,Nongkrong,5,"Suasananya nyaman, saran kalo kesini malam hari hawa sejuknya lebih berasa dan dapat view citylightnya, penyajian minumana terhitung cepat, untuk rasa makanan enak.",2026-04-08T03:07:51.607Z,Edwin Nurdiansyah,106529114920383015856,True,0,id,2026-05-04T16:56:24.752562
Ci9DQUlRQUNvZENodHljRjlvT2twSE1UWTNRVWx6WTNCamFWZHNVbTgxWVV0aGJuYxAB,ChIJn3kBtfwXby4RaGljl41h7I0,Kedai Tresha,Kuningan,Nongkrong,4,"makanan nyaaa enakk² semuaa, waiters yang nganter makanan nyaa ramah² . Suka bangettt sama view pemandangan nyaa, rekomen bangettt buat acara keluarga atau cuma ngedate sama pasangan🤍🤍🤍🤍",2026-03-31T05:13:06.020Z,Dudung Duari,109428774186985581613,False,0,id,2026-05-04T16:56:24.752579
Ci9DQUlRQUNvZENodHljRjlvT2pOUFVUaEdhVWN0VUMxaGNuSm9NazlMYTFKMk1FRRAB,ChIJn3kBtfwXby4RaGljl41h7I0,Kedai Tresha,Kuningan,Nongkrong,5,"tempatnyaa bagus syahduu, apalagi pelayanannya👏",2026-03-30T08:48:46.265Z,Ariel Hidayat,106192308415038756306,False,0,id,2026-05-04T16:56:24.752597
Ci9DQUlRQUNvZENodHljRjlvT2w5blJteDJVRXRvY1Vka2JHVnFZazgyU1d4NlNsRRAB,ChIJn3kBtfwXby4RaGljl41h7I0,Kedai Tresha,Kuningan,Nongkrong,5,"untuk makanannya enak"" dan juga pelayannya pada ramah sukakk🥰🥰",2026-03-30T07:13:29.275Z,april worf,109847407729768209298,False,0,id,2026-05-04T16:56:24.752607
Ci9DQUlRQUNvZENodHljRjlvT2xwT2VISlpiVWN4YjBwYVRDMVhhM1p3VEV0R1dWRRAB,ChIJGU4QofgXby4RuL1oWDzZsVI,Imah Amih Resto and Cafe,Kuningan,Nongkrong,5,"Tempatnya cocok buat makan bareng keluarga. Saya pesan nasi liwet sama ayam bakar, rasanya pas dan sambalnya mantap. Pelayanannya juga ramah",2026-05-01T13:57:43.423Z,Asep Mungkar,108155273141863665394,False,0,id,2026-05-04T16:56:24.752616
Ci9DQUlRQUNvZENodHljRjlvT2pSNldHZENaSGxZZGpsNkxVeGlabEJ6Ums5NE5sRRAB,ChIJGU4QofgXby4RuL1oWDzZsVI,Imah Amih Resto and Cafe,Kuningan,Nongkrong,5,"bakal balik lagi kesini dan jadi langganan semua nya TOP ..
terimakasih imah amih",2026-05-01T09:03:28.440Z,rosa rinjani,107307455943795904416,False,0,id,2026-05-04T16:56:24.752633
Ci9DQUlRQUNvZENodHljRjlvT25GT1IyZHJSWGhPV0V0ZlF6Rk9TRU40TTJZelNsRRAB,ChIJGU4QofgXby4RuL1oWDzZsVI,Imah Amih Resto and Cafe,Kuningan,Nongkrong,5,"mantap bakal balik lagi kesini , segi makanan nya enak harga terjangkau dan pelayanan nya juga cepat dan ramah ,, thankyou",2026-05-01T08:41:38.547Z,gina bunga,104026072033907620554,False,0,id,2026-05-04T16:56:24.752643
Ci9DQUlRQUNvZENodHljRjlvT21wS01IVnNVMGhoYjJkbFkycFFPSGhwZURWT1dtYxAB,ChIJGU4QofgXby4RuL1oWDzZsVI,Imah Amih Resto and Cafe,Kuningan,Nongkrong,5,"Pertama kali ke sini dan sangat cukup puas. Tempat nyaman, pelayanan ramah. Terima kasih, semoga kualitasnya tetap dijaga 🙏",2026-05-01T08:11:07.456Z,nararya dirga,102520048414677369001,False,0,id,2026-05-04T16:56:24.752659
Ci9DQUlRQUNvZENodHljRjlvT2xWTllqTk1UMFpNT0VRMGFHZDFhWE5GU3pWcVltYxAB,ChIJGU4QofgXby4RuL1oWDzZsVI,Imah Amih Resto and Cafe,Kuningan,Nongkrong,5,"makanan nya enak , tempat nya nyaman dan pelayanan nya cepat .. Bakal balik kesini lagi",2026-05-01T08:09:45.979Z,Intan Chika,100412362844674739354,False,0,id,2026-05-04T16:56:24.752667
Ci9DQUlRQUNvZENodHljRjlvT2tsWFpXZFNiblp4Tm1kNWRUQlNSMHBrWlhwNVJFRRAB,ChIJGU4QofgXby4RuL1oWDzZsVI,Imah Amih Resto and Cafe,Kuningan,Nongkrong,5,"Pelayanannya sangat baik, staff ramah dan responsif. Tempatnya juga bersih dan nyaman. Sangat direkomendasikan 👍",2026-05-01T08:07:56.020Z,agrid n,108485680786419828599,False,0,id,2026-05-04T16:56:24.752675
Ci9DQUlRQUNvZENodHljRjlvT21aRVJFYzNVbmxQT0RnMk1EZExVRk5ZYUhodlgxRRAB,ChIJGU4QofgXby4RuL1oWDzZsVI,Imah Amih Resto and Cafe,Kuningan,Nongkrong,5,"Makanannya enak banget, porsinya pas dan platingnya cantik. Pelayanan ramah dan cepat, tempatnya juga bersih & nyaman. Harga sesuai kualitas. Bakal balik lagi! ⭐⭐⭐⭐⭐",2026-05-01T07:49:34.702Z,Andiani Cahyawati,105281624013023083823,False,0,id,2026-05-04T16:56:24.752684
Ci9DQUlRQUNvZENodHljRjlvT25sdlp6QnZOVzlyUlRFd1N6VndjMUV6Y3kxcGJFRRAB,ChIJGU4QofgXby4RuL1oWDzZsVI,Imah Amih Resto and Cafe,Kuningan,Nongkrong,5,"Untuk suasana disini dan makanan disini sangat enak, apalagi ini booking untuk 1 keluarga besar dari ujung sampai ujung, terima kasih 🥰❤️",2026-04-25T07:26:34.502Z,Nur Aulia Rahmani,100609635878865035107,False,0,id,2026-05-04T16:56:24.752693
Ci9DQUlRQUNvZENodHljRjlvT2xCWlRHMTRZbXB3TFZFNVNrdFJUVVEwUmxveGFsRRAB,ChIJGU4QofgXby4RuL1oWDzZsVI,Imah Amih Resto and Cafe,Kuningan,Nongkrong,5,lengkap ada permainan dan zoo nya,2026-04-23T23:37:32.011Z,domz channel,110030290396856608046,True,0,id,2026-05-04T16:56:24.752709
Ci9DQUlRQUNvZENodHljRjlvT25kM1ZtRlNkMnBEWjI1R1FYb3dTVE5wV0hsbmRsRRAB,ChIJGU4QofgXby4RuL1oWDzZsVI,Imah Amih Resto and Cafe,Kuningan,Nongkrong,5,Bagus untuk rekreasi keluarga + tempat makan,2026-04-17T03:28:24.874Z,asep alrasi,115337329843443800560,True,0,id,2026-05-04T16:56:24.752724
Ci9DQUlRQUNvZENodHljRjlvT2kxTVQwdzRXUzAyZG5ONlJWTnBVak5JUzBwaVZFRRAB,ChIJGU4QofgXby4RuL1oWDzZsVI,Imah Amih Resto and Cafe,Kuningan,Nongkrong,2,"makanan sama layanan service nya udah oke, saya jauh jauh dari jkt 2x kesini tukang parkirnya ga berubah bener bener ga ramah, kasar ga punya etika tolong di benahi.
sayang sekali resto makanan dan layanan service nya sudah bagus tapi tukang parkirnya minus, ga bgt",2026-04-15T10:37:04.879Z,jasmine,108863331374360968871,False,0,id,2026-05-04T16:56:24.752763
Ci9DQUlRQUNvZENodHljRjlvT2w5b2FtcGtZbkF4YkdjNVFWUnphMVZpVkVNeWNsRRAB,ChIJGU4QofgXby4RuL1oWDzZsVI,Imah Amih Resto and Cafe,Kuningan,Nongkrong,5,Pelayanannya baik da ramah,2026-04-15T04:54:55.650Z,Sunarko Konar,100812474079047897116,False,0,id,2026-05-04T16:56:24.752772
Ci9DQUlRQUNvZENodHljRjlvT25Sc1Fra3lOM28zUzIxNlJ6WlhOa2hQUWtWM2IyYxAB,ChIJGU4QofgXby4RuL1oWDzZsVI,Imah Amih Resto and Cafe,Kuningan,Nongkrong,2,"parkiran kalau ada wedding aneh banget
motor 1 3.000
kalau 3 10.000
kocak banget aja gitu",2026-04-14T04:27:57.816Z,Iqbal Mohamad,111999523731469932169,False,0,id,2026-05-04T16:56:24.752780
Ci9DQUlRQUNvZENodHljRjlvT2paWE5sQnhNR0p0ZFMwelJWVXhOakJYV0ZNMGJIYxAB,ChIJGU4QofgXby4RuL1oWDzZsVI,Imah Amih Resto and Cafe,Kuningan,Nongkrong,5,"Tempat bagus,makanan enak",2026-04-12T08:19:08.975Z,Bayu Setio Ajiputra,102099888796745084611,True,0,id,2026-05-04T16:56:24.752797
Ci9DQUlRQUNvZENodHljRjlvT2s1WE1uWkxlRmc0YzBJMGQzSTVlRVJvTUdaSE9YYxAB,ChIJGU4QofgXby4RuL1oWDzZsVI,Imah Amih Resto and Cafe,Kuningan,Nongkrong,5,Menu makan utk rame rame worth it ambil yg paket liwet ber 4-5 org,2026-04-12T07:46:45.465Z,Poco M3,102310684905820273583,False,0,id,2026-05-04T16:56:24.752805
Ci9DQUlRQUNvZENodHljRjlvT21SeVVIbFdaRVEyVWs5a056bHRNRUp2TmxoU1VuYxAB,ChIJGU4QofgXby4RuL1oWDzZsVI,Imah Amih Resto and Cafe,Kuningan,Nongkrong,5,"Tempat nya enak, fasiltas lengkap.
Tapi seharusnya playground itu fasilitas yang tidak bayar, pasti makin ramai",2026-04-10T09:13:12.002Z,Pandu Tulus Satria,105936027571842719650,True,0,id,2026-05-04T16:56:24.752813
Ci9DQUlRQUNvZENodHljRjlvT21OblNtNW5iemRVTjBjMWFsbENUV0ZJWkhOWFVXYxAB,ChIJGU4QofgXby4RuL1oWDzZsVI,Imah Amih Resto and Cafe,Kuningan,Nongkrong,4,"makanan cukup enak, cuma emang klu lagi libur atau ada acara bookingan kaya wedding gitu harus waiting list, untungnya sambil menunggu bisa pilih aktivitas lain kaya terapi ikan, liat mini zoo, berenang ataupun foto2 sekitar karena suasana pinggir sawah cukup memanjakan mata. tempat ini kids friendly juga ya.

saran saja kedepannya untuk yg waiting list mohon diberi plang atau tanda bahwa area situ tempat waiting list dan pemanggilan untuk yg waiting list tolong menggunakan pengeras suara juga karena terkadang tidak terdengar (sedang aktivitas lain)

untuk parkiran juga mohon di pikirkan kembali penempatanya, apalagi ketika weekend atau tgl merah, wahhh lama bgt diatur parkir nya dan bikin macet jalanan",2026-04-09T04:52:06.186Z,Intan Puspita Asri,111387852676310430637,True,0,id,2026-05-04T16:56:24.752822
Ci9DQUlRQUNvZENodHljRjlvT25GZmJXRnlaalphTlRoTWQwbHpZM2N4UzNaQ1ZWRRAB,ChIJGU4QofgXby4RuL1oWDzZsVI,Imah Amih Resto and Cafe,Kuningan,Nongkrong,5,"Makanan enak, penyajian cepat karyawan ramah, tempat duduk luas bnyak tempat nyaman,spot foto jg bnyak,ada kolam renang dan Playground jg jadi anak bisa makan setelah bermain, parkir luas,ada dua musolah, pokoknya rekomendasi bgt deh...",2026-04-06T22:15:27.855Z,Eli Yani,106505906613583925862,False,0,id,2026-05-04T16:56:24.752831
Ci9DQUlRQUNvZENodHljRjlvT21OeU5XcEVkbTlvUkhkYVpsZHJTRTkxYkU1d1UzYxAB,ChIJGU4QofgXby4RuL1oWDzZsVI,Imah Amih Resto and Cafe,Kuningan,Nongkrong,5,"Mantap, pelayanan cepat, ramah, dan rasa makanannya sangat enak. Terbaik pokoknya",2026-04-04T08:49:07.990Z,GHANATA A.P,105863887336115897657,False,0,id,2026-05-04T16:56:24.752847
Ci9DQUlRQUNvZENodHljRjlvT2tScU5XbHVNRzkwTWtabVVrbHFkWGxWYTFwQlEyYxAB,ChIJGU4QofgXby4RuL1oWDzZsVI,Imah Amih Resto and Cafe,Kuningan,Nongkrong,4,Makanan saya kasih bintang 3 dulu. Soalnya kemarin pesen lumayan banyak dan ayam bakar dingin. Seperti tidak baru di bakar,2026-04-04T04:53:21.419Z,RISQY REZVAN,100274249554419158677,True,0,id,2026-05-04T16:56:24.752855
Ci9DQUlRQUNvZENodHljRjlvT2paUlIyUmFjVTB5VWxSalQzcDJObUo2ZGw5cGJHYxAB,ChIJGU4QofgXby4RuL1oWDzZsVI,Imah Amih Resto and Cafe,Kuningan,Nongkrong,5,Cocok buat kumpul keluarga besar..pokoknya mantappp,2026-03-31T12:38:23.240Z,Boim Tea,107746587049344405902,True,0,id,2026-05-04T16:56:24.752872
Ci9DQUlRQUNvZENodHljRjlvT21sUlVsRnFXalpsUkdKbFkzcEdTMGQyWVVGRVdrRRAB,ChIJGU4QofgXby4RuL1oWDzZsVI,Imah Amih Resto and Cafe,Kuningan,Nongkrong,5,Suasananya bagus,2026-03-31T11:29:47.723Z,buday ozil,103972606622968267180,False,0,id,2026-05-04T16:56:24.752891
Ci9DQUlRQUNvZENodHljRjlvT213dFJ6QTVSR05DUzA1dlFUZ3hlSGRtUVU1QlZWRRAB,ChIJVQrrCgAXby4RJ6hmMjUCfLI,Padino Cafe n Resto,Kuningan,Nongkrong,5,"Tempatnya tenang, nyaman, asri. Pelayanannya super ramah dah humble polll",2026-02-11T06:57:45.019Z,Fitri Nur Azizah,117000725912321763257,False,0,id,2026-05-04T16:56:24.752907
ChZDSUhNMG9nS0VJQ0FnTURJNXRpbWV3EAE,ChIJVQrrCgAXby4RJ6hmMjUCfLI,Padino Cafe n Resto,Kuningan,Nongkrong,5,Kedai baru dengan konsep baru di Kuningan. Makanan dan kopinya recomended,2025-04-09T10:48:59.416Z,Kang Dhani Waja,103865931321412483791,True,0,id,2026-05-04T16:56:24.752918
ChdDSUhNMG9nS0VJQ0FnTURJbExLNnNRRRAB,ChIJVQrrCgAXby4RJ6hmMjUCfLI,Padino Cafe n Resto,Kuningan,Nongkrong,5,"Kopinya enak, tempatnya bagus dan nyaman buat nongkrong",2025-04-07T11:10:51.728Z,Alhaqni Drum School,107702665293643528617,False,0,id,2026-05-04T16:56:24.752940
ChdDSUhNMG9nS0VJQ0FnSUNucmQzZTdnRRAB,ChIJVQrrCgAXby4RJ6hmMjUCfLI,Padino Cafe n Resto,Kuningan,Nongkrong,5,"recommended bangett harga ramah dikantor
rasa resooo",2024-09-28T16:07:44.310Z,dina septianti,107616182015893034297,False,0,id,2026-05-04T16:56:24.752962
ChdDSUhNMG9nS0VJQ0FnSURIMFpiUXVRRRAB,ChIJVQrrCgAXby4RJ6hmMjUCfLI,Padino Cafe n Resto,Kuningan,Nongkrong,5,"Makanannya enak, tempatnya nyaman , recommended bnget buat makan bersama keluarga",2024-09-17T04:27:13.973Z,Tita Juwita,108594797769420428106,False,0,id,2026-05-04T16:56:24.752970
ChZDSUhNMG9nS0VJQ0FnSUNMb3VXQkVBEAE,ChIJVQrrCgAXby4RJ6hmMjUCfLI,Padino Cafe n Resto,Kuningan,Nongkrong,2,"Kurang recommended klo buat sy, sy pesan cumi goreng tepung harga 35000, yg dtng mengecewakan. Tepung dicumiin inimah,bukan cumi ditepungin...banyakan tepungnya dari pada cuminya.gk worth dg harga 35rb dpt isinya 6 tepung dicumiin. Tepung  dg 1 potong  cumi yg ukurannya 1-2 cm...saat byr ada beberapa menu yg harganya tidak sesuai dg di buku menu..harus lebih teliti.
Bikin hidangan yg masuk akal dengan harga, biar nanti customer balik lagi,,
Trus daftar harganya coba dibuat ulang,,biar gk beda2 harga pas bayar.",2024-06-17T04:57:15.962Z,Nabila Azzahra,115684393569999035930,False,0,id,2026-05-04T16:56:24.752978
ChdDSUhNMG9nS0VJQ0FnSUNUdDZhUy1BRRAB,ChIJVQrrCgAXby4RJ6hmMjUCfLI,Padino Cafe n Resto,Kuningan,Nongkrong,5,"Rumah makan legendaris niih. Dulu paling laris.
Cita rasa masakan nya masih enak koq. Hanya saja mungkin kurang promosi nya sehingga agak sepi.",2024-05-20T08:00:46.908Z,My Journey,118173016008693793139,True,0,id,2026-05-04T16:56:24.752986
ChdDSUhNMG9nS0VJQ0FnSUNEdDQyT3hnRRAB,ChIJVQrrCgAXby4RJ6hmMjUCfLI,Padino Cafe n Resto,Kuningan,Nongkrong,3,"Pertama makan disitu acara bukber sangat kecewa,SDH nunggu lama ternyata menu yg dpesan bnyk ygTDK tersedia pdhl ditawarkan🤦‍♀️....alasannya TDK bisa mendadak.....sekelas resto  ko gitu....pdhl resto keadaannya sepi ngga rame...kecewa deh.....hrg mahal tp penyajiannya ga bgt",2024-04-03T04:02:46.348Z,Ibu Lilik,105445388997542425216,False,1,id,2026-05-04T16:56:24.752996
ChdDSUhNMG9nS0VJQ0FnSUM5dThxQm1nRRAB,ChIJVQrrCgAXby4RJ6hmMjUCfLI,Padino Cafe n Resto,Kuningan,Nongkrong,2,"1. pelayan dan yang masak sedikit, jadi nunggu nya lama banget bahkan 1 jam untuk menu 1 keluarga (10 orang). padahal datang di jam makan siang 13.30, tapi datang jam 3 sore
2. rasa makanan nya biasa aja, minuman cukup mahal
3. pelayan kurang ramah",2024-03-10T08:56:39.661Z,Tsabit A R,107391711132079263881,False,1,id,2026-05-04T16:56:24.753006
ChZDSUhNMG9nS0VJQ0FnSUM5bkpxQkxREAE,ChIJVQrrCgAXby4RJ6hmMjUCfLI,Padino Cafe n Resto,Kuningan,Nongkrong,5,MantapZ.. kuy merapat ksini buat maksi atau ngupi.. recommended,2024-03-04T05:06:26.821Z,Ramon Zulkifli,111958813675767156090,True,0,id,2026-05-04T16:56:24.753014
ChZDSUhNMG9nS0VJQ0FnSUMxLWRQdlFREAE,ChIJVQrrCgAXby4RJ6hmMjUCfLI,Padino Cafe n Resto,Kuningan,Nongkrong,3,"Pelayannya suka ngelucu dan ramah2. Si ibu yang punya katanya mau milih anies baswedan. Ada pemandangan pas tempat makan tapi kehalang sama bangunan musola. Rasa standar, harga standar, tapi katanya kemahalan kalau buat orang kuningan. Bener gak? Tapi masih oke lah segitu mah. Baru sekali ke situ",2024-01-01T16:27:06.307Z,Fikri Hilman,101772869996894208356,True,0,id,2026-05-04T16:56:24.753023
ChdDSUhNMG9nS0VJQ0FnSURGaXRMXzBRRRAB,ChIJVQrrCgAXby4RJ6hmMjUCfLI,Padino Cafe n Resto,Kuningan,Nongkrong,5,"Makanannya enak,sambelnya enak,Mantap lah pokoknya😊",2023-11-05T06:56:53.361Z,Zulfikar Alfansuri,105062149106338084185,False,1,id,2026-05-04T16:56:24.753052
ChZDSUhNMG9nS0VJQ0FnSURGaXRMLUd3EAE,ChIJVQrrCgAXby4RJ6hmMjUCfLI,Padino Cafe n Resto,Kuningan,Nongkrong,5,"Sambalnya enak ,penyajiannya cepat",2023-11-05T06:55:53.376Z,Nuraini,114242284213996753268,False,0,id,2026-05-04T16:56:24.753060
Ci9DQUlRQUNvZENodHljRjlvT21sVWJFRlRUek52ZEhKUVlXOXFWbEE1UkVJemVGRRAB,ChIJn3kBtfwXby4RaGljl41h7I0,Kedai Tresha,Kuningan,Nongkrong,5,"pelayanan nya ramah, tempat nya bagus nyaman, apalagi pemandangan bagus banget, makanan minuman nya nya juga enak². good job lah.......",2026-03-30T06:55:43.718Z,Ismail Mail,112766047618538507456,False,0,id,2026-05-04T16:56:24.753068
Ci9DQUlRQUNvZENodHljRjlvT2xoYVJFZHhZa1JhTm1oSE9GZEZWelpuV2tock1HYxAB,ChIJn3kBtfwXby4RaGljl41h7I0,Kedai Tresha,Kuningan,Nongkrong,5,"Semuanya enak tp bagi yg mendang mending ini agak mahal 🙏😊
makanan juga cepat, gak harus nunggu lama
baru pertama kesini padahal sering lewat jalan baru😁",2026-03-29T11:39:04.251Z,Fatimah M. Ima,102501712098810301733,True,0,id,2026-05-04T16:56:24.753076
Ci9DQUlRQUNvZENodHljRjlvT2xKa1VIRlJUMWwyVFVvd2FtSjRkMUpKZW05M1JsRRAB,ChIJn3kBtfwXby4RaGljl41h7I0,Kedai Tresha,Kuningan,Nongkrong,5,Nasgor kambing enakk pwolll … biasa beli solariaa karena jauh aku belinya ke tresha enakk kambingnya nggak bau porsinya banyak rasanya juga nggak berubah udah 2 kali coba ❤️,2026-03-28T13:13:28.359Z,Sasadary Beauty,113019017487875014821,False,0,id,2026-05-04T16:56:24.753091
Ci9DQUlRQUNvZENodHljRjlvT25aaE4xSndWbnBNWVhWM1JGVklVMlpVVjI1UFIxRRAB,ChIJn3kBtfwXby4RaGljl41h7I0,Kedai Tresha,Kuningan,Nongkrong,5,Tempat Nongkrong Cracy sihhh,2026-03-28T07:16:47.235Z,Nabil Al Khudri.N,112125984333645452039,False,0,id,2026-05-04T16:56:24.753100
Ci9DQUlRQUNvZENodHljRjlvT2xCUVFVMXdNMUJHWVVkSmVXaFRUV1ZsZUZSaGVWRRAB,ChIJn3kBtfwXby4RaGljl41h7I0,Kedai Tresha,Kuningan,Nongkrong,5,"Kedai Tresha suasana adem banget makan makanan dan minuman nya enak enak pelayanan sangat cepat tempat nya bagus buat keluarga, bareng temen/buat nongkrong rumah makan paling bagus di kuningan",2026-03-28T04:48:46.670Z,Muhamad Yoga,110095298607884673424,False,0,id,2026-05-04T16:56:24.753126
Ci9DQUlRQUNvZENodHljRjlvT25kM2FtSlFNME0yVTBWak1FOTRaRXBGY1VjNVJHYxAB,ChIJn3kBtfwXby4RaGljl41h7I0,Kedai Tresha,Kuningan,Nongkrong,5,"Tempatnya cozy, cukup luas parkirannya, letaknya strategis, pemandangannya bagus, makanan rekomendasinya nasi kebuli sama tongseng dan kopinya enak enak.
cuman untuk pelayanannya masih kurang teliti di setiap pesanan customer, kemarin menunggu makanan dan minum sekitar 1jam an, dari jam 5-6 lewat makanan blum dateng bahkan air mineral pun belum ada difable.
tolong di tingkatin lagi ya untuk estimasi waktu pesanannya",2026-03-28T02:45:51.820Z,Rafiifa Idzattasaq,118356129077252815260,False,0,id,2026-05-04T16:56:24.753135
Ci9DQUlRQUNvZENodHljRjlvT25GalJVSnBXa2RwZG1kbFNXVjNRWEZuUTNwMWRIYxAB,ChIJn3kBtfwXby4RaGljl41h7I0,Kedai Tresha,Kuningan,Nongkrong,5,Rame terussssss,2026-03-28T01:32:42.099Z,Ari Kurniawan,118124854911964839604,True,0,id,2026-05-04T16:56:24.753143
Ci9DQUlRQUNvZENodHljRjlvT2psUmRsRldNRFkyZWpkVE1YSnNaMUZSWVhseVlVRRAB,ChIJn3kBtfwXby4RaGljl41h7I0,Kedai Tresha,Kuningan,Nongkrong,5,"Tempat nya enak banget buat ngopi sore-sore, mampir kesini waktu mudik ke kuningan. Pilihan makanan dan minuman nya banyak, mulai dari makanan ringan sampai ke makanan berat. Toilet nya bersih, musholla nya bersih.",2026-03-25T08:52:00.868Z,Yulia Sarah Damayanti,105203518384696230889,True,0,id,2026-05-04T16:56:24.753158
ChZDSUhNMG9nS0VJQ0FnSURaeU1uSUdnEAE,ChIJVQrrCgAXby4RJ6hmMjUCfLI,Padino Cafe n Resto,Kuningan,Nongkrong,5,"Rekomendasi banget untuk makan disini mah duhh udah berapa kali makan disini ga pernah gagal dari segi hal apapun 😍 cuman berapa kali makan disini sy mau kasih saran aja ya min , kalo ada rombongan/ lagi rame sy saranin si mending tambah karyawan buat waiters, soal nya sy liat yg bagian minuman + mendoan mereka aja yang bulak balik aja kalo ada rombongan+tamu dari luar .. si aa si teteh nya si ga jadi masalah biasa aja cuman sy liat nya kadang kasian si emang iya resiko nya, kalo engga tinggal tambahin aja min buat mereka😂🤭
Udah si segitu aja , semua nya enakkk+nyaman🤩",2023-09-23T09:00:39.665Z,NOVA ADITYA NUGRAHA,110489407290136804447,False,2,id,2026-05-04T16:56:24.753195
ChdDSUhNMG9nS0VJQ0FnSURab043Z3lBRRAB,ChIJVQrrCgAXby4RJ6hmMjUCfLI,Padino Cafe n Resto,Kuningan,Nongkrong,5,"Enak si untuk harga segini makan di rumah makan ini .. pelayanan nya bagus waiters nya ramah"" .. kalo soal makanan si ya menurut sy ini enak banget SUNDA banget👍
Cuman mis nya hanya karna makan nya di belakang konsep nya jadi tak kira sempit karna parkiran nya begitu luassssss🤭
Saya puas banget si makan disini , buat kalian yang baru ke rumah makan cibentang jangan heran parkirannya luass ya dan jangan ragu plis disini enak banget saya puas banget disini bareng keluarga/teman pun enak .. plis ini rekomendasi banget si👍👍",2023-09-22T05:10:47.050Z,MAULIDA,103422888066069000884,False,2,id,2026-05-04T16:56:24.753204
ChZDSUhNMG9nS0VJQ0FnSUNaeWVYVGNREAE,ChIJVQrrCgAXby4RJ6hmMjUCfLI,Padino Cafe n Resto,Kuningan,Nongkrong,5,"Alhamdulilah saya sudah makan berapa kali disini selalu sangat puas👍
Tempat nya udah nyaman, makanan enak minuman juga enak , pokonya kalian harus coba mampir ke RM cibentang ini , sangat rekomen banget buat acara keluarga bisa, acara kumpul teman juga bisa ada juga mainan untuk anak, jangan di tanya masalah pemandangan nya, yuk buruan mampir ke RM cibentang di jamin puas😁😍",2023-09-13T06:18:03.393Z,Rizki Andeskar,104086702340434214662,False,1,id,2026-05-04T16:56:24.753221
ChdDSUhNMG9nS0VJQ0FnSURwdjhxU2tRRRAB,ChIJVQrrCgAXby4RJ6hmMjUCfLI,Padino Cafe n Resto,Kuningan,Nongkrong,1,"Aduhhhh GAK RECOMENDED Bgt deh buat resto satu ini. Mentang"" Pesen menu paketan dikasih slundreng nya apeuk .. lumayan loh 5 paket jg..udah gitu pesen sop Iga 2 porsi.. dikasih KOL nya mentah.. emng nya SOTO🤧🤧🤦🤦.pesen es teh manis.. malah dikasih nya es Teh TAWAR..harga nya mehong lagii es teh tawar aja 10rb GUYS🤣🤣🤣🙈🙈. UDH GITU PAS bayar . Di Nottanya menu yg ga dipesen malah ada di list pesenan.. wahh klo ga teliti kasian tuh tekorrr bayar nya... Dikira nya gara"" rombongan ga bakal ngeuhh kali ya😂😂. Udh gitu di komplain bukannya terima.. malah balik marahh😂😂😂😂. Lucu bgt deh sama.pelayananya👎👎👎.",2023-09-01T11:00:35.162Z,Mia Damiyati,102850525073055518009,False,0,id,2026-05-04T16:56:24.753238
ChZDSUhNMG9nS0VJQ0FnSURKN3MtYUFnEAE,ChIJVQrrCgAXby4RJ6hmMjUCfLI,Padino Cafe n Resto,Kuningan,Nongkrong,5,Makanannya cocok dengan lidah saya,2023-07-17T14:22:04.541Z,A. Nichole T,107252112592699758996,True,0,id,2026-05-04T16:56:24.753253
ChZDSUhNMG9nS0VJQ0FnSUNKMF9YZUF3EAE,ChIJVQrrCgAXby4RJ6hmMjUCfLI,Padino Cafe n Resto,Kuningan,Nongkrong,5,Tempatnya luas dan nyaman. Viewnya menghadap gunung dan sawah. Hawanya sejuk. Bikin betah. Makanannya enak semua. Harganya bersahabat. Musholanya nyaman. Bisa dijadiin andalan klo sedang lewat situ.,2023-07-04T12:50:47.916Z,Momyfa,110736881118985351884,True,2,id,2026-05-04T16:56:24.753271
ChdDSUhNMG9nS0VJQ0FnSUN4cFlHRmlRRRAB,ChIJVQrrCgAXby4RJ6hmMjUCfLI,Padino Cafe n Resto,Kuningan,Nongkrong,5,Pemandangannya bagus menghadap ke sawah dan gunung. Makanannya lumayan,2023-05-22T06:20:15.174Z,Adel R,101964652263415059324,True,0,id,2026-05-04T16:56:24.753298
ChdDSUhNMG9nS0VJQ0FnSUN4bnM3bnZBRRAB,ChIJVQrrCgAXby4RJ6hmMjUCfLI,Padino Cafe n Resto,Kuningan,Nongkrong,3,"Untuk ukuran saya harga terlalu mahal ya...
Cemilan dan minuman
Pisang goreng 45rb...
Aneka juice 25rb
Juice ori 20rb
Dulu pernah makan disini...ayam kampung nya enak dan ga semahal cemilan dan minuman nya...
Tempat luas, nyaman untuk acara formal atau non formal.
Mushala bersih, toilet bersih, ada arena bermain anak",2023-05-18T08:38:05.897Z,Windi Srivimala,114992041518209502794,True,4,id,2026-05-04T16:56:24.753308
ChZDSUhNMG9nS0VJQ0FnSUN4MXEtT0N3EAE,ChIJVQrrCgAXby4RJ6hmMjUCfLI,Padino Cafe n Resto,Kuningan,Nongkrong,1,"pelayanan lamaaa bangett ayam nya keras mba""nya ga ramah ga rekomen",2023-05-17T06:13:49.484Z,053_Saldi Nasliady (aldi),103801308610611074836,True,0,id,2026-05-04T16:56:24.753319
ChZDSUhNMG9nS0VJQ0FnSUN4MU1uSUJREAE,ChIJVQrrCgAXby4RJ6hmMjUCfLI,Padino Cafe n Resto,Kuningan,Nongkrong,5,"Lokasi mudah ditemukan dan sesuai titik di maps, area parkir bisa untuk banyak mobil dan motor, tempat duduk banyak dan menghadap pemandangan yang menarik, menu bervariatif dan harga terjangkau, kualitas rasa enak, cocok untuk keluarga ataupun nongki bareng teman, yukk mampiirr..",2023-05-11T13:05:26.724Z,Gilang Lazuardi Hibatullah,102961293722405352710,True,0,id,2026-05-04T16:56:24.753335
ChZDSUhNMG9nS0VJQ0FnSUN4NExhZVhBEAE,ChIJVQrrCgAXby4RJ6hmMjUCfLI,Padino Cafe n Resto,Kuningan,Nongkrong,3,Rasa masakannya kurang sedap dikit lagi,2023-05-08T12:05:10.639Z,Imam Taufik,100714047568034238383,True,0,id,2026-05-04T16:56:24.753349
ChZDSUhNMG9nS0VJQ0FnSURSNV9IS0VBEAE,ChIJVQrrCgAXby4RJ6hmMjUCfLI,Padino Cafe n Resto,Kuningan,Nongkrong,3,Masakannya kurang sedaaap,2023-05-05T15:07:05.596Z,Imam Taufik,118319497414961158511,True,0,id,2026-05-04T16:56:24.753359
ChdDSUhNMG9nS0VJQ0FnSURScHNMejBBRRAB,ChIJVQrrCgAXby4RJ6hmMjUCfLI,Padino Cafe n Resto,Kuningan,Nongkrong,1,Pelayanan sangat lambat..!,2023-04-24T07:10:37.148Z,Boim Ibrohim,100352588592786645228,False,0,id,2026-05-04T16:56:24.753367
ChZDSUhNMG9nS0VJQ0FnSURoOVkzSUV3EAE,ChIJVQrrCgAXby4RJ6hmMjUCfLI,Padino Cafe n Resto,Kuningan,Nongkrong,4,"Makanan enak, tempat nyaman, parkir cukup luas",2023-03-14T13:48:42.124Z,dian rustaman,109596936353259541207,True,0,id,2026-05-04T16:56:24.753397
ChdDSUhNMG9nS0VJQ0FnSURoc2J1dTJBRRAB,ChIJVQrrCgAXby4RJ6hmMjUCfLI,Padino Cafe n Resto,Kuningan,Nongkrong,4,Masakannya asin,2023-03-11T13:36:58.186Z,Winda,110797798404302188800,True,0,id,2026-05-04T16:56:24.753406
ChdDSUhNMG9nS0VJQ0FnSUNodVl1S29BRRAB,ChIJVQrrCgAXby4RJ6hmMjUCfLI,Padino Cafe n Resto,Kuningan,Nongkrong,5,"Makanan nya enak dengan harga yang pantas, pemandangan nya keren banget dengan view sawah dan gunung, pelayanan juga ok banget, gercep dan satset.
Satu masukan untuk Resto ini adalah Fasilitas toilet nya harus ditingkatkan, tidak boleh membiarkan toilet tidak bisa dikunci dan aroma nya agak smelly.

Semoga Resto ini makin sukses ke depan nya.. 👍",2023-02-17T07:34:47.882Z,Rudi Wijaya,117215294907392683522,True,0,id,2026-05-04T16:56:24.753429
ChdDSUhNMG9nS0VJQ0FnSURCMnRURG5RRRAB,ChIJVQrrCgAXby4RJ6hmMjUCfLI,Padino Cafe n Resto,Kuningan,Nongkrong,3,Sedikit pas sih,2023-01-17T09:08:26.914Z,Deden Surya A,114672741576196029856,True,0,id,2026-05-04T16:56:24.753447
Ci9DQUlRQUNvZENodHljRjlvT2xKcWFpMW9kMFZsVDBoUFR6ZHROMnhhTWsxSFpVRRAB,ChIJAbBCpLUZby4R-SD8lh1eAlw,TitikTeh,Kuningan,Nongkrong,4,"to be honest, agak overpriced untuk matcha dan makanannya.
tapi ambience nya memang menyenangkan. spacious, fasilitas lengkap.",2026-05-01T13:57:44.002Z,lnd S,102134515222807178065,True,0,id,2026-05-04T16:56:24.753468
Ci9DQUlRQUNvZENodHljRjlvT2pKTU5VZG5NRlJaYzBKTVREWXRSVVpCVWpKYVZuYxAB,ChIJAbBCpLUZby4R-SD8lh1eAlw,TitikTeh,Kuningan,Nongkrong,4,One main point... Tempat nya spacious bgt..,2026-04-28T10:36:11.756Z,Cak Atho',104793003818282390297,True,0,id,2026-05-04T16:56:24.753478
Ci9DQUlRQUNvZENodHljRjlvT214NVFYWXlhVEpPZW5kMWEycDFhbUpRTW1Nd2NGRRAB,ChIJAbBCpLUZby4R-SD8lh1eAlw,TitikTeh,Kuningan,Nongkrong,5,"Cafe yang cozy adem bgt. Cocok buat kumpul2 bareng bestie atau keluarga. Makanan dan minumannya enak, porsinya banyak weey 🫶 cocok buat perut gembul kaya aku 😁
Kemaren nyoba nasi ikan sambel matah oke banget cuma kurang pedes dikit, creme matchanya lumayan.",2026-04-20T13:08:13.096Z,selly eka,103068282334281811636,True,0,id,2026-05-04T16:56:24.753486
Ci9DQUlRQUNvZENodHljRjlvT2xSZk0xbGxUbFZ0Um1oNlJ6QjVZblpKYzNnNFpsRRAB,ChIJAbBCpLUZby4R-SD8lh1eAlw,TitikTeh,Kuningan,Nongkrong,5,"Barusan meeting di sini tempatnya enakeun, masih deket ke perumahan subsidi yang luas tanahnya 72 M2...Terima Kunci Cuma 2 Juta. Graha Pesona Halimpu",2026-04-19T07:54:36.085Z,Graha Pesona Halimpu,105435637706150140582,True,0,id,2026-05-04T16:56:24.753494
Ci9DQUlRQUNvZENodHljRjlvT25KTmIxTmZYMjV3YTNCdlUwUkRNMFZDWkd4T1JHYxAB,ChIJAbBCpLUZby4R-SD8lh1eAlw,TitikTeh,Kuningan,Nongkrong,1,"kemarin mampir kesini terus makanannya kurang enak, hambar tidak ada rasa dan apesnya gelas tumpah, kena celana tidak ada kata maaf atau apa, nunggu makanan lama dan tidak sekaligus ini mah berasa makan sendiri sendiri cukup sekali nunggu berjam jam dapetnya apes",2026-04-06T01:31:58.252Z,otoy junior,117859454875602141970,False,0,id,2026-05-04T16:56:24.753508
Ci9DQUlRQUNvZENodHljRjlvT2xOdVpsZEZVVmhzVjNwa1pVaFFlVTlDYzBoVVVXYxAB,ChIJAbBCpLUZby4R-SD8lh1eAlw,TitikTeh,Kuningan,Nongkrong,3,"Pada saat minuman es kopi (titik kopi susu) disimpan diatas meja dan baru beberapa kali diminum kemudian ada lalat hijau masuk. Kemudian mengajukan komplain ke pelayan, namun disuruh untuk beli baru / order kembali bukan diganti free.",2026-04-05T09:08:02.688Z,Ragam Aktivitas Channel,100147333444366938453,False,0,id,2026-05-04T16:56:24.753523
Ci9DQUlRQUNvZENodHljRjlvT2xwRVVUaFJNVzgzTFd4UlpISmZWelZNUzFnelZWRRAB,ChIJAbBCpLUZby4R-SD8lh1eAlw,TitikTeh,Kuningan,Nongkrong,2,"liat di menu varian coklat yg aku pilih tu ada ice cream nya, eh taunya pas uda dateng malah gini doangg, mana gaada konfirmasi sama sekali lagi waiters nya💔",2026-04-03T12:34:18.444Z,Wafa Muztalifal hammi,109641970044217836573,False,0,id,2026-05-04T16:56:24.753532
Ci9DQUlRQUNvZENodHljRjlvT2xGM1FYVTJWRTh5ZEdGR2FDMXpiM3BXV21ZM2FFRRAB,ChIJAbBCpLUZby4R-SD8lh1eAlw,TitikTeh,Kuningan,Nongkrong,1,"Chatting admin by whatsapp komplain kalau di telur nasi goreng masih ada cangkang nya dari tanggal 23 maret 2026 sampai hari ini 28 maret 2026 sama sekali ga ada respon apapun,untung ketolong sama masakan nya yang enak,tapi service cleaning meja nya lamaaaaa sekali,tidak ada pelayan yang stanby untuk control meja2 customer apakah butuh service bantuan atau tidak,pelayan hanya mengantarkan pesanan saja,jadi meja customer di biarkan kotor jika customer sebelum nya sudah selesai tidak langsung di bersihkan (bahkan asbak rokok pun debu nya masih numpuk bekas customer sebelum nya) saya kedapetan piring yang pinggiran nya gompel",2026-03-28T04:31:13.017Z,Nur Alifah M,109590869008409820631,False,0,id,2026-05-04T16:56:24.753540
Ci9DQUlRQUNvZENodHljRjlvT2tOR2FWQmFka1JSTms0eFgzRmxhVlJEZFhkc1UwRRAB,ChIJAbBCpLUZby4R-SD8lh1eAlw,TitikTeh,Kuningan,Nongkrong,1,"Nunggu lama, datang minum ke makan 30 menit, meja gak sedia sendok dan tisu,,
Rasa biasa aja,",2026-03-27T10:58:59.009Z,ciremai komputer,103635398514803762293,False,0,id,2026-05-04T16:56:24.753550
Ci9DQUlRQUNvZENodHljRjlvT21RNGFuZG1iMnQwUTA1TWRXbFphbWRQY25FMVNrRRAB,ChIJAbBCpLUZby4R-SD8lh1eAlw,TitikTeh,Kuningan,Nongkrong,5,"Makanan enak, minum nya enak, dan bersih",2026-03-26T23:58:01.843Z,Aditya Firdaus,109649926593100423135,True,0,id,2026-05-04T16:56:24.753560
Ci9DQUlRQUNvZENodHljRjlvT2pKc09EaDZUWEJmTVdOcFdXRlZOVVV0TlhkdWFuYxAB,ChIJAbBCpLUZby4R-SD8lh1eAlw,TitikTeh,Kuningan,Nongkrong,1,"boking langsng bwt bukber g bsa , sruh lwat wa !! sdah d wa slow respon lamaa bangt . skli y d bls kt y sudah full ,, agak lain emng",2026-03-14T12:07:31.900Z,Sri Mulyani,103181627282444426772,False,0,id,2026-05-04T16:56:24.753583
Ci9DQUlRQUNvZENodHljRjlvT2xGemVqbE9VV1U0TWxVMlNrbDJhbkJrV0hkUmIxRRAB,ChIJAbBCpLUZby4R-SD8lh1eAlw,TitikTeh,Kuningan,Nongkrong,1,"Pesan nasi paru disini kering banget astaga, susah di gigit, butuh extra tenaga, kayak karet",2026-03-13T11:34:08.555Z,Ocha Lakshita,104534365122177698246,False,0,id,2026-05-04T16:56:24.753591
Ci9DQUlRQUNvZENodHljRjlvT25SaVZrSm1hVFk0VkVsUVJuTnpiVXhzZVhsMWMxRRAB,ChIJAbBCpLUZby4R-SD8lh1eAlw,TitikTeh,Kuningan,Nongkrong,5,"Suasananya asri, family friendly. Pelayanannya pun bagus banget. Kebetulan aku tiba² haid. Kakak waitersnya yang jaga di depan pintu menawarkan diri memberikan pembalut yg dibawanya. Salut sih keren banget",2026-03-11T10:54:41.326Z,Yerim Min,102533474376674596973,False,0,id,2026-05-04T16:56:24.753599
Ci9DQUlRQUNvZENodHljRjlvT21sUlNtMUlVRlJKU1dwR2JsTktObGhKUmswM1IzYxAB,ChIJAbBCpLUZby4R-SD8lh1eAlw,TitikTeh,Kuningan,Nongkrong,5,"Tempatnya udah di renov makin bagus, kualitas makanan sih udah ga diragukan lagi. Nyobain teh Rosela itu ternyata enak sampai selalu repeat order. Bagus juga klo buat me time atau ngerjain tugas disini.",2026-03-08T19:31:48.609Z,Lifia Ardhya,105747458486624634474,True,0,id,2026-05-04T16:56:24.753607
Ci9DQUlRQUNvZENodHljRjlvT21oeWRHRXhaamc0VXpjMVFreFJWRXRRYkVGR1FrRRAB,ChIJAbBCpLUZby4R-SD8lh1eAlw,TitikTeh,Kuningan,Nongkrong,5,nyaman tempat nya,2026-01-27T12:41:17.283Z,Trianagata,114763567758357564344,False,0,id,2026-05-04T16:56:24.753650
Ci9DQUlRQUNvZENodHljRjlvT2xkRGJGQm5Wak5xTVMxbGRVbFZlbUpKUjB0WVdtYxAB,ChIJAbBCpLUZby4R-SD8lh1eAlw,TitikTeh,Kuningan,Nongkrong,5,tempat nya nyaman pelayan nya baik,2026-01-27T12:35:12.575Z,Regas Sutrisna,103132935630313256590,False,0,id,2026-05-04T16:56:24.753658
Ci9DQUlRQUNvZENodHljRjlvT20wMVNsZHhka1ZPV0ZSalJqTjBjbUZCV2pSb1pWRRAB,ChIJAbBCpLUZby4R-SD8lh1eAlw,TitikTeh,Kuningan,Nongkrong,5,"tempatnya nyaman, makanannya enak",2026-01-27T10:02:50.471Z,Juwanita Dwiantari,103700255242773780325,False,0,id,2026-05-04T16:56:24.753666
Ci9DQUlRQUNvZENodHljRjlvT2xKMlpIVjZRVXRoZWxkdU1saFdURU0xVERkeGJFRRAB,ChIJAbBCpLUZby4R-SD8lh1eAlw,TitikTeh,Kuningan,Nongkrong,5,nyaman tempatnya,2026-01-27T10:02:29.089Z,RADHINA,117897276685859924871,False,0,id,2026-05-04T16:56:24.753675
Ci9DQUlRQUNvZENodHljRjlvT2pWd2JpMW1OSGM1ZUVzeVFtUnhOekY2WnpaRFRHYxAB,ChIJAbBCpLUZby4R-SD8lh1eAlw,TitikTeh,Kuningan,Nongkrong,1,"zonk bgt, menu 1 jam ga keluar
saran buat manajemen nya diatur yg lebih bener",2026-01-24T05:52:42.330Z,Adang Aminuddin,103180140605537471932,False,0,id,2026-05-04T16:56:24.753686
Ci9DQUlRQUNvZENodHljRjlvT2sxQ2FuSnBWMVJyVUdkVlRHbzNhRzV1Ym1VMFNuYxAB,ChIJAbBCpLUZby4R-SD8lh1eAlw,TitikTeh,Kuningan,Nongkrong,5,pelayanannya ramah,2026-01-24T04:08:54.332Z,Nurmega Aulia,105980745977846189167,False,0,id,2026-05-04T16:56:24.753695
Ci9DQUlRQUNvZENodHljRjlvT2pKTU1VZ3dZVzQzY1dwcWNrRjRVV2h0TFhWdWNXYxAB,ChIJAbBCpLUZby4R-SD8lh1eAlw,TitikTeh,Kuningan,Nongkrong,1,"Layanannya jelek bgt ya. Tempat makan tersebar tp ga siap karyawan untuk ke meja pelanggan. Jadi kalau mau nambah menu atau ada menu yang kurang atau ada menu yg mau dibungkus (krn ga abis) bawa pulang, pelanggan yg hrs wara wiri kesana kesini. Karyawan cuma anter makanan minuman saja. Meja yg sudah dipakai tdk segera dibersihkan jd ketika ada pelanggan yg mau pakai meja, bersiin sendiri. Lah iya lah mana tau karyawan ada meja yg hrs dibersihkan. Taunya di depan doank. Jelek bgt pelayanannya. Rasa juga aneh ( mie aceh sabang) klo baru pertama kali makan mie aceh bakal trauma dan melebeli mie aceh ga enak padahal klo bener masaknya, mie aceh tuh enak bgt",2026-01-21T07:02:51.385Z,kireina ku,112747143555134053686,True,0,id,2026-05-04T16:56:24.753738
Ci9DQUlRQUNvZENodHljRjlvT2xWQ1FtazVSelJTYUZZeFZISTBPR0pyWVZkdVlsRRAB,ChIJAbBCpLUZby4R-SD8lh1eAlw,TitikTeh,Kuningan,Nongkrong,1,"Layanan jelek, menu sudah ga ada bilangnya sold out. Misalkan laris banget ga mungkin juga pagi sudah ada yg sold out.
Rasa masakan bukan ga enak, tapi ga jelas mau kemana rasanya.",2026-01-21T07:00:54.962Z,Syaiful Hakim,111981193879878428228,True,0,id,2026-05-04T16:56:24.753746
Ci9DQUlRQUNvZENodHljRjlvT2t0aVVYazNTazg1VjBGa1lsWXRha3gxUTBSM1JHYxAB,ChIJAbBCpLUZby4R-SD8lh1eAlw,TitikTeh,Kuningan,Nongkrong,1,"Parkirannya kacau. Tukang parkir cuma muncul pas kita mau keluar, pas parkir tidak dibantu sama sekali. Sangat mengganggu kenyamanan pengunjung titik teh. Harusnya tempat sekelas ini parkirnya gratis soalnya tempat titik teh di dalam bukan di pinggir jalan raya, jadi ada tukang parkir juga tidak berfungsi, di mohon untuk pihak titik teh mengambil tindakan tegas. terima kasih",2026-01-18T11:32:41.533Z,cumi bakar,112229009452364493821,True,0,id,2026-05-04T16:56:24.753755
Ci9DQUlRQUNvZENodHljRjlvT25vMVlsa3lhR1JxZVhwclZVcGhWMnhvTWxKcE5YYxAB,ChIJAbBCpLUZby4R-SD8lh1eAlw,TitikTeh,Kuningan,Nongkrong,1,Menu nya ngga ready semua ada yg harus nunggu lama biar ready kyk churros sama croffle,2026-01-18T06:34:48.223Z,Yogas Prawira,110405714525391750855,False,0,id,2026-05-04T16:56:24.753763
Ci9DQUlRQUNvZENodHljRjlvT25kMGQwaGxSMmR3YkVoRVZraG5lSEUwT0RGblMyYxAB,ChIJAbBCpLUZby4R-SD8lh1eAlw,TitikTeh,Kuningan,Nongkrong,2,"Ambience nya enak dan syahdu namun sayang sekali makananya kureeenggg banget dengan harga yang lumayan pricey. Saya pesen paru, yang datang parunya kering banget, terus dimsumnya juga udah gaenak kaya yang basi padahal buat anak. Mudah2an anak saya ga kenapa2. Mie jawanya juga biasa aja. Tapi kasirnya ramah.",2026-01-16T14:38:12.533Z,Akira Muhammad,100672472990458891847,False,0,id,2026-05-04T16:56:24.753770
Ci9DQUlRQUNvZENodHljRjlvT25SeVR6RnlaRk4yY1dabmRrTmlRM2RvVHpKcmNWRRAB,ChIJAbBCpLUZby4R-SD8lh1eAlw,TitikTeh,Kuningan,Nongkrong,1,"Dulu suka jauh2 dr cirebon ke kuningan cm pengen makan disini. Semalem makan disini ternyata zonk bgt.
- Menu tdk variatif
- Rasanya tidaak enaak
- Makanan datang lama sekali
Saking lamanya akhirnya pas dtg sy bungkus krn sdh terlalu malam, pas sampe hotel mau aku makan, aku pesen iga bakar. Pas aku makan ternyata nasinya mentah, astagfiruloh. Dan itu aku chat admin via DM ig, tp hanya di read loh. Sama sekali ga dibales apalagi minta maaf.

Aku tanya temen yg org2 kuningan ternyata mmg sudah ga enak sama sekali makanan2 dsini.
Jadi klo yg pgn makan enak, saran jangan kesini. Klo yg laper bgt jangan kesini. Disini setengah buku menu dibilang habis atau kosong. Jd isinya lbh ke nasgor atau mie dan camilan.. dan rasanya bagi aku yg suka kulineran, minus bgt. Inshallah g akan kesini lagi, pdhl dl mayan jd destinasi klo main atau nginep ke kuningan.",2026-01-11T10:09:33.952Z,Ardina Meyvita,108749881182612440585,True,0,id,2026-05-04T16:56:24.753786
Ci9DQUlRQUNvZENodHljRjlvT25jMlZsaFFhMHN4VjBKQlZuQllUVVF6TVZSdE4yYxAB,ChIJAbBCpLUZby4R-SD8lh1eAlw,TitikTeh,Kuningan,Nongkrong,1,Menunggu lama tapi belum sampai sampai ternyata nasi nya habis tapi tidak ada kabar 👎,2026-01-11T07:14:15.262Z,syakira Hito,118359396410103617740,False,0,id,2026-05-04T16:56:24.753794
Ci9DQUlRQUNvZENodHljRjlvT2psRkxXaHJhM0ZtYlVoNmNVUldlVmxRV0RsVlQzYxAB,ChIJAbBCpLUZby4R-SD8lh1eAlw,TitikTeh,Kuningan,Nongkrong,1,Pesenan ditunggu lama banget datengnya nunggu 1 jam lebihh pas disamper ternyata menu bermasalah dsb kecewa dengan pelayanan buruk kalo ada masalah bilang dari awal,2026-01-11T07:12:29.124Z,Fatih,107601801096029571949,False,0,id,2026-05-04T16:56:24.753803
Ci9DQUlRQUNvZENodHljRjlvT2tWUmNrNXZaRGRhUzFWWU16UkRUVEZaVGxwU1dWRRAB,ChIJAbBCpLUZby4R-SD8lh1eAlw,TitikTeh,Kuningan,Nongkrong,5,"Tempatnya estetik banget dan bersih. Cocok buat yang suka foto-foto sambil makan cantik. Harga worth it lah ya, makanannya juga enak enak. Stafnya sangat membantu. Sekali Coba, Pasti Ketagihan.",2026-01-10T11:15:58.041Z,Dinneaw Sutharom,112905090126529558999,False,0,id,2026-05-04T16:56:24.753814
Ci9DQUlRQUNvZENodHljRjlvT21kbFJXUndkMDVIVURkVFVHMXRjMU5JVVRWbE5VRRAB,ChIJAbBCpLUZby4R-SD8lh1eAlw,TitikTeh,Kuningan,Nongkrong,3,"Mampir ke TitikTeh sambil nunggu steam Mobil. Menyediakan berbagai varian Matcha, kebutulan aku coba Yabuki Iced Latte tapi rasanya kurang cocok di aku. Kurang suka. Dengan harga 40k menurutku cukup pricey sih. Terus pesen mix platter datangnya lama bangeeeet ada kali sejam. Tempatnya luas, banyak kursi-kursi.",2026-01-09T12:08:13.338Z,Ika B Shali,115583473948297892216,True,0,id,2026-05-04T16:56:24.753829
Ci9DQUlRQUNvZENodHljRjlvT2tSTU9HTnJSMjg0V0ZSdVpucE5RMEp2WHpKclMzYxAB,ChIJAbBCpLUZby4R-SD8lh1eAlw,TitikTeh,Kuningan,Nongkrong,1,Pelayanan kurang memadai,2026-01-01T08:15:37.199Z,agam aceh,105929756148955388762,False,0,id,2026-05-04T16:56:24.753843
Ci9DQUlRQUNvZENodHljRjlvT21jMU0zQTNiMkpUY3padGMwNXVOQzF6ZFhkTlIxRRAB,ChIJAbBCpLUZby4R-SD8lh1eAlw,TitikTeh,Kuningan,Nongkrong,1,"Order bebek sm nasi goreng 13.29 smp 14.41 menu makanan belum keluar juga smp minuman sudah habis
Gak recomended 👎🏻",2026-01-01T07:42:26.999Z,Eko Prihanto,117208291188372616756,True,0,id,2026-05-04T16:56:24.753851
Ci9DQUlRQUNvZENodHljRjlvT2pKRlMxbGZhME5oZUROM1kyOWxaRGh6Y2xaNVpYYxAB,ChIJAbBCpLUZby4R-SD8lh1eAlw,TitikTeh,Kuningan,Nongkrong,4,"Bagus banget tempatnya, makanannya 10000000✨ nasi paruh dan matcha nya mantap, mungkin bisa di tingkatkan di kebersihan outdoor dan restroomnya, karna kalau makanan enak tapi kurang bersih. bikin kenyamanan berkurang

Bisa tambahkan wewangian juga ka..

Semoga bisa di tingkatkan lagi ya kebersihannya 🫰🏻✨

Pertama kali ke kuningan ini resto terbaik
👍🏻",2025-12-31T13:09:34.767Z,Desyana Ayunda,100349011932230442447,False,0,id,2026-05-04T16:56:24.753858
Ci9DQUlRQUNvZENodHljRjlvT25sbk1tUklRVlYzVXpkU1IzVTJhRzR5YVRKNVIxRRAB,ChIJAbBCpLUZby4R-SD8lh1eAlw,TitikTeh,Kuningan,Nongkrong,5,Tempatnya nyaman bisa bawa anak memberi pakan ikan,2025-12-28T13:41:58.110Z,desy rosalia,115678787947151031772,False,0,id,2026-05-04T16:56:24.753867
ChdDSUhNMG9nS0VJQ0FnTURJNEtIY19nRRAB,ChIJO1q3LzEWby4RpQo3x1g-ig0,Santana Resto,Kuningan,Nongkrong,5,Enak deh pokoknya buat acara disini,2025-04-06T07:05:15.935Z,Abidifka Suprayogi,102965002796024166356,True,0,id,2026-05-04T16:56:24.753919
ChZDSUhNMG9nS0VJQ0FnSURfNy1qUEdREAE,ChIJO1q3LzEWby4RpQo3x1g-ig0,Santana Resto,Kuningan,Nongkrong,2,"Pengalaman buruk, pesan makan yg di duluin yg terakhir datang. Datang set 4 jam set 6 baru makan sih cukup sekali datang kesini aja.",2025-01-28T09:02:31.737Z,Ridha Mahasin,107990546755296724513,False,0,id,2026-05-04T16:56:24.753935
ChZDSUhNMG9nS0VJQ0FnSURfMjl2ckp3EAE,ChIJO1q3LzEWby4RpQo3x1g-ig0,Santana Resto,Kuningan,Nongkrong,2,No rekomend nunggu dari jam 4 di salip beberapa meja baru selesai pesanan jam set 6. Tolong lain kali di tingkatin lagi,2025-01-27T11:11:51.947Z,Aji Lestari,113791105492776812557,False,0,id,2026-05-04T16:56:24.753943
ChZDSUhNMG9nS0VJQ0FnSURfMjV1OFR3EAE,ChIJO1q3LzEWby4RpQo3x1g-ig0,Santana Resto,Kuningan,Nongkrong,2,"Layanan jauh dari kata profesional, pesanan manual, keselip, datang lama crew cuma minta maaf",2025-01-27T11:10:31.521Z,Ostadz Al Karim,112589293244258953925,False,0,id,2026-05-04T16:56:24.753955
ChdDSUhNMG9nS0VJQ0FnSURfMjlUZHZBRRAB,ChIJO1q3LzEWby4RpQo3x1g-ig0,Santana Resto,Kuningan,Nongkrong,1,"Pesan ayam bakar + es dancow sampai hampir 3 jam tidak datang. Pas datang malah diganti menu secara sepihak seenak jidat karena kehabisan, kenapa ga bilang dari awal? coret saja itu menunya kalau emang gaada stock. Yang parahnya ada orang baru datang kurang dari 1 jam sudah dapat minum semua. Pelayanannya mohon maaf sangat jelek sekali, tidak bisa kerja. Pelayannya juga ngang ngong doang👍

PESAN : AYAM BAKAR + ES DANCOW

DATANG HAMPIR 3 JAM

YANG DATANG : IGA BAKAR + ES TEH TAWAR",2025-01-27T10:01:21.029Z,Wira Satya,106724021255844601203,True,0,id,2026-05-04T16:56:24.753964
ChdDSUhNMG9nS0VJQ0FnSUQzcE4yR3dBRRAB,ChIJO1q3LzEWby4RpQo3x1g-ig0,Santana Resto,Kuningan,Nongkrong,5,"View alam bagus, namun sayang makanan dan minuman perlu pembenahan banyak (11Nov 2024). Minuman sebagian besar sachet. Suasana resto sangat sepi dan terkesan tidak serius beroperasi.",2024-11-12T10:11:50.592Z,Henry Kuswanto,116660596257771928919,True,0,id,2026-05-04T16:56:24.753988
ChdDSUhNMG9nS0VJQ0FnSURIN3VTWHNBRRAB,ChIJO1q3LzEWby4RpQo3x1g-ig0,Santana Resto,Kuningan,Nongkrong,1,"Not recommended,,very bad attitude. Menang view nya aja. Pelayanan sangat buruk.Saya pesan sudah 1 jam lbh masih blm keluar juga makanannya.Dan yang paling menjengkelkan,ada 3 meja atau 3 customer yg datang nya dan pesannya duluan saya tapi pesanan mereka sudah dtg.Dan bukan bookingan atau pesan sebelumnya.Sampai akhirnya sy cancel pesanan makanan saya. Melayani kok pilih2,,penampilan gini juga saya pakai mobil sendiri yg sudah lunas&BPKB ditangan.Kecewa!!!🤬😤",2024-09-16T06:35:14.988Z,duo kembar viral brebes,113286655689262366661,True,1,id,2026-05-04T16:56:24.754004
ChdDSUhNMG9nS0VJQ0FnSUNIck43YThnRRAB,ChIJO1q3LzEWby4RpQo3x1g-ig0,Santana Resto,Kuningan,Nongkrong,5,Tempat langganan kalo pengen makannya muncak 😆,2024-09-02T04:17:47.226Z,Riri RSusanti,110221815805997946591,True,0,id,2026-05-04T16:56:24.754012
ChdDSUhNMG9nS0VJQ0FnSUNia2VQcGhRRRAB,ChIJO1q3LzEWby4RpQo3x1g-ig0,Santana Resto,Kuningan,Nongkrong,1,"Pesen makanan nyampenya sejam kemudian, sampe minuman udah abis, ga like lah",2024-07-28T05:42:10.930Z,Rangga Yudha,112935757142358167344,False,0,id,2026-05-04T16:56:24.754027
ChZDSUhNMG9nS0VJQ0FnSURycE92MERREAE,ChIJO1q3LzEWby4RpQo3x1g-ig0,Santana Resto,Kuningan,Nongkrong,4,"Banyak yg perlu di perbaiki lagi dari segi kebersihan, interior, ragam menu makanan, penyajian piring gelas kaleng kotor..
Jangan kalah bersaing dengan resto baru, semoga ada perubahan",2024-07-15T05:39:06.993Z,Puri Mala,115934585006578797957,False,0,id,2026-05-04T16:56:24.754035
ChZDSUhNMG9nS0VJQ0FnSUNyLXN2VWJ3EAE,ChIJO1q3LzEWby4RpQo3x1g-ig0,Santana Resto,Kuningan,Nongkrong,1,"2 Tahun lalu sering bgt ngopi di tempat ini karena selain tempatnya worth it, menu dan pelayanan nya juga bagus.

Hari ini kecewa berat, mana bawa tamu dr luar kota, sepertinya management sudah ganti.

Pada saat tiba cuma saya dan tamu yg di stu. Pesan makanan d layanin nya lama, bakwan nya masih hangat, tapi cirengnya udh keburu dingin dan alot.
Pesen ikan gurami, ayam dan iga (karena d menu cma sgtu doang skrg) lama bgt d anternya. Kayanya guraminya mancing dl, d bersihin dl dll. Ayamnya d tangkap dl, d potong dl dll bgtu jga sama daging iga nya.

Udh gtu mahal bgt skrg udh ga se worth it dulu. Kayanya emang harus berbenah bgt tempat ini...",2024-07-06T11:16:05.757Z,Kapiten Deni Boy,110952545396108987000,False,1,id,2026-05-04T16:56:24.754042
ChZDSUhNMG9nS0VJQ0FnSUN6NVkybElBEAE,ChIJO1q3LzEWby4RpQo3x1g-ig0,Santana Resto,Kuningan,Nongkrong,4,Cocok bawa keluargab atau tempat buat sekedar ngobrol sm teman,2024-06-03T16:51:10.917Z,Yusuf Mahendra,115733127029855497260,True,0,id,2026-05-04T16:56:24.754051
Ci9DQUlRQUNvZENodHljRjlvT2s1VlltNDJXR2d5WVRoeWVHeFZYMVJUUlUxU1pFRRAB,ChIJJSzBOzsZby4RZwADbj1Tf6Y,Anggun Coffee dan Resto,Kuningan,Nongkrong,1,"Pelayanannya lama & jelek bgt. Utamain customer yg udah reservation sebelumnya, walaupun kita dateng duluan. Tidak profesional. Akhirnya kita cancel karna udah nunggu 1 jam makanan juga belum dateng, cuma bayar minumannya aja.
Rasa minumannya juga tidak rekomen.",2025-09-06T13:38:20.785Z,Herlina Pratiwi,105948264480705850933,False,0,id,2026-05-04T16:56:24.754084
Ci9DQUlRQUNvZENodHljRjlvT2xNNGVXYzRTalZUTVVoM2VHNVZOMkpsWmxremRVRRAB,ChIJJSzBOzsZby4RZwADbj1Tf6Y,Anggun Coffee dan Resto,Kuningan,Nongkrong,1,"kacau ini pelayanannya,
gak menghargai waktu orang
sebagai pendatang dari Jakarta , bener2 terparah pelayanan dicafe ini

2 jam nunggu
pesenan yg datang cuma minum saja,
kondisi sepi kosong,

ternyata ada rombongan datang ,
dan baru diinfo kalau pesanan diutamakan rombongan org lain dlu",2025-09-06T13:38:01.625Z,indah fidriana,107613411510857149652,True,0,id,2026-05-04T16:56:24.754093
Ci9DQUlRQUNvZENodHljRjlvT2tKVlJUWjNXbFJ1YVVSS1RtaEtkRnBVWWpoV1pWRRAB,ChIJJSzBOzsZby4RZwADbj1Tf6Y,Anggun Coffee dan Resto,Kuningan,Nongkrong,1,"Sampai sana jam 19.00 kurang tp di lantai 2 sdh full reservasi(orgnya blm dtg). Kita sdh pesan makanan dan minuman, tp hampir 1 jam cuma minuman saja yg keluar, dgn alasan dahulukan yg lantai 2. Padahal kita dluan yg sampai.. gak profesional",2025-09-06T13:36:53.016Z,Permadi Saksono,101852793386970264731,False,0,id,2026-05-04T16:56:24.754102
Ci9DQUlRQUNvZENodHljRjlvT25aWE1YWTRjMWxRVFZKbFpFZGljMlZwWjA5RlpIYxAB,ChIJJSzBOzsZby4RZwADbj1Tf6Y,Anggun Coffee dan Resto,Kuningan,Nongkrong,1,Ih meja berdebu karyawan gak ramah . Makanan rasanya kureng,2025-07-23T06:24:54.244Z,Ariska Agustina,109099442765724403475,False,0,id,2026-05-04T16:56:24.754118
Ci9DQUlRQUNvZENodHljRjlvT21wVWIyRnpSa00xYkRReGVUZG5XbnBCYUdWelRYYxAB,ChIJJSzBOzsZby4RZwADbj1Tf6Y,Anggun Coffee dan Resto,Kuningan,Nongkrong,3,Makanan tidak sepwrti tahun lalu. Beda manajemen katanya,2025-07-20T04:33:31.113Z,Husna Dini,104477703271722690068,True,0,id,2026-05-04T16:56:24.754126
ChdDSUhNMG9nS0VJQ0FnTUNJdnByMjNBRRAB,ChIJJSzBOzsZby4RZwADbj1Tf6Y,Anggun Coffee dan Resto,Kuningan,Nongkrong,1,"pelayanan lama sekali,makan udh abis minum blm di anter! daging nyaa alott bgt,ga rekomen",2025-04-02T09:19:51.845Z,Rieke fauziahna,104097117152574254522,False,0,id,2026-05-04T16:56:24.754177
ChdDSUhNMG9nS0VJQ0FnTUNnbDRIN3RRRRAB,ChIJJSzBOzsZby4RZwADbj1Tf6Y,Anggun Coffee dan Resto,Kuningan,Nongkrong,4,"makanan ok.ful musik ..harga tdk mahal ..ok banget ..saat hujan ...mie tek tek nya .. enak ..
tks anggun copi & resto ..telah mengobati kami yang kelaparan ...",2025-02-21T10:56:24.955Z,rspp ranap,111033099782680011490,False,0,id,2026-05-04T16:56:24.754185
ChZDSUhNMG9nS0VJQ0FnTURBaHBDZVRBEAE,ChIJJSzBOzsZby4RZwADbj1Tf6Y,Anggun Coffee dan Resto,Kuningan,Nongkrong,3,Pengunjung sedang tidak ramai tapi pelayanan LUAAAMAA,2025-02-08T12:45:49.184Z,Jepri Pajar,115347770028348027918,True,0,id,2026-05-04T16:56:24.754200
ChZDSUhNMG9nS0VJQ0FnSUNUc1kza1N3EAE,ChIJO1q3LzEWby4RpQo3x1g-ig0,Santana Resto,Kuningan,Nongkrong,2,"Baddd kacau menu banyak yg kosong dan tidak ready pelayanan lama pesanan datang juga lama, rasa kurang dari makanan berat sampe ringan masa pesen croissant yang dateng roti goreng di gulung pake coklat, kentang otak-otak ga enak, minuman kurang apalagi kopi. Tolong lah perbaiki pemandangan bagus makanan dan minuman nya dbenerin service layanan juga. Padahal pas dateng sepi tapi lama.",2024-05-16T04:08:17.937Z,Aprianti Sari,110404217073438209241,False,0,id,2026-05-04T16:56:24.754216
ChdDSUhNMG9nS0VJQ0FnSUNUaUxuRXVnRRAB,ChIJO1q3LzEWby4RpQo3x1g-ig0,Santana Resto,Kuningan,Nongkrong,5,"Tempatnya sepi enak buat kaum introvert, yg gak suka keramaian. Makanannya lumayan enak. Pemandangannya bagus langsung ke Gunung Ciremai, Laut Cirebon dan kota Kuningan. Recommended buat healing berlama-lama. Udaranya sejuk. Buat yang suka ngopi, ada Santana Coffee shop nya.",2024-05-10T09:09:04.780Z,Rosa Gultom,101541215852022425036,True,1,id,2026-05-04T16:56:24.754224
ChZDSUhNMG9nS0VJQ0FnSUNUaU83MUZnEAE,ChIJO1q3LzEWby4RpQo3x1g-ig0,Santana Resto,Kuningan,Nongkrong,5,"Cobain ke SANTANA Resto Recommend buat yang main ke Kuningan. Ini resto buat kita betah berlama-lama menikmati suasana alam tenang damai, Pemandangan dari atas Cakep👍,udara segar, menu makanan lumayan enak harga standar. Pelayanan baik dan Ramah.",2024-05-10T08:50:44.602Z,Yohanes David,115868549020492225410,True,0,id,2026-05-04T16:56:24.754234
ChdDSUhNMG9nS0VJQ0FnSUREdDRYZzVnRRAB,ChIJO1q3LzEWby4RpQo3x1g-ig0,Santana Resto,Kuningan,Nongkrong,1,Mohon untuk lebih di jaga kebersihan tempat nya,2024-04-15T14:28:13.504Z,Sinur Fa,111497017002138682964,False,0,id,2026-05-04T16:56:24.754249
ChZDSUhNMG9nS0VJQ0FnSUREdzhTekFREAE,ChIJO1q3LzEWby4RpQo3x1g-ig0,Santana Resto,Kuningan,Nongkrong,1,"Not recommended, lama, kotor, tak terawat, tak ramah, tak ada menu semua habis.",2024-04-13T13:46:39.330Z,Endah Mudiana,104361307015420674474,True,0,id,2026-05-04T16:56:24.754257
ChdDSUhNMG9nS0VJQ0FnSUREcllfXzdRRRAB,ChIJO1q3LzEWby4RpQo3x1g-ig0,Santana Resto,Kuningan,Nongkrong,3,"Makanan lumayan kopi dingin,tempat luas tapi kotor, management ga siap untuk buka resto karna karyawan sangat sedikit untuk melayani dengan kawasan se luas itu.tolong benahi pelayanan dengan tambah karyawan d musim liburan .banyak costumer yg komplain karna waiting list nya bisa sampe 2 jam karna kekurangan karyawan",2024-04-12T22:41:55.874Z,Panji #23,117825163280437967181,True,1,id,2026-05-04T16:56:24.754271
ChdDSUhNMG9nS0VJQ0FnSUREdGZMN29nRRAB,ChIJO1q3LzEWby4RpQo3x1g-ig0,Santana Resto,Kuningan,Nongkrong,1,"Pelayan nya terlalu pelenga, pelayanan yg kurang",2024-04-12T13:53:42.684Z,Dam dam,104741180528787147762,False,0,id,2026-05-04T16:56:24.754279
ChdDSUhNMG9nS0VJQ0FnSUREMWJLVDF3RRAB,ChIJO1q3LzEWby4RpQo3x1g-ig0,Santana Resto,Kuningan,Nongkrong,1,View nya sih bagus tapi pelayanan nya g bagus banget nunggu kopi 2 jam nunggu makanan juga 2 jam tak kunjung datang,2024-04-12T12:06:02.424Z,azhar saputra,100484375710996043128,False,0,id,2026-05-04T16:56:24.754287
ChdDSUhNMG9nS0VJQ0FnSUNEMGRDRnh3RRAB,ChIJO1q3LzEWby4RpQo3x1g-ig0,Santana Resto,Kuningan,Nongkrong,1,"Jangan pernah percaya dengan foto yang ada disini , tempag nya sudah lama tidak terawat , makanan nya bad, ayam bakar gosong , saya pesen dan booking tempat dikasih menu yag paketan ada ayam, tahu tempe , dan karedok , tapi yng datang hanya ayam dan nasi , pesen takjil sudah dingin rqsanya nya amis , dan dikasih sendok bekas mixue , dengan harga yang menurut saya gk masuk akal , dan rasa yang tidak masuk akal , !!!!!! Tidak jual air mineral !! Coba bayangkan orng lagi puasa dikasih cobaaan makanan begini!! Sudah pesen teh manis gelas nya kotor bangt😭😭😭 saya mengeluarkan uang 600rn hanya untuk makanan dan tempat yang bad",2024-03-29T11:43:15.429Z,Ika Indriani,101595161475545256267,True,3,id,2026-05-04T16:56:24.754302
ChZDSUhNMG9nS0VJQ0FnSUQ5NnB5bU53EAE,ChIJO1q3LzEWby4RpQo3x1g-ig0,Santana Resto,Kuningan,Nongkrong,1,"pelayanan yang sangat jelek, tidak sesuai, makanan biasa aja.
pelayanan yang sangat lama",2024-03-15T13:27:15.030Z,Alfa Rizki,102458298171041593496,False,0,id,2026-05-04T16:56:24.754311
ChZDSUhNMG9nS0VJQ0FnSUM5eF9DTE5REAE,ChIJO1q3LzEWby4RpQo3x1g-ig0,Santana Resto,Kuningan,Nongkrong,1,"the food is not fresh, bad experience.",2024-03-10T14:23:29.426Z,unknown user,115256500719645621734,False,0,en,2026-05-04T16:56:24.754318
ChdDSUhNMG9nS0VJQ0FnSUM5b19maTd3RRAB,ChIJO1q3LzEWby4RpQo3x1g-ig0,Santana Resto,Kuningan,Nongkrong,1,"Pengalaman kuliner terburuk:

(-)
1. Pelayanan lama 1 jam lebih, pdhl gada pelanggan lain dan hanya pesan 3 menu.
2. Makanan sangat tidak worth it, gurame asam manis cuma pakai saos botolan, mengsedih gada bumbu sama sekali, buset dah.
Cireng keras hambar, ayam geprek yah begitulah :'(
3. Gelas kotor, ga ada tissue, tusuk gigi dll.
4. Ruangan sangat gelap, minimal nyalain lampu dikit lah boss.
5. Kasir luamaa, harus nyatet ulang pesanan, dan bolak balik liat harga ke menu. Mau Bayar aja nunggu lagii padahal ga ada antrean.
6. Toilet sangat kotor dan bau, sampai pusing banget. Kayaknya 1 abad ga dibersihin.
7. Keseluruhan bangunan kotor, berantakan, dan ga ter-urus.

(+)
Yg bagus cuma satpam nya ramah,
Itu aja, bingung soalnya gadalagi.

Kesimpulan:
Sepertinya ini pegawainya malas2 dan jorok, mohon owner dapat mereview kembali, karena sebenarnya resto memiliki potensi yg bagus mengingat lokasi dan view yg lumayan strategis di area wisata.

Penutup:
Intinya ingin ku berkata kasar.",2024-03-09T06:16:26.539Z,dino thunder,103649746225023785667,False,3,id,2026-05-04T16:56:24.754340
ChdDSUhNMG9nS0VJQ0FnSUM5bzdlNzFBRRAB,ChIJO1q3LzEWby4RpQo3x1g-ig0,Santana Resto,Kuningan,Nongkrong,2,"Kalau mau ke Arunika tapi penuh dan waiting list, mending tetep tunggu di Arunika daripada ke Santana Resto walaupun deket. Pelayanannya lama. Bnget. Makanannya sad food, gurame asam manis tapi pake saos botolan dan ga diguyur ke Guramenya. Cireng Rujak tapi sambel rujaknya dikit dan gada rasanya",2024-03-09T05:43:39.286Z,Iskandar Zulk,104754371051361841898,False,1,id,2026-05-04T16:56:24.754440
ChdDSUhNMG9nS0VJQ0FnSUM5OUlEX2xnRRAB,ChIJO1q3LzEWby4RpQo3x1g-ig0,Santana Resto,Kuningan,Nongkrong,3,"Sepi banget, serasa milik sendiri, pas datang di kira tutup 😄

Harga lumayan tinggi u menu yg biasa2 aja, tp kalo u suasana ajib lah, sejuk, tenang..t4 parkir luas",2024-03-03T05:38:09.451Z,Abdurachim Abdurachim,100413876648085118300,True,0,id,2026-05-04T16:56:24.754457
ChdDSUhNMG9nS0VJQ0FnSUNkeHUzcGtRRRAB,ChIJO1q3LzEWby4RpQo3x1g-ig0,Santana Resto,Kuningan,Nongkrong,2,"Menunggu makanan hampir 2 jam, tempatnya kurang terurus",2024-02-14T21:48:11.699Z,Lely Handayani,118406602682179476003,False,0,id,2026-05-04T16:56:24.754466
ChZDSUhNMG9nS0VJQ0FnSURmbWVDMkhREAE,ChIJJSzBOzsZby4RZwADbj1Tf6Y,Anggun Coffee dan Resto,Kuningan,Nongkrong,5,"Asik,bahagia, sejuk damai adem",2025-01-08T02:54:19.693Z,Terimalik 55,106852613128250267096,False,0,id,2026-05-04T16:56:24.754475
ChZDSUhNMG9nS0VJQ0FnSUNmMHNHZ09BEAE,ChIJJSzBOzsZby4RZwADbj1Tf6Y,Anggun Coffee dan Resto,Kuningan,Nongkrong,3,"Dori sambal matah nya enak, ayam komplit jg enak sambelnya manteb, pisang keju dan roti bakarnya oke .. tpi syg steaknya agak keras dan kentang gorengnya sangat asin",2024-12-27T15:54:03.665Z,desyA greyA,108240564852974693303,True,0,id,2026-05-04T16:56:24.754483
ChZDSUhNMG9nS0VJQ0FnSUR2dGFtMkZBEAE,ChIJJSzBOzsZby4RZwADbj1Tf6Y,Anggun Coffee dan Resto,Kuningan,Nongkrong,5,"Saat sedang bingung cari tempat dinner dekat hotelku menginap di Santika Linggarjati, pilihanku dan keluarga tertuju ke resto ini.

Aku datang sekitar jam 8 malam, kondisi resto sedang tidak ramai, hanya sekitar 3-4 customer saja. Lightingnya sih agak temaram, mungkin konsep restonya seperti itu. Ada banyak area tempat duduk, di lantai 2 malah luas banget. Ada stage untuk live music juga.

Aku coba menu western, yaitu chicken steak dan chicken cordon bleu. Untuk range harga mereka, makanannya oke sih. Jujur, makan di sini melebih ekspektasi.

IG: tracemyfootprints",2024-12-22T16:23:27.565Z,Siti Balkis,116183886106888839935,True,1,id,2026-05-04T16:56:24.754492
ChZDSUhNMG9nS0VJQ0FnSUQ3cktuTEJBEAE,ChIJJSzBOzsZby4RZwADbj1Tf6Y,Anggun Coffee dan Resto,Kuningan,Nongkrong,5,Makanan nya enak apalagi nasi goreng seafood nya udah harga nya murah porsi nya juga lumayan banyak....lemon tea disini paling enak sih di banding lemon tea di cafe2 lain....pelayan nya ramah...kalo kita makan Disni bisa free karoke....,2024-08-22T04:48:16.175Z,Nia Erniasih,113536833373485060431,True,0,id,2026-05-04T16:56:24.754549
ChZDSUhNMG9nS0VJQ0FnSUM3MFBubVZREAE,ChIJJSzBOzsZby4RZwADbj1Tf6Y,Anggun Coffee dan Resto,Kuningan,Nongkrong,5,"Salah satu coffee dan resto yg rekomen banget buat anda yg ingin bersantai menikmati menu makanan yg tersedia bersama pasangan,keluarga maupun solo tempat yg aestetik buat anda yg instagramebel",2024-08-11T15:40:21.724Z,Fahmi Agus,118098431856378410308,True,0,id,2026-05-04T16:56:24.754558
ChZDSUhNMG9nS0VJQ0FnSURycnNxQ0hnEAE,ChIJJSzBOzsZby4RZwADbj1Tf6Y,Anggun Coffee dan Resto,Kuningan,Nongkrong,5,"Tempatnya luas tiga lantai,suasana menyenangkan ada live musik,bisa karaoke gratis,pelayanan ramah,Makanan & minuman enak harga terjangkau",2024-07-20T20:23:36.352Z,nenk710,117645616184898662117,True,0,id,2026-05-04T16:56:24.754566
ChdDSUhNMG9nS0VJQ0FnSUNybS1xcXdBRRAB,ChIJJSzBOzsZby4RZwADbj1Tf6Y,Anggun Coffee dan Resto,Kuningan,Nongkrong,5,Asik untuk tempat rehat perjalanan bandung Kuningan,2024-07-11T10:20:44.968Z,Rr. Kurin,106731402150331779766,True,0,id,2026-05-04T16:56:24.754581
ChdDSUhNMG9nS0VJQ0FnSURMb3ZpMzhBRRAB,ChIJJSzBOzsZby4RZwADbj1Tf6Y,Anggun Coffee dan Resto,Kuningan,Nongkrong,2,Mesen 1 menu nunggu nya 1 jam padahal lagi sepi saya paling gasuka nunggu lama soalnya,2024-06-26T12:24:59.434Z,Raffasya azka pratama,101722168262563821881,False,0,id,2026-05-04T16:56:24.754599
ChdDSUhNMG9nS0VJQ0FnSUR5MGRta253RRAB,ChIJJSzBOzsZby4RZwADbj1Tf6Y,Anggun Coffee dan Resto,Kuningan,Nongkrong,5,"Tempat mewah dan bagus, terutama lantai 3. Kalau hujan suka tampias jika duduk di balkon.
Kualitas makanan beberapa kali coba tidak konsiaten. Cukup enak di awal2 buka, namun akhir2 ini kualitas kurang bagus. Ikan kurang fresh, daging steak agak alot, beda dengan kualitas makanan saat awal2 buka.
Pelayanan baik, karyawan ramah.

Hari ini saya dan keluarga coba lagi. Makanan sudah enak sekarang. Pelayanan tetap ramah seperti biasa. Hanya sedikit terganggu suara karaoke yang sumbang.
Overall kualitas makanan bagus dan rasanya cukup lezat. Harga juga cukup bersahabat.
Keep it up.

Update :
Kali ini kasih bintang 5 dah.....
Makanan sudah sangat improve. Enak semua.
Bebek bakar, chicken steak, ayam goreng dabu dabu. Enak semua, improvement yang bagus sejak terakhir ke sini.
Pasti balik lagi ke sini. Makanan enak, tidak terlalu ramai, harga bersahabat.
Good job Anggun.....",2024-06-15T12:13:56.694Z,erwin kusnadi,114528796194151513628,True,2,id,2026-05-04T16:56:24.754608
Ci9DQUlRQUNvZENodHljRjlvT2toVlFVTkllRFI0YjJwbGJHbDFRbGhDU0hOVVJXYxAB,ChIJv7Wb2L8Xby4RUf92zFsV6hU,Kopi Botanika,Kuningan,Nongkrong,5,Makanan sih so so aja rasanya.. tp view oke bgt..,2026-05-04T13:52:59.696Z,Ambrita Gita Dewa,116190281077607850215,True,0,id,2026-05-04T16:56:24.754633
Ci9DQUlRQUNvZENodHljRjlvT21KS01rNW5lR0pqVDBwRmFHbG5VMHAwYzJOSVpsRRAB,ChIJv7Wb2L8Xby4RUf92zFsV6hU,Kopi Botanika,Kuningan,Nongkrong,2,"Kak tolong dong rute di maps nya di rubah ke jalan gede lewat arunika aja, saya di arahin lewat jalan kecil bikin kapok ga bisa papasan mobil 😭 roda mobil sampe slip pas lg nanjak papasan, untung di bantu petani ga kebayang klo kesana nya malem mau minta tolong siapa 😢",2026-05-04T13:28:19.667Z,diny khaerunnisa,109017830788522468420,False,0,id,2026-05-04T16:56:24.754646
Ci9DQUlRQUNvZENodHljRjlvT2swdGNHcEJOWGhKYlZGa1FUZGZNV2hQY2xkVVlVRRAB,ChIJv7Wb2L8Xby4RUf92zFsV6hU,Kopi Botanika,Kuningan,Nongkrong,2,"The location offers a truly splendid view, yet the experience is somewhat marred by poor maintenance. Several spots remain untidied, with litter scattered about and the toilets in a rather distressing state.

Furthermore, the ordering system is quite fragmented as food and beverages must be handled separately. While the establishment officially opens at 10:00, rice-based dishes are remarkably unavailable until 11:00. One might suspect the staff commence their shifts at precisely 09:59, leaving them with no time to prepare the kitchen beforehand. A bit of a shame, as the setting has such great potential.",2026-05-03T15:59:28.797Z,Khairul Suhendar,103244678860635862385,True,0,en,2026-05-04T16:56:24.754662
Ci9DQUlRQUNvZENodHljRjlvT2xGeGNVdDRTMmxUTldFd1F6UmFYMFpUUVhGc1puYxAB,ChIJv7Wb2L8Xby4RUf92zFsV6hU,Kopi Botanika,Kuningan,Nongkrong,5,"Kopi uenak dan mantappp,, harga masih terjangkau dan suasana adem",2026-05-03T03:29:23.903Z,AKBAR AIDUL POETRA,116283348758505239653,True,0,id,2026-05-04T16:56:24.754679
Ci9DQUlRQUNvZENodHljRjlvT21SQ1VVeGFTbkUzYzJSSFJIaEJWVWx6TkVOcGFVRRAB,ChIJv7Wb2L8Xby4RUf92zFsV6hU,Kopi Botanika,Kuningan,Nongkrong,5,"Nyaman, penandangan Luas. Kopi Romanomya pas.",2026-05-02T12:44:03.914Z,Afian Channel,112356678005620198790,True,0,id,2026-05-04T16:56:24.754694
Ci9DQUlRQUNvZENodHljRjlvT21Gd2VrSjRXRXRGWVU1dVp6VnFNWEpMUVZOMFIyYxAB,ChIJv7Wb2L8Xby4RUf92zFsV6hU,Kopi Botanika,Kuningan,Nongkrong,5,"PERHATIAN
YANG MAU KELOKASI INI HINDARI >>>>JL.CILEULEUY<<<< YA, JALANN EKSTRIM KECIL KIRI JURANG, BERESIKO,,   LOKASI NYA PEMANDANGAN BAGUS NYAMAN ENAK BUAT DOKUMENTASI",2026-05-02T03:53:17.052Z,Danu Indra,114860195410715727645,True,0,id,2026-05-04T16:56:24.754709
Ci9DQUlRQUNvZENodHljRjlvT210U1JsSjVSVWRzYmxsYVNIbEhhMXA1ZWtWV2MzYxAB,ChIJv7Wb2L8Xby4RUf92zFsV6hU,Kopi Botanika,Kuningan,Nongkrong,4,KM/ toiletnya dan musholanya kurang bersih,2026-04-27T12:23:36.699Z,imas Badriyah,118384988393835167723,True,0,id,2026-05-04T16:56:24.754732
Ci9DQUlRQUNvZENodHljRjlvT21NNGVqWjFTSEU0V1ZZNE55MTFMV3BGYUdwM1MwRRAB,ChIJv7Wb2L8Xby4RUf92zFsV6hU,Kopi Botanika,Kuningan,Nongkrong,5,"Enak buat healing bareng keluarga
Cuma emang antri makan sama minuman di konter yg beda, jadi siap siap aja antri dua kli",2026-04-25T00:16:52.165Z,andy afif (Andy El Afif),100939801300757549278,True,0,id,2026-05-04T16:56:24.754755
Ci9DQUlRQUNvZENodHljRjlvT2s5YU56WjZkWFU1YTFGak9VWkdUVUpwVFdSd01uYxAB,ChIJv7Wb2L8Xby4RUf92zFsV6hU,Kopi Botanika,Kuningan,Nongkrong,5,Kpi botanika mantap pokok nya jadi pengen ke sini lagi,2026-04-24T23:49:33.092Z,Dimas Lingga,108901424562764191575,False,0,id,2026-05-04T16:56:24.754763
Ci9DQUlRQUNvZENodHljRjlvT2kwemRtcHJkREl4WTJKcE5sVTFZVWhDWmxOU2NIYxAB,ChIJIw8pOs4Xby4RwUC-K8tAgPg,Ipukan Highland,Kuningan,Nongkrong,5,"Suasananya sejuk dingin, tempatnya bersih. Saran untuk fasilitas teko listriknya tolong lebih di maintenance dan diperhatikan kalau sudah terlihat berkarat lebih baik diganti.",2026-05-02T04:46:03.847Z,helmi apristio,114102087755655535757,True,0,id,2026-05-04T16:56:24.754799
Ci9DQUlRQUNvZENodHljRjlvT2tGSE9FUkRhekJ5UVhkZlNqbHpaMnMxYkdsRk1HYxAB,ChIJIw8pOs4Xby4RwUC-K8tAgPg,Ipukan Highland,Kuningan,Nongkrong,3,"Dah beberapa kali ke sini ,makanan enak,harga wajar (ga mahal),tp sayangnya pelayanan kurang ok,klo disini jangan harap server datang klo baru dateng.hari ini tgl 25 april 06.meja 50 dilayani server salah satunya cewe berkerudung.pelayannya jutek .klo yg cowo oke.",2026-04-25T15:31:41.814Z,Ipah Hasan,103908212604463242138,False,0,id,2026-05-04T16:56:24.754807
Ci9DQUlRQUNvZENodHljRjlvT2pWNFdWSXdUbFZqYm5rdExYQjVZMEY1U1doTFEzYxAB,ChIJIw8pOs4Xby4RwUC-K8tAgPg,Ipukan Highland,Kuningan,Nongkrong,3,"Ketika baru dibangun tempat ini favorit keluarga, masakannya enak, lengkap dan bisa menikmati pemandangan Gunung Ciremai.
Tapi saat kami (2 keluarga) berkunjung 2 minggu kemarin. Makanan tidak lengkap dan tidak fresh, kalaupun pesan yg dadakan lama banget, dan poinnya, pelayannya judes banget. Kaya kita minta makan sama dia, risih lihat kita, ketus ketus gitu.
Minggu depannya kita datang lagi, karena ada anak temen yg ga keajak minggu sebelumnya. Dan tambah parah.
Sambalnya basi, padahal kita makanan dadakan, bukan yg prasmanan. Minuman yg tidak kita sebelumnya kita cancel masuk ke nota, dan pelayanannya buruk. Pelayan yg judes itu masih ada dan ketus saat kita pesan makanan dan minuman.
Dan waktu kita pesan tambahan buat teman yg baru datang bergabung, kaya yg risih gitu, nadanya tuh bikin ga nyaman. Kita kan bayar yaa, dan kita datang selayaknya berkunjung,
Ga percaya? Coba datang dan lihat pelayan ini di kasir.",2026-04-13T05:09:10.530Z,Rizkya Yulianti,110705396199702081466,False,0,id,2026-05-04T16:56:24.754842
Ci9DQUlRQUNvZENodHljRjlvT25od1ozTkJVSHBrVjBaS2FFODRUMkpzVUU1aFJIYxAB,ChIJIw8pOs4Xby4RwUC-K8tAgPg,Ipukan Highland,Kuningan,Nongkrong,5,"Trip ke 3 dr jakarta ke Kuningan kita mampir ke ipukan highland.diluar xpektasi sh pesan tenda glamping utk 2 kluarga ternyata ckup besar.dgn posisi dikaki gunung cuaca cukup berkabut.luar biasa spot viewnya..jalan pagi disuguhi sunrise yg weww  juara...udara yg fresh pula..oh ya Krn libur lebaran jadi ramai pengunjungnya..tp msh worth it lah ya..spacenya parkir ckup besar dan cafenya jg oke.fyi didepan luar jalan ada warung yg jual kue serabi dipagi hari.abahnya yg sudah agk berumur welcome banget sempet ngbrol"" wlwpun agk roaming dgn bahasa Sunda yg full..terima kasih ipukan highland utk semua kesan baiknya.",2026-04-10T09:49:01.015Z,Sendal Jepit,112242175503171883334,True,0,id,2026-05-04T16:56:24.754850
Ci9DQUlRQUNvZENodHljRjlvT2pkeVNEUlhjRkphUkVWTFJ6ZzRSVmRvZWxObVMyYxAB,ChIJIw8pOs4Xby4RwUC-K8tAgPg,Ipukan Highland,Kuningan,Nongkrong,5,"Hawa cukup dingjn sering berkabut,",2026-04-05T05:32:56.728Z,Sugiono,107371969983302276564,True,0,id,2026-05-04T16:56:24.754894
Ci9DQUlRQUNvZENodHljRjlvT2tSM1NIWm5kVTUzVVVoVE5XMVBUbGg1YmxRelJtYxAB,ChIJIw8pOs4Xby4RwUC-K8tAgPg,Ipukan Highland,Kuningan,Nongkrong,4,Suasana yg sejuk di kaki gunung ceremai,2026-04-04T23:50:49.494Z,Bian Nurdiansyah,117395560376373682600,True,0,id,2026-05-04T16:56:24.754903
ChdDSUhNMG9nS0VJQ0FnSUNOLV9iYm5RRRAB,ChIJIw8pOs4Xby4RwUC-K8tAgPg,Ipukan Highland,Kuningan,Nongkrong,5,"Tempat keren, glamping/penginapannya bagus, bersih, murah, parkir luas, fasilitas lengkap, pelayanannya mantap, ramah2....

Cuma sayang sekali jam 6.30 mlm uda ga bisa pesen makanan direstonya, padahal ditempat lain biasanya jam 9 msh bisa order makan, sangat repot utk kita yg nginap di glampingnya....",2026-04-04T11:38:32.698Z,Kristian Natanael,116817522161478520606,True,0,id,2026-05-04T16:56:24.754911
Ci9DQUlRQUNvZENodHljRjlvT21RNGVYcG5Na2xvU1RKbk0wNUJZVFZ0VTBnNWRrRRAB,ChIJIw8pOs4Xby4RwUC-K8tAgPg,Ipukan Highland,Kuningan,Nongkrong,4,"Berada dikaki gunung ciremai, sdh pasti udaranya dingin di malam hari. Kemarin kami berkesempatan mengadakan family gathering. kita review jujur dulu ya.
Positif
1. Tenda besar, bersih, disediakan selimut, perlengkapan mandi
2. Pelayanan ramah dn cepat
3. Makanan minuman, di resto enak.
4. Hrg worth it
5. Ada kolam renang
6. Tersedia toilet di resto dn mushola yg bersih

Minus
1. Air panas hy suam2 kuku. Bahkan dipagi hari kecil, dn sempat mati
2. Dalam tenda panas sekali saat siang
3. Breakfast hotel standar nasi goreng dn teh. Dg hrg 1 jutaan per mlm mustinya bs lbh baik.",2026-03-24T13:02:11.591Z,Sonia ChaemF,118386454664898050860,True,0,id,2026-05-04T16:56:24.754939
Ci9DQUlRQUNvZENodHljRjlvT21RM1gwbFNTSGhTVEVNeVNWVnNYeTFxZFVOS1IzYxAB,ChIJIw8pOs4Xby4RwUC-K8tAgPg,Ipukan Highland,Kuningan,Nongkrong,2,"#verylatereview

Kebagian kamar yang kotor, mau pindah tapi ngga boleh 😰",2026-03-04T09:04:02.660Z,Mugi O,101177453222663323771,True,0,id,2026-05-04T16:56:24.754948
Ci9DQUlRQUNvZENodHljRjlvT2tKaFdYbGtRWHA2Ym1GM09HNHRSbkZvT0RsSlIyYxAB,ChIJIw8pOs4Xby4RwUC-K8tAgPg,Ipukan Highland,Kuningan,Nongkrong,5,Glamping nya keren sih. Real negeri di atas awan.,2026-02-25T04:58:04.680Z,Abieko,108322832668421673953,False,0,id,2026-05-04T16:56:24.754956
ChdDSUhNMG9nS0VJQ0FnSUN6MmNESmxnRRAB,ChIJJSzBOzsZby4RZwADbj1Tf6Y,Anggun Coffee dan Resto,Kuningan,Nongkrong,5,Tempatnya bagus dan nyaman. Rasa makanan enak dan disediakan juga table top games. Pilihan menu makanan juga ramah balita,2024-06-03T08:48:57.786Z,Anindya Hastungkara,112556576462329467090,True,0,id,2026-05-04T16:56:24.754965
ChdDSUhNMG9nS0VJQ0FnSUNUMGNMem13RRAB,ChIJJSzBOzsZby4RZwADbj1Tf6Y,Anggun Coffee dan Resto,Kuningan,Nongkrong,4,Near to ma home,2024-05-15T23:32:54.479Z,IMan,118058621814639613566,False,0,en,2026-05-04T16:56:24.754981
ChZDSUhNMG9nS0VJQ0FnSURqb191TlZ3EAE,ChIJJSzBOzsZby4RZwADbj1Tf6Y,Anggun Coffee dan Resto,Kuningan,Nongkrong,5,Tempat yg oke buat melepas lelah setelah bekerja.. Nyaman dan menenangkan,2024-05-07T02:51:13.469Z,Heri Setiawan,103562233592736994749,True,0,id,2026-05-04T16:56:24.754989
ChZDSUhNMG9nS0VJQ0FnSURqbk5yOUJnEAE,ChIJJSzBOzsZby4RZwADbj1Tf6Y,Anggun Coffee dan Resto,Kuningan,Nongkrong,5,"Gagal menikmati suasana malam Kuningan di sini, coz pukul 20.00 karyawan sudah pulang semua, kita sebagai pengunjung ditinggal. Yang punya rencana ke sini jangan terlalu malam ya.",2024-04-30T13:40:17.964Z,Rino Sulaiman S,102840882671814482852,True,0,id,2026-05-04T16:56:24.754997
ChZDSUhNMG9nS0VJQ0FnSUNqNXJDeWR3EAE,ChIJJSzBOzsZby4RZwADbj1Tf6Y,Anggun Coffee dan Resto,Kuningan,Nongkrong,5,"Ga expect sama cafe ini, harga nya terjangkau ( kalo orang jabodetabek sih pasti bilang murah), semua menu yang kita pesen gak ada yang gagal semua nya enak. Pengalaman bagus sih ini.",2024-04-21T01:20:26.924Z,Jaelani Jaelani,103721363619434836499,True,0,id,2026-05-04T16:56:24.755005
Ci9DQUlRQUNvZENodHljRjlvT2s1ck5XTk9iMjAyTUZOU2VWRnRjRFZPVTBoSWMzYxAB,ChIJIw8pOs4Xby4RwUC-K8tAgPg,Ipukan Highland,Kuningan,Nongkrong,5,Sangat memuaskan harga sesuai standart,2026-02-10T05:41:11.737Z,yenninurulain Lubis,108611190641025796001,False,0,id,2026-05-04T16:56:24.755057
Ci9DQUlRQUNvZENodHljRjlvT25OWGJqSkdjVEIyUVRaalRISmhTMGhYVlhsYVMyYxAB,ChIJIw8pOs4Xby4RwUC-K8tAgPg,Ipukan Highland,Kuningan,Nongkrong,5,Best place for healing and mood booster,2026-02-09T22:56:39.337Z,Benzario Khaula,107865318446828069941,True,0,en,2026-05-04T16:56:24.755069
Ci9DQUlRQUNvZENodHljRjlvT2xvek1VeGpRa3RSWTFOR2EwZEJaVzFGYVU5Q1MxRRAB,ChIJIw8pOs4Xby4RwUC-K8tAgPg,Ipukan Highland,Kuningan,Nongkrong,5,"Sangat nyaman dan tenang,aku ingin mengunjunginya berkali-kali lagi",2026-02-09T06:07:33.170Z,Agustina manalu Agustina manalu,106144508283403258080,False,0,id,2026-05-04T16:56:24.755085
Ci9DQUlRQUNvZENodHljRjlvT25wMmIxRnFOMUo1WkZFNGFFVlBObEJzV1c1aFJXYxAB,ChIJIw8pOs4Xby4RwUC-K8tAgPg,Ipukan Highland,Kuningan,Nongkrong,5,"Glamping campnya bersih, dan pemandangan nya bagus. Dekat basecamp gn ciremai",2026-02-05T04:39:16.957Z,Deni Irawan,100131182800136102210,True,0,id,2026-05-04T16:56:24.755102
Ci9DQUlRQUNvZENodHljRjlvT25jNVVWTlJUekoyZG5aclJYbGtTMXBRZW1kV1QxRRAB,ChIJIw8pOs4Xby4RwUC-K8tAgPg,Ipukan Highland,Kuningan,Nongkrong,4,"Pemandangan bagus, fasilitas bagus, hanya tercemar bau kandang kambing tetangga.",2026-02-04T10:41:59.468Z,Alfi Satria,102548276544130032852,True,1,id,2026-05-04T16:56:24.755110
Ci9DQUlRQUNvZENodHljRjlvT201M1ZWRXdVa0pSTm5GSFdIVkNla2hUUjNSbE5YYxAB,ChIJIw8pOs4Xby4RwUC-K8tAgPg,Ipukan Highland,Kuningan,Nongkrong,4,"Cuaca nya sejuk, bersih dan nyaman",2026-01-31T08:56:40.813Z,Agus Lupus,116602340519842954420,True,0,id,2026-05-04T16:56:24.755130
Ci9DQUlRQUNvZENodHljRjlvT25jMU1tWnNaRzlTYWpKaFpYWXdWVFYwVkhwRVMxRRAB,ChIJIw8pOs4Xby4RwUC-K8tAgPg,Ipukan Highland,Kuningan,Nongkrong,5,"Tempat yang cocok untuk kumpul kumpul. Udara dingin, tempatnya rapih dan bersih dan makanannya enak. Pemandangan dan view sangat bagus. Harga sangat terjangkau. The best...",2026-01-27T11:22:48.313Z,Lucky Renggo Wibowo,109131167424968560601,True,0,id,2026-05-04T16:56:24.755139
Ci9DQUlRQUNvZENodHljRjlvT21GRlpIZ3pZWHB0ZURjeGQxVXhNamRsYlVKME1GRRAB,ChIJIw8pOs4Xby4RwUC-K8tAgPg,Ipukan Highland,Kuningan,Nongkrong,5,"Enak adem suasananya, kalau breakfast standar menu ala Sunda. Pesen kamar yang ada kamar mandi dalam, ada sofa juga. Bisa berenang. Cocok untuk outing juga.",2026-01-25T07:31:12.658Z,Siti Hardiyanti,110026241909154019441,True,0,id,2026-05-04T16:56:24.755155
Ci9DQUlRQUNvZENodHljRjlvT2tsb2RubFFiWFI2ZFhKTGJFSkxPSE5CVkU1SmFVRRAB,ChIJIw8pOs4Xby4RwUC-K8tAgPg,Ipukan Highland,Kuningan,Nongkrong,5,"Nyaman, ndah dan  menyenangkan",2026-01-25T02:45:59.663Z,Rida Parida,108201475764966124840,False,0,id,2026-05-04T16:56:24.755164
Ci9DQUlRQUNvZENodHljRjlvT2xwSkxVbGtVamxST1VWR1ozcGlWRXBDU1d0SmIxRRAB,ChIJIw8pOs4Xby4RwUC-K8tAgPg,Ipukan Highland,Kuningan,Nongkrong,5,"Tempatnya sejuk, dom nya bersih dan makanannya enak",2026-01-19T21:55:19.002Z,Bengkel Web Indonesia,100882256522694993421,True,0,id,2026-05-04T16:56:24.755193
Ci9DQUlRQUNvZENodHljRjlvT25veU1rMTZOalpSZW1aclIyeENNMWxRVEROU1JYYxAB,ChIJIw8pOs4Xby4RwUC-K8tAgPg,Ipukan Highland,Kuningan,Nongkrong,5,"A huge shout out to the chef and the team—the food here is amazing! I’m enjoying a late lunch and was craving sop iga, sate kambing, nasi goreng kambing, and pisang goreng. Everything is so delicious!",2026-01-17T07:45:21.170Z,Aggastra Refly,114721141154938033076,True,0,en,2026-05-04T16:56:24.755215
ChZDSUhNMG9nS0VJQ0FnSURaN29lM1BBEAE,ChIJv7Wb2L8Xby4RUf92zFsV6hU,Kopi Botanika,Kuningan,Nongkrong,5,"Penasaran kesini beberapa kali tdk jd, akhirnya bisa kesini nyampe jam 3 udaranya sejuk dan dingin, oksigen berlimpah, makanan dan minuman lumayan harga standar, bersih. Order mnman dan mknan dipisah conternya dan lgs pesan dikasir, mknan dan mnman dibawa sendiri tdk diantar, parkiran cukup luas, spot foto keren²",2026-04-08T14:40:21.768Z,Han Novianto,102398633396265284133,True,3,id,2026-05-04T16:56:24.755237
Ci9DQUlRQUNvZENodHljRjlvT21wNk1sVnRWak5XWTBoT2R6aExlVTE0T1V4SExYYxAB,ChIJv7Wb2L8Xby4RUf92zFsV6hU,Kopi Botanika,Kuningan,Nongkrong,5,"This place are remarkable. You can chill with ur friend and family.

Good Food's & coffee with the average taste in the peak area with beautiful landscapes

You can also have an attraction such Gocart, ATV, Slider even picking strawberries with price ranger 25~30K per person

Saturday is peak. You may to queue for the table",2026-04-08T09:08:08.097Z,acungin_aja,101026574370989450043,True,0,en,2026-05-04T16:56:24.755255
Ci9DQUlRQUNvZENodHljRjlvT2pkbGJtOWxaR05oU2xCcU1GQkNXVGswTFVob00wRRAB,ChIJv7Wb2L8Xby4RUf92zFsV6hU,Kopi Botanika,Kuningan,Nongkrong,5,Enk buat ngopi sambil nyantai,2026-04-08T08:46:40.499Z,Peri Irawan,105243877280154350040,True,0,id,2026-05-04T16:56:24.755263
Ci9DQUlRQUNvZENodHljRjlvT21SeWRtMW5ZV2sxUWxRMmVVdFVkVmROU21WWlJrRRAB,ChIJv7Wb2L8Xby4RUf92zFsV6hU,Kopi Botanika,Kuningan,Nongkrong,1,Sudah tidak buka lagi di lokasi,2026-04-07T12:46:03.701Z,MIFTA HUDIN,116025347620035734512,False,0,id,2026-05-04T16:56:24.755271
Ci9DQUlRQUNvZENodHljRjlvT2tSS1pIWXhTVFZHZDBKWlVqSXpNVnBvWkVGSmNuYxAB,ChIJv7Wb2L8Xby4RUf92zFsV6hU,Kopi Botanika,Kuningan,Nongkrong,1,"Kecewa.
Nunggu makanan 1jam lebih, pas tanya ke pegawainya bilang 15mnt lg matang, eh pas udah matang pegawainya bilang kalo makanan nya udah habis semua, gak lagi2 deh.
Tolong perbaiki pelayanan nya.",2026-04-07T07:44:26.750Z,Bule maya Inayah,103075654126308002100,False,0,id,2026-05-04T16:56:24.755278
Ci9DQUlRQUNvZENodHljRjlvT2xZek5VZFhYMWhGTWt4UGFXbHRjSG90TlVZNVdGRRAB,ChIJv7Wb2L8Xby4RUf92zFsV6hU,Kopi Botanika,Kuningan,Nongkrong,4,Nice place to enjoy with family.. play hydro glide,2026-04-05T06:52:39.529Z,dhani putranto,110683986683062968781,True,0,en,2026-05-04T16:56:24.755293
Ci9DQUlRQUNvZENodHljRjlvT2pCSmQxUk1ZbUUyTVZNeFlXMXNWVUoxYTBOR1JtYxAB,ChIJv7Wb2L8Xby4RUf92zFsV6hU,Kopi Botanika,Kuningan,Nongkrong,4,rekomend nihh buat yang mau main and friend disini ajaaa ada tempat ngopi makann dan bisa main wahana jugaaa seruu dehhhhh😆buat yg mau main gocart dan ATV tiati jan sampe nyungsep 😭 sakit sedikit gpp asal banyak serunya🤣,2026-04-05T02:06:17.425Z,Nur Azkia,112314148460140959439,True,0,id,2026-05-04T16:56:24.755300
Ci9DQUlRQUNvZENodHljRjlvT2pRMmFqbDRkRVF5ZUhKT1pWaEtaMkl4T0UxWVVYYxAB,ChIJv7Wb2L8Xby4RUf92zFsV6hU,Kopi Botanika,Kuningan,Nongkrong,5,Tempat nongkrong dengan view masyallah...makanan dan minuman enak dg harga terjangkau...,2026-04-04T09:21:24.801Z,NINI STORY,111597407571959924539,True,0,id,2026-05-04T16:56:24.755315
Ci9DQUlRQUNvZENodHljRjlvT2w5alFXaEVSMmQ2WVd4ek56Tm1VMDlUUlc4MlNuYxAB,ChIJv7Wb2L8Xby4RUf92zFsV6hU,Kopi Botanika,Kuningan,Nongkrong,5,"Minumannya enak-enak tapi suasananya agak kureng, masa deket toilet ada bangku buat duduk juga",2026-04-03T01:56:28.247Z,Ria Nisawati,113754168311115947931,True,0,id,2026-05-04T16:56:24.755350
Ci9DQUlRQUNvZENodHljRjlvT25wNldrNUpSbk10T1c1RU5FUkZlRE5NYjBGdGVWRRAB,ChIJv7Wb2L8Xby4RUf92zFsV6hU,Kopi Botanika,Kuningan,Nongkrong,5,Tempat nya bagus dengan view pegunungan,2026-03-31T07:22:52.725Z,Dian Samawati,111297048608758078483,False,0,id,2026-05-04T16:56:24.755366
ChZDSUhNMG9nS0VJQ0FnSUNkLVBtWUpREAE,ChIJO1q3LzEWby4RpQo3x1g-ig0,Santana Resto,Kuningan,Nongkrong,2,"Menu tidak lengkap, Lampunya kurang terang, tysu dan tusuk gigi tidak dikasih, padahal sdh minta, karaoke tidak di ruang tersendiri terlalu mengganggu dan pelayanann lelet tidak sebanding namanya...  terlalu berat di nama... pelayanan MENGECEWAKAN ... view aja yang bagus.",2024-02-11T16:51:25.387Z,H. Nusanto,108860871286683996904,True,0,id,2026-05-04T16:56:24.755389
ChdDSUhNMG9nS0VJQ0FnSUNkbVBxaXJnRRAB,ChIJO1q3LzEWby4RpQo3x1g-ig0,Santana Resto,Kuningan,Nongkrong,1,"Lama bgt pesanan datang nya, padahal ga terlalu ramai",2024-02-11T07:27:35.929Z,Fajrin Destriawan,107293153833593149968,True,1,id,2026-05-04T16:56:24.755400
ChZDSUhNMG9nS0VJQ0FnSUNkc092T0FnEAE,ChIJO1q3LzEWby4RpQo3x1g-ig0,Santana Resto,Kuningan,Nongkrong,1,"Lama banget cokkkk asli, mana menunya hampira gaada semua, pelayannya ga mau ngasih tau yang mana aja yang habis, jadi pas milih menu A ternyata abis balik lagi kebawah buat ngasih tau kalo jadinya menu B eh menu  b nya juga abis jadi nya C eh C nya juga abis, aturan langsung dikasih tanda di buku menu kalo makanannya abis, ini bener bener bikin kesel, mana lama banget aliggg. Ga lagi lagi maaf",2024-02-10T08:47:48.677Z,Farhatun Azizah,106643965135406498233,False,1,id,2026-05-04T16:56:24.755417
ChdDSUhNMG9nS0VJQ0FnSUNkc09XXzFBRRAB,ChIJO1q3LzEWby4RpQo3x1g-ig0,Santana Resto,Kuningan,Nongkrong,1,"Pelayanan buruk. Tidak ada urutan antri pesanan, yg datang duluan terlambat dateng  makanannya. Waktu tunggu makanan lama, kami lebih dari 2 jam nunggu makanan dateng. Terakhir dateng ksini, cukup hari ini saja.",2024-02-10T07:57:24.434Z,MUJY 1306,113215528695464340436,False,0,id,2026-05-04T16:56:24.755425
ChdDSUhNMG9nS0VJQ0FnSUNkc05HczB3RRAB,ChIJO1q3LzEWby4RpQo3x1g-ig0,Santana Resto,Kuningan,Nongkrong,1,Ga mau lagi pelayanannyaaa zonk makan dateng 2 jam setelah pemesanan. Kalo ga karna macet mungkin gakan kesini . Sebelumnya mungkin mau yang coba kesini buat tanya dulu ngantri atau tidak. Saya bawa balita udah rewel gara-gara nunggu makan. Walaupun makanannya lumayan tp tdk menutupi rasa kecewa.,2024-02-10T07:24:39.634Z,Kevin Khalid,103616249348411882055,False,0,id,2026-05-04T16:56:24.755433
ChdDSUhNMG9nS0VJQ0FnSUR0dWVESW53RRAB,ChIJO1q3LzEWby4RpQo3x1g-ig0,Santana Resto,Kuningan,Nongkrong,4,"Makanan lumayan, cuma agak lama, suasana enak sekali dingin, sejuk, bisa liat pemandangan",2024-02-05T15:42:48.575Z,Vann,106327226346325340039,True,0,id,2026-05-04T16:56:24.755442
ChdDSUhNMG9nS0VJQ0FnSUN0NUxDeHF3RRAB,ChIJO1q3LzEWby4RpQo3x1g-ig0,Santana Resto,Kuningan,Nongkrong,3,"kemarin mampir kesini, sejujurnya saya gak beli makanannya, hanya beli minumannya saja. secara ambience tempat sebenarnya udah oke, sayang menu dan pelayanannya masih banyak yg harus ditingkatkan.
untuk sekelas resto yang punya lokasi bagus, minimal menu harus bisa ditingkatkan lagi. misalnya, kopi (saya rasa masih menggunakan minuman kemasan) coba dikemas dan diracik yang lebih bagus lagi, menu makanan jg bisa ditampilkan contoh foto/rekomendasi di menu.
pelayanan juga, kemarin saat saya berkunjung hanya ada 2 meja yg terisi, tapi pelayan tidak kunjung menghampiri untuk memastikan pesanan saya, harus disampiri lebih dahulu.
semoga pengelolaan kafe ini bisa lebih diperbaiki, sayang sekali soalnya.",2024-01-29T05:07:25.834Z,Anindityas Rahmalia Putri,107315409683176505248,False,0,id,2026-05-04T16:56:24.755450
ChZDSUhNMG9nS0VJQ0FnSURObmJpVUtREAE,ChIJO1q3LzEWby4RpQo3x1g-ig0,Santana Resto,Kuningan,Nongkrong,5,"Kedua kalinya saya menikmati makan malam di Santana Resto, rasa masakannya tetap memuaskan, sesuai selera. Ditambah lagi bisa sambil karaoke dan menikmati indahnya suasana malam",2024-01-25T02:56:04.477Z,maria goretti,108489409861082558182,True,0,id,2026-05-04T16:56:24.755467
ChZDSUhNMG9nS0VJQ0FnSUROc3RDZlR3EAE,ChIJO1q3LzEWby4RpQo3x1g-ig0,Santana Resto,Kuningan,Nongkrong,1,Pelayanan yang sangat buruk udah gt lama bangett .pokoknya ngarett bikin org emosi  padahal sendiikit bgt loh orangnya. Gada permintaaan maaf sama sekali..,2024-01-21T08:16:51.329Z,Nopy yanti,101933599817866177288,False,0,id,2026-05-04T16:56:24.755476
ChdDSUhNMG9nS0VJQ0FnSUROMHEzaXJBRRAB,ChIJO1q3LzEWby4RpQo3x1g-ig0,Santana Resto,Kuningan,Nongkrong,1,Pelayanan nya sungguh amat lama,2024-01-21T07:47:44.477Z,Shanty Veronika,104439970254067362701,False,0,id,2026-05-04T16:56:24.755484
Ci9DQUlRQUNvZENodHljRjlvT2pkSVEyZDJVbE40Wmt0RVZUaEpPRlJmY1ZWMVZFRRAB,ChIJIw8pOs4Xby4RwUC-K8tAgPg,Ipukan Highland,Kuningan,Nongkrong,5,"Penginapannya unik, makanannya lezat, kopi mantul",2026-01-15T11:57:51.456Z,Apen Supendi,103446758432515258111,True,0,id,2026-05-04T16:56:24.755492
Ci9DQUlRQUNvZENodHljRjlvT214bVNTMUpMVkF6YUMxcVJtdFJZakV3YWxGR2FXYxAB,ChIJIw8pOs4Xby4RwUC-K8tAgPg,Ipukan Highland,Kuningan,Nongkrong,5,"Bagus indah sejuk
Santai buat weekend☺️",2026-01-14T02:53:05.626Z,Kusen cirebon pd manbaulminan,108479888987392463853,True,0,ms,2026-05-04T16:56:24.755502
Ci9DQUlRQUNvZENodHljRjlvT21aWGIyTmlVa1ZRU0ZKWFJuVnlZbEJ0YlZSUGJtYxAB,ChIJIw8pOs4Xby4RwUC-K8tAgPg,Ipukan Highland,Kuningan,Nongkrong,3,"Makanan overall enak, suasananya juga lumayan comfy, tapi sinyal wifinya jelek, dan air hangatnya tidak berfungsi.",2026-01-10T05:40:48.238Z,Dedi Purwadi,112823394837699313539,False,0,id,2026-05-04T16:56:24.755510
Ci9DQUlRQUNvZENodHljRjlvT21WcVZWZzRNMnRuWTJWTmFEUjVhV1pFVXpoR2VFRRAB,ChIJIw8pOs4Xby4RwUC-K8tAgPg,Ipukan Highland,Kuningan,Nongkrong,4,"Kemarin sekeluarga glamping besar 1,2 jt lumayan bagus layanan nya air nya dingin cuma minus water heater aja
Bebas buat bakar bakar bawa makanan dari rumah tidak apa apa",2026-01-07T11:34:20.110Z,Mas Asep,118179320171615885680,True,0,id,2026-05-04T16:56:24.755518
Ci9DQUlRQUNvZENodHljRjlvT2pCUmVHTjBaVE55Ykdkd1ltSjZkbmRWYkZkdWNsRRAB,ChIJIw8pOs4Xby4RwUC-K8tAgPg,Ipukan Highland,Kuningan,Nongkrong,5,"Usai sudah liburan di sini, tapi masih terasa momennya sampai di rumah. makanan enak, apalagi SOP dagingnya mantap, murah juga ( sekelas tempat wisata) view keren, pelayanan ramah, toilet bersih, waterheater tersedia. Kalo ada Rizki dan umur yang panjang pengen balik kesini lagi walau sekedar untuk makan aja, habis enak sihhh...
Hanya satu yang bikin g nyaman, kadang tercium bau pupsnya 🐮. Tapi overall ok banget. Thank ipukan Highland sudah menjadi bagian cerita liburan kami..",2026-01-07T01:15:01.281Z,Ayahe fiqri Haikal,100374607928944850780,False,0,id,2026-05-04T16:56:24.755533
Ci9DQUlRQUNvZENodHljRjlvT2xSQlZtUlZjMk5RVDNWTWFGQnROMjlLYm0xYVIzYxAB,ChIJIw8pOs4Xby4RwUC-K8tAgPg,Ipukan Highland,Kuningan,Nongkrong,5,"Tempat bersih, pelayanan memuaskan.kebersihan tenda terjaga .suasana sejuk.pemandangan mantap",2026-01-06T04:03:00.858Z,didi kasmidi,114724036515573894249,True,0,id,2026-05-04T16:56:24.755541
ChdDSUhNMG9nS0VJQ0FnSUNuMk9TMHZBRRAB,ChIJIw8pOs4Xby4RwUC-K8tAgPg,Ipukan Highland,Kuningan,Nongkrong,5,"Saat dateng ke tempat ini ternyata bagus, apalagi pemandangan nya menyatu dengan alam, cuacanya dingin, kamar mandinya bersih, banyak spot foto untuk kenangan, kalau malem ada kabutnya jadi berasa vibes di pegunungan.",2026-01-05T22:45:45.895Z,Faticha,116694307874641105898,True,0,id,2026-05-04T16:56:24.755549
Ci9DQUlRQUNvZENodHljRjlvT2pkek1qRlNjbmRSUkcwMloyTldNazFUTUV0a09FRRAB,ChIJIw8pOs4Xby4RwUC-K8tAgPg,Ipukan Highland,Kuningan,Nongkrong,5,"Pertama kali ngecamp disini. Suasana nyaman, udara sejuk, pemandangan nya lgsg hadap Gn. Ciremai.
Fasilitas lmyan lgkap, ada kolam, spot fto dan tempat lesehan yg asyik, nyaman dan instagramable.",2025-12-30T11:43:25.103Z,Phalupi Widi,114807404566044633167,False,0,id,2026-05-04T16:56:24.755577
Ci9DQUlRQUNvZENodHljRjlvT2xrM01WRk1ZMFF4ZG0xalZFTldjR1YxVmpsNVdtYxAB,ChIJmavgvLgXby4R2IizioFRk8k,Pondok Cai Pinus,Kuningan,Nongkrong,3,"helm kami kehujanan
pihak pengelola parkiran
pondok cai pinus, diem diem bae
terpaksa dari kuningan
sampe bandung gapake helm.!",2026-02-08T11:04:33.532Z,Momon. R,108665167169020688624,False,0,id,2026-05-04T16:56:24.755614
Ci9DQUlRQUNvZENodHljRjlvT2xBMlYyMUNPRWxqU1ZKeFNHOVNMVVp4U0UwMlptYxAB,ChIJmavgvLgXby4R2IizioFRk8k,Pondok Cai Pinus,Kuningan,Nongkrong,5,"Tempat bagus, suasana adem veu bagus, tp masuk ke dalam harus melalui anak tangga yg bgitu tinggi. Kl yg sdh usia lanjut dan kondisi kurang Vit lbih baik nunggu di bawah saja.",2026-01-26T15:45:26.030Z,Benny Jumoyo,112099014164920153110,True,0,id,2026-05-04T16:56:24.755622
Ci9DQUlRQUNvZENodHljRjlvT2tSaWJtbFJRbFZqWmt4alJWZFFjbUp2Y21Kc1ptYxAB,ChIJmavgvLgXby4R2IizioFRk8k,Pondok Cai Pinus,Kuningan,Nongkrong,2,"Maaf review jujur🙏Tiket masuk 25rb perorang,spot foto hanya 2 titik.kalau mau makan pun tetap dikenakan tiket.pantesan sepi pengunjung.toilet kotor.spot foto hanya vinici dan castil.gada lagi.ga seperti review di google.",2026-01-08T06:41:01.344Z,Yuliasan Qaisyah,117945377221353323865,True,0,id,2026-05-04T16:56:24.755639
Ci9DQUlRQUNvZENodHljRjlvT2pFdFJGZEhhMjlTVUdkcE1FOU5TVkpuZUVOclNXYxAB,ChIJmavgvLgXby4R2IizioFRk8k,Pondok Cai Pinus,Kuningan,Nongkrong,4,Lebih baik datang pagi apa sore akan lebih nyaman dan tenang...suasana adem dan mantap,2026-01-07T04:06:39.877Z,Sunarto Naruto,103161451048808890082,True,1,id,2026-05-04T16:56:24.755647
Ci9DQUlRQUNvZENodHljRjlvT2xCb04zaG5iVVpsWlRNNWNVZFNlVUp0TlhrMlltYxAB,ChIJmavgvLgXby4R2IizioFRk8k,Pondok Cai Pinus,Kuningan,Nongkrong,1,penginapan jelek ga sesuai foto kapasitas 4 orang dibilang bisa buat 7 admin di ajak komunikasi tidak merespon dan menanggapin orang makanan sarapan bagi ga layak buat makan ijin saya kasi bintang 1,2026-01-01T01:29:21.049Z,Enrico Matthew,111623671734661914130,False,0,id,2026-05-04T16:56:24.755655
Ci9DQUlRQUNvZENodHljRjlvT21OVlZFWkpiM2t6VDNWWVNXNHdPRVZqV1RnMVptYxAB,ChIJmavgvLgXby4R2IizioFRk8k,Pondok Cai Pinus,Kuningan,Nongkrong,4,Tempat yg sangat recomended,2025-10-14T14:15:29.681Z,Viki Viki,100259771139028689859,False,0,id,2026-05-04T16:56:24.755685
Ci9DQUlRQUNvZENodHljRjlvT2tWVmFUWlBiRk5LYm1GS1JXNWFiV05mUVhjNFpIYxAB,ChIJmavgvLgXby4R2IizioFRk8k,Pondok Cai Pinus,Kuningan,Nongkrong,5,Suasananya enak seger buat liburan,2025-10-12T07:07:34.407Z,Araie Bastello,108933644147121291062,True,0,id,2026-05-04T16:56:24.755693
Ci9DQUlRQUNvZENodHljRjlvT21SU2NVRlpaa3BqVGt4VlgyVkZVRXRKWkdOdGRVRRAB,ChIJmavgvLgXby4R2IizioFRk8k,Pondok Cai Pinus,Kuningan,Nongkrong,5,pagi hari susana nya enak banget,2025-09-19T00:05:01.785Z,Mas Hendra Gunawan,100473370164384035379,True,0,id,2026-05-04T16:56:24.755702
Ci9DQUlRQUNvZENodHljRjlvT2poUWVrUTJSMlV6TUhaaFJUSjBRV1E1TkUxTlJXYxAB,ChIJmavgvLgXby4R2IizioFRk8k,Pondok Cai Pinus,Kuningan,Nongkrong,3,25rb tapi gak ada apa2 cuma castle2an aja,2025-08-23T05:24:53.365Z,Yadi Mulyadin,106276727031077764147,True,0,id,2026-05-04T16:56:24.755717
Ci9DQUlRQUNvZENodHljRjlvT2tKRVpWUlpiMTlETFV4dU0wVjNOVjlNU1hWdVNtYxAB,ChIJmavgvLgXby4R2IizioFRk8k,Pondok Cai Pinus,Kuningan,Nongkrong,4,Udaranya sejuk dan bikin tenang,2025-08-20T09:03:18.942Z,See Future,100847776303360293877,True,0,id,2026-05-04T16:56:24.755733
Ci9DQUlRQUNvZENodHljRjlvT2xGV2FVSmpNazFIVURSTVJGcHFUbGg2YldWUk5sRRAB,ChIJv7Wb2L8Xby4RUf92zFsV6hU,Kopi Botanika,Kuningan,Nongkrong,3,nungguin mau main gocart sama atv lama bgt istirahatnya.. dari jam set 12 sampe set 2,2026-03-25T05:41:42.226Z,nadya ulya,103487631974606006959,False,0,id,2026-05-04T16:56:24.755748
Ci9DQUlRQUNvZENodHljRjlvT2xCMVIzZDRTR0pEU1dwdFFYaFVXUzFNVlVsTmFrRRAB,ChIJv7Wb2L8Xby4RUf92zFsV6hU,Kopi Botanika,Kuningan,Nongkrong,4,"cafe yang ada area bermain seluncur, gokart, dan ATV nya. makanan dan minuman harganya standart aja. cobain wahana seluncur seru poll",2026-03-24T15:16:22.921Z,Nindy meldari Anisa,105458451955659629803,False,0,id,2026-05-04T16:56:24.755755
Ci9DQUlRQUNvZENodHljRjlvT214bGQwWXdRa2swYTJRNWJERlpWV3BMUVRKVWRtYxAB,ChIJv7Wb2L8Xby4RUf92zFsV6hU,Kopi Botanika,Kuningan,Nongkrong,5,"Viewnya cakep bangett.... FnB agar ditingkatkan lagi baik variasi menu, management dan pelayanannya.
Wahana okelah cukup menyenangkan anak2 happy.",2026-03-24T12:13:22.070Z,Ny Fersim,111688787104535693477,True,0,id,2026-05-04T16:56:24.755766
Ci9DQUlRQUNvZENodHljRjlvT2pGWVh6UTRjVFpuU3pKeGJuRkRNR2cyTjNKc1JuYxAB,ChIJv7Wb2L8Xby4RUf92zFsV6hU,Kopi Botanika,Kuningan,Nongkrong,5,geloo view-nya keren euy,2026-03-24T06:41:56.143Z,Muhammad Bimo Winarno,105042954509157745577,True,0,id,2026-05-04T16:56:24.755774
Ci9DQUlRQUNvZENodHljRjlvT25CUk1raHNUekJwY2w5alNucFZiMEkyTVVsMFpuYxAB,ChIJv7Wb2L8Xby4RUf92zFsV6hU,Kopi Botanika,Kuningan,Nongkrong,5,Pengalaman kongko di mari itu bisa liat waduk darma  . . .pemandangan gunung cermai  . . .dingin 18 derajat siang hari  . . . .ketinggian 1050mbpl,2026-03-24T05:51:39.449Z,Willy Dhani,103741782872468393372,True,0,id,2026-05-04T16:56:24.755782
ChZDSUhNMG9nS0VJQ0FnSUNwbVpIZFRBEAE,ChIJv7Wb2L8Xby4RUf92zFsV6hU,Kopi Botanika,Kuningan,Nongkrong,5,"Tempat nongkrong paling sejuk, makanannya enak ditambah view pemandangan kota Kuningan yg asri. Kalo weekend pasti bakal rame banget sampe harus nunggu dulu buat dapet tempat duduk.",2026-03-22T11:10:25.452Z,Abu Shofi,108394718942801070582,True,0,id,2026-05-04T16:56:24.755816
Ci9DQUlRQUNvZENodHljRjlvT2psWWJYTmFPVWRZUzFwZlYwNVFiMDE1YmsxbE1IYxAB,ChIJv7Wb2L8Xby4RUf92zFsV6hU,Kopi Botanika,Kuningan,Nongkrong,5,"Makanan lumayan rasanya...
Kopi jg lumayan...
Kalo siang panas bgt,lebih baik sore hari...
Parkiran luas...mgkin kalo malem bagus bisa liat city light ..",2026-03-17T14:13:33.745Z,Septian Vr,101232464716096320778,True,0,id,2026-05-04T16:56:24.755824
Ci9DQUlRQUNvZENodHljRjlvT2psUVdqTnpXSEJEYzE5NldsaDRUbnBJTURsalZuYxAB,ChIJmavgvLgXby4R2IizioFRk8k,Pondok Cai Pinus,Kuningan,Nongkrong,3,Sayang sekali tempatnya kurang terawat padahal view tempat nya lumayan bagus dan castle nya jg lumayan bagus,2025-07-28T13:17:27.597Z,Wienni Debora,102076939904947647794,True,0,id,2026-05-04T16:56:24.755846
Ci9DQUlRQUNvZENodHljRjlvT2s5b1kzSlpUSEJxUzBneVNHaDFlakZtYWtOSU1XYxAB,ChIJmavgvLgXby4R2IizioFRk8k,Pondok Cai Pinus,Kuningan,Nongkrong,4,"You can come here on a good day, only for the view. The place itself is not maintained and quite pathetic, but the view from here on a clear day is probably the best in the foot of Mt. Ciremai. Barely any obstruction, you can see all the way to the top of the mighty Mt. Ciremai if there's no cloud covering it. And you can see as far as Mt. Slamet in Central Java, roughly 100 km away, the entire lowlands and almost all hamlet of eastern West Java. The ticket price was cheap, but the parking lot is limited. The place has a lot of potential if it can be managed properly.",2025-07-20T14:28:15.657Z,Hans Jonathan,103783867821002085879,True,1,en,2026-05-04T16:56:24.755854
Ci9DQUlRQUNvZENodHljRjlvT2xOUFVHcHlWWGhMTTJoRVNrSTJjVVI1ZVZoT1NIYxAB,ChIJmavgvLgXby4R2IizioFRk8k,Pondok Cai Pinus,Kuningan,Nongkrong,5,"Très bel endroit, pensez à vos affaires pour vous poser et profiter de l'instant.",2025-07-09T04:55:55.820Z,Nour-Amine Mankouri,110358551421958393375,True,0,fr,2026-05-04T16:56:24.755869
Ci9DQUlRQUNvZENodHljRjlvT2xReVNGOUtPV2w0YW1GcWN6SjZkRWx1VWpoWlEyYxAB,ChIJmavgvLgXby4R2IizioFRk8k,Pondok Cai Pinus,Kuningan,Nongkrong,5,Masuk nya murah . Saran kondisi kendaraan harus fit krn jalan nya mulus tp nanjak trs krn di bawah kaki gunung posisi nya. Tempat nya bagus menarik . Cuma kurang bersih . Ada yg fotoin jg . Ada tempat mknan nya g bgt enak mkanan nya . Tp pemandngan nya lumayan.,2025-07-07T12:34:56.894Z,KAYRA & MIMIH,113210636816108513109,True,0,id,2026-05-04T16:56:24.755889
Ci9DQUlRQUNvZENodHljRjlvT2prMVJYUmlObUZWUWxGQ1FrSnNka0ZRTFVkelJsRRAB,ChIJmavgvLgXby4R2IizioFRk8k,Pondok Cai Pinus,Kuningan,Nongkrong,5,Tempat wisata yang menarik untuk dikunjungi oleh para wisatawan,2025-07-05T05:38:56.093Z,Maun Umar sidik,105558040785812022065,True,0,id,2026-05-04T16:56:24.755898
Ci9DQUlRQUNvZENodHljRjlvT2xoYU9WZDNSMDV2VUZSYVkzZ3dWRkpqU2t0SFlsRRAB,ChIJmavgvLgXby4R2IizioFRk8k,Pondok Cai Pinus,Kuningan,Nongkrong,5,"Seru dan menurut aku tempatnya unik, kita juga bisa menyewa baju kimono, pokoknya gak mau pulang deh",2025-07-02T04:27:41.918Z,sella aryanti,104406357169594234222,True,0,id,2026-05-04T16:56:24.755909
ChdDSUhNMG9nS0VJQ0FnTUNJODZmc2pBRRAB,ChIJmavgvLgXby4R2IizioFRk8k,Pondok Cai Pinus,Kuningan,Nongkrong,2,"Hai haii aku selaku pengunjung pertama kali ke sini izin memberikan ulasan yaa semoga bisa di ambil positif nya, dan sebelumnya saya memohon maaf bila ada kata kata yang kurang pas saat saya memberikan ulasan ini 🙏

View & villa nya lumayan nyaman & bagus buat liburan keluarga
Tapiiiiiii mohon maaf ni yaa banyak banyak banget yang bikin gw dan keluarga gw kurang nyaman

""Disclaimer kurang nyaman bukan berarti tidak nyaman 😁👌""

1. Admin & Resepsionis kurang informatif pokonya saya nanya gk di jawab admin (mungkin kelewat karna banyak chat masuk atau apalah itu), & giliran nanya ke resepsionis Allahu Akbar JUTEK BANGET JAWABNYA, moon maaf banget ini tu admin sama resepsionis tempat memberi informasi buat pengunjung bukan cuma pajangan, apa baru pertama kali ya dapet pengunjung yg banyak tanya kek gw jadinya badmood, BTW gw nanya yang emang gak ada di rules yaaaaaaaa, sebaiknya di jawab ramah atau yaa intonasinya lebih di enakin lagi atau tambahin senyum lah biar gak tegang amat & gak bikin suasana jadi awkward, yaa kalo pun ada di rules jawabnya yang ramah juga si SEHARUS nyaaaa yaaa😉, Padahal staff lain kalau di tanya biasa aja jawabnya mungkin karna yang nanya ortu gw kali yaa, soalnya yang selalu nanya ke resepsionis & admin itu selalu gw dan tiap nanya ke situ gak bawa ortu (yaaah ini mah gw curhat bukan ngasi ulasan 🤣🤣)

2. Water heater kamar mandinya aneh😭 masa air panas nya gak selalu nyala tiap mau dipake (apa emang gw nya aja yg gak tau klo ada water heater yang gak selalu nyala tiap mau di pake?)

3. Staf Resto & Pelayanan menu, ini tiap gw order banyak mis nya, gw pesan via WA ternyata nomor yang tertera di menu gak aktif jadi minta tolong ke nomor lain tolong pesan kan🙏 pesen paket liwet 2 yang dateng 1 paket doang, beli minuman per minuman beli 2 yang dateng tiap minuman cuma 1, ini masi positif thingking karna kami ordernya lewat pihak ke 3 & waktu sore mungkin ada miskom & crowded karna tangal liburan pasti banyak pengunjung, tp pagi saya order lagi ada mis juga kurang 1 pesanan saya padahal pengunjung belum rame (gapapa si sebenernya staf juga manusia biasa bukan nabi boyy 🤟)

Panjang banget ya Allah 🤣🤣

Semoga ulasan saya di baca owner & staf nya semoga kedepannya ulasan ini memberikan dampak yang baik bagi kedepannya demi kenyamanan customer yang INGIN MENIKMATI LIBURAN 😆🙏",2025-05-25T02:28:37.579Z,Anisa Nur Afraliah,110288076308557142205,False,0,id,2026-05-04T16:56:24.755924
ChZDSUhNMG9nS0VNbVZnNENjbTZHVVNREAE,ChIJmavgvLgXby4R2IizioFRk8k,Pondok Cai Pinus,Kuningan,Nongkrong,4,"Sangat tertarik dari jauh melihat bangunan yg seperti kastil sehingga langsung masuk parkiran.. Ternyata banyak spot foto2 yang bisa bikin seru2an..

Tiket masuk @ 25rb perorang
Mushola cukup luas dan toilet juga..
Lumayanlah buat jd salah satu tempat berkunjung di daerah kuningan..",2025-05-11T10:52:33.861Z,Dini Viernawosa,101372541044624895232,True,0,id,2026-05-04T16:56:24.755948
ChdDSUhNMG9nS0VJQ0FnTURJdzhLanlBRRAB,ChIJmavgvLgXby4R2IizioFRk8k,Pondok Cai Pinus,Kuningan,Nongkrong,5,"Lebaran nginep disini, makanannya enak dan temoatnya nyaman",2025-04-12T15:13:18.368Z,Ratna,113564640615294627321,True,0,id,2026-05-04T16:56:24.755972
ChdDSUhNMG9nS0VJQ0FnTUNJN2VtZi1RRRAB,ChIJmavgvLgXby4R2IizioFRk8k,Pondok Cai Pinus,Kuningan,Nongkrong,2,"Dateng kesini pas lebaran ke 4, booking 2 kamar plus extra bed. Walaupun
Reservasinya dadakan, alhamdulillah msh dapet kamar kosong..
Untuk pelayanan, aman, akang dan tetehnya ramah.. Tapi pas masuk kamar, agak kaget dengan harga per malem Rp. 2.000.000 Tidak sesuai ekspektasi. Fasilitas wifi tidak ada, pintu kamar sempat rusak, Suara dispenser yg berisik. Ditambah View depan kamar banyak pohon jagung yg lumayan tinggi jadi mengganggu pemandangan. Amat sangat disayangkan padahal pemandangan di palutungan kereen.

Menu sarapan, nasi kuning (belum tanak/belum matang) mie goreng, tumis buncis, dan telur ceplok balado.. (seharusnya bisa lebih bervariasi lagi menunya)
Minuman : teh panas dan jus jambu (gak ada air putih)
Desert : puding & kue pukis.",2025-04-04T01:36:28.041Z,Linda wida,105252595155013398804,True,1,id,2026-05-04T16:56:24.755980
ChZDSUhNMG9nS0VJQ0FnTUNJN2RHTkdREAE,ChIJmavgvLgXby4R2IizioFRk8k,Pondok Cai Pinus,Kuningan,Nongkrong,1,"Nginep disini lebaran ke 4, dengan biaya 2jt/malam
Tapi kamarnya cmn 1, depan kamar persis tanaman jagung[mengganggu view gunung/city light] banyak laron sama anak bekicot di teras kamar😜
Pas Breakfast menunya cuman nasi kuning,telor ceplok,sayur buncis,mie goreng sambal, dan krupuk Banyak macamnya🤪
Nasi kuningnya rasanya masih ada beras2nya[kurang mateng/tanek]
🤭🤭🤭",2025-04-04T01:31:08.584Z,Budi Raharja,106954139331433534413,False,0,id,2026-05-04T16:56:24.755989
ChdDSUhNMG9nS0VJQ0FnTUNJcW9XUHFnRRAB,ChIJmavgvLgXby4R2IizioFRk8k,Pondok Cai Pinus,Kuningan,Nongkrong,1,"Ngak seruu mahall doangg , ngak ada apa apaa,percuma mahall doanggg,,",2025-04-01T04:09:33.775Z,Cindy Apriliani,107641703396482144081,False,0,id,2026-05-04T16:56:24.755997
Ci9DQUlRQUNvZENodHljRjlvT21WVGJrUm1RMHhPVkhVMWMxSXhVR2xQY21GcGMzYxAB,ChIJ94y4vywUby4RR0zcT9VUhcw,Alun-Alun Kota Kuningan,Kuningan,Nongkrong,5,"Bagus, sayang belum sempet foto disini. Lain waktu bakal update dengan foto",2026-05-02T11:14:41.099Z,Raga Mahendra,117415670764307764958,True,0,id,2026-05-04T16:56:24.756013
Ci9DQUlRQUNvZENodHljRjlvT21weFJGUkdSRVpEYkhkaU9HcG1Ta3RvTVhwcVJsRRAB,ChIJ94y4vywUby4RR0zcT9VUhcw,Alun-Alun Kota Kuningan,Kuningan,Nongkrong,3,"Kurang teratur
Toilet & tempat sampah sangat perlu",2026-05-02T04:07:09.499Z,ferri Utomo,102268859278209209186,False,0,id,2026-05-04T16:56:24.756029
Ci9DQUlRQUNvZENodHljRjlvT25GS2N5MTZRakl5Tms5MVYyVkNiVk16ZVVWM1duYxAB,ChIJ94y4vywUby4RR0zcT9VUhcw,Alun-Alun Kota Kuningan,Kuningan,Nongkrong,5,"Pusat Kota Kuningan....
Ramai kalau hari Sabtu/Libur karena banyak yang olahraga.
Sepanjang kanan-kiri banyak toko-toko legend...
Dominan warna MERAH... apakah warna ini adalah warna khas Kuningan?",2026-05-02T00:34:44.168Z,Hernu Sulistyo,117385234032971341626,True,0,id,2026-05-04T16:56:24.756039
Ci9DQUlRQUNvZENodHljRjlvT2xsdlFWTjNWMGQ2ZDAxS1YxQnJWR2t0TFdOUk9VRRAB,ChIJ94y4vywUby4RR0zcT9VUhcw,Alun-Alun Kota Kuningan,Kuningan,Nongkrong,5,Tempatnya bagus buat nyantai dan refresing keluarga,2026-04-29T22:00:54.626Z,Idin Rohidin,100384704437513936461,True,0,id,2026-05-04T16:56:24.756072
Ci9DQUlRQUNvZENodHljRjlvT2toYWRYWlJOVlJZVm5OM09HWkRiRVJ5U1drMFlsRRAB,ChIJ94y4vywUby4RR0zcT9VUhcw,Alun-Alun Kota Kuningan,Kuningan,Nongkrong,5,Mantap untuk santai.,2026-04-28T04:39:03.421Z,Bagus Arianto,103675514998275514082,True,0,id,2026-05-04T16:56:24.756107
Ci9DQUlRQUNvZENodHljRjlvT21adWVWcFVSRlZmYlVwblgxRXRlWE5GUm1ScmFHYxAB,ChIJ94y4vywUby4RR0zcT9VUhcw,Alun-Alun Kota Kuningan,Kuningan,Nongkrong,5,Lingkungan yang asri dan sejuk,2026-04-26T14:50:48.227Z,Yuda Perdana,107227981484995290858,False,0,id,2026-05-04T16:56:24.756135
ChdDSUhNMG9nS0VJQ0FnTUNJcXJuZzZnRRAB,ChIJmavgvLgXby4R2IizioFRk8k,Pondok Cai Pinus,Kuningan,Nongkrong,1,"Hanya untuk berfoto di tempat yang ada gambar ,dilarang duduk depan penginapan klo tidak menginap tidak ada tempat duduk cuma ada cafe mahal gak enak",2025-04-01T04:07:07.073Z,Helmi Riyandi,108481390356174316513,False,0,id,2026-05-04T16:56:24.756150
ChZDSUhNMG9nS0VJQ0FnTUNJbUtXY0dnEAE,ChIJmavgvLgXby4R2IizioFRk8k,Pondok Cai Pinus,Kuningan,Nongkrong,5,Havasi serin guzel manzara,2025-03-30T01:02:55.792Z,Tekin Tekin,110209197746987876660,True,0,tr,2026-05-04T16:56:24.756158
ChdDSUhNMG9nS0VJQ0FnTURRN2J2SWdBRRAB,ChIJmavgvLgXby4R2IizioFRk8k,Pondok Cai Pinus,Kuningan,Nongkrong,5,Rekomendasi untuk liburan keluarga serta di tunjang tempat selfie yang bagus👍,2025-03-13T06:31:51.115Z,Urip Mulyana,106673287036349163803,True,0,id,2026-05-04T16:56:24.756165
ChdDSUhNMG9nS0VJQ0FnSUNPNHJhM2hBRRAB,ChIJmavgvLgXby4R2IizioFRk8k,Pondok Cai Pinus,Kuningan,Nongkrong,5,"Spot selfie yg instagrammable cocok buat hangout bareng keluarga or pasangan,, ditambah resto dengan menu favorit nasi liwet cai pinus,, yg ingin menikmati sejuknya hawa pegunungan tersedia juga villa pondok cai pinus....",2025-02-14T05:52:34.170Z,Yopi Ahdiyanto,111034024583736983940,True,8,id,2026-05-04T16:56:24.756200
Ci9DQUlRQUNvZENodHljRjlvT2xaMVJEQnBSbXhDTlZOTk9XNW9XVkJIUTFWMk4yYxAB,ChIJ94y4vywUby4RR0zcT9VUhcw,Alun-Alun Kota Kuningan,Kuningan,Nongkrong,5,Area nongkrong di malam hari.  dengn makanan surabi yang terkenal di kuningan,2026-04-20T09:57:41.854Z,Agus Priyanto,107471505344008091289,True,0,id,2026-05-04T16:56:24.756246
Ci9DQUlRQUNvZENodHljRjlvT2tSVFJWQm5iR2RCYlhac1dtOXJSVzFYYldoaFpIYxAB,ChIJ94y4vywUby4RR0zcT9VUhcw,Alun-Alun Kota Kuningan,Kuningan,Nongkrong,5,meujeuh jang hulang huleng mah🗿,2026-04-19T21:14:56.590Z,Jibril Al Jabbar,115057321910622414211,False,0,su,2026-05-04T16:56:24.756260
Ci9DQUlRQUNvZENodHljRjlvT2t0MlgzTk9WSGh4Wm1Ka1UxVXhTR0pQU0VveVJHYxAB,ChIJ94y4vywUby4RR0zcT9VUhcw,Alun-Alun Kota Kuningan,Kuningan,Nongkrong,5,Standar .bykin tempat sampah juga biar mudah buang sampah.harganya lumayan pricely,2026-04-17T06:44:49.579Z,Dewi Siti nurzanah,102389373717916895763,False,0,id,2026-05-04T16:56:24.756335
Ci9DQUlRQUNvZENodHljRjlvT2pSUVVGbDNlRkJPU0ZWblZtSmpiV28yTVhrelJrRRAB,ChIJ94y4vywUby4RR0zcT9VUhcw,Alun-Alun Kota Kuningan,Kuningan,Nongkrong,5,bagus tempatnya nyaman,2026-04-17T00:12:59.010Z,Indriani Arnetha Adriya,115983000933439095393,True,0,id,2026-05-04T16:56:24.756349
Ci9DQUlRQUNvZENodHljRjlvT20xSVVISm5lWEpaUW1GdmNFbGtaRGRaVG5kSWRYYxAB,ChIJ94y4vywUby4RR0zcT9VUhcw,Alun-Alun Kota Kuningan,Kuningan,Nongkrong,5,Tempatnya ramai banyak jajanan kuliner,2026-04-14T13:59:39.871Z,J Pamungkas,115540071363502408880,True,0,id,2026-05-04T16:56:24.756399
Ci9DQUlRQUNvZENodHljRjlvT2taelluTnlWSFkzVW0xbGRFWnFOVTl6YlRCNVYzYxAB,ChIJ94y4vywUby4RR0zcT9VUhcw,Alun-Alun Kota Kuningan,Kuningan,Nongkrong,4,"Lumayan lah alun2 nya, cuman yg disayangkan area yg di depan pujasera itu gelep banget kenapa ya.. terus tidak ada pengaturan itu sepeda listrik, mebhayakan",2026-04-13T12:14:51.439Z,bagus handika,107720142908549078586,True,0,id,2026-05-04T16:56:24.756415
Ci9DQUlRQUNvZENodHljRjlvT210S1YyMHRiRzR4UkZsblNHMHhTemwyWVhwelRWRRAB,ChIJ94y4vywUby4RR0zcT9VUhcw,Alun-Alun Kota Kuningan,Kuningan,Nongkrong,4,Alhamdulillah; masjid besar kota kuningan,2026-04-13T01:14:57.661Z,"EKO SUSIYANTO, M",109345757228658235784,True,0,id,2026-05-04T16:56:24.756424
Ci9DQUlRQUNvZENodHljRjlvT21WVmJuWnJMWGhpUVhJeWEwcDFaRlJ4ZWxkMGIwRRAB,ChIJ94y4vywUby4RR0zcT9VUhcw,Alun-Alun Kota Kuningan,Kuningan,Nongkrong,5,Rame terus disinimah,2026-04-12T07:39:19.671Z,Dede Rudiansyah,114136767869898659771,False,0,id,2026-05-04T16:56:24.756446
Ci9DQUlRQUNvZENodHljRjlvT2xkWFREVjJTbUZ0WW1kQlVHbElOa0pLUjNoRGQxRRAB,ChIJD4c3RM0Vby4Ra1PRpABTAjU,"Waroeng kopi, bakmie & teh tarik SEMOGA DJAYA",Kuningan,Nongkrong,4,"Oke good, cocok untuk kalangan pelajar & mahasiswa.",2026-04-30T08:17:15.810Z,Arif Hidayat,113413694180420943845,True,0,id,2026-05-04T16:56:24.756468
Ci9DQUlRQUNvZENodHljRjlvT2pkSlQzUXdSbE0xYldKTWQxbEpjRFppUkRCblIwRRAB,ChIJD4c3RM0Vby4Ra1PRpABTAjU,"Waroeng kopi, bakmie & teh tarik SEMOGA DJAYA",Kuningan,Nongkrong,5,"Tempatnya nyaman banget buat nongkrong santai bareng teman atau keluarga. Suasananya adem dan estetik, cocok buat foto-foto juga. Menu bakmie dan teh tariknya enak, rasanya pas dan harganya masih ramah di kantong. Pelayanannya juga cepat dan ramah. Pokoknya recommended banget buat yang lagi cari warkop nyaman di Kuningan! 👍",2026-04-09T11:22:55.321Z,MUHAMMAD FAWWAZ DZILDAN,112008395522588110074,False,0,id,2026-05-04T16:56:24.756484
Ci9DQUlRQUNvZENodHljRjlvT2xkUk56Qm1ha3hpV1RJMVJFcEVTRzFtTmtGalpWRRAB,ChIJD4c3RM0Vby4Ra1PRpABTAjU,"Waroeng kopi, bakmie & teh tarik SEMOGA DJAYA",Kuningan,Nongkrong,1,"Bad attitude
Negative vibes",2026-03-26T17:36:27.140Z,Nani Chan,111972107716336074275,True,0,en,2026-05-04T16:56:24.756492
Ci9DQUlRQUNvZENodHljRjlvT21KeWNtTnhOVVpDUWkwd2IxVnFOblpNTmpGS1ltYxAB,ChIJD4c3RM0Vby4Ra1PRpABTAjU,"Waroeng kopi, bakmie & teh tarik SEMOGA DJAYA",Kuningan,Nongkrong,1,waiters tidak sopan kepada pelanggan,2026-03-22T14:55:55.506Z,Atika Pujilestari,108253563102846215401,False,0,id,2026-05-04T16:56:24.756509
Ci9DQUlRQUNvZENodHljRjlvT2tOUU1ISkxWa0p5UTFwUFFWaDJUVGxZVFZoS2FIYxAB,ChIJD4c3RM0Vby4Ra1PRpABTAjU,"Waroeng kopi, bakmie & teh tarik SEMOGA DJAYA",Kuningan,Nongkrong,5,"Really affordable, enak tempatnya asal dapat yang indoor biar ga kehujanan klo tiba2 hujan",2026-02-02T01:00:58.553Z,Muhammad Fisa Al Iqbal,103607829339029489432,False,0,id,2026-05-04T16:56:24.756537
Ci9DQUlRQUNvZENodHljRjlvT20xQ05VMXZlalZxVFVzMmRsWnpUVXB3VTFSVVExRRAB,ChIJD4c3RM0Vby4Ra1PRpABTAjU,"Waroeng kopi, bakmie & teh tarik SEMOGA DJAYA",Kuningan,Nongkrong,4,"Cocoknya untuk anak SMA, full rokok. Pelayanan oke",2026-01-26T10:30:51.283Z,Dena Pertiwi,106638096317864127247,False,0,id,2026-05-04T16:56:24.756546
Ci9DQUlRQUNvZENodHljRjlvT2s1U1JrUlJPUzF0Y0ZsR2FXTndhMUIwZURkdmQzYxAB,ChIJD4c3RM0Vby4Ra1PRpABTAjU,"Waroeng kopi, bakmie & teh tarik SEMOGA DJAYA",Kuningan,Nongkrong,1,"Pesen dimsum rasanya kek  masam kek udah basi,bakmie asin nya lumayan enak minuman nya enak teh tarik
TAPI TEMPATNYA nunggu lama ,makanan ny lama
nyari tempat duduk susah ,sama penataan kursi kurang rapih
Saran banyakin lg tempat duduk di tata biar lebih menarik
biar lebih bagus tempatnya harus senada kursi plastik semua inima kursi nya beda²",2025-12-28T16:26:49.669Z,Phungngamm Mungvah,114792950467513292168,False,0,id,2026-05-04T16:56:24.756573
Ci9DQUlRQUNvZENodHljRjlvT2tkVk9FZGpRMDlHVVhwRGExbElUV010WVZNdGFuYxAB,ChIJD4c3RM0Vby4Ra1PRpABTAjU,"Waroeng kopi, bakmie & teh tarik SEMOGA DJAYA",Kuningan,Nongkrong,3,"kesini diajak temen, rasa makanan si lumayan ok tapi pelayanannya ga jelas, gaada waiting list, antrian di kasir banyak buat dine in ga di stop padahal tempat udah ga cukup, mana kalo minta kursi dicuekin sama pelayannya 🤣🤣",2025-12-28T15:54:23.698Z,Isna Septi Fadiah,103853819167996473095,True,0,id,2026-05-04T16:56:24.756581
Ci9DQUlRQUNvZENodHljRjlvT25sZk4yVjRkR1pQTkZGUFVFdEpVWGxUTWw5cVdFRRAB,ChIJD4c3RM0Vby4Ra1PRpABTAjU,"Waroeng kopi, bakmie & teh tarik SEMOGA DJAYA",Kuningan,Nongkrong,1,"orang orangnya bad attitude semua masa udah ada no meja + bingkisan makanan di tempatin dan di bilang kosong, lalu bingkisan nya dibuang (soalnya tumpah dan dengan keadaan kotor) pelayanan dan keamanan nya ga bertanggung jawab & ga amanah",2025-12-26T10:18:13.151Z,Orchida Azzahrra,104915401164225855415,False,0,id,2026-05-04T16:56:24.756589
Ci9DQUlRQUNvZENodHljRjlvT21OUmJVVm9NbVk0T1VGeWRIYzJNVWx3V2pRMWMzYxAB,ChIJD4c3RM0Vby4Ra1PRpABTAjU,"Waroeng kopi, bakmie & teh tarik SEMOGA DJAYA",Kuningan,Nongkrong,1,pengantaran lama sekali.,2025-12-19T08:03:01.940Z,Myesha Sachi Kirana,117754506821428864672,False,0,id,2026-05-04T16:56:24.756605
Ci9DQUlRQUNvZENodHljRjlvT2tKU1YzWnFUVXQxUlVoNmFWUnRlRU0yVW1FNGVFRRAB,ChIJD4c3RM0Vby4Ra1PRpABTAjU,"Waroeng kopi, bakmie & teh tarik SEMOGA DJAYA",Kuningan,Nongkrong,1,"tukang parkir kurang ramah, pelanggan/peminat banyak tmpt sempit,katanya harus nunggu 25 menit tapii udah hampir 40 menit kita nunggu di parkiran
suasana enak tapi kurang tmpt/kurang luas",2025-12-13T14:21:25.377Z,Kaila Megan,114195173904266284770,False,0,id,2026-05-04T16:56:24.756613
Ci9DQUlRQUNvZENodHljRjlvT21OR1psSkliWFpRYUdoamRXOTRlRzVxUkZJM00zYxAB,ChIJbe4i_eAXby4RTBIzaGCTtRY,Saung Kopi Hawwu,Kuningan,Nongkrong,4,Makanannya enak dan beragam. Tempatnya luas dan banyak space. Harga terjangkau. Vibes tempo dulu..,2026-05-01T23:52:46.580Z,Citra D Gitalestari,108399985178992611300,True,0,id,2026-05-04T16:56:24.756628
Ci9DQUlRQUNvZENodHljRjlvT21WV1ZsWjRhamxMVGtaM1dEWnhlRGhtTTI1YU9VRRAB,ChIJbe4i_eAXby4RTBIzaGCTtRY,Saung Kopi Hawwu,Kuningan,Nongkrong,4,Sambelnya kurang pedes terus agak asin hehe,2026-05-01T05:23:19.561Z,Nita Meinovita,102814776639912214481,True,0,id,2026-05-04T16:56:24.756638
Ci9DQUlRQUNvZENodHljRjlvT201SWEyMTBZak5GZWtONlJIcFdhWEpoY1VFNFgxRRAB,ChIJbe4i_eAXby4RTBIzaGCTtRY,Saung Kopi Hawwu,Kuningan,Nongkrong,5,"makanan nyunda enak di kuningan, prasmanan, enak enak makanannya",2026-04-20T15:47:52.047Z,Arvin Alghifari,117804727718915343626,True,0,id,2026-05-04T16:56:24.756667
Ci9DQUlRQUNvZENodHljRjlvT2xGUldXTlVPR05hUm0xdE1rZEVRVTQxWDJaTk0zYxAB,ChIJbe4i_eAXby4RTBIzaGCTtRY,Saung Kopi Hawwu,Kuningan,Nongkrong,5,warung makannya bagus.. vibes dan atmosphere nya kayak pedesaan Djawa Barat Tempo Doeloe.. rasa makanannya maknyuss dan harganya masih tetap ramah dikantong.. you must try klo lg maen / singgah di Kuningan,2026-04-15T06:49:35.749Z,Cahyadi Putra,108623292436007864489,True,0,id,2026-05-04T16:56:24.756688
Ci9DQUlRQUNvZENodHljRjlvT25GcmRuQkhVR3BVWVVGQlpFcFlOR1JNTW5WVGJHYxAB,ChIJbe4i_eAXby4RTBIzaGCTtRY,Saung Kopi Hawwu,Kuningan,Nongkrong,5,Restoran ala jawa prasmanan.,2026-04-05T22:51:54.426Z,Fariz Dzifaz,103487800003502072429,True,0,id,2026-05-04T16:56:24.756701
Ci9DQUlRQUNvZENodHljRjlvT21wMVQzQlFlRVF6VTNsV1JIbHhhMWhwTlZWUlkwRRAB,ChIJbe4i_eAXby4RTBIzaGCTtRY,Saung Kopi Hawwu,Kuningan,Nongkrong,5,Sayur SOP kurang enak,2026-04-05T09:50:28.660Z,Vonyk,108511370533544972184,False,0,id,2026-05-04T16:56:24.756710
Ci9DQUlRQUNvZENodHljRjlvT25SVGVVNDBlR2gxVjNoUFJXeDFOa0UyWmxjd01WRRAB,ChIJbe4i_eAXby4RTBIzaGCTtRY,Saung Kopi Hawwu,Kuningan,Nongkrong,4,"Makan bernuansa pedesan jaman dahulu
Makanan ambil sendiri soal rasanya cukup enak, sayur lodehnya enak, es cuingnya manis gurih, tempatnya luas, ada musholahnya juga, ada warung souvenir, parkiran luas",2026-04-05T09:44:57.082Z,Han Novianto,102398633396265284133,True,0,id,2026-05-04T16:56:24.756719
ChdDSUhNMG9nS0VJQ0FnSURTbFpxeS13RRAB,ChIJd4MbgC4Uby4RNGPYu8gszJY,Waroeng Batok,Kuningan,Nongkrong,5,"Tempatnya simpel, sejuk, enak buat dinner and doubleDate, makananya pun enak banget, segera dicoba mampir bagi yang blom pernah ayo segera,,",2021-01-03T09:22:40.048Z,Rendy Motovlog,116066641626276140490,False,0,id,2026-05-04T16:56:24.756796
ChdDSUhNMG9nS0VJQ0FnSURra1BmbDlnRRAB,ChIJd4MbgC4Uby4RNGPYu8gszJY,Waroeng Batok,Kuningan,Nongkrong,5,Menunya enak enak dengan harga yang terjangkau,2019-06-23T10:06:22.008Z,Cijolang Mania,114022426086389004268,True,0,id,2026-05-04T16:56:24.756817
Ci9DQUlRQUNvZENodHljRjlvT21KbmExVkhjMmhPTkVoSFpXaGhiWGRsUVRWRFJtYxAB,ChIJ0ah-8xAXby4RAe_m-glJXCo,OKPUKAT KUNINGAN KOTA,Kuningan,Nongkrong,5,Nikmattt pisannn... No komen pokonamah🤩🤩,2026-02-24T08:49:52.306Z,Nuril Mubin,115064125410938305406,False,0,su,2026-05-04T16:56:24.756839
Ci9DQUlRQUNvZENodHljRjlvT25sUFlsVTFYMk5HVTI5SGJsQkVVblZ6UXpSZmEzYxAB,ChIJ0ah-8xAXby4RAe_m-glJXCo,OKPUKAT KUNINGAN KOTA,Kuningan,Nongkrong,5,"makanan dan minuman nya sangat enak, cocok untuk di minum siang siang 👍",2026-02-24T08:46:39.222Z,Zalpaa Septian,112727992962658216996,False,0,id,2026-05-04T16:56:24.756851
Ci9DQUlRQUNvZENodHljRjlvT2tVd1pXVkZXR0ZIYjNNNWFYUnhVa3BvWW1aRGJuYxAB,ChIJ0ah-8xAXby4RAe_m-glJXCo,OKPUKAT KUNINGAN KOTA,Kuningan,Nongkrong,1,"Saya salah satu penggemar okpukat di kuningan, tapi males banget kalo beli depan bjb, karyawan yg pake kacamata gak enak banget kalo ngelayanin, gak kedengeran dikit ajaa nyolott kayak gak ikhlas bangett ngelayaninnya , suami saya sampe kapokk.",2026-01-27T07:03:08.267Z,Ikhfina Maolaya,106073282209080490041,False,0,id,2026-05-04T16:56:24.756859
Ci9DQUlRQUNvZENodHljRjlvT21GamJEaDBNVlJIT0ZJMGVXcGZXbWhCVEhOdGRIYxAB,ChIJ0ah-8xAXby4RAe_m-glJXCo,OKPUKAT KUNINGAN KOTA,Kuningan,Nongkrong,5,"Pilihan menunya banyak, paling favorit itu danc*w kental. Tp syang ya tempatnya susah buat parkir buat kendaaraan roda 4. Kl roda 2 msh bsa.",2025-09-02T14:02:13.889Z,Leni Nurahmi,115528930159756078643,True,0,id,2026-05-04T16:56:24.756875
Ci9DQUlRQUNvZENodHljRjlvT2xGcVZFVm1iekJFYkZkMk5tUkJUMkY1T1ROdFpGRRAB,ChIJ0ah-8xAXby4RAe_m-glJXCo,OKPUKAT KUNINGAN KOTA,Kuningan,Nongkrong,4,Senyum kek klo melayani..    Jutek amat jadi penjual..   Untung produknya enak..,2025-06-30T11:39:16.636Z,Eyza Dens,102967229444408878823,True,0,id,2026-05-04T16:56:24.756900
ChdDSUhNMG9nS0VJQ0FnSURfLTZxTGhRRRAB,ChIJ0ah-8xAXby4RAe_m-glJXCo,OKPUKAT KUNINGAN KOTA,Kuningan,Nongkrong,1,"Pelayananya kurang banget terutama kasir nya gak helpful sama sekali,untuk owner tolong di training dulu pegawainya biar bisa melayani customer dengan baik",2025-01-27T13:42:09.044Z,Widi Shd,118172428492609528836,False,0,id,2026-05-04T16:56:24.756915
ChZDSUhNMG9nS0VJQ0FnSUQ3NDdfNERnEAE,ChIJ0ah-8xAXby4RAe_m-glJXCo,OKPUKAT KUNINGAN KOTA,Kuningan,Nongkrong,5,Minuman yang paling favorit banget tak pernah terlewatkan cocok di minum di setiap moment apapun beuh selalu ketagihan pokonya 🥰🥰,2024-08-28T03:01:45.071Z,Zamzam Nurjaman,118232669929973317546,False,0,id,2026-05-04T16:56:24.756960
ChZDSUhNMG9nS0VJQ0FnSUNhdzRLdFpBEAE,ChIJ0ah-8xAXby4RAe_m-glJXCo,OKPUKAT KUNINGAN KOTA,Kuningan,Nongkrong,5,Suka banget varian creamee apalagi yang cookies. Rasanya gak bisa diungkapkan sama kata - kata,2024-08-27T03:43:08.815Z,Budiargo Alam,100666901160175122650,False,0,id,2026-05-04T16:56:24.756982
ChdDSUhNMG9nS0VJQ0FnSURyeWZxZXN3RRAB,ChIJ0ah-8xAXby4RAe_m-glJXCo,OKPUKAT KUNINGAN KOTA,Kuningan,Nongkrong,5,"Karena pinggir jalan sedikit rame suara kendaraan (selalu berhati-hati guys), pemesanan cepat, produknya enak bikin ketagihan untuk pecinta alpukat tp jangan keseringan kl jarang olahraga karena berat badan akan naik🤭 habis minum ini harus rajin olahraga, harganya gak terlalu pricey masih terjangkau",2024-07-18T10:37:05.773Z,박수열,104314268369289849639,True,0,id,2026-05-04T16:56:24.756991
Ci9DQUlRQUNvZENodHljRjlvT25CS1FreDRlazVPT0dOVk4xRm1NVkJsV0RsbGQwRRAB,ChIJbe4i_eAXby4RTBIzaGCTtRY,Saung Kopi Hawwu,Kuningan,Nongkrong,4,"Tradisional tempatnya, serasa makan di kampung 😃✌️",2026-03-28T05:48:21.067Z,Agus Otter,107216178054283900022,True,0,id,2026-05-04T16:56:24.757006
Ci9DQUlRQUNvZENodHljRjlvT2tFeU5IVnhaMnB2VVd0dVNWOXpiVTEwTlhSYVlYYxAB,ChIJbe4i_eAXby4RTBIzaGCTtRY,Saung Kopi Hawwu,Kuningan,Nongkrong,4,"Rasanya enak, tersedia berbagai menu kafe dan nasi, dengan harga terjangkau. Cuma minus di jumlah waiternya terbatas, dan saat tiba pagi sambal belum jadi.",2026-03-23T03:06:22.724Z,Muhammad Wildan Kamil,104710694588396093041,True,0,id,2026-05-04T16:56:24.757044
Ci9DQUlRQUNvZENodHljRjlvT25KNmJHcHBWMWd5WWtGM2IwRjJOVE5hVFVGbWNXYxAB,ChIJbe4i_eAXby4RTBIzaGCTtRY,Saung Kopi Hawwu,Kuningan,Nongkrong,5,Satu adik satu keponakan diantara dua orang ini lagi lihat gambar video di HP saya. Nah kebetulan saya lagi pakai blutut. Pas HP di gedein suaranya saya sampai loncat dan kita bertiga tertawa sampai lepas . Karena mereka nggak tau kalo saya blutut. Sampai pengunjung pada ngeliatin kita. Itu lah yang sangat berkesan makan dan ngopi di saung kopi hawwu..,2026-02-21T23:38:46.152Z,Siti Fatimah,116133855768137582813,False,0,id,2026-05-04T16:56:24.757078
Ci9DQUlRQUNvZENodHljRjlvT2toaE1uWkRjbkIzY0RKd05GVTBiakZyVDNSYWMwRRAB,ChIJbe4i_eAXby4RTBIzaGCTtRY,Saung Kopi Hawwu,Kuningan,Nongkrong,5,Tempat makan serasa di jaman dahulu tapi makanannya enak,2026-02-18T21:08:28.135Z,Saepul Bahri,105582443984621682130,True,0,id,2026-05-04T16:56:24.757092
Ci9DQUlRQUNvZENodHljRjlvT25OSVJYUXhRbXBPZDFGcGRrZzViSEYwZVdSUWJsRRAB,ChIJbe4i_eAXby4RTBIzaGCTtRY,Saung Kopi Hawwu,Kuningan,Nongkrong,5,"Serasa di rumah nenek, dengan suasana yang dibiarkan alami.",2026-02-10T08:05:08.892Z,Vera Verawati,110643097570975621623,False,0,id,2026-05-04T16:56:24.757107
Ci9DQUlRQUNvZENodHljRjlvT2xweVNYRjVObVpDY25sSk1sSjVXRE5uVlRRNGFtYxAB,ChIJbe4i_eAXby4RTBIzaGCTtRY,Saung Kopi Hawwu,Kuningan,Nongkrong,5,Makanan tradisional jawa prasmanan. Pilihan lauk banyak. Lodehnya ga boleh dilewati,2026-02-08T14:55:16.526Z,Novan C N,115313928881317977315,True,0,id,2026-05-04T16:56:24.757115
Ci9DQUlRQUNvZENodHljRjlvT25wNVJXeGtURzF2VTNWSlpFc3llVzF1Tm5kalptYxAB,ChIJbe4i_eAXby4RTBIzaGCTtRY,Saung Kopi Hawwu,Kuningan,Nongkrong,1,"Cuma toilet nya ga ada yg duduk
Smua jongkok untuk org gemuk jd nya susah",2026-02-07T09:52:27.893Z,Irma Herdiany,111224331774937241509,False,0,id,2026-05-04T16:56:24.757122
Ci9DQUlRQUNvZENodHljRjlvT2pOQlNGQTNaMjVwWVMxVGJFSjRSRzg1WTA1WGRHYxAB,ChIJbe4i_eAXby4RTBIzaGCTtRY,Saung Kopi Hawwu,Kuningan,Nongkrong,4,"Prasmanan disini dengan harga yang terjangkau, enak-enak khas sunda apalagi sambel dadak yang fresh dan pedes nampol, makan segini banyak ga sampe ngabisin 100 ribu, suasananya tempo zaman dulu dengan ornamen-ornamen yang dipajang bikin kangen masa dulu. Untuk keran air ada yang tidak berfungsi mungkin bisa diperbaiki agar tidak terlalu jauh untuk cuci tangan",2026-02-05T02:37:31.896Z,FIIDAAP,118298848419590911908,False,0,id,2026-05-04T16:56:24.757130
Ci9DQUlRQUNvZENodHljRjlvT2twa1IxY3dOMlYzV210cmIzUnpVVGRrUVhSd01sRRAB,ChIJbe4i_eAXby4RTBIzaGCTtRY,Saung Kopi Hawwu,Kuningan,Nongkrong,5,Recomend buat makan siang nya mantul,2026-02-01T13:30:11.240Z,Heri Herlambang,102824081571058575302,True,0,id,2026-05-04T16:56:24.757138
ChdDSUhNMG9nS0VJQ0FnSUNfeXQtQ2pRRRAB,ChIJD4c3RM0Vby4Ra1PRpABTAjU,"Waroeng kopi, bakmie & teh tarik SEMOGA DJAYA",Kuningan,Nongkrong,5,"Kedai makan dengan bakmie dan teh tarik yang jadi menu andalannya. Visit 2 tahun yang lalu dan kemarin visit lagi ada perubahan yang signifkan.

Ada beberapa poin yang aku perhatikan saat makan di sana. Pertama, makanannya dulu. Selera orang beda-beda, tapi kalau cari bakmie 15rb dan enak, ini udah worth it. Ada 2 rasa, manis dan asin, sayangnya yang asin gak aku coba.

Untuk lingkungannya sendiri, desain kedainya industrial dan cocok untuk nongkrong. Ada mulai dari duduk di indoor dan outdoor. Tapi aku gak terbiasa dengan alas yang batu2 kecil kayaknya, hampir jatuh terus, hiks.

Pegawainya ramah. Masih muda mudi bersemangat sekali.

Toilet sendiri agak turun ya. Juga airnya kayaknya ga habis-habis disini",2025-12-06T01:03:26.861Z,Melody AMPv,111966367119530477307,True,0,id,2026-05-04T16:56:24.757153
Ci9DQUlRQUNvZENodHljRjlvT21weldubFFYelZXT1ZvMmRVbzVObE4xVlc5b2NHYxAB,ChIJD4c3RM0Vby4Ra1PRpABTAjU,"Waroeng kopi, bakmie & teh tarik SEMOGA DJAYA",Kuningan,Nongkrong,5,"Enak sii buat nongkrong, harganya juga aman di kantong",2025-10-14T03:36:26.857Z,cucumayasaroh,109801048680802396889,True,0,id,2026-05-04T16:56:24.757195
Ci9DQUlRQUNvZENodHljRjlvT21vMlpERklNbFJyZURWTlgxOHhWVFF3UVVkelpYYxAB,ChIJD4c3RM0Vby4Ra1PRpABTAjU,"Waroeng kopi, bakmie & teh tarik SEMOGA DJAYA",Kuningan,Nongkrong,5,"Tempat lumayan enak, suasana cozy, enak buat nongkrong. Makanan nya enak dengan cita rasa khas, rempah nya terasa, minumannya enak, harga murah",2025-10-09T09:14:21.962Z,Dini Nurbayani,104349990432034169773,True,0,id,2026-05-04T16:56:24.757205
Ci9DQUlRQUNvZENodHljRjlvT25acVpHcElUblZNVkRCb05VZDJZbGhZT1RKbVIyYxAB,ChIJD4c3RM0Vby4Ra1PRpABTAjU,"Waroeng kopi, bakmie & teh tarik SEMOGA DJAYA",Kuningan,Nongkrong,4,"Tempat ngopi n nongkrong yg nyaman, makanan nya enak2, nyobain bakmie dan nasi ayam hainan dengan harga yg murah tapi rasanya mewah, pokoknya menu2 yg lainnya jg ramah di kantong",2025-10-09T08:38:36.023Z,Siti Fajariyah,108986734342660449915,True,0,id,2026-05-04T16:56:24.757212
Ci9DQUlRQUNvZENodHljRjlvT21wV1IzWmpValpHZEhNMU4zSmtZbDkyVDNsbE1tYxAB,ChIJD4c3RM0Vby4Ra1PRpABTAjU,"Waroeng kopi, bakmie & teh tarik SEMOGA DJAYA",Kuningan,Nongkrong,5,Bakmi specialist,2025-08-11T14:37:14.950Z,pastisandy,103095780180154376033,True,0,id,2026-05-04T16:56:24.757233
Ci9DQUlRQUNvZENodHljRjlvT210S05VSjZWemwyVkZkVGVtdEdaREJ4ZUdseGVFRRAB,ChIJD4c3RM0Vby4Ra1PRpABTAjU,"Waroeng kopi, bakmie & teh tarik SEMOGA DJAYA",Kuningan,Nongkrong,4,"Waroeng kopi semoga Jaya cukup menarik juga, untuk tempat mengusung konsep industrial, dan juga vintage, sehingga nyaman untuk cari tempat duduk, makanan dan minuman nya juga enak dengan harga bersahabat, kebetulan hari ini lagi ultah yg pertama, sukses selalu dan semoga Jaya.....",2025-08-03T11:39:04.296Z,Udin Jaenudin,110069556020947052937,True,0,id,2026-05-04T16:56:24.757241
Ci9DQUlRQUNvZENodHljRjlvT2tRMFluY3RRVWxLTVhSUmNGaFVibHBGWVd4VGRHYxAB,ChIJD4c3RM0Vby4Ra1PRpABTAjU,"Waroeng kopi, bakmie & teh tarik SEMOGA DJAYA",Kuningan,Nongkrong,5,Bakmie & teh tariknya enak harganya murmer mantaaap,2025-07-24T05:10:42.973Z,tyas lestari,112516071310320509926,True,0,id,2026-05-04T16:56:24.757249
Ci9DQUlRQUNvZENodHljRjlvT25sMVZsWjJUMlExWWxwNVJGZFZUMmh1WDNWTlRIYxAB,ChIJD4c3RM0Vby4Ra1PRpABTAjU,"Waroeng kopi, bakmie & teh tarik SEMOGA DJAYA",Kuningan,Nongkrong,4,"Mohon maaf, saran saja untuk bakmie asin dan manisnya terlalu overpower bumbunya, jdi kesannya asin bgt",2025-07-18T02:04:40.500Z,Ahmad Reynaldi,115550240788476327992,False,0,id,2026-05-04T16:56:24.757256
Ci9DQUlRQUNvZENodHljRjlvT2xGMFRrSTVZblZWZW01ekxWRlNRa3hpT1VSWk5IYxAB,ChIJD4c3RM0Vby4Ra1PRpABTAjU,"Waroeng kopi, bakmie & teh tarik SEMOGA DJAYA",Kuningan,Nongkrong,5,beli teh tarik tp rasanya kayak thai tea 😭,2025-07-08T09:16:47.897Z,Zahra Bintang Pratiwi,103334712870040645568,True,0,id,2026-05-04T16:56:24.757264
Ci9DQUlRQUNvZENodHljRjlvT2tacVJWUlFNbEZZY0VoVFpHOVVUM0IyVTJSblVXYxAB,ChIJD4c3RM0Vby4Ra1PRpABTAjU,"Waroeng kopi, bakmie & teh tarik SEMOGA DJAYA",Kuningan,Nongkrong,5,harga nya murah murah bgt sangat cocok untuk pelajar. rasa makanannya worth it dengan harga segituu. recommended sih👍🏻,2025-06-27T13:25:45.963Z,Fatiha Aulia Angraini,102216257668325931569,False,0,id,2026-05-04T16:56:24.757272
ChZDSUhNMG9nS0VJNk45Y09famVELU1nEAE,ChIJD4c3RM0Vby4Ra1PRpABTAjU,"Waroeng kopi, bakmie & teh tarik SEMOGA DJAYA",Kuningan,Nongkrong,1,"pelayanan nya kurang, minta tolong dong kalo ngelayanin yang niattt,bad attitude, untuk di bagian cooking minta tolong bgt kalo masak bakmie mie nya yang mateng masa mie nya belom mateng tapi udh dikasih ke cust sampe ga di makan maaf(untuk masukan aja biar ga terulang),trs air rebusannya sering' deh diganti, thank u",2025-05-12T18:17:35.757Z,Fitria Handayani,111402902611036977281,False,0,id,2026-05-04T16:56:24.757287
ChZDSUhNMG9nS0VJQ0FnTUNndE5UUEd3EAE,ChIJD4c3RM0Vby4Ra1PRpABTAjU,"Waroeng kopi, bakmie & teh tarik SEMOGA DJAYA",Kuningan,Nongkrong,4,"dulu awal awal pernah kesini lama banget keluar pesenannya, sekarang sudah lebih cepat meskipun agak ramai. kalau pesen minum yg dingin gapake gelas imut, tapi pake cup plastik. suasananya enak setelah hujan, meskipun ada bocor2 dikit.
dulu pesen bakmi dan roti panggang rasanya lumayan enak, not bad dengan harga yang tertera. teh tarik dan kopi tariknya enak!",2025-05-06T13:51:53.407Z,Nuraini Salsabila,117713905285685336331,True,0,id,2026-05-04T16:56:24.757295
ChdDSUhNMG9nS0VJQ0FnSUNMcVBHay1RRRAB,ChIJ0ah-8xAXby4RAe_m-glJXCo,OKPUKAT KUNINGAN KOTA,Kuningan,Nongkrong,4,Salah satu kuliner enak di kuningan menurut aku. Ini aku beli yang original. Menunya banyak banget dijamin bingung pilih yang mana.,2024-06-14T14:09:40.891Z,kartini,109115930830662872471,True,0,id,2026-05-04T16:56:24.757334
ChdDSUhNMG9nS0VJQ0FnSUNUaWZENHRnRRAB,ChIJ0ah-8xAXby4RAe_m-glJXCo,OKPUKAT KUNINGAN KOTA,Kuningan,Nongkrong,5,Okpukat barbar enak banget wajib coba,2024-05-16T07:04:19.364Z,Muhamad Abdul aziz,110157896364686553053,False,0,id,2026-05-04T16:56:24.757355
ChZDSUhNMG9nS0VJQ0FnSUNObHJUMUJREAE,ChIJ0ah-8xAXby4RAe_m-glJXCo,OKPUKAT KUNINGAN KOTA,Kuningan,Nongkrong,5,Inimah langganan keluarga kita 😁,2024-01-14T07:10:46.863Z,Auliandhini Chandra Sari,110579505064244763256,True,0,id,2026-05-04T16:56:24.757446
ChZDSUhNMG9nS0VJQ0FnTURRdmVfU1ZnEAE,ChIJD4c3RM0Vby4Ra1PRpABTAjU,"Waroeng kopi, bakmie & teh tarik SEMOGA DJAYA",Kuningan,Nongkrong,1,lama banget pesenannya,2025-03-13T12:05:14.385Z,M fikri Rizki Ilhami,111552026881842006607,False,0,id,2026-05-04T16:56:24.757468
ChdDSUhNMG9nS0VJQ0FnTURnMWRiSzRRRRAB,ChIJD4c3RM0Vby4Ra1PRpABTAjU,"Waroeng kopi, bakmie & teh tarik SEMOGA DJAYA",Kuningan,Nongkrong,1,pelayanan nya kurang tempat nya kurang di perhatiin smaa karyawan nya banyak kursi berantakan ga langsung di rapihin bekas makan org ga langsung di bersihin juga kursi pada basah,2025-02-26T08:04:11.321Z,Ihsan Fadhil,112977613870235855034,True,0,id,2026-05-04T16:56:24.757483
ChdDSUhNMG9nS0VJQ0FnTUNndlpDd3VRRRAB,ChIJD4c3RM0Vby4Ra1PRpABTAjU,"Waroeng kopi, bakmie & teh tarik SEMOGA DJAYA",Kuningan,Nongkrong,3,"Kesini pesen bakmie manis, bakmie asin, dan dimsum. Untuk bakmie asinnya kurang kerasa bumbunya. Untuk bakmie manisnya enak, bumbu kecap manisnya juga kerasa. Untuk pokchoy di bakmienya sepertinya harus direbus dadakan agar lebih fresh. Kalo pesen bakmie pasti dapet kuah dan bakso. Tapi, pas datang kuah dan baksonya dingin, jadi kurang enak aja dan baksonya jadi agak keras. Tapi untuk ukuran bakmie yang harganya cuma 15rb itu lumayan worth it. Untuk dimsum rasanya lebih kaya siomay. Dimsumnya dikukusnya kurang lama, jadi kulitnya agak keras dan matangnya belum merata. Semoga bisa ditingkatkan lagi kualitas dan rasanya.",2025-02-21T02:30:00.446Z,Sabrina Sharapova,114640450362074849017,True,0,id,2026-05-04T16:56:24.757492
ChdDSUhNMG9nS0VJQ0FnTURBay1lLTNRRRAB,ChIJD4c3RM0Vby4Ra1PRpABTAjU,"Waroeng kopi, bakmie & teh tarik SEMOGA DJAYA",Kuningan,Nongkrong,4,"Setiap kali lewat klo sore selalu penuh, akhirnya nyobain jg tempatnya luas konsepnya kaya bangunan yg blm jadi,bnyk anak muda yg sekedar makan/ngopi sambil nongkrong,karena harganya yg ramah di kantong makanannya lmyn enak kopi tarik jg enak ga enek,pesen roti bakar coklat & bakmi manis tp ga dikasih sambal/Chili oil apa mungkin lupa c Aa nya trus kuah nya berasa asin bgt apa emang begitu menyatukan citarasa dg mie nya?? pelayanannya ramah 👍🏼",2025-02-11T16:02:30.738Z,nenk710,117645616184898662117,True,0,id,2026-05-04T16:56:24.757501
ChdDSUhNMG9nS0VJQ0FnTURBeXZmVzh3RRAB,ChIJD4c3RM0Vby4Ra1PRpABTAjU,"Waroeng kopi, bakmie & teh tarik SEMOGA DJAYA",Kuningan,Nongkrong,4,"tempat nya lumayan nyaman, bakmie nya aga hambar, chili oilnya kurang berasa sama kering bngt bikin seret",2025-02-08T04:59:19.094Z,Osa,106477448233779268752,False,0,id,2026-05-04T16:56:24.757508
ChZDSUhNMG9nS0VJQ0FnTURBdk55aUJ3EAE,ChIJD4c3RM0Vby4Ra1PRpABTAjU,"Waroeng kopi, bakmie & teh tarik SEMOGA DJAYA",Kuningan,Nongkrong,5,"Dulu tempat apa, sekarang jd tempat nongkrong heits di sini. Kalo malem kesini nya, vibes nya asa di simpang Dago ga sih? 🤭 pdhl yah, seberang tempat ini tu, makam legend, tp ga keciri. 😁 Enakeun lah vibes nya.
Setiap lewat sini tuh, selalu aja rame makanya penasaran ada apa sih yg menarik?
Ternyata makanan dan minuman disini harganya affordable banget. Pas sama kantong, ga kudu nunggu gajian ga sih. Hehe. Roti bakar srikaya nya enaaaak. Teh tarik nya lumayan, ga nyobain kopinya. Next kesini lagi lah nyobain bakmi nya ato nasi Hainan nya.",2025-02-07T15:28:10.038Z,F3R4,115826713183483380525,True,0,id,2026-05-04T16:56:24.757516
ChdDSUhNMG9nS0VJQ0FnTURBOEtiRnFnRRAB,ChIJD4c3RM0Vby4Ra1PRpABTAjU,"Waroeng kopi, bakmie & teh tarik SEMOGA DJAYA",Kuningan,Nongkrong,5,"warung yang selalu rame pool, cozy buat anak gen z😂 harga kantong pelajar",2025-02-06T11:37:19.079Z,Salsa Eriska Putri,108648823440344540327,True,0,id,2026-05-04T16:56:24.757524
ChZDSUhNMG9nS0VJQ0FnSURfcjdyMUpREAE,ChIJD4c3RM0Vby4Ra1PRpABTAjU,"Waroeng kopi, bakmie & teh tarik SEMOGA DJAYA",Kuningan,Nongkrong,1,"Berdasarkan pengalaman :
- Harga ada yg ga sesuai sama PL menu
- Parkir sendiri (tapi bayar)
- Nunggu makanan lama bangettt
- Pelayan ngerokok depan makanan 😤
- Rasa makanan biasa aja bahkan ga sesuai bgt sama foto² di feed instagramnya, udah kaya makanan yg selsai ga selsai tapi harus buru² disajikan.
Baru nemu tempat makan kaya begini, kapok sih gaakan balik lagi ke sini 🙏🏻",2025-01-29T13:27:06.673Z,Nina Karlina,111671546978430876209,False,0,id,2026-05-04T16:56:24.757535
ChZDSUhNMG9nS0VJQ0FnSURfNzl1NUxBEAE,ChIJD4c3RM0Vby4Ra1PRpABTAjU,"Waroeng kopi, bakmie & teh tarik SEMOGA DJAYA",Kuningan,Nongkrong,1,"Pesen dari jam 13.30 tapi baru dtg jam 3an, yang baru dtg udh langsung ada pesenannya tapi pesanan saya g diantar antar",2025-01-28T10:11:40.106Z,Azzhara Y,114826964711187835426,False,0,id,2026-05-04T16:56:24.757543
Ci9DQUlRQUNvZENodHljRjlvT2tOWGNUbGhkVk5mWmtsRFdrRkJSVnBoZUdrNFZVRRAB,ChIJbe4i_eAXby4RTBIzaGCTtRY,Saung Kopi Hawwu,Kuningan,Nongkrong,5,Bakal balik lgi ke sini kl ke kuningan.,2026-01-31T03:50:06.029Z,Diah puspa,108699088762383774538,True,0,id,2026-05-04T16:56:24.757551
Ci9DQUlRQUNvZENodHljRjlvT25wak0xRkxRVzVqU2tKS1lsSnNTR1V4U2xCeFJYYxAB,ChIJbe4i_eAXby4RTBIzaGCTtRY,Saung Kopi Hawwu,Kuningan,Nongkrong,5,"Extraordinary experience, large selection of delicious traditional Sundanese food and drinks (it was my first experience of drinking bajigur and now it's my favourite drink). But mostly so kind people and so beautiful environment! 10/10 would recommend.",2026-01-27T09:30:13.767Z,Markéta Skalková,108001079422408677815,True,0,en,2026-05-04T16:56:24.757573
Ci9DQUlRQUNvZENodHljRjlvT25GWk1FRkZUbGhtZVZoS2NrZHNabTEwVFhNMmJWRRAB,ChIJbe4i_eAXby4RTBIzaGCTtRY,Saung Kopi Hawwu,Kuningan,Nongkrong,3,"Saiya sedih
Kok nggak kaya dulu lagi ini..
kesini sabtu 24 jan
Jam 7 malem...

Apa karena datang malem malem yaa
Nasinya dingin
Lauknya dingin
Teh nya dingin
😓

Kopi susunya masih uenaaakkk sih

Mungkin dicari konsep gmn biar makananya masih hangat
Semoga sukses selalu🔥",2026-01-24T12:31:26.220Z,hendro sukarso,116573285988226991899,True,0,id,2026-05-04T16:56:24.757581
Ci9DQUlRQUNvZENodHljRjlvT21KT1praDJTemhMT0ZadFVtTnNNQzFKZURoeGNGRRAB,ChIJbe4i_eAXby4RTBIzaGCTtRY,Saung Kopi Hawwu,Kuningan,Nongkrong,5,"Tempatnya bagus, khas budaya sunda, nyaman juga terus makanannnya juga enak. Bajigurnya bikin nagih gak seret ke tenggorokan",2026-01-22T06:55:08.798Z,Shima Rin,113080394172767002003,True,0,id,2026-05-04T16:56:24.757605
Ci9DQUlRQUNvZENodHljRjlvT2pScWFFVXhNRkUzUVhSWWNFUnplVWt6V1Vnd2VYYxAB,ChIJbe4i_eAXby4RTBIzaGCTtRY,Saung Kopi Hawwu,Kuningan,Nongkrong,5,"Love sama suasana dan interiornya, makanannya juga banyak pilihan, prasmanan dengan menu Sunda banget bikin nagih.
Tempat  fav di Kuningan untuk makan bareng Kel, sahabat ..",2026-01-20T13:03:44.324Z,Nchie Hanie,108525455959360756291,True,0,id,2026-05-04T16:56:24.757613
Ci9DQUlRQUNvZENodHljRjlvT2xadExUaE1YemRpZVRoWWIzTXpRV2RrVDB4M1MxRRAB,ChIJbe4i_eAXby4RTBIzaGCTtRY,Saung Kopi Hawwu,Kuningan,Nongkrong,5,"Makanannya enak ,harga terjangkau ,tempatnya enakeun",2026-01-17T23:34:32.557Z,Mutia Mutia,108416489802768764121,True,0,id,2026-05-04T16:56:24.757638
Ci9DQUlRQUNvZENodHljRjlvT25ndE9GWjJORVJ2Vm5oUmFFUldWMEpqVFhCaE1uYxAB,ChIJbe4i_eAXby4RTBIzaGCTtRY,Saung Kopi Hawwu,Kuningan,Nongkrong,4,"kopi ada di area bawah....
tubruk only 10 rebu....",2026-01-16T04:54:50.459Z,Rahmawati 95,106944701668506430906,True,0,id,2026-05-04T16:56:24.757657
Ci9DQUlRQUNvZENodHljRjlvT2xOc1lWQkdjR2xxUkdWSFVHbE5UMnBOYTJkSlkzYxAB,ChIJrZl3aEsZby4RMJkrrI0XJks,Woodland,Kuningan,Nongkrong,5,Bersih dan sejuk. Cocok untuk piknik,2026-05-01T08:28:43.690Z,bryan aristya,116890296734055746254,False,0,id,2026-05-04T16:56:24.757677
Ci9DQUlRQUNvZENodHljRjlvT2xRMmFWWTNPR1V4TVRkWU9WZEVhMjlDY2sxT01uYxAB,ChIJrZl3aEsZby4RMJkrrI0XJks,Woodland,Kuningan,Nongkrong,4,Tersedia banyak arena bermain anak tapi berbayar.,2026-05-01T08:02:49.937Z,Adholfina,100568836982912330442,True,0,id,2026-05-04T16:56:24.757686
Ci9DQUlRQUNvZENodHljRjlvT21KMGFHOHdZMTkwV1Y4eGRsTjZRMlpOZVRCRmVWRRAB,ChIJrZl3aEsZby4RMJkrrI0XJks,Woodland,Kuningan,Nongkrong,5,Tempat yg pas buat santai keluarga.luas suasana nyaman bgt..kolam renangnya dan tempatnya enak.komplit fasilitas nya..harga terjangkau,2026-04-30T14:36:46.290Z,dheedy mardianto,112220922293759681552,True,0,id,2026-05-04T16:56:24.757695
Ci9DQUlRQUNvZENodHljRjlvT2twVFduTjJha04yUjBSclNDMHdZMmx6TjNwaVRHYxAB,ChIJrZl3aEsZby4RMJkrrI0XJks,Woodland,Kuningan,Nongkrong,5,"Seru, kolam renang menyatu dg alam. Tiket masuk tergolong murah dan kolamnya luas sekali.",2026-04-27T03:16:04.418Z,Cynthia F. Rista,116820215540968641441,True,0,id,2026-05-04T16:56:24.757702
Ci9DQUlRQUNvZENodHljRjlvT2xoRmNtUkRNMVZEYlRBMFRFSkZTWHByU0VWV1MwRRAB,ChIJrZl3aEsZby4RMJkrrI0XJks,Woodland,Kuningan,Nongkrong,5,"Bersih, indah, asri. Sngat representatif utk rekreasi anak-anak kita. Recomended deh.",2026-04-23T02:11:43.580Z,Supiyan Komari,100720137399673526255,False,0,id,2026-05-04T16:56:24.757717
Ci9DQUlRQUNvZENodHljRjlvT20xc2RETkhSbGh1YVRGaU9EUlJZbkpKY2pSMFQzYxAB,ChIJrZl3aEsZby4RMJkrrI0XJks,Woodland,Kuningan,Nongkrong,5,"adem tempatnya, makin banyak kolam renangnya, airnya jernih bersih, siapkan lutut anda pokoknya😁😁",2026-04-18T07:05:42.409Z,Anne Anni,113629853173795291721,False,0,id,2026-05-04T16:56:24.757746
Ci9DQUlRQUNvZENodHljRjlvT2xKa1NrbGpaVGQwZVVaMlVFRXRVV3RGUkV4R05VRRAB,ChIJrZl3aEsZby4RMJkrrI0XJks,Woodland,Kuningan,Nongkrong,5,"Saya dari serang banten mau ke tegal. Tp sekalian melipir ke kuningan karna silaturahmi. Cari tempat rekomen yg gak terlalu jauh dari pintu toll. Akhirnya pilih woodlan dan ternyata memiaskan.

Harga Weekday cuma 20k. Itu sangat worth it. Kolamnya banyak, alamnya segar dan luas. Kolam bawah belum ada pohon besar, jadi masih terasa panas sekali.

Bulak balik ke atas ke bawah. Lumayan gempor guys. Tidak lansia friendly yaah. 🤣",2026-04-18T00:24:28.731Z,RANKSA OFFICIAL,102422089447197638711,True,0,id,2026-05-04T16:56:24.757755
Ci9DQUlRQUNvZENodHljRjlvT2tSVFgyMTBXV3BDT0dZNVJYaHlhWFUyVUVvNVVuYxAB,ChIJrZl3aEsZby4RMJkrrI0XJks,Woodland,Kuningan,Nongkrong,3,"Tempat wisata Woodland cukup menarik untuk dikunjungi, terutama buat yang cari suasana sejuk dan pemandangan yang enak dipandang. Area-nya terasa asri, cocok untuk refreshing bareng keluarga.
Namun ada beberapa hal yang perlu jadi perhatian. Tidak tersedia smoking room, sehingga pengunjung yang merokok masih bercampur dengan area umum. Selain itu, sangat disayangkan melihat petugas penjaga wahana yang merokok di area wahana anak—ini cukup mengganggu kenyamanan dan kurang baik dari sisi keamanan serta contoh bagi pengunjung.
Semoga ke depannya pengelola bisa lebih memperhatikan hal-hal tersebut agar pengalaman wisata jadi lebih nyaman dan ramah untuk semua pengunjung 🙏",2026-04-16T00:25:06.925Z,G e c k k o,114415763891570536054,True,0,id,2026-05-04T16:56:24.757771
Ci9DQUlRQUNvZENodHljRjlvT205TE1rbEZPVGg2WlVwc1dWSkpkWHBtV25wTVQxRRAB,ChIJrZl3aEsZby4RMJkrrI0XJks,Woodland,Kuningan,Nongkrong,5,"Tempat rekreasi keluarga atau bersama teman² atau pun acara kantor dengan konsep alam outdoor.
Dilengkapi beberapa fasilitas permainan flyfox,berkuda,kolam renang,perosotan ,masukan untuk fasilitas toilet/kamar bilas sayang nya terlalu minim
Kamar bilas di bagian atas air tidak mengalir, kamar bilas /toilet di bawah hanya ada beberapa pintu saja.
Mohon diperhatikan kembali
Jalanan dr taman menuju kolam licin hati² saat berjalan",2026-04-15T15:10:33.347Z,Ari Syahriel,104616101588271426940,True,0,id,2026-05-04T16:56:24.757779
Ci9DQUlRQUNvZENodHljRjlvT2pnM01uWmtiVkpXTTBFNFIwbGZUM2hNY0Zod1NsRRAB,ChIJrZl3aEsZby4RMJkrrI0XJks,Woodland,Kuningan,Nongkrong,5,Tempat yang cocok untuk keluarga,2026-04-14T08:39:07.415Z,AKohir,112192303185176440890,False,0,id,2026-05-04T16:56:24.757787
Ci9DQUlRQUNvZENodHljRjlvT2tRelVsVnhaRmcwTUV0VWFuZHJNa3BJUm1OSlJIYxAB,ChIJrZl3aEsZby4RMJkrrI0XJks,Woodland,Kuningan,Nongkrong,5,"Rekreasi the best menurut saya di kuningan menawarkan berbagai wahana dan fasilitas yang lengkap tempat nya bersih wc bersih dan banyak kolam air nya, cocok banget buat rekreasi sekeluarga mantap poll",2026-04-13T12:12:54.063Z,Tita Tita,112975147863336370436,False,0,id,2026-05-04T16:56:24.757811
Ci9DQUlRQUNvZENodHljRjlvT2s1eU5rOVBUekE1VkdkS1RYUklNbWhVUVRGSE4zYxAB,ChIJrZl3aEsZby4RMJkrrI0XJks,Woodland,Kuningan,Nongkrong,4,"Tempat nya luas, tiket 20k ssrkj 25k SM
Kolam banyak, ada ikan buat mijitin kaki,
Cuman sayangnya tempat istirahat kurang bersih, mungkin karna taman rekreasi air..
Ada mushola, toilet lengkap, taman air, petugas ramah, parkir 5k dibayar duluan..
Ada petugas dishub didepan suka nyebrangin orang dari parkiran.
Ushakan bawa tikar kalo main kesini.",2026-04-12T12:29:08.352Z,D Fallen,110671324387613581429,True,0,id,2026-05-04T16:56:24.757832
Ci9DQUlRQUNvZENodHljRjlvT2pSR2RFOVpaVVpWTkhkMmNtNW5RWGxqY1dKTlpWRRAB,ChIJrZl3aEsZby4RMJkrrI0XJks,Woodland,Kuningan,Nongkrong,5,tempat sejuk dan nyaman,2026-04-09T11:50:27.078Z,Heru Aripin,114176738613285560363,False,0,id,2026-05-04T16:56:24.757859
Ci9DQUlRQUNvZENodHljRjlvT2padlZHcFBXVVZOTjFGNlVGWmFkbnBpWWtSMWNIYxAB,ChIJrZl3aEsZby4RMJkrrI0XJks,Woodland,Kuningan,Nongkrong,5,"Seneng bgt. Tempatnya passs buat healing sejuk, adem tanpa musik yang dardirdor kek tempat wisata yang lain. Gazebo luas, Toilet bersih dan terawat udah gitu banyak lagi jadi tidak antre. Selain itu musholah nya juga cukup luas🤗 dan tersedia alat sholat yang layak(masyaallah, ini mah udah pasti bakal berkunjung lagi). Ternyata berkunjung saat tanggal merah terhitung weekend yah min?.
Minusnya tempat pembelian tiket wahana terpisah jadi kita capek bolak-balik naik turunnya. Tapiii over all cukup memuaskan siii",2026-04-04T14:45:22.053Z,I'ANAH SITI,117992223457307553151,False,0,id,2026-05-04T16:56:24.757920
Ci9DQUlRQUNvZENodHljRjlvT2tkb1JUQkpWekU1ZFVsaVgzRk1RWFZ6TlhKUGIyYxAB,ChIJrZl3aEsZby4RMJkrrI0XJks,Woodland,Kuningan,Nongkrong,4,Yg masih kurang kamar ganti atau toilet di kolam ujung,2026-03-31T23:30:58.381Z,Abdul Rohman (Ang rohman),113441678881047431641,True,0,id,2026-05-04T16:56:24.757973
ChdDSUhNMG9nS0VJQ0FnSUNaa3V1MXNRRRAB,ChIJ0ah-8xAXby4RAe_m-glJXCo,OKPUKAT KUNINGAN KOTA,Kuningan,Nongkrong,2,"bintang 2 dulu, barusan beli di Jalan siliwangi. beli mahal2 packaging kurang menarik(cup tipis) di gantung di motor pecah tadi, rasio air sama esbatu 30:70 jadi cepet abis airnya(sweet) jadi hambar cuma kesedot air lelehan es batunya, trims. semoga makin baik lagi, ditingkatkan lagi dari ketahanan packagingnya, mahal2 tapi tipis sayang kan...",2023-09-07T12:31:22.264Z,Muhamad Rizky,108208008002878293103,False,0,id,2026-05-04T16:56:24.758015
ChdDSUhNMG9nS0VJQ0FnSURwN28tNzNRRRAB,ChIJ0ah-8xAXby4RAe_m-glJXCo,OKPUKAT KUNINGAN KOTA,Kuningan,Nongkrong,5,Nyoba yang cabang Cilimus.. Selalu enak 👌🏼,2023-08-22T13:02:44.536Z,Ceu Epik,115343300784818311403,True,2,id,2026-05-04T16:56:24.758024
ChZDSUhNMG9nS0VJQ0FnSUNwODltS2J3EAE,ChIJ0ah-8xAXby4RAe_m-glJXCo,OKPUKAT KUNINGAN KOTA,Kuningan,Nongkrong,3,"Tempatnya kurang luas, ga ada tempat berteduh.. Kepanasan",2023-08-10T07:55:48.994Z,Nia Kurniawati,112688130548570419271,True,0,id,2026-05-04T16:56:24.758032
ChZDSUhNMG9nS0VJQ0FnSUNwbU1xUmZREAE,ChIJ0ah-8xAXby4RAe_m-glJXCo,OKPUKAT KUNINGAN KOTA,Kuningan,Nongkrong,5,"Minuman yang murah, enak, premium. Wajib coba!",2023-07-28T03:29:35.126Z,Aguss Aguy,107566760982509316279,False,0,id,2026-05-04T16:56:24.758040
ChdDSUhNMG9nS0VJQ0FnSURKXzQ2YmhBRRAB,ChIJ0ah-8xAXby4RAe_m-glJXCo,OKPUKAT KUNINGAN KOTA,Kuningan,Nongkrong,5,"Enak banget sumpah, pengen nangis",2023-07-26T05:09:40.767Z,H.Z.L Nuts 98,107513367109038796982,False,0,id,2026-05-04T16:56:24.758063
ChZDSUhNMG9nS0VJQ0FnSURKdWFUWFpBEAE,ChIJ0ah-8xAXby4RAe_m-glJXCo,OKPUKAT KUNINGAN KOTA,Kuningan,Nongkrong,5,"Ok pukat depan bank BJB... olahan alpukat pertama di kuningan...dari buah asli ..seger enak...banyak pilihan nya...
Snack nya cuma ada keju aroma",2023-07-20T06:54:09.135Z,Windi Srivimala,114992041518209502794,True,0,id,2026-05-04T16:56:24.758075
ChZDSUhNMG9nS0VJQ0FnSUNKMWRPWFVBEAE,ChIJ0ah-8xAXby4RAe_m-glJXCo,OKPUKAT KUNINGAN KOTA,Kuningan,Nongkrong,4,"Rasanya lumayan enak, tidak ada tempat nunggu antrian karena letaknya ditrotoar",2023-07-01T22:28:14.844Z,Hatimu Family,110722498198673783819,True,0,id,2026-05-04T16:56:24.758084
ChdDSUhNMG9nS0VPZWw1cVdSeUpxMHFnRRAB,ChIJ7aPuFgAVby4RslhLp4SoClA,TERAS NAWIR,Kuningan,Nongkrong,5,"Mantap, delicius",2025-05-12T04:00:27.813Z,imas sulastri,109934830971710632713,False,0,id,2026-05-04T16:56:24.758115
ChdDSUhNMG9nS0VJbXYtZVRJN3JlRmx3RRAB,ChIJ7aPuFgAVby4RslhLp4SoClA,TERAS NAWIR,Kuningan,Nongkrong,5,"Walaupun tempatnya di teras.. tp tetep berkelas masyaAllah...

HARGA KAKI LIMA, RASA BINTANG LIMA 🩷🩷🔥🔥

Berkahh dan Sukses slalu teras Nawir",2025-05-12T03:20:16.716Z,nida hanifah,114175944510300794558,False,0,id,2026-05-04T16:56:24.758123
Ci9DQUlRQUNvZENodHljRjlvT25GQ2VESjFUVEV3Y1VGWVduQm1NMUZNY1dwdGJrRRAB,ChIJrZl3aEsZby4RMJkrrI0XJks,Woodland,Kuningan,Nongkrong,5,Asri alami murah berkwalitas ga bau kaporit bnyak wahana bnyak kolam renangnya,2026-03-31T11:33:26.513Z,Berkah7950,114348300570396167594,True,0,id,2026-05-04T16:56:24.758139
Ci9DQUlRQUNvZENodHljRjlvT2t0V1RsZDNlR3RPYjBaUFpqSkNXa1JYV1dOR2VuYxAB,ChIJrZl3aEsZby4RMJkrrI0XJks,Woodland,Kuningan,Nongkrong,5,"Entah sudah ke berapa kalinya wisata disini, jadi favorite banget pokoknya mah..
Tempatnya adem, serba ada juga di dalam dalam satu tempat. Kesenengan bocil semua. Bahkan sekarang sudah perluasan sampe area bawah dan lebih luas lagi. Ai kolamnya juga jernih dan bnyak pilihan karena bnyaknya kolam renang. Tinggal datang bawa timbel. Anak anak berenang, para bapak dan ibu menunggu d atas tikar beuh nikmat..
Permainan juga ga cuma buat bocil tapi dewasa juga banyak.
Ada jumping, serodotan pelangi, kuda, flying fox untuk bocil dan dewasa (lebih panjang dan tinggi). Outbond, mewarnai, kereta2an dll..
Bakal betah dr pagi hingga sore juga..
Semoga tetep laku ya dan maju. Ga kaya wisata di Kuningan lainnya yg mulai terlupakan dan tidak dirawat..",2026-03-31T10:51:53.468Z,NisaNisaNura Nura,100980333591941150264,True,0,id,2026-05-04T16:56:24.758147
Ci9DQUlRQUNvZENodHljRjlvT2s1TmVGcHRNSHBOV0ZaalkxQm1PR0ppZWxwa2RYYxAB,ChIJrZl3aEsZby4RMJkrrI0XJks,Woodland,Kuningan,Nongkrong,5,"Makanannya enak, cepat, tempatnya juga luas",2026-03-30T08:01:20.869Z,Eno Eno,109861570351683302130,True,0,id,2026-05-04T16:56:24.758161
Ci9DQUlRQUNvZENodHljRjlvT2xJeGNXUnFWVmhSY0V4MlprZFhVRXR3YlhSR1RFRRAB,ChIJrZl3aEsZby4RMJkrrI0XJks,Woodland,Kuningan,Nongkrong,5,"Tempatnya bagus, banyak wahananya kolam renangnya jga bnyk, ga ush pake bayar lagi dan bisa bawa makanan dr rumah, ada penyewaan tikar jga",2026-03-29T08:45:00.017Z,Muksin Ucin,109210924134737275743,False,0,id,2026-05-04T16:56:24.758169
Ci9DQUlRQUNvZENodHljRjlvT2pJNGQzRk1aVkV4VG0xcE1XOXZOSGQzTlc5SFRIYxAB,ChIJrZl3aEsZby4RMJkrrI0XJks,Woodland,Kuningan,Nongkrong,5,Tempatnya bagus dan recomended untuk liburan bersama keluarga dan wahananya lengkap untuk tempat makan atau resto harusnya di banyakin,2026-03-28T01:59:56.655Z,Siti Nurjanah,113395443973221779087,False,0,id,2026-05-04T16:56:24.758177
Ci9DQUlRQUNvZENodHljRjlvT2psUVpVSm1jRVEyU0RWbFZXTkZOVmw2WTNwQ1kwRRAB,ChIJrZl3aEsZby4RMJkrrI0XJks,Woodland,Kuningan,Nongkrong,4,"Tempatnya luas, jadi walopun banyak pengunjung ga begitu sesak. Pilihan permainan juga banyak. Sayang tempat sampahnya ga tiap sudut ada, semoga bisa ditambah lagi tempat sampahnya, buar pengunjung ga bingung buang sampah.",2026-03-27T08:15:16.062Z,Suningrat,106239005729280130525,False,0,id,2026-05-04T16:56:24.758191
Ci9DQUlRQUNvZENodHljRjlvT2pGM1ExbEpWMk10VFZKeFdqUk1lbEpEVmpkYVJHYxAB,ChIJrZl3aEsZby4RMJkrrI0XJks,Woodland,Kuningan,Nongkrong,5,"Wisata murah meriah, ada wahana flying fox untuk anak dan dewasa, wahana seluncur ban, kolom renang anak dan dewasa, dan kolam terapi ikan yang membuat anda geli",2026-03-27T00:36:07.205Z,X-Gen 83,114005120714091315893,True,0,id,2026-05-04T16:56:24.758228
Ci9DQUlRQUNvZENodHljRjlvT2paWFYzTktaMFJrTTNseGN6VlVNMUJ4U1VKSldFRRAB,ChIJIx2cH84Vby4RWKoRzrJICeU,Teras Hilwah,Kuningan,Nongkrong,5,"Nasi, mie dan cemilannya enak2 semua, sudah nyobain nasi jeruk katsu, mie kari katsu, roti maryam coklat, roti maryam keju, pangsit dower, tahu bakso, lumpia kuah cuko tp tdk boros di kantong, nyobain menu sebanyak itu hanya dibawah 100ribu, worth it banget pokoknya mh, rasanya jg ga ada yg gagal, enak2 semua, masuk.semua dilidah, tempatnya dkt dr rumah cm tdk bisa makan ditempat, hnya delivery order tp pelayanannya lmyn cpt, fast respon...",2025-10-07T10:15:09.797Z,Siti Fajariyah,108986734342660449915,True,0,id,2026-05-04T16:56:24.758236
ChZDSUhNMG9nS0VQSFZodFNDdWVXNFBREAE,ChIJc0eofSwVby4RjFO-KnMwcz8,Kedai Artha,Kuningan,Nongkrong,5,Asakanua enak lho silakan berkunjung ya...by ojol kuningan,2025-05-11T23:13:09.698Z,Ary Masluhi,101331727071337363685,True,0,id,2026-05-04T16:56:24.758283
ChZDSUhNMG9nS0VJQ0FnTURJd3VHYlNREAE,ChIJc0eofSwVby4RjFO-KnMwcz8,Kedai Artha,Kuningan,Nongkrong,5,"resto nya nyaman, pelayan nya ramah2 dna yg paling penting makanan nya enak2 semua 😍",2025-04-08T09:19:33.239Z,Juli Andri Yani,105406685105349643762,True,0,id,2026-05-04T16:56:24.758292
ChZDSUhNMG9nS0VJQ0FnSURNc3NqNEdnEAE,ChIJc0eofSwVby4RjFO-KnMwcz8,Kedai Artha,Kuningan,Nongkrong,4,"Banyak menu, enak tempat nyaman",2025-01-04T11:07:16.952Z,nenk710,117645616184898662117,True,0,id,2026-05-04T16:56:24.758315
ChZDSUhNMG9nS0VJQ0FnSUN3a1ptcUxREAE,ChIJc0eofSwVby4RjFO-KnMwcz8,Kedai Artha,Kuningan,Nongkrong,5,"Pengalaman saya di tempat ini cukup bervariasi. Awalnya, makanan di sini enak, lalu sempat menurun, tapi sekarang kualitasnya benar-benar meningkat pesat—enak banget! Sop iga yang mereka sajikan menjadi favorit saya dan anak saya, rasanya benar-benar memuaskan. Namun, saya perhatikan tempat ini sering sepi pengunjung, mungkin karena kalah bersaing dengan tempat lain yang lebih mengutamakan suasana.

Meski begitu, jika Anda mencari tempat dengan makanan yang lezat, saya sangat merekomendasikan tempat ini. Semoga mereka bisa terus mempertahankan kualitasnya, karena sayang sekali jika tempat sebagus ini tidak mendapatkan apresiasi yang layak dari para pengunjung.",2024-08-28T08:13:48.895Z,Iwan Setiawan Dasuki,114931077459742190885,True,0,id,2026-05-04T16:56:24.758336
ChdDSUhNMG9nS0VJQ0FnSUQ3c19UUnR3RRAB,ChIJc0eofSwVby4RjFO-KnMwcz8,Kedai Artha,Kuningan,Nongkrong,4,"Kesini sore sekitar jam 4 kurang lebih. Semua makanan enak, cuma pas pesan nasi taliwang kampung ada nasi yang keras banget ga bisa dimakan, mungkin sekitar satu sendok. Lain kali di perhatikan lagi, untuk saya yang lagi lapar ada nasi kek gitu jadi males buat balik lagi ke sana. Maaf ya kak, di evaluasi lagi🙏",2024-08-28T08:05:41.719Z,Toko AD prb Gan,118074106066090943578,True,0,id,2026-05-04T16:56:24.758351
ChdDSUhNMG9nS0VJQ0FnSUNid0pHbzBBRRAB,ChIJc0eofSwVby4RjFO-KnMwcz8,Kedai Artha,Kuningan,Nongkrong,4,"Pas kesini hari Sabtu sore menjelang Maghrib 20 Juli 2024.
Sebenarnya kesini tuh mau nyobain nasi setan saja, karena dari foto terlihat menarik untuk di coba. Pas nyoba ternyata biasa saja, gak ada yang spesial. Malah menurut saya keasinan karena nasinya digoreng menggunakan bumbu dan kuah setan nya terlalu asin sampai ma'af eneg dan terasa dikepala. Yang lain menurut lidah saya rasanya sangat standard.
Mohon dievaluasi lagi, karena rasanya beda dari yang dulu.
Semoga nantinya nambah ramai.
Soalnya dulu kalau kesini selalu ramai, tapi pas terkahir kesini beda.",2024-07-22T03:02:40.329Z,Kuyong & Medon,106417672984220144579,True,0,id,2026-05-04T16:56:24.758363
ChdDSUhNMG9nS0VJQ0FnSURULUlQTW93RRAB,ChIJc0eofSwVby4RjFO-KnMwcz8,Kedai Artha,Kuningan,Nongkrong,5,"Tempatnya cozy dan luas , makanan minumannya enak , harganya affordable.",2024-05-22T12:04:38.477Z,Denisa Aprillia,102684092517976404542,True,1,id,2026-05-04T16:56:24.758394
ChZDSUhNMG9nS0VJQ0FnSURqaHRpUFRREAE,ChIJc0eofSwVby4RjFO-KnMwcz8,Kedai Artha,Kuningan,Nongkrong,5,Tempat yang nyaman bareng kumpul keluarga dengan berbagai menu hidangan juga harga bersahabat,2024-05-02T11:02:44.877Z,Agus Setiawan,105252100294186632170,True,0,id,2026-05-04T16:56:24.758416
ChdDSUhNMG9nS0VJQ0FnSUREbGRiWDBBRRAB,ChIJc0eofSwVby4RjFO-KnMwcz8,Kedai Artha,Kuningan,Nongkrong,2,"Untuk cafe minuman dengan harga 21rb dan cuma di cup plastik gini terlalu -...😂
Spaghetti nya blm terlalu matang dan pas nyampe berantakan banget platting itu difoto udh aku lap pake tisu",2024-04-12T10:17:37.187Z,Khaisa Chuu,102550781644942542201,False,2,id,2026-05-04T16:56:24.758425
ChdDSUhNMG9nS0VJQ0FnSUNEOXBULTBRRRAB,ChIJc0eofSwVby4RjFO-KnMwcz8,Kedai Artha,Kuningan,Nongkrong,3,"makanannya lumayan enak dan bervariasi, pelayanan kurang masak lama banget",2024-03-28T05:05:10.990Z,Septian Setia Cahya Purnama,109804538474706600445,True,0,id,2026-05-04T16:56:24.758446
ChdDSUhNMG9nS0VJQ0FnSUNEaHJEQnFnRRAB,ChIJc0eofSwVby4RjFO-KnMwcz8,Kedai Artha,Kuningan,Nongkrong,1,"Lama sekali, saya dan teman-teman saya bukber sampai isya makanannya belum datang semua, padahal waktu reservasi udah bilang kami datang jam 5 sore. Ga sekalian datang waktu sahur aja?",2024-03-27T12:17:37.134Z,Rahma Nururrofiqoh,108596636171656137549,False,0,id,2026-05-04T16:56:24.758454
ChdDSUhNMG9nS0VJQ0FnSUNEaHNEQ2xnRRAB,ChIJc0eofSwVby4RjFO-KnMwcz8,Kedai Artha,Kuningan,Nongkrong,1,"terlalu lama menunggu, pesan untuk berbuka puasa sampai saat adzan isya bln datang juga",2024-03-27T12:12:16.459Z,mochamad fachri,112699503467783936615,False,0,id,2026-05-04T16:56:24.758462
ChZDSUhNMG9nS0VJQ0FnSUQ5bGVqZmZ3EAE,ChIJc0eofSwVby4RjFO-KnMwcz8,Kedai Artha,Kuningan,Nongkrong,5,"Tempatnya cocok buat familyable, makanannya juga enak. Pas kesana lagi sepi jadi bebas buat foto2 😋",2024-03-19T08:45:43.163Z,Nia,114835506061176704164,True,1,id,2026-05-04T16:56:24.758470
ChZDSUhNMG9nS0VJQ0FnSURJMVo2blhnEAE,ChIJc0eofSwVby4RjFO-KnMwcz8,Kedai Artha,Kuningan,Nongkrong,5,"Menu lengkap dan rasa enak. Harga bersahabat 👍 tempat instagramable. Buat yg suka mengabadikan momen2 serunya, pas banget. Setiap spot nya berbeda latar belakang. Keren",2024-03-12T08:42:44.804Z,sri mulyani,102285275606082810254,False,0,id,2026-05-04T16:56:24.758479
ChZDSUhNMG9nS0VJQ0FnSUM5MnVudWVnEAE,ChIJc0eofSwVby4RjFO-KnMwcz8,Kedai Artha,Kuningan,Nongkrong,4,Sangat puas pelayanan nya gercep  next dtng lg,2024-03-04T13:05:24.454Z,Ade Evi,113432902250484285870,True,0,id,2026-05-04T16:56:24.758493
ChZDSUhNMG9nS0VJQ0FnSUN0LUxMR2VREAE,ChIJc0eofSwVby4RjFO-KnMwcz8,Kedai Artha,Kuningan,Nongkrong,1,Dulu makanan nya paling enak di antara Resto yg lain .Sekarang berbalik .Makanan nya paling Tidak enak .,2024-01-28T21:45:32.631Z,Fiqri Rojjaq,113668536803412051611,True,0,id,2026-05-04T16:56:24.758503
ChZDSUhNMG9nS0VJQ0FnSUQxd3ZuSlFREAE,ChIJc0eofSwVby4RjFO-KnMwcz8,Kedai Artha,Kuningan,Nongkrong,5,Kurang ikan aja nih disini kalau ada menu ikan pasti lebih mantap,2024-01-06T03:16:12.627Z,Elskiez Vazcez,113185691561729177182,False,0,id,2026-05-04T16:56:24.758511
ChZDSUhNMG9nS0VJQ0FnSUNadE9fYkRnEAE,ChIJc0eofSwVby4RjFO-KnMwcz8,Kedai Artha,Kuningan,Nongkrong,5,"Tempat santai,,,dari saya pacaran sama istri bahkan sampai sekarang tempat ini sll jd pilihan.",2023-09-05T09:33:45.050Z,YOSI ANAK DESA,103957279698848516776,True,0,id,2026-05-04T16:56:24.758533
ChdDSUhNMG9nS0VJQ0FnSUNBbGVuS3V3RRAB,ChIJc0eofSwVby4RjFO-KnMwcz8,Kedai Artha,Kuningan,Nongkrong,5,BERADA DI KUNINGAN KOTA JAWA BARAT,2023-08-11T17:47:35.011Z,Annisa Indriati,111886664095384156436,True,0,id,2026-05-04T16:56:24.758547
ChdDSUhNMG9nS0VJQ0FnSUNhbGFfVzZnRRAB,ChIJc0eofSwVby4RjFO-KnMwcz8,Kedai Artha,Kuningan,Nongkrong,4,Tempat ini bersejarah tentang perjalanan cinta 😂,2023-07-23T12:41:12.831Z,Darwis Ciriwis,102024285207642854235,True,2,id,2026-05-04T16:56:24.758555
ChZDSUhNMG9nS0VJQ0FnSURHbHV6aEtBEAE,ChIJc0eofSwVby4RjFO-KnMwcz8,Kedai Artha,Kuningan,Nongkrong,5,"Menu dan hrg standar, asyik buat kongkow. Cepat dan ramah",2023-06-18T23:09:46.996Z,Nano Marjono,111334993666938673380,True,0,id,2026-05-04T16:56:24.758581
ChZDSUhNMG9nS0VJQ0FnSUN4cE11dkV3EAE,ChIJc0eofSwVby4RjFO-KnMwcz8,Kedai Artha,Kuningan,Nongkrong,5,"Tempat nyaman, karyawan ramah dan in syaa Allah taat ibadah 🙂",2023-05-11T00:10:29.766Z,Amin Nuryamin,107406859283507546370,True,0,id,2026-05-04T16:56:24.758609
ChZDSUhNMG9nS0VJQ0FnSURSNXZuVE1REAE,ChIJc0eofSwVby4RjFO-KnMwcz8,Kedai Artha,Kuningan,Nongkrong,1,"Pelayanan sangat lama, harus menunggu 1 jam lebih untuk datang makanannya . Sangat mengecewakan tolong diperbaiki untuk pelayanannya.",2023-04-24T12:37:27.490Z,Yoga Nugrahaa,112270150643999717381,False,0,id,2026-05-04T16:56:24.758634
ChZDSUhNMG9nS0VJQ0FnSUNSMjd6Z0dnEAE,ChIJc0eofSwVby4RjFO-KnMwcz8,Kedai Artha,Kuningan,Nongkrong,1,"Pelayanan lama, sudah 2 jam makanan belum datang, padahal lagi puasa, minum pun belum di kasih",2023-04-11T12:03:29.360Z,Sophie Stevenson,105512300266714562505,False,0,id,2026-05-04T16:56:24.758659
ChdDSUhNMG9nS0VJQ0FnSUNSMi16Ny13RRAB,ChIJc0eofSwVby4RjFO-KnMwcz8,Kedai Artha,Kuningan,Nongkrong,1,"Pelayanan lama, udah 2 jam makanan dan minuman ga dateng padahal lagi puasa. Order dari jam 5 sampe jam 18.59 belum dateng apapun.",2023-04-11T12:00:36.441Z,Fany Meilynda,113926276773062847560,False,0,id,2026-05-04T16:56:24.758667
Ci9DQUlRQUNvZENodHljRjlvT25WVWVVYzBjMlJ4YzBGSVkxTklNMjV5ZFhBME9YYxAB,ChIJWSslfP4Xby4RzX4fNOyCtVs,KLAFE Cake & Coffee Factory,Kuningan,Nongkrong,5,"Makanan nya pada enakkk sumpahhhh apalagi ramen nya wajib cobain!!! 😍
Butterscotch nya enakkk parahh😋
_Dzikri pelayanan nya ramahhhh",2026-04-02T11:40:35.614Z,Yisika Mevia,117164857307976517562,False,0,id,2026-05-04T16:56:24.758689
Ci9DQUlRQUNvZENodHljRjlvT2pWelVFTXhUbUk1VDNwMFEza3dUbXN5ZWkxaFVGRRAB,ChIJWSslfP4Xby4RzX4fNOyCtVs,KLAFE Cake & Coffee Factory,Kuningan,Nongkrong,5,Klafe ciawi gebang tempat paling comfy buat hangout sama temen makanannya enak minumannya enak pelayanannya excelent kasirnya ramah kak rizqi thankyouu👍,2026-04-01T10:21:33.061Z,Sumi Liawati,109475577308301920701,False,0,id,2026-05-04T16:56:24.758697
Ci9DQUlRQUNvZENodHljRjlvT21OT1JGUkZhblpWYW5SZlkwOTNOSFV5UVZSVGRuYxAB,ChIJWSslfP4Xby4RzX4fNOyCtVs,KLAFE Cake & Coffee Factory,Kuningan,Nongkrong,5,pengalaman hangout di klafe ciawigebang sangat mengesankan pelayanan ramah dari kak rizqi sangat best dan area caffe sangat comfy. untuk minuman dan makanannya enak best bangett🤞🏼,2026-04-01T10:02:09.558Z,Rostikasarii,110999628456082149316,False,0,id,2026-05-04T16:56:24.758705
Ci9DQUlRQUNvZENodHljRjlvT2psdlFsbDJNM2R0ZGpsQmFpMWpVVEpMV0ZWVWRtYxAB,ChIJWSslfP4Xby4RzX4fNOyCtVs,KLAFE Cake & Coffee Factory,Kuningan,Nongkrong,5,"Tempatnya kecil tapi nyaman,jajanannya enak",2026-03-29T10:54:20.827Z,Indra Prasetyo,102365678337075545124,True,0,id,2026-05-04T16:56:24.758714
Ci9DQUlRQUNvZENodHljRjlvT2pSdlZXcEJSVFZmWTFONlpXUjZUVXRJUzBsVGJYYxAB,ChIJWSslfP4Xby4RzX4fNOyCtVs,KLAFE Cake & Coffee Factory,Kuningan,Nongkrong,5,"pelayanan nya ramah, makanan nya juga enak banget, suasana nya nyaman estetik jugaa😍😍",2026-03-27T10:31:17.890Z,Shakila Maharani,113989188560324362376,False,0,id,2026-05-04T16:56:24.758723
Ci9DQUlRQUNvZENodHljRjlvT21RNVJIbEVVbTFmZUdVeFZGZDZPVlJpYUU0M1ZGRRAB,ChIJWSslfP4Xby4RzX4fNOyCtVs,KLAFE Cake & Coffee Factory,Kuningan,Nongkrong,5,"Suasananya nyaman, pelayannya ramah, tempatnya aesthetic, makanannya enak enak, dan juga cocok untuk main, meeting, ataupun mengerjakan tugas bareng.",2026-03-27T10:23:08.231Z,Manda Hasna Fadillah,106802694989620672961,False,0,id,2026-05-04T16:56:24.758731
Ci9DQUlRQUNvZENodHljRjlvT25aQ1Z6VllNVmRFYURoWVVIVklPR2RMVDB4Wk9VRRAB,ChIJWSslfP4Xby4RzX4fNOyCtVs,KLAFE Cake & Coffee Factory,Kuningan,Nongkrong,5,"Bagus, cuman karena menu nya belum lengkap jadi gabisa coba menu yang lainnya
Overall baguss",2026-03-27T10:17:48.824Z,Nadin Aprilia,110713783943579857749,False,0,id,2026-05-04T16:56:24.758739
Ci9DQUlRQUNvZENodHljRjlvT2pSWlRrUnFjWGxCVjBsNGRETkVSamhETTBOb1ZGRRAB,ChIJWSslfP4Xby4RzX4fNOyCtVs,KLAFE Cake & Coffee Factory,Kuningan,Nongkrong,5,"tempat nya nyaman,bagus estetik",2026-03-11T10:35:49.658Z,Neng Bella,109915638060065761628,False,0,id,2026-05-04T16:56:24.758754
Ci9DQUlRQUNvZENodHljRjlvT2w5Uk16aE5lSEJmYjB4SE1GWTFiR2RXYXpWc2RrRRAB,ChIJWSslfP4Xby4RzX4fNOyCtVs,KLAFE Cake & Coffee Factory,Kuningan,Nongkrong,5,"tempat nya super duper nyaman banget pokonya, tenang adem, pelayanannya juga bagus dan ramah ramah",2026-03-11T10:34:58.682Z,Annaya Sinby,108294105463400034774,False,0,id,2026-05-04T16:56:24.758763
Ci9DQUlRQUNvZENodHljRjlvT25CTk0ydFFMVWhVZW1wVmNsOVROMGgzT1hCNk9XYxAB,ChIJWSslfP4Xby4RzX4fNOyCtVs,KLAFE Cake & Coffee Factory,Kuningan,Nongkrong,5,enak semua makanannya🤩,2026-03-01T11:59:28.671Z,Isna Septi Fadiah,103853819167996473095,True,0,id,2026-05-04T16:56:24.758788
Ci9DQUlRQUNvZENodHljRjlvT25selVrVmtNbUl6VTFrd1VVMXpXa05sVDFwRFNtYxAB,ChIJWSslfP4Xby4RzX4fNOyCtVs,KLAFE Cake & Coffee Factory,Kuningan,Nongkrong,5,"Klafe seperti rumah kedua💖✨
Bisa nongki berjam-jam disini, pelayanannya terbaiiikkk😍
Aa & tetehnya sudah jd bestie, luvluvv💘
Semoga semakin sukses🎉🎉",2026-02-21T12:48:02.469Z,Ade Ratna Nurfaidah,105352165523687262433,True,0,id,2026-05-04T16:56:24.758803
ChdDSUhNMG9nS0VJQ0FnSURCbE9fSm1BRRAB,ChIJWSslfP4Xby4RzX4fNOyCtVs,KLAFE Cake & Coffee Factory,Kuningan,Nongkrong,5,"Beberapa kali kesini, selalu suka dengan suasananya, baik di siang atau pun di sore hari. Tempatnya adem, musiknya ok. Makanan favorit saya di sini Rice Bowl Dori Sambal Matah. Minumnya kadang kopi, kadang lychee tea. Harganya masih ramah di kantong. Cocok buat istirahat makan siang atau ngopi sore bareng teman.",2026-02-04T05:52:37.146Z,br14n 1m4g3s,114320973606499870769,True,0,id,2026-05-04T16:56:24.758818
Ci9DQUlRQUNvZENodHljRjlvT2tKemFVTktaalF4Y25reVNFaENNbXN3Y1V0a1ozYxAB,ChIJXTbGVtQVby4RbTMkiWtl6VU,Onedis Coffee,Kuningan,Nongkrong,1,"Minuman nya dgn harga lumayan...kurang enak...kalau basa sunda nya ""cawerang""..apalagi matcha nya....ga bnget
Penampilan pelayan nya jauh dr kata bagus....pelayan nya pake sandal jepit, kalah jauh sama cafe² yg baru buka",2026-03-23T15:44:45.416Z,manboys manboys,108024105161663876281,False,0,id,2026-05-04T16:56:24.758839
Ci9DQUlRQUNvZENodHljRjlvT2tOMmNHVlFiRUpEYVZCcU9FZE5TbWhpVmxVNVFVRRAB,ChIJXTbGVtQVby4RbTMkiWtl6VU,Onedis Coffee,Kuningan,Nongkrong,2,"pelayanan nya sedikit bagus cuma kurang ditanggapi aja, jarak datang makanan nya dan minumannya lama sekali…. dan makanannya biasa aja..",2026-03-22T12:53:14.392Z,Tazkia Febrianni,112253201996456674458,False,0,id,2026-05-04T16:56:24.758855
Ci9DQUlRQUNvZENodHljRjlvT25reE0zVjRNME14VFhKbVUwOVZjMUJGTVhaaFozYxAB,ChIJXTbGVtQVby4RbTMkiWtl6VU,Onedis Coffee,Kuningan,Nongkrong,2,"pelayanannya lambat, makanan saya lama datangnya‼️",2026-03-22T11:44:53.360Z,Erni Nurdianni,101288294350323283448,False,0,id,2026-05-04T16:56:24.758863
Ci9DQUlRQUNvZENodHljRjlvT2pZd2NGVnhUVWd3VldoemFtWnNaRms0TTIxUWQzYxAB,ChIJXTbGVtQVby4RbTMkiWtl6VU,Onedis Coffee,Kuningan,Nongkrong,5,"Onedis Coffee adalah definisi dari kualitas yang konsisten di pusat Kuningan. Sudah mampir berkali-kali sejak dulu dan rasanya tidak pernah berubah. Pilihan kopinya beragam, mulai dari manual brew yang aromatik sampai menu kopi susu kekinian yang creamy tapi tetap terasa kopinya.

Menu makanannya juga lengkap, jadi bisa sekalian makan berat di sini. Harganya sangat affordable untuk kualitas rasa dan pelayanan secepat ini. Stafnya ramah dan paham betul tentang menu yang mereka sajikan. Sangat direkomendasikan untuk siapa pun yang mencari kopi berkualitas di Kuningan!",2026-02-23T13:41:37.132Z,Agus Supriatna (ch33monk),101263549825583290887,True,1,id,2026-05-04T16:56:24.758870
ChdDSUhNMG9nS0VJQ0FnSUNPZ3FDU2hnRRAB,ChIJXTbGVtQVby4RbTMkiWtl6VU,Onedis Coffee,Kuningan,Nongkrong,5,"Saya saya ngopi disini. Matcha aren enak, tempat duduk betah nyaman, free wifi kenceng, tenang, motor parkir aman, menu banyak, lantai 2 syahdu.",2025-12-29T13:57:14.190Z,DANI MUBAROK,116863174710657370005,True,2,id,2026-05-04T16:56:24.758898
Ci9DQUlRQUNvZENodHljRjlvT2pkQ2VWbDJOVVJVUjAxclpWcFVRMjluWnpaVFpuYxAB,ChIJXTbGVtQVby4RbTMkiWtl6VU,Onedis Coffee,Kuningan,Nongkrong,3,seruu bgt karna ke tempat ininya sama cowo ngeselin terus tempatnya jadi tambah nyaman,2025-07-23T10:38:34.869Z,Dede Supandi,106960316355835715714,False,0,id,2026-05-04T16:56:24.758914
ChdDSUhNMG9nS0VJQ0FnTUNJdHFyOXVBRRAB,ChIJXTbGVtQVby4RbTMkiWtl6VU,Onedis Coffee,Kuningan,Nongkrong,1,"ini strukturnya masih berantakan apa gimana? pastinya prepare dong seudah lebaran pasti rame,masa minuman naik semua mau 2 jam kurang? mana udah pesen Red Velvet katanya tiba tiba ada Waiters negur Varian Sweetnya gada semua?,Makanan juga sama lama banget,Naik Full Makanan sampe 2 jam lebih?
Kecewa si,mana gaada kata maaf sama sekali",2025-04-01T18:58:20.173Z,Firaz Fijey,112004168097923711932,False,0,id,2026-05-04T16:56:24.758938
ChdDSUhNMG9nS0VJQ0FnSURMbXNLNDd3RRAB,ChIJXTbGVtQVby4RbTMkiWtl6VU,Onedis Coffee,Kuningan,Nongkrong,5,Muantap buanget,2024-06-27T00:50:44.367Z,Harno Suharno,114996602871378178694,True,0,id,2026-05-04T16:56:24.758980
Ci9DQUlRQUNvZENodHljRjlvT204MWRrZHlSazF5Wmt0S1VIaGZXbEZrY2tSbVNIYxAB,ChIJeT-5OoMXby4R5OcWKvfhSmk,"Mokopi Cafe, Ancaran",Kuningan,Nongkrong,1,Tempat yg akan kita dudukin msih ada bekas sampah makanan yg belum di bereskan,2026-04-19T08:08:36.997Z,Arol Ril,106300738925941573864,False,0,id,2026-05-04T16:56:24.759002
Ci9DQUlRQUNvZENodHljRjlvT21VMlkweFhSRTlKUWs1bmN6bDBXRWRoVTA0NVdtYxAB,ChIJeT-5OoMXby4R5OcWKvfhSmk,"Mokopi Cafe, Ancaran",Kuningan,Nongkrong,1,"Saat Mau makan tempatnya Kotor, masih banyak bekas makanan org padahal kasir2 nya pada duduk... Posisi sepi krna uda jam 9.30.. Pelayan kasir perempuan yg berkaca Mata tidak menyenangkan. Wajah sinis melotot saya bilang Mau bayar krna saya minta 1 nasi tambah dia tidak respon sibuk dengan hp, adik saya Tanya toilet dimana dia juga passing muka Sgt tidak enak Dan jawaban Cetus..Makanan enak tapi lihat Perempuan yg satu ini saya jdi tidak nafsu makan.. Plisss pelayanan dirubah.. Dan kryawan banyak kenapa sisa2 Makanan Pelanggan tidak langsung dibersihkan.. Abu juga dimeja kursi.. Terlebih dikursi anak sgt kotorrr",2026-03-13T21:56:54.896Z,Yanti Sianturi,107253952636933058238,False,0,id,2026-05-04T16:56:24.759040
Ci9DQUlRQUNvZENodHljRjlvT2xwUk1FRTFkMmMxYkZwVFJEVllkbFZUWDI1V1FYYxAB,ChIJeT-5OoMXby4R5OcWKvfhSmk,"Mokopi Cafe, Ancaran",Kuningan,Nongkrong,5,"Makanannya enak, pelayanannya juga bagus, rekomended buat nongkrong, cuma buat makanan kuah-kuahan request banyakin dong 😁",2026-01-20T07:26:02.443Z,Shima Rin,113080394172767002003,True,1,id,2026-05-04T16:56:24.759061
Ci9DQUlRQUNvZENodHljRjlvT2xoRlFYZHBWUzFOZFhOalVtWmhOekJGZVhWclNtYxAB,ChIJeT-5OoMXby4R5OcWKvfhSmk,"Mokopi Cafe, Ancaran",Kuningan,Nongkrong,5,"udah sering kesini!!
tempatnya cocok buat nongkrong santai, makananya enak, matcha latte nya favorit bangettt, pelayanan cepet, harga juga affordable✌🏻",2025-12-24T10:29:31.487Z,Isna Septi Fadiah,103853819167996473095,True,0,id,2026-05-04T16:56:24.759075
Ci9DQUlRQUNvZENodHljRjlvT2taWmEyVkhlbU5JZFcxTlNHTnJRM3BNZG5SVFVFRRAB,ChIJeT-5OoMXby4R5OcWKvfhSmk,"Mokopi Cafe, Ancaran",Kuningan,Nongkrong,3,"Cafe nya bagus dan cocok untuk tempat nongkrong, cuman ada masukan
Kebersiham cafenya yg harus di jaga.
Terakhir berkunjung ada beberapa meja yg tdk langsung di bersihkan padahal pengunjung nya sdh tdk ada. Kelihatan kurang rapih saja",2025-11-15T16:18:12.413Z,riki thomas,100618841993938298740,True,1,id,2026-05-04T16:56:24.759096
Ci9DQUlRQUNvZENodHljRjlvT2xwT1YyOUxkWGxIZFVVNFpETXdPRVZPU3pGMGEwRRAB,ChIJeT-5OoMXby4R5OcWKvfhSmk,"Mokopi Cafe, Ancaran",Kuningan,Nongkrong,5,Mudah di akses dr semua arah,2025-11-11T01:51:30.420Z,Haditya Ramadhan,110108009709903020866,True,0,id,2026-05-04T16:56:24.759103
Ci9DQUlRQUNvZENodHljRjlvT2toMkxYTjJRak5KZG01ZmEzcDVTazgwYVZGQlZIYxAB,ChIJeT-5OoMXby4R5OcWKvfhSmk,"Mokopi Cafe, Ancaran",Kuningan,Nongkrong,5,"Mokosu arennya favorit bangeeett.. kopinya berasa, aren & jg susunya.. es batunya mencairpun rasanya tetap enaqq.. ga cuma rasa manis tok
Selain karena rasanya enak, tiap pagi Senin-Jumat juga harganya cuma 10K ♥️",2025-11-07T02:11:12.000Z,Novi Fauziah,105628570728843958059,False,0,id,2026-05-04T16:56:24.759111
Ci9DQUlRQUNvZENodHljRjlvT21sWVNsZHpNWE16ZEVrMVdWcHVVMU5ZYURaemIwRRAB,ChIJeT-5OoMXby4R5OcWKvfhSmk,"Mokopi Cafe, Ancaran",Kuningan,Nongkrong,5,"Enak, nyaman, luas juga ternyata tempatnya",2025-10-14T03:44:13.995Z,cucumayasaroh,109801048680802396889,True,0,id,2026-05-04T16:56:24.759122
Ci9DQUlRQUNvZENodHljRjlvT21WdmVIUkRaM1JSV1Uxc2NrMHlUSGwwVm1aTVZXYxAB,ChIJeT-5OoMXby4R5OcWKvfhSmk,"Mokopi Cafe, Ancaran",Kuningan,Nongkrong,5,"Kopi nya ok, ada live music di hari Sabtu malam, menu cukup variatif",2025-09-07T08:03:58.549Z,Deddy Adisudharma,100348728286550680750,True,0,id,2026-05-04T16:56:24.759130
Ci9DQUlRQUNvZENodHljRjlvT2xKQmNFaEVSbE5WYW5aRWJUZElZV2R4VlVNek9HYxAB,ChIJWSslfP4Xby4RzX4fNOyCtVs,KLAFE Cake & Coffee Factory,Kuningan,Nongkrong,5,Sangat memuaskan,2026-01-21T08:59:30.303Z,Yuliana Dongo,115689991807429341619,False,0,id,2026-05-04T16:56:24.759151
Ci9DQUlRQUNvZENodHljRjlvT2s1eGJGZGZNSEJMWWtSMVpVOHRjbmhoVkZaWmNuYxAB,ChIJWSslfP4Xby4RzX4fNOyCtVs,KLAFE Cake & Coffee Factory,Kuningan,Nongkrong,5,"Hening, bersih, dan manu enak apalagi sambal matahnya.",2026-01-11T04:17:34.557Z,Vera Verawati,110643097570975621623,False,0,id,2026-05-04T16:56:24.759160
Ci9DQUlRQUNvZENodHljRjlvT205cFRVWmhaVUprVG0wNVoxOVZSVXBMWkZOUGNIYxAB,ChIJWSslfP4Xby4RzX4fNOyCtVs,KLAFE Cake & Coffee Factory,Kuningan,Nongkrong,5,"KLAFE CAJE & COFFEE .... tempat cozy, coffee nya enak 👌👌 cake nya lezatttt 👌",2026-01-10T05:53:04.006Z,Ant Colony Bandung,117744711944140409938,False,0,id,2026-05-04T16:56:24.759168
Ci9DQUlRQUNvZENodHljRjlvT2xZd1RGRnFlRXhZTUVablpIaHRSWEZ6Um5ocE9YYxAB,ChIJWSslfP4Xby4RzX4fNOyCtVs,KLAFE Cake & Coffee Factory,Kuningan,Nongkrong,5,Makanan dan kopi gula arennya enak hanya minus tempat parkir,2025-12-17T17:16:19.324Z,Haryono sh,118209546851605248521,True,0,id,2026-05-04T16:56:24.759177
Ci9DQUlRQUNvZENodHljRjlvT2xneFYyeE1ia1Y1ZFZZMWJ6TmhOa1JRUjFZNWJXYxAB,ChIJWSslfP4Xby4RzX4fNOyCtVs,KLAFE Cake & Coffee Factory,Kuningan,Nongkrong,3,"Jam 9-10 aja barista nya sering pulang duluan, menu nya sisaan lagi, tapi enak hanya kurang layak. Kursi di dalam ruang kurang nyaman.",2025-11-15T12:37:29.943Z,Manusia Jujur,114993085444512651686,True,0,id,2026-05-04T16:56:24.759185
Ci9DQUlRQUNvZENodHljRjlvT21KVWJuRm5hMnM1UkVaNWJEQmphMTlLYTBaRVVuYxAB,ChIJWSslfP4Xby4RzX4fNOyCtVs,KLAFE Cake & Coffee Factory,Kuningan,Nongkrong,4,"[In accordance with seen]

• Kafe ini punya lokasi di pinggir jalan, suasananya tetap tenang karena kaca jendela tebal, jadi suara kendaraan hampir tidak terdengar.
• Tempatnya nyaman, desain interiornya estetik dan cocok buat nongkrong atau nugas santai.
• Pelayanannya cukup ramah dan cepat. Orderan take away lebih di dahulukan daripada dine in.
• Harga minuman dan makanannya standar kafe pada umumnya, sebanding dengan suasana yang ditawarkan.
• Tersedia beberapa spot duduk yang cozy, baik indoor, dekat jendela maupun di luar.
• Parkiran cukup Luas

Disadvantages:
(–) Stok menu sering kosong, terutama di malam hari, dengan alasan barista sudah pulang.
(–) Beberapa menu favorit kadang tidak tersedia.

Secara keseluruhan, kafe pinggir jalan ini nyaman dan tenang meski lokasinya strategis di pinggir jalan raya. Cocok buat yang mau ngopi santai tanpa bising jalanan.",2025-11-07T11:54:01.210Z,Anonymous Google (Anonim),109258456623469745336,True,0,id,2026-05-04T16:56:24.759199
Ci9DQUlRQUNvZENodHljRjlvT2pOalMwaFZUM05HYkVWaWREUXRURGRtUVZobFJIYxAB,ChIJWSslfP4Xby4RzX4fNOyCtVs,KLAFE Cake & Coffee Factory,Kuningan,Nongkrong,1,kelamaan bikin pesananya,2025-09-21T03:47:37.071Z,Erwin Eryansah,105266775773296858008,False,0,id,2026-05-04T16:56:24.759207
Ci9DQUlRQUNvZENodHljRjlvT2xWc0xUUkpSWE5rTkZremVIbG9WVkJ4Y1U1dU5tYxAB,ChIJWSslfP4Xby4RzX4fNOyCtVs,KLAFE Cake & Coffee Factory,Kuningan,Nongkrong,5,"Kalo lagi galau kesini, larut langsung dengan americano kopi sedikit gula. Singkong gorengnya juara banget",2025-09-11T22:47:48.442Z,Dolphin,117283133925420861124,True,0,id,2026-05-04T16:56:24.759215
Ci9DQUlRQUNvZENodHljRjlvT2xOSGVrMW1hak42TkZORVMzUTBSMnBDVmw5bVYzYxAB,ChIJWSslfP4Xby4RzX4fNOyCtVs,KLAFE Cake & Coffee Factory,Kuningan,Nongkrong,5,Makanan nya enak2 .apalagi minuman nyaaa ..juara deh 😍,2025-08-13T08:43:21.410Z,Devianindi Indri,101575492614448131130,False,0,id,2026-05-04T16:56:24.759232
Ci9DQUlRQUNvZENodHljRjlvT2tkWFgzQnVYMHh3TVhSTE1HaHlhRTVNY1ZGb01VRRAB,ChIJWSslfP4Xby4RzX4fNOyCtVs,KLAFE Cake & Coffee Factory,Kuningan,Nongkrong,5,"Rasanya gak pernah bikin kecewa. Kopi, dessert, makanan berat enak semuaa. Cozy banget tempatnya, enak buat kontemplasi. Bakal kanget banget sih ama kafe ini pas udah gak di Kuningan lagi 😌",2025-07-16T12:25:50.945Z,Devi Tri Wahyuni,113298733136195892863,True,0,id,2026-05-04T16:56:24.759241
ChZDSUhNMG9nS0VJQ0FnTURBNlpuS0JREAE,ChIJWSslfP4Xby4RzX4fNOyCtVs,KLAFE Cake & Coffee Factory,Kuningan,Nongkrong,1,"Restoran dengan penyajian paling lelet, nunggu makanan siap keburu dajjal keluar",2025-02-10T05:15:43.466Z,Axep Xupriatna,117150274006308770944,False,0,id,2026-05-04T16:56:24.759270
ChdDSUhNMG9nS0VJQ0FnSUNma3RLcTlRRRAB,ChIJWSslfP4Xby4RzX4fNOyCtVs,KLAFE Cake & Coffee Factory,Kuningan,Nongkrong,4,"Pengen pesen pempeknya,tapi kosong terus",2024-12-27T13:45:54.306Z,Ayu Lestari,111832983653563271187,False,0,id,2026-05-04T16:56:24.759291
ChdDSUhNMG9nS0VJQ0FnSUNtdHYtd3VnRRAB,ChIJWSslfP4Xby4RzX4fNOyCtVs,KLAFE Cake & Coffee Factory,Kuningan,Nongkrong,5,"Tempat asyik buat nongkrong. Makanan dan minumannya enak dan harga terjangkau.
Disini enak untuk ngerjain tugas karena lingkungannya cenderung tenang, akses kendaraan mudah (ada angkot 01, 03, 06), parkir agak terbatas tapi teduh. Ada smoking area di dekat parkir ya.",2024-12-24T08:55:20.342Z,Melody AMPv,111966367119530477307,True,1,id,2026-05-04T16:56:24.759298
ChZDSUhNMG9nS0VPcWwtT0tzaG9QcmVnEAE,ChIJeT-5OoMXby4R5OcWKvfhSmk,"Mokopi Cafe, Ancaran",Kuningan,Nongkrong,5,Tempat nya nyaman ada indoor dan outdoor buat Selfi juga cocok lah hihihi,2025-06-10T13:40:07.237Z,Ziyan Ahmad,115282087597847360660,True,0,id,2026-05-04T16:56:24.759319
ChdDSUhNMG9nS0VLenNpb3ZJeFoyUXVBRRAB,ChIJeT-5OoMXby4R5OcWKvfhSmk,"Mokopi Cafe, Ancaran",Kuningan,Nongkrong,5,Enak enak makanannya tempatnya nyaman,2025-05-30T04:10:45.792Z,De titim,107388436350963654559,False,0,id,2026-05-04T16:56:24.759327
ChZDSUhNMG9nS0VJcUZyLVhWOXZxVVJ3EAE,ChIJeT-5OoMXby4R5OcWKvfhSmk,"Mokopi Cafe, Ancaran",Kuningan,Nongkrong,5,"Layanan nya cepet...
Buka nya pagi jadi bisa jadi pilihan buat nongki sambil Nunggu anak sekolah...
Steak nya murce tapi enak",2025-05-09T11:10:43.897Z,Icah Nuraisyah,102882245087669543637,True,0,id,2026-05-04T16:56:24.759335
ChdDSUhNMG9nS0VJQ0FnTURJdjRYeGxBRRAB,ChIJeT-5OoMXby4R5OcWKvfhSmk,"Mokopi Cafe, Ancaran",Kuningan,Nongkrong,5,"Beberapa menu gak ready,",2025-04-14T02:59:02.108Z,Laurio Leonald,110732571385890047198,True,0,id,2026-05-04T16:56:24.759355
ChdDSUhNMG9nS0VJQ0FnTURRaTZTaDVBRRAB,ChIJeT-5OoMXby4R5OcWKvfhSmk,"Mokopi Cafe, Ancaran",Kuningan,Nongkrong,5,"makanan terbilang cukup, servis sangat baik, atmosphere nyaman, harga cukup bersaing dan masih ramah di kantong",2025-03-14T05:42:54.969Z,abdul Haq,117480267315733302268,True,0,id,2026-05-04T16:56:24.759364
ChZDSUhNMG9nS0VJQ0FnTURnbkpqOWRREAE,ChIJeT-5OoMXby4R5OcWKvfhSmk,"Mokopi Cafe, Ancaran",Kuningan,Nongkrong,5,Syeger visan kopi cocom visan lahhh enyak pokok nya,2025-02-23T04:25:45.674Z,Yandi Hidayatullah,113420227027972730416,True,0,id,2026-05-04T16:56:24.759375
ChdDSUhNMG9nS0VJQ0FnTUNBLW9XTDJnRRAB,ChIJeT-5OoMXby4R5OcWKvfhSmk,"Mokopi Cafe, Ancaran",Kuningan,Nongkrong,5,"makanan nyaa enak bgt sesuai bgt sama lidah aku,ayam geprek,steak sama croffle,tempatnya juga enak nyaman tapi sayang bgt pelayanan nyaa kurang maaf bgt😭pas pesen kaya gaada ramah ramahnya😭🙏",2025-01-31T07:29:13.814Z,Septiani,110900119800415354635,False,0,id,2026-05-04T16:56:24.759383
ChdDSUhNMG9nS0VJQ0FnSUNfbmUzTDN3RRAB,ChIJeT-5OoMXby4R5OcWKvfhSmk,"Mokopi Cafe, Ancaran",Kuningan,Nongkrong,1,Makanannya ga enakkkkkkk!!!!!!,2025-01-18T09:02:29.652Z,Laura Putri,114165334444439359504,False,0,id,2026-05-04T16:56:24.759392
ChZDSUhNMG9nS0VJQ0FnSURmXzREOVVBEAE,ChIJeT-5OoMXby4R5OcWKvfhSmk,"Mokopi Cafe, Ancaran",Kuningan,Nongkrong,5,"bagus tempatnya cozy, free wifi",2025-01-11T14:20:40.152Z,Salsa Eriska Putri,108648823440344540327,True,0,id,2026-05-04T16:56:24.759407
ChZDSUhNMG9nS0VJQ0FnSUMzajd6dE1REAE,ChIJeT-5OoMXby4R5OcWKvfhSmk,"Mokopi Cafe, Ancaran",Kuningan,Nongkrong,1,"karyawan nya emg gt ya? saran aja si karyawan nya kalo liatin cust janhan segitunya, makanan si oke tempat jga oke cmn emg karyawan nya nyebelin, masa cust gatau bukan di arahin malah di ketawain",2024-11-10T09:20:30.149Z,Tegar Tri Budiman,110026890208770478284,False,0,id,2026-05-04T16:56:24.759436
ChdDSUhNMG9nS0VJQ0FnSURIcnJ5VThnRRAB,ChIJeT-5OoMXby4R5OcWKvfhSmk,"Mokopi Cafe, Ancaran",Kuningan,Nongkrong,4,"tlg playlist-nya kalo pagi-pagi jangan yang sedih-sedih dong, yang nge boost mood ajaww",2024-09-16T04:14:18.654Z,muhammad denaz,117797746971755459538,False,1,id,2026-05-04T16:56:24.759445
ChdDSUhNMG9nS0VJQ0FnSURIenY2NWlnRRAB,ChIJeT-5OoMXby4R5OcWKvfhSmk,"Mokopi Cafe, Ancaran",Kuningan,Nongkrong,5,"Cantik tempatnya, makanannya juga worth it🪐🧇🍜🥩☕🥃🍷",2024-09-16T02:18:18.695Z,Jihan Kurnia,107751511423150215401,False,0,id,2026-05-04T16:56:24.759453
Ci9DQUlRQUNvZENodHljRjlvT2w4eWVXOVZiV3htUzNKd1YwWkhka2xzWjI1MlVtYxAB,ChIJIzhDo-QVby4RSuBPlnS6RDM,Eternite Space,Kuningan,Nongkrong,4,"Mau kasih 5 krn enak2 menu nya,ac juga dingin,kata sandi wifi udh tersedia di struk belanja,tapi maaf 4 dulu soalnya musholla pas dtg kurang terawat mukena bau jendela berdebu padahal kafenya sendiri selain musholla nyaman bgt betah ngobrol juga walau space lantai 2 gk sebesar itu tapi pas banyak org ngobrol ttp kedengaran dan gak kayak dipasar tapi plisss bgttt musholla nya rapihin & bersihin lagi yaa .. smg kesana lg udh diperbaikin🫶",2026-05-03T17:11:59.548Z,Vina Oktaviani,117160855367441073104,False,0,id,2026-05-04T16:56:24.759468
ChZDSUhNMG9nS0VJQ0FnSURya3M3b1FnEAE,ChIJIzhDo-QVby4RSuBPlnS6RDM,Eternite Space,Kuningan,Nongkrong,4,Cake pastry dan mocktail juga kopi nya enak,2026-05-01T23:54:45.729Z,Citra D Gitalestari,108399985178992611300,True,0,id,2026-05-04T16:56:24.759491
Ci9DQUlRQUNvZENodHljRjlvT2sxTE9XZFVlbkZEUmxjeGEyZG9aa3hyZUROZlltYxAB,ChIJIzhDo-QVby4RSuBPlnS6RDM,Eternite Space,Kuningan,Nongkrong,5,tempat nya cozy menu nya enak enakk,2026-04-03T16:38:21.743Z,Bilqiss,101519201008885301516,False,0,id,2026-05-04T16:56:24.759502
Ci9DQUlRQUNvZENodHljRjlvT21KWmJuRk5SSFV5VmtaVFozTTNTbEpzT1dvMFpsRRAB,ChIJIzhDo-QVby4RSuBPlnS6RDM,Eternite Space,Kuningan,Nongkrong,5,"Laksa, Itaewon, Toast, cheese cake, sundubu jiggae, kari jepang, dumpling, spagetti.. enak semua 🤩
Mau ke sana lagi dan lagi buat nyobain setiap menunya 🤩
Recomended toast dan cheese cake
Minumannya black peach nagih sihh",2026-04-03T13:54:12.594Z,Ghina Mardiyah,101429212653506224307,True,0,id,2026-05-04T16:56:24.759510
Ci9DQUlRQUNvZENodHljRjlvT2sxVWRGWk9jazB0YzIxbVJFVmxVWFYwYUVWVk1YYxAB,ChIJIzhDo-QVby4RSuBPlnS6RDM,Eternite Space,Kuningan,Nongkrong,5,"Sekarang jadi enak makanannya, pertahankan!
Tempat duduknya banyakin untuk yg berdua, karena sayang banyak yg datang beruda tp duduk di kursi yg untuk berempat.",2026-03-12T09:02:15.695Z,Dida Adit,109560137409859111388,True,0,id,2026-05-04T16:56:24.759537
Ci9DQUlRQUNvZENodHljRjlvT2xaZllYZGlkSFpSVVhOWGNFWjZhVmhxWWxaMWFuYxAB,ChIJIzhDo-QVby4RSuBPlnS6RDM,Eternite Space,Kuningan,Nongkrong,5,"been wanting to come here for a long time, and it totally met my expectations… the lotus is good, the coffee is good, the place is good. but if i may suggest, maybe close a bit later hehe… felt like i was racing a deadline BUT OKAY love it and i will remember who i came here with🤤",2026-02-18T02:23:52.163Z,vickyprasetyo,109610750458075253761,False,0,en,2026-05-04T16:56:24.759559
Ci9DQUlRQUNvZENodHljRjlvT2kxVVVWQXpVekJNTkROT0xYQkJXWGR5UmkxTlgxRRAB,ChIJIzhDo-QVby4RSuBPlnS6RDM,Eternite Space,Kuningan,Nongkrong,5,Tempatnya cozy abisss,2026-02-01T03:17:16.428Z,talita iftinah,103942774324103627095,False,0,id,2026-05-04T16:56:24.759587
Ci9DQUlRQUNvZENodHljRjlvT2paQ2QyNTFWRTVXVjJsaVdVTm5iMGsxV1ROdFowRRAB,ChIJIzhDo-QVby4RSuBPlnS6RDM,Eternite Space,Kuningan,Nongkrong,5,"Pertama kali di ajakin makan Siang ke sini ,Keseluruhan Enaaakkkkk ,baik makanan dan Minuman nya
Pelayanannya ok ,Ramah -ramah mas mas nya ,
Tempat luas ,ada out door jg di area belakang ,
Resik ,Bersih ,Ada Mushola nya juga ,
Next di jadwalkan untuk dateng lagi 😍😁untuk nyobain menu menu lainnya 🥳",2026-01-29T08:15:49.794Z,Tri Sumirati,102034916185163644678,True,0,id,2026-05-04T16:56:24.759596
Ci9DQUlRQUNvZENodHljRjlvT2poV05XTTJTVXhTYjJsVmQwRkhOVFpxZG1aaWRHYxAB,ChIJIzhDo-QVby4RSuBPlnS6RDM,Eternite Space,Kuningan,Nongkrong,5,"makanannya sangat enak!! tampilan sesuai di menu🌲tempatnya easthetic cocok buat ngedate, sangat lucuu💗",2026-01-16T04:26:53.351Z,Isna Septi Fadiah,103853819167996473095,True,0,id,2026-05-04T16:56:24.759605
Ci9DQUlRQUNvZENodHljRjlvT2tSbFpuUnpZak5vZFc5S0xXVjNXVEEyUVVaQ1MxRRAB,ChIJIzhDo-QVby4RSuBPlnS6RDM,Eternite Space,Kuningan,Nongkrong,5,"The cheesecake juara banget, apalagi yang blueberry, satu aja sih masukan, kok lantai satunya lebih dingin daripada lantai dua ya 😅. Other than that I recommend this cafe as a must try in Kuningan",2026-01-15T11:09:29.057Z,Teka look,113514671677710741979,False,0,id,2026-05-04T16:56:24.759613
ChZDSUhNMG9nS0VJQ0FnSUNYaS16X1h3EAE,ChIJWSslfP4Xby4RzX4fNOyCtVs,KLAFE Cake & Coffee Factory,Kuningan,Nongkrong,3,I am sorry but too small,2024-10-20T12:31:58.750Z,Tiara P. Pandini,101400195399720702944,True,0,en,2026-05-04T16:56:24.759634
ChdDSUhNMG9nS0VJQ0FnSUQxMG9pbTZnRRAB,ChIJWSslfP4Xby4RzX4fNOyCtVs,KLAFE Cake & Coffee Factory,Kuningan,Nongkrong,5,Refresh seusai kerja. Mantap kopinya,2024-08-25T13:58:56.225Z,Kang Waryo,107430027558980116247,True,0,id,2026-05-04T16:56:24.759655
ChZDSUhNMG9nS0VJQ0FnSUM3NWR1RlBBEAE,ChIJWSslfP4Xby4RzX4fNOyCtVs,KLAFE Cake & Coffee Factory,Kuningan,Nongkrong,5,"Enak2, harganya lumayan",2024-08-17T13:44:55.009Z,Muhamad Jaenudin,100019674081258598400,True,0,id,2026-05-04T16:56:24.759668
ChZDSUhNMG9nS0VJQ0FnSURyMk1ybWNBEAE,ChIJWSslfP4Xby4RzX4fNOyCtVs,KLAFE Cake & Coffee Factory,Kuningan,Nongkrong,5,Rekomendasi. Arenakeun,2024-07-14T07:49:58.931Z,Ahedin Ahedin,111225733110180049447,False,0,su,2026-05-04T16:56:24.759683
ChdDSUhNMG9nS0VJQ0FnSUN6NjhxeTR3RRAB,ChIJWSslfP4Xby4RzX4fNOyCtVs,KLAFE Cake & Coffee Factory,Kuningan,Nongkrong,5,"So i went to this place because my friend recommended it. I'm no coffee nerd but I appreciate good cafes, so I was excited to go here. The place was kind of small but it was sufficient. The service was impeccable and the place smelled delicious. I love, love, love their lasagna. I always love lasagna but theirs were out of this world. It's delicious, the drinks too!",2024-06-05T08:04:12.687Z,Azzahra Maulidina,101859400846883035072,True,0,en,2026-05-04T16:56:24.759692
ChZDSUhNMG9nS0VJQ0FnSUNIcUtUaEtBEAE,ChIJeT-5OoMXby4R5OcWKvfhSmk,"Mokopi Cafe, Ancaran",Kuningan,Nongkrong,5,"Ini yg k4 kesini.. Biasa steak panas & crispy.. Ini steak dingin, yg panas cm alasnya saja, steak g crispy sepertinya sudah digoreng lama.. Atau pas digoreng masih belum suhu ruang (msh beku) , karena dagingnya agak anyeb, amis.. Mohon maaf msh sisa g habis. 1 lg.. Coba evaluasi rasa.. Kuahnya ada pahit, sepertinya italian seasioning nya terlalu banyak..ky ada RS thyme yg dominan jd pahit. Semoga dibaca owner, Silahkan hapus review aku, jika sdh dibaca.. Smg makin laris.. Padahal saus barbeque+ saos tomat + saos tiram + sdkit saos pedas + bwg bombay  + sdkit kcp mns + diolah sedikit diencerkan sdh enk untuk kuah steak..
Daging burger nya hitam legam dan keras ky brp x olah 🥲
Rasa jg B-..
Coba pake isian beef burger merk bernardi.. Di frozen food banyak.. Rasa enk..",2024-08-31T14:48:46.850Z,Oversharing_bgt,108309511644762368874,True,0,id,2026-05-04T16:56:24.759714
ChZDSUhNMG9nS0VJQ0FnSURiMFp1NVh3EAE,ChIJeT-5OoMXby4R5OcWKvfhSmk,"Mokopi Cafe, Ancaran",Kuningan,Nongkrong,5,Cocok buat nongki² cantik nih bareng BESTie😊,2024-08-06T13:57:49.267Z,dira nirawati,108042360470064430515,True,0,id,2026-05-04T16:56:24.759735
ChdDSUhNMG9nS0VJQ0FnSURieXZMdWd3RRAB,ChIJeT-5OoMXby4R5OcWKvfhSmk,"Mokopi Cafe, Ancaran",Kuningan,Nongkrong,5,"Tempat ngopi modern, harga relatif terjangkau. Varian kopi cukup banyak , makanan nya juga cukup enak.
Cocok buat nongkrong bersama teman atau keluarga kecil.",2024-08-04T03:47:26.521Z,rian rhomansyah,102569423763894281883,True,0,id,2026-05-04T16:56:24.759743
ChdDSUhNMG9nS0VJQ0FnSUNibUwyc29RRRAB,ChIJeT-5OoMXby4R5OcWKvfhSmk,"Mokopi Cafe, Ancaran",Kuningan,Nongkrong,1,"pesen makan satu jam lebih ga di bikinin , bukannya minta maaf atau apa malah planga plongo ga jelas , dongo",2024-07-23T02:24:17.616Z,Jaya Herawan,113325535420654121201,False,1,id,2026-05-04T16:56:24.759765
ChZDSUhNMG9nS0VJQ0FnSUNyc2RmaWVREAE,ChIJeT-5OoMXby4R5OcWKvfhSmk,"Mokopi Cafe, Ancaran",Kuningan,Nongkrong,5,"Rekomemended bgt utk tempat makan, tempat kumpul, tempat ngerjain tugas dll.",2024-07-08T11:42:59.552Z,siti maryam,113582703556201878499,False,0,id,2026-05-04T16:56:24.759781
ChZDSUhNMG9nS0VJQ0FnSURMdXF1eUFREAE,ChIJeT-5OoMXby4R5OcWKvfhSmk,"Mokopi Cafe, Ancaran",Kuningan,Nongkrong,5,Harus kesini lg klo kekuningan,2024-06-27T06:10:43.767Z,Hilman Nurdiansyah,100607233380799123921,True,0,id,2026-05-04T16:56:24.759789
Ci9DQUlRQUNvZENodHljRjlvT2pselNFOXBVQzFyVm1kcmMwVTRkRzFEUWpseFNWRRAB,ChIJiwVdbYo_by4ReFxtWGYmsuw,DT EATERY,Kuningan,Nongkrong,4,"Outdoor, nempel waduk. Nyaman untuk duduk santai dan makan.",2026-04-30T08:57:46.721Z,Indira Rachmawita,100573501444843033115,True,0,id,2026-05-04T16:56:24.759804
Ci9DQUlRQUNvZENodHljRjlvT21KTWNWQnpTbXRqVWpWRGRqWXpRbkY1Y2taUVprRRAB,ChIJiwVdbYo_by4ReFxtWGYmsuw,DT EATERY,Kuningan,Nongkrong,4,"dimsum norinya berubah rasanya jadi hambar padahal enak kemarin kemarin, chili oil nya hambar",2026-04-11T13:08:07.584Z,Rheina Salma,100003632867233936378,False,0,id,2026-05-04T16:56:24.759815
Ci9DQUlRQUNvZENodHljRjlvT25GVVN6VklOMnBVYW0wMUxVa3daa1JuZWpWb2NIYxAB,ChIJiwVdbYo_by4ReFxtWGYmsuw,DT EATERY,Kuningan,Nongkrong,1,"Kopinya oke so far so good, cuma ko ga sesuai fto ya ga ada kolamnya, trs di cup kopinya itu banyak bulu kucing putih, tp emg disitu ada kucing putih apa emg peliharaan toko ya, tiap makan disamperin trs sama ucingnya karna pesen dimsum mungkin kecium ya bau ikan nya, dimsumnya aga aneh rasanya.",2026-04-03T07:02:17.674Z,Rika Santika,106809081823619331615,False,0,id,2026-05-04T16:56:24.759823
Ci9DQUlRQUNvZENodHljRjlvT21WNU9HSjJhV2REYkVOd1pHNVlURmhQVTA5MVpFRRAB,ChIJiwVdbYo_by4ReFxtWGYmsuw,DT EATERY,Kuningan,Nongkrong,3,"spot nya ada yg berubah yg tadinya ada kolam sekarang ga ada, untuk makanannya bbq nya alot jujurly lama susah bgt dikunyah nya sampe pegel pdhl dlu aku kesini bbq an jga enk enk aja knpa yg sekarang dapetnya keras bgt jujurly sampe pegel ngunyah😭🙏🏻",2026-03-30T01:22:32.649Z,Vina Damayanti,102232400065121918424,False,0,id,2026-05-04T16:56:24.759832
Ci9DQUlRQUNvZENodHljRjlvT2pWMWJEaDNNbVJyU25kU2VtMXRWMDFwWkU5aU9XYxAB,ChIJiwVdbYo_by4ReFxtWGYmsuw,DT EATERY,Kuningan,Nongkrong,4,Lihat di IG jam oprasionalnya jam 08:00 pas datang sampai cafe jam 09:00 ternyata belum ready 😢,2026-03-28T23:15:56.867Z,Renny Rey,116737122140910160911,True,0,id,2026-05-04T16:56:24.759839
Ci9DQUlRQUNvZENodHljRjlvT21FeVlWSnlUVmxqWmt0bllVZzRTQzFEWkV4NmExRRAB,ChIJiwVdbYo_by4ReFxtWGYmsuw,DT EATERY,Kuningan,Nongkrong,1,ga sesuai ekspektasi ku...,2026-03-25T05:50:29.535Z,Riska Meylany,105389421495450085714,False,0,id,2026-05-04T16:56:24.759847
Ci9DQUlRQUNvZENodHljRjlvT25wSlJHTnpVMHRPVEdadU0ybFJTRXh2U0VkQk1VRRAB,ChIJiwVdbYo_by4ReFxtWGYmsuw,DT EATERY,Kuningan,Nongkrong,1,pelayanan kurang baik meja kotor,2026-03-24T09:29:18.169Z,bonbon wel1313,109371209705385024553,False,0,id,2026-05-04T16:56:24.759856
Ci9DQUlRQUNvZENodHljRjlvT2paZk5raEJibmxaVVc4dFZqQm9VMEpRUVVaWU9YYxAB,ChIJiwVdbYo_by4ReFxtWGYmsuw,DT EATERY,Kuningan,Nongkrong,1,"Nunggunya lama bngtt 2 jam terus gaada kalimat maaf atau yg lainnya ,smpe ke minumampun nggak di dahulukan. Terus sama saya pesen makanan tambahan dan udh d konfirmasi jg sama kk pelayannya eh pas d tunggu dan cross check taunya nggak kedaftar makanan sayaa .",2026-03-23T02:44:09.004Z,Fachri NrFzan,103770879388373845282,False,0,id,2026-05-04T16:56:24.759866
Ci9DQUlRQUNvZENodHljRjlvT2xob2VVMTJVbmwxVlhaamRteEVka0Y1Wkdkek0yYxAB,ChIJiwVdbYo_by4ReFxtWGYmsuw,DT EATERY,Kuningan,Nongkrong,1,"Pelayanan JELEK BANGET !
Semua makanann datang LAMA PAKE BANGET !!!
Order jam 17.20
Nyampe ke meja kita jam 18.45 !!
Itupun baru tempe mendoan nya doang !!!
Gw tanya nasi goreng & otak2 punya temen, yg dtg otak2nya doang katanya nasi goreng 5 menit lagi. TAPI SAMPE MAU SETENGAH JAM GA ADA TU NASI GORENGNYA DATENG !! Gw samperin ke dapurnya buat nanya soal nasi goreng, KALIAN CUMA JAWAB “SEBENTAR YA KAK”
Oke deh gw masih mau buat nunggu, tapi smpe jam 8lebih tu nasi ga dateng2 ya NASI GORENG DOANG LOH 1

TOLONG DONG PELAYANAN NYA DITAMBAHIN KAK! SAMPE JAM 8lebih LOH GW NUNGGU MAKANAN DOANG ! 👊🏻

Udh lama2 nunggu ternyata nasinya kaya kurang air, mie tektek nya terlalu maniss !! DAN KARNA NASI GORENG GA DATENG2 ALHASIL GW CABUT AJA DAN GW TINGGALIN MAKANAN GW TANPA GW HABISIN, karna udh kesel duluan !

BURUK BANGET NYESEL DAN KAPOK KESNI !",2026-03-23T02:26:01.460Z,Rinna Ramadhany,103849301862962807810,False,0,id,2026-05-04T16:56:24.759875
Ci9DQUlRQUNvZENodHljRjlvT205amJVRXdkRUZ1WVhkcFNsVkhUSEZJWjBjd1lrRRAB,ChIJiwVdbYo_by4ReFxtWGYmsuw,DT EATERY,Kuningan,Nongkrong,1,"makanan saya datang setelah 2 jam memesan,sangat buang buang waktu saya!!",2026-03-23T01:31:21.425Z,Galih Anwar Nur Priadi,117355758365638497385,False,0,id,2026-05-04T16:56:24.759895
Ci9DQUlRQUNvZENodHljRjlvT2tsa2RWSnlWVzVQUmtaTVEzTnRWVGs1UlZCVVQxRRAB,ChIJiwVdbYo_by4ReFxtWGYmsuw,DT EATERY,Kuningan,Nongkrong,1,"gausah pada kesini
pesen makanan udah nunggu 2 jam ngga dibikinin minta take away masih kurang 1 pesenan giliran di komplen di dm instagram malah blokir cafe kampung bukannya evaluasi dikaasih komentar malah blokirr boikot ajaa tutup aja cafe sistem gajelas mnager ga becus karyawan ga profesional asal rekrut karyawan pada di bawah umur masih bocah2 kasus nih cafe jangan kesini rugi waktu rugi duit masih banyak cafe yang lebih worth dari pada cafe ni yang kaga jelass🔥🔥🔥",2026-03-22T20:03:26.422Z,Irma Lestari,117906410642652855521,False,0,id,2026-05-04T16:56:24.759906
Ci9DQUlRQUNvZENodHljRjlvT2pkSlpFUndVbWR3ZDBabFgzVnNWa2xRY2twQmJWRRAB,ChIJiwVdbYo_by4ReFxtWGYmsuw,DT EATERY,Kuningan,Nongkrong,5,"Rekomendasi buat nongkrong, ngerjain tugas kuliah, ngobrolin bisnis serta tempat pra/wedding",2026-03-22T12:30:46.303Z,dana maulana,102984195804499707699,False,0,id,2026-05-04T16:56:24.759915
Ci9DQUlRQUNvZENodHljRjlvT21KMVVUYzVaVE4xT0VGbGVGUlRSbGw1YlVGZlYyYxAB,ChIJiwVdbYo_by4ReFxtWGYmsuw,DT EATERY,Kuningan,Nongkrong,1,lapar hanying dari jam 5 sampe jam 7 kurang makanannya belum datang😘😘😘😘😘😘😘😘😘😘😘😘😘😘😘😘😘😘😘lila lebeb,2026-03-22T11:45:18.405Z,rayyan lutfasyah,101634151588426802925,False,0,id,2026-05-04T16:56:24.759923
Ci9DQUlRQUNvZENodHljRjlvT2tOV01VZFZSMHRyYVdsM1JEQlFjbFk1ZHpSM1VWRRAB,ChIJiwVdbYo_by4ReFxtWGYmsuw,DT EATERY,Kuningan,Nongkrong,1,"Ga recomen, ga sesuai iklan... aslinya berantakan bukan kaya dibali tapi kaya di pelosok prindapan, makanan biasa aja. Perjalanan terlalu jauh macet 3jam",2026-03-22T09:51:33.017Z,Ayuu Noor,100476221634425205573,True,0,id,2026-05-04T16:56:24.759938
Ci9DQUlRQUNvZENodHljRjlvT2toZlpERlhRVEpWTWtSclVuVm1jV2haYW1JNVFuYxAB,ChIJiwVdbYo_by4ReFxtWGYmsuw,DT EATERY,Kuningan,Nongkrong,1,"View boleh, sayang layanan lama satu menu saja 1 jam lebih",2026-03-22T04:07:51.662Z,RAFRIZ,117782159059532771525,False,0,id,2026-05-04T16:56:24.759946
Ci9DQUlRQUNvZENodHljRjlvT21nM1ZuZGhVbWczVDJFeE5WWmZTR1puVGt4RUxXYxAB,ChIJiwVdbYo_by4ReFxtWGYmsuw,DT EATERY,Kuningan,Nongkrong,4,"Makanan overall enak but untuk salad buahnya, menurut sya buahnya kurang fresh but it's oke...
Tempat nyaman, suasananya juga pass, view gooddd🤩🤩",2026-03-21T10:27:04.025Z,lailaalfi syahrin_,112882643289114174000,False,0,id,2026-05-04T16:56:24.759954
Ci9DQUlRQUNvZENodHljRjlvT2tGRlUwRm5kRGxZTmpSbFJHbGZaVzFGUkUxS1VHYxAB,ChIJiwVdbYo_by4ReFxtWGYmsuw,DT EATERY,Kuningan,Nongkrong,1,"Datang kesini dengan keluarga besar kurleb 26an orang untuk makan siang. Pelayanannya lama (kami menghabiskan 1.5 jam menunggu semua pesanan keluar), tidak teratur (makanan dan minuman keluar satu2, itupun ngacak), dan kurang komunikasi antara dapur dengan kasir/CS. Sempat bolak balik untuk crosscheck karena jumlah piring yang ada di meja dengan claim CS ""Sudah keluar semua"" tidak sesuai. Rasa standar dan biasa saja. Tolong perbaiki kualitas pelayanan dan ketelitian semua karyawan supaya kalau customer datang ramean tidak mengecewakan.",2026-03-21T08:56:29.026Z,Sifra Niwan Purba,102345370329298251387,True,0,id,2026-05-04T16:56:24.759963
Ci9DQUlRQUNvZENodHljRjlvT2xWRVp6WmhWbWRJY0RsM1VHYzFiR1JDT0dwdmNXYxAB,ChIJiwVdbYo_by4ReFxtWGYmsuw,DT EATERY,Kuningan,Nongkrong,1,pelayanan atas nama wisnu buruk,2026-03-15T04:54:21.601Z,Anaya Mart,112424746210795462821,False,0,id,2026-05-04T16:56:24.759972
ChZDSUhNMG9nS0VJQ0FnSUQ2b2NmWUtREAE,ChIJXTbGVtQVby4RbTMkiWtl6VU,Onedis Coffee,Kuningan,Nongkrong,5,Cocok dijadikan tempat nongkrong bareng temen-temen dan bisa juga dijadikan tempat date bareng pasangan. Makanan dan minuman yang disajikan untuk sekelas cafe sangat enak. Rasa coffee yang ditawarkan juga cukup enak,2024-04-28T10:47:34.531Z,Abdurrahman Shaleh,112647160145966840998,True,0,id,2026-05-04T16:56:24.759994
ChdDSUhNMG9nS0VJQ0FnSUNscTdlZDVnRRAB,ChIJXTbGVtQVby4RbTMkiWtl6VU,Onedis Coffee,Kuningan,Nongkrong,5,"Tempatnya luas, nyaman. Banyak pilihan tempat duduk.

Ini saya pesan kopi susu gula aren & roti garlic moza. Semuanya enak. Recommended! Apalagi buat nugas.",2023-11-27T11:09:09.084Z,Viska,103496924963803136144,True,1,id,2026-05-04T16:56:24.760041
ChZDSUhNMG9nS0VJQ0FnSURSdXV2V1l3EAE,ChIJXTbGVtQVby4RbTMkiWtl6VU,Onedis Coffee,Kuningan,Nongkrong,2,"23 April 2023, di hari biasa mungkin pelayanannya baik tapi tidak untuk hari ini, butuh 1 jam lebih untuk makanan bisa dihidangkan terlepas dari jumlah pengunjungnya, seharusnya di momen seperti ini sudah harus diantisipasi dari jauh hari. semoga pelayanannya bisa lebih ditingkatkan",2023-04-23T14:51:37.049Z,Dirga Ari,116226624653115152555,True,0,id,2026-05-04T16:56:24.760059
ChZDSUhNMG9nS0VJQ0FnSURSek9laFNREAE,ChIJXTbGVtQVby4RbTMkiWtl6VU,Onedis Coffee,Kuningan,Nongkrong,5,"Kopinya enak.. Makanan nya enak harga standar porsi makanan lumayan banyak..
Aga gerah aja mungkin banyakin ventilasi udara saja supaya lebih sejuk...",2023-04-19T15:09:17.780Z,adriana sadewa,115543189083907952733,True,1,id,2026-05-04T16:56:24.760066
ChdDSUhNMG9nS0VJQ0FnSUNCZ1lERGpnRRAB,ChIJXTbGVtQVby4RbTMkiWtl6VU,Onedis Coffee,Kuningan,Nongkrong,5,"Kopi fav suami disini, lain daripada yg lain cenah..",2022-12-27T09:12:18.077Z,Eria Tri Utami,113652637829735876264,True,3,ms,2026-05-04T16:56:24.760080
ChdDSUhNMG9nS0VJQ0FnSUNCeE51bV9BRRAB,ChIJXTbGVtQVby4RbTMkiWtl6VU,Onedis Coffee,Kuningan,Nongkrong,5,"Ada beberapa menu makanan berat saya memilih ayam bakar dan ayam geprek,sambelnya sambel ijo,enak banget,pedesnya ga begitu tajam ayamnya empuk.",2022-12-17T13:19:32.114Z,Nissa Isma,115188682337861424153,True,1,id,2026-05-04T16:56:24.760088
ChZDSUhNMG9nS0VJQ0FnSUQtM2JPa1BBEAE,ChIJXTbGVtQVby4RbTMkiWtl6VU,Onedis Coffee,Kuningan,Nongkrong,4,"Tempat nyaman, makanan enak... Porsinya kurang banyak wkwk",2022-12-07T10:21:25.383Z,Ayola Violenta,116269914972532962545,True,0,id,2026-05-04T16:56:24.760103
ChdDSUhNMG9nS0VJQ0FnSUQtckpYOTVRRRAB,ChIJXTbGVtQVby4RbTMkiWtl6VU,Onedis Coffee,Kuningan,Nongkrong,1,Pelayanan sangat buruk padahal tempatnya enak waiters nya tidak ramah muka datar,2022-11-23T10:58:38.991Z,Satan Lucy,114211608872363435595,False,0,id,2026-05-04T16:56:24.760117
Ci9DQUlRQUNvZENodHljRjlvT2kxUmRFSmZaM1pKZDA1M1FrZHFWRXc0TlZkR09HYxAB,ChIJIzhDo-QVby4RSuBPlnS6RDM,Eternite Space,Kuningan,Nongkrong,2,"makanan enak semua ga ada yg gagal, tempat oke banget. tapi pelayanan bintang 1 deh gak ramah, tiap kesitu pasti selalu jutek2 padahal cuma nanya doang tapi jawabannya selalu dg kalimat yg tdk mengenakan, ketus dg ekspresi muka yg fake smile. sangat disayangkan banget sih untuk pelayanannya terutama yg perempuan bisa belajar lagi cara publik speaking yg baik",2025-12-31T02:11:29.108Z,Sindy Nur Fadillah,103023649750983983555,False,0,id,2026-05-04T16:56:24.760131
Ci9DQUlRQUNvZENodHljRjlvT205ek9FVjJXall4UzBSRmFqZFZXazVGVDJSZmIxRRAB,ChIJIzhDo-QVby4RSuBPlnS6RDM,Eternite Space,Kuningan,Nongkrong,5,"Aku udah bbrp kali ke Eternite coba burger, variant menu kecombrangnya
Tapi yg Gong-ny *Lo Mie* dg under 50k, ini kayak mie ayam another level... yummy kuahnya dg mushroom slice, bayam, & ayamnya gk nanggung
Km gk butuh saos merah & sambel buat lengkapin enaknya
Variant matchanya jg masuk selera
Rekoment jg kids meal *Chicken nugget macaroni spinach*

Cobain deh
#fotonya pas abis hahaha",2025-12-26T04:59:02.970Z,Rohima Bella Puji Kasih,100834378823782091905,True,0,id,2026-05-04T16:56:24.760145
ChdDSUhNMG9nS0VJQ0FnSUNteHJXdjV3RRAB,ChIJIzhDo-QVby4RSuBPlnS6RDM,Eternite Space,Kuningan,Nongkrong,5,"parkiran luas untuk motor dan mobil, letak strategis pinggir jalan mudah di temukan, 2 lantai include outdoor indoor room, meja kursi banyak tidak sempit dan design room lumayan okay untuk feed instagram, menu bervariatif cake, coffee/non drink, dan lainnya, soal rasa dijamin recommended creme brulee toast, harga normal deh, pelayanan juga okay, yuk cobain mampir..",2025-12-20T12:53:05.941Z,Gilang Lazuardi Hibatullah,102961293722405352710,True,0,id,2026-05-04T16:56:24.760153
Ci9DQUlRQUNvZENodHljRjlvT2xkaVZtNVBjeTFhTkdGbWJHaFljRVl4WlZjM1NsRRAB,ChIJIzhDo-QVby4RSuBPlnS6RDM,Eternite Space,Kuningan,Nongkrong,5,"Udah 2x kesini

Sekali coba pengen kesini lagi
Semua enaakkk..kopi..makanan..dessert

MINUSnys cuma 1...BUKAnya jam 10!!!! Insyaallah kedepan buka pagi 🥲🥲🥲",2025-12-15T04:41:05.597Z,Aisya Tan,112407090303209014975,True,0,id,2026-05-04T16:56:24.760161
Ci9DQUlRQUNvZENodHljRjlvT2xoWmJGUkNPWGQzWkdkRVdEZERkVUoxVVdWdGRrRRAB,ChIJIzhDo-QVby4RSuBPlnS6RDM,Eternite Space,Kuningan,Nongkrong,2,"Pelayanannya kurang ramah huhu, sangat disayangkan",2025-12-12T13:08:50.950Z,Teti Hernawati,117024959597773503928,False,0,id,2026-05-04T16:56:24.760171
Ci9DQUlRQUNvZENodHljRjlvT2pKUGNXOWhjM05qUzNoTlYxZGFjMDFxZVVkd2RVRRAB,ChIJIzhDo-QVby4RSuBPlnS6RDM,Eternite Space,Kuningan,Nongkrong,5,"Kali pertama ke resto ini suasana asyik buat nongki² bersama teman/keluarga, bisa indoor atau outdoor (bagi perokok).. makanan jgn di tanya sangat terjangkau di kantong. Karna ini di pinggir jln utama jadi sangat minim parkir buat R4, sebrangnya pas sama SPBU.",2025-12-09T12:23:25.574Z,Muhamad Sehan,104326982991612617881,True,0,id,2026-05-04T16:56:24.760179
Ci9DQUlRQUNvZENodHljRjlvT2pjeVdIRXRMVUpwZURSTU5YWk1hVGhpUnpGMlJuYxAB,ChIJIzhDo-QVby4RSuBPlnS6RDM,Eternite Space,Kuningan,Nongkrong,5,enaakk banget pelayanan nya +++,2025-11-11T07:18:47.948Z,rere,117934732893830479169,False,0,id,2026-05-04T16:56:24.760187
Ci9DQUlRQUNvZENodHljRjlvT2xGeVMwa3RObEJuU0ZRMFkyUkxlRWRZTkhwMVpVRRAB,ChIJIzhDo-QVby4RSuBPlnS6RDM,Eternite Space,Kuningan,Nongkrong,5,Menunya banyak banget dan suasananya juga nyaman. Buat yg sweet tooth cocok pilih honey comb. Dessertnya the best banget.,2025-10-25T12:02:50.456Z,kartini,109115930830662872471,True,0,id,2026-05-04T16:56:24.760195
Ci9DQUlRQUNvZENodHljRjlvT21sVFdITmhUVEF5ZFc5eU1qYzFiV1pHTWtZNVNIYxAB,ChIJIzhDo-QVby4RSuBPlnS6RDM,Eternite Space,Kuningan,Nongkrong,5,"Untuk yang suka cheesecake wajib kesini~ banyak jenisnya dan ga bosen makan cheesecake rasanya itu-itu aja. Main dishnya juga enak, pilihan makanannya bervariasi.

Waktu itu coba tiramisu dan matcha cheesecake, dan semuanya enak 😭 kalo cuti, wajib kesini ☝

Selain itu, minumannya juga oke. Kemarin coba dirty matcha alias matcha coffee, enak pwol 😔 huhu
Tempat oke bgt buat nongkrong~",2025-10-24T03:48:16.079Z,Widi Fauzia Alifah,113160632832186562901,True,0,id,2026-05-04T16:56:24.760202
Ci9DQUlRQUNvZENodHljRjlvT21aRFNXWmpWRjl5VDJWSVFXOVZaVnBpWVcwMFgzYxAB,ChIJIzhDo-QVby4RSuBPlnS6RDM,Eternite Space,Kuningan,Nongkrong,5,"Keren banget konsep dessert nya & murah sekali, tolong lah naikan sedikit harganya jarang loh cafe kaya kalian yg saya temuin di karawang",2025-10-09T14:19:22.758Z,Handoko kusumoyudo,108992151338603190973,True,0,id,2026-05-04T16:56:24.760210
Ci9DQUlRQUNvZENodHljRjlvT210TlFUSnhUVkJ2V0ZsTlMxUlVNbFp4T1VwTmFHYxAB,ChIJIzhDo-QVby4RSuBPlnS6RDM,Eternite Space,Kuningan,Nongkrong,5,cafenya enakeunn,2025-08-08T10:26:15.413Z,Lugi Ahmad,108008284762963277255,False,0,su,2026-05-04T16:56:24.760238
Ci9DQUlRQUNvZENodHljRjlvT2tkZlVrRlJjR0ZIWjNZek5UaDFZVTlNTlhsWFpHYxAB,ChIJIzhDo-QVby4RSuBPlnS6RDM,Eternite Space,Kuningan,Nongkrong,5,"Eternite Space is a charming and cozy café nestled in Kuningan, known for its welcoming atmosphere and a menu that strikes a balance between comfort food and delightful treats. One of the standout dishes is the Aglio Olio, praised for its perfectly cooked pasta tossed in aromatic garlic and chili oil, topped with a generous spread of savory bacon that elevates the flavor to a whole new level. Guests often commend the dish for being both hearty and satisfying. Another highlight is their macaroni and cheese—a creamy, cheesy classic that's especially popular among children. Its rich, smooth texture and mild seasoning make it a hit for younger guests, while adults appreciate its nostalgic charm. For starters or a light bite, the lightly-fried dumplings are a crowd favorite. Crispy on the outside with a juicy filling inside, they strike a pleasing balance between crunch and flavor.

The gem of Eternite Space is also its ice cream selection. With a wide variety of flavors ranging from traditional vanilla to unique, seasonal creations, the café has earned rave reviews for both quality and creativity. The ice cream is smooth, indulgent, and not overly sweet—perfect for both kids and adults. Customers often highlight how it’s the ideal way to round off a meal or simply enjoy a refreshing treat in the middle of the day.

Whether you're visiting with family, meeting friends, or just looking for a quiet space to unwind, Eternite Space delivers not only in taste but also in ambiance. Its modern aesthetic and thoughtful menu make it a must-visit destination for food lovers in the area. With friendly service and consistently high-quality offerings, it's no surprise that many consider it a gem worth returning to.",2025-06-18T14:22:21.079Z,Tsu Hau Ng,115320017514037144999,False,0,en,2026-05-04T16:56:24.760259
ChdDSUhNMG9nS0VOVzY0OW12MWNPVGh3RRAB,ChIJIzhDo-QVby4RSuBPlnS6RDM,Eternite Space,Kuningan,Nongkrong,4,"Tempatnya nyaman dan luas.
Ada makanan ringan sampai makanan berat.
Pistachio cookies yg chocolate paling dabest, kl yg matcha tuh menurut pribadi gk match dgn pistachio, rasanya tabrakan.
Matcha brown sugar patut dicoba buat matcha lover.
Makanan beratnya cobain crispy chicken bowl yg black pepper, kl yg mentai aku agak eneg sma sausnya cm msh bsa dimakan.
Jgn pilih di lantai 2 kalo gk mau kena asap rokok, mending di lt 1 kl bawa anak kecil.",2025-05-14T08:10:57.402Z,Leni Nurahmi,115528930159756078643,True,0,id,2026-05-04T16:56:24.760274
Ci9DQUlRQUNvZENodHljRjlvT2pkTFpUWXlORlIyVFVZMmNYZFZhMkpxYmpZek5WRRAB,ChIJiwVdbYo_by4ReFxtWGYmsuw,DT EATERY,Kuningan,Nongkrong,1,"mendapatkan pelayanan yang bad di sini, udah jauh jauh tapi pelayannya ga banget apalagi kasir👎",2026-02-15T10:59:58.415Z,Siti Cinta,100632453714153507571,False,0,id,2026-05-04T16:56:24.760295
Ci9DQUlRQUNvZENodHljRjlvT2kxWExUTkJUVzgyVlVGTlRGSjRVMDF4WDA0dFNWRRAB,ChIJiwVdbYo_by4ReFxtWGYmsuw,DT EATERY,Kuningan,Nongkrong,1,Makanan nya biasa suasana biasa jg harganya luar biasa mahal pelayanan lelet lama banget kapok nggak dua kali datang,2026-01-03T08:35:41.059Z,Ham Pura,111698231626946422186,False,0,id,2026-05-04T16:56:24.760351
Ci9DQUlRQUNvZENodHljRjlvT2xCaVgzRkxTMFZSVnpGdlh6Qk1iVEJDTmtWc05XYxAB,ChIJiwVdbYo_by4ReFxtWGYmsuw,DT EATERY,Kuningan,Nongkrong,3,"Saran kami, kalau caffe ini ada tepat di sebuah alam biarkan customer menikmati suasananya, suara alamnya, suara obrolan hangat keluarga, gak usah ada musik-musik gak jelas, kecuali instrumen santai saja.
Beneran ganggu. Dan bagian atas yang deket cerobong asap dapur itu juga sangat ganggu, orang2 pada batuk karena asap dari dapur. Tolong diperhatikan, agar orang mau balik lagi.",2026-01-03T07:12:00.466Z,riza marjani,100533587441144905635,False,0,id,2026-05-04T16:56:24.760367
Ci9DQUlRQUNvZENodHljRjlvT25WYVEyOXRkM2xzZDI5MGNqUnlXa0p3VkRCdU9VRRAB,ChIJiwVdbYo_by4ReFxtWGYmsuw,DT EATERY,Kuningan,Nongkrong,1,"Pleaseee jangan sampe kalian makan disini!!!! LAMA!! Sejam setengah baru makanan datang!!! Udah mah makanan datang nya 1 1 gak langsung sekaligus semuaaa🥵 nasi dulu yang dtg, lauknya lama, nasi sampe dinginn kering kena angin🤬 jd gak nafsu makan, gilaaa, gak masuk akal, makan dsni,jangan sediain menu makan , mending cocok untuk ngopii aja!!",2026-01-01T07:31:34.393Z,Susan Nada Entertainment,111123896588952371387,True,0,id,2026-05-04T16:56:24.760376
Ci9DQUlRQUNvZENodHljRjlvT2xWbU9YUkpVR2wxVkdkSFVWazRRbFZIVjNReVoyYxAB,ChIJiwVdbYo_by4ReFxtWGYmsuw,DT EATERY,Kuningan,Nongkrong,1,"Cukup sekali kesini, bikin kapok, saya pesan makanan banyak, datang nya lama, sejam lebih , baru dtg, ditambah lagi datang nya 1 1 makanannya gak semua langsung datang, keburu nasi basi jd kering kena angin . Jd gak nafsu makan, ku tinggalin makanannya!!! Gmna kalo datang 1 kluarga pesan banyak,, repot seharian makanan baru BS datang mungkin🤬🤬",2026-01-01T07:17:20.728Z,Cantik Ajah,108571987700930794432,False,1,id,2026-05-04T16:56:24.760384
Ci9DQUlRQUNvZENodHljRjlvT2pOeFZqbEJkM2xCUkMxc09XOVJVSGRuUkhFMlozYxAB,ChIJiwVdbYo_by4ReFxtWGYmsuw,DT EATERY,Kuningan,Nongkrong,5,"Lokasi mudah ditemukan di pinggir jalan ada tulisan nama tempat usaha di bagian atas bangunannya, tempat parkir cukup untuk beberapa mobil dan motor, ada indoor ada juga outdoor, tempat usaha bertingkat dan berdekatan dengan waduk darma, ada wastafel, toilet, banyak meja dan kursi, pelayanan ramah, cocok untuk bersantai sendiri, duaan, ataupun nongki banyakan bareng temen-temen, yukk mampirrr kesinii..",2025-12-18T12:05:07.429Z,Gilang Lazuardi Hibatullah,102961293722405352710,True,1,id,2026-05-04T16:56:24.760392
Ci9DQUlRQUNvZENodHljRjlvT214a09VOTVZek5qVmtaMExUVTBhRlZ6YVdkNFVXYxAB,ChIJiwVdbYo_by4ReFxtWGYmsuw,DT EATERY,Kuningan,Nongkrong,1,"Pelayanan nya lama masa saya yang datang pertama yang lain udh di kasih makanan saya belum mana udh nunggu 1 jam,coba kalo ga ngomong makanan nya blm dateng lama ga di kasih sampe berapa jam pun",2025-12-05T04:47:51.483Z,Iis Krisnawati,102723551827394065635,False,0,id,2026-05-04T16:56:24.760408
Ci9DQUlRQUNvZENodHljRjlvT21aNFlVZFJZakJPUTB4a1dsTlNhV1l0Tm1SdFltYxAB,ChIJiwVdbYo_by4ReFxtWGYmsuw,DT EATERY,Kuningan,Nongkrong,3,"overall udah oke dan menu nya enak enak, cuma ada saran sedikit, kalau menu roti bakar saya saranin di potong-potong/dibelah empat. atau seenggaknya kalau gak dipotongin kasih garpu/sendok yang layak pakai, jangan dikasih tusukan plastik yang gampang mleyot, jadi susah motongnya :) sesuaikan alat makan sesuai kebutuhan biar gak nyusahin customer.",2025-11-18T17:45:36.985Z,atar abiq,105991400001716351080,False,0,id,2026-05-04T16:56:24.760423
Ci9DQUlRQUNvZENodHljRjlvT21nd04xcDNObEF5UnpaRWFFNDVSVUowV0V4VlpGRRAB,ChIJiwVdbYo_by4ReFxtWGYmsuw,DT EATERY,Kuningan,Nongkrong,1,"1 jam baru nongol minumannya. 1½ jam baru datang makanannya. Gila. Tak masuk logika.
Udah gitu nasi yang kami dapat masih setengah beras. Kapok kapok",2025-11-09T06:47:24.300Z,Rizqy Harvin Alfan,101880306357432359492,True,0,id,2026-05-04T16:56:24.760432
ChdDSUhNMG9nS0VJQ0FnSURlMmN2d3d3RRAB,ChIJXTbGVtQVby4RbTMkiWtl6VU,Onedis Coffee,Kuningan,Nongkrong,5,"Tempatnya luas & bersih, nyaman untuk dijadikan tempat kumpul brg temen. Menu makanan & minumannya cukup variatif. Rasa & porsinya cukup membahagiakan. Wajib dikunjungi 👍🏻👍🏻",2022-10-14T10:03:55.190Z,toni bachri,116036370961915949173,True,4,id,2026-05-04T16:56:24.760473
ChdDSUhNMG9nS0VJQ0FnSUNlbXJ6MXR3RRAB,ChIJXTbGVtQVby4RbTMkiWtl6VU,Onedis Coffee,Kuningan,Nongkrong,5,Rekomen banget ni tempat buat nongki nongki bersama cees kentel😍,2022-09-11T16:28:05.295Z,Riki Indra,102994120105788180141,True,0,id,2026-05-04T16:56:24.760494
ChZDSUhNMG9nS0VJQ0FnSUR1amF2RmV3EAE,ChIJXTbGVtQVby4RbTMkiWtl6VU,Onedis Coffee,Kuningan,Nongkrong,5,"Kafe 2 lantai ini ternyata cukup mengesankan dalamnya.. dari luar tampat ga meyakinkan, pun tempatnya agak menjorok ke dalam jd kalau ga bener2 merhatiin cuma tau kalau itu tempat tahu kopeci doang.
Minumannya lumayan bervariasi, makanan rasanya standar dan sayang porsinya kecil (kmrn pesen spageti aglio olio).
Pas di kasir baru tau ada bakso juga yang jualan tepat di depan kafe.
Besok2 mau nyobain bakso sama tahu kopecinya ah.",2022-08-26T14:37:28.800Z,Jeli•motret,106680405300028548482,True,0,id,2026-05-04T16:56:24.760517
ChdDSUhNMG9nS0VLNzM0NlhHa2N6UnVnRRAB,ChIJIzhDo-QVby4RSuBPlnS6RDM,Eternite Space,Kuningan,Nongkrong,5,Tempat bagus rapi terbaik pokoknya,2025-05-09T06:00:19.279Z,Ryan Acosta,105332953517336148958,False,0,id,2026-05-04T16:56:24.760525
ChdDSUhNMG9nS0VJQ0FnTUNvM3I3MmpnRRAB,ChIJIzhDo-QVby4RSuBPlnS6RDM,Eternite Space,Kuningan,Nongkrong,5,"美味しくてたまらない。
Cozy & tasty.",2025-04-17T08:14:27.821Z,Dendi FR,116671541295418957341,True,0,ja,2026-05-04T16:56:24.760540
ChZDSUhNMG9nS0VJQ0FnTUNJOTdLT1pBEAE,ChIJIzhDo-QVby4RSuBPlnS6RDM,Eternite Space,Kuningan,Nongkrong,5,Cozy place for spending your time...,2025-04-05T11:43:38.958Z,Rakhmie Aulia,118238085050388238865,True,1,en,2026-05-04T16:56:24.760548
ChZDSUhNMG9nS0VJQ0FnTUNJNDVPOGN3EAE,ChIJIzhDo-QVby4RSuBPlnS6RDM,Eternite Space,Kuningan,Nongkrong,5,"Kesekian kalinya kesini,,, nyaman dan makanan endul",2025-04-04T11:17:17.069Z,Imas Mismaya,103843798967433784974,True,0,id,2026-05-04T16:56:24.760563
ChdDSUhNMG9nS0VJQ0FnTUNJeGFuNmp3RRAB,ChIJIzhDo-QVby4RSuBPlnS6RDM,Eternite Space,Kuningan,Nongkrong,5,"Apasih ini tempat BAGUS BANGET!

Menu variatif, harga murah, dan tempat nyaman. Lokasi sebrang SPBU di pinggir jalan, tapi ga bising ko.
Semua menu yg aku pesen rasanya enak.
Rekomen banget buat kalian coba",2025-04-03T12:36:11.652Z,Aliffa Anindita,114118650245370883157,True,0,id,2026-05-04T16:56:24.760572
ChdDSUhNMG9nS0VJQ0FnTUNJX012Q3h3RRAB,ChIJIzhDo-QVby4RSuBPlnS6RDM,Eternite Space,Kuningan,Nongkrong,5,Bukber... Gak dapet tempat jadi di luar..kegerimisan.. tapi makanan mantap enak.. minta pindah boleh,2025-03-31T10:01:42.697Z,Nanaz Ratna,106554574659444046583,True,0,id,2026-05-04T16:56:24.760580
ChdDSUhNMG9nS0VJQ0FnTUN3bDZfbXh3RRAB,ChIJIzhDo-QVby4RSuBPlnS6RDM,Eternite Space,Kuningan,Nongkrong,5,tempat nongki andalan buat malam hari di kuningan.. they got the best pastry n pasta in town mnurut gw.. dan klo ngga salah mreka slalu ngedevelop menu seasonal gitu n they got gelato too.. tmptnya cozy.. ada 2 lantai sma area semi outdoornya dibelakang.. untuk hrga masih affordable n tntunya worth it.. recommended pokoknya.. cobain aja.. gbakal gagal 🤘🏻,2025-03-21T20:14:49.730Z,Frank Rapar,117121960008506523673,True,0,id,2026-05-04T16:56:24.760588
ChZDSUhNMG9nS0VJQ0FnTURBelpET0ZnEAE,ChIJIzhDo-QVby4RSuBPlnS6RDM,Eternite Space,Kuningan,Nongkrong,5,"Banyak pilihan desert dan minuman, pas untuk santai, meeting, keluarga, atau hang out, harga terjangkau blue berry cheese cake nya juara. Tersedia indoor dan outdoor",2025-02-11T01:18:00.737Z,dessy shinta,103930924573564405202,True,0,id,2026-05-04T16:56:24.760600
Ci9DQUlRQUNvZENodHljRjlvT2psMU1tSndUVEZMYjFkV2FIVkdPRU5zTUZaTFdYYxAB,ChIJiwVdbYo_by4ReFxtWGYmsuw,DT EATERY,Kuningan,Nongkrong,5,Tempatnya bersih nyaman🥰,2025-10-29T02:55:10.585Z,Uun Syalindri,109060285389178110336,False,0,id,2026-05-04T16:56:24.760630
ChdDSUhNMG9nS0VJQ0FnSUNmanJmbzd3RRAB,ChIJiwVdbYo_by4ReFxtWGYmsuw,DT EATERY,Kuningan,Nongkrong,5,"Apa Sih yg di cari kalo bukan indahnya pemandangan Alam...
Dan yg paling penting adalah kita coba Racikan Kopi nya....",2025-10-28T09:28:54.572Z,Abdul By,110148076021238680074,True,0,id,2026-05-04T16:56:24.760642
Ci9DQUlRQUNvZENodHljRjlvT204M1pXTXpVMnhUVVVaUVVGaHBOalJwTkRrNFMzYxAB,ChIJiwVdbYo_by4ReFxtWGYmsuw,DT EATERY,Kuningan,Nongkrong,5,"Tadi siang saya kesitu sama istri & anak..tempatnya indah bgt
Pelayanan juga ramah sekali..makananya juga enak enak.",2025-10-20T14:31:39.431Z,Mahbub Alfaqih,115190300455476094949,False,0,id,2026-05-04T16:56:24.760650
Ci9DQUlRQUNvZENodHljRjlvT2xoMVIyaHBSR2cxYUZsb2EweElXSEp1ZUdvdGRWRRAB,ChIJiwVdbYo_by4ReFxtWGYmsuw,DT EATERY,Kuningan,Nongkrong,5,"ramah bgt pokoknya, pas mau pulang jga masih sempet mereka bilang ""makasih th""👍🏻",2025-10-12T00:27:12.495Z,desihikmawati15,114824839199277989902,False,0,id,2026-05-04T16:56:24.760672
Ci9DQUlRQUNvZENodHljRjlvT21WWWRFUm1Sa0UzY0hGclQyZGZSWGRMWDBFeWVGRRAB,ChIJiwVdbYo_by4ReFxtWGYmsuw,DT EATERY,Kuningan,Nongkrong,5,Tempat nyaman makanan jg enak.,2025-10-02T12:21:08.950Z,akmadi alisa,100035259751491915951,True,0,id,2026-05-04T16:56:24.760681
Ci9DQUlRQUNvZENodHljRjlvT2xvNVNUTTBhVEZWYm1wV1dqQmpiMnhpUjBkR1pVRRAB,ChIJiwVdbYo_by4ReFxtWGYmsuw,DT EATERY,Kuningan,Nongkrong,2,"Nunggu makanan sampe 2jam, alasan kasir tidak ngasih order ke dapur.. Ini kurang koordinasi apa gimana? Mesti jauh di tingkatkan lagi.
Pelayanannya kacau..",2025-09-06T11:40:22.923Z,Yogi Prayogi,103011990824318903484,False,0,id,2026-05-04T16:56:24.760703
Ci9DQUlRQUNvZENodHljRjlvT2paeE5uUlFhbTlPWld0cFYycFBOREV4VlVkTGRFRRAB,ChIJiwVdbYo_by4ReFxtWGYmsuw,DT EATERY,Kuningan,Nongkrong,4,"Pas kesitu blm hjn jdi enak foto2 nya.pas makan hujan jdi pas bngt.tmpt yg sngt luas,ada diatas ada dibwh.outdoor yg bkin sejuk mata dgn pmandangan waduk darma.",2025-09-02T15:14:00.113Z,ani Suciani,110549531621603032776,True,0,id,2026-05-04T16:56:24.760711
